══════════════════════════════════════════════════════════════════════════
  반복 정밀도 측정 — scenarios/normal-day.js
  반복 3회 · VU 기본 · 기본 · 데이터셋 medium
  환경 perf · 리셋 restart · 스크레이프 대기 20s
══════════════════════════════════════════════════════════════════════════

──────── [1/3] 리셋 (restart) ────────

▶ k6 run scenarios/normal-day.js
  브랜치 personal/localdocs · 커밋 3e96d9463207 · 실행자 user@DESKTOP-DJJPASG
  환경 perf · "clock-pinned control set (E-49) — repeatability 1/3"
  데이터셋 medium · 상태 sha256:ffe696d17416 (226ms)
  캐시 cold (키 0개)
  guard strict — 상태 불일치 시 스냅샷 복원 후 재확인 [perf.config.json]
  ✅ 스냅샷 medium-20260816-062210 와 상태 일치

  부하 발생기: 컨테이너 perf-k6 (grafana/k6:2.1.0, CPU 상한 4)
  k6 지표 전송: http://prometheus:9090/api/v1/write (native histogram, 5s 간격)
  환경 대조 벤치 실행 중(3축 3회, 약 40초)... single 5222ms · parallel 5213ms · ctxswitch 2184ms
  부하 중 벤치 예약: k6 시작 +60초 (warmup 구간, 3회)

         /\      Grafana   /‾‾/  
    /\  /  \     |\  __   /  /   
   /  \/    \    | |/ /  /   ‾‾\ 
  /          \   |   (  |  (‾)  |
 / __________ \  |_|\_\  \_____/ 


     execution: local
        script: scenarios/normal-day.js
        output: Prometheus remote write (http://prometheus:9090/api/v1/write)

     scenarios: (100.00%) 1 scenario, 200 max VUs, 10m30s max duration (incl. graceful stop):
              * normal_day: Up to 200 looping VUs for 10m0s over 3 stages (gracefulRampDown: 30s, gracefulStop: 30s)


running (00m00.8s), 000/200 VUs, 0 complete and 0 interrupted iterations
normal_day   [   0% ] 000/200 VUs  00m00.8s/10m00.0s

running (00m01.8s), 001/200 VUs, 0 complete and 0 interrupted iterations
normal_day   [   0% ] 001/200 VUs  00m01.8s/10m00.0s

running (00m02.8s), 003/200 VUs, 0 complete and 0 interrupted iterations
normal_day   [   0% ] 003/200 VUs  00m02.8s/10m00.0s

running (00m03.8s), 004/200 VUs, 0 complete and 0 interrupted iterations
normal_day   [   1% ] 004/200 VUs  00m03.8s/10m00.0s

running (00m04.8s), 005/200 VUs, 0 complete and 0 interrupted iterations
normal_day   [   1% ] 005/200 VUs  00m04.8s/10m00.0s

running (00m05.8s), 006/200 VUs, 1 complete and 0 interrupted iterations
normal_day   [   1% ] 006/200 VUs  00m05.8s/10m00.0s

running (00m06.8s), 007/200 VUs, 1 complete and 0 interrupted iterations
normal_day   [   1% ] 007/200 VUs  00m06.8s/10m00.0s

running (00m07.8s), 008/200 VUs, 1 complete and 0 interrupted iterations
normal_day   [   1% ] 008/200 VUs  00m07.8s/10m00.0s

running (00m08.8s), 009/200 VUs, 1 complete and 0 interrupted iterations
normal_day   [   1% ] 009/200 VUs  00m08.8s/10m00.0s

running (00m09.8s), 010/200 VUs, 2 complete and 0 interrupted iterations
normal_day   [   2% ] 010/200 VUs  00m09.8s/10m00.0s

running (00m10.8s), 011/200 VUs, 3 complete and 0 interrupted iterations
normal_day   [   2% ] 011/200 VUs  00m10.8s/10m00.0s

running (00m11.8s), 013/200 VUs, 4 complete and 0 interrupted iterations
normal_day   [   2% ] 013/200 VUs  00m11.8s/10m00.0s

running (00m12.8s), 014/200 VUs, 7 complete and 0 interrupted iterations
normal_day   [   2% ] 014/200 VUs  00m12.8s/10m00.0s

running (00m13.8s), 015/200 VUs, 9 complete and 0 interrupted iterations
normal_day   [   2% ] 015/200 VUs  00m13.8s/10m00.0s

running (00m14.8s), 016/200 VUs, 10 complete and 0 interrupted iterations
normal_day   [   2% ] 016/200 VUs  00m14.8s/10m00.0s

running (00m15.8s), 017/200 VUs, 10 complete and 0 interrupted iterations
normal_day   [   3% ] 017/200 VUs  00m15.8s/10m00.0s

running (00m16.8s), 018/200 VUs, 11 complete and 0 interrupted iterations
normal_day   [   3% ] 018/200 VUs  00m16.8s/10m00.0s

running (00m17.8s), 019/200 VUs, 14 complete and 0 interrupted iterations
normal_day   [   3% ] 019/200 VUs  00m17.8s/10m00.0s

running (00m18.8s), 020/200 VUs, 15 complete and 0 interrupted iterations
normal_day   [   3% ] 020/200 VUs  00m18.8s/10m00.0s

running (00m19.8s), 021/200 VUs, 19 complete and 0 interrupted iterations
normal_day   [   3% ] 021/200 VUs  00m19.8s/10m00.0s

running (00m20.8s), 023/200 VUs, 23 complete and 0 interrupted iterations
normal_day   [   3% ] 023/200 VUs  00m20.8s/10m00.0s

running (00m21.8s), 024/200 VUs, 23 complete and 0 interrupted iterations
normal_day   [   4% ] 024/200 VUs  00m21.8s/10m00.0s

running (00m22.8s), 025/200 VUs, 27 complete and 0 interrupted iterations
normal_day   [   4% ] 025/200 VUs  00m22.8s/10m00.0s

running (00m23.8s), 026/200 VUs, 29 complete and 0 interrupted iterations
normal_day   [   4% ] 026/200 VUs  00m23.8s/10m00.0s

running (00m24.8s), 027/200 VUs, 32 complete and 0 interrupted iterations
normal_day   [   4% ] 027/200 VUs  00m24.8s/10m00.0s

running (00m25.8s), 028/200 VUs, 36 complete and 0 interrupted iterations
normal_day   [   4% ] 028/200 VUs  00m25.8s/10m00.0s

running (00m26.8s), 029/200 VUs, 39 complete and 0 interrupted iterations
normal_day   [   4% ] 029/200 VUs  00m26.8s/10m00.0s

running (00m27.8s), 030/200 VUs, 39 complete and 0 interrupted iterations
normal_day   [   5% ] 030/200 VUs  00m27.8s/10m00.0s

running (00m28.8s), 031/200 VUs, 42 complete and 0 interrupted iterations
normal_day   [   5% ] 031/200 VUs  00m28.8s/10m00.0s

running (00m29.8s), 033/200 VUs, 43 complete and 0 interrupted iterations
normal_day   [   5% ] 033/200 VUs  00m29.8s/10m00.0s

running (00m30.8s), 034/200 VUs, 47 complete and 0 interrupted iterations
normal_day   [   5% ] 034/200 VUs  00m30.8s/10m00.0s

running (00m31.8s), 035/200 VUs, 48 complete and 0 interrupted iterations
normal_day   [   5% ] 035/200 VUs  00m31.8s/10m00.0s

running (00m32.8s), 036/200 VUs, 51 complete and 0 interrupted iterations
normal_day   [   5% ] 036/200 VUs  00m32.8s/10m00.0s

running (00m33.8s), 037/200 VUs, 52 complete and 0 interrupted iterations
normal_day   [   6% ] 037/200 VUs  00m33.8s/10m00.0s

running (00m34.8s), 038/200 VUs, 56 complete and 0 interrupted iterations
normal_day   [   6% ] 038/200 VUs  00m34.8s/10m00.0s

running (00m35.8s), 039/200 VUs, 59 complete and 0 interrupted iterations
normal_day   [   6% ] 039/200 VUs  00m35.8s/10m00.0s

running (00m36.8s), 040/200 VUs, 63 complete and 0 interrupted iterations
normal_day   [   6% ] 040/200 VUs  00m36.8s/10m00.0s

running (00m37.8s), 041/200 VUs, 67 complete and 0 interrupted iterations
normal_day   [   6% ] 041/200 VUs  00m37.8s/10m00.0s

running (00m38.8s), 043/200 VUs, 71 complete and 0 interrupted iterations
normal_day   [   6% ] 043/200 VUs  00m38.8s/10m00.0s

running (00m39.8s), 044/200 VUs, 75 complete and 0 interrupted iterations
normal_day   [   7% ] 044/200 VUs  00m39.8s/10m00.0s

running (00m40.8s), 045/200 VUs, 78 complete and 0 interrupted iterations
normal_day   [   7% ] 045/200 VUs  00m40.8s/10m00.0s

running (00m41.8s), 046/200 VUs, 79 complete and 0 interrupted iterations
normal_day   [   7% ] 046/200 VUs  00m41.8s/10m00.0s

running (00m42.8s), 047/200 VUs, 82 complete and 0 interrupted iterations
normal_day   [   7% ] 047/200 VUs  00m42.8s/10m00.0s

running (00m43.8s), 048/200 VUs, 82 complete and 0 interrupted iterations
normal_day   [   7% ] 048/200 VUs  00m43.8s/10m00.0s

running (00m44.8s), 049/200 VUs, 83 complete and 0 interrupted iterations
normal_day   [   7% ] 049/200 VUs  00m44.8s/10m00.0s

running (00m45.8s), 050/200 VUs, 85 complete and 0 interrupted iterations
normal_day   [   8% ] 050/200 VUs  00m45.8s/10m00.0s

running (00m46.8s), 051/200 VUs, 89 complete and 0 interrupted iterations
normal_day   [   8% ] 051/200 VUs  00m46.8s/10m00.0s

running (00m47.8s), 053/200 VUs, 90 complete and 0 interrupted iterations
normal_day   [   8% ] 053/200 VUs  00m47.8s/10m00.0s

running (00m48.8s), 054/200 VUs, 91 complete and 0 interrupted iterations
normal_day   [   8% ] 054/200 VUs  00m48.8s/10m00.0s

running (00m49.8s), 055/200 VUs, 95 complete and 0 interrupted iterations
normal_day   [   8% ] 055/200 VUs  00m49.8s/10m00.0s

running (00m50.8s), 056/200 VUs, 97 complete and 0 interrupted iterations
normal_day   [   8% ] 056/200 VUs  00m50.8s/10m00.0s

running (00m51.8s), 057/200 VUs, 98 complete and 0 interrupted iterations
normal_day   [   9% ] 057/200 VUs  00m51.8s/10m00.0s

running (00m52.8s), 058/200 VUs, 98 complete and 0 interrupted iterations
normal_day   [   9% ] 058/200 VUs  00m52.8s/10m00.0s

running (00m53.8s), 059/200 VUs, 100 complete and 0 interrupted iterations
normal_day   [   9% ] 059/200 VUs  00m53.8s/10m00.0s

running (00m54.8s), 060/200 VUs, 108 complete and 0 interrupted iterations
normal_day   [   9% ] 060/200 VUs  00m54.8s/10m00.0s

running (00m55.8s), 061/200 VUs, 116 complete and 0 interrupted iterations
normal_day   [   9% ] 061/200 VUs  00m55.8s/10m00.0s

running (00m56.8s), 063/200 VUs, 121 complete and 0 interrupted iterations
normal_day   [   9% ] 063/200 VUs  00m56.8s/10m00.0s

running (00m57.8s), 064/200 VUs, 129 complete and 0 interrupted iterations
normal_day   [  10% ] 064/200 VUs  00m57.8s/10m00.0s

running (00m58.8s), 065/200 VUs, 134 complete and 0 interrupted iterations
normal_day   [  10% ] 065/200 VUs  00m58.8s/10m00.0s

running (00m59.8s), 066/200 VUs, 137 complete and 0 interrupted iterations
normal_day   [  10% ] 066/200 VUs  00m59.8s/10m00.0s

running (01m00.8s), 067/200 VUs, 142 complete and 0 interrupted iterations
normal_day   [  10% ] 067/200 VUs  01m00.8s/10m00.0s

running (01m01.8s), 068/200 VUs, 150 complete and 0 interrupted iterations
normal_day   [  10% ] 068/200 VUs  01m01.8s/10m00.0s

running (01m02.8s), 069/200 VUs, 160 complete and 0 interrupted iterations
normal_day   [  10% ] 069/200 VUs  01m02.8s/10m00.0s

running (01m03.8s), 070/200 VUs, 165 complete and 0 interrupted iterations
normal_day   [  11% ] 070/200 VUs  01m03.8s/10m00.0s

running (01m04.8s), 071/200 VUs, 170 complete and 0 interrupted iterations
normal_day   [  11% ] 071/200 VUs  01m04.8s/10m00.0s

running (01m05.8s), 073/200 VUs, 178 complete and 0 interrupted iterations
normal_day   [  11% ] 073/200 VUs  01m05.8s/10m00.0s

running (01m06.8s), 074/200 VUs, 181 complete and 0 interrupted iterations
normal_day   [  11% ] 074/200 VUs  01m06.8s/10m00.0s

running (01m07.8s), 075/200 VUs, 189 complete and 0 interrupted iterations
normal_day   [  11% ] 075/200 VUs  01m07.8s/10m00.0s

running (01m08.8s), 076/200 VUs, 194 complete and 0 interrupted iterations
normal_day   [  11% ] 076/200 VUs  01m08.8s/10m00.0s

running (01m09.8s), 077/200 VUs, 201 complete and 0 interrupted iterations
normal_day   [  12% ] 077/200 VUs  01m09.8s/10m00.0s

running (01m10.8s), 078/200 VUs, 205 complete and 0 interrupted iterations
normal_day   [  12% ] 078/200 VUs  01m10.8s/10m00.0s

running (01m11.8s), 079/200 VUs, 209 complete and 0 interrupted iterations
normal_day   [  12% ] 079/200 VUs  01m11.8s/10m00.0s

running (01m12.8s), 080/200 VUs, 220 complete and 0 interrupted iterations
normal_day   [  12% ] 080/200 VUs  01m12.8s/10m00.0s

running (01m13.8s), 081/200 VUs, 227 complete and 0 interrupted iterations
normal_day   [  12% ] 081/200 VUs  01m13.8s/10m00.0s

running (01m14.8s), 083/200 VUs, 231 complete and 0 interrupted iterations
normal_day   [  12% ] 083/200 VUs  01m14.8s/10m00.0s

running (01m15.8s), 084/200 VUs, 241 complete and 0 interrupted iterations
normal_day   [  13% ] 084/200 VUs  01m15.8s/10m00.0s

running (01m16.8s), 085/200 VUs, 245 complete and 0 interrupted iterations
normal_day   [  13% ] 085/200 VUs  01m16.8s/10m00.0s

running (01m17.8s), 086/200 VUs, 251 complete and 0 interrupted iterations
normal_day   [  13% ] 086/200 VUs  01m17.8s/10m00.0s

running (01m18.8s), 087/200 VUs, 256 complete and 0 interrupted iterations
normal_day   [  13% ] 087/200 VUs  01m18.8s/10m00.0s

running (01m19.8s), 088/200 VUs, 264 complete and 0 interrupted iterations
normal_day   [  13% ] 088/200 VUs  01m19.8s/10m00.0s

running (01m20.8s), 089/200 VUs, 272 complete and 0 interrupted iterations
normal_day   [  13% ] 089/200 VUs  01m20.8s/10m00.0s

running (01m21.8s), 090/200 VUs, 279 complete and 0 interrupted iterations
normal_day   [  14% ] 090/200 VUs  01m21.8s/10m00.0s

running (01m22.8s), 091/200 VUs, 287 complete and 0 interrupted iterations
normal_day   [  14% ] 091/200 VUs  01m22.8s/10m00.0s

running (01m23.8s), 093/200 VUs, 293 complete and 0 interrupted iterations
normal_day   [  14% ] 093/200 VUs  01m23.8s/10m00.0s

running (01m24.8s), 094/200 VUs, 303 complete and 0 interrupted iterations
normal_day   [  14% ] 094/200 VUs  01m24.8s/10m00.0s

running (01m25.8s), 095/200 VUs, 312 complete and 0 interrupted iterations
normal_day   [  14% ] 095/200 VUs  01m25.8s/10m00.0s

running (01m26.8s), 096/200 VUs, 322 complete and 0 interrupted iterations
normal_day   [  14% ] 096/200 VUs  01m26.8s/10m00.0s

running (01m27.8s), 097/200 VUs, 327 complete and 0 interrupted iterations
normal_day   [  15% ] 097/200 VUs  01m27.8s/10m00.0s

running (01m28.8s), 098/200 VUs, 337 complete and 0 interrupted iterations
normal_day   [  15% ] 098/200 VUs  01m28.8s/10m00.0s

running (01m29.8s), 099/200 VUs, 344 complete and 0 interrupted iterations
normal_day   [  15% ] 099/200 VUs  01m29.8s/10m00.0s

running (01m30.8s), 100/200 VUs, 354 complete and 0 interrupted iterations
normal_day   [  15% ] 100/200 VUs  01m30.8s/10m00.0s

running (01m31.8s), 101/200 VUs, 362 complete and 0 interrupted iterations
normal_day   [  15% ] 101/200 VUs  01m31.8s/10m00.0s

running (01m32.8s), 103/200 VUs, 364 complete and 0 interrupted iterations
normal_day   [  15% ] 103/200 VUs  01m32.8s/10m00.0s

running (01m33.8s), 104/200 VUs, 367 complete and 0 interrupted iterations
normal_day   [  16% ] 104/200 VUs  01m33.8s/10m00.0s

running (01m34.8s), 105/200 VUs, 371 complete and 0 interrupted iterations
normal_day   [  16% ] 105/200 VUs  01m34.8s/10m00.0s

running (01m35.8s), 106/200 VUs, 378 complete and 0 interrupted iterations
normal_day   [  16% ] 106/200 VUs  01m35.8s/10m00.0s

running (01m36.8s), 107/200 VUs, 382 complete and 0 interrupted iterations
normal_day   [  16% ] 107/200 VUs  01m36.8s/10m00.0s

running (01m37.8s), 108/200 VUs, 387 complete and 0 interrupted iterations
normal_day   [  16% ] 108/200 VUs  01m37.8s/10m00.0s

running (01m38.8s), 109/200 VUs, 390 complete and 0 interrupted iterations
normal_day   [  16% ] 109/200 VUs  01m38.8s/10m00.0s

running (01m39.8s), 110/200 VUs, 394 complete and 0 interrupted iterations
normal_day   [  17% ] 110/200 VUs  01m39.8s/10m00.0s

running (01m40.8s), 111/200 VUs, 404 complete and 0 interrupted iterations
normal_day   [  17% ] 111/200 VUs  01m40.8s/10m00.0s

running (01m41.8s), 113/200 VUs, 408 complete and 0 interrupted iterations
normal_day   [  17% ] 113/200 VUs  01m41.8s/10m00.0s

running (01m42.8s), 114/200 VUs, 415 complete and 0 interrupted iterations
normal_day   [  17% ] 114/200 VUs  01m42.8s/10m00.0s

running (01m43.8s), 115/200 VUs, 419 complete and 0 interrupted iterations
normal_day   [  17% ] 115/200 VUs  01m43.8s/10m00.0s

running (01m44.8s), 116/200 VUs, 423 complete and 0 interrupted iterations
normal_day   [  17% ] 116/200 VUs  01m44.8s/10m00.0s

running (01m45.8s), 117/200 VUs, 425 complete and 0 interrupted iterations
normal_day   [  18% ] 117/200 VUs  01m45.8s/10m00.0s

running (01m46.8s), 118/200 VUs, 430 complete and 0 interrupted iterations
normal_day   [  18% ] 118/200 VUs  01m46.8s/10m00.0s

running (01m47.8s), 119/200 VUs, 434 complete and 0 interrupted iterations
normal_day   [  18% ] 119/200 VUs  01m47.8s/10m00.0s

running (01m48.8s), 120/200 VUs, 441 complete and 0 interrupted iterations
normal_day   [  18% ] 120/200 VUs  01m48.8s/10m00.0s

running (01m49.8s), 121/200 VUs, 447 complete and 0 interrupted iterations
normal_day   [  18% ] 121/200 VUs  01m49.8s/10m00.0s

running (01m50.8s), 123/200 VUs, 452 complete and 0 interrupted iterations
normal_day   [  18% ] 123/200 VUs  01m50.8s/10m00.0s

running (01m51.8s), 124/200 VUs, 456 complete and 0 interrupted iterations
normal_day   [  19% ] 124/200 VUs  01m51.8s/10m00.0s

running (01m52.8s), 125/200 VUs, 457 complete and 0 interrupted iterations
normal_day   [  19% ] 125/200 VUs  01m52.8s/10m00.0s

running (01m53.8s), 126/200 VUs, 462 complete and 0 interrupted iterations
normal_day   [  19% ] 126/200 VUs  01m53.8s/10m00.0s

running (01m54.8s), 127/200 VUs, 467 complete and 0 interrupted iterations
normal_day   [  19% ] 127/200 VUs  01m54.8s/10m00.0s

running (01m55.8s), 128/200 VUs, 472 complete and 0 interrupted iterations
normal_day   [  19% ] 128/200 VUs  01m55.8s/10m00.0s

running (01m56.8s), 129/200 VUs, 479 complete and 0 interrupted iterations
normal_day   [  19% ] 129/200 VUs  01m56.8s/10m00.0s

running (01m57.8s), 130/200 VUs, 479 complete and 0 interrupted iterations
normal_day   [  20% ] 130/200 VUs  01m57.8s/10m00.0s

running (01m58.8s), 131/200 VUs, 480 complete and 0 interrupted iterations
normal_day   [  20% ] 131/200 VUs  01m58.8s/10m00.0s

running (01m59.8s), 133/200 VUs, 483 complete and 0 interrupted iterations
normal_day   [  20% ] 133/200 VUs  01m59.8s/10m00.0s

running (02m00.8s), 134/200 VUs, 488 complete and 0 interrupted iterations
normal_day   [  20% ] 134/200 VUs  02m00.8s/10m00.0s

running (02m01.8s), 135/200 VUs, 496 complete and 0 interrupted iterations
normal_day   [  20% ] 135/200 VUs  02m01.8s/10m00.0s

running (02m02.8s), 136/200 VUs, 503 complete and 0 interrupted iterations
normal_day   [  20% ] 136/200 VUs  02m02.8s/10m00.0s

running (02m03.8s), 137/200 VUs, 517 complete and 0 interrupted iterations
normal_day   [  21% ] 137/200 VUs  02m03.8s/10m00.0s

running (02m04.8s), 138/200 VUs, 523 complete and 0 interrupted iterations
normal_day   [  21% ] 138/200 VUs  02m04.8s/10m00.0s

running (02m05.8s), 139/200 VUs, 533 complete and 0 interrupted iterations
normal_day   [  21% ] 139/200 VUs  02m05.8s/10m00.0s

running (02m06.8s), 140/200 VUs, 541 complete and 0 interrupted iterations
normal_day   [  21% ] 140/200 VUs  02m06.8s/10m00.0s

running (02m07.8s), 141/200 VUs, 549 complete and 0 interrupted iterations
normal_day   [  21% ] 141/200 VUs  02m07.8s/10m00.0s

running (02m08.8s), 143/200 VUs, 556 complete and 0 interrupted iterations
normal_day   [  21% ] 143/200 VUs  02m08.8s/10m00.0s

running (02m09.8s), 144/200 VUs, 561 complete and 0 interrupted iterations
normal_day   [  22% ] 144/200 VUs  02m09.8s/10m00.0s

running (02m10.8s), 145/200 VUs, 570 complete and 0 interrupted iterations
normal_day   [  22% ] 145/200 VUs  02m10.8s/10m00.0s

running (02m11.8s), 146/200 VUs, 578 complete and 0 interrupted iterations
normal_day   [  22% ] 146/200 VUs  02m11.8s/10m00.0s

running (02m12.8s), 147/200 VUs, 587 complete and 0 interrupted iterations
normal_day   [  22% ] 147/200 VUs  02m12.8s/10m00.0s

running (02m13.8s), 148/200 VUs, 589 complete and 0 interrupted iterations
normal_day   [  22% ] 148/200 VUs  02m13.8s/10m00.0s

running (02m14.8s), 149/200 VUs, 590 complete and 0 interrupted iterations
normal_day   [  22% ] 149/200 VUs  02m14.8s/10m00.0s

running (02m15.8s), 150/200 VUs, 590 complete and 0 interrupted iterations
normal_day   [  23% ] 150/200 VUs  02m15.8s/10m00.0s

running (02m16.8s), 151/200 VUs, 594 complete and 0 interrupted iterations
normal_day   [  23% ] 151/200 VUs  02m16.8s/10m00.0s

running (02m17.8s), 153/200 VUs, 594 complete and 0 interrupted iterations
normal_day   [  23% ] 153/200 VUs  02m17.8s/10m00.0s

running (02m18.8s), 154/200 VUs, 596 complete and 0 interrupted iterations
normal_day   [  23% ] 154/200 VUs  02m18.8s/10m00.0s

running (02m19.8s), 155/200 VUs, 597 complete and 0 interrupted iterations
normal_day   [  23% ] 155/200 VUs  02m19.8s/10m00.0s

running (02m20.8s), 156/200 VUs, 600 complete and 0 interrupted iterations
normal_day   [  23% ] 156/200 VUs  02m20.8s/10m00.0s

running (02m21.8s), 157/200 VUs, 603 complete and 0 interrupted iterations
normal_day   [  24% ] 157/200 VUs  02m21.8s/10m00.0s

running (02m22.8s), 158/200 VUs, 610 complete and 0 interrupted iterations
normal_day   [  24% ] 158/200 VUs  02m22.8s/10m00.0s

running (02m23.8s), 159/200 VUs, 619 complete and 0 interrupted iterations
normal_day   [  24% ] 159/200 VUs  02m23.8s/10m00.0s

running (02m24.8s), 160/200 VUs, 628 complete and 0 interrupted iterations
normal_day   [  24% ] 160/200 VUs  02m24.8s/10m00.0s

running (02m25.8s), 161/200 VUs, 636 complete and 0 interrupted iterations
normal_day   [  24% ] 161/200 VUs  02m25.8s/10m00.0s

running (02m26.8s), 163/200 VUs, 637 complete and 0 interrupted iterations
normal_day   [  24% ] 163/200 VUs  02m26.8s/10m00.0s

running (02m27.8s), 164/200 VUs, 637 complete and 0 interrupted iterations
normal_day   [  25% ] 164/200 VUs  02m27.8s/10m00.0s

running (02m28.8s), 165/200 VUs, 640 complete and 0 interrupted iterations
normal_day   [  25% ] 165/200 VUs  02m28.8s/10m00.0s

running (02m29.8s), 166/200 VUs, 642 complete and 0 interrupted iterations
normal_day   [  25% ] 166/200 VUs  02m29.8s/10m00.0s

running (02m30.8s), 167/200 VUs, 645 complete and 0 interrupted iterations
normal_day   [  25% ] 167/200 VUs  02m30.8s/10m00.0s

running (02m31.8s), 168/200 VUs, 649 complete and 0 interrupted iterations
normal_day   [  25% ] 168/200 VUs  02m31.8s/10m00.0s

running (02m32.8s), 169/200 VUs, 652 complete and 0 interrupted iterations
normal_day   [  25% ] 169/200 VUs  02m32.8s/10m00.0s

running (02m33.8s), 170/200 VUs, 659 complete and 0 interrupted iterations
normal_day   [  26% ] 170/200 VUs  02m33.8s/10m00.0s

running (02m34.8s), 171/200 VUs, 666 complete and 0 interrupted iterations
normal_day   [  26% ] 171/200 VUs  02m34.8s/10m00.0s

running (02m35.8s), 173/200 VUs, 671 complete and 0 interrupted iterations
normal_day   [  26% ] 173/200 VUs  02m35.8s/10m00.0s

running (02m36.8s), 174/200 VUs, 681 complete and 0 interrupted iterations
normal_day   [  26% ] 174/200 VUs  02m36.8s/10m00.0s

running (02m37.8s), 175/200 VUs, 692 complete and 0 interrupted iterations
normal_day   [  26% ] 175/200 VUs  02m37.8s/10m00.0s

running (02m38.8s), 176/200 VUs, 700 complete and 0 interrupted iterations
normal_day   [  26% ] 176/200 VUs  02m38.8s/10m00.0s

running (02m39.8s), 177/200 VUs, 702 complete and 0 interrupted iterations
normal_day   [  27% ] 177/200 VUs  02m39.8s/10m00.0s

running (02m40.8s), 178/200 VUs, 703 complete and 0 interrupted iterations
normal_day   [  27% ] 178/200 VUs  02m40.8s/10m00.0s

running (02m41.8s), 179/200 VUs, 704 complete and 0 interrupted iterations
normal_day   [  27% ] 179/200 VUs  02m41.8s/10m00.0s

running (02m42.8s), 180/200 VUs, 705 complete and 0 interrupted iterations
normal_day   [  27% ] 180/200 VUs  02m42.8s/10m00.0s

running (02m43.8s), 181/200 VUs, 706 complete and 0 interrupted iterations
normal_day   [  27% ] 181/200 VUs  02m43.8s/10m00.0s

running (02m44.8s), 183/200 VUs, 712 complete and 0 interrupted iterations
normal_day   [  27% ] 183/200 VUs  02m44.8s/10m00.0s

running (02m45.8s), 184/200 VUs, 718 complete and 0 interrupted iterations
normal_day   [  28% ] 184/200 VUs  02m45.8s/10m00.0s

running (02m46.8s), 185/200 VUs, 724 complete and 0 interrupted iterations
normal_day   [  28% ] 185/200 VUs  02m46.8s/10m00.0s

running (02m47.8s), 186/200 VUs, 729 complete and 0 interrupted iterations
normal_day   [  28% ] 186/200 VUs  02m47.8s/10m00.0s

running (02m48.8s), 187/200 VUs, 738 complete and 0 interrupted iterations
normal_day   [  28% ] 187/200 VUs  02m48.8s/10m00.0s

running (02m49.8s), 188/200 VUs, 740 complete and 0 interrupted iterations
normal_day   [  28% ] 188/200 VUs  02m49.8s/10m00.0s

running (02m50.8s), 189/200 VUs, 741 complete and 0 interrupted iterations
normal_day   [  28% ] 189/200 VUs  02m50.8s/10m00.0s

running (02m51.8s), 190/200 VUs, 745 complete and 0 interrupted iterations
normal_day   [  29% ] 190/200 VUs  02m51.8s/10m00.0s

running (02m52.8s), 191/200 VUs, 749 complete and 0 interrupted iterations
normal_day   [  29% ] 191/200 VUs  02m52.8s/10m00.0s

running (02m53.8s), 193/200 VUs, 751 complete and 0 interrupted iterations
normal_day   [  29% ] 193/200 VUs  02m53.8s/10m00.0s

running (02m54.8s), 194/200 VUs, 759 complete and 0 interrupted iterations
normal_day   [  29% ] 194/200 VUs  02m54.8s/10m00.0s

running (02m55.8s), 195/200 VUs, 762 complete and 0 interrupted iterations
normal_day   [  29% ] 195/200 VUs  02m55.8s/10m00.0s

running (02m56.8s), 196/200 VUs, 768 complete and 0 interrupted iterations
normal_day   [  29% ] 196/200 VUs  02m56.8s/10m00.0s

running (02m57.8s), 197/200 VUs, 774 complete and 0 interrupted iterations
normal_day   [  30% ] 197/200 VUs  02m57.8s/10m00.0s

running (02m58.8s), 198/200 VUs, 780 complete and 0 interrupted iterations
normal_day   [  30% ] 198/200 VUs  02m58.8s/10m00.0s

running (02m59.8s), 199/200 VUs, 788 complete and 0 interrupted iterations
normal_day   [  30% ] 199/200 VUs  02m59.8s/10m00.0s

running (03m00.8s), 200/200 VUs, 797 complete and 0 interrupted iterations
normal_day   [  30% ] 200/200 VUs  03m00.8s/10m00.0s

running (03m01.8s), 200/200 VUs, 806 complete and 0 interrupted iterations
normal_day   [  30% ] 200/200 VUs  03m01.8s/10m00.0s

running (03m02.8s), 200/200 VUs, 816 complete and 0 interrupted iterations
normal_day   [  30% ] 200/200 VUs  03m02.8s/10m00.0s

running (03m03.8s), 200/200 VUs, 821 complete and 0 interrupted iterations
normal_day   [  31% ] 200/200 VUs  03m03.8s/10m00.0s

running (03m04.8s), 200/200 VUs, 823 complete and 0 interrupted iterations
normal_day   [  31% ] 200/200 VUs  03m04.8s/10m00.0s

running (03m05.8s), 200/200 VUs, 826 complete and 0 interrupted iterations
normal_day   [  31% ] 200/200 VUs  03m05.8s/10m00.0s

running (03m06.8s), 200/200 VUs, 835 complete and 0 interrupted iterations
normal_day   [  31% ] 200/200 VUs  03m06.8s/10m00.0s

running (03m07.8s), 200/200 VUs, 842 complete and 0 interrupted iterations
normal_day   [  31% ] 200/200 VUs  03m07.8s/10m00.0s

running (03m08.8s), 200/200 VUs, 852 complete and 0 interrupted iterations
normal_day   [  31% ] 200/200 VUs  03m08.8s/10m00.0s

running (03m09.8s), 200/200 VUs, 866 complete and 0 interrupted iterations
normal_day   [  32% ] 200/200 VUs  03m09.8s/10m00.0s

running (03m10.8s), 200/200 VUs, 876 complete and 0 interrupted iterations
normal_day   [  32% ] 200/200 VUs  03m10.8s/10m00.0s

running (03m11.8s), 200/200 VUs, 888 complete and 0 interrupted iterations
normal_day   [  32% ] 200/200 VUs  03m11.8s/10m00.0s

running (03m12.8s), 200/200 VUs, 892 complete and 0 interrupted iterations
normal_day   [  32% ] 200/200 VUs  03m12.8s/10m00.0s

running (03m13.8s), 200/200 VUs, 901 complete and 0 interrupted iterations
normal_day   [  32% ] 200/200 VUs  03m13.8s/10m00.0s

running (03m14.8s), 200/200 VUs, 908 complete and 0 interrupted iterations
normal_day   [  32% ] 200/200 VUs  03m14.8s/10m00.0s

running (03m15.8s), 200/200 VUs, 909 complete and 0 interrupted iterations
normal_day   [  33% ] 200/200 VUs  03m15.8s/10m00.0s

running (03m16.8s), 200/200 VUs, 910 complete and 0 interrupted iterations
normal_day   [  33% ] 200/200 VUs  03m16.8s/10m00.0s

running (03m17.8s), 200/200 VUs, 913 complete and 0 interrupted iterations
normal_day   [  33% ] 200/200 VUs  03m17.8s/10m00.0s

running (03m18.8s), 200/200 VUs, 919 complete and 0 interrupted iterations
normal_day   [  33% ] 200/200 VUs  03m18.8s/10m00.0s

running (03m19.8s), 200/200 VUs, 922 complete and 0 interrupted iterations
normal_day   [  33% ] 200/200 VUs  03m19.8s/10m00.0s

running (03m20.8s), 200/200 VUs, 929 complete and 0 interrupted iterations
normal_day   [  33% ] 200/200 VUs  03m20.8s/10m00.0s

running (03m21.8s), 200/200 VUs, 936 complete and 0 interrupted iterations
normal_day   [  34% ] 200/200 VUs  03m21.8s/10m00.0s

running (03m22.8s), 200/200 VUs, 942 complete and 0 interrupted iterations
normal_day   [  34% ] 200/200 VUs  03m22.8s/10m00.0s

running (03m23.8s), 200/200 VUs, 947 complete and 0 interrupted iterations
normal_day   [  34% ] 200/200 VUs  03m23.8s/10m00.0s

running (03m24.8s), 200/200 VUs, 950 complete and 0 interrupted iterations
normal_day   [  34% ] 200/200 VUs  03m24.8s/10m00.0s

running (03m25.8s), 200/200 VUs, 951 complete and 0 interrupted iterations
normal_day   [  34% ] 200/200 VUs  03m25.8s/10m00.0s

running (03m26.8s), 200/200 VUs, 958 complete and 0 interrupted iterations
normal_day   [  34% ] 200/200 VUs  03m26.8s/10m00.0s

running (03m27.8s), 200/200 VUs, 963 complete and 0 interrupted iterations
normal_day   [  35% ] 200/200 VUs  03m27.8s/10m00.0s

running (03m28.8s), 200/200 VUs, 965 complete and 0 interrupted iterations
normal_day   [  35% ] 200/200 VUs  03m28.8s/10m00.0s

running (03m29.8s), 200/200 VUs, 972 complete and 0 interrupted iterations
normal_day   [  35% ] 200/200 VUs  03m29.8s/10m00.0s

running (03m30.8s), 200/200 VUs, 979 complete and 0 interrupted iterations
normal_day   [  35% ] 200/200 VUs  03m30.8s/10m00.0s

running (03m31.8s), 200/200 VUs, 984 complete and 0 interrupted iterations
normal_day   [  35% ] 200/200 VUs  03m31.8s/10m00.0s

running (03m32.8s), 200/200 VUs, 990 complete and 0 interrupted iterations
normal_day   [  35% ] 200/200 VUs  03m32.8s/10m00.0s

running (03m33.8s), 200/200 VUs, 997 complete and 0 interrupted iterations
normal_day   [  36% ] 200/200 VUs  03m33.8s/10m00.0s

running (03m34.8s), 200/200 VUs, 999 complete and 0 interrupted iterations
normal_day   [  36% ] 200/200 VUs  03m34.8s/10m00.0s

running (03m35.8s), 200/200 VUs, 1005 complete and 0 interrupted iterations
normal_day   [  36% ] 200/200 VUs  03m35.8s/10m00.0s

running (03m36.8s), 200/200 VUs, 1010 complete and 0 interrupted iterations
normal_day   [  36% ] 200/200 VUs  03m36.8s/10m00.0s

running (03m37.8s), 200/200 VUs, 1017 complete and 0 interrupted iterations
normal_day   [  36% ] 200/200 VUs  03m37.8s/10m00.0s

running (03m38.8s), 200/200 VUs, 1026 complete and 0 interrupted iterations
normal_day   [  36% ] 200/200 VUs  03m38.8s/10m00.0s

running (03m39.8s), 200/200 VUs, 1032 complete and 0 interrupted iterations
normal_day   [  37% ] 200/200 VUs  03m39.8s/10m00.0s

running (03m40.8s), 200/200 VUs, 1033 complete and 0 interrupted iterations
normal_day   [  37% ] 200/200 VUs  03m40.8s/10m00.0s

running (03m41.8s), 200/200 VUs, 1037 complete and 0 interrupted iterations
normal_day   [  37% ] 200/200 VUs  03m41.8s/10m00.0s

running (03m42.8s), 200/200 VUs, 1042 complete and 0 interrupted iterations
normal_day   [  37% ] 200/200 VUs  03m42.8s/10m00.0s

running (03m43.8s), 200/200 VUs, 1049 complete and 0 interrupted iterations
normal_day   [  37% ] 200/200 VUs  03m43.8s/10m00.0s

running (03m44.8s), 200/200 VUs, 1062 complete and 0 interrupted iterations
normal_day   [  37% ] 200/200 VUs  03m44.8s/10m00.0s

running (03m45.8s), 200/200 VUs, 1071 complete and 0 interrupted iterations
normal_day   [  38% ] 200/200 VUs  03m45.8s/10m00.0s

running (03m46.8s), 200/200 VUs, 1075 complete and 0 interrupted iterations
normal_day   [  38% ] 200/200 VUs  03m46.8s/10m00.0s

running (03m47.8s), 200/200 VUs, 1076 complete and 0 interrupted iterations
normal_day   [  38% ] 200/200 VUs  03m47.8s/10m00.0s

running (03m48.8s), 200/200 VUs, 1079 complete and 0 interrupted iterations
normal_day   [  38% ] 200/200 VUs  03m48.8s/10m00.0s

running (03m49.8s), 200/200 VUs, 1082 complete and 0 interrupted iterations
normal_day   [  38% ] 200/200 VUs  03m49.8s/10m00.0s

running (03m50.8s), 200/200 VUs, 1089 complete and 0 interrupted iterations
normal_day   [  38% ] 200/200 VUs  03m50.8s/10m00.0s

running (03m51.8s), 200/200 VUs, 1095 complete and 0 interrupted iterations
normal_day   [  39% ] 200/200 VUs  03m51.8s/10m00.0s

running (03m52.8s), 200/200 VUs, 1104 complete and 0 interrupted iterations
normal_day   [  39% ] 200/200 VUs  03m52.8s/10m00.0s

running (03m53.8s), 200/200 VUs, 1114 complete and 0 interrupted iterations
normal_day   [  39% ] 200/200 VUs  03m53.8s/10m00.0s

running (03m54.8s), 200/200 VUs, 1121 complete and 0 interrupted iterations
normal_day   [  39% ] 200/200 VUs  03m54.8s/10m00.0s

running (03m55.8s), 200/200 VUs, 1122 complete and 0 interrupted iterations
normal_day   [  39% ] 200/200 VUs  03m55.8s/10m00.0s

running (03m56.8s), 200/200 VUs, 1130 complete and 0 interrupted iterations
normal_day   [  39% ] 200/200 VUs  03m56.8s/10m00.0s

running (03m57.8s), 200/200 VUs, 1134 complete and 0 interrupted iterations
normal_day   [  40% ] 200/200 VUs  03m57.8s/10m00.0s

running (03m58.8s), 200/200 VUs, 1138 complete and 0 interrupted iterations
normal_day   [  40% ] 200/200 VUs  03m58.8s/10m00.0s

running (03m59.8s), 200/200 VUs, 1146 complete and 0 interrupted iterations
normal_day   [  40% ] 200/200 VUs  03m59.8s/10m00.0s

running (04m00.8s), 200/200 VUs, 1153 complete and 0 interrupted iterations
normal_day   [  40% ] 200/200 VUs  04m00.8s/10m00.0s

running (04m01.8s), 200/200 VUs, 1161 complete and 0 interrupted iterations
normal_day   [  40% ] 200/200 VUs  04m01.8s/10m00.0s

running (04m02.8s), 200/200 VUs, 1172 complete and 0 interrupted iterations
normal_day   [  40% ] 200/200 VUs  04m02.8s/10m00.0s

running (04m03.8s), 200/200 VUs, 1178 complete and 0 interrupted iterations
normal_day   [  41% ] 200/200 VUs  04m03.8s/10m00.0s

running (04m04.8s), 200/200 VUs, 1181 complete and 0 interrupted iterations
normal_day   [  41% ] 200/200 VUs  04m04.8s/10m00.0s

running (04m05.8s), 200/200 VUs, 1184 complete and 0 interrupted iterations
normal_day   [  41% ] 200/200 VUs  04m05.8s/10m00.0s

running (04m06.8s), 200/200 VUs, 1185 complete and 0 interrupted iterations
normal_day   [  41% ] 200/200 VUs  04m06.8s/10m00.0s

running (04m07.8s), 200/200 VUs, 1186 complete and 0 interrupted iterations
normal_day   [  41% ] 200/200 VUs  04m07.8s/10m00.0s

running (04m08.8s), 200/200 VUs, 1189 complete and 0 interrupted iterations
normal_day   [  41% ] 200/200 VUs  04m08.8s/10m00.0s

running (04m09.8s), 200/200 VUs, 1195 complete and 0 interrupted iterations
normal_day   [  42% ] 200/200 VUs  04m09.8s/10m00.0s

running (04m10.8s), 200/200 VUs, 1198 complete and 0 interrupted iterations
normal_day   [  42% ] 200/200 VUs  04m10.8s/10m00.0s

running (04m11.8s), 200/200 VUs, 1202 complete and 0 interrupted iterations
normal_day   [  42% ] 200/200 VUs  04m11.8s/10m00.0s

running (04m12.8s), 200/200 VUs, 1208 complete and 0 interrupted iterations
normal_day   [  42% ] 200/200 VUs  04m12.8s/10m00.0s

running (04m13.8s), 200/200 VUs, 1212 complete and 0 interrupted iterations
normal_day   [  42% ] 200/200 VUs  04m13.8s/10m00.0s

running (04m14.8s), 200/200 VUs, 1216 complete and 0 interrupted iterations
normal_day   [  42% ] 200/200 VUs  04m14.8s/10m00.0s

running (04m15.8s), 200/200 VUs, 1227 complete and 0 interrupted iterations
normal_day   [  43% ] 200/200 VUs  04m15.8s/10m00.0s

running (04m16.8s), 200/200 VUs, 1234 complete and 0 interrupted iterations
normal_day   [  43% ] 200/200 VUs  04m16.8s/10m00.0s

running (04m17.8s), 200/200 VUs, 1240 complete and 0 interrupted iterations
normal_day   [  43% ] 200/200 VUs  04m17.8s/10m00.0s

running (04m18.8s), 200/200 VUs, 1246 complete and 0 interrupted iterations
normal_day   [  43% ] 200/200 VUs  04m18.8s/10m00.0s

running (04m19.8s), 200/200 VUs, 1251 complete and 0 interrupted iterations
normal_day   [  43% ] 200/200 VUs  04m19.8s/10m00.0s

running (04m20.8s), 200/200 VUs, 1256 complete and 0 interrupted iterations
normal_day   [  43% ] 200/200 VUs  04m20.8s/10m00.0s

running (04m21.8s), 200/200 VUs, 1262 complete and 0 interrupted iterations
normal_day   [  44% ] 200/200 VUs  04m21.8s/10m00.0s

running (04m22.8s), 200/200 VUs, 1264 complete and 0 interrupted iterations
normal_day   [  44% ] 200/200 VUs  04m22.8s/10m00.0s

running (04m23.8s), 200/200 VUs, 1266 complete and 0 interrupted iterations
normal_day   [  44% ] 200/200 VUs  04m23.8s/10m00.0s

running (04m24.8s), 200/200 VUs, 1268 complete and 0 interrupted iterations
normal_day   [  44% ] 200/200 VUs  04m24.8s/10m00.0s

running (04m25.8s), 200/200 VUs, 1268 complete and 0 interrupted iterations
normal_day   [  44% ] 200/200 VUs  04m25.8s/10m00.0s

running (04m26.8s), 200/200 VUs, 1269 complete and 0 interrupted iterations
normal_day   [  44% ] 200/200 VUs  04m26.8s/10m00.0s

running (04m27.7s), 200/200 VUs, 1271 complete and 0 interrupted iterations
normal_day   [  45% ] 200/200 VUs  04m27.8s/10m00.0s

running (04m28.8s), 200/200 VUs, 1272 complete and 0 interrupted iterations
normal_day   [  45% ] 200/200 VUs  04m28.8s/10m00.0s

running (04m29.7s), 200/200 VUs, 1280 complete and 0 interrupted iterations
normal_day   [  45% ] 200/200 VUs  04m29.8s/10m00.0s

running (04m30.7s), 200/200 VUs, 1286 complete and 0 interrupted iterations
normal_day   [  45% ] 200/200 VUs  04m30.8s/10m00.0s

running (04m31.7s), 200/200 VUs, 1298 complete and 0 interrupted iterations
normal_day   [  45% ] 200/200 VUs  04m31.8s/10m00.0s

running (04m32.7s), 200/200 VUs, 1309 complete and 0 interrupted iterations
normal_day   [  45% ] 200/200 VUs  04m32.8s/10m00.0s

running (04m33.7s), 200/200 VUs, 1315 complete and 0 interrupted iterations
normal_day   [  46% ] 200/200 VUs  04m33.8s/10m00.0s

running (04m34.7s), 200/200 VUs, 1320 complete and 0 interrupted iterations
normal_day   [  46% ] 200/200 VUs  04m34.8s/10m00.0s

running (04m35.7s), 200/200 VUs, 1323 complete and 0 interrupted iterations
normal_day   [  46% ] 200/200 VUs  04m35.8s/10m00.0s

running (04m36.7s), 200/200 VUs, 1326 complete and 0 interrupted iterations
normal_day   [  46% ] 200/200 VUs  04m36.8s/10m00.0s

running (04m37.7s), 200/200 VUs, 1329 complete and 0 interrupted iterations
normal_day   [  46% ] 200/200 VUs  04m37.8s/10m00.0s

running (04m38.7s), 200/200 VUs, 1330 complete and 0 interrupted iterations
normal_day   [  46% ] 200/200 VUs  04m38.8s/10m00.0s

running (04m39.7s), 200/200 VUs, 1331 complete and 0 interrupted iterations
normal_day   [  47% ] 200/200 VUs  04m39.8s/10m00.0s

running (04m40.7s), 200/200 VUs, 1334 complete and 0 interrupted iterations
normal_day   [  47% ] 200/200 VUs  04m40.8s/10m00.0s

running (04m41.7s), 200/200 VUs, 1335 complete and 0 interrupted iterations
normal_day   [  47% ] 200/200 VUs  04m41.8s/10m00.0s

running (04m42.7s), 200/200 VUs, 1341 complete and 0 interrupted iterations
normal_day   [  47% ] 200/200 VUs  04m42.8s/10m00.0s

running (04m43.7s), 200/200 VUs, 1346 complete and 0 interrupted iterations
normal_day   [  47% ] 200/200 VUs  04m43.8s/10m00.0s

running (04m44.7s), 200/200 VUs, 1346 complete and 0 interrupted iterations
normal_day   [  47% ] 200/200 VUs  04m44.8s/10m00.0s

running (04m45.7s), 200/200 VUs, 1348 complete and 0 interrupted iterations
normal_day   [  48% ] 200/200 VUs  04m45.8s/10m00.0s

running (04m46.7s), 200/200 VUs, 1353 complete and 0 interrupted iterations
normal_day   [  48% ] 200/200 VUs  04m46.8s/10m00.0s

running (04m47.7s), 200/200 VUs, 1363 complete and 0 interrupted iterations
normal_day   [  48% ] 200/200 VUs  04m47.8s/10m00.0s

running (04m48.7s), 200/200 VUs, 1366 complete and 0 interrupted iterations
normal_day   [  48% ] 200/200 VUs  04m48.8s/10m00.0s

running (04m49.7s), 200/200 VUs, 1378 complete and 0 interrupted iterations
normal_day   [  48% ] 200/200 VUs  04m49.8s/10m00.0s

running (04m50.7s), 200/200 VUs, 1388 complete and 0 interrupted iterations
normal_day   [  48% ] 200/200 VUs  04m50.8s/10m00.0s

running (04m51.7s), 200/200 VUs, 1391 complete and 0 interrupted iterations
normal_day   [  49% ] 200/200 VUs  04m51.8s/10m00.0s

running (04m52.7s), 200/200 VUs, 1393 complete and 0 interrupted iterations
normal_day   [  49% ] 200/200 VUs  04m52.8s/10m00.0s

running (04m53.7s), 200/200 VUs, 1395 complete and 0 interrupted iterations
normal_day   [  49% ] 200/200 VUs  04m53.8s/10m00.0s

running (04m54.7s), 200/200 VUs, 1398 complete and 0 interrupted iterations
normal_day   [  49% ] 200/200 VUs  04m54.8s/10m00.0s

running (04m55.7s), 200/200 VUs, 1403 complete and 0 interrupted iterations
normal_day   [  49% ] 200/200 VUs  04m55.8s/10m00.0s

running (04m56.7s), 200/200 VUs, 1407 complete and 0 interrupted iterations
normal_day   [  49% ] 200/200 VUs  04m56.8s/10m00.0s

running (04m57.7s), 200/200 VUs, 1411 complete and 0 interrupted iterations
normal_day   [  50% ] 200/200 VUs  04m57.8s/10m00.0s

running (04m58.7s), 200/200 VUs, 1417 complete and 0 interrupted iterations
normal_day   [  50% ] 200/200 VUs  04m58.8s/10m00.0s

running (04m59.7s), 200/200 VUs, 1429 complete and 0 interrupted iterations
normal_day   [  50% ] 200/200 VUs  04m59.8s/10m00.0s

running (05m00.7s), 200/200 VUs, 1438 complete and 0 interrupted iterations
normal_day   [  50% ] 200/200 VUs  05m00.8s/10m00.0s

running (05m01.7s), 200/200 VUs, 1459 complete and 0 interrupted iterations
normal_day   [  50% ] 200/200 VUs  05m01.8s/10m00.0s

running (05m02.7s), 200/200 VUs, 1472 complete and 0 interrupted iterations
normal_day   [  50% ] 200/200 VUs  05m02.8s/10m00.0s

running (05m03.7s), 200/200 VUs, 1481 complete and 0 interrupted iterations
normal_day   [  51% ] 200/200 VUs  05m03.8s/10m00.0s

running (05m04.7s), 200/200 VUs, 1485 complete and 0 interrupted iterations
normal_day   [  51% ] 200/200 VUs  05m04.8s/10m00.0s

running (05m05.7s), 200/200 VUs, 1496 complete and 0 interrupted iterations
normal_day   [  51% ] 200/200 VUs  05m05.8s/10m00.0s

running (05m06.7s), 200/200 VUs, 1504 complete and 0 interrupted iterations
normal_day   [  51% ] 200/200 VUs  05m06.8s/10m00.0s

running (05m07.7s), 200/200 VUs, 1516 complete and 0 interrupted iterations
normal_day   [  51% ] 200/200 VUs  05m07.8s/10m00.0s

running (05m08.7s), 200/200 VUs, 1530 complete and 0 interrupted iterations
normal_day   [  51% ] 200/200 VUs  05m08.8s/10m00.0s

running (05m09.7s), 200/200 VUs, 1536 complete and 0 interrupted iterations
normal_day   [  52% ] 200/200 VUs  05m09.8s/10m00.0s

running (05m10.7s), 200/200 VUs, 1539 complete and 0 interrupted iterations
normal_day   [  52% ] 200/200 VUs  05m10.8s/10m00.0s

running (05m11.7s), 200/200 VUs, 1545 complete and 0 interrupted iterations
normal_day   [  52% ] 200/200 VUs  05m11.8s/10m00.0s

running (05m12.7s), 200/200 VUs, 1554 complete and 0 interrupted iterations
normal_day   [  52% ] 200/200 VUs  05m12.8s/10m00.0s

running (05m13.7s), 200/200 VUs, 1566 complete and 0 interrupted iterations
normal_day   [  52% ] 200/200 VUs  05m13.8s/10m00.0s

running (05m14.7s), 200/200 VUs, 1572 complete and 0 interrupted iterations
normal_day   [  52% ] 200/200 VUs  05m14.8s/10m00.0s

running (05m15.7s), 200/200 VUs, 1573 complete and 0 interrupted iterations
normal_day   [  53% ] 200/200 VUs  05m15.8s/10m00.0s

running (05m16.7s), 200/200 VUs, 1579 complete and 0 interrupted iterations
normal_day   [  53% ] 200/200 VUs  05m16.8s/10m00.0s

running (05m17.7s), 200/200 VUs, 1584 complete and 0 interrupted iterations
normal_day   [  53% ] 200/200 VUs  05m17.8s/10m00.0s

running (05m18.7s), 200/200 VUs, 1595 complete and 0 interrupted iterations
normal_day   [  53% ] 200/200 VUs  05m18.8s/10m00.0s

running (05m19.7s), 200/200 VUs, 1607 complete and 0 interrupted iterations
normal_day   [  53% ] 200/200 VUs  05m19.8s/10m00.0s

running (05m20.7s), 200/200 VUs, 1620 complete and 0 interrupted iterations
normal_day   [  53% ] 200/200 VUs  05m20.8s/10m00.0s

running (05m21.7s), 200/200 VUs, 1624 complete and 0 interrupted iterations
normal_day   [  54% ] 200/200 VUs  05m21.8s/10m00.0s

running (05m22.7s), 200/200 VUs, 1633 complete and 0 interrupted iterations
normal_day   [  54% ] 200/200 VUs  05m22.8s/10m00.0s

running (05m23.7s), 200/200 VUs, 1640 complete and 0 interrupted iterations
normal_day   [  54% ] 200/200 VUs  05m23.8s/10m00.0s

running (05m24.7s), 200/200 VUs, 1645 complete and 0 interrupted iterations
normal_day   [  54% ] 200/200 VUs  05m24.8s/10m00.0s

running (05m25.7s), 200/200 VUs, 1650 complete and 0 interrupted iterations
normal_day   [  54% ] 200/200 VUs  05m25.8s/10m00.0s

running (05m26.7s), 200/200 VUs, 1654 complete and 0 interrupted iterations
normal_day   [  54% ] 200/200 VUs  05m26.8s/10m00.0s

running (05m27.7s), 200/200 VUs, 1655 complete and 0 interrupted iterations
normal_day   [  55% ] 200/200 VUs  05m27.8s/10m00.0s

running (05m28.7s), 200/200 VUs, 1660 complete and 0 interrupted iterations
normal_day   [  55% ] 200/200 VUs  05m28.8s/10m00.0s

running (05m29.7s), 200/200 VUs, 1667 complete and 0 interrupted iterations
normal_day   [  55% ] 200/200 VUs  05m29.8s/10m00.0s

running (05m30.7s), 200/200 VUs, 1669 complete and 0 interrupted iterations
normal_day   [  55% ] 200/200 VUs  05m30.8s/10m00.0s

running (05m31.7s), 200/200 VUs, 1672 complete and 0 interrupted iterations
normal_day   [  55% ] 200/200 VUs  05m31.8s/10m00.0s

running (05m32.7s), 200/200 VUs, 1674 complete and 0 interrupted iterations
normal_day   [  55% ] 200/200 VUs  05m32.8s/10m00.0s

running (05m33.7s), 200/200 VUs, 1681 complete and 0 interrupted iterations
normal_day   [  56% ] 200/200 VUs  05m33.8s/10m00.0s

running (05m34.7s), 200/200 VUs, 1684 complete and 0 interrupted iterations
normal_day   [  56% ] 200/200 VUs  05m34.8s/10m00.0s

running (05m35.7s), 200/200 VUs, 1692 complete and 0 interrupted iterations
normal_day   [  56% ] 200/200 VUs  05m35.8s/10m00.0s

running (05m36.7s), 200/200 VUs, 1703 complete and 0 interrupted iterations
normal_day   [  56% ] 200/200 VUs  05m36.8s/10m00.0s

running (05m37.7s), 200/200 VUs, 1707 complete and 0 interrupted iterations
normal_day   [  56% ] 200/200 VUs  05m37.8s/10m00.0s

running (05m38.7s), 200/200 VUs, 1709 complete and 0 interrupted iterations
normal_day   [  56% ] 200/200 VUs  05m38.8s/10m00.0s

running (05m39.7s), 200/200 VUs, 1710 complete and 0 interrupted iterations
normal_day   [  57% ] 200/200 VUs  05m39.8s/10m00.0s

running (05m40.7s), 200/200 VUs, 1712 complete and 0 interrupted iterations
normal_day   [  57% ] 200/200 VUs  05m40.8s/10m00.0s

running (05m41.7s), 200/200 VUs, 1716 complete and 0 interrupted iterations
normal_day   [  57% ] 200/200 VUs  05m41.8s/10m00.0s

running (05m42.7s), 200/200 VUs, 1718 complete and 0 interrupted iterations
normal_day   [  57% ] 200/200 VUs  05m42.8s/10m00.0s

running (05m43.7s), 200/200 VUs, 1723 complete and 0 interrupted iterations
normal_day   [  57% ] 200/200 VUs  05m43.8s/10m00.0s

running (05m44.7s), 200/200 VUs, 1727 complete and 0 interrupted iterations
normal_day   [  57% ] 200/200 VUs  05m44.8s/10m00.0s

running (05m45.7s), 200/200 VUs, 1734 complete and 0 interrupted iterations
normal_day   [  58% ] 200/200 VUs  05m45.8s/10m00.0s

running (05m46.7s), 200/200 VUs, 1744 complete and 0 interrupted iterations
normal_day   [  58% ] 200/200 VUs  05m46.8s/10m00.0s

running (05m47.7s), 200/200 VUs, 1758 complete and 0 interrupted iterations
normal_day   [  58% ] 200/200 VUs  05m47.8s/10m00.0s

running (05m48.7s), 200/200 VUs, 1765 complete and 0 interrupted iterations
normal_day   [  58% ] 200/200 VUs  05m48.8s/10m00.0s

running (05m49.7s), 200/200 VUs, 1772 complete and 0 interrupted iterations
normal_day   [  58% ] 200/200 VUs  05m49.8s/10m00.0s

running (05m50.7s), 200/200 VUs, 1784 complete and 0 interrupted iterations
normal_day   [  58% ] 200/200 VUs  05m50.8s/10m00.0s

running (05m51.7s), 200/200 VUs, 1792 complete and 0 interrupted iterations
normal_day   [  59% ] 200/200 VUs  05m51.8s/10m00.0s

running (05m52.7s), 200/200 VUs, 1798 complete and 0 interrupted iterations
normal_day   [  59% ] 200/200 VUs  05m52.8s/10m00.0s

running (05m53.7s), 200/200 VUs, 1805 complete and 0 interrupted iterations
normal_day   [  59% ] 200/200 VUs  05m53.8s/10m00.0s

running (05m54.7s), 200/200 VUs, 1814 complete and 0 interrupted iterations
normal_day   [  59% ] 200/200 VUs  05m54.8s/10m00.0s

running (05m55.7s), 200/200 VUs, 1819 complete and 0 interrupted iterations
normal_day   [  59% ] 200/200 VUs  05m55.8s/10m00.0s

running (05m56.7s), 200/200 VUs, 1821 complete and 0 interrupted iterations
normal_day   [  59% ] 200/200 VUs  05m56.8s/10m00.0s

running (05m57.7s), 200/200 VUs, 1822 complete and 0 interrupted iterations
normal_day   [  60% ] 200/200 VUs  05m57.8s/10m00.0s

running (05m58.7s), 200/200 VUs, 1823 complete and 0 interrupted iterations
normal_day   [  60% ] 200/200 VUs  05m58.8s/10m00.0s

running (05m59.7s), 200/200 VUs, 1824 complete and 0 interrupted iterations
normal_day   [  60% ] 200/200 VUs  05m59.8s/10m00.0s

running (06m00.7s), 200/200 VUs, 1826 complete and 0 interrupted iterations
normal_day   [  60% ] 200/200 VUs  06m00.8s/10m00.0s

running (06m01.7s), 200/200 VUs, 1829 complete and 0 interrupted iterations
normal_day   [  60% ] 200/200 VUs  06m01.8s/10m00.0s

running (06m02.7s), 200/200 VUs, 1830 complete and 0 interrupted iterations
normal_day   [  60% ] 200/200 VUs  06m02.8s/10m00.0s

running (06m03.7s), 200/200 VUs, 1830 complete and 0 interrupted iterations
normal_day   [  61% ] 200/200 VUs  06m03.8s/10m00.0s

running (06m04.7s), 200/200 VUs, 1831 complete and 0 interrupted iterations
normal_day   [  61% ] 200/200 VUs  06m04.8s/10m00.0s

running (06m05.7s), 200/200 VUs, 1833 complete and 0 interrupted iterations
normal_day   [  61% ] 200/200 VUs  06m05.8s/10m00.0s

running (06m06.7s), 200/200 VUs, 1833 complete and 0 interrupted iterations
normal_day   [  61% ] 200/200 VUs  06m06.8s/10m00.0s

running (06m07.7s), 200/200 VUs, 1835 complete and 0 interrupted iterations
normal_day   [  61% ] 200/200 VUs  06m07.8s/10m00.0s

running (06m08.7s), 200/200 VUs, 1835 complete and 0 interrupted iterations
normal_day   [  61% ] 200/200 VUs  06m08.8s/10m00.0s

running (06m09.7s), 200/200 VUs, 1838 complete and 0 interrupted iterations
normal_day   [  62% ] 200/200 VUs  06m09.8s/10m00.0s

running (06m10.7s), 200/200 VUs, 1844 complete and 0 interrupted iterations
normal_day   [  62% ] 200/200 VUs  06m10.8s/10m00.0s

running (06m11.7s), 200/200 VUs, 1846 complete and 0 interrupted iterations
normal_day   [  62% ] 200/200 VUs  06m11.8s/10m00.0s

running (06m12.7s), 200/200 VUs, 1853 complete and 0 interrupted iterations
normal_day   [  62% ] 200/200 VUs  06m12.8s/10m00.0s

running (06m13.7s), 200/200 VUs, 1858 complete and 0 interrupted iterations
normal_day   [  62% ] 200/200 VUs  06m13.8s/10m00.0s

running (06m14.7s), 200/200 VUs, 1869 complete and 0 interrupted iterations
normal_day   [  62% ] 200/200 VUs  06m14.8s/10m00.0s

running (06m15.7s), 200/200 VUs, 1872 complete and 0 interrupted iterations
normal_day   [  63% ] 200/200 VUs  06m15.8s/10m00.0s

running (06m16.7s), 200/200 VUs, 1881 complete and 0 interrupted iterations
normal_day   [  63% ] 200/200 VUs  06m16.8s/10m00.0s

running (06m17.7s), 200/200 VUs, 1883 complete and 0 interrupted iterations
normal_day   [  63% ] 200/200 VUs  06m17.8s/10m00.0s

running (06m18.7s), 200/200 VUs, 1885 complete and 0 interrupted iterations
normal_day   [  63% ] 200/200 VUs  06m18.8s/10m00.0s

running (06m19.7s), 200/200 VUs, 1885 complete and 0 interrupted iterations
normal_day   [  63% ] 200/200 VUs  06m19.8s/10m00.0s

running (06m20.7s), 200/200 VUs, 1888 complete and 0 interrupted iterations
normal_day   [  63% ] 200/200 VUs  06m20.8s/10m00.0s

running (06m21.7s), 200/200 VUs, 1891 complete and 0 interrupted iterations
normal_day   [  64% ] 200/200 VUs  06m21.8s/10m00.0s

running (06m22.7s), 200/200 VUs, 1894 complete and 0 interrupted iterations
normal_day   [  64% ] 200/200 VUs  06m22.8s/10m00.0s

running (06m23.7s), 200/200 VUs, 1895 complete and 0 interrupted iterations
normal_day   [  64% ] 200/200 VUs  06m23.8s/10m00.0s

running (06m24.7s), 200/200 VUs, 1900 complete and 0 interrupted iterations
normal_day   [  64% ] 200/200 VUs  06m24.8s/10m00.0s

running (06m25.7s), 200/200 VUs, 1906 complete and 0 interrupted iterations
normal_day   [  64% ] 200/200 VUs  06m25.8s/10m00.0s

running (06m26.7s), 200/200 VUs, 1910 complete and 0 interrupted iterations
normal_day   [  64% ] 200/200 VUs  06m26.8s/10m00.0s

running (06m27.7s), 200/200 VUs, 1914 complete and 0 interrupted iterations
normal_day   [  65% ] 200/200 VUs  06m27.8s/10m00.0s

running (06m28.7s), 200/200 VUs, 1920 complete and 0 interrupted iterations
normal_day   [  65% ] 200/200 VUs  06m28.8s/10m00.0s

running (06m29.7s), 200/200 VUs, 1932 complete and 0 interrupted iterations
normal_day   [  65% ] 200/200 VUs  06m29.8s/10m00.0s

running (06m30.7s), 200/200 VUs, 1937 complete and 0 interrupted iterations
normal_day   [  65% ] 200/200 VUs  06m30.8s/10m00.0s

running (06m31.7s), 200/200 VUs, 1942 complete and 0 interrupted iterations
normal_day   [  65% ] 200/200 VUs  06m31.8s/10m00.0s

running (06m32.7s), 200/200 VUs, 1943 complete and 0 interrupted iterations
normal_day   [  65% ] 200/200 VUs  06m32.8s/10m00.0s

running (06m33.7s), 200/200 VUs, 1946 complete and 0 interrupted iterations
normal_day   [  66% ] 200/200 VUs  06m33.8s/10m00.0s

running (06m34.7s), 200/200 VUs, 1947 complete and 0 interrupted iterations
normal_day   [  66% ] 200/200 VUs  06m34.8s/10m00.0s

running (06m35.7s), 200/200 VUs, 1950 complete and 0 interrupted iterations
normal_day   [  66% ] 200/200 VUs  06m35.8s/10m00.0s

running (06m36.7s), 200/200 VUs, 1953 complete and 0 interrupted iterations
normal_day   [  66% ] 200/200 VUs  06m36.8s/10m00.0s

running (06m37.7s), 200/200 VUs, 1957 complete and 0 interrupted iterations
normal_day   [  66% ] 200/200 VUs  06m37.8s/10m00.0s

running (06m38.7s), 200/200 VUs, 1960 complete and 0 interrupted iterations
normal_day   [  66% ] 200/200 VUs  06m38.8s/10m00.0s

running (06m39.7s), 200/200 VUs, 1962 complete and 0 interrupted iterations
normal_day   [  67% ] 200/200 VUs  06m39.8s/10m00.0s

running (06m40.7s), 200/200 VUs, 1965 complete and 0 interrupted iterations
normal_day   [  67% ] 200/200 VUs  06m40.8s/10m00.0s

running (06m41.7s), 200/200 VUs, 1970 complete and 0 interrupted iterations
normal_day   [  67% ] 200/200 VUs  06m41.8s/10m00.0s

running (06m42.7s), 200/200 VUs, 1978 complete and 0 interrupted iterations
normal_day   [  67% ] 200/200 VUs  06m42.8s/10m00.0s

running (06m43.7s), 200/200 VUs, 1988 complete and 0 interrupted iterations
normal_day   [  67% ] 200/200 VUs  06m43.8s/10m00.0s

running (06m44.7s), 200/200 VUs, 1993 complete and 0 interrupted iterations
normal_day   [  67% ] 200/200 VUs  06m44.8s/10m00.0s

running (06m45.7s), 200/200 VUs, 1997 complete and 0 interrupted iterations
normal_day   [  68% ] 200/200 VUs  06m45.8s/10m00.0s

running (06m46.7s), 200/200 VUs, 1999 complete and 0 interrupted iterations
normal_day   [  68% ] 200/200 VUs  06m46.8s/10m00.0s

running (06m47.7s), 200/200 VUs, 2001 complete and 0 interrupted iterations
normal_day   [  68% ] 200/200 VUs  06m47.8s/10m00.0s

running (06m48.7s), 200/200 VUs, 2002 complete and 0 interrupted iterations
normal_day   [  68% ] 200/200 VUs  06m48.8s/10m00.0s

running (06m49.7s), 200/200 VUs, 2003 complete and 0 interrupted iterations
normal_day   [  68% ] 200/200 VUs  06m49.8s/10m00.0s

running (06m50.7s), 200/200 VUs, 2003 complete and 0 interrupted iterations
normal_day   [  68% ] 200/200 VUs  06m50.8s/10m00.0s

running (06m51.7s), 200/200 VUs, 2007 complete and 0 interrupted iterations
normal_day   [  69% ] 200/200 VUs  06m51.8s/10m00.0s

running (06m52.7s), 200/200 VUs, 2009 complete and 0 interrupted iterations
normal_day   [  69% ] 200/200 VUs  06m52.8s/10m00.0s

running (06m53.7s), 200/200 VUs, 2012 complete and 0 interrupted iterations
normal_day   [  69% ] 200/200 VUs  06m53.8s/10m00.0s

running (06m54.7s), 200/200 VUs, 2014 complete and 0 interrupted iterations
normal_day   [  69% ] 200/200 VUs  06m54.8s/10m00.0s

running (06m55.7s), 200/200 VUs, 2018 complete and 0 interrupted iterations
normal_day   [  69% ] 200/200 VUs  06m55.8s/10m00.0s

running (06m56.7s), 200/200 VUs, 2022 complete and 0 interrupted iterations
normal_day   [  69% ] 200/200 VUs  06m56.8s/10m00.0s

running (06m57.7s), 200/200 VUs, 2022 complete and 0 interrupted iterations
normal_day   [  70% ] 200/200 VUs  06m57.8s/10m00.0s

running (06m58.7s), 200/200 VUs, 2025 complete and 0 interrupted iterations
normal_day   [  70% ] 200/200 VUs  06m58.8s/10m00.0s

running (06m59.7s), 200/200 VUs, 2029 complete and 0 interrupted iterations
normal_day   [  70% ] 200/200 VUs  06m59.8s/10m00.0s

running (07m00.7s), 200/200 VUs, 2036 complete and 0 interrupted iterations
normal_day   [  70% ] 200/200 VUs  07m00.8s/10m00.0s

running (07m01.7s), 200/200 VUs, 2053 complete and 0 interrupted iterations
normal_day   [  70% ] 200/200 VUs  07m01.8s/10m00.0s

running (07m02.7s), 200/200 VUs, 2069 complete and 0 interrupted iterations
normal_day   [  70% ] 200/200 VUs  07m02.8s/10m00.0s

running (07m03.7s), 200/200 VUs, 2074 complete and 0 interrupted iterations
normal_day   [  71% ] 200/200 VUs  07m03.8s/10m00.0s

running (07m04.7s), 200/200 VUs, 2079 complete and 0 interrupted iterations
normal_day   [  71% ] 200/200 VUs  07m04.8s/10m00.0s

running (07m05.7s), 200/200 VUs, 2082 complete and 0 interrupted iterations
normal_day   [  71% ] 200/200 VUs  07m05.8s/10m00.0s

running (07m06.7s), 200/200 VUs, 2086 complete and 0 interrupted iterations
normal_day   [  71% ] 200/200 VUs  07m06.8s/10m00.0s

running (07m07.7s), 200/200 VUs, 2097 complete and 0 interrupted iterations
normal_day   [  71% ] 200/200 VUs  07m07.8s/10m00.0s

running (07m08.7s), 200/200 VUs, 2101 complete and 0 interrupted iterations
normal_day   [  71% ] 200/200 VUs  07m08.8s/10m00.0s

running (07m09.7s), 200/200 VUs, 2105 complete and 0 interrupted iterations
normal_day   [  72% ] 200/200 VUs  07m09.8s/10m00.0s

running (07m10.7s), 200/200 VUs, 2106 complete and 0 interrupted iterations
normal_day   [  72% ] 200/200 VUs  07m10.8s/10m00.0s

running (07m11.7s), 200/200 VUs, 2109 complete and 0 interrupted iterations
normal_day   [  72% ] 200/200 VUs  07m11.8s/10m00.0s

running (07m12.7s), 200/200 VUs, 2118 complete and 0 interrupted iterations
normal_day   [  72% ] 200/200 VUs  07m12.8s/10m00.0s

running (07m13.7s), 200/200 VUs, 2130 complete and 0 interrupted iterations
normal_day   [  72% ] 200/200 VUs  07m13.8s/10m00.0s

running (07m14.7s), 200/200 VUs, 2134 complete and 0 interrupted iterations
normal_day   [  72% ] 200/200 VUs  07m14.8s/10m00.0s

running (07m15.7s), 200/200 VUs, 2139 complete and 0 interrupted iterations
normal_day   [  73% ] 200/200 VUs  07m15.8s/10m00.0s

running (07m16.7s), 200/200 VUs, 2144 complete and 0 interrupted iterations
normal_day   [  73% ] 200/200 VUs  07m16.8s/10m00.0s

running (07m17.7s), 200/200 VUs, 2145 complete and 0 interrupted iterations
normal_day   [  73% ] 200/200 VUs  07m17.8s/10m00.0s

running (07m18.7s), 200/200 VUs, 2145 complete and 0 interrupted iterations
normal_day   [  73% ] 200/200 VUs  07m18.8s/10m00.0s

running (07m19.7s), 200/200 VUs, 2145 complete and 0 interrupted iterations
normal_day   [  73% ] 200/200 VUs  07m19.8s/10m00.0s

running (07m20.7s), 200/200 VUs, 2145 complete and 0 interrupted iterations
normal_day   [  73% ] 200/200 VUs  07m20.8s/10m00.0s

running (07m21.7s), 200/200 VUs, 2147 complete and 0 interrupted iterations
normal_day   [  74% ] 200/200 VUs  07m21.8s/10m00.0s

running (07m22.7s), 200/200 VUs, 2150 complete and 0 interrupted iterations
normal_day   [  74% ] 200/200 VUs  07m22.8s/10m00.0s

running (07m23.7s), 200/200 VUs, 2154 complete and 0 interrupted iterations
normal_day   [  74% ] 200/200 VUs  07m23.8s/10m00.0s

running (07m24.7s), 200/200 VUs, 2155 complete and 0 interrupted iterations
normal_day   [  74% ] 200/200 VUs  07m24.8s/10m00.0s

running (07m25.7s), 200/200 VUs, 2156 complete and 0 interrupted iterations
normal_day   [  74% ] 200/200 VUs  07m25.8s/10m00.0s

running (07m26.7s), 200/200 VUs, 2156 complete and 0 interrupted iterations
normal_day   [  74% ] 200/200 VUs  07m26.8s/10m00.0s

running (07m27.7s), 200/200 VUs, 2157 complete and 0 interrupted iterations
normal_day   [  75% ] 200/200 VUs  07m27.8s/10m00.0s

running (07m28.7s), 200/200 VUs, 2162 complete and 0 interrupted iterations
normal_day   [  75% ] 200/200 VUs  07m28.8s/10m00.0s

running (07m29.7s), 200/200 VUs, 2173 complete and 0 interrupted iterations
normal_day   [  75% ] 200/200 VUs  07m29.8s/10m00.0s

running (07m30.7s), 200/200 VUs, 2187 complete and 0 interrupted iterations
normal_day   [  75% ] 200/200 VUs  07m30.8s/10m00.0s

running (07m31.7s), 200/200 VUs, 2198 complete and 0 interrupted iterations
normal_day   [  75% ] 200/200 VUs  07m31.8s/10m00.0s

running (07m32.7s), 200/200 VUs, 2209 complete and 0 interrupted iterations
normal_day   [  75% ] 200/200 VUs  07m32.8s/10m00.0s

running (07m33.7s), 200/200 VUs, 2216 complete and 0 interrupted iterations
normal_day   [  76% ] 200/200 VUs  07m33.8s/10m00.0s

running (07m34.7s), 200/200 VUs, 2222 complete and 0 interrupted iterations
normal_day   [  76% ] 200/200 VUs  07m34.8s/10m00.0s

running (07m35.7s), 200/200 VUs, 2225 complete and 0 interrupted iterations
normal_day   [  76% ] 200/200 VUs  07m35.8s/10m00.0s

running (07m36.7s), 200/200 VUs, 2226 complete and 0 interrupted iterations
normal_day   [  76% ] 200/200 VUs  07m36.8s/10m00.0s

running (07m37.7s), 200/200 VUs, 2229 complete and 0 interrupted iterations
normal_day   [  76% ] 200/200 VUs  07m37.8s/10m00.0s

running (07m38.7s), 200/200 VUs, 2234 complete and 0 interrupted iterations
normal_day   [  76% ] 200/200 VUs  07m38.8s/10m00.0s

running (07m39.7s), 200/200 VUs, 2238 complete and 0 interrupted iterations
normal_day   [  77% ] 200/200 VUs  07m39.8s/10m00.0s

running (07m40.7s), 200/200 VUs, 2245 complete and 0 interrupted iterations
normal_day   [  77% ] 200/200 VUs  07m40.8s/10m00.0s

running (07m41.7s), 200/200 VUs, 2254 complete and 0 interrupted iterations
normal_day   [  77% ] 200/200 VUs  07m41.8s/10m00.0s

running (07m42.7s), 200/200 VUs, 2262 complete and 0 interrupted iterations
normal_day   [  77% ] 200/200 VUs  07m42.8s/10m00.0s

running (07m43.7s), 200/200 VUs, 2265 complete and 0 interrupted iterations
normal_day   [  77% ] 200/200 VUs  07m43.8s/10m00.0s

running (07m44.7s), 200/200 VUs, 2265 complete and 0 interrupted iterations
normal_day   [  77% ] 200/200 VUs  07m44.8s/10m00.0s

running (07m45.7s), 200/200 VUs, 2269 complete and 0 interrupted iterations
normal_day   [  78% ] 200/200 VUs  07m45.8s/10m00.0s

running (07m46.7s), 200/200 VUs, 2274 complete and 0 interrupted iterations
normal_day   [  78% ] 200/200 VUs  07m46.8s/10m00.0s

running (07m47.7s), 200/200 VUs, 2277 complete and 0 interrupted iterations
normal_day   [  78% ] 200/200 VUs  07m47.8s/10m00.0s

running (07m48.7s), 200/200 VUs, 2277 complete and 0 interrupted iterations
normal_day   [  78% ] 200/200 VUs  07m48.8s/10m00.0s

running (07m49.7s), 200/200 VUs, 2280 complete and 0 interrupted iterations
normal_day   [  78% ] 200/200 VUs  07m49.8s/10m00.0s

running (07m50.7s), 200/200 VUs, 2282 complete and 0 interrupted iterations
normal_day   [  78% ] 200/200 VUs  07m50.8s/10m00.0s

running (07m51.7s), 200/200 VUs, 2284 complete and 0 interrupted iterations
normal_day   [  79% ] 200/200 VUs  07m51.8s/10m00.0s

running (07m52.7s), 200/200 VUs, 2287 complete and 0 interrupted iterations
normal_day   [  79% ] 200/200 VUs  07m52.8s/10m00.0s

running (07m53.7s), 200/200 VUs, 2288 complete and 0 interrupted iterations
normal_day   [  79% ] 200/200 VUs  07m53.8s/10m00.0s

running (07m54.7s), 200/200 VUs, 2291 complete and 0 interrupted iterations
normal_day   [  79% ] 200/200 VUs  07m54.8s/10m00.0s

running (07m55.7s), 200/200 VUs, 2291 complete and 0 interrupted iterations
normal_day   [  79% ] 200/200 VUs  07m55.8s/10m00.0s

running (07m56.7s), 200/200 VUs, 2291 complete and 0 interrupted iterations
normal_day   [  79% ] 200/200 VUs  07m56.8s/10m00.0s

running (07m57.7s), 200/200 VUs, 2293 complete and 0 interrupted iterations
normal_day   [  80% ] 200/200 VUs  07m57.8s/10m00.0s

running (07m58.7s), 200/200 VUs, 2300 complete and 0 interrupted iterations
normal_day   [  80% ] 200/200 VUs  07m58.8s/10m00.0s

running (07m59.7s), 200/200 VUs, 2308 complete and 0 interrupted iterations
normal_day   [  80% ] 200/200 VUs  07m59.8s/10m00.0s

running (08m00.7s), 200/200 VUs, 2312 complete and 0 interrupted iterations
normal_day   [  80% ] 200/200 VUs  08m00.8s/10m00.0s

running (08m01.7s), 200/200 VUs, 2316 complete and 0 interrupted iterations
normal_day   [  80% ] 200/200 VUs  08m01.8s/10m00.0s

running (08m02.7s), 200/200 VUs, 2318 complete and 0 interrupted iterations
normal_day   [  80% ] 200/200 VUs  08m02.8s/10m00.0s

running (08m03.7s), 200/200 VUs, 2320 complete and 0 interrupted iterations
normal_day   [  81% ] 200/200 VUs  08m03.8s/10m00.0s

running (08m04.7s), 200/200 VUs, 2323 complete and 0 interrupted iterations
normal_day   [  81% ] 200/200 VUs  08m04.8s/10m00.0s

running (08m05.7s), 199/200 VUs, 2324 complete and 0 interrupted iterations
normal_day   [  81% ] 199/200 VUs  08m05.8s/10m00.0s

running (08m06.7s), 199/200 VUs, 2330 complete and 0 interrupted iterations
normal_day   [  81% ] 199/200 VUs  08m06.8s/10m00.0s

running (08m07.7s), 198/200 VUs, 2331 complete and 0 interrupted iterations
normal_day   [  81% ] 198/200 VUs  08m07.8s/10m00.0s

running (08m08.7s), 198/200 VUs, 2334 complete and 0 interrupted iterations
normal_day   [  81% ] 198/200 VUs  08m08.8s/10m00.0s

running (08m09.7s), 198/200 VUs, 2334 complete and 0 interrupted iterations
normal_day   [  82% ] 198/200 VUs  08m09.8s/10m00.0s

running (08m10.7s), 198/200 VUs, 2338 complete and 0 interrupted iterations
normal_day   [  82% ] 198/200 VUs  08m10.8s/10m00.0s

running (08m11.7s), 198/200 VUs, 2346 complete and 0 interrupted iterations
normal_day   [  82% ] 198/200 VUs  08m11.8s/10m00.0s

running (08m12.7s), 196/200 VUs, 2352 complete and 0 interrupted iterations
normal_day   [  82% ] 196/200 VUs  08m12.8s/10m00.0s

running (08m13.7s), 196/200 VUs, 2357 complete and 0 interrupted iterations
normal_day   [  82% ] 196/200 VUs  08m13.8s/10m00.0s

running (08m14.7s), 196/200 VUs, 2362 complete and 0 interrupted iterations
normal_day   [  82% ] 196/200 VUs  08m14.8s/10m00.0s

running (08m15.7s), 196/200 VUs, 2363 complete and 0 interrupted iterations
normal_day   [  83% ] 196/200 VUs  08m15.8s/10m00.0s

running (08m16.7s), 196/200 VUs, 2364 complete and 0 interrupted iterations
normal_day   [  83% ] 196/200 VUs  08m16.8s/10m00.0s

running (08m17.7s), 196/200 VUs, 2367 complete and 0 interrupted iterations
normal_day   [  83% ] 196/200 VUs  08m17.8s/10m00.0s

running (08m18.7s), 194/200 VUs, 2371 complete and 0 interrupted iterations
normal_day   [  83% ] 194/200 VUs  08m18.8s/10m00.0s

running (08m19.7s), 194/200 VUs, 2374 complete and 0 interrupted iterations
normal_day   [  83% ] 194/200 VUs  08m19.8s/10m00.0s

running (08m20.7s), 194/200 VUs, 2377 complete and 0 interrupted iterations
normal_day   [  83% ] 194/200 VUs  08m20.8s/10m00.0s

running (08m21.7s), 193/200 VUs, 2387 complete and 0 interrupted iterations
normal_day   [  84% ] 193/200 VUs  08m21.8s/10m00.0s

running (08m22.7s), 192/200 VUs, 2393 complete and 0 interrupted iterations
normal_day   [  84% ] 192/200 VUs  08m22.8s/10m00.0s

running (08m23.7s), 190/200 VUs, 2396 complete and 0 interrupted iterations
normal_day   [  84% ] 190/200 VUs  08m23.8s/10m00.0s

running (08m24.7s), 190/200 VUs, 2401 complete and 0 interrupted iterations
normal_day   [  84% ] 190/200 VUs  08m24.8s/10m00.0s

running (08m25.7s), 188/200 VUs, 2406 complete and 0 interrupted iterations
normal_day   [  84% ] 188/200 VUs  08m25.8s/10m00.0s

running (08m26.7s), 186/200 VUs, 2411 complete and 0 interrupted iterations
normal_day   [  84% ] 186/200 VUs  08m26.8s/10m00.0s

running (08m27.7s), 186/200 VUs, 2413 complete and 0 interrupted iterations
normal_day   [  85% ] 186/200 VUs  08m27.8s/10m00.0s

running (08m28.7s), 186/200 VUs, 2414 complete and 0 interrupted iterations
normal_day   [  85% ] 186/200 VUs  08m28.8s/10m00.0s

running (08m29.7s), 185/200 VUs, 2422 complete and 0 interrupted iterations
normal_day   [  85% ] 185/200 VUs  08m29.8s/10m00.0s

running (08m30.7s), 184/200 VUs, 2427 complete and 1 interrupted iterations
normal_day   [  85% ] 184/200 VUs  08m30.8s/10m00.0s

running (08m31.7s), 180/200 VUs, 2432 complete and 2 interrupted iterations
normal_day   [  85% ] 180/200 VUs  08m31.8s/10m00.0s

running (08m32.7s), 178/200 VUs, 2439 complete and 2 interrupted iterations
normal_day   [  85% ] 178/200 VUs  08m32.8s/10m00.0s

running (08m33.7s), 173/200 VUs, 2447 complete and 3 interrupted iterations
normal_day   [  86% ] 173/200 VUs  08m33.8s/10m00.0s

running (08m34.7s), 173/200 VUs, 2452 complete and 3 interrupted iterations
normal_day   [  86% ] 173/200 VUs  08m34.8s/10m00.0s

running (08m35.7s), 172/200 VUs, 2455 complete and 4 interrupted iterations
normal_day   [  86% ] 172/200 VUs  08m35.8s/10m00.0s

running (08m36.7s), 169/200 VUs, 2459 complete and 5 interrupted iterations
normal_day   [  86% ] 169/200 VUs  08m36.8s/10m00.0s

running (08m37.7s), 167/200 VUs, 2464 complete and 6 interrupted iterations
normal_day   [  86% ] 167/200 VUs  08m37.8s/10m00.0s

running (08m38.7s), 162/200 VUs, 2472 complete and 8 interrupted iterations
normal_day   [  86% ] 162/200 VUs  08m38.8s/10m00.0s

running (08m39.7s), 160/200 VUs, 2477 complete and 8 interrupted iterations
normal_day   [  87% ] 160/200 VUs  08m39.8s/10m00.0s

running (08m40.7s), 158/200 VUs, 2482 complete and 8 interrupted iterations
normal_day   [  87% ] 158/200 VUs  08m40.8s/10m00.0s

running (08m41.7s), 156/200 VUs, 2494 complete and 9 interrupted iterations
normal_day   [  87% ] 156/200 VUs  08m41.8s/10m00.0s

running (08m42.7s), 153/200 VUs, 2501 complete and 10 interrupted iterations
normal_day   [  87% ] 153/200 VUs  08m42.8s/10m00.0s

running (08m43.7s), 153/200 VUs, 2503 complete and 10 interrupted iterations
normal_day   [  87% ] 153/200 VUs  08m43.8s/10m00.0s

running (08m44.7s), 153/200 VUs, 2505 complete and 10 interrupted iterations
normal_day   [  87% ] 153/200 VUs  08m44.8s/10m00.0s

running (08m45.7s), 153/200 VUs, 2506 complete and 10 interrupted iterations
normal_day   [  88% ] 153/200 VUs  08m45.8s/10m00.0s

running (08m46.7s), 153/200 VUs, 2507 complete and 10 interrupted iterations
normal_day   [  88% ] 153/200 VUs  08m46.8s/10m00.0s

running (08m47.7s), 151/200 VUs, 2510 complete and 11 interrupted iterations
normal_day   [  88% ] 151/200 VUs  08m47.8s/10m00.0s

running (08m48.7s), 151/200 VUs, 2510 complete and 11 interrupted iterations
normal_day   [  88% ] 151/200 VUs  08m48.8s/10m00.0s

running (08m49.7s), 149/200 VUs, 2512 complete and 12 interrupted iterations
normal_day   [  88% ] 149/200 VUs  08m49.8s/10m00.0s

running (08m50.7s), 149/200 VUs, 2518 complete and 12 interrupted iterations
normal_day   [  88% ] 149/200 VUs  08m50.8s/10m00.0s

running (08m51.7s), 149/200 VUs, 2521 complete and 12 interrupted iterations
normal_day   [  89% ] 149/200 VUs  08m51.8s/10m00.0s

running (08m52.7s), 149/200 VUs, 2521 complete and 12 interrupted iterations
normal_day   [  89% ] 149/200 VUs  08m52.8s/10m00.0s

running (08m53.7s), 147/200 VUs, 2522 complete and 14 interrupted iterations
normal_day   [  89% ] 147/200 VUs  08m53.8s/10m00.0s

running (08m54.7s), 146/200 VUs, 2522 complete and 15 interrupted iterations
normal_day   [  89% ] 146/200 VUs  08m54.8s/10m00.0s

running (08m55.7s), 145/200 VUs, 2525 complete and 15 interrupted iterations
normal_day   [  89% ] 145/200 VUs  08m55.8s/10m00.0s

running (08m56.7s), 144/200 VUs, 2526 complete and 16 interrupted iterations
normal_day   [  89% ] 144/200 VUs  08m56.8s/10m00.0s

running (08m57.7s), 144/200 VUs, 2527 complete and 16 interrupted iterations
normal_day   [  90% ] 144/200 VUs  08m57.8s/10m00.0s

running (08m58.7s), 143/200 VUs, 2527 complete and 17 interrupted iterations
normal_day   [  90% ] 143/200 VUs  08m58.8s/10m00.0s

running (08m59.7s), 141/200 VUs, 2529 complete and 18 interrupted iterations
normal_day   [  90% ] 141/200 VUs  08m59.8s/10m00.0s

running (09m00.7s), 140/200 VUs, 2533 complete and 18 interrupted iterations
normal_day   [  90% ] 140/200 VUs  09m00.8s/10m00.0s

running (09m01.7s), 135/200 VUs, 2543 complete and 19 interrupted iterations
normal_day   [  90% ] 135/200 VUs  09m01.8s/10m00.0s

running (09m02.7s), 134/200 VUs, 2550 complete and 19 interrupted iterations
normal_day   [  90% ] 134/200 VUs  09m02.8s/10m00.0s

running (09m03.7s), 128/200 VUs, 2558 complete and 21 interrupted iterations
normal_day   [  91% ] 128/200 VUs  09m03.8s/10m00.0s

running (09m04.7s), 127/200 VUs, 2562 complete and 21 interrupted iterations
normal_day   [  91% ] 127/200 VUs  09m04.8s/10m00.0s

running (09m05.7s), 124/200 VUs, 2563 complete and 23 interrupted iterations
normal_day   [  91% ] 124/200 VUs  09m05.8s/10m00.0s

running (09m06.7s), 123/200 VUs, 2565 complete and 23 interrupted iterations
normal_day   [  91% ] 123/200 VUs  09m06.8s/10m00.0s

running (09m07.7s), 123/200 VUs, 2566 complete and 23 interrupted iterations
normal_day   [  91% ] 123/200 VUs  09m07.8s/10m00.0s

running (09m08.7s), 121/200 VUs, 2567 complete and 24 interrupted iterations
normal_day   [  91% ] 121/200 VUs  09m08.8s/10m00.0s

running (09m09.7s), 119/200 VUs, 2570 complete and 25 interrupted iterations
normal_day   [  92% ] 119/200 VUs  09m09.8s/10m00.0s

running (09m10.7s), 119/200 VUs, 2570 complete and 25 interrupted iterations
normal_day   [  92% ] 119/200 VUs  09m10.8s/10m00.0s

running (09m11.7s), 118/200 VUs, 2570 complete and 26 interrupted iterations
normal_day   [  92% ] 118/200 VUs  09m11.8s/10m00.0s

running (09m12.7s), 115/200 VUs, 2572 complete and 28 interrupted iterations
normal_day   [  92% ] 115/200 VUs  09m12.8s/10m00.0s

running (09m13.7s), 114/200 VUs, 2574 complete and 29 interrupted iterations
normal_day   [  92% ] 114/200 VUs  09m13.8s/10m00.0s

running (09m14.7s), 112/200 VUs, 2575 complete and 30 interrupted iterations
normal_day   [  92% ] 112/200 VUs  09m14.8s/10m00.0s

running (09m15.7s), 111/200 VUs, 2576 complete and 31 interrupted iterations
normal_day   [  93% ] 111/200 VUs  09m15.8s/10m00.0s

running (09m16.7s), 110/200 VUs, 2577 complete and 32 interrupted iterations
normal_day   [  93% ] 110/200 VUs  09m16.8s/10m00.0s

running (09m17.7s), 108/200 VUs, 2578 complete and 33 interrupted iterations
normal_day   [  93% ] 108/200 VUs  09m17.8s/10m00.0s

running (09m18.7s), 106/200 VUs, 2580 complete and 33 interrupted iterations
normal_day   [  93% ] 106/200 VUs  09m18.8s/10m00.0s

running (09m19.7s), 102/200 VUs, 2587 complete and 34 interrupted iterations
normal_day   [  93% ] 102/200 VUs  09m19.8s/10m00.0s

running (09m20.7s), 097/200 VUs, 2601 complete and 35 interrupted iterations
normal_day   [  93% ] 097/200 VUs  09m20.8s/10m00.0s

running (09m21.7s), 095/200 VUs, 2604 complete and 36 interrupted iterations
normal_day   [  94% ] 095/200 VUs  09m21.8s/10m00.0s

running (09m22.7s), 093/200 VUs, 2605 complete and 37 interrupted iterations
normal_day   [  94% ] 093/200 VUs  09m22.8s/10m00.0s

running (09m23.7s), 090/200 VUs, 2608 complete and 37 interrupted iterations
normal_day   [  94% ] 090/200 VUs  09m23.8s/10m00.0s

running (09m24.7s), 089/200 VUs, 2608 complete and 38 interrupted iterations
normal_day   [  94% ] 089/200 VUs  09m24.8s/10m00.0s

running (09m25.7s), 089/200 VUs, 2609 complete and 38 interrupted iterations
normal_day   [  94% ] 089/200 VUs  09m25.8s/10m00.0s

running (09m26.7s), 089/200 VUs, 2609 complete and 38 interrupted iterations
normal_day   [  94% ] 089/200 VUs  09m26.8s/10m00.0s

running (09m27.7s), 089/200 VUs, 2610 complete and 38 interrupted iterations
normal_day   [  95% ] 089/200 VUs  09m27.8s/10m00.0s

running (09m28.7s), 088/200 VUs, 2612 complete and 38 interrupted iterations
normal_day   [  95% ] 088/200 VUs  09m28.8s/10m00.0s

running (09m29.7s), 087/200 VUs, 2613 complete and 39 interrupted iterations
normal_day   [  95% ] 087/200 VUs  09m29.8s/10m00.0s

running (09m30.7s), 085/200 VUs, 2620 complete and 40 interrupted iterations
normal_day   [  95% ] 085/200 VUs  09m30.8s/10m00.0s

running (09m31.7s), 085/200 VUs, 2621 complete and 40 interrupted iterations
normal_day   [  95% ] 085/200 VUs  09m31.8s/10m00.0s

running (09m32.7s), 084/200 VUs, 2622 complete and 40 interrupted iterations
normal_day   [  95% ] 084/200 VUs  09m32.8s/10m00.0s

running (09m33.7s), 083/200 VUs, 2622 complete and 41 interrupted iterations
normal_day   [  96% ] 083/200 VUs  09m33.8s/10m00.0s

running (09m34.7s), 079/200 VUs, 2626 complete and 42 interrupted iterations
normal_day   [  96% ] 079/200 VUs  09m34.8s/10m00.0s

running (09m35.7s), 074/200 VUs, 2629 complete and 44 interrupted iterations
normal_day   [  96% ] 074/200 VUs  09m35.8s/10m00.0s

running (09m36.7s), 068/200 VUs, 2636 complete and 46 interrupted iterations
normal_day   [  96% ] 068/200 VUs  09m36.8s/10m00.0s

running (09m37.7s), 066/200 VUs, 2642 complete and 46 interrupted iterations
normal_day   [  96% ] 066/200 VUs  09m37.8s/10m00.0s

running (09m38.7s), 065/200 VUs, 2647 complete and 46 interrupted iterations
normal_day   [  96% ] 065/200 VUs  09m38.8s/10m00.0s

running (09m39.7s), 064/200 VUs, 2647 complete and 47 interrupted iterations
normal_day   [  97% ] 064/200 VUs  09m39.8s/10m00.0s

running (09m40.7s), 064/200 VUs, 2648 complete and 47 interrupted iterations
normal_day   [  97% ] 064/200 VUs  09m40.8s/10m00.0s

running (09m41.7s), 062/200 VUs, 2653 complete and 47 interrupted iterations
normal_day   [  97% ] 062/200 VUs  09m41.8s/10m00.0s

running (09m42.7s), 058/200 VUs, 2659 complete and 49 interrupted iterations
normal_day   [  97% ] 058/200 VUs  09m42.8s/10m00.0s

running (09m43.7s), 056/200 VUs, 2661 complete and 50 interrupted iterations
normal_day   [  97% ] 056/200 VUs  09m43.8s/10m00.0s

running (09m44.7s), 053/200 VUs, 2666 complete and 50 interrupted iterations
normal_day   [  97% ] 053/200 VUs  09m44.8s/10m00.0s

running (09m45.7s), 053/200 VUs, 2666 complete and 50 interrupted iterations
normal_day   [  98% ] 053/200 VUs  09m45.8s/10m00.0s

running (09m46.7s), 049/200 VUs, 2673 complete and 50 interrupted iterations
normal_day   [  98% ] 049/200 VUs  09m46.8s/10m00.0s

running (09m47.7s), 047/200 VUs, 2677 complete and 50 interrupted iterations
normal_day   [  98% ] 047/200 VUs  09m47.8s/10m00.0s

running (09m48.7s), 045/200 VUs, 2681 complete and 50 interrupted iterations
normal_day   [  98% ] 045/200 VUs  09m48.8s/10m00.0s

running (09m49.7s), 045/200 VUs, 2682 complete and 50 interrupted iterations
normal_day   [  98% ] 045/200 VUs  09m49.8s/10m00.0s

running (09m50.7s), 044/200 VUs, 2683 complete and 50 interrupted iterations
normal_day   [  98% ] 044/200 VUs  09m50.8s/10m00.0s

running (09m51.7s), 042/200 VUs, 2686 complete and 51 interrupted iterations
normal_day   [  99% ] 042/200 VUs  09m51.8s/10m00.0s

running (09m52.7s), 039/200 VUs, 2691 complete and 51 interrupted iterations
normal_day   [  99% ] 039/200 VUs  09m52.8s/10m00.0s

running (09m53.7s), 032/200 VUs, 2699 complete and 52 interrupted iterations
normal_day   [  99% ] 032/200 VUs  09m53.8s/10m00.0s

running (09m54.7s), 029/200 VUs, 2702 complete and 52 interrupted iterations
normal_day   [  99% ] 029/200 VUs  09m54.8s/10m00.0s

running (09m55.7s), 026/200 VUs, 2706 complete and 52 interrupted iterations
normal_day   [  99% ] 026/200 VUs  09m55.8s/10m00.0s

running (09m56.7s), 024/200 VUs, 2707 complete and 53 interrupted iterations
normal_day   [  99% ] 024/200 VUs  09m56.8s/10m00.0s

running (09m57.7s), 023/200 VUs, 2707 complete and 54 interrupted iterations
normal_day   [ 100% ] 023/200 VUs  09m57.8s/10m00.0s

running (09m58.7s), 022/200 VUs, 2708 complete and 54 interrupted iterations
normal_day   [ 100% ] 022/200 VUs  09m58.8s/10m00.0s

running (09m59.7s), 018/200 VUs, 2711 complete and 55 interrupted iterations
normal_day   [ 100% ] 018/200 VUs  09m59.8s/10m00.0s

running (10m00.7s), 018/200 VUs, 2711 complete and 55 interrupted iterations
normal_day ↓ [ 100% ] 018/200 VUs  10m0s

running (10m01.7s), 015/200 VUs, 2714 complete and 55 interrupted iterations
normal_day ↓ [ 100% ] 018/200 VUs  10m0s

running (10m02.7s), 014/200 VUs, 2715 complete and 55 interrupted iterations
normal_day ↓ [ 100% ] 018/200 VUs  10m0s

running (10m03.7s), 012/200 VUs, 2717 complete and 55 interrupted iterations
normal_day ↓ [ 100% ] 018/200 VUs  10m0s

running (10m04.7s), 010/200 VUs, 2719 complete and 55 interrupted iterations
normal_day ↓ [ 100% ] 018/200 VUs  10m0s

running (10m05.7s), 007/200 VUs, 2722 complete and 55 interrupted iterations
normal_day ↓ [ 100% ] 018/200 VUs  10m0s

running (10m06.7s), 006/200 VUs, 2723 complete and 55 interrupted iterations
normal_day ↓ [ 100% ] 018/200 VUs  10m0s

running (10m07.7s), 006/200 VUs, 2723 complete and 55 interrupted iterations
normal_day ↓ [ 100% ] 018/200 VUs  10m0s

running (10m08.7s), 005/200 VUs, 2724 complete and 55 interrupted iterations
normal_day ↓ [ 100% ] 018/200 VUs  10m0s

running (10m09.7s), 004/200 VUs, 2725 complete and 55 interrupted iterations
normal_day ↓ [ 100% ] 018/200 VUs  10m0s

running (10m10.7s), 003/200 VUs, 2726 complete and 55 interrupted iterations
normal_day ↓ [ 100% ] 018/200 VUs  10m0s

running (10m11.7s), 003/200 VUs, 2726 complete and 55 interrupted iterations
normal_day ↓ [ 100% ] 018/200 VUs  10m0s

running (10m12.7s), 002/200 VUs, 2727 complete and 55 interrupted iterations
normal_day ↓ [ 100% ] 018/200 VUs  10m0s

running (10m13.7s), 002/200 VUs, 2727 complete and 55 interrupted iterations
normal_day ↓ [ 100% ] 018/200 VUs  10m0s

running (10m14.7s), 001/200 VUs, 2728 complete and 55 interrupted iterations
normal_day ↓ [ 100% ] 018/200 VUs  10m0s

running (10m15.7s), 001/200 VUs, 2728 complete and 55 interrupted iterations
normal_day ↓ [ 100% ] 018/200 VUs  10m0s

running (10m16.7s), 001/200 VUs, 2728 complete and 55 interrupted iterations
normal_day ↓ [ 100% ] 018/200 VUs  10m0s
[32m     ✓ login 200[0m
[32m     ✓ board list 200[0m
[32m     ✓ post detail 200[0m
[32m     ✓ hot daily 200[0m
[32m     ✓ meal today 200[0m
[32m     ✓ post reaction 2xx[0m
[32m     ✓ chat rooms 200[0m
[32m     ✓ unread count 200[0m
[32m     ✓ post list 200[0m
[32m     ✓ notif list 200[0m
[32m     ✓ timetable today 200[0m
[32m     ✓ chat messages 200[0m
[32m     ✓ read one 200[0m
[32m     ✓ post create 2xx[0m
[32m     ✓ chat read 200[0m
[32m     ✓ comment list 200[0m
[32m     ✓ friend list 200[0m
[32m     ✓ user info 200[0m
[32m     ✓ my posts 200[0m
[32m     ✓ comment create 2xx[0m
[32m     ✓ received reqs 200[0m
[32m     ✓ post search 200[0m
[32m     ✓ post update 200[0m
[32m     ✓ post delete 200[0m
[32m     ✓ read all 200[0m
[32m     ✓ logout 200[0m
[32m     ✓ scrap 2xx[0m
[32m     ✓ ws handshake 101[0m
[32m     ✓ comment reaction 200[0m
[32m     ✓ refresh 200[0m
[32m     ✓ meal month 200[0m

     auth_token_refreshes[2m...........:[0m [36m30[0m      [36;2m0.048577/s[0m
     chat_ws_messages_sent[2m..........:[0m [36m796[0m     [36;2m1.288903/s[0m
     chat_ws_rtt[2m....................:[0m avg=[36m3.17s[0m   min=[36m15ms[0m    med=[36m2.41s[0m    max=[36m20.2s[0m    p(90)=[36m7.36s[0m    p(95)=[36m9.05s[0m    p(99)=[36m12.6s[0m   
     checks[2m.........................:[0m [36m100.00%[0m [36;2m✓ 12056[0m     [36;2m✗ 0[0m    
     [32m✓[0m { phase:measure }[2m............:[0m [36m100.00%[0m [36;2m✓ 6504[0m      [36;2m✗ 0[0m    
     [32m✓[0m { phase:rampdown }[2m...........:[0m [36m100.00%[0m [36;2m✓ 1853[0m      [36;2m✗ 0[0m    
     [32m✓[0m { phase:warmup }[2m.............:[0m [36m100.00%[0m [36;2m✓ 3699[0m      [36;2m✗ 0[0m    
     data_received[2m..................:[0m [36m489 MB[0m  [36;2m792 kB/s[0m
     data_sent[2m......................:[0m [36m4.9 MB[0m  [36;2m8.0 kB/s[0m
     http_req_blocked[2m...............:[0m avg=[36m20.21µs[0m min=[36m1.8µs[0m   med=[36m6.73µs[0m   max=[36m23.77ms[0m  p(90)=[36m13.38µs[0m  p(95)=[36m16.74µs[0m  p(99)=[36m360.97µs[0m
     http_req_connecting[2m............:[0m avg=[36m8.91µs[0m  min=[36m0s[0m      med=[36m0s[0m       max=[36m23.54ms[0m  p(90)=[36m0s[0m       p(95)=[36m0s[0m       p(99)=[36m236.75µs[0m
     http_req_duration[2m..............:[0m avg=[36m5.52s[0m   min=[36m2.38ms[0m  med=[36m4.8s[0m     max=[36m35.31s[0m   p(90)=[36m11.37s[0m   p(95)=[36m14.58s[0m   p(99)=[36m19.16s[0m  
       { expected_response:true }[2m...:[0m avg=[36m5.52s[0m   min=[36m2.38ms[0m  med=[36m4.8s[0m     max=[36m35.31s[0m   p(90)=[36m11.37s[0m   p(95)=[36m14.58s[0m   p(99)=[36m19.16s[0m  
     [32m✓[0m { feature:auth }[2m.............:[0m avg=[36m2.43s[0m   min=[36m26.88ms[0m med=[36m1.27s[0m    max=[36m14.96s[0m   p(90)=[36m5.77s[0m    p(95)=[36m7.64s[0m    p(99)=[36m10.79s[0m  
     [32m✓[0m { feature:board }[2m............:[0m avg=[36m5.41s[0m   min=[36m3.36ms[0m  med=[36m5.08s[0m    max=[36m19.32s[0m   p(90)=[36m10.72s[0m   p(95)=[36m13.58s[0m   p(99)=[36m15.67s[0m  
     [32m✓[0m { feature:chat }[2m.............:[0m avg=[36m5.7s[0m    min=[36m3.89ms[0m  med=[36m5.11s[0m    max=[36m20.6s[0m    p(90)=[36m11.63s[0m   p(95)=[36m14.28s[0m   p(99)=[36m15.91s[0m  
     [32m✓[0m { feature:comment }[2m..........:[0m avg=[36m7.36s[0m   min=[36m2.38ms[0m  med=[36m6.19s[0m    max=[36m35.31s[0m   p(90)=[36m15.48s[0m   p(95)=[36m19.04s[0m   p(99)=[36m23.45s[0m  
     [32m✓[0m { feature:friend }[2m...........:[0m avg=[36m5.47s[0m   min=[36m4.46ms[0m  med=[36m4.93s[0m    max=[36m17.84s[0m   p(90)=[36m10.54s[0m   p(95)=[36m13.88s[0m   p(99)=[36m16.46s[0m  
     [32m✓[0m { feature:hot }[2m..............:[0m avg=[36m5.28s[0m   min=[36m9.71ms[0m  med=[36m4.64s[0m    max=[36m20.32s[0m   p(90)=[36m10.87s[0m   p(95)=[36m14.33s[0m   p(99)=[36m16.05s[0m  
     [32m✓[0m { feature:mypage }[2m...........:[0m avg=[36m4.94s[0m   min=[36m2.72ms[0m  med=[36m4.42s[0m    max=[36m16.94s[0m   p(90)=[36m10.61s[0m   p(95)=[36m13.64s[0m   p(99)=[36m15.59s[0m  
     [32m✓[0m { feature:notification }[2m.....:[0m avg=[36m5.06s[0m   min=[36m3.39ms[0m  med=[36m4.8s[0m     max=[36m24.08s[0m   p(90)=[36m9.8s[0m     p(95)=[36m12.57s[0m   p(99)=[36m15.7s[0m   
     [32m✓[0m { feature:post }[2m.............:[0m avg=[36m5.05s[0m   min=[36m2.65ms[0m  med=[36m4.37s[0m    max=[36m21.57s[0m   p(90)=[36m10.2s[0m    p(95)=[36m13.17s[0m   p(99)=[36m15.79s[0m  
     [32m✓[0m { feature:reaction }[2m.........:[0m avg=[36m5.37s[0m   min=[36m18.26ms[0m med=[36m4.52s[0m    max=[36m16.79s[0m   p(90)=[36m11.07s[0m   p(95)=[36m14.66s[0m   p(99)=[36m16.45s[0m  
     [32m✓[0m { feature:school }[2m...........:[0m avg=[36m4.62s[0m   min=[36m4.21ms[0m  med=[36m4.09s[0m    max=[36m15.27s[0m   p(90)=[36m9.63s[0m    p(95)=[36m12.33s[0m   p(99)=[36m14.54s[0m  
     [32m✓[0m { feature:scrap }[2m............:[0m avg=[36m5.62s[0m   min=[36m17.24ms[0m med=[36m4.36s[0m    max=[36m16.83s[0m   p(90)=[36m12.91s[0m   p(95)=[36m15.05s[0m   p(99)=[36m16.11s[0m  
     [32m✓[0m { feature:timetable }[2m........:[0m avg=[36m5.06s[0m   min=[36m4.47ms[0m  med=[36m4.42s[0m    max=[36m16.73s[0m   p(90)=[36m9.85s[0m    p(95)=[36m12.94s[0m   p(99)=[36m15.83s[0m  
     [32m✓[0m { op:auth }[2m..................:[0m avg=[36m2.43s[0m   min=[36m26.88ms[0m med=[36m1.27s[0m    max=[36m14.96s[0m   p(90)=[36m5.77s[0m    p(95)=[36m7.64s[0m    p(99)=[36m10.79s[0m  
     [31m✗[0m { op:read,phase:measure }[2m....:[0m avg=[36m6.98s[0m   min=[36m2.65ms[0m  med=[36m6.18s[0m    max=[36m31.09s[0m   p(90)=[36m13.58s[0m   p(95)=[36m15.48s[0m   p(99)=[36m20.32s[0m  
     [31m✗[0m { op:write,phase:measure }[2m...:[0m avg=[36m7.53s[0m   min=[36m3.39ms[0m  med=[36m6.58s[0m    max=[36m21.2s[0m    p(90)=[36m14.93s[0m   p(95)=[36m15.75s[0m   p(99)=[36m19.38s[0m  
     [32m✓[0m { page:0 }[2m...................:[0m avg=[36m3.64s[0m   min=[36m2.65ms[0m  med=[36m3.02s[0m    max=[36m16.97s[0m   p(90)=[36m8.02s[0m    p(95)=[36m9.61s[0m    p(99)=[36m15.34s[0m  
     [32m✓[0m { page:1 }[2m...................:[0m avg=[36m3.78s[0m   min=[36m3.3ms[0m   med=[36m2.83s[0m    max=[36m17.87s[0m   p(90)=[36m8.23s[0m    p(95)=[36m9.93s[0m    p(99)=[36m15.87s[0m  
     [32m✓[0m { page:2 }[2m...................:[0m avg=[36m3.15s[0m   min=[36m6.58ms[0m  med=[36m2.46s[0m    max=[36m12.48s[0m   p(90)=[36m6.91s[0m    p(95)=[36m8.12s[0m    p(99)=[36m10.79s[0m  
     [32m✓[0m { page:3 }[2m...................:[0m avg=[36m3.98s[0m   min=[36m5.67ms[0m  med=[36m3.58s[0m    max=[36m11.96s[0m   p(90)=[36m8.04s[0m    p(95)=[36m9.15s[0m    p(99)=[36m10.22s[0m  
     [32m✓[0m { page:4 }[2m...................:[0m avg=[36m5.01s[0m   min=[36m59.34ms[0m med=[36m4.14s[0m    max=[36m14.59s[0m   p(90)=[36m9.53s[0m    p(95)=[36m12.2s[0m    p(99)=[36m14.5s[0m   
     [32m✓[0m { phase:measure }[2m............:[0m avg=[36m7.01s[0m   min=[36m2.65ms[0m  med=[36m6.2s[0m     max=[36m31.09s[0m   p(90)=[36m13.67s[0m   p(95)=[36m15.5s[0m    p(99)=[36m20.23s[0m  
     [32m✓[0m { phase:rampdown }[2m...........:[0m avg=[36m6.13s[0m   min=[36m2.38ms[0m  med=[36m5.79s[0m    max=[36m29.91s[0m   p(90)=[36m11.4s[0m    p(95)=[36m12.89s[0m   p(99)=[36m18.49s[0m  
     [32m✓[0m { phase:warmup }[2m.............:[0m avg=[36m2.66s[0m   min=[36m2.72ms[0m  med=[36m1.44s[0m    max=[36m35.31s[0m   p(90)=[36m6.96s[0m    p(95)=[36m8.03s[0m    p(99)=[36m13.57s[0m  
     http_req_failed[2m................:[0m [36m0.00%[0m   [36;2m✓ 0[0m         [36;2m✗ 11910[0m
     [32m✓[0m { phase:measure }[2m............:[0m [36m0.00%[0m   [36;2m✓ 0[0m         [36;2m✗ 6492[0m 
     [32m✓[0m { phase:rampdown }[2m...........:[0m [36m0.00%[0m   [36;2m✓ 0[0m         [36;2m✗ 1656[0m 
     [32m✓[0m { phase:warmup }[2m.............:[0m [36m0.00%[0m   [36;2m✓ 0[0m         [36;2m✗ 3762[0m 
     http_req_receiving[2m.............:[0m avg=[36m1.95ms[0m  min=[36m21.84µs[0m med=[36m316.51µs[0m max=[36m200.64ms[0m p(90)=[36m950.45µs[0m p(95)=[36m2.83ms[0m   p(99)=[36m70.79ms[0m 
     http_req_sending[2m...............:[0m avg=[36m54.01µs[0m min=[36m5.65µs[0m  med=[36m36.3µs[0m   max=[36m25.05ms[0m  p(90)=[36m97.46µs[0m  p(95)=[36m113.41µs[0m p(99)=[36m193.62µs[0m
     http_req_tls_handshaking[2m.......:[0m avg=[36m0s[0m      min=[36m0s[0m      med=[36m0s[0m       max=[36m0s[0m       p(90)=[36m0s[0m       p(95)=[36m0s[0m       p(99)=[36m0s[0m      
     http_req_waiting[2m...............:[0m avg=[36m5.51s[0m   min=[36m2.3ms[0m   med=[36m4.8s[0m     max=[36m35.28s[0m   p(90)=[36m11.37s[0m   p(95)=[36m14.58s[0m   p(99)=[36m19.16s[0m  
     http_reqs[2m......................:[0m [36m11910[0m   [36;2m19.28497/s[0m
     [32m✓[0m { feature:auth }[2m.............:[0m [36m288[0m     [36;2m0.466337/s[0m
     [32m✓[0m { feature:board }[2m............:[0m [36m1088[0m    [36;2m1.761717/s[0m
     [32m✓[0m { feature:chat }[2m.............:[0m [36m904[0m     [36;2m1.463779/s[0m
     [32m✓[0m { feature:comment }[2m..........:[0m [36m2129[0m    [36;2m3.44733/s[0m
     [32m✓[0m { feature:friend }[2m...........:[0m [36m213[0m     [36;2m0.344895/s[0m
     [32m✓[0m { feature:hot }[2m..............:[0m [36m1088[0m    [36;2m1.761717/s[0m
     [32m✓[0m { feature:mypage }[2m...........:[0m [36m180[0m     [36;2m0.291461/s[0m
     [32m✓[0m { feature:notification }[2m.....:[0m [36m504[0m     [36;2m0.816089/s[0m
     [32m✓[0m { feature:post }[2m.............:[0m [36m5039[0m    [36;2m8.159275/s[0m
     [32m✓[0m { feature:reaction }[2m.........:[0m [36m236[0m     [36;2m0.382137/s[0m
     [32m✓[0m { feature:school }[2m...........:[0m [36m94[0m      [36;2m0.152207/s[0m
     [32m✓[0m { feature:scrap }[2m............:[0m [36m64[0m      [36;2m0.10363/s[0m
     [32m✓[0m { feature:timetable }[2m........:[0m [36m83[0m      [36;2m0.134396/s[0m
     [32m✓[0m { op:auth }[2m..................:[0m [36m288[0m     [36;2m0.466337/s[0m
     [32m✓[0m { op:read }[2m..................:[0m [36m10723[0m   [36;2m17.36295/s[0m
     [32m✓[0m { op:write }[2m.................:[0m [36m899[0m     [36;2m1.455683/s[0m
     [32m✓[0m { page:0 }[2m...................:[0m [36m625[0m     [36;2m1.012016/s[0m
     [32m✓[0m { page:1 }[2m...................:[0m [36m218[0m     [36;2m0.352991/s[0m
     [32m✓[0m { page:2 }[2m...................:[0m [36m112[0m     [36;2m0.181353/s[0m
     [32m✓[0m { page:3 }[2m...................:[0m [36m81[0m      [36;2m0.131157/s[0m
     [32m✓[0m { page:4 }[2m...................:[0m [36m49[0m      [36;2m0.079342/s[0m
     [32m✓[0m { phase:measure }[2m............:[0m [36m6492[0m    [36;2m10.512009/s[0m
     [32m✓[0m { phase:rampdown }[2m...........:[0m [36m1656[0m    [36;2m2.681437/s[0m
     [32m✓[0m { phase:warmup }[2m.............:[0m [36m3762[0m    [36;2m6.091525/s[0m
     iteration_duration[2m.............:[0m avg=[36m33.17s[0m  min=[36m1.2s[0m    med=[36m24.47s[0m   max=[36m2m3s[0m     p(90)=[36m1m14s[0m    p(95)=[36m1m27s[0m    p(99)=[36m1m45s[0m   
     iterations[2m.....................:[0m [36m2729[0m    [36;2m4.418865/s[0m
     [32m✓[0m { phase:measure }[2m............:[0m [36m0[0m       [36;2m0/s[0m
     [32m✓[0m { phase:rampdown }[2m...........:[0m [36m0[0m       [36;2m0/s[0m
     [32m✓[0m { phase:warmup }[2m.............:[0m [36m0[0m       [36;2m0/s[0m
     phase_iterations[2m...............:[0m [36m2729[0m    [36;2m4.418865/s[0m
     [32m✓[0m { phase:measure }[2m............:[0m [36m1520[0m    [36;2m2.461222/s[0m
     [32m✓[0m { phase:rampdown }[2m...........:[0m [36m419[0m     [36;2m0.678455/s[0m
     [32m✓[0m { phase:warmup }[2m.............:[0m [36m790[0m     [36;2m1.279188/s[0m
     vus[2m............................:[0m [36m1[0m       [36;2mmin=0[0m       [36;2mmax=200[0m
     vus_max[2m........................:[0m [36m200[0m     [36;2mmin=200[0m     [36;2mmax=200[0m
     ws_connecting[2m..................:[0m avg=[36m4.35s[0m   min=[36m3.4ms[0m   med=[36m3.59s[0m    max=[36m18.73s[0m   p(90)=[36m9.42s[0m    p(95)=[36m10.24s[0m   p(99)=[36m14.06s[0m  
     ws_msgs_received[2m...............:[0m [36m803[0m     [36;2m1.300238/s[0m
     ws_msgs_sent[2m...................:[0m [36m1090[0m    [36;2m1.764955/s[0m
     ws_session_duration[2m............:[0m avg=[36m27.27s[0m  min=[36m17.08s[0m  med=[36m26.97s[0m   max=[36m41.86s[0m   p(90)=[36m34.97s[0m   p(95)=[36m37.14s[0m   p(99)=[36m41.02s[0m  
     ws_sessions[2m....................:[0m [36m147[0m     [36;2m0.238026/s[0m
running (10m17.6s), 000/200 VUs, 2729 complete and 55 interrupted iterations
normal_day ✓ [ 100% ] 000/200 VUs  10m0s
  호스트(Windows) 122표본 · CPU 27.1% (max 49.4) · 주파수 101.5% (min 71.7) · 대기스레드 10.45 · 가용메모리 3375MB
  부하 중 벤치(warmup +60초, 3회 중앙값) · single 5766ms (유휴 대비 10.4%) · parallel 5292ms (유휴 대비 1.5%) · ctxswitch 2661ms (유휴 대비 21.8%)

  실행 후 상태 sha256:baf26df9f262 — chat_messages.maxId +796, chat_messages.count +790, comments.count +137, comments.maxId +137, notifications.count +137 (외 13개)
    (지문 제외 항목: posts.sumViewCount +3214, daily_hot_post.count +51)
Prometheus 스크레이프 대기 20초...

══════════════════════════════════════════════════════════════════════════
  Performance Report — normal-day   Run #101   ❌ FAIL
══════════════════════════════════════════════════════════════════════════
  환경 perf  |  브랜치 personal/localdocs  |  커밋 3e96d946  |  빌드 local
  시작 2026-08-20 10:22:00 KST  |  수행 10m 18s  |  VU max 200
  데이터셋 medium  |  부하 ramping-vus 0→200@3m0s→200@5m0s→0@2m0s

  ── 성능 (measure 구간) ─────────────────────────────────────────
  평균 7.02s     P95 15.51s    P99 20.24s   
  RPS  21.6      TPS 5.07      오류율 0.00%

  ── 인프라 ────────────────────────────────────────────────────────
  CPU  2.00 core (한계의 100%)   throttled 99.9%
  Heap 770 MB (75%)   GC max 105ms × 94회
  DB   slow 928  QPS 5,678  풀 100%  대기 181
  Redis hit 98.6%  ops 114.0/s  evicted 0

  ── 회귀 (기준: normal-day-2026-08-19T14-20-01) ────────────────
  ⚠  기준선은 당시 k6 threshold 미통과 실행입니다, 당시 Node 판정 FAIL.
     아래 증감률은 개선/악화 폭이며 현재 SLO 통과를 뜻하지 않습니다.
  ❌ P95 응답시간                   10.94s → 15.51s (+41.7%)
       15505 > 상한 500
       직전 대비 +41.7% 악화 (허용 20%)
  ❌ P99 응답시간                   14.99s → 20.24s (+35.1%)
       20238 > 상한 1200
       직전 대비 +35.1% 악화 (허용 30%)
  ❌ 평균 응답시간                    5.59s → 7.02s (+25.6%)
       직전 대비 +25.6% 악화 (허용 25%)
  ⚠️  TPS (초당 트랜잭션)              6.0/s → 5.1/s (-14.9%)
       직전 대비 +14.9% 악화 (경고 10%)
  ⚠️  RPS (초당 요청)                25.4/s → 21.6/s (-14.6%)
       직전 대비 +14.6% 악화 (경고 10%)
  ❌ CPU 포화도 (한계 대비 최대)         100.1% → 100.1% (+0.0%)
       100 > 상한 95.00
  ❌ CPU throttling 비율          99.8% → 99.9% (+0.1%)
       99.90 > 상한 10.00
  ❌ HikariCP 포화도               100.0% → 100.0% (0.0%)
       100 > 상한 95.00
  ❌ HikariCP 대기 스레드 최대         195 → 181 (-7.2%)
       181 > 상한 5.00
  ❌ 커넥션 획득 p95                 6.83s → 8.58s (+25.7%)
       8581 > 상한 100

  ── 병목 가설 ─────────────────────────────────────────────────────
  • CPU throttling 발생
    cgroup이 CPU를 강제 회수한 주기가 99.9%다. CPU 한계(2 core)를 올리거나 요청당 CPU 사용을 줄여야 p99가 안정된다.
  • DB 커넥션 풀 대기 발생
    최대 181개 스레드가 커넥션을 기다렸다. 풀 크기(10)가 동시성 대비 부족하거나, 커넥션 보유 시간이 긴 쿼리가 있다.
  • DB 커넥션 풀 포화
    풀 사용률이 100%까지 올라갔다. 여유가 거의 없어 부하가 조금만 늘어도 대기가 생긴다.
  • CPU 포화
    CPU 사용이 한계의 100%에 도달했다.

  보고서 : reports\runs\normal-day-2026-08-20T01-32-18\report.html
  Grafana(전체 실행): http://localhost:3001/d/htd-perf-overview/highteenday-performance-overview?from=1787188800690&to=1787189658270
  Grafana(measure) : http://localhost:3001/d/htd-perf-overview/highteenday-performance-overview?from=1787188980690&to=1787189520690
══════════════════════════════════════════════════════════════════════════

  [1/3] p95 15505.4ms · 평균 7018.0ms · 서버측 6737.0ms · 경로 281.0ms

──────── [2/3] 리셋 (restart) ────────

▶ k6 run scenarios/normal-day.js
  브랜치 personal/localdocs · 커밋 3e96d9463207 · 실행자 user@DESKTOP-DJJPASG
  환경 perf · "clock-pinned control set (E-49) — repeatability 2/3"
  데이터셋 medium · 상태 sha256:baf26df9f262 (162ms)
  캐시 cold (키 0개)
  guard strict — 상태 불일치 시 스냅샷 복원 후 재확인 [perf.config.json]
    guard=strict — 스냅샷으로 복원합니다.
▶ 복원 — medium-20260816-062210 → perf-mysql-data-medium
  앱·MySQL 정지
  MySQL 기동
  Redis FLUSHALL (복원 후 캐시는 cold 다)
  앱 기동
  복원 후 상태 지문 sha256:ffe696d17416 = 스냅샷 일치

✅ 복원 완료 · 소요 5.4초 (압축 해제 구간)

  부하 발생기: 컨테이너 perf-k6 (grafana/k6:2.1.0, CPU 상한 4)
  k6 지표 전송: http://prometheus:9090/api/v1/write (native histogram, 5s 간격)
  환경 대조 벤치 실행 중(3축 3회, 약 40초)... single 4964ms · parallel 5957ms · ctxswitch 2193ms
  부하 중 벤치 예약: k6 시작 +60초 (warmup 구간, 3회)

         /\      Grafana   /‾‾/  
    /\  /  \     |\  __   /  /   
   /  \/    \    | |/ /  /   ‾‾\ 
  /          \   |   (  |  (‾)  |
 / __________ \  |_|\_\  \_____/ 


     execution: local
        script: scenarios/normal-day.js
        output: Prometheus remote write (http://prometheus:9090/api/v1/write)

     scenarios: (100.00%) 1 scenario, 200 max VUs, 10m30s max duration (incl. graceful stop):
              * normal_day: Up to 200 looping VUs for 10m0s over 3 stages (gracefulRampDown: 30s, gracefulStop: 30s)


running (00m00.8s), 000/200 VUs, 0 complete and 0 interrupted iterations
normal_day   [   0% ] 000/200 VUs  00m00.8s/10m00.0s

running (00m01.8s), 002/200 VUs, 0 complete and 0 interrupted iterations
normal_day   [   0% ] 002/200 VUs  00m01.8s/10m00.0s

running (00m02.8s), 003/200 VUs, 0 complete and 0 interrupted iterations
normal_day   [   0% ] 003/200 VUs  00m02.8s/10m00.0s

running (00m03.8s), 004/200 VUs, 0 complete and 0 interrupted iterations
normal_day   [   1% ] 004/200 VUs  00m03.8s/10m00.0s

running (00m04.8s), 005/200 VUs, 0 complete and 0 interrupted iterations
normal_day   [   1% ] 005/200 VUs  00m04.8s/10m00.0s

running (00m05.8s), 006/200 VUs, 1 complete and 0 interrupted iterations
normal_day   [   1% ] 006/200 VUs  00m05.8s/10m00.0s

running (00m06.8s), 007/200 VUs, 2 complete and 0 interrupted iterations
normal_day   [   1% ] 007/200 VUs  00m06.8s/10m00.0s

running (00m07.8s), 008/200 VUs, 3 complete and 0 interrupted iterations
normal_day   [   1% ] 008/200 VUs  00m07.8s/10m00.0s

running (00m08.8s), 009/200 VUs, 3 complete and 0 interrupted iterations
normal_day   [   1% ] 009/200 VUs  00m08.8s/10m00.0s

running (00m09.8s), 010/200 VUs, 4 complete and 0 interrupted iterations
normal_day   [   2% ] 010/200 VUs  00m09.8s/10m00.0s

running (00m10.8s), 012/200 VUs, 4 complete and 0 interrupted iterations
normal_day   [   2% ] 012/200 VUs  00m10.8s/10m00.0s

running (00m11.8s), 013/200 VUs, 6 complete and 0 interrupted iterations
normal_day   [   2% ] 013/200 VUs  00m11.8s/10m00.0s

running (00m12.8s), 014/200 VUs, 8 complete and 0 interrupted iterations
normal_day   [   2% ] 014/200 VUs  00m12.8s/10m00.0s

running (00m13.8s), 015/200 VUs, 8 complete and 0 interrupted iterations
normal_day   [   2% ] 015/200 VUs  00m13.8s/10m00.0s

running (00m14.8s), 016/200 VUs, 8 complete and 0 interrupted iterations
normal_day   [   2% ] 016/200 VUs  00m14.8s/10m00.0s

running (00m15.8s), 017/200 VUs, 8 complete and 0 interrupted iterations
normal_day   [   3% ] 017/200 VUs  00m15.8s/10m00.0s

running (00m16.8s), 018/200 VUs, 11 complete and 0 interrupted iterations
normal_day   [   3% ] 018/200 VUs  00m16.8s/10m00.0s

running (00m17.8s), 019/200 VUs, 12 complete and 0 interrupted iterations
normal_day   [   3% ] 019/200 VUs  00m17.8s/10m00.0s

running (00m18.8s), 020/200 VUs, 14 complete and 0 interrupted iterations
normal_day   [   3% ] 020/200 VUs  00m18.8s/10m00.0s

running (00m19.8s), 022/200 VUs, 14 complete and 0 interrupted iterations
normal_day   [   3% ] 022/200 VUs  00m19.8s/10m00.0s

running (00m20.8s), 023/200 VUs, 16 complete and 0 interrupted iterations
normal_day   [   3% ] 023/200 VUs  00m20.8s/10m00.0s

running (00m21.8s), 024/200 VUs, 16 complete and 0 interrupted iterations
normal_day   [   4% ] 024/200 VUs  00m21.8s/10m00.0s

running (00m22.8s), 025/200 VUs, 16 complete and 0 interrupted iterations
normal_day   [   4% ] 025/200 VUs  00m22.8s/10m00.0s

running (00m23.8s), 026/200 VUs, 17 complete and 0 interrupted iterations
normal_day   [   4% ] 026/200 VUs  00m23.8s/10m00.0s

running (00m24.8s), 027/200 VUs, 19 complete and 0 interrupted iterations
normal_day   [   4% ] 027/200 VUs  00m24.8s/10m00.0s

running (00m25.8s), 028/200 VUs, 19 complete and 0 interrupted iterations
normal_day   [   4% ] 028/200 VUs  00m25.8s/10m00.0s

running (00m26.8s), 029/200 VUs, 20 complete and 0 interrupted iterations
normal_day   [   4% ] 029/200 VUs  00m26.8s/10m00.0s

running (00m27.8s), 030/200 VUs, 21 complete and 0 interrupted iterations
normal_day   [   5% ] 030/200 VUs  00m27.8s/10m00.0s

running (00m28.8s), 032/200 VUs, 23 complete and 0 interrupted iterations
normal_day   [   5% ] 032/200 VUs  00m28.8s/10m00.0s

running (00m29.8s), 033/200 VUs, 25 complete and 0 interrupted iterations
normal_day   [   5% ] 033/200 VUs  00m29.8s/10m00.0s

running (00m30.8s), 034/200 VUs, 26 complete and 0 interrupted iterations
normal_day   [   5% ] 034/200 VUs  00m30.8s/10m00.0s

running (00m31.8s), 035/200 VUs, 27 complete and 0 interrupted iterations
normal_day   [   5% ] 035/200 VUs  00m31.8s/10m00.0s

running (00m32.8s), 036/200 VUs, 27 complete and 0 interrupted iterations
normal_day   [   5% ] 036/200 VUs  00m32.8s/10m00.0s

running (00m33.8s), 037/200 VUs, 29 complete and 0 interrupted iterations
normal_day   [   6% ] 037/200 VUs  00m33.8s/10m00.0s

running (00m34.8s), 038/200 VUs, 29 complete and 0 interrupted iterations
normal_day   [   6% ] 038/200 VUs  00m34.8s/10m00.0s

running (00m35.8s), 039/200 VUs, 31 complete and 0 interrupted iterations
normal_day   [   6% ] 039/200 VUs  00m35.8s/10m00.0s

running (00m36.8s), 040/200 VUs, 32 complete and 0 interrupted iterations
normal_day   [   6% ] 040/200 VUs  00m36.8s/10m00.0s

running (00m37.8s), 042/200 VUs, 35 complete and 0 interrupted iterations
normal_day   [   6% ] 042/200 VUs  00m37.8s/10m00.0s

running (00m38.8s), 043/200 VUs, 35 complete and 0 interrupted iterations
normal_day   [   6% ] 043/200 VUs  00m38.8s/10m00.0s

running (00m39.8s), 044/200 VUs, 36 complete and 0 interrupted iterations
normal_day   [   7% ] 044/200 VUs  00m39.8s/10m00.0s

running (00m40.8s), 045/200 VUs, 38 complete and 0 interrupted iterations
normal_day   [   7% ] 045/200 VUs  00m40.8s/10m00.0s

running (00m41.8s), 046/200 VUs, 38 complete and 0 interrupted iterations
normal_day   [   7% ] 046/200 VUs  00m41.8s/10m00.0s

running (00m42.8s), 047/200 VUs, 38 complete and 0 interrupted iterations
normal_day   [   7% ] 047/200 VUs  00m42.8s/10m00.0s

running (00m43.8s), 048/200 VUs, 41 complete and 0 interrupted iterations
normal_day   [   7% ] 048/200 VUs  00m43.8s/10m00.0s

running (00m44.8s), 049/200 VUs, 43 complete and 0 interrupted iterations
normal_day   [   7% ] 049/200 VUs  00m44.8s/10m00.0s

running (00m45.8s), 050/200 VUs, 44 complete and 0 interrupted iterations
normal_day   [   8% ] 050/200 VUs  00m45.8s/10m00.0s

running (00m46.8s), 052/200 VUs, 48 complete and 0 interrupted iterations
normal_day   [   8% ] 052/200 VUs  00m46.8s/10m00.0s

running (00m47.8s), 053/200 VUs, 50 complete and 0 interrupted iterations
normal_day   [   8% ] 053/200 VUs  00m47.8s/10m00.0s

running (00m48.8s), 054/200 VUs, 53 complete and 0 interrupted iterations
normal_day   [   8% ] 054/200 VUs  00m48.8s/10m00.0s

running (00m49.8s), 055/200 VUs, 56 complete and 0 interrupted iterations
normal_day   [   8% ] 055/200 VUs  00m49.8s/10m00.0s

running (00m50.8s), 056/200 VUs, 60 complete and 0 interrupted iterations
normal_day   [   8% ] 056/200 VUs  00m50.8s/10m00.0s

running (00m51.8s), 057/200 VUs, 60 complete and 0 interrupted iterations
normal_day   [   9% ] 057/200 VUs  00m51.8s/10m00.0s

running (00m52.8s), 058/200 VUs, 61 complete and 0 interrupted iterations
normal_day   [   9% ] 058/200 VUs  00m52.8s/10m00.0s

running (00m53.8s), 059/200 VUs, 62 complete and 0 interrupted iterations
normal_day   [   9% ] 059/200 VUs  00m53.8s/10m00.0s

running (00m54.8s), 060/200 VUs, 64 complete and 0 interrupted iterations
normal_day   [   9% ] 060/200 VUs  00m54.8s/10m00.0s

running (00m55.8s), 062/200 VUs, 65 complete and 0 interrupted iterations
normal_day   [   9% ] 062/200 VUs  00m55.8s/10m00.0s

running (00m56.8s), 063/200 VUs, 70 complete and 0 interrupted iterations
normal_day   [   9% ] 063/200 VUs  00m56.8s/10m00.0s

running (00m57.8s), 064/200 VUs, 71 complete and 0 interrupted iterations
normal_day   [  10% ] 064/200 VUs  00m57.8s/10m00.0s

running (00m58.8s), 065/200 VUs, 75 complete and 0 interrupted iterations
normal_day   [  10% ] 065/200 VUs  00m58.8s/10m00.0s

running (00m59.8s), 066/200 VUs, 78 complete and 0 interrupted iterations
normal_day   [  10% ] 066/200 VUs  00m59.8s/10m00.0s

running (01m00.8s), 067/200 VUs, 78 complete and 0 interrupted iterations
normal_day   [  10% ] 067/200 VUs  01m00.8s/10m00.0s

running (01m01.8s), 068/200 VUs, 78 complete and 0 interrupted iterations
normal_day   [  10% ] 068/200 VUs  01m01.8s/10m00.0s

running (01m02.8s), 069/200 VUs, 78 complete and 0 interrupted iterations
normal_day   [  10% ] 069/200 VUs  01m02.8s/10m00.0s

running (01m03.8s), 070/200 VUs, 84 complete and 0 interrupted iterations
normal_day   [  11% ] 070/200 VUs  01m03.8s/10m00.0s

running (01m04.8s), 072/200 VUs, 91 complete and 0 interrupted iterations
normal_day   [  11% ] 072/200 VUs  01m04.8s/10m00.0s

running (01m05.8s), 073/200 VUs, 91 complete and 0 interrupted iterations
normal_day   [  11% ] 073/200 VUs  01m05.8s/10m00.0s

running (01m06.8s), 074/200 VUs, 92 complete and 0 interrupted iterations
normal_day   [  11% ] 074/200 VUs  01m06.8s/10m00.0s

running (01m07.8s), 075/200 VUs, 99 complete and 0 interrupted iterations
normal_day   [  11% ] 075/200 VUs  01m07.8s/10m00.0s

running (01m08.8s), 076/200 VUs, 104 complete and 0 interrupted iterations
normal_day   [  11% ] 076/200 VUs  01m08.8s/10m00.0s

running (01m09.8s), 077/200 VUs, 106 complete and 0 interrupted iterations
normal_day   [  12% ] 077/200 VUs  01m09.8s/10m00.0s

running (01m10.8s), 078/200 VUs, 108 complete and 0 interrupted iterations
normal_day   [  12% ] 078/200 VUs  01m10.8s/10m00.0s

running (01m11.8s), 079/200 VUs, 113 complete and 0 interrupted iterations
normal_day   [  12% ] 079/200 VUs  01m11.8s/10m00.0s

running (01m12.8s), 080/200 VUs, 116 complete and 0 interrupted iterations
normal_day   [  12% ] 080/200 VUs  01m12.8s/10m00.0s

running (01m13.8s), 082/200 VUs, 122 complete and 0 interrupted iterations
normal_day   [  12% ] 082/200 VUs  01m13.8s/10m00.0s

running (01m14.8s), 083/200 VUs, 124 complete and 0 interrupted iterations
normal_day   [  12% ] 083/200 VUs  01m14.8s/10m00.0s

running (01m15.8s), 084/200 VUs, 130 complete and 0 interrupted iterations
normal_day   [  13% ] 084/200 VUs  01m15.8s/10m00.0s

running (01m16.8s), 085/200 VUs, 131 complete and 0 interrupted iterations
normal_day   [  13% ] 085/200 VUs  01m16.8s/10m00.0s

running (01m17.8s), 086/200 VUs, 137 complete and 0 interrupted iterations
normal_day   [  13% ] 086/200 VUs  01m17.8s/10m00.0s

running (01m18.8s), 087/200 VUs, 141 complete and 0 interrupted iterations
normal_day   [  13% ] 087/200 VUs  01m18.8s/10m00.0s

running (01m19.8s), 088/200 VUs, 148 complete and 0 interrupted iterations
normal_day   [  13% ] 088/200 VUs  01m19.8s/10m00.0s

running (01m20.8s), 089/200 VUs, 156 complete and 0 interrupted iterations
normal_day   [  13% ] 089/200 VUs  01m20.8s/10m00.0s

running (01m21.8s), 090/200 VUs, 162 complete and 0 interrupted iterations
normal_day   [  14% ] 090/200 VUs  01m21.8s/10m00.0s

running (01m22.8s), 092/200 VUs, 171 complete and 0 interrupted iterations
normal_day   [  14% ] 092/200 VUs  01m22.8s/10m00.0s

running (01m23.8s), 093/200 VUs, 183 complete and 0 interrupted iterations
normal_day   [  14% ] 093/200 VUs  01m23.8s/10m00.0s

running (01m24.8s), 094/200 VUs, 191 complete and 0 interrupted iterations
normal_day   [  14% ] 094/200 VUs  01m24.8s/10m00.0s

running (01m25.8s), 095/200 VUs, 202 complete and 0 interrupted iterations
normal_day   [  14% ] 095/200 VUs  01m25.8s/10m00.0s

running (01m26.8s), 096/200 VUs, 206 complete and 0 interrupted iterations
normal_day   [  14% ] 096/200 VUs  01m26.8s/10m00.0s

running (01m27.8s), 097/200 VUs, 213 complete and 0 interrupted iterations
normal_day   [  15% ] 097/200 VUs  01m27.8s/10m00.0s

running (01m28.8s), 098/200 VUs, 219 complete and 0 interrupted iterations
normal_day   [  15% ] 098/200 VUs  01m28.8s/10m00.0s

running (01m29.8s), 099/200 VUs, 226 complete and 0 interrupted iterations
normal_day   [  15% ] 099/200 VUs  01m29.8s/10m00.0s

running (01m30.8s), 100/200 VUs, 231 complete and 0 interrupted iterations
normal_day   [  15% ] 100/200 VUs  01m30.8s/10m00.0s

running (01m31.8s), 102/200 VUs, 237 complete and 0 interrupted iterations
normal_day   [  15% ] 102/200 VUs  01m31.8s/10m00.0s

running (01m32.8s), 103/200 VUs, 240 complete and 0 interrupted iterations
normal_day   [  15% ] 103/200 VUs  01m32.8s/10m00.0s

running (01m33.8s), 104/200 VUs, 244 complete and 0 interrupted iterations
normal_day   [  16% ] 104/200 VUs  01m33.8s/10m00.0s

running (01m34.8s), 105/200 VUs, 250 complete and 0 interrupted iterations
normal_day   [  16% ] 105/200 VUs  01m34.8s/10m00.0s

running (01m35.8s), 106/200 VUs, 251 complete and 0 interrupted iterations
normal_day   [  16% ] 106/200 VUs  01m35.8s/10m00.0s

running (01m36.8s), 107/200 VUs, 252 complete and 0 interrupted iterations
normal_day   [  16% ] 107/200 VUs  01m36.8s/10m00.0s

running (01m37.8s), 108/200 VUs, 255 complete and 0 interrupted iterations
normal_day   [  16% ] 108/200 VUs  01m37.8s/10m00.0s

running (01m38.8s), 109/200 VUs, 265 complete and 0 interrupted iterations
normal_day   [  16% ] 109/200 VUs  01m38.8s/10m00.0s

running (01m39.8s), 110/200 VUs, 272 complete and 0 interrupted iterations
normal_day   [  17% ] 110/200 VUs  01m39.8s/10m00.0s

running (01m40.8s), 112/200 VUs, 274 complete and 0 interrupted iterations
normal_day   [  17% ] 112/200 VUs  01m40.8s/10m00.0s

running (01m41.8s), 113/200 VUs, 278 complete and 0 interrupted iterations
normal_day   [  17% ] 113/200 VUs  01m41.8s/10m00.0s

running (01m42.8s), 114/200 VUs, 282 complete and 0 interrupted iterations
normal_day   [  17% ] 114/200 VUs  01m42.8s/10m00.0s

running (01m43.8s), 115/200 VUs, 286 complete and 0 interrupted iterations
normal_day   [  17% ] 115/200 VUs  01m43.8s/10m00.0s

running (01m44.8s), 116/200 VUs, 289 complete and 0 interrupted iterations
normal_day   [  17% ] 116/200 VUs  01m44.8s/10m00.0s

running (01m45.8s), 117/200 VUs, 292 complete and 0 interrupted iterations
normal_day   [  18% ] 117/200 VUs  01m45.8s/10m00.0s

running (01m46.8s), 118/200 VUs, 298 complete and 0 interrupted iterations
normal_day   [  18% ] 118/200 VUs  01m46.8s/10m00.0s

running (01m47.8s), 119/200 VUs, 305 complete and 0 interrupted iterations
normal_day   [  18% ] 119/200 VUs  01m47.8s/10m00.0s

running (01m48.8s), 120/200 VUs, 313 complete and 0 interrupted iterations
normal_day   [  18% ] 120/200 VUs  01m48.8s/10m00.0s

running (01m49.8s), 122/200 VUs, 321 complete and 0 interrupted iterations
normal_day   [  18% ] 122/200 VUs  01m49.8s/10m00.0s

running (01m50.8s), 123/200 VUs, 327 complete and 0 interrupted iterations
normal_day   [  18% ] 123/200 VUs  01m50.8s/10m00.0s

running (01m51.8s), 124/200 VUs, 331 complete and 0 interrupted iterations
normal_day   [  19% ] 124/200 VUs  01m51.8s/10m00.0s

running (01m52.8s), 125/200 VUs, 337 complete and 0 interrupted iterations
normal_day   [  19% ] 125/200 VUs  01m52.8s/10m00.0s

running (01m53.8s), 126/200 VUs, 346 complete and 0 interrupted iterations
normal_day   [  19% ] 126/200 VUs  01m53.8s/10m00.0s

running (01m54.8s), 127/200 VUs, 350 complete and 0 interrupted iterations
normal_day   [  19% ] 127/200 VUs  01m54.8s/10m00.0s

running (01m55.8s), 128/200 VUs, 353 complete and 0 interrupted iterations
normal_day   [  19% ] 128/200 VUs  01m55.8s/10m00.0s

running (01m56.8s), 129/200 VUs, 355 complete and 0 interrupted iterations
normal_day   [  19% ] 129/200 VUs  01m56.8s/10m00.0s

running (01m57.8s), 130/200 VUs, 359 complete and 0 interrupted iterations
normal_day   [  20% ] 130/200 VUs  01m57.8s/10m00.0s

running (01m58.8s), 132/200 VUs, 366 complete and 0 interrupted iterations
normal_day   [  20% ] 132/200 VUs  01m58.8s/10m00.0s

running (01m59.8s), 133/200 VUs, 372 complete and 0 interrupted iterations
normal_day   [  20% ] 133/200 VUs  01m59.8s/10m00.0s

running (02m00.8s), 134/200 VUs, 384 complete and 0 interrupted iterations
normal_day   [  20% ] 134/200 VUs  02m00.8s/10m00.0s

running (02m01.8s), 135/200 VUs, 392 complete and 0 interrupted iterations
normal_day   [  20% ] 135/200 VUs  02m01.8s/10m00.0s

running (02m02.8s), 136/200 VUs, 399 complete and 0 interrupted iterations
normal_day   [  20% ] 136/200 VUs  02m02.8s/10m00.0s

running (02m03.8s), 137/200 VUs, 402 complete and 0 interrupted iterations
normal_day   [  21% ] 137/200 VUs  02m03.8s/10m00.0s

running (02m04.8s), 138/200 VUs, 409 complete and 0 interrupted iterations
normal_day   [  21% ] 138/200 VUs  02m04.8s/10m00.0s

running (02m05.8s), 139/200 VUs, 416 complete and 0 interrupted iterations
normal_day   [  21% ] 139/200 VUs  02m05.8s/10m00.0s

running (02m06.8s), 140/200 VUs, 431 complete and 0 interrupted iterations
normal_day   [  21% ] 140/200 VUs  02m06.8s/10m00.0s

running (02m07.8s), 142/200 VUs, 438 complete and 0 interrupted iterations
normal_day   [  21% ] 142/200 VUs  02m07.8s/10m00.0s

running (02m08.8s), 143/200 VUs, 441 complete and 0 interrupted iterations
normal_day   [  21% ] 143/200 VUs  02m08.8s/10m00.0s

running (02m09.8s), 144/200 VUs, 449 complete and 0 interrupted iterations
normal_day   [  22% ] 144/200 VUs  02m09.8s/10m00.0s

running (02m10.8s), 145/200 VUs, 456 complete and 0 interrupted iterations
normal_day   [  22% ] 145/200 VUs  02m10.8s/10m00.0s

running (02m11.8s), 146/200 VUs, 467 complete and 0 interrupted iterations
normal_day   [  22% ] 146/200 VUs  02m11.8s/10m00.0s

running (02m12.8s), 147/200 VUs, 475 complete and 0 interrupted iterations
normal_day   [  22% ] 147/200 VUs  02m12.8s/10m00.0s

running (02m13.8s), 148/200 VUs, 482 complete and 0 interrupted iterations
normal_day   [  22% ] 148/200 VUs  02m13.8s/10m00.0s

running (02m14.8s), 149/200 VUs, 489 complete and 0 interrupted iterations
normal_day   [  22% ] 149/200 VUs  02m14.8s/10m00.0s

running (02m15.8s), 150/200 VUs, 493 complete and 0 interrupted iterations
normal_day   [  23% ] 150/200 VUs  02m15.8s/10m00.0s

running (02m16.8s), 152/200 VUs, 503 complete and 0 interrupted iterations
normal_day   [  23% ] 152/200 VUs  02m16.8s/10m00.0s

running (02m17.8s), 153/200 VUs, 510 complete and 0 interrupted iterations
normal_day   [  23% ] 153/200 VUs  02m17.8s/10m00.0s

running (02m18.8s), 154/200 VUs, 519 complete and 0 interrupted iterations
normal_day   [  23% ] 154/200 VUs  02m18.8s/10m00.0s

running (02m19.8s), 155/200 VUs, 523 complete and 0 interrupted iterations
normal_day   [  23% ] 155/200 VUs  02m19.8s/10m00.0s

running (02m20.8s), 156/200 VUs, 523 complete and 0 interrupted iterations
normal_day   [  23% ] 156/200 VUs  02m20.8s/10m00.0s

running (02m21.8s), 157/200 VUs, 525 complete and 0 interrupted iterations
normal_day   [  24% ] 157/200 VUs  02m21.8s/10m00.0s

running (02m22.8s), 158/200 VUs, 526 complete and 0 interrupted iterations
normal_day   [  24% ] 158/200 VUs  02m22.8s/10m00.0s

running (02m23.8s), 159/200 VUs, 527 complete and 0 interrupted iterations
normal_day   [  24% ] 159/200 VUs  02m23.8s/10m00.0s

running (02m24.8s), 160/200 VUs, 531 complete and 0 interrupted iterations
normal_day   [  24% ] 160/200 VUs  02m24.8s/10m00.0s

running (02m25.8s), 162/200 VUs, 534 complete and 0 interrupted iterations
normal_day   [  24% ] 162/200 VUs  02m25.8s/10m00.0s

running (02m26.8s), 163/200 VUs, 536 complete and 0 interrupted iterations
normal_day   [  24% ] 163/200 VUs  02m26.8s/10m00.0s

running (02m27.8s), 164/200 VUs, 542 complete and 0 interrupted iterations
normal_day   [  25% ] 164/200 VUs  02m27.8s/10m00.0s

running (02m28.8s), 165/200 VUs, 554 complete and 0 interrupted iterations
normal_day   [  25% ] 165/200 VUs  02m28.8s/10m00.0s

running (02m29.8s), 166/200 VUs, 561 complete and 0 interrupted iterations
normal_day   [  25% ] 166/200 VUs  02m29.8s/10m00.0s

running (02m30.8s), 167/200 VUs, 563 complete and 0 interrupted iterations
normal_day   [  25% ] 167/200 VUs  02m30.8s/10m00.0s

running (02m31.8s), 168/200 VUs, 567 complete and 0 interrupted iterations
normal_day   [  25% ] 168/200 VUs  02m31.8s/10m00.0s

running (02m32.8s), 169/200 VUs, 570 complete and 0 interrupted iterations
normal_day   [  25% ] 169/200 VUs  02m32.8s/10m00.0s

running (02m33.8s), 170/200 VUs, 572 complete and 0 interrupted iterations
normal_day   [  26% ] 170/200 VUs  02m33.8s/10m00.0s

running (02m34.8s), 172/200 VUs, 576 complete and 0 interrupted iterations
normal_day   [  26% ] 172/200 VUs  02m34.8s/10m00.0s

running (02m35.8s), 173/200 VUs, 579 complete and 0 interrupted iterations
normal_day   [  26% ] 173/200 VUs  02m35.8s/10m00.0s

running (02m36.8s), 174/200 VUs, 579 complete and 0 interrupted iterations
normal_day   [  26% ] 174/200 VUs  02m36.8s/10m00.0s

running (02m37.8s), 175/200 VUs, 580 complete and 0 interrupted iterations
normal_day   [  26% ] 175/200 VUs  02m37.8s/10m00.0s

running (02m38.8s), 176/200 VUs, 585 complete and 0 interrupted iterations
normal_day   [  26% ] 176/200 VUs  02m38.8s/10m00.0s

running (02m39.8s), 177/200 VUs, 589 complete and 0 interrupted iterations
normal_day   [  27% ] 177/200 VUs  02m39.8s/10m00.0s

running (02m40.8s), 178/200 VUs, 599 complete and 0 interrupted iterations
normal_day   [  27% ] 178/200 VUs  02m40.8s/10m00.0s

running (02m41.8s), 179/200 VUs, 606 complete and 0 interrupted iterations
normal_day   [  27% ] 179/200 VUs  02m41.8s/10m00.0s

running (02m42.8s), 180/200 VUs, 610 complete and 0 interrupted iterations
normal_day   [  27% ] 180/200 VUs  02m42.8s/10m00.0s

running (02m43.8s), 182/200 VUs, 611 complete and 0 interrupted iterations
normal_day   [  27% ] 182/200 VUs  02m43.8s/10m00.0s

running (02m44.8s), 183/200 VUs, 612 complete and 0 interrupted iterations
normal_day   [  27% ] 183/200 VUs  02m44.8s/10m00.0s

running (02m45.8s), 184/200 VUs, 612 complete and 0 interrupted iterations
normal_day   [  28% ] 184/200 VUs  02m45.8s/10m00.0s

running (02m46.8s), 185/200 VUs, 613 complete and 0 interrupted iterations
normal_day   [  28% ] 185/200 VUs  02m46.8s/10m00.0s

running (02m47.8s), 186/200 VUs, 617 complete and 0 interrupted iterations
normal_day   [  28% ] 186/200 VUs  02m47.8s/10m00.0s

running (02m48.8s), 187/200 VUs, 618 complete and 0 interrupted iterations
normal_day   [  28% ] 187/200 VUs  02m48.8s/10m00.0s

running (02m49.8s), 188/200 VUs, 618 complete and 0 interrupted iterations
normal_day   [  28% ] 188/200 VUs  02m49.8s/10m00.0s

running (02m50.8s), 189/200 VUs, 621 complete and 0 interrupted iterations
normal_day   [  28% ] 189/200 VUs  02m50.8s/10m00.0s

running (02m51.8s), 190/200 VUs, 622 complete and 0 interrupted iterations
normal_day   [  29% ] 190/200 VUs  02m51.8s/10m00.0s

running (02m52.8s), 192/200 VUs, 631 complete and 0 interrupted iterations
normal_day   [  29% ] 192/200 VUs  02m52.8s/10m00.0s

running (02m53.8s), 193/200 VUs, 638 complete and 0 interrupted iterations
normal_day   [  29% ] 193/200 VUs  02m53.8s/10m00.0s

running (02m54.8s), 194/200 VUs, 645 complete and 0 interrupted iterations
normal_day   [  29% ] 194/200 VUs  02m54.8s/10m00.0s

running (02m55.8s), 195/200 VUs, 649 complete and 0 interrupted iterations
normal_day   [  29% ] 195/200 VUs  02m55.8s/10m00.0s

running (02m56.8s), 196/200 VUs, 649 complete and 0 interrupted iterations
normal_day   [  29% ] 196/200 VUs  02m56.8s/10m00.0s

running (02m57.8s), 197/200 VUs, 656 complete and 0 interrupted iterations
normal_day   [  30% ] 197/200 VUs  02m57.8s/10m00.0s

running (02m58.8s), 198/200 VUs, 660 complete and 0 interrupted iterations
normal_day   [  30% ] 198/200 VUs  02m58.8s/10m00.0s

running (02m59.8s), 199/200 VUs, 664 complete and 0 interrupted iterations
normal_day   [  30% ] 199/200 VUs  02m59.8s/10m00.0s

running (03m00.8s), 200/200 VUs, 676 complete and 0 interrupted iterations
normal_day   [  30% ] 200/200 VUs  03m00.8s/10m00.0s

running (03m01.8s), 200/200 VUs, 680 complete and 0 interrupted iterations
normal_day   [  30% ] 200/200 VUs  03m01.8s/10m00.0s

running (03m02.8s), 200/200 VUs, 683 complete and 0 interrupted iterations
normal_day   [  30% ] 200/200 VUs  03m02.8s/10m00.0s

running (03m03.8s), 200/200 VUs, 688 complete and 0 interrupted iterations
normal_day   [  31% ] 200/200 VUs  03m03.8s/10m00.0s

running (03m04.8s), 200/200 VUs, 691 complete and 0 interrupted iterations
normal_day   [  31% ] 200/200 VUs  03m04.8s/10m00.0s

running (03m05.8s), 200/200 VUs, 696 complete and 0 interrupted iterations
normal_day   [  31% ] 200/200 VUs  03m05.8s/10m00.0s

running (03m06.8s), 200/200 VUs, 699 complete and 0 interrupted iterations
normal_day   [  31% ] 200/200 VUs  03m06.8s/10m00.0s

running (03m07.8s), 200/200 VUs, 705 complete and 0 interrupted iterations
normal_day   [  31% ] 200/200 VUs  03m07.8s/10m00.0s

running (03m08.8s), 200/200 VUs, 705 complete and 0 interrupted iterations
normal_day   [  31% ] 200/200 VUs  03m08.8s/10m00.0s

running (03m09.8s), 200/200 VUs, 707 complete and 0 interrupted iterations
normal_day   [  32% ] 200/200 VUs  03m09.8s/10m00.0s

running (03m10.8s), 200/200 VUs, 711 complete and 0 interrupted iterations
normal_day   [  32% ] 200/200 VUs  03m10.8s/10m00.0s

running (03m11.8s), 200/200 VUs, 718 complete and 0 interrupted iterations
normal_day   [  32% ] 200/200 VUs  03m11.8s/10m00.0s

running (03m12.8s), 200/200 VUs, 722 complete and 0 interrupted iterations
normal_day   [  32% ] 200/200 VUs  03m12.8s/10m00.0s

running (03m13.8s), 200/200 VUs, 729 complete and 0 interrupted iterations
normal_day   [  32% ] 200/200 VUs  03m13.8s/10m00.0s

running (03m14.8s), 200/200 VUs, 736 complete and 0 interrupted iterations
normal_day   [  32% ] 200/200 VUs  03m14.8s/10m00.0s

running (03m15.8s), 200/200 VUs, 750 complete and 0 interrupted iterations
normal_day   [  33% ] 200/200 VUs  03m15.8s/10m00.0s

running (03m16.8s), 200/200 VUs, 765 complete and 0 interrupted iterations
normal_day   [  33% ] 200/200 VUs  03m16.8s/10m00.0s

running (03m17.8s), 200/200 VUs, 774 complete and 0 interrupted iterations
normal_day   [  33% ] 200/200 VUs  03m17.8s/10m00.0s

running (03m18.8s), 200/200 VUs, 782 complete and 0 interrupted iterations
normal_day   [  33% ] 200/200 VUs  03m18.8s/10m00.0s

running (03m19.8s), 200/200 VUs, 788 complete and 0 interrupted iterations
normal_day   [  33% ] 200/200 VUs  03m19.8s/10m00.0s

running (03m20.8s), 200/200 VUs, 792 complete and 0 interrupted iterations
normal_day   [  33% ] 200/200 VUs  03m20.8s/10m00.0s

running (03m21.8s), 200/200 VUs, 797 complete and 0 interrupted iterations
normal_day   [  34% ] 200/200 VUs  03m21.8s/10m00.0s

running (03m22.8s), 200/200 VUs, 800 complete and 0 interrupted iterations
normal_day   [  34% ] 200/200 VUs  03m22.8s/10m00.0s

running (03m23.8s), 200/200 VUs, 805 complete and 0 interrupted iterations
normal_day   [  34% ] 200/200 VUs  03m23.8s/10m00.0s

running (03m24.8s), 200/200 VUs, 816 complete and 0 interrupted iterations
normal_day   [  34% ] 200/200 VUs  03m24.8s/10m00.0s

running (03m25.8s), 200/200 VUs, 820 complete and 0 interrupted iterations
normal_day   [  34% ] 200/200 VUs  03m25.8s/10m00.0s

running (03m26.8s), 200/200 VUs, 831 complete and 0 interrupted iterations
normal_day   [  34% ] 200/200 VUs  03m26.8s/10m00.0s

running (03m27.8s), 200/200 VUs, 838 complete and 0 interrupted iterations
normal_day   [  35% ] 200/200 VUs  03m27.8s/10m00.0s

running (03m28.8s), 200/200 VUs, 842 complete and 0 interrupted iterations
normal_day   [  35% ] 200/200 VUs  03m28.8s/10m00.0s

running (03m29.8s), 200/200 VUs, 845 complete and 0 interrupted iterations
normal_day   [  35% ] 200/200 VUs  03m29.8s/10m00.0s

running (03m30.8s), 200/200 VUs, 846 complete and 0 interrupted iterations
normal_day   [  35% ] 200/200 VUs  03m30.8s/10m00.0s

running (03m31.8s), 200/200 VUs, 846 complete and 0 interrupted iterations
normal_day   [  35% ] 200/200 VUs  03m31.8s/10m00.0s

running (03m32.8s), 200/200 VUs, 848 complete and 0 interrupted iterations
normal_day   [  35% ] 200/200 VUs  03m32.8s/10m00.0s

running (03m33.8s), 200/200 VUs, 850 complete and 0 interrupted iterations
normal_day   [  36% ] 200/200 VUs  03m33.8s/10m00.0s

running (03m34.8s), 200/200 VUs, 850 complete and 0 interrupted iterations
normal_day   [  36% ] 200/200 VUs  03m34.8s/10m00.0s

running (03m35.8s), 200/200 VUs, 852 complete and 0 interrupted iterations
normal_day   [  36% ] 200/200 VUs  03m35.8s/10m00.0s

running (03m36.8s), 200/200 VUs, 853 complete and 0 interrupted iterations
normal_day   [  36% ] 200/200 VUs  03m36.8s/10m00.0s

running (03m37.8s), 200/200 VUs, 856 complete and 0 interrupted iterations
normal_day   [  36% ] 200/200 VUs  03m37.8s/10m00.0s

running (03m38.8s), 200/200 VUs, 862 complete and 0 interrupted iterations
normal_day   [  36% ] 200/200 VUs  03m38.8s/10m00.0s

running (03m39.8s), 200/200 VUs, 868 complete and 0 interrupted iterations
normal_day   [  37% ] 200/200 VUs  03m39.8s/10m00.0s

running (03m40.8s), 200/200 VUs, 870 complete and 0 interrupted iterations
normal_day   [  37% ] 200/200 VUs  03m40.8s/10m00.0s

running (03m41.8s), 200/200 VUs, 872 complete and 0 interrupted iterations
normal_day   [  37% ] 200/200 VUs  03m41.8s/10m00.0s

running (03m42.8s), 200/200 VUs, 875 complete and 0 interrupted iterations
normal_day   [  37% ] 200/200 VUs  03m42.8s/10m00.0s

running (03m43.8s), 200/200 VUs, 877 complete and 0 interrupted iterations
normal_day   [  37% ] 200/200 VUs  03m43.8s/10m00.0s

running (03m44.8s), 200/200 VUs, 879 complete and 0 interrupted iterations
normal_day   [  37% ] 200/200 VUs  03m44.8s/10m00.0s

running (03m45.8s), 200/200 VUs, 882 complete and 0 interrupted iterations
normal_day   [  38% ] 200/200 VUs  03m45.8s/10m00.0s

running (03m46.8s), 200/200 VUs, 892 complete and 0 interrupted iterations
normal_day   [  38% ] 200/200 VUs  03m46.8s/10m00.0s

running (03m47.8s), 200/200 VUs, 894 complete and 0 interrupted iterations
normal_day   [  38% ] 200/200 VUs  03m47.8s/10m00.0s

running (03m48.8s), 200/200 VUs, 897 complete and 0 interrupted iterations
normal_day   [  38% ] 200/200 VUs  03m48.8s/10m00.0s

running (03m49.8s), 200/200 VUs, 899 complete and 0 interrupted iterations
normal_day   [  38% ] 200/200 VUs  03m49.8s/10m00.0s

running (03m50.8s), 200/200 VUs, 905 complete and 0 interrupted iterations
normal_day   [  38% ] 200/200 VUs  03m50.8s/10m00.0s

running (03m51.8s), 200/200 VUs, 912 complete and 0 interrupted iterations
normal_day   [  39% ] 200/200 VUs  03m51.8s/10m00.0s

running (03m52.8s), 200/200 VUs, 916 complete and 0 interrupted iterations
normal_day   [  39% ] 200/200 VUs  03m52.8s/10m00.0s

running (03m53.8s), 200/200 VUs, 921 complete and 0 interrupted iterations
normal_day   [  39% ] 200/200 VUs  03m53.8s/10m00.0s

running (03m54.8s), 200/200 VUs, 924 complete and 0 interrupted iterations
normal_day   [  39% ] 200/200 VUs  03m54.8s/10m00.0s

running (03m55.8s), 200/200 VUs, 927 complete and 0 interrupted iterations
normal_day   [  39% ] 200/200 VUs  03m55.8s/10m00.0s

running (03m56.8s), 200/200 VUs, 933 complete and 0 interrupted iterations
normal_day   [  39% ] 200/200 VUs  03m56.8s/10m00.0s

running (03m57.8s), 200/200 VUs, 938 complete and 0 interrupted iterations
normal_day   [  40% ] 200/200 VUs  03m57.8s/10m00.0s

running (03m58.8s), 200/200 VUs, 943 complete and 0 interrupted iterations
normal_day   [  40% ] 200/200 VUs  03m58.8s/10m00.0s

running (03m59.8s), 200/200 VUs, 948 complete and 0 interrupted iterations
normal_day   [  40% ] 200/200 VUs  03m59.8s/10m00.0s

running (04m00.8s), 200/200 VUs, 953 complete and 0 interrupted iterations
normal_day   [  40% ] 200/200 VUs  04m00.8s/10m00.0s

running (04m01.8s), 200/200 VUs, 958 complete and 0 interrupted iterations
normal_day   [  40% ] 200/200 VUs  04m01.8s/10m00.0s

running (04m02.8s), 200/200 VUs, 962 complete and 0 interrupted iterations
normal_day   [  40% ] 200/200 VUs  04m02.8s/10m00.0s

running (04m03.8s), 200/200 VUs, 962 complete and 0 interrupted iterations
normal_day   [  41% ] 200/200 VUs  04m03.8s/10m00.0s

running (04m04.8s), 200/200 VUs, 965 complete and 0 interrupted iterations
normal_day   [  41% ] 200/200 VUs  04m04.8s/10m00.0s

running (04m05.8s), 200/200 VUs, 970 complete and 0 interrupted iterations
normal_day   [  41% ] 200/200 VUs  04m05.8s/10m00.0s

running (04m06.8s), 200/200 VUs, 971 complete and 0 interrupted iterations
normal_day   [  41% ] 200/200 VUs  04m06.8s/10m00.0s

running (04m07.8s), 200/200 VUs, 971 complete and 0 interrupted iterations
normal_day   [  41% ] 200/200 VUs  04m07.8s/10m00.0s

running (04m08.8s), 200/200 VUs, 973 complete and 0 interrupted iterations
normal_day   [  41% ] 200/200 VUs  04m08.8s/10m00.0s

running (04m09.8s), 200/200 VUs, 979 complete and 0 interrupted iterations
normal_day   [  42% ] 200/200 VUs  04m09.8s/10m00.0s

running (04m10.8s), 200/200 VUs, 990 complete and 0 interrupted iterations
normal_day   [  42% ] 200/200 VUs  04m10.8s/10m00.0s

running (04m11.8s), 200/200 VUs, 1003 complete and 0 interrupted iterations
normal_day   [  42% ] 200/200 VUs  04m11.8s/10m00.0s

running (04m12.8s), 200/200 VUs, 1009 complete and 0 interrupted iterations
normal_day   [  42% ] 200/200 VUs  04m12.8s/10m00.0s

running (04m13.8s), 200/200 VUs, 1016 complete and 0 interrupted iterations
normal_day   [  42% ] 200/200 VUs  04m13.8s/10m00.0s

running (04m14.8s), 200/200 VUs, 1019 complete and 0 interrupted iterations
normal_day   [  42% ] 200/200 VUs  04m14.8s/10m00.0s

running (04m15.8s), 200/200 VUs, 1025 complete and 0 interrupted iterations
normal_day   [  43% ] 200/200 VUs  04m15.8s/10m00.0s

running (04m16.8s), 200/200 VUs, 1031 complete and 0 interrupted iterations
normal_day   [  43% ] 200/200 VUs  04m16.8s/10m00.0s

running (04m17.8s), 200/200 VUs, 1032 complete and 0 interrupted iterations
normal_day   [  43% ] 200/200 VUs  04m17.8s/10m00.0s

running (04m18.8s), 200/200 VUs, 1035 complete and 0 interrupted iterations
normal_day   [  43% ] 200/200 VUs  04m18.8s/10m00.0s

running (04m19.8s), 200/200 VUs, 1042 complete and 0 interrupted iterations
normal_day   [  43% ] 200/200 VUs  04m19.8s/10m00.0s

running (04m20.8s), 200/200 VUs, 1055 complete and 0 interrupted iterations
normal_day   [  43% ] 200/200 VUs  04m20.8s/10m00.0s

running (04m21.8s), 200/200 VUs, 1059 complete and 0 interrupted iterations
normal_day   [  44% ] 200/200 VUs  04m21.8s/10m00.0s

running (04m22.8s), 200/200 VUs, 1062 complete and 0 interrupted iterations
normal_day   [  44% ] 200/200 VUs  04m22.8s/10m00.0s

running (04m23.8s), 200/200 VUs, 1066 complete and 0 interrupted iterations
normal_day   [  44% ] 200/200 VUs  04m23.8s/10m00.0s

running (04m24.8s), 200/200 VUs, 1069 complete and 0 interrupted iterations
normal_day   [  44% ] 200/200 VUs  04m24.8s/10m00.0s

running (04m25.8s), 200/200 VUs, 1073 complete and 0 interrupted iterations
normal_day   [  44% ] 200/200 VUs  04m25.8s/10m00.0s

running (04m26.8s), 200/200 VUs, 1074 complete and 0 interrupted iterations
normal_day   [  44% ] 200/200 VUs  04m26.8s/10m00.0s

running (04m27.8s), 200/200 VUs, 1075 complete and 0 interrupted iterations
normal_day   [  45% ] 200/200 VUs  04m27.8s/10m00.0s

running (04m28.8s), 200/200 VUs, 1076 complete and 0 interrupted iterations
normal_day   [  45% ] 200/200 VUs  04m28.8s/10m00.0s

running (04m29.8s), 200/200 VUs, 1077 complete and 0 interrupted iterations
normal_day   [  45% ] 200/200 VUs  04m29.8s/10m00.0s

running (04m30.8s), 200/200 VUs, 1078 complete and 0 interrupted iterations
normal_day   [  45% ] 200/200 VUs  04m30.8s/10m00.0s

running (04m31.8s), 200/200 VUs, 1083 complete and 0 interrupted iterations
normal_day   [  45% ] 200/200 VUs  04m31.8s/10m00.0s

running (04m32.8s), 200/200 VUs, 1092 complete and 0 interrupted iterations
normal_day   [  45% ] 200/200 VUs  04m32.8s/10m00.0s

running (04m33.8s), 200/200 VUs, 1099 complete and 0 interrupted iterations
normal_day   [  46% ] 200/200 VUs  04m33.8s/10m00.0s

running (04m34.8s), 200/200 VUs, 1099 complete and 0 interrupted iterations
normal_day   [  46% ] 200/200 VUs  04m34.8s/10m00.0s

running (04m35.8s), 200/200 VUs, 1100 complete and 0 interrupted iterations
normal_day   [  46% ] 200/200 VUs  04m35.8s/10m00.0s

running (04m36.8s), 200/200 VUs, 1104 complete and 0 interrupted iterations
normal_day   [  46% ] 200/200 VUs  04m36.8s/10m00.0s

running (04m37.8s), 200/200 VUs, 1106 complete and 0 interrupted iterations
normal_day   [  46% ] 200/200 VUs  04m37.8s/10m00.0s

running (04m38.8s), 200/200 VUs, 1110 complete and 0 interrupted iterations
normal_day   [  46% ] 200/200 VUs  04m38.8s/10m00.0s

running (04m39.8s), 200/200 VUs, 1111 complete and 0 interrupted iterations
normal_day   [  47% ] 200/200 VUs  04m39.8s/10m00.0s

running (04m40.8s), 200/200 VUs, 1112 complete and 0 interrupted iterations
normal_day   [  47% ] 200/200 VUs  04m40.8s/10m00.0s

running (04m41.8s), 200/200 VUs, 1114 complete and 0 interrupted iterations
normal_day   [  47% ] 200/200 VUs  04m41.8s/10m00.0s

running (04m42.8s), 200/200 VUs, 1115 complete and 0 interrupted iterations
normal_day   [  47% ] 200/200 VUs  04m42.8s/10m00.0s

running (04m43.8s), 200/200 VUs, 1123 complete and 0 interrupted iterations
normal_day   [  47% ] 200/200 VUs  04m43.8s/10m00.0s

running (04m44.8s), 200/200 VUs, 1125 complete and 0 interrupted iterations
normal_day   [  47% ] 200/200 VUs  04m44.8s/10m00.0s

running (04m45.8s), 200/200 VUs, 1128 complete and 0 interrupted iterations
normal_day   [  48% ] 200/200 VUs  04m45.8s/10m00.0s

running (04m46.8s), 200/200 VUs, 1133 complete and 0 interrupted iterations
normal_day   [  48% ] 200/200 VUs  04m46.8s/10m00.0s

running (04m47.8s), 200/200 VUs, 1135 complete and 0 interrupted iterations
normal_day   [  48% ] 200/200 VUs  04m47.8s/10m00.0s

running (04m48.8s), 200/200 VUs, 1136 complete and 0 interrupted iterations
normal_day   [  48% ] 200/200 VUs  04m48.8s/10m00.0s

running (04m49.8s), 200/200 VUs, 1142 complete and 0 interrupted iterations
normal_day   [  48% ] 200/200 VUs  04m49.8s/10m00.0s

running (04m50.8s), 200/200 VUs, 1144 complete and 0 interrupted iterations
normal_day   [  48% ] 200/200 VUs  04m50.8s/10m00.0s

running (04m51.8s), 200/200 VUs, 1147 complete and 0 interrupted iterations
normal_day   [  49% ] 200/200 VUs  04m51.8s/10m00.0s

running (04m52.8s), 200/200 VUs, 1149 complete and 0 interrupted iterations
normal_day   [  49% ] 200/200 VUs  04m52.8s/10m00.0s

running (04m53.8s), 200/200 VUs, 1149 complete and 0 interrupted iterations
normal_day   [  49% ] 200/200 VUs  04m53.8s/10m00.0s

running (04m54.8s), 200/200 VUs, 1149 complete and 0 interrupted iterations
normal_day   [  49% ] 200/200 VUs  04m54.8s/10m00.0s

running (04m55.8s), 200/200 VUs, 1150 complete and 0 interrupted iterations
normal_day   [  49% ] 200/200 VUs  04m55.8s/10m00.0s

running (04m56.8s), 200/200 VUs, 1151 complete and 0 interrupted iterations
normal_day   [  49% ] 200/200 VUs  04m56.8s/10m00.0s

running (04m57.8s), 200/200 VUs, 1156 complete and 0 interrupted iterations
normal_day   [  50% ] 200/200 VUs  04m57.8s/10m00.0s

running (04m58.8s), 200/200 VUs, 1157 complete and 0 interrupted iterations
normal_day   [  50% ] 200/200 VUs  04m58.8s/10m00.0s

running (04m59.8s), 200/200 VUs, 1157 complete and 0 interrupted iterations
normal_day   [  50% ] 200/200 VUs  04m59.8s/10m00.0s

running (05m00.8s), 200/200 VUs, 1157 complete and 0 interrupted iterations
normal_day   [  50% ] 200/200 VUs  05m00.8s/10m00.0s

running (05m01.8s), 200/200 VUs, 1158 complete and 0 interrupted iterations
normal_day   [  50% ] 200/200 VUs  05m01.8s/10m00.0s

running (05m02.8s), 200/200 VUs, 1163 complete and 0 interrupted iterations
normal_day   [  50% ] 200/200 VUs  05m02.8s/10m00.0s

running (05m03.8s), 200/200 VUs, 1164 complete and 0 interrupted iterations
normal_day   [  51% ] 200/200 VUs  05m03.8s/10m00.0s

running (05m04.8s), 200/200 VUs, 1166 complete and 0 interrupted iterations
normal_day   [  51% ] 200/200 VUs  05m04.8s/10m00.0s

running (05m05.8s), 200/200 VUs, 1169 complete and 0 interrupted iterations
normal_day   [  51% ] 200/200 VUs  05m05.8s/10m00.0s

running (05m06.8s), 200/200 VUs, 1171 complete and 0 interrupted iterations
normal_day   [  51% ] 200/200 VUs  05m06.8s/10m00.0s

running (05m07.8s), 200/200 VUs, 1179 complete and 0 interrupted iterations
normal_day   [  51% ] 200/200 VUs  05m07.8s/10m00.0s

running (05m08.8s), 200/200 VUs, 1185 complete and 0 interrupted iterations
normal_day   [  51% ] 200/200 VUs  05m08.8s/10m00.0s

running (05m09.8s), 200/200 VUs, 1193 complete and 0 interrupted iterations
normal_day   [  52% ] 200/200 VUs  05m09.8s/10m00.0s

running (05m10.8s), 200/200 VUs, 1205 complete and 0 interrupted iterations
normal_day   [  52% ] 200/200 VUs  05m10.8s/10m00.0s

running (05m11.8s), 200/200 VUs, 1216 complete and 0 interrupted iterations
normal_day   [  52% ] 200/200 VUs  05m11.8s/10m00.0s

running (05m12.8s), 200/200 VUs, 1220 complete and 0 interrupted iterations
normal_day   [  52% ] 200/200 VUs  05m12.8s/10m00.0s

running (05m13.8s), 200/200 VUs, 1221 complete and 0 interrupted iterations
normal_day   [  52% ] 200/200 VUs  05m13.8s/10m00.0s

running (05m14.8s), 200/200 VUs, 1224 complete and 0 interrupted iterations
normal_day   [  52% ] 200/200 VUs  05m14.8s/10m00.0s

running (05m15.8s), 200/200 VUs, 1226 complete and 0 interrupted iterations
normal_day   [  53% ] 200/200 VUs  05m15.8s/10m00.0s

running (05m16.8s), 200/200 VUs, 1228 complete and 0 interrupted iterations
normal_day   [  53% ] 200/200 VUs  05m16.8s/10m00.0s

running (05m17.8s), 200/200 VUs, 1242 complete and 0 interrupted iterations
normal_day   [  53% ] 200/200 VUs  05m17.8s/10m00.0s

running (05m18.8s), 200/200 VUs, 1257 complete and 0 interrupted iterations
normal_day   [  53% ] 200/200 VUs  05m18.8s/10m00.0s

running (05m19.8s), 200/200 VUs, 1261 complete and 0 interrupted iterations
normal_day   [  53% ] 200/200 VUs  05m19.8s/10m00.0s

running (05m20.8s), 200/200 VUs, 1267 complete and 0 interrupted iterations
normal_day   [  53% ] 200/200 VUs  05m20.8s/10m00.0s

running (05m21.8s), 200/200 VUs, 1268 complete and 0 interrupted iterations
normal_day   [  54% ] 200/200 VUs  05m21.8s/10m00.0s

running (05m22.8s), 200/200 VUs, 1268 complete and 0 interrupted iterations
normal_day   [  54% ] 200/200 VUs  05m22.8s/10m00.0s

running (05m23.8s), 200/200 VUs, 1268 complete and 0 interrupted iterations
normal_day   [  54% ] 200/200 VUs  05m23.8s/10m00.0s

running (05m24.8s), 200/200 VUs, 1270 complete and 0 interrupted iterations
normal_day   [  54% ] 200/200 VUs  05m24.8s/10m00.0s

running (05m25.8s), 200/200 VUs, 1271 complete and 0 interrupted iterations
normal_day   [  54% ] 200/200 VUs  05m25.8s/10m00.0s

running (05m26.8s), 200/200 VUs, 1272 complete and 0 interrupted iterations
normal_day   [  54% ] 200/200 VUs  05m26.8s/10m00.0s

running (05m27.8s), 200/200 VUs, 1276 complete and 0 interrupted iterations
normal_day   [  55% ] 200/200 VUs  05m27.8s/10m00.0s

running (05m28.8s), 200/200 VUs, 1283 complete and 0 interrupted iterations
normal_day   [  55% ] 200/200 VUs  05m28.8s/10m00.0s

running (05m29.8s), 200/200 VUs, 1293 complete and 0 interrupted iterations
normal_day   [  55% ] 200/200 VUs  05m29.8s/10m00.0s

running (05m30.8s), 200/200 VUs, 1307 complete and 0 interrupted iterations
normal_day   [  55% ] 200/200 VUs  05m30.8s/10m00.0s

running (05m31.8s), 200/200 VUs, 1314 complete and 0 interrupted iterations
normal_day   [  55% ] 200/200 VUs  05m31.8s/10m00.0s

running (05m32.8s), 200/200 VUs, 1318 complete and 0 interrupted iterations
normal_day   [  55% ] 200/200 VUs  05m32.8s/10m00.0s

running (05m33.8s), 200/200 VUs, 1326 complete and 0 interrupted iterations
normal_day   [  56% ] 200/200 VUs  05m33.8s/10m00.0s

running (05m34.8s), 200/200 VUs, 1330 complete and 0 interrupted iterations
normal_day   [  56% ] 200/200 VUs  05m34.8s/10m00.0s

running (05m35.8s), 200/200 VUs, 1337 complete and 0 interrupted iterations
normal_day   [  56% ] 200/200 VUs  05m35.8s/10m00.0s

running (05m36.8s), 200/200 VUs, 1341 complete and 0 interrupted iterations
normal_day   [  56% ] 200/200 VUs  05m36.8s/10m00.0s

running (05m37.8s), 200/200 VUs, 1345 complete and 0 interrupted iterations
normal_day   [  56% ] 200/200 VUs  05m37.8s/10m00.0s

running (05m38.8s), 200/200 VUs, 1356 complete and 0 interrupted iterations
normal_day   [  56% ] 200/200 VUs  05m38.8s/10m00.0s

running (05m39.8s), 200/200 VUs, 1362 complete and 0 interrupted iterations
normal_day   [  57% ] 200/200 VUs  05m39.8s/10m00.0s

running (05m40.8s), 200/200 VUs, 1366 complete and 0 interrupted iterations
normal_day   [  57% ] 200/200 VUs  05m40.8s/10m00.0s

running (05m41.8s), 200/200 VUs, 1371 complete and 0 interrupted iterations
normal_day   [  57% ] 200/200 VUs  05m41.8s/10m00.0s

running (05m42.8s), 200/200 VUs, 1378 complete and 0 interrupted iterations
normal_day   [  57% ] 200/200 VUs  05m42.8s/10m00.0s

running (05m43.8s), 200/200 VUs, 1380 complete and 0 interrupted iterations
normal_day   [  57% ] 200/200 VUs  05m43.8s/10m00.0s

running (05m44.8s), 200/200 VUs, 1382 complete and 0 interrupted iterations
normal_day   [  57% ] 200/200 VUs  05m44.8s/10m00.0s

running (05m45.8s), 200/200 VUs, 1382 complete and 0 interrupted iterations
normal_day   [  58% ] 200/200 VUs  05m45.8s/10m00.0s

running (05m46.8s), 200/200 VUs, 1383 complete and 0 interrupted iterations
normal_day   [  58% ] 200/200 VUs  05m46.8s/10m00.0s

running (05m47.8s), 200/200 VUs, 1384 complete and 0 interrupted iterations
normal_day   [  58% ] 200/200 VUs  05m47.8s/10m00.0s

running (05m48.8s), 200/200 VUs, 1388 complete and 0 interrupted iterations
normal_day   [  58% ] 200/200 VUs  05m48.8s/10m00.0s

running (05m49.8s), 200/200 VUs, 1392 complete and 0 interrupted iterations
normal_day   [  58% ] 200/200 VUs  05m49.8s/10m00.0s

running (05m50.8s), 200/200 VUs, 1395 complete and 0 interrupted iterations
normal_day   [  58% ] 200/200 VUs  05m50.8s/10m00.0s

running (05m51.8s), 200/200 VUs, 1397 complete and 0 interrupted iterations
normal_day   [  59% ] 200/200 VUs  05m51.8s/10m00.0s

running (05m52.8s), 200/200 VUs, 1407 complete and 0 interrupted iterations
normal_day   [  59% ] 200/200 VUs  05m52.8s/10m00.0s

running (05m53.8s), 200/200 VUs, 1414 complete and 0 interrupted iterations
normal_day   [  59% ] 200/200 VUs  05m53.8s/10m00.0s

running (05m54.8s), 200/200 VUs, 1419 complete and 0 interrupted iterations
normal_day   [  59% ] 200/200 VUs  05m54.8s/10m00.0s

running (05m55.8s), 200/200 VUs, 1424 complete and 0 interrupted iterations
normal_day   [  59% ] 200/200 VUs  05m55.8s/10m00.0s

running (05m56.8s), 200/200 VUs, 1427 complete and 0 interrupted iterations
normal_day   [  59% ] 200/200 VUs  05m56.8s/10m00.0s

running (05m57.8s), 200/200 VUs, 1431 complete and 0 interrupted iterations
normal_day   [  60% ] 200/200 VUs  05m57.8s/10m00.0s

running (05m58.8s), 200/200 VUs, 1436 complete and 0 interrupted iterations
normal_day   [  60% ] 200/200 VUs  05m58.8s/10m00.0s

running (05m59.8s), 200/200 VUs, 1438 complete and 0 interrupted iterations
normal_day   [  60% ] 200/200 VUs  05m59.8s/10m00.0s

running (06m00.8s), 200/200 VUs, 1441 complete and 0 interrupted iterations
normal_day   [  60% ] 200/200 VUs  06m00.8s/10m00.0s

running (06m01.8s), 200/200 VUs, 1443 complete and 0 interrupted iterations
normal_day   [  60% ] 200/200 VUs  06m01.8s/10m00.0s

running (06m02.8s), 200/200 VUs, 1446 complete and 0 interrupted iterations
normal_day   [  60% ] 200/200 VUs  06m02.8s/10m00.0s

running (06m03.8s), 200/200 VUs, 1450 complete and 0 interrupted iterations
normal_day   [  61% ] 200/200 VUs  06m03.8s/10m00.0s

running (06m04.8s), 200/200 VUs, 1452 complete and 0 interrupted iterations
normal_day   [  61% ] 200/200 VUs  06m04.8s/10m00.0s

running (06m05.8s), 200/200 VUs, 1457 complete and 0 interrupted iterations
normal_day   [  61% ] 200/200 VUs  06m05.8s/10m00.0s

running (06m06.8s), 200/200 VUs, 1458 complete and 0 interrupted iterations
normal_day   [  61% ] 200/200 VUs  06m06.8s/10m00.0s

running (06m07.8s), 200/200 VUs, 1458 complete and 0 interrupted iterations
normal_day   [  61% ] 200/200 VUs  06m07.8s/10m00.0s

running (06m08.8s), 200/200 VUs, 1461 complete and 0 interrupted iterations
normal_day   [  61% ] 200/200 VUs  06m08.8s/10m00.0s

running (06m09.8s), 200/200 VUs, 1462 complete and 0 interrupted iterations
normal_day   [  62% ] 200/200 VUs  06m09.8s/10m00.0s

running (06m10.8s), 200/200 VUs, 1467 complete and 0 interrupted iterations
normal_day   [  62% ] 200/200 VUs  06m10.8s/10m00.0s

running (06m11.8s), 200/200 VUs, 1472 complete and 0 interrupted iterations
normal_day   [  62% ] 200/200 VUs  06m11.8s/10m00.0s

running (06m12.8s), 200/200 VUs, 1478 complete and 0 interrupted iterations
normal_day   [  62% ] 200/200 VUs  06m12.8s/10m00.0s

running (06m13.8s), 200/200 VUs, 1488 complete and 0 interrupted iterations
normal_day   [  62% ] 200/200 VUs  06m13.8s/10m00.0s

running (06m14.8s), 200/200 VUs, 1502 complete and 0 interrupted iterations
normal_day   [  62% ] 200/200 VUs  06m14.8s/10m00.0s

running (06m15.8s), 200/200 VUs, 1508 complete and 0 interrupted iterations
normal_day   [  63% ] 200/200 VUs  06m15.8s/10m00.0s

running (06m16.8s), 200/200 VUs, 1511 complete and 0 interrupted iterations
normal_day   [  63% ] 200/200 VUs  06m16.8s/10m00.0s

running (06m17.8s), 200/200 VUs, 1512 complete and 0 interrupted iterations
normal_day   [  63% ] 200/200 VUs  06m17.8s/10m00.0s

running (06m18.8s), 200/200 VUs, 1513 complete and 0 interrupted iterations
normal_day   [  63% ] 200/200 VUs  06m18.8s/10m00.0s

running (06m19.8s), 200/200 VUs, 1516 complete and 0 interrupted iterations
normal_day   [  63% ] 200/200 VUs  06m19.8s/10m00.0s

running (06m20.8s), 200/200 VUs, 1522 complete and 0 interrupted iterations
normal_day   [  63% ] 200/200 VUs  06m20.8s/10m00.0s

running (06m21.8s), 200/200 VUs, 1525 complete and 0 interrupted iterations
normal_day   [  64% ] 200/200 VUs  06m21.8s/10m00.0s

running (06m22.8s), 200/200 VUs, 1526 complete and 0 interrupted iterations
normal_day   [  64% ] 200/200 VUs  06m22.8s/10m00.0s

running (06m23.8s), 200/200 VUs, 1532 complete and 0 interrupted iterations
normal_day   [  64% ] 200/200 VUs  06m23.8s/10m00.0s

running (06m24.8s), 200/200 VUs, 1533 complete and 0 interrupted iterations
normal_day   [  64% ] 200/200 VUs  06m24.8s/10m00.0s

running (06m25.8s), 200/200 VUs, 1536 complete and 0 interrupted iterations
normal_day   [  64% ] 200/200 VUs  06m25.8s/10m00.0s

running (06m26.8s), 200/200 VUs, 1537 complete and 0 interrupted iterations
normal_day   [  64% ] 200/200 VUs  06m26.8s/10m00.0s

running (06m27.8s), 200/200 VUs, 1547 complete and 0 interrupted iterations
normal_day   [  65% ] 200/200 VUs  06m27.8s/10m00.0s

running (06m28.8s), 200/200 VUs, 1555 complete and 0 interrupted iterations
normal_day   [  65% ] 200/200 VUs  06m28.8s/10m00.0s

running (06m29.8s), 200/200 VUs, 1562 complete and 0 interrupted iterations
normal_day   [  65% ] 200/200 VUs  06m29.8s/10m00.0s

running (06m30.8s), 200/200 VUs, 1565 complete and 0 interrupted iterations
normal_day   [  65% ] 200/200 VUs  06m30.8s/10m00.0s

running (06m31.8s), 200/200 VUs, 1568 complete and 0 interrupted iterations
normal_day   [  65% ] 200/200 VUs  06m31.8s/10m00.0s

running (06m32.8s), 200/200 VUs, 1575 complete and 0 interrupted iterations
normal_day   [  65% ] 200/200 VUs  06m32.8s/10m00.0s

running (06m33.8s), 200/200 VUs, 1580 complete and 0 interrupted iterations
normal_day   [  66% ] 200/200 VUs  06m33.8s/10m00.0s

running (06m34.8s), 200/200 VUs, 1583 complete and 0 interrupted iterations
normal_day   [  66% ] 200/200 VUs  06m34.8s/10m00.0s

running (06m35.8s), 200/200 VUs, 1588 complete and 0 interrupted iterations
normal_day   [  66% ] 200/200 VUs  06m35.8s/10m00.0s

running (06m36.8s), 200/200 VUs, 1601 complete and 0 interrupted iterations
normal_day   [  66% ] 200/200 VUs  06m36.8s/10m00.0s

running (06m37.8s), 200/200 VUs, 1607 complete and 0 interrupted iterations
normal_day   [  66% ] 200/200 VUs  06m37.8s/10m00.0s

running (06m38.8s), 200/200 VUs, 1615 complete and 0 interrupted iterations
normal_day   [  66% ] 200/200 VUs  06m38.8s/10m00.0s

running (06m39.8s), 200/200 VUs, 1624 complete and 0 interrupted iterations
normal_day   [  67% ] 200/200 VUs  06m39.8s/10m00.0s

running (06m40.8s), 200/200 VUs, 1626 complete and 0 interrupted iterations
normal_day   [  67% ] 200/200 VUs  06m40.8s/10m00.0s

running (06m41.8s), 200/200 VUs, 1631 complete and 0 interrupted iterations
normal_day   [  67% ] 200/200 VUs  06m41.8s/10m00.0s

running (06m42.8s), 200/200 VUs, 1632 complete and 0 interrupted iterations
normal_day   [  67% ] 200/200 VUs  06m42.8s/10m00.0s

running (06m43.8s), 200/200 VUs, 1633 complete and 0 interrupted iterations
normal_day   [  67% ] 200/200 VUs  06m43.8s/10m00.0s

running (06m44.8s), 200/200 VUs, 1637 complete and 0 interrupted iterations
normal_day   [  67% ] 200/200 VUs  06m44.8s/10m00.0s

running (06m45.8s), 200/200 VUs, 1642 complete and 0 interrupted iterations
normal_day   [  68% ] 200/200 VUs  06m45.8s/10m00.0s

running (06m46.8s), 200/200 VUs, 1643 complete and 0 interrupted iterations
normal_day   [  68% ] 200/200 VUs  06m46.8s/10m00.0s

running (06m47.8s), 200/200 VUs, 1645 complete and 0 interrupted iterations
normal_day   [  68% ] 200/200 VUs  06m47.8s/10m00.0s

running (06m48.8s), 200/200 VUs, 1648 complete and 0 interrupted iterations
normal_day   [  68% ] 200/200 VUs  06m48.8s/10m00.0s

running (06m49.8s), 200/200 VUs, 1652 complete and 0 interrupted iterations
normal_day   [  68% ] 200/200 VUs  06m49.8s/10m00.0s

running (06m50.8s), 200/200 VUs, 1655 complete and 0 interrupted iterations
normal_day   [  68% ] 200/200 VUs  06m50.8s/10m00.0s

running (06m51.8s), 200/200 VUs, 1663 complete and 0 interrupted iterations
normal_day   [  69% ] 200/200 VUs  06m51.8s/10m00.0s

running (06m52.8s), 200/200 VUs, 1666 complete and 0 interrupted iterations
normal_day   [  69% ] 200/200 VUs  06m52.8s/10m00.0s

running (06m53.8s), 200/200 VUs, 1671 complete and 0 interrupted iterations
normal_day   [  69% ] 200/200 VUs  06m53.8s/10m00.0s

running (06m54.8s), 200/200 VUs, 1680 complete and 0 interrupted iterations
normal_day   [  69% ] 200/200 VUs  06m54.8s/10m00.0s

running (06m55.8s), 200/200 VUs, 1693 complete and 0 interrupted iterations
normal_day   [  69% ] 200/200 VUs  06m55.8s/10m00.0s

running (06m56.8s), 200/200 VUs, 1694 complete and 0 interrupted iterations
normal_day   [  69% ] 200/200 VUs  06m56.8s/10m00.0s

running (06m57.8s), 200/200 VUs, 1696 complete and 0 interrupted iterations
normal_day   [  70% ] 200/200 VUs  06m57.8s/10m00.0s

running (06m58.8s), 200/200 VUs, 1700 complete and 0 interrupted iterations
normal_day   [  70% ] 200/200 VUs  06m58.8s/10m00.0s

running (06m59.8s), 200/200 VUs, 1701 complete and 0 interrupted iterations
normal_day   [  70% ] 200/200 VUs  06m59.8s/10m00.0s

running (07m00.8s), 200/200 VUs, 1707 complete and 0 interrupted iterations
normal_day   [  70% ] 200/200 VUs  07m00.8s/10m00.0s

running (07m01.8s), 200/200 VUs, 1709 complete and 0 interrupted iterations
normal_day   [  70% ] 200/200 VUs  07m01.8s/10m00.0s

running (07m02.8s), 200/200 VUs, 1713 complete and 0 interrupted iterations
normal_day   [  70% ] 200/200 VUs  07m02.8s/10m00.0s

running (07m03.8s), 200/200 VUs, 1719 complete and 0 interrupted iterations
normal_day   [  71% ] 200/200 VUs  07m03.8s/10m00.0s

running (07m04.8s), 200/200 VUs, 1724 complete and 0 interrupted iterations
normal_day   [  71% ] 200/200 VUs  07m04.8s/10m00.0s

running (07m05.8s), 200/200 VUs, 1728 complete and 0 interrupted iterations
normal_day   [  71% ] 200/200 VUs  07m05.8s/10m00.0s

running (07m06.8s), 200/200 VUs, 1735 complete and 0 interrupted iterations
normal_day   [  71% ] 200/200 VUs  07m06.8s/10m00.0s

running (07m07.8s), 200/200 VUs, 1737 complete and 0 interrupted iterations
normal_day   [  71% ] 200/200 VUs  07m07.8s/10m00.0s

running (07m08.8s), 200/200 VUs, 1744 complete and 0 interrupted iterations
normal_day   [  71% ] 200/200 VUs  07m08.8s/10m00.0s

running (07m09.8s), 200/200 VUs, 1745 complete and 0 interrupted iterations
normal_day   [  72% ] 200/200 VUs  07m09.8s/10m00.0s

running (07m10.8s), 200/200 VUs, 1748 complete and 0 interrupted iterations
normal_day   [  72% ] 200/200 VUs  07m10.8s/10m00.0s

running (07m11.8s), 200/200 VUs, 1754 complete and 0 interrupted iterations
normal_day   [  72% ] 200/200 VUs  07m11.8s/10m00.0s

running (07m12.8s), 200/200 VUs, 1760 complete and 0 interrupted iterations
normal_day   [  72% ] 200/200 VUs  07m12.8s/10m00.0s

running (07m13.8s), 200/200 VUs, 1761 complete and 0 interrupted iterations
normal_day   [  72% ] 200/200 VUs  07m13.8s/10m00.0s

running (07m14.8s), 200/200 VUs, 1765 complete and 0 interrupted iterations
normal_day   [  72% ] 200/200 VUs  07m14.8s/10m00.0s

running (07m15.8s), 200/200 VUs, 1772 complete and 0 interrupted iterations
normal_day   [  73% ] 200/200 VUs  07m15.8s/10m00.0s

running (07m16.8s), 200/200 VUs, 1776 complete and 0 interrupted iterations
normal_day   [  73% ] 200/200 VUs  07m16.8s/10m00.0s

running (07m17.8s), 200/200 VUs, 1785 complete and 0 interrupted iterations
normal_day   [  73% ] 200/200 VUs  07m17.8s/10m00.0s

running (07m18.8s), 200/200 VUs, 1790 complete and 0 interrupted iterations
normal_day   [  73% ] 200/200 VUs  07m18.8s/10m00.0s

running (07m19.8s), 200/200 VUs, 1791 complete and 0 interrupted iterations
normal_day   [  73% ] 200/200 VUs  07m19.8s/10m00.0s

running (07m20.8s), 200/200 VUs, 1793 complete and 0 interrupted iterations
normal_day   [  73% ] 200/200 VUs  07m20.8s/10m00.0s

running (07m21.8s), 200/200 VUs, 1793 complete and 0 interrupted iterations
normal_day   [  74% ] 200/200 VUs  07m21.8s/10m00.0s

running (07m22.8s), 200/200 VUs, 1795 complete and 0 interrupted iterations
normal_day   [  74% ] 200/200 VUs  07m22.8s/10m00.0s

running (07m23.8s), 200/200 VUs, 1796 complete and 0 interrupted iterations
normal_day   [  74% ] 200/200 VUs  07m23.8s/10m00.0s

running (07m24.8s), 200/200 VUs, 1802 complete and 0 interrupted iterations
normal_day   [  74% ] 200/200 VUs  07m24.8s/10m00.0s

running (07m25.8s), 200/200 VUs, 1803 complete and 0 interrupted iterations
normal_day   [  74% ] 200/200 VUs  07m25.8s/10m00.0s

running (07m26.8s), 200/200 VUs, 1810 complete and 0 interrupted iterations
normal_day   [  74% ] 200/200 VUs  07m26.8s/10m00.0s

running (07m27.8s), 200/200 VUs, 1820 complete and 0 interrupted iterations
normal_day   [  75% ] 200/200 VUs  07m27.8s/10m00.0s

running (07m28.8s), 200/200 VUs, 1822 complete and 0 interrupted iterations
normal_day   [  75% ] 200/200 VUs  07m28.8s/10m00.0s

running (07m29.8s), 200/200 VUs, 1826 complete and 0 interrupted iterations
normal_day   [  75% ] 200/200 VUs  07m29.8s/10m00.0s

running (07m30.8s), 200/200 VUs, 1833 complete and 0 interrupted iterations
normal_day   [  75% ] 200/200 VUs  07m30.8s/10m00.0s

running (07m31.8s), 200/200 VUs, 1840 complete and 0 interrupted iterations
normal_day   [  75% ] 200/200 VUs  07m31.8s/10m00.0s

running (07m32.8s), 200/200 VUs, 1846 complete and 0 interrupted iterations
normal_day   [  75% ] 200/200 VUs  07m32.8s/10m00.0s

running (07m33.8s), 200/200 VUs, 1851 complete and 0 interrupted iterations
normal_day   [  76% ] 200/200 VUs  07m33.8s/10m00.0s

running (07m34.8s), 200/200 VUs, 1853 complete and 0 interrupted iterations
normal_day   [  76% ] 200/200 VUs  07m34.8s/10m00.0s

running (07m35.8s), 200/200 VUs, 1856 complete and 0 interrupted iterations
normal_day   [  76% ] 200/200 VUs  07m35.8s/10m00.0s

running (07m36.8s), 200/200 VUs, 1863 complete and 0 interrupted iterations
normal_day   [  76% ] 200/200 VUs  07m36.8s/10m00.0s

running (07m37.8s), 200/200 VUs, 1867 complete and 0 interrupted iterations
normal_day   [  76% ] 200/200 VUs  07m37.8s/10m00.0s

running (07m38.8s), 200/200 VUs, 1874 complete and 0 interrupted iterations
normal_day   [  76% ] 200/200 VUs  07m38.8s/10m00.0s

running (07m39.8s), 200/200 VUs, 1878 complete and 0 interrupted iterations
normal_day   [  77% ] 200/200 VUs  07m39.8s/10m00.0s

running (07m40.8s), 200/200 VUs, 1883 complete and 0 interrupted iterations
normal_day   [  77% ] 200/200 VUs  07m40.8s/10m00.0s

running (07m41.8s), 200/200 VUs, 1883 complete and 0 interrupted iterations
normal_day   [  77% ] 200/200 VUs  07m41.8s/10m00.0s

running (07m42.8s), 200/200 VUs, 1890 complete and 0 interrupted iterations
normal_day   [  77% ] 200/200 VUs  07m42.8s/10m00.0s

running (07m43.8s), 200/200 VUs, 1893 complete and 0 interrupted iterations
normal_day   [  77% ] 200/200 VUs  07m43.8s/10m00.0s

running (07m44.8s), 200/200 VUs, 1893 complete and 0 interrupted iterations
normal_day   [  77% ] 200/200 VUs  07m44.8s/10m00.0s

running (07m45.8s), 200/200 VUs, 1899 complete and 0 interrupted iterations
normal_day   [  78% ] 200/200 VUs  07m45.8s/10m00.0s

running (07m46.8s), 200/200 VUs, 1904 complete and 0 interrupted iterations
normal_day   [  78% ] 200/200 VUs  07m46.8s/10m00.0s

running (07m47.8s), 200/200 VUs, 1908 complete and 0 interrupted iterations
normal_day   [  78% ] 200/200 VUs  07m47.8s/10m00.0s

running (07m48.8s), 200/200 VUs, 1911 complete and 0 interrupted iterations
normal_day   [  78% ] 200/200 VUs  07m48.8s/10m00.0s

running (07m49.8s), 200/200 VUs, 1916 complete and 0 interrupted iterations
normal_day   [  78% ] 200/200 VUs  07m49.8s/10m00.0s

running (07m50.8s), 200/200 VUs, 1919 complete and 0 interrupted iterations
normal_day   [  78% ] 200/200 VUs  07m50.8s/10m00.0s

running (07m51.8s), 200/200 VUs, 1922 complete and 0 interrupted iterations
normal_day   [  79% ] 200/200 VUs  07m51.8s/10m00.0s

running (07m52.8s), 200/200 VUs, 1925 complete and 0 interrupted iterations
normal_day   [  79% ] 200/200 VUs  07m52.8s/10m00.0s

running (07m53.8s), 200/200 VUs, 1925 complete and 0 interrupted iterations
normal_day   [  79% ] 200/200 VUs  07m53.8s/10m00.0s

running (07m54.8s), 200/200 VUs, 1927 complete and 0 interrupted iterations
normal_day   [  79% ] 200/200 VUs  07m54.8s/10m00.0s

running (07m55.8s), 200/200 VUs, 1931 complete and 0 interrupted iterations
normal_day   [  79% ] 200/200 VUs  07m55.8s/10m00.0s

running (07m56.8s), 200/200 VUs, 1935 complete and 0 interrupted iterations
normal_day   [  79% ] 200/200 VUs  07m56.8s/10m00.0s

running (07m57.8s), 200/200 VUs, 1936 complete and 0 interrupted iterations
normal_day   [  80% ] 200/200 VUs  07m57.8s/10m00.0s

running (07m58.8s), 200/200 VUs, 1942 complete and 0 interrupted iterations
normal_day   [  80% ] 200/200 VUs  07m58.8s/10m00.0s

running (07m59.8s), 200/200 VUs, 1944 complete and 0 interrupted iterations
normal_day   [  80% ] 200/200 VUs  07m59.8s/10m00.0s

running (08m00.8s), 200/200 VUs, 1951 complete and 0 interrupted iterations
normal_day   [  80% ] 200/200 VUs  08m00.8s/10m00.0s

running (08m01.8s), 200/200 VUs, 1959 complete and 0 interrupted iterations
normal_day   [  80% ] 200/200 VUs  08m01.8s/10m00.0s

running (08m02.8s), 200/200 VUs, 1960 complete and 0 interrupted iterations
normal_day   [  80% ] 200/200 VUs  08m02.8s/10m00.0s

running (08m03.8s), 200/200 VUs, 1964 complete and 0 interrupted iterations
normal_day   [  81% ] 200/200 VUs  08m03.8s/10m00.0s

running (08m04.8s), 200/200 VUs, 1965 complete and 0 interrupted iterations
normal_day   [  81% ] 200/200 VUs  08m04.8s/10m00.0s

running (08m05.8s), 199/200 VUs, 1972 complete and 0 interrupted iterations
normal_day   [  81% ] 199/200 VUs  08m05.8s/10m00.0s

running (08m06.8s), 199/200 VUs, 1973 complete and 0 interrupted iterations
normal_day   [  81% ] 199/200 VUs  08m06.8s/10m00.0s

running (08m07.8s), 199/200 VUs, 1973 complete and 0 interrupted iterations
normal_day   [  81% ] 199/200 VUs  08m07.8s/10m00.0s

running (08m08.8s), 199/200 VUs, 1977 complete and 0 interrupted iterations
normal_day   [  81% ] 199/200 VUs  08m08.8s/10m00.0s

running (08m09.8s), 199/200 VUs, 1982 complete and 0 interrupted iterations
normal_day   [  82% ] 199/200 VUs  08m09.8s/10m00.0s

running (08m10.8s), 198/200 VUs, 1990 complete and 0 interrupted iterations
normal_day   [  82% ] 198/200 VUs  08m10.8s/10m00.0s

running (08m11.8s), 195/200 VUs, 1997 complete and 0 interrupted iterations
normal_day   [  82% ] 195/200 VUs  08m11.8s/10m00.0s

running (08m12.8s), 194/200 VUs, 2000 complete and 0 interrupted iterations
normal_day   [  82% ] 194/200 VUs  08m12.8s/10m00.0s

running (08m13.8s), 192/200 VUs, 2006 complete and 0 interrupted iterations
normal_day   [  82% ] 192/200 VUs  08m13.8s/10m00.0s

running (08m14.8s), 192/200 VUs, 2012 complete and 0 interrupted iterations
normal_day   [  82% ] 192/200 VUs  08m14.8s/10m00.0s

running (08m15.8s), 192/200 VUs, 2018 complete and 0 interrupted iterations
normal_day   [  83% ] 192/200 VUs  08m15.8s/10m00.0s

running (08m16.8s), 191/200 VUs, 2031 complete and 0 interrupted iterations
normal_day   [  83% ] 191/200 VUs  08m16.8s/10m00.0s

running (08m17.8s), 191/200 VUs, 2033 complete and 0 interrupted iterations
normal_day   [  83% ] 191/200 VUs  08m17.8s/10m00.0s

running (08m18.8s), 191/200 VUs, 2042 complete and 0 interrupted iterations
normal_day   [  83% ] 191/200 VUs  08m18.8s/10m00.0s

running (08m19.8s), 191/200 VUs, 2044 complete and 0 interrupted iterations
normal_day   [  83% ] 191/200 VUs  08m19.8s/10m00.0s

running (08m20.8s), 190/200 VUs, 2046 complete and 0 interrupted iterations
normal_day   [  83% ] 190/200 VUs  08m20.8s/10m00.0s

running (08m21.8s), 190/200 VUs, 2046 complete and 0 interrupted iterations
normal_day   [  84% ] 190/200 VUs  08m21.8s/10m00.0s

running (08m22.8s), 190/200 VUs, 2047 complete and 0 interrupted iterations
normal_day   [  84% ] 190/200 VUs  08m22.8s/10m00.0s

running (08m23.8s), 190/200 VUs, 2047 complete and 0 interrupted iterations
normal_day   [  84% ] 190/200 VUs  08m23.8s/10m00.0s

running (08m24.8s), 188/200 VUs, 2054 complete and 0 interrupted iterations
normal_day   [  84% ] 188/200 VUs  08m24.8s/10m00.0s

running (08m25.8s), 187/200 VUs, 2064 complete and 0 interrupted iterations
normal_day   [  84% ] 187/200 VUs  08m25.8s/10m00.0s

running (08m26.8s), 186/200 VUs, 2068 complete and 0 interrupted iterations
normal_day   [  84% ] 186/200 VUs  08m26.8s/10m00.0s

running (08m27.8s), 186/200 VUs, 2074 complete and 0 interrupted iterations
normal_day   [  85% ] 186/200 VUs  08m27.8s/10m00.0s

running (08m28.8s), 186/200 VUs, 2079 complete and 0 interrupted iterations
normal_day   [  85% ] 186/200 VUs  08m28.8s/10m00.0s

running (08m29.8s), 184/200 VUs, 2088 complete and 0 interrupted iterations
normal_day   [  85% ] 184/200 VUs  08m29.8s/10m00.0s

running (08m30.8s), 182/200 VUs, 2091 complete and 1 interrupted iterations
normal_day   [  85% ] 182/200 VUs  08m30.8s/10m00.0s

running (08m31.8s), 178/200 VUs, 2097 complete and 2 interrupted iterations
normal_day   [  85% ] 178/200 VUs  08m31.8s/10m00.0s

running (08m32.8s), 177/200 VUs, 2097 complete and 3 interrupted iterations
normal_day   [  85% ] 177/200 VUs  08m32.8s/10m00.0s

running (08m33.8s), 171/200 VUs, 2102 complete and 5 interrupted iterations
normal_day   [  86% ] 171/200 VUs  08m33.8s/10m00.0s

running (08m34.8s), 168/200 VUs, 2109 complete and 5 interrupted iterations
normal_day   [  86% ] 168/200 VUs  08m34.8s/10m00.0s

running (08m35.8s), 166/200 VUs, 2111 complete and 5 interrupted iterations
normal_day   [  86% ] 166/200 VUs  08m35.8s/10m00.0s

running (08m36.8s), 165/200 VUs, 2111 complete and 6 interrupted iterations
normal_day   [  86% ] 165/200 VUs  08m36.8s/10m00.0s

running (08m37.8s), 165/200 VUs, 2113 complete and 6 interrupted iterations
normal_day   [  86% ] 165/200 VUs  08m37.8s/10m00.0s

running (08m38.8s), 163/200 VUs, 2119 complete and 6 interrupted iterations
normal_day   [  86% ] 163/200 VUs  08m38.8s/10m00.0s

running (08m39.8s), 163/200 VUs, 2124 complete and 6 interrupted iterations
normal_day   [  87% ] 163/200 VUs  08m39.8s/10m00.0s

running (08m40.8s), 161/200 VUs, 2134 complete and 6 interrupted iterations
normal_day   [  87% ] 161/200 VUs  08m40.8s/10m00.0s

running (08m41.8s), 158/200 VUs, 2144 complete and 6 interrupted iterations
normal_day   [  87% ] 158/200 VUs  08m41.8s/10m00.0s

running (08m42.8s), 153/200 VUs, 2156 complete and 7 interrupted iterations
normal_day   [  87% ] 153/200 VUs  08m42.8s/10m00.0s

running (08m43.8s), 152/200 VUs, 2163 complete and 7 interrupted iterations
normal_day   [  87% ] 152/200 VUs  08m43.8s/10m00.0s

running (08m44.8s), 152/200 VUs, 2165 complete and 7 interrupted iterations
normal_day   [  87% ] 152/200 VUs  08m44.8s/10m00.0s

running (08m45.8s), 152/200 VUs, 2165 complete and 7 interrupted iterations
normal_day   [  88% ] 152/200 VUs  08m45.8s/10m00.0s

running (08m46.8s), 151/200 VUs, 2165 complete and 8 interrupted iterations
normal_day   [  88% ] 151/200 VUs  08m46.8s/10m00.0s

running (08m47.8s), 150/200 VUs, 2167 complete and 8 interrupted iterations
normal_day   [  88% ] 150/200 VUs  08m47.8s/10m00.0s

running (08m48.8s), 149/200 VUs, 2168 complete and 9 interrupted iterations
normal_day   [  88% ] 149/200 VUs  08m48.8s/10m00.0s

running (08m49.8s), 149/200 VUs, 2168 complete and 9 interrupted iterations
normal_day   [  88% ] 149/200 VUs  08m49.8s/10m00.0s

running (08m50.8s), 147/200 VUs, 2170 complete and 10 interrupted iterations
normal_day   [  88% ] 147/200 VUs  08m50.8s/10m00.0s

running (08m51.8s), 147/200 VUs, 2172 complete and 10 interrupted iterations
normal_day   [  89% ] 147/200 VUs  08m51.8s/10m00.0s

running (08m52.8s), 144/200 VUs, 2182 complete and 11 interrupted iterations
normal_day   [  89% ] 144/200 VUs  08m52.8s/10m00.0s

running (08m53.8s), 142/200 VUs, 2186 complete and 11 interrupted iterations
normal_day   [  89% ] 142/200 VUs  08m53.8s/10m00.0s

running (08m54.8s), 138/200 VUs, 2194 complete and 11 interrupted iterations
normal_day   [  89% ] 138/200 VUs  08m54.8s/10m00.0s

running (08m55.8s), 137/200 VUs, 2198 complete and 11 interrupted iterations
normal_day   [  89% ] 137/200 VUs  08m55.8s/10m00.0s

running (08m56.8s), 135/200 VUs, 2205 complete and 12 interrupted iterations
normal_day   [  89% ] 135/200 VUs  08m56.8s/10m00.0s

running (08m57.8s), 133/200 VUs, 2214 complete and 13 interrupted iterations
normal_day   [  90% ] 133/200 VUs  08m57.8s/10m00.0s

running (08m58.8s), 131/200 VUs, 2220 complete and 13 interrupted iterations
normal_day   [  90% ] 131/200 VUs  08m58.8s/10m00.0s

running (08m59.8s), 128/200 VUs, 2233 complete and 13 interrupted iterations
normal_day   [  90% ] 128/200 VUs  08m59.8s/10m00.0s

running (09m00.8s), 128/200 VUs, 2234 complete and 13 interrupted iterations
normal_day   [  90% ] 128/200 VUs  09m00.8s/10m00.0s

running (09m01.8s), 127/200 VUs, 2240 complete and 13 interrupted iterations
normal_day   [  90% ] 127/200 VUs  09m01.8s/10m00.0s

running (09m02.8s), 127/200 VUs, 2243 complete and 13 interrupted iterations
normal_day   [  90% ] 127/200 VUs  09m02.8s/10m00.0s

running (09m03.8s), 125/200 VUs, 2247 complete and 13 interrupted iterations
normal_day   [  91% ] 125/200 VUs  09m03.8s/10m00.0s

running (09m04.8s), 122/200 VUs, 2253 complete and 14 interrupted iterations
normal_day   [  91% ] 122/200 VUs  09m04.8s/10m00.0s

running (09m05.8s), 120/200 VUs, 2258 complete and 15 interrupted iterations
normal_day   [  91% ] 120/200 VUs  09m05.8s/10m00.0s

running (09m06.8s), 118/200 VUs, 2269 complete and 15 interrupted iterations
normal_day   [  91% ] 118/200 VUs  09m06.8s/10m00.0s

running (09m07.8s), 116/200 VUs, 2272 complete and 15 interrupted iterations
normal_day   [  91% ] 116/200 VUs  09m07.8s/10m00.0s

running (09m08.8s), 116/200 VUs, 2272 complete and 15 interrupted iterations
normal_day   [  91% ] 116/200 VUs  09m08.8s/10m00.0s

running (09m09.8s), 116/200 VUs, 2272 complete and 15 interrupted iterations
normal_day   [  92% ] 116/200 VUs  09m09.8s/10m00.0s

running (09m10.8s), 115/200 VUs, 2276 complete and 15 interrupted iterations
normal_day   [  92% ] 115/200 VUs  09m10.8s/10m00.0s

running (09m11.8s), 113/200 VUs, 2282 complete and 16 interrupted iterations
normal_day   [  92% ] 113/200 VUs  09m11.8s/10m00.0s

running (09m12.8s), 111/200 VUs, 2288 complete and 16 interrupted iterations
normal_day   [  92% ] 111/200 VUs  09m12.8s/10m00.0s

running (09m13.8s), 107/200 VUs, 2295 complete and 16 interrupted iterations
normal_day   [  92% ] 107/200 VUs  09m13.8s/10m00.0s

running (09m14.8s), 104/200 VUs, 2300 complete and 17 interrupted iterations
normal_day   [  92% ] 104/200 VUs  09m14.8s/10m00.0s

running (09m15.8s), 102/200 VUs, 2305 complete and 19 interrupted iterations
normal_day   [  93% ] 102/200 VUs  09m15.8s/10m00.0s

running (09m16.8s), 100/200 VUs, 2306 complete and 21 interrupted iterations
normal_day   [  93% ] 100/200 VUs  09m16.8s/10m00.0s

running (09m17.8s), 098/200 VUs, 2312 complete and 21 interrupted iterations
normal_day   [  93% ] 098/200 VUs  09m17.8s/10m00.0s

running (09m18.8s), 096/200 VUs, 2315 complete and 22 interrupted iterations
normal_day   [  93% ] 096/200 VUs  09m18.8s/10m00.0s

running (09m19.8s), 096/200 VUs, 2319 complete and 22 interrupted iterations
normal_day   [  93% ] 096/200 VUs  09m19.8s/10m00.0s

running (09m20.8s), 094/200 VUs, 2327 complete and 22 interrupted iterations
normal_day   [  93% ] 094/200 VUs  09m20.8s/10m00.0s

running (09m21.8s), 093/200 VUs, 2332 complete and 22 interrupted iterations
normal_day   [  94% ] 093/200 VUs  09m21.8s/10m00.0s

running (09m22.8s), 091/200 VUs, 2337 complete and 22 interrupted iterations
normal_day   [  94% ] 091/200 VUs  09m22.8s/10m00.0s

running (09m23.8s), 088/200 VUs, 2342 complete and 23 interrupted iterations
normal_day   [  94% ] 088/200 VUs  09m23.8s/10m00.0s

running (09m24.8s), 086/200 VUs, 2347 complete and 23 interrupted iterations
normal_day   [  94% ] 086/200 VUs  09m24.8s/10m00.0s

running (09m25.8s), 083/200 VUs, 2350 complete and 23 interrupted iterations
normal_day   [  94% ] 083/200 VUs  09m25.8s/10m00.0s

running (09m26.8s), 079/200 VUs, 2354 complete and 23 interrupted iterations
normal_day   [  94% ] 079/200 VUs  09m26.8s/10m00.0s

running (09m27.8s), 077/200 VUs, 2358 complete and 24 interrupted iterations
normal_day   [  95% ] 077/200 VUs  09m27.8s/10m00.0s

running (09m28.8s), 076/200 VUs, 2360 complete and 25 interrupted iterations
normal_day   [  95% ] 076/200 VUs  09m28.8s/10m00.0s

running (09m29.8s), 076/200 VUs, 2361 complete and 25 interrupted iterations
normal_day   [  95% ] 076/200 VUs  09m29.8s/10m00.0s

running (09m30.8s), 074/200 VUs, 2363 complete and 25 interrupted iterations
normal_day   [  95% ] 074/200 VUs  09m30.8s/10m00.0s

running (09m31.8s), 073/200 VUs, 2364 complete and 25 interrupted iterations
normal_day   [  95% ] 073/200 VUs  09m31.8s/10m00.0s

running (09m32.8s), 073/200 VUs, 2366 complete and 25 interrupted iterations
normal_day   [  95% ] 073/200 VUs  09m32.8s/10m00.0s

running (09m33.8s), 069/200 VUs, 2371 complete and 26 interrupted iterations
normal_day   [  96% ] 069/200 VUs  09m33.8s/10m00.0s

running (09m34.8s), 064/200 VUs, 2380 complete and 28 interrupted iterations
normal_day   [  96% ] 064/200 VUs  09m34.8s/10m00.0s

running (09m35.8s), 062/200 VUs, 2382 complete and 29 interrupted iterations
normal_day   [  96% ] 062/200 VUs  09m35.8s/10m00.0s

running (09m36.8s), 060/200 VUs, 2387 complete and 29 interrupted iterations
normal_day   [  96% ] 060/200 VUs  09m36.8s/10m00.0s

running (09m37.8s), 058/200 VUs, 2389 complete and 29 interrupted iterations
normal_day   [  96% ] 058/200 VUs  09m37.8s/10m00.0s

running (09m38.8s), 058/200 VUs, 2389 complete and 29 interrupted iterations
normal_day   [  96% ] 058/200 VUs  09m38.8s/10m00.0s

running (09m39.8s), 058/200 VUs, 2390 complete and 29 interrupted iterations
normal_day   [  97% ] 058/200 VUs  09m39.8s/10m00.0s

running (09m40.8s), 058/200 VUs, 2390 complete and 29 interrupted iterations
normal_day   [  97% ] 058/200 VUs  09m40.8s/10m00.0s

running (09m41.8s), 056/200 VUs, 2393 complete and 29 interrupted iterations
normal_day   [  97% ] 056/200 VUs  09m41.8s/10m00.0s

running (09m42.8s), 056/200 VUs, 2396 complete and 29 interrupted iterations
normal_day   [  97% ] 056/200 VUs  09m42.8s/10m00.0s

running (09m43.8s), 055/200 VUs, 2397 complete and 29 interrupted iterations
normal_day   [  97% ] 055/200 VUs  09m43.8s/10m00.0s

running (09m44.8s), 054/200 VUs, 2399 complete and 29 interrupted iterations
normal_day   [  97% ] 054/200 VUs  09m44.8s/10m00.0s

running (09m45.8s), 052/200 VUs, 2402 complete and 29 interrupted iterations
normal_day   [  98% ] 052/200 VUs  09m45.8s/10m00.0s

running (09m46.8s), 048/200 VUs, 2408 complete and 30 interrupted iterations
normal_day   [  98% ] 048/200 VUs  09m46.8s/10m00.0s

running (09m47.8s), 045/200 VUs, 2413 complete and 30 interrupted iterations
normal_day   [  98% ] 045/200 VUs  09m47.8s/10m00.0s

running (09m48.8s), 043/200 VUs, 2420 complete and 30 interrupted iterations
normal_day   [  98% ] 043/200 VUs  09m48.8s/10m00.0s

running (09m49.8s), 040/200 VUs, 2425 complete and 30 interrupted iterations
normal_day   [  98% ] 040/200 VUs  09m49.8s/10m00.0s

running (09m50.8s), 035/200 VUs, 2431 complete and 30 interrupted iterations
normal_day   [  98% ] 035/200 VUs  09m50.8s/10m00.0s

running (09m51.8s), 032/200 VUs, 2436 complete and 30 interrupted iterations
normal_day   [  99% ] 032/200 VUs  09m51.8s/10m00.0s

running (09m52.8s), 029/200 VUs, 2440 complete and 30 interrupted iterations
normal_day   [  99% ] 029/200 VUs  09m52.8s/10m00.0s

running (09m53.8s), 026/200 VUs, 2444 complete and 30 interrupted iterations
normal_day   [  99% ] 026/200 VUs  09m53.8s/10m00.0s

running (09m54.8s), 021/200 VUs, 2449 complete and 31 interrupted iterations
normal_day   [  99% ] 021/200 VUs  09m54.8s/10m00.0s

running (09m55.8s), 021/200 VUs, 2449 complete and 31 interrupted iterations
normal_day   [  99% ] 021/200 VUs  09m55.8s/10m00.0s

running (09m56.8s), 021/200 VUs, 2449 complete and 31 interrupted iterations
normal_day   [  99% ] 021/200 VUs  09m56.8s/10m00.0s

running (09m57.8s), 019/200 VUs, 2451 complete and 31 interrupted iterations
normal_day   [ 100% ] 019/200 VUs  09m57.8s/10m00.0s

running (09m58.8s), 017/200 VUs, 2453 complete and 31 interrupted iterations
normal_day   [ 100% ] 017/200 VUs  09m58.8s/10m00.0s

running (09m59.8s), 014/200 VUs, 2456 complete and 31 interrupted iterations
normal_day   [ 100% ] 014/200 VUs  09m59.8s/10m00.0s

running (10m00.8s), 009/200 VUs, 2461 complete and 31 interrupted iterations
normal_day ↓ [ 100% ] 014/200 VUs  10m0s

running (10m01.8s), 006/200 VUs, 2464 complete and 31 interrupted iterations
normal_day ↓ [ 100% ] 014/200 VUs  10m0s

running (10m02.8s), 005/200 VUs, 2465 complete and 31 interrupted iterations
normal_day ↓ [ 100% ] 014/200 VUs  10m0s

running (10m03.8s), 004/200 VUs, 2466 complete and 31 interrupted iterations
normal_day ↓ [ 100% ] 014/200 VUs  10m0s

running (10m04.8s), 003/200 VUs, 2467 complete and 31 interrupted iterations
normal_day ↓ [ 100% ] 014/200 VUs  10m0s

running (10m05.8s), 003/200 VUs, 2467 complete and 31 interrupted iterations
normal_day ↓ [ 100% ] 014/200 VUs  10m0s

running (10m06.8s), 002/200 VUs, 2468 complete and 31 interrupted iterations
normal_day ↓ [ 100% ] 014/200 VUs  10m0s

running (10m07.8s), 001/200 VUs, 2469 complete and 31 interrupted iterations
normal_day ↓ [ 100% ] 014/200 VUs  10m0s

running (10m08.8s), 001/200 VUs, 2469 complete and 31 interrupted iterations
normal_day ↓ [ 100% ] 014/200 VUs  10m0s

running (10m09.8s), 001/200 VUs, 2469 complete and 31 interrupted iterations
normal_day ↓ [ 100% ] 014/200 VUs  10m0s
[32m     ✓ login 200[0m
[32m     ✓ refresh 200[0m
[32m     ✓ board list 200[0m
[32m     ✓ user info 200[0m
[32m     ✓ post search 200[0m
[32m     ✓ hot daily 200[0m
[32m     ✓ my posts 200[0m
[32m     ✓ post detail 200[0m
[32m     ✓ comment create 2xx[0m
[32m     ✓ post list 200[0m
[32m     ✓ post create 2xx[0m
[32m     ✓ post update 200[0m
[32m     ✓ post delete 200[0m
[32m     ✓ unread count 200[0m
[32m     ✓ scrap 2xx[0m
[32m     ✓ chat rooms 200[0m
[32m     ✓ comment list 200[0m
[32m     ✓ friend list 200[0m
[32m     ✓ received reqs 200[0m
[32m     ✓ meal today 200[0m
[32m     ✓ chat messages 200[0m
[32m     ✓ notif list 200[0m
[32m     ✓ timetable today 200[0m
[32m     ✓ chat read 200[0m
[32m     ✓ read all 200[0m
[32m     ✓ post reaction 2xx[0m
[32m     ✓ ws handshake 101[0m
[32m     ✓ comment reaction 200[0m
[32m     ✓ read one 200[0m
[32m     ✓ logout 200[0m
[32m     ✓ meal month 200[0m

     auth_token_refreshes[2m...........:[0m [36m25[0m      [36;2m0.040999/s[0m
     chat_ws_messages_sent[2m..........:[0m [36m694[0m     [36;2m1.13813/s[0m
     chat_ws_rtt[2m....................:[0m avg=[36m3.34s[0m   min=[36m15ms[0m     med=[36m2.62s[0m   max=[36m14.11s[0m   p(90)=[36m7.48s[0m   p(95)=[36m9.1s[0m     p(99)=[36m12.12s[0m  
     checks[2m.........................:[0m [36m100.00%[0m [36;2m✓ 11130[0m     [36;2m✗ 0[0m    
     [32m✓[0m { phase:measure }[2m............:[0m [36m100.00%[0m [36;2m✓ 5783[0m      [36;2m✗ 0[0m    
     [32m✓[0m { phase:rampdown }[2m...........:[0m [36m100.00%[0m [36;2m✓ 2092[0m      [36;2m✗ 0[0m    
     [32m✓[0m { phase:warmup }[2m.............:[0m [36m100.00%[0m [36;2m✓ 3255[0m      [36;2m✗ 0[0m    
     data_received[2m..................:[0m [36m499 MB[0m  [36;2m818 kB/s[0m
     data_sent[2m......................:[0m [36m4.5 MB[0m  [36;2m7.4 kB/s[0m
     http_req_blocked[2m...............:[0m avg=[36m19.68µs[0m min=[36m1.81µs[0m   med=[36m6.69µs[0m  max=[36m22.6ms[0m   p(90)=[36m13.08µs[0m p(95)=[36m16.23µs[0m  p(99)=[36m336.06µs[0m
     http_req_connecting[2m............:[0m avg=[36m8.95µs[0m  min=[36m0s[0m       med=[36m0s[0m      max=[36m22.43ms[0m  p(90)=[36m0s[0m      p(95)=[36m0s[0m       p(99)=[36m218.57µs[0m
     http_req_duration[2m..............:[0m avg=[36m6.14s[0m   min=[36m2.14ms[0m   med=[36m5.58s[0m   max=[36m38.39s[0m   p(90)=[36m11.65s[0m  p(95)=[36m13.89s[0m   p(99)=[36m20s[0m     
       { expected_response:true }[2m...:[0m avg=[36m6.14s[0m   min=[36m2.14ms[0m   med=[36m5.58s[0m   max=[36m38.39s[0m   p(90)=[36m11.65s[0m  p(95)=[36m13.89s[0m   p(99)=[36m20s[0m     
     [32m✓[0m { feature:auth }[2m.............:[0m avg=[36m2.88s[0m   min=[36m37.71ms[0m  med=[36m1.98s[0m   max=[36m19.88s[0m   p(90)=[36m6.71s[0m   p(95)=[36m9.17s[0m    p(99)=[36m12.27s[0m  
     [32m✓[0m { feature:board }[2m............:[0m avg=[36m6.08s[0m   min=[36m2.46ms[0m   med=[36m5.96s[0m   max=[36m24.04s[0m   p(90)=[36m11.15s[0m  p(95)=[36m12.94s[0m   p(99)=[36m18.07s[0m  
     [32m✓[0m { feature:chat }[2m.............:[0m avg=[36m5.82s[0m   min=[36m2.84ms[0m   med=[36m5.27s[0m   max=[36m22.78s[0m   p(90)=[36m11.37s[0m  p(95)=[36m12.44s[0m   p(99)=[36m17.6s[0m   
     [32m✓[0m { feature:comment }[2m..........:[0m avg=[36m8.12s[0m   min=[36m2.2ms[0m    med=[36m7.29s[0m   max=[36m38.39s[0m   p(90)=[36m16.43s[0m  p(95)=[36m19.42s[0m   p(99)=[36m25.19s[0m  
     [32m✓[0m { feature:friend }[2m...........:[0m avg=[36m5.94s[0m   min=[36m2.67ms[0m   med=[36m5.94s[0m   max=[36m22.41s[0m   p(90)=[36m11.03s[0m  p(95)=[36m12s[0m      p(99)=[36m14.68s[0m  
     [32m✓[0m { feature:hot }[2m..............:[0m avg=[36m6s[0m      min=[36m9.29ms[0m   med=[36m5.38s[0m   max=[36m24.72s[0m   p(90)=[36m11.07s[0m  p(95)=[36m12.63s[0m   p(99)=[36m19.41s[0m  
     [32m✓[0m { feature:mypage }[2m...........:[0m avg=[36m5.57s[0m   min=[36m23.16ms[0m  med=[36m5.11s[0m   max=[36m17.25s[0m   p(90)=[36m10.62s[0m  p(95)=[36m12.13s[0m   p(99)=[36m15.52s[0m  
     [32m✓[0m { feature:notification }[2m.....:[0m avg=[36m6.28s[0m   min=[36m6.45ms[0m   med=[36m5.97s[0m   max=[36m21.12s[0m   p(90)=[36m11.43s[0m  p(95)=[36m12.99s[0m   p(99)=[36m18.1s[0m   
     [32m✓[0m { feature:post }[2m.............:[0m avg=[36m5.62s[0m   min=[36m2.14ms[0m   med=[36m5.09s[0m   max=[36m25.14s[0m   p(90)=[36m10.56s[0m  p(95)=[36m12.18s[0m   p(99)=[36m18.13s[0m  
     [32m✓[0m { feature:reaction }[2m.........:[0m avg=[36m6s[0m      min=[36m15.51ms[0m  med=[36m5.81s[0m   max=[36m21.9s[0m    p(90)=[36m10.17s[0m  p(95)=[36m12.03s[0m   p(99)=[36m17.38s[0m  
     [32m✓[0m { feature:school }[2m...........:[0m avg=[36m6.83s[0m   min=[36m5.1ms[0m    med=[36m6.42s[0m   max=[36m18.16s[0m   p(90)=[36m12.04s[0m  p(95)=[36m14.33s[0m   p(99)=[36m18.11s[0m  
     [32m✓[0m { feature:scrap }[2m............:[0m avg=[36m5.63s[0m   min=[36m25.35ms[0m  med=[36m5.22s[0m   max=[36m19.63s[0m   p(90)=[36m10.84s[0m  p(95)=[36m13.73s[0m   p(99)=[36m18.26s[0m  
     [32m✓[0m { feature:timetable }[2m........:[0m avg=[36m6.29s[0m   min=[36m21.25ms[0m  med=[36m5.92s[0m   max=[36m13.99s[0m   p(90)=[36m11.14s[0m  p(95)=[36m12.21s[0m   p(99)=[36m13.5s[0m   
     [32m✓[0m { op:auth }[2m..................:[0m avg=[36m2.88s[0m   min=[36m37.71ms[0m  med=[36m1.98s[0m   max=[36m19.88s[0m   p(90)=[36m6.71s[0m   p(95)=[36m9.17s[0m    p(99)=[36m12.27s[0m  
     [31m✗[0m { op:read,phase:measure }[2m....:[0m avg=[36m8.17s[0m   min=[36m3.45ms[0m   med=[36m7.58s[0m   max=[36m32.89s[0m   p(90)=[36m12.97s[0m  p(95)=[36m17.07s[0m   p(99)=[36m21.41s[0m  
     [31m✗[0m { op:write,phase:measure }[2m...:[0m avg=[36m8.45s[0m   min=[36m173.39ms[0m med=[36m7.9s[0m    max=[36m31.45s[0m   p(90)=[36m13s[0m     p(95)=[36m17.39s[0m   p(99)=[36m21.81s[0m  
     [32m✓[0m { page:0 }[2m...................:[0m avg=[36m4.22s[0m   min=[36m2.31ms[0m   med=[36m3.37s[0m   max=[36m19.73s[0m   p(90)=[36m9.01s[0m   p(95)=[36m10.45s[0m   p(99)=[36m13.87s[0m  
     [32m✓[0m { page:1 }[2m...................:[0m avg=[36m4.31s[0m   min=[36m2.35ms[0m   med=[36m3.61s[0m   max=[36m21.34s[0m   p(90)=[36m9.47s[0m   p(95)=[36m10.76s[0m   p(99)=[36m18.44s[0m  
     [32m✓[0m { page:2 }[2m...................:[0m avg=[36m4.16s[0m   min=[36m2.14ms[0m   med=[36m3.37s[0m   max=[36m21.3s[0m    p(90)=[36m8.81s[0m   p(95)=[36m10.84s[0m   p(99)=[36m19.36s[0m  
     [32m✓[0m { page:3 }[2m...................:[0m avg=[36m4.46s[0m   min=[36m5.63ms[0m   med=[36m4s[0m      max=[36m18.22s[0m   p(90)=[36m8.83s[0m   p(95)=[36m9.43s[0m    p(99)=[36m14.54s[0m  
     [32m✓[0m { page:4 }[2m...................:[0m avg=[36m3.45s[0m   min=[36m5.13ms[0m   med=[36m2.46s[0m   max=[36m18.49s[0m   p(90)=[36m7.67s[0m   p(95)=[36m9.92s[0m    p(99)=[36m13.97s[0m  
     [32m✓[0m { phase:measure }[2m............:[0m avg=[36m8.19s[0m   min=[36m3.45ms[0m   med=[36m7.6s[0m    max=[36m32.89s[0m   p(90)=[36m12.97s[0m  p(95)=[36m17.09s[0m   p(99)=[36m21.51s[0m  
     [32m✓[0m { phase:rampdown }[2m...........:[0m avg=[36m4.83s[0m   min=[36m2.14ms[0m   med=[36m4.39s[0m   max=[36m23.01s[0m   p(90)=[36m9.53s[0m   p(95)=[36m10.45s[0m   p(99)=[36m16.57s[0m  
     [32m✓[0m { phase:warmup }[2m.............:[0m avg=[36m3.39s[0m   min=[36m4.53ms[0m   med=[36m2.07s[0m   max=[36m38.39s[0m   p(90)=[36m8.64s[0m   p(95)=[36m11.49s[0m   p(99)=[36m16.04s[0m  
     http_req_failed[2m................:[0m [36m0.00%[0m   [36;2m✓ 0[0m         [36;2m✗ 11012[0m
     [32m✓[0m { phase:measure }[2m............:[0m [36m0.00%[0m   [36;2m✓ 0[0m         [36;2m✗ 5743[0m 
     [32m✓[0m { phase:rampdown }[2m...........:[0m [36m0.00%[0m   [36;2m✓ 0[0m         [36;2m✗ 1913[0m 
     [32m✓[0m { phase:warmup }[2m.............:[0m [36m0.00%[0m   [36;2m✓ 0[0m         [36;2m✗ 3356[0m 
     http_req_receiving[2m.............:[0m avg=[36m2.01ms[0m  min=[36m18.38µs[0m  med=[36m317.1µs[0m max=[36m210.59ms[0m p(90)=[36m1.04ms[0m  p(95)=[36m3.76ms[0m   p(99)=[36m70ms[0m    
     http_req_sending[2m...............:[0m avg=[36m51.2µs[0m  min=[36m6.25µs[0m   med=[36m35.89µs[0m max=[36m7.69ms[0m   p(90)=[36m97.13µs[0m p(95)=[36m111.46µs[0m p(99)=[36m182.31µs[0m
     http_req_tls_handshaking[2m.......:[0m avg=[36m0s[0m      min=[36m0s[0m       med=[36m0s[0m      max=[36m0s[0m       p(90)=[36m0s[0m      p(95)=[36m0s[0m       p(99)=[36m0s[0m      
     http_req_waiting[2m...............:[0m avg=[36m6.14s[0m   min=[36m2ms[0m      med=[36m5.58s[0m   max=[36m38.3s[0m    p(90)=[36m11.65s[0m  p(95)=[36m13.89s[0m   p(99)=[36m19.97s[0m  
     http_reqs[2m......................:[0m [36m11012[0m   [36;2m18.059198/s[0m
     [32m✓[0m { feature:auth }[2m.............:[0m [36m265[0m     [36;2m0.434588/s[0m
     [32m✓[0m { feature:board }[2m............:[0m [36m1040[0m    [36;2m1.705554/s[0m
     [32m✓[0m { feature:chat }[2m.............:[0m [36m868[0m     [36;2m1.423482/s[0m
     [32m✓[0m { feature:comment }[2m..........:[0m [36m1965[0m    [36;2m3.222514/s[0m
     [32m✓[0m { feature:friend }[2m...........:[0m [36m182[0m     [36;2m0.298472/s[0m
     [32m✓[0m { feature:hot }[2m..............:[0m [36m1040[0m    [36;2m1.705554/s[0m
     [32m✓[0m { feature:mypage }[2m...........:[0m [36m144[0m     [36;2m0.236154/s[0m
     [32m✓[0m { feature:notification }[2m.....:[0m [36m376[0m     [36;2m0.616624/s[0m
     [32m✓[0m { feature:post }[2m.............:[0m [36m4737[0m    [36;2m7.768472/s[0m
     [32m✓[0m { feature:reaction }[2m.........:[0m [36m207[0m     [36;2m0.339471/s[0m
     [32m✓[0m { feature:school }[2m...........:[0m [36m73[0m      [36;2m0.119717/s[0m
     [32m✓[0m { feature:scrap }[2m............:[0m [36m52[0m      [36;2m0.085278/s[0m
     [32m✓[0m { feature:timetable }[2m........:[0m [36m63[0m      [36;2m0.103317/s[0m
     [32m✓[0m { op:auth }[2m..................:[0m [36m265[0m     [36;2m0.434588/s[0m
     [32m✓[0m { op:read }[2m..................:[0m [36m9978[0m    [36;2m16.363483/s[0m
     [32m✓[0m { op:write }[2m.................:[0m [36m769[0m     [36;2m1.261126/s[0m
     [32m✓[0m { page:0 }[2m...................:[0m [36m555[0m     [36;2m0.910176/s[0m
     [32m✓[0m { page:1 }[2m...................:[0m [36m219[0m     [36;2m0.35915/s[0m
     [32m✓[0m { page:2 }[2m...................:[0m [36m122[0m     [36;2m0.200075/s[0m
     [32m✓[0m { page:3 }[2m...................:[0m [36m86[0m      [36;2m0.141036/s[0m
     [32m✓[0m { page:4 }[2m...................:[0m [36m57[0m      [36;2m0.093478/s[0m
     [32m✓[0m { phase:measure }[2m............:[0m [36m5743[0m    [36;2m9.418268/s[0m
     [32m✓[0m { phase:rampdown }[2m...........:[0m [36m1913[0m    [36;2m3.137236/s[0m
     [32m✓[0m { phase:warmup }[2m.............:[0m [36m3356[0m    [36;2m5.503693/s[0m
     iteration_duration[2m.............:[0m avg=[36m36.98s[0m  min=[36m1.14s[0m    med=[36m27.49s[0m  max=[36m2m13s[0m    p(90)=[36m1m23s[0m   p(95)=[36m1m34s[0m    p(99)=[36m1m53s[0m   
     iterations[2m.....................:[0m [36m2470[0m    [36;2m4.050692/s[0m
     [32m✓[0m { phase:measure }[2m............:[0m [36m0[0m       [36;2m0/s[0m
     [32m✓[0m { phase:rampdown }[2m...........:[0m [36m0[0m       [36;2m0/s[0m
     [32m✓[0m { phase:warmup }[2m.............:[0m [36m0[0m       [36;2m0/s[0m
     phase_iterations[2m...............:[0m [36m2470[0m    [36;2m4.050692/s[0m
     [32m✓[0m { phase:measure }[2m............:[0m [36m1280[0m    [36;2m2.099144/s[0m
     [32m✓[0m { phase:rampdown }[2m...........:[0m [36m525[0m     [36;2m0.860977/s[0m
     [32m✓[0m { phase:warmup }[2m.............:[0m [36m665[0m     [36;2m1.090571/s[0m
     vus[2m............................:[0m [36m1[0m       [36;2mmin=0[0m       [36;2mmax=200[0m
     vus_max[2m........................:[0m [36m200[0m     [36;2mmin=200[0m     [36;2mmax=200[0m
     ws_connecting[2m..................:[0m avg=[36m4.72s[0m   min=[36m3.33ms[0m   med=[36m4.09s[0m   max=[36m18.91s[0m   p(90)=[36m9.52s[0m   p(95)=[36m11.79s[0m   p(99)=[36m17.04s[0m  
     ws_msgs_received[2m...............:[0m [36m676[0m     [36;2m1.10861/s[0m
     ws_msgs_sent[2m...................:[0m [36m930[0m     [36;2m1.525159/s[0m
     ws_session_duration[2m............:[0m avg=[36m27.63s[0m  min=[36m16.14s[0m   med=[36m26.62s[0m  max=[36m41.59s[0m   p(90)=[36m34.31s[0m  p(95)=[36m36.57s[0m   p(99)=[36m40.28s[0m  
     ws_sessions[2m....................:[0m [36m118[0m     [36;2m0.193515/s[0m
running (10m09.8s), 000/200 VUs, 2470 complete and 31 interrupted iterations
normal_day ✓ [ 100% ] 000/200 VUs  10m0s
  호스트(Windows) 120표본 · CPU 27.3% (max 45.0) · 주파수 102.4% (min -1.0) · 대기스레드 1.64 · 가용메모리 3509MB
  부하 중 벤치(warmup +60초, 3회 중앙값) · single 5501ms (유휴 대비 10.8%) · parallel 4850ms (유휴 대비 -18.6%) · ctxswitch 2573ms (유휴 대비 17.3%)

  실행 후 상태 sha256:4ac05675b7bb — chat_messages.maxId +694, chat_messages.count +687, posts.maxId +118, posts_reactions.maxId +104, comments.count +103 (외 13개)
    (지문 제외 항목: posts.sumViewCount +3031, daily_hot_post.count +50)
Prometheus 스크레이프 대기 20초...

══════════════════════════════════════════════════════════════════════════
  Performance Report — normal-day   Run #102   ❌ FAIL
══════════════════════════════════════════════════════════════════════════
  환경 perf  |  브랜치 personal/localdocs  |  커밋 3e96d946  |  빌드 local
  시작 2026-08-20 10:35:00 KST  |  수행 10m 10s  |  VU max 200
  데이터셋 medium  |  부하 ramping-vus 0→200@3m0s→200@5m0s→0@2m0s

  ── 성능 (measure 구간) ─────────────────────────────────────────
  평균 8.19s     P95 17.09s    P99 21.52s   
  RPS  19.1      TPS 4.27      오류율 0.00%

  ── 인프라 ────────────────────────────────────────────────────────
  CPU  2.00 core (한계의 100%)   throttled 100.0%
  Heap 794 MB (77%)   GC max 192ms × 97회
  DB   slow 856  QPS 5,827  풀 100%  대기 196
  Redis hit 98.6%  ops 108.9/s  evicted 0

  ── 회귀 (기준: normal-day-2026-08-20T01-32-18) ────────────────
  ⚠  기준선은 당시 k6 threshold 미통과 실행입니다, 당시 Node 판정 FAIL.
     아래 증감률은 개선/악화 폭이며 현재 SLO 통과를 뜻하지 않습니다.
  ❌ P95 응답시간                   15.51s → 17.09s (+10.2%)
       17091 > 상한 500
       직전 대비 +10.2% 악화 (경고 10%)
  ❌ P99 응답시간                   20.24s → 21.52s (+6.3%)
       21515 > 상한 1200
  ⚠️  평균 응답시간                    7.02s → 8.19s (+16.7%)
       직전 대비 +16.7% 악화 (경고 10%)
  ⚠️  TPS (초당 트랜잭션)              5.1/s → 4.3/s (-15.8%)
       직전 대비 +15.8% 악화 (경고 10%)
  ⚠️  RPS (초당 요청)                21.6/s → 19.1/s (-11.5%)
       직전 대비 +11.5% 악화 (경고 10%)
  ❌ CPU 포화도 (한계 대비 최대)         100.1% → 100.1% (-0.0%)
       100 > 상한 95.00
  ❌ CPU throttling 비율          99.9% → 100.0% (+0.1%)
       99.97 > 상한 10.00
  ⚠️  GC 최대 정지시간                 105ms → 192ms (+82.9%)
       직전 대비 +82.9% 악화 (경고 30%)
  ❌ HikariCP 포화도               100.0% → 100.0% (0.0%)
       100 > 상한 95.00
  ❌ HikariCP 대기 스레드 최대         181 → 196 (+8.3%)
       196 > 상한 5.00
  ❌ 커넥션 획득 p95                 8.58s → 8.63s (+0.5%)
       8626 > 상한 100

  ── 병목 가설 ─────────────────────────────────────────────────────
  • CPU throttling 발생
    cgroup이 CPU를 강제 회수한 주기가 100.0%다. CPU 한계(2 core)를 올리거나 요청당 CPU 사용을 줄여야 p99가 안정된다.
  • DB 커넥션 풀 대기 발생
    최대 196개 스레드가 커넥션을 기다렸다. 풀 크기(10)가 동시성 대비 부족하거나, 커넥션 보유 시간이 긴 쿼리가 있다.
  • DB 커넥션 풀 포화
    풀 사용률이 100%까지 올라갔다. 여유가 거의 없어 부하가 조금만 늘어도 대기가 생긴다.
  • CPU 포화
    CPU 사용이 한계의 100%에 도달했다.

  보고서 : reports\runs\normal-day-2026-08-20T01-45-09\report.html
  Grafana(전체 실행): http://localhost:3001/d/htd-perf-overview/highteenday-performance-overview?from=1787189580003&to=1787190429776
  Grafana(measure) : http://localhost:3001/d/htd-perf-overview/highteenday-performance-overview?from=1787189760003&to=1787190300003
══════════════════════════════════════════════════════════════════════════

  [2/3] p95 17091.5ms · 평균 8190.6ms · 서버측 8036.3ms · 경로 154.3ms

──────── [3/3] 리셋 (restart) ────────

▶ k6 run scenarios/normal-day.js
  브랜치 personal/localdocs · 커밋 3e96d9463207 · 실행자 user@DESKTOP-DJJPASG
  환경 perf · "clock-pinned control set (E-49) — repeatability 3/3"
  데이터셋 medium · 상태 sha256:4ac05675b7bb (139ms)
  캐시 cold (키 0개)
  guard strict — 상태 불일치 시 스냅샷 복원 후 재확인 [perf.config.json]
    guard=strict — 스냅샷으로 복원합니다.
▶ 복원 — medium-20260816-062210 → perf-mysql-data-medium
  앱·MySQL 정지
  MySQL 기동
  Redis FLUSHALL (복원 후 캐시는 cold 다)
  앱 기동
  복원 후 상태 지문 sha256:ffe696d17416 = 스냅샷 일치

✅ 복원 완료 · 소요 5.0초 (압축 해제 구간)

  부하 발생기: 컨테이너 perf-k6 (grafana/k6:2.1.0, CPU 상한 4)
  k6 지표 전송: http://prometheus:9090/api/v1/write (native histogram, 5s 간격)
  환경 대조 벤치 실행 중(3축 3회, 약 40초)... single 4933ms · parallel 5024ms · ctxswitch 2193ms
  부하 중 벤치 예약: k6 시작 +60초 (warmup 구간, 3회)

         /\      Grafana   /‾‾/  
    /\  /  \     |\  __   /  /   
   /  \/    \    | |/ /  /   ‾‾\ 
  /          \   |   (  |  (‾)  |
 / __________ \  |_|\_\  \_____/ 


     execution: local
        script: scenarios/normal-day.js
        output: Prometheus remote write (http://prometheus:9090/api/v1/write)

     scenarios: (100.00%) 1 scenario, 200 max VUs, 10m30s max duration (incl. graceful stop):
              * normal_day: Up to 200 looping VUs for 10m0s over 3 stages (gracefulRampDown: 30s, gracefulStop: 30s)


running (00m00.8s), 000/200 VUs, 0 complete and 0 interrupted iterations
normal_day   [   0% ] 000/200 VUs  00m00.8s/10m00.0s

running (00m01.8s), 002/200 VUs, 0 complete and 0 interrupted iterations
normal_day   [   0% ] 002/200 VUs  00m01.8s/10m00.0s

running (00m02.8s), 003/200 VUs, 0 complete and 0 interrupted iterations
normal_day   [   0% ] 003/200 VUs  00m02.8s/10m00.0s

running (00m03.8s), 004/200 VUs, 0 complete and 0 interrupted iterations
normal_day   [   1% ] 004/200 VUs  00m03.8s/10m00.0s

running (00m04.8s), 005/200 VUs, 0 complete and 0 interrupted iterations
normal_day   [   1% ] 005/200 VUs  00m04.8s/10m00.0s

running (00m05.8s), 006/200 VUs, 0 complete and 0 interrupted iterations
normal_day   [   1% ] 006/200 VUs  00m05.8s/10m00.0s

running (00m06.8s), 007/200 VUs, 1 complete and 0 interrupted iterations
normal_day   [   1% ] 007/200 VUs  00m06.8s/10m00.0s

running (00m07.8s), 008/200 VUs, 2 complete and 0 interrupted iterations
normal_day   [   1% ] 008/200 VUs  00m07.8s/10m00.0s

running (00m08.8s), 009/200 VUs, 4 complete and 0 interrupted iterations
normal_day   [   1% ] 009/200 VUs  00m08.8s/10m00.0s

running (00m09.8s), 010/200 VUs, 4 complete and 0 interrupted iterations
normal_day   [   2% ] 010/200 VUs  00m09.8s/10m00.0s

running (00m10.8s), 012/200 VUs, 4 complete and 0 interrupted iterations
normal_day   [   2% ] 012/200 VUs  00m10.8s/10m00.0s

running (00m11.8s), 013/200 VUs, 6 complete and 0 interrupted iterations
normal_day   [   2% ] 013/200 VUs  00m11.8s/10m00.0s

running (00m12.8s), 014/200 VUs, 9 complete and 0 interrupted iterations
normal_day   [   2% ] 014/200 VUs  00m12.8s/10m00.0s

running (00m13.8s), 015/200 VUs, 9 complete and 0 interrupted iterations
normal_day   [   2% ] 015/200 VUs  00m13.8s/10m00.0s

running (00m14.8s), 016/200 VUs, 10 complete and 0 interrupted iterations
normal_day   [   2% ] 016/200 VUs  00m14.8s/10m00.0s

running (00m15.8s), 017/200 VUs, 12 complete and 0 interrupted iterations
normal_day   [   3% ] 017/200 VUs  00m15.8s/10m00.0s

running (00m16.8s), 018/200 VUs, 12 complete and 0 interrupted iterations
normal_day   [   3% ] 018/200 VUs  00m16.8s/10m00.0s

running (00m17.8s), 019/200 VUs, 13 complete and 0 interrupted iterations
normal_day   [   3% ] 019/200 VUs  00m17.8s/10m00.0s

running (00m18.8s), 020/200 VUs, 14 complete and 0 interrupted iterations
normal_day   [   3% ] 020/200 VUs  00m18.8s/10m00.0s

running (00m19.8s), 022/200 VUs, 15 complete and 0 interrupted iterations
normal_day   [   3% ] 022/200 VUs  00m19.8s/10m00.0s

running (00m20.8s), 023/200 VUs, 15 complete and 0 interrupted iterations
normal_day   [   3% ] 023/200 VUs  00m20.8s/10m00.0s

running (00m21.8s), 024/200 VUs, 18 complete and 0 interrupted iterations
normal_day   [   4% ] 024/200 VUs  00m21.8s/10m00.0s

running (00m22.8s), 025/200 VUs, 19 complete and 0 interrupted iterations
normal_day   [   4% ] 025/200 VUs  00m22.8s/10m00.0s

running (00m23.8s), 026/200 VUs, 20 complete and 0 interrupted iterations
normal_day   [   4% ] 026/200 VUs  00m23.8s/10m00.0s

running (00m24.8s), 027/200 VUs, 20 complete and 0 interrupted iterations
normal_day   [   4% ] 027/200 VUs  00m24.8s/10m00.0s

running (00m25.8s), 028/200 VUs, 22 complete and 0 interrupted iterations
normal_day   [   4% ] 028/200 VUs  00m25.8s/10m00.0s

running (00m26.8s), 029/200 VUs, 24 complete and 0 interrupted iterations
normal_day   [   4% ] 029/200 VUs  00m26.8s/10m00.0s

running (00m27.8s), 030/200 VUs, 26 complete and 0 interrupted iterations
normal_day   [   5% ] 030/200 VUs  00m27.8s/10m00.0s

running (00m28.8s), 032/200 VUs, 27 complete and 0 interrupted iterations
normal_day   [   5% ] 032/200 VUs  00m28.8s/10m00.0s

running (00m29.8s), 033/200 VUs, 27 complete and 0 interrupted iterations
normal_day   [   5% ] 033/200 VUs  00m29.8s/10m00.0s

running (00m30.8s), 034/200 VUs, 28 complete and 0 interrupted iterations
normal_day   [   5% ] 034/200 VUs  00m30.8s/10m00.0s

running (00m31.8s), 035/200 VUs, 28 complete and 0 interrupted iterations
normal_day   [   5% ] 035/200 VUs  00m31.8s/10m00.0s

running (00m32.8s), 036/200 VUs, 31 complete and 0 interrupted iterations
normal_day   [   5% ] 036/200 VUs  00m32.8s/10m00.0s

running (00m33.8s), 037/200 VUs, 32 complete and 0 interrupted iterations
normal_day   [   6% ] 037/200 VUs  00m33.8s/10m00.0s

running (00m34.8s), 038/200 VUs, 34 complete and 0 interrupted iterations
normal_day   [   6% ] 038/200 VUs  00m34.8s/10m00.0s

running (00m35.8s), 039/200 VUs, 35 complete and 0 interrupted iterations
normal_day   [   6% ] 039/200 VUs  00m35.8s/10m00.0s

running (00m36.8s), 040/200 VUs, 35 complete and 0 interrupted iterations
normal_day   [   6% ] 040/200 VUs  00m36.8s/10m00.0s

running (00m37.8s), 042/200 VUs, 35 complete and 0 interrupted iterations
normal_day   [   6% ] 042/200 VUs  00m37.8s/10m00.0s

running (00m38.8s), 043/200 VUs, 35 complete and 0 interrupted iterations
normal_day   [   6% ] 043/200 VUs  00m38.8s/10m00.0s

running (00m39.8s), 044/200 VUs, 36 complete and 0 interrupted iterations
normal_day   [   7% ] 044/200 VUs  00m39.8s/10m00.0s

running (00m40.8s), 045/200 VUs, 36 complete and 0 interrupted iterations
normal_day   [   7% ] 045/200 VUs  00m40.8s/10m00.0s

running (00m41.8s), 046/200 VUs, 36 complete and 0 interrupted iterations
normal_day   [   7% ] 046/200 VUs  00m41.8s/10m00.0s

running (00m42.8s), 047/200 VUs, 38 complete and 0 interrupted iterations
normal_day   [   7% ] 047/200 VUs  00m42.8s/10m00.0s

running (00m43.8s), 048/200 VUs, 40 complete and 0 interrupted iterations
normal_day   [   7% ] 048/200 VUs  00m43.8s/10m00.0s

running (00m44.8s), 049/200 VUs, 42 complete and 0 interrupted iterations
normal_day   [   7% ] 049/200 VUs  00m44.8s/10m00.0s

running (00m45.8s), 050/200 VUs, 45 complete and 0 interrupted iterations
normal_day   [   8% ] 050/200 VUs  00m45.8s/10m00.0s

running (00m46.8s), 052/200 VUs, 50 complete and 0 interrupted iterations
normal_day   [   8% ] 052/200 VUs  00m46.8s/10m00.0s

running (00m47.8s), 053/200 VUs, 51 complete and 0 interrupted iterations
normal_day   [   8% ] 053/200 VUs  00m47.8s/10m00.0s

running (00m48.8s), 054/200 VUs, 54 complete and 0 interrupted iterations
normal_day   [   8% ] 054/200 VUs  00m48.8s/10m00.0s

running (00m49.8s), 055/200 VUs, 59 complete and 0 interrupted iterations
normal_day   [   8% ] 055/200 VUs  00m49.8s/10m00.0s

running (00m50.8s), 056/200 VUs, 66 complete and 0 interrupted iterations
normal_day   [   8% ] 056/200 VUs  00m50.8s/10m00.0s

running (00m51.8s), 057/200 VUs, 69 complete and 0 interrupted iterations
normal_day   [   9% ] 057/200 VUs  00m51.8s/10m00.0s

running (00m52.8s), 058/200 VUs, 70 complete and 0 interrupted iterations
normal_day   [   9% ] 058/200 VUs  00m52.8s/10m00.0s

running (00m53.8s), 059/200 VUs, 74 complete and 0 interrupted iterations
normal_day   [   9% ] 059/200 VUs  00m53.8s/10m00.0s

running (00m54.8s), 060/200 VUs, 81 complete and 0 interrupted iterations
normal_day   [   9% ] 060/200 VUs  00m54.8s/10m00.0s

running (00m55.8s), 062/200 VUs, 87 complete and 0 interrupted iterations
normal_day   [   9% ] 062/200 VUs  00m55.8s/10m00.0s

running (00m56.8s), 063/200 VUs, 89 complete and 0 interrupted iterations
normal_day   [   9% ] 063/200 VUs  00m56.8s/10m00.0s

running (00m57.8s), 064/200 VUs, 93 complete and 0 interrupted iterations
normal_day   [  10% ] 064/200 VUs  00m57.8s/10m00.0s

running (00m58.8s), 065/200 VUs, 98 complete and 0 interrupted iterations
normal_day   [  10% ] 065/200 VUs  00m58.8s/10m00.0s

running (00m59.8s), 066/200 VUs, 103 complete and 0 interrupted iterations
normal_day   [  10% ] 066/200 VUs  00m59.8s/10m00.0s

running (01m00.8s), 067/200 VUs, 111 complete and 0 interrupted iterations
normal_day   [  10% ] 067/200 VUs  01m00.8s/10m00.0s

running (01m01.8s), 068/200 VUs, 118 complete and 0 interrupted iterations
normal_day   [  10% ] 068/200 VUs  01m01.8s/10m00.0s

running (01m02.8s), 069/200 VUs, 124 complete and 0 interrupted iterations
normal_day   [  10% ] 069/200 VUs  01m02.8s/10m00.0s

running (01m03.8s), 070/200 VUs, 130 complete and 0 interrupted iterations
normal_day   [  11% ] 070/200 VUs  01m03.8s/10m00.0s

running (01m04.8s), 072/200 VUs, 134 complete and 0 interrupted iterations
normal_day   [  11% ] 072/200 VUs  01m04.8s/10m00.0s

running (01m05.8s), 073/200 VUs, 141 complete and 0 interrupted iterations
normal_day   [  11% ] 073/200 VUs  01m05.8s/10m00.0s

running (01m06.8s), 074/200 VUs, 145 complete and 0 interrupted iterations
normal_day   [  11% ] 074/200 VUs  01m06.8s/10m00.0s

running (01m07.8s), 075/200 VUs, 155 complete and 0 interrupted iterations
normal_day   [  11% ] 075/200 VUs  01m07.8s/10m00.0s

running (01m08.8s), 076/200 VUs, 163 complete and 0 interrupted iterations
normal_day   [  11% ] 076/200 VUs  01m08.8s/10m00.0s

running (01m09.8s), 077/200 VUs, 167 complete and 0 interrupted iterations
normal_day   [  12% ] 077/200 VUs  01m09.8s/10m00.0s

running (01m10.8s), 078/200 VUs, 172 complete and 0 interrupted iterations
normal_day   [  12% ] 078/200 VUs  01m10.8s/10m00.0s

running (01m11.8s), 079/200 VUs, 182 complete and 0 interrupted iterations
normal_day   [  12% ] 079/200 VUs  01m11.8s/10m00.0s

running (01m12.8s), 080/200 VUs, 185 complete and 0 interrupted iterations
normal_day   [  12% ] 080/200 VUs  01m12.8s/10m00.0s

running (01m13.8s), 082/200 VUs, 189 complete and 0 interrupted iterations
normal_day   [  12% ] 082/200 VUs  01m13.8s/10m00.0s

running (01m14.8s), 083/200 VUs, 190 complete and 0 interrupted iterations
normal_day   [  12% ] 083/200 VUs  01m14.8s/10m00.0s

running (01m15.8s), 084/200 VUs, 195 complete and 0 interrupted iterations
normal_day   [  13% ] 084/200 VUs  01m15.8s/10m00.0s

running (01m16.8s), 085/200 VUs, 200 complete and 0 interrupted iterations
normal_day   [  13% ] 085/200 VUs  01m16.8s/10m00.0s

running (01m17.8s), 086/200 VUs, 208 complete and 0 interrupted iterations
normal_day   [  13% ] 086/200 VUs  01m17.8s/10m00.0s

running (01m18.8s), 087/200 VUs, 217 complete and 0 interrupted iterations
normal_day   [  13% ] 087/200 VUs  01m18.8s/10m00.0s

running (01m19.8s), 088/200 VUs, 221 complete and 0 interrupted iterations
normal_day   [  13% ] 088/200 VUs  01m19.8s/10m00.0s

running (01m20.8s), 089/200 VUs, 228 complete and 0 interrupted iterations
normal_day   [  13% ] 089/200 VUs  01m20.8s/10m00.0s

running (01m21.8s), 090/200 VUs, 232 complete and 0 interrupted iterations
normal_day   [  14% ] 090/200 VUs  01m21.8s/10m00.0s

running (01m22.8s), 092/200 VUs, 238 complete and 0 interrupted iterations
normal_day   [  14% ] 092/200 VUs  01m22.8s/10m00.0s

running (01m23.8s), 093/200 VUs, 241 complete and 0 interrupted iterations
normal_day   [  14% ] 093/200 VUs  01m23.8s/10m00.0s

running (01m24.8s), 094/200 VUs, 246 complete and 0 interrupted iterations
normal_day   [  14% ] 094/200 VUs  01m24.8s/10m00.0s

running (01m25.8s), 095/200 VUs, 249 complete and 0 interrupted iterations
normal_day   [  14% ] 095/200 VUs  01m25.8s/10m00.0s

running (01m26.8s), 096/200 VUs, 256 complete and 0 interrupted iterations
normal_day   [  14% ] 096/200 VUs  01m26.8s/10m00.0s

running (01m27.8s), 097/200 VUs, 260 complete and 0 interrupted iterations
normal_day   [  15% ] 097/200 VUs  01m27.8s/10m00.0s

running (01m28.8s), 098/200 VUs, 264 complete and 0 interrupted iterations
normal_day   [  15% ] 098/200 VUs  01m28.8s/10m00.0s

running (01m29.8s), 099/200 VUs, 267 complete and 0 interrupted iterations
normal_day   [  15% ] 099/200 VUs  01m29.8s/10m00.0s

running (01m30.8s), 100/200 VUs, 274 complete and 0 interrupted iterations
normal_day   [  15% ] 100/200 VUs  01m30.8s/10m00.0s

running (01m31.8s), 102/200 VUs, 280 complete and 0 interrupted iterations
normal_day   [  15% ] 102/200 VUs  01m31.8s/10m00.0s

running (01m32.8s), 103/200 VUs, 289 complete and 0 interrupted iterations
normal_day   [  15% ] 103/200 VUs  01m32.8s/10m00.0s

running (01m33.8s), 104/200 VUs, 294 complete and 0 interrupted iterations
normal_day   [  16% ] 104/200 VUs  01m33.8s/10m00.0s

running (01m34.8s), 105/200 VUs, 298 complete and 0 interrupted iterations
normal_day   [  16% ] 105/200 VUs  01m34.8s/10m00.0s

running (01m35.8s), 106/200 VUs, 300 complete and 0 interrupted iterations
normal_day   [  16% ] 106/200 VUs  01m35.8s/10m00.0s

running (01m36.8s), 107/200 VUs, 308 complete and 0 interrupted iterations
normal_day   [  16% ] 107/200 VUs  01m36.8s/10m00.0s

running (01m37.8s), 108/200 VUs, 316 complete and 0 interrupted iterations
normal_day   [  16% ] 108/200 VUs  01m37.8s/10m00.0s

running (01m38.8s), 109/200 VUs, 319 complete and 0 interrupted iterations
normal_day   [  16% ] 109/200 VUs  01m38.8s/10m00.0s

running (01m39.8s), 110/200 VUs, 320 complete and 0 interrupted iterations
normal_day   [  17% ] 110/200 VUs  01m39.8s/10m00.0s

running (01m40.8s), 112/200 VUs, 323 complete and 0 interrupted iterations
normal_day   [  17% ] 112/200 VUs  01m40.8s/10m00.0s

running (01m41.8s), 113/200 VUs, 335 complete and 0 interrupted iterations
normal_day   [  17% ] 113/200 VUs  01m41.8s/10m00.0s

running (01m42.8s), 114/200 VUs, 346 complete and 0 interrupted iterations
normal_day   [  17% ] 114/200 VUs  01m42.8s/10m00.0s

running (01m43.8s), 115/200 VUs, 353 complete and 0 interrupted iterations
normal_day   [  17% ] 115/200 VUs  01m43.8s/10m00.0s

running (01m44.8s), 116/200 VUs, 356 complete and 0 interrupted iterations
normal_day   [  17% ] 116/200 VUs  01m44.8s/10m00.0s

running (01m45.8s), 117/200 VUs, 364 complete and 0 interrupted iterations
normal_day   [  18% ] 117/200 VUs  01m45.8s/10m00.0s

running (01m46.8s), 118/200 VUs, 371 complete and 0 interrupted iterations
normal_day   [  18% ] 118/200 VUs  01m46.8s/10m00.0s

running (01m47.8s), 119/200 VUs, 381 complete and 0 interrupted iterations
normal_day   [  18% ] 119/200 VUs  01m47.8s/10m00.0s

running (01m48.8s), 120/200 VUs, 392 complete and 0 interrupted iterations
normal_day   [  18% ] 120/200 VUs  01m48.8s/10m00.0s

running (01m49.8s), 122/200 VUs, 394 complete and 0 interrupted iterations
normal_day   [  18% ] 122/200 VUs  01m49.8s/10m00.0s

running (01m50.8s), 123/200 VUs, 397 complete and 0 interrupted iterations
normal_day   [  18% ] 123/200 VUs  01m50.8s/10m00.0s

running (01m51.8s), 124/200 VUs, 406 complete and 0 interrupted iterations
normal_day   [  19% ] 124/200 VUs  01m51.8s/10m00.0s

running (01m52.8s), 125/200 VUs, 409 complete and 0 interrupted iterations
normal_day   [  19% ] 125/200 VUs  01m52.8s/10m00.0s

running (01m53.8s), 126/200 VUs, 411 complete and 0 interrupted iterations
normal_day   [  19% ] 126/200 VUs  01m53.8s/10m00.0s

running (01m54.8s), 127/200 VUs, 413 complete and 0 interrupted iterations
normal_day   [  19% ] 127/200 VUs  01m54.8s/10m00.0s

running (01m55.8s), 128/200 VUs, 415 complete and 0 interrupted iterations
normal_day   [  19% ] 128/200 VUs  01m55.8s/10m00.0s

running (01m56.8s), 129/200 VUs, 417 complete and 0 interrupted iterations
normal_day   [  19% ] 129/200 VUs  01m56.8s/10m00.0s

running (01m57.8s), 130/200 VUs, 420 complete and 0 interrupted iterations
normal_day   [  20% ] 130/200 VUs  01m57.8s/10m00.0s

running (01m58.8s), 132/200 VUs, 423 complete and 0 interrupted iterations
normal_day   [  20% ] 132/200 VUs  01m58.8s/10m00.0s

running (01m59.8s), 133/200 VUs, 426 complete and 0 interrupted iterations
normal_day   [  20% ] 133/200 VUs  01m59.8s/10m00.0s

running (02m00.8s), 134/200 VUs, 431 complete and 0 interrupted iterations
normal_day   [  20% ] 134/200 VUs  02m00.8s/10m00.0s

running (02m01.8s), 135/200 VUs, 435 complete and 0 interrupted iterations
normal_day   [  20% ] 135/200 VUs  02m01.8s/10m00.0s

running (02m02.8s), 136/200 VUs, 436 complete and 0 interrupted iterations
normal_day   [  20% ] 136/200 VUs  02m02.8s/10m00.0s

running (02m03.8s), 137/200 VUs, 442 complete and 0 interrupted iterations
normal_day   [  21% ] 137/200 VUs  02m03.8s/10m00.0s

running (02m04.8s), 138/200 VUs, 450 complete and 0 interrupted iterations
normal_day   [  21% ] 138/200 VUs  02m04.8s/10m00.0s

running (02m05.8s), 139/200 VUs, 455 complete and 0 interrupted iterations
normal_day   [  21% ] 139/200 VUs  02m05.8s/10m00.0s

running (02m06.8s), 140/200 VUs, 460 complete and 0 interrupted iterations
normal_day   [  21% ] 140/200 VUs  02m06.8s/10m00.0s

running (02m07.8s), 142/200 VUs, 465 complete and 0 interrupted iterations
normal_day   [  21% ] 142/200 VUs  02m07.8s/10m00.0s

running (02m08.8s), 143/200 VUs, 469 complete and 0 interrupted iterations
normal_day   [  21% ] 143/200 VUs  02m08.8s/10m00.0s

running (02m09.8s), 144/200 VUs, 470 complete and 0 interrupted iterations
normal_day   [  22% ] 144/200 VUs  02m09.8s/10m00.0s

running (02m10.8s), 145/200 VUs, 470 complete and 0 interrupted iterations
normal_day   [  22% ] 145/200 VUs  02m10.8s/10m00.0s

running (02m11.8s), 146/200 VUs, 472 complete and 0 interrupted iterations
normal_day   [  22% ] 146/200 VUs  02m11.8s/10m00.0s

running (02m12.8s), 147/200 VUs, 476 complete and 0 interrupted iterations
normal_day   [  22% ] 147/200 VUs  02m12.8s/10m00.0s

running (02m13.8s), 148/200 VUs, 478 complete and 0 interrupted iterations
normal_day   [  22% ] 148/200 VUs  02m13.8s/10m00.0s

running (02m14.8s), 149/200 VUs, 483 complete and 0 interrupted iterations
normal_day   [  22% ] 149/200 VUs  02m14.8s/10m00.0s

running (02m15.8s), 150/200 VUs, 486 complete and 0 interrupted iterations
normal_day   [  23% ] 150/200 VUs  02m15.8s/10m00.0s

running (02m16.8s), 152/200 VUs, 491 complete and 0 interrupted iterations
normal_day   [  23% ] 152/200 VUs  02m16.8s/10m00.0s

running (02m17.8s), 153/200 VUs, 494 complete and 0 interrupted iterations
normal_day   [  23% ] 153/200 VUs  02m17.8s/10m00.0s

running (02m18.8s), 154/200 VUs, 498 complete and 0 interrupted iterations
normal_day   [  23% ] 154/200 VUs  02m18.8s/10m00.0s

running (02m19.8s), 155/200 VUs, 502 complete and 0 interrupted iterations
normal_day   [  23% ] 155/200 VUs  02m19.8s/10m00.0s

running (02m20.8s), 156/200 VUs, 505 complete and 0 interrupted iterations
normal_day   [  23% ] 156/200 VUs  02m20.8s/10m00.0s

running (02m21.8s), 157/200 VUs, 506 complete and 0 interrupted iterations
normal_day   [  24% ] 157/200 VUs  02m21.8s/10m00.0s

running (02m22.8s), 158/200 VUs, 507 complete and 0 interrupted iterations
normal_day   [  24% ] 158/200 VUs  02m22.8s/10m00.0s

running (02m23.8s), 159/200 VUs, 510 complete and 0 interrupted iterations
normal_day   [  24% ] 159/200 VUs  02m23.8s/10m00.0s

running (02m24.8s), 160/200 VUs, 512 complete and 0 interrupted iterations
normal_day   [  24% ] 160/200 VUs  02m24.8s/10m00.0s

running (02m25.8s), 162/200 VUs, 515 complete and 0 interrupted iterations
normal_day   [  24% ] 162/200 VUs  02m25.8s/10m00.0s

running (02m26.8s), 163/200 VUs, 515 complete and 0 interrupted iterations
normal_day   [  24% ] 163/200 VUs  02m26.8s/10m00.0s

running (02m27.8s), 164/200 VUs, 520 complete and 0 interrupted iterations
normal_day   [  25% ] 164/200 VUs  02m27.8s/10m00.0s

running (02m28.8s), 165/200 VUs, 523 complete and 0 interrupted iterations
normal_day   [  25% ] 165/200 VUs  02m28.8s/10m00.0s

running (02m29.8s), 166/200 VUs, 531 complete and 0 interrupted iterations
normal_day   [  25% ] 166/200 VUs  02m29.8s/10m00.0s

running (02m30.8s), 167/200 VUs, 538 complete and 0 interrupted iterations
normal_day   [  25% ] 167/200 VUs  02m30.8s/10m00.0s

running (02m31.8s), 168/200 VUs, 549 complete and 0 interrupted iterations
normal_day   [  25% ] 168/200 VUs  02m31.8s/10m00.0s

running (02m32.8s), 169/200 VUs, 558 complete and 0 interrupted iterations
normal_day   [  25% ] 169/200 VUs  02m32.8s/10m00.0s

running (02m33.8s), 170/200 VUs, 562 complete and 0 interrupted iterations
normal_day   [  26% ] 170/200 VUs  02m33.8s/10m00.0s

running (02m34.8s), 172/200 VUs, 564 complete and 0 interrupted iterations
normal_day   [  26% ] 172/200 VUs  02m34.8s/10m00.0s

running (02m35.8s), 173/200 VUs, 568 complete and 0 interrupted iterations
normal_day   [  26% ] 173/200 VUs  02m35.8s/10m00.0s

running (02m36.8s), 174/200 VUs, 569 complete and 0 interrupted iterations
normal_day   [  26% ] 174/200 VUs  02m36.8s/10m00.0s

running (02m37.8s), 175/200 VUs, 572 complete and 0 interrupted iterations
normal_day   [  26% ] 175/200 VUs  02m37.8s/10m00.0s

running (02m38.8s), 176/200 VUs, 574 complete and 0 interrupted iterations
normal_day   [  26% ] 176/200 VUs  02m38.8s/10m00.0s

running (02m39.8s), 177/200 VUs, 577 complete and 0 interrupted iterations
normal_day   [  27% ] 177/200 VUs  02m39.8s/10m00.0s

running (02m40.8s), 178/200 VUs, 582 complete and 0 interrupted iterations
normal_day   [  27% ] 178/200 VUs  02m40.8s/10m00.0s

running (02m41.8s), 179/200 VUs, 584 complete and 0 interrupted iterations
normal_day   [  27% ] 179/200 VUs  02m41.8s/10m00.0s

running (02m42.8s), 180/200 VUs, 586 complete and 0 interrupted iterations
normal_day   [  27% ] 180/200 VUs  02m42.8s/10m00.0s

running (02m43.8s), 182/200 VUs, 586 complete and 0 interrupted iterations
normal_day   [  27% ] 182/200 VUs  02m43.8s/10m00.0s

running (02m44.8s), 183/200 VUs, 588 complete and 0 interrupted iterations
normal_day   [  27% ] 183/200 VUs  02m44.8s/10m00.0s

running (02m45.8s), 184/200 VUs, 590 complete and 0 interrupted iterations
normal_day   [  28% ] 184/200 VUs  02m45.8s/10m00.0s

running (02m46.8s), 185/200 VUs, 593 complete and 0 interrupted iterations
normal_day   [  28% ] 185/200 VUs  02m46.8s/10m00.0s

running (02m47.8s), 186/200 VUs, 598 complete and 0 interrupted iterations
normal_day   [  28% ] 186/200 VUs  02m47.8s/10m00.0s

running (02m48.8s), 187/200 VUs, 607 complete and 0 interrupted iterations
normal_day   [  28% ] 187/200 VUs  02m48.8s/10m00.0s

running (02m49.8s), 188/200 VUs, 610 complete and 0 interrupted iterations
normal_day   [  28% ] 188/200 VUs  02m49.8s/10m00.0s

running (02m50.8s), 189/200 VUs, 617 complete and 0 interrupted iterations
normal_day   [  28% ] 189/200 VUs  02m50.8s/10m00.0s

running (02m51.8s), 190/200 VUs, 623 complete and 0 interrupted iterations
normal_day   [  29% ] 190/200 VUs  02m51.8s/10m00.0s

running (02m52.8s), 192/200 VUs, 626 complete and 0 interrupted iterations
normal_day   [  29% ] 192/200 VUs  02m52.8s/10m00.0s

running (02m53.8s), 193/200 VUs, 631 complete and 0 interrupted iterations
normal_day   [  29% ] 193/200 VUs  02m53.8s/10m00.0s

running (02m54.8s), 194/200 VUs, 636 complete and 0 interrupted iterations
normal_day   [  29% ] 194/200 VUs  02m54.8s/10m00.0s

running (02m55.8s), 195/200 VUs, 644 complete and 0 interrupted iterations
normal_day   [  29% ] 195/200 VUs  02m55.8s/10m00.0s

running (02m56.8s), 196/200 VUs, 655 complete and 0 interrupted iterations
normal_day   [  29% ] 196/200 VUs  02m56.8s/10m00.0s

running (02m57.8s), 197/200 VUs, 662 complete and 0 interrupted iterations
normal_day   [  30% ] 197/200 VUs  02m57.8s/10m00.0s

running (02m58.8s), 198/200 VUs, 667 complete and 0 interrupted iterations
normal_day   [  30% ] 198/200 VUs  02m58.8s/10m00.0s

running (02m59.8s), 199/200 VUs, 675 complete and 0 interrupted iterations
normal_day   [  30% ] 199/200 VUs  02m59.8s/10m00.0s

running (03m00.8s), 200/200 VUs, 682 complete and 0 interrupted iterations
normal_day   [  30% ] 200/200 VUs  03m00.8s/10m00.0s

running (03m01.8s), 200/200 VUs, 688 complete and 0 interrupted iterations
normal_day   [  30% ] 200/200 VUs  03m01.8s/10m00.0s

running (03m02.8s), 200/200 VUs, 696 complete and 0 interrupted iterations
normal_day   [  30% ] 200/200 VUs  03m02.8s/10m00.0s

running (03m03.8s), 200/200 VUs, 699 complete and 0 interrupted iterations
normal_day   [  31% ] 200/200 VUs  03m03.8s/10m00.0s

running (03m04.8s), 200/200 VUs, 704 complete and 0 interrupted iterations
normal_day   [  31% ] 200/200 VUs  03m04.8s/10m00.0s

running (03m05.8s), 200/200 VUs, 714 complete and 0 interrupted iterations
normal_day   [  31% ] 200/200 VUs  03m05.8s/10m00.0s

running (03m06.8s), 200/200 VUs, 721 complete and 0 interrupted iterations
normal_day   [  31% ] 200/200 VUs  03m06.8s/10m00.0s

running (03m07.8s), 200/200 VUs, 729 complete and 0 interrupted iterations
normal_day   [  31% ] 200/200 VUs  03m07.8s/10m00.0s

running (03m08.8s), 200/200 VUs, 741 complete and 0 interrupted iterations
normal_day   [  31% ] 200/200 VUs  03m08.8s/10m00.0s

running (03m09.8s), 200/200 VUs, 753 complete and 0 interrupted iterations
normal_day   [  32% ] 200/200 VUs  03m09.8s/10m00.0s

running (03m10.8s), 200/200 VUs, 761 complete and 0 interrupted iterations
normal_day   [  32% ] 200/200 VUs  03m10.8s/10m00.0s

running (03m11.8s), 200/200 VUs, 763 complete and 0 interrupted iterations
normal_day   [  32% ] 200/200 VUs  03m11.8s/10m00.0s

running (03m12.8s), 200/200 VUs, 768 complete and 0 interrupted iterations
normal_day   [  32% ] 200/200 VUs  03m12.8s/10m00.0s

running (03m13.8s), 200/200 VUs, 776 complete and 0 interrupted iterations
normal_day   [  32% ] 200/200 VUs  03m13.8s/10m00.0s

running (03m14.8s), 200/200 VUs, 783 complete and 0 interrupted iterations
normal_day   [  32% ] 200/200 VUs  03m14.8s/10m00.0s

running (03m15.8s), 200/200 VUs, 793 complete and 0 interrupted iterations
normal_day   [  33% ] 200/200 VUs  03m15.8s/10m00.0s

running (03m16.8s), 200/200 VUs, 804 complete and 0 interrupted iterations
normal_day   [  33% ] 200/200 VUs  03m16.8s/10m00.0s

running (03m17.8s), 200/200 VUs, 807 complete and 0 interrupted iterations
normal_day   [  33% ] 200/200 VUs  03m17.8s/10m00.0s

running (03m18.8s), 200/200 VUs, 811 complete and 0 interrupted iterations
normal_day   [  33% ] 200/200 VUs  03m18.8s/10m00.0s

running (03m19.8s), 200/200 VUs, 812 complete and 0 interrupted iterations
normal_day   [  33% ] 200/200 VUs  03m19.8s/10m00.0s

running (03m20.8s), 200/200 VUs, 816 complete and 0 interrupted iterations
normal_day   [  33% ] 200/200 VUs  03m20.8s/10m00.0s

running (03m21.8s), 200/200 VUs, 819 complete and 0 interrupted iterations
normal_day   [  34% ] 200/200 VUs  03m21.8s/10m00.0s

running (03m22.8s), 200/200 VUs, 820 complete and 0 interrupted iterations
normal_day   [  34% ] 200/200 VUs  03m22.8s/10m00.0s

running (03m23.8s), 200/200 VUs, 827 complete and 0 interrupted iterations
normal_day   [  34% ] 200/200 VUs  03m23.8s/10m00.0s

running (03m24.8s), 200/200 VUs, 831 complete and 0 interrupted iterations
normal_day   [  34% ] 200/200 VUs  03m24.8s/10m00.0s

running (03m25.8s), 200/200 VUs, 833 complete and 0 interrupted iterations
normal_day   [  34% ] 200/200 VUs  03m25.8s/10m00.0s

running (03m26.8s), 200/200 VUs, 836 complete and 0 interrupted iterations
normal_day   [  34% ] 200/200 VUs  03m26.8s/10m00.0s

running (03m27.8s), 200/200 VUs, 840 complete and 0 interrupted iterations
normal_day   [  35% ] 200/200 VUs  03m27.8s/10m00.0s

running (03m28.8s), 200/200 VUs, 850 complete and 0 interrupted iterations
normal_day   [  35% ] 200/200 VUs  03m28.8s/10m00.0s

running (03m29.8s), 200/200 VUs, 863 complete and 0 interrupted iterations
normal_day   [  35% ] 200/200 VUs  03m29.8s/10m00.0s

running (03m30.8s), 200/200 VUs, 871 complete and 0 interrupted iterations
normal_day   [  35% ] 200/200 VUs  03m30.8s/10m00.0s

running (03m31.8s), 200/200 VUs, 878 complete and 0 interrupted iterations
normal_day   [  35% ] 200/200 VUs  03m31.8s/10m00.0s

running (03m32.8s), 200/200 VUs, 885 complete and 0 interrupted iterations
normal_day   [  35% ] 200/200 VUs  03m32.8s/10m00.0s

running (03m33.8s), 200/200 VUs, 890 complete and 0 interrupted iterations
normal_day   [  36% ] 200/200 VUs  03m33.8s/10m00.0s

running (03m34.8s), 200/200 VUs, 893 complete and 0 interrupted iterations
normal_day   [  36% ] 200/200 VUs  03m34.8s/10m00.0s

running (03m35.8s), 200/200 VUs, 896 complete and 0 interrupted iterations
normal_day   [  36% ] 200/200 VUs  03m35.8s/10m00.0s

running (03m36.8s), 200/200 VUs, 901 complete and 0 interrupted iterations
normal_day   [  36% ] 200/200 VUs  03m36.8s/10m00.0s

running (03m37.8s), 200/200 VUs, 907 complete and 0 interrupted iterations
normal_day   [  36% ] 200/200 VUs  03m37.8s/10m00.0s

running (03m38.8s), 200/200 VUs, 907 complete and 0 interrupted iterations
normal_day   [  36% ] 200/200 VUs  03m38.8s/10m00.0s

running (03m39.8s), 200/200 VUs, 909 complete and 0 interrupted iterations
normal_day   [  37% ] 200/200 VUs  03m39.8s/10m00.0s

running (03m40.8s), 200/200 VUs, 910 complete and 0 interrupted iterations
normal_day   [  37% ] 200/200 VUs  03m40.8s/10m00.0s

running (03m41.8s), 200/200 VUs, 912 complete and 0 interrupted iterations
normal_day   [  37% ] 200/200 VUs  03m41.8s/10m00.0s

running (03m42.8s), 200/200 VUs, 913 complete and 0 interrupted iterations
normal_day   [  37% ] 200/200 VUs  03m42.8s/10m00.0s

running (03m43.8s), 200/200 VUs, 914 complete and 0 interrupted iterations
normal_day   [  37% ] 200/200 VUs  03m43.8s/10m00.0s

running (03m44.8s), 200/200 VUs, 919 complete and 0 interrupted iterations
normal_day   [  37% ] 200/200 VUs  03m44.8s/10m00.0s

running (03m45.8s), 200/200 VUs, 923 complete and 0 interrupted iterations
normal_day   [  38% ] 200/200 VUs  03m45.8s/10m00.0s

running (03m46.8s), 200/200 VUs, 926 complete and 0 interrupted iterations
normal_day   [  38% ] 200/200 VUs  03m46.8s/10m00.0s

running (03m47.8s), 200/200 VUs, 933 complete and 0 interrupted iterations
normal_day   [  38% ] 200/200 VUs  03m47.8s/10m00.0s

running (03m48.8s), 200/200 VUs, 943 complete and 0 interrupted iterations
normal_day   [  38% ] 200/200 VUs  03m48.8s/10m00.0s

running (03m49.8s), 200/200 VUs, 958 complete and 0 interrupted iterations
normal_day   [  38% ] 200/200 VUs  03m49.8s/10m00.0s

running (03m50.8s), 200/200 VUs, 969 complete and 0 interrupted iterations
normal_day   [  38% ] 200/200 VUs  03m50.8s/10m00.0s

running (03m51.8s), 200/200 VUs, 975 complete and 0 interrupted iterations
normal_day   [  39% ] 200/200 VUs  03m51.8s/10m00.0s

running (03m52.8s), 200/200 VUs, 980 complete and 0 interrupted iterations
normal_day   [  39% ] 200/200 VUs  03m52.8s/10m00.0s

running (03m53.8s), 200/200 VUs, 983 complete and 0 interrupted iterations
normal_day   [  39% ] 200/200 VUs  03m53.8s/10m00.0s

running (03m54.8s), 200/200 VUs, 986 complete and 0 interrupted iterations
normal_day   [  39% ] 200/200 VUs  03m54.8s/10m00.0s

running (03m55.8s), 200/200 VUs, 995 complete and 0 interrupted iterations
normal_day   [  39% ] 200/200 VUs  03m55.8s/10m00.0s

running (03m56.8s), 200/200 VUs, 1000 complete and 0 interrupted iterations
normal_day   [  39% ] 200/200 VUs  03m56.8s/10m00.0s

running (03m57.8s), 200/200 VUs, 1005 complete and 0 interrupted iterations
normal_day   [  40% ] 200/200 VUs  03m57.8s/10m00.0s

running (03m58.8s), 200/200 VUs, 1010 complete and 0 interrupted iterations
normal_day   [  40% ] 200/200 VUs  03m58.8s/10m00.0s

running (03m59.8s), 200/200 VUs, 1023 complete and 0 interrupted iterations
normal_day   [  40% ] 200/200 VUs  03m59.8s/10m00.0s

running (04m00.8s), 200/200 VUs, 1030 complete and 0 interrupted iterations
normal_day   [  40% ] 200/200 VUs  04m00.8s/10m00.0s

running (04m01.8s), 200/200 VUs, 1031 complete and 0 interrupted iterations
normal_day   [  40% ] 200/200 VUs  04m01.8s/10m00.0s

running (04m02.8s), 200/200 VUs, 1034 complete and 0 interrupted iterations
normal_day   [  40% ] 200/200 VUs  04m02.8s/10m00.0s

running (04m03.8s), 200/200 VUs, 1038 complete and 0 interrupted iterations
normal_day   [  41% ] 200/200 VUs  04m03.8s/10m00.0s

running (04m04.8s), 200/200 VUs, 1040 complete and 0 interrupted iterations
normal_day   [  41% ] 200/200 VUs  04m04.8s/10m00.0s

running (04m05.8s), 200/200 VUs, 1045 complete and 0 interrupted iterations
normal_day   [  41% ] 200/200 VUs  04m05.8s/10m00.0s

running (04m06.8s), 200/200 VUs, 1046 complete and 0 interrupted iterations
normal_day   [  41% ] 200/200 VUs  04m06.8s/10m00.0s

running (04m07.8s), 200/200 VUs, 1049 complete and 0 interrupted iterations
normal_day   [  41% ] 200/200 VUs  04m07.8s/10m00.0s

running (04m08.8s), 200/200 VUs, 1054 complete and 0 interrupted iterations
normal_day   [  41% ] 200/200 VUs  04m08.8s/10m00.0s

running (04m09.8s), 200/200 VUs, 1059 complete and 0 interrupted iterations
normal_day   [  42% ] 200/200 VUs  04m09.8s/10m00.0s

running (04m10.8s), 200/200 VUs, 1065 complete and 0 interrupted iterations
normal_day   [  42% ] 200/200 VUs  04m10.8s/10m00.0s

running (04m11.8s), 200/200 VUs, 1069 complete and 0 interrupted iterations
normal_day   [  42% ] 200/200 VUs  04m11.8s/10m00.0s

running (04m12.8s), 200/200 VUs, 1072 complete and 0 interrupted iterations
normal_day   [  42% ] 200/200 VUs  04m12.8s/10m00.0s

running (04m13.8s), 200/200 VUs, 1078 complete and 0 interrupted iterations
normal_day   [  42% ] 200/200 VUs  04m13.8s/10m00.0s

running (04m14.8s), 200/200 VUs, 1083 complete and 0 interrupted iterations
normal_day   [  42% ] 200/200 VUs  04m14.8s/10m00.0s

running (04m15.8s), 200/200 VUs, 1090 complete and 0 interrupted iterations
normal_day   [  43% ] 200/200 VUs  04m15.8s/10m00.0s

running (04m16.8s), 200/200 VUs, 1090 complete and 0 interrupted iterations
normal_day   [  43% ] 200/200 VUs  04m16.8s/10m00.0s

running (04m17.8s), 200/200 VUs, 1093 complete and 0 interrupted iterations
normal_day   [  43% ] 200/200 VUs  04m17.8s/10m00.0s

running (04m18.8s), 200/200 VUs, 1095 complete and 0 interrupted iterations
normal_day   [  43% ] 200/200 VUs  04m18.8s/10m00.0s

running (04m19.8s), 200/200 VUs, 1098 complete and 0 interrupted iterations
normal_day   [  43% ] 200/200 VUs  04m19.8s/10m00.0s

running (04m20.8s), 200/200 VUs, 1100 complete and 0 interrupted iterations
normal_day   [  43% ] 200/200 VUs  04m20.8s/10m00.0s

running (04m21.8s), 200/200 VUs, 1105 complete and 0 interrupted iterations
normal_day   [  44% ] 200/200 VUs  04m21.8s/10m00.0s

running (04m22.8s), 200/200 VUs, 1113 complete and 0 interrupted iterations
normal_day   [  44% ] 200/200 VUs  04m22.8s/10m00.0s

running (04m23.8s), 200/200 VUs, 1116 complete and 0 interrupted iterations
normal_day   [  44% ] 200/200 VUs  04m23.8s/10m00.0s

running (04m24.8s), 200/200 VUs, 1116 complete and 0 interrupted iterations
normal_day   [  44% ] 200/200 VUs  04m24.8s/10m00.0s

running (04m25.8s), 200/200 VUs, 1117 complete and 0 interrupted iterations
normal_day   [  44% ] 200/200 VUs  04m25.8s/10m00.0s

running (04m26.8s), 200/200 VUs, 1122 complete and 0 interrupted iterations
normal_day   [  44% ] 200/200 VUs  04m26.8s/10m00.0s

running (04m27.8s), 200/200 VUs, 1123 complete and 0 interrupted iterations
normal_day   [  45% ] 200/200 VUs  04m27.8s/10m00.0s

running (04m28.8s), 200/200 VUs, 1125 complete and 0 interrupted iterations
normal_day   [  45% ] 200/200 VUs  04m28.8s/10m00.0s

running (04m29.8s), 200/200 VUs, 1126 complete and 0 interrupted iterations
normal_day   [  45% ] 200/200 VUs  04m29.8s/10m00.0s

running (04m30.8s), 200/200 VUs, 1129 complete and 0 interrupted iterations
normal_day   [  45% ] 200/200 VUs  04m30.8s/10m00.0s

running (04m31.8s), 200/200 VUs, 1130 complete and 0 interrupted iterations
normal_day   [  45% ] 200/200 VUs  04m31.8s/10m00.0s

running (04m32.8s), 200/200 VUs, 1132 complete and 0 interrupted iterations
normal_day   [  45% ] 200/200 VUs  04m32.8s/10m00.0s

running (04m33.8s), 200/200 VUs, 1136 complete and 0 interrupted iterations
normal_day   [  46% ] 200/200 VUs  04m33.8s/10m00.0s

running (04m34.8s), 200/200 VUs, 1142 complete and 0 interrupted iterations
normal_day   [  46% ] 200/200 VUs  04m34.8s/10m00.0s

running (04m35.8s), 200/200 VUs, 1146 complete and 0 interrupted iterations
normal_day   [  46% ] 200/200 VUs  04m35.8s/10m00.0s

running (04m36.8s), 200/200 VUs, 1153 complete and 0 interrupted iterations
normal_day   [  46% ] 200/200 VUs  04m36.8s/10m00.0s

running (04m37.8s), 200/200 VUs, 1159 complete and 0 interrupted iterations
normal_day   [  46% ] 200/200 VUs  04m37.8s/10m00.0s

running (04m38.8s), 200/200 VUs, 1166 complete and 0 interrupted iterations
normal_day   [  46% ] 200/200 VUs  04m38.8s/10m00.0s

running (04m39.8s), 200/200 VUs, 1174 complete and 0 interrupted iterations
normal_day   [  47% ] 200/200 VUs  04m39.8s/10m00.0s

running (04m40.8s), 200/200 VUs, 1178 complete and 0 interrupted iterations
normal_day   [  47% ] 200/200 VUs  04m40.8s/10m00.0s

running (04m41.8s), 200/200 VUs, 1178 complete and 0 interrupted iterations
normal_day   [  47% ] 200/200 VUs  04m41.8s/10m00.0s

running (04m42.8s), 200/200 VUs, 1181 complete and 0 interrupted iterations
normal_day   [  47% ] 200/200 VUs  04m42.8s/10m00.0s

running (04m43.8s), 200/200 VUs, 1183 complete and 0 interrupted iterations
normal_day   [  47% ] 200/200 VUs  04m43.8s/10m00.0s

running (04m44.8s), 200/200 VUs, 1188 complete and 0 interrupted iterations
normal_day   [  47% ] 200/200 VUs  04m44.8s/10m00.0s

running (04m45.8s), 200/200 VUs, 1191 complete and 0 interrupted iterations
normal_day   [  48% ] 200/200 VUs  04m45.8s/10m00.0s

running (04m46.8s), 200/200 VUs, 1196 complete and 0 interrupted iterations
normal_day   [  48% ] 200/200 VUs  04m46.8s/10m00.0s

running (04m47.8s), 200/200 VUs, 1199 complete and 0 interrupted iterations
normal_day   [  48% ] 200/200 VUs  04m47.8s/10m00.0s

running (04m48.8s), 200/200 VUs, 1202 complete and 0 interrupted iterations
normal_day   [  48% ] 200/200 VUs  04m48.8s/10m00.0s

running (04m49.8s), 200/200 VUs, 1205 complete and 0 interrupted iterations
normal_day   [  48% ] 200/200 VUs  04m49.8s/10m00.0s

running (04m50.8s), 200/200 VUs, 1206 complete and 0 interrupted iterations
normal_day   [  48% ] 200/200 VUs  04m50.8s/10m00.0s

running (04m51.8s), 200/200 VUs, 1208 complete and 0 interrupted iterations
normal_day   [  49% ] 200/200 VUs  04m51.8s/10m00.0s

running (04m52.8s), 200/200 VUs, 1216 complete and 0 interrupted iterations
normal_day   [  49% ] 200/200 VUs  04m52.8s/10m00.0s

running (04m53.8s), 200/200 VUs, 1221 complete and 0 interrupted iterations
normal_day   [  49% ] 200/200 VUs  04m53.8s/10m00.0s

running (04m54.8s), 200/200 VUs, 1228 complete and 0 interrupted iterations
normal_day   [  49% ] 200/200 VUs  04m54.8s/10m00.0s

running (04m55.8s), 200/200 VUs, 1236 complete and 0 interrupted iterations
normal_day   [  49% ] 200/200 VUs  04m55.8s/10m00.0s

running (04m56.8s), 200/200 VUs, 1238 complete and 0 interrupted iterations
normal_day   [  49% ] 200/200 VUs  04m56.8s/10m00.0s

running (04m57.8s), 200/200 VUs, 1245 complete and 0 interrupted iterations
normal_day   [  50% ] 200/200 VUs  04m57.8s/10m00.0s

running (04m58.8s), 200/200 VUs, 1253 complete and 0 interrupted iterations
normal_day   [  50% ] 200/200 VUs  04m58.8s/10m00.0s

running (04m59.8s), 200/200 VUs, 1273 complete and 0 interrupted iterations
normal_day   [  50% ] 200/200 VUs  04m59.8s/10m00.0s

running (05m00.8s), 200/200 VUs, 1283 complete and 0 interrupted iterations
normal_day   [  50% ] 200/200 VUs  05m00.8s/10m00.0s

running (05m01.8s), 200/200 VUs, 1284 complete and 0 interrupted iterations
normal_day   [  50% ] 200/200 VUs  05m01.8s/10m00.0s

running (05m02.8s), 200/200 VUs, 1286 complete and 0 interrupted iterations
normal_day   [  50% ] 200/200 VUs  05m02.8s/10m00.0s

running (05m03.8s), 200/200 VUs, 1288 complete and 0 interrupted iterations
normal_day   [  51% ] 200/200 VUs  05m03.8s/10m00.0s

running (05m04.8s), 200/200 VUs, 1291 complete and 0 interrupted iterations
normal_day   [  51% ] 200/200 VUs  05m04.8s/10m00.0s

running (05m05.8s), 200/200 VUs, 1294 complete and 0 interrupted iterations
normal_day   [  51% ] 200/200 VUs  05m05.8s/10m00.0s

running (05m06.8s), 200/200 VUs, 1301 complete and 0 interrupted iterations
normal_day   [  51% ] 200/200 VUs  05m06.8s/10m00.0s

running (05m07.8s), 200/200 VUs, 1313 complete and 0 interrupted iterations
normal_day   [  51% ] 200/200 VUs  05m07.8s/10m00.0s

running (05m08.8s), 200/200 VUs, 1324 complete and 0 interrupted iterations
normal_day   [  51% ] 200/200 VUs  05m08.8s/10m00.0s

running (05m09.8s), 200/200 VUs, 1336 complete and 0 interrupted iterations
normal_day   [  52% ] 200/200 VUs  05m09.8s/10m00.0s

running (05m10.8s), 200/200 VUs, 1343 complete and 0 interrupted iterations
normal_day   [  52% ] 200/200 VUs  05m10.8s/10m00.0s

running (05m11.8s), 200/200 VUs, 1348 complete and 0 interrupted iterations
normal_day   [  52% ] 200/200 VUs  05m11.8s/10m00.0s

running (05m12.8s), 200/200 VUs, 1350 complete and 0 interrupted iterations
normal_day   [  52% ] 200/200 VUs  05m12.8s/10m00.0s

running (05m13.8s), 200/200 VUs, 1359 complete and 0 interrupted iterations
normal_day   [  52% ] 200/200 VUs  05m13.8s/10m00.0s

running (05m14.8s), 200/200 VUs, 1369 complete and 0 interrupted iterations
normal_day   [  52% ] 200/200 VUs  05m14.8s/10m00.0s

running (05m15.8s), 200/200 VUs, 1384 complete and 0 interrupted iterations
normal_day   [  53% ] 200/200 VUs  05m15.8s/10m00.0s

running (05m16.8s), 200/200 VUs, 1395 complete and 0 interrupted iterations
normal_day   [  53% ] 200/200 VUs  05m16.8s/10m00.0s

running (05m17.8s), 200/200 VUs, 1398 complete and 0 interrupted iterations
normal_day   [  53% ] 200/200 VUs  05m17.8s/10m00.0s

running (05m18.8s), 200/200 VUs, 1401 complete and 0 interrupted iterations
normal_day   [  53% ] 200/200 VUs  05m18.8s/10m00.0s

running (05m19.8s), 200/200 VUs, 1405 complete and 0 interrupted iterations
normal_day   [  53% ] 200/200 VUs  05m19.8s/10m00.0s

running (05m20.8s), 200/200 VUs, 1407 complete and 0 interrupted iterations
normal_day   [  53% ] 200/200 VUs  05m20.8s/10m00.0s

running (05m21.8s), 200/200 VUs, 1411 complete and 0 interrupted iterations
normal_day   [  54% ] 200/200 VUs  05m21.8s/10m00.0s

running (05m22.8s), 200/200 VUs, 1416 complete and 0 interrupted iterations
normal_day   [  54% ] 200/200 VUs  05m22.8s/10m00.0s

running (05m23.8s), 200/200 VUs, 1419 complete and 0 interrupted iterations
normal_day   [  54% ] 200/200 VUs  05m23.8s/10m00.0s

running (05m24.8s), 200/200 VUs, 1420 complete and 0 interrupted iterations
normal_day   [  54% ] 200/200 VUs  05m24.8s/10m00.0s

running (05m25.8s), 200/200 VUs, 1421 complete and 0 interrupted iterations
normal_day   [  54% ] 200/200 VUs  05m25.8s/10m00.0s

running (05m26.8s), 200/200 VUs, 1423 complete and 0 interrupted iterations
normal_day   [  54% ] 200/200 VUs  05m26.8s/10m00.0s

running (05m27.8s), 200/200 VUs, 1430 complete and 0 interrupted iterations
normal_day   [  55% ] 200/200 VUs  05m27.8s/10m00.0s

running (05m28.8s), 200/200 VUs, 1436 complete and 0 interrupted iterations
normal_day   [  55% ] 200/200 VUs  05m28.8s/10m00.0s

running (05m29.8s), 200/200 VUs, 1442 complete and 0 interrupted iterations
normal_day   [  55% ] 200/200 VUs  05m29.8s/10m00.0s

running (05m30.8s), 200/200 VUs, 1443 complete and 0 interrupted iterations
normal_day   [  55% ] 200/200 VUs  05m30.8s/10m00.0s

running (05m31.8s), 200/200 VUs, 1448 complete and 0 interrupted iterations
normal_day   [  55% ] 200/200 VUs  05m31.8s/10m00.0s

running (05m32.8s), 200/200 VUs, 1452 complete and 0 interrupted iterations
normal_day   [  55% ] 200/200 VUs  05m32.8s/10m00.0s

running (05m33.8s), 200/200 VUs, 1458 complete and 0 interrupted iterations
normal_day   [  56% ] 200/200 VUs  05m33.8s/10m00.0s

running (05m34.8s), 200/200 VUs, 1463 complete and 0 interrupted iterations
normal_day   [  56% ] 200/200 VUs  05m34.8s/10m00.0s

running (05m35.8s), 200/200 VUs, 1465 complete and 0 interrupted iterations
normal_day   [  56% ] 200/200 VUs  05m35.8s/10m00.0s

running (05m36.8s), 200/200 VUs, 1466 complete and 0 interrupted iterations
normal_day   [  56% ] 200/200 VUs  05m36.8s/10m00.0s

running (05m37.8s), 200/200 VUs, 1467 complete and 0 interrupted iterations
normal_day   [  56% ] 200/200 VUs  05m37.8s/10m00.0s

running (05m38.8s), 200/200 VUs, 1467 complete and 0 interrupted iterations
normal_day   [  56% ] 200/200 VUs  05m38.8s/10m00.0s

running (05m39.8s), 200/200 VUs, 1467 complete and 0 interrupted iterations
normal_day   [  57% ] 200/200 VUs  05m39.8s/10m00.0s

running (05m40.8s), 200/200 VUs, 1472 complete and 0 interrupted iterations
normal_day   [  57% ] 200/200 VUs  05m40.8s/10m00.0s

running (05m41.8s), 200/200 VUs, 1477 complete and 0 interrupted iterations
normal_day   [  57% ] 200/200 VUs  05m41.8s/10m00.0s

running (05m42.8s), 200/200 VUs, 1486 complete and 0 interrupted iterations
normal_day   [  57% ] 200/200 VUs  05m42.8s/10m00.0s

running (05m43.8s), 200/200 VUs, 1490 complete and 0 interrupted iterations
normal_day   [  57% ] 200/200 VUs  05m43.8s/10m00.0s

running (05m44.8s), 200/200 VUs, 1503 complete and 0 interrupted iterations
normal_day   [  57% ] 200/200 VUs  05m44.8s/10m00.0s

running (05m45.8s), 200/200 VUs, 1509 complete and 0 interrupted iterations
normal_day   [  58% ] 200/200 VUs  05m45.8s/10m00.0s

running (05m46.8s), 200/200 VUs, 1514 complete and 0 interrupted iterations
normal_day   [  58% ] 200/200 VUs  05m46.8s/10m00.0s

running (05m47.8s), 200/200 VUs, 1515 complete and 0 interrupted iterations
normal_day   [  58% ] 200/200 VUs  05m47.8s/10m00.0s

running (05m48.8s), 200/200 VUs, 1518 complete and 0 interrupted iterations
normal_day   [  58% ] 200/200 VUs  05m48.8s/10m00.0s

running (05m49.8s), 200/200 VUs, 1519 complete and 0 interrupted iterations
normal_day   [  58% ] 200/200 VUs  05m49.8s/10m00.0s

running (05m50.8s), 200/200 VUs, 1524 complete and 0 interrupted iterations
normal_day   [  58% ] 200/200 VUs  05m50.8s/10m00.0s

running (05m51.8s), 200/200 VUs, 1529 complete and 0 interrupted iterations
normal_day   [  59% ] 200/200 VUs  05m51.8s/10m00.0s

running (05m52.8s), 200/200 VUs, 1529 complete and 0 interrupted iterations
normal_day   [  59% ] 200/200 VUs  05m52.8s/10m00.0s

running (05m53.8s), 200/200 VUs, 1531 complete and 0 interrupted iterations
normal_day   [  59% ] 200/200 VUs  05m53.8s/10m00.0s

running (05m54.8s), 200/200 VUs, 1531 complete and 0 interrupted iterations
normal_day   [  59% ] 200/200 VUs  05m54.8s/10m00.0s

running (05m55.8s), 200/200 VUs, 1536 complete and 0 interrupted iterations
normal_day   [  59% ] 200/200 VUs  05m55.8s/10m00.0s

running (05m56.8s), 200/200 VUs, 1543 complete and 0 interrupted iterations
normal_day   [  59% ] 200/200 VUs  05m56.8s/10m00.0s

running (05m57.8s), 200/200 VUs, 1546 complete and 0 interrupted iterations
normal_day   [  60% ] 200/200 VUs  05m57.8s/10m00.0s

running (05m58.8s), 200/200 VUs, 1552 complete and 0 interrupted iterations
normal_day   [  60% ] 200/200 VUs  05m58.8s/10m00.0s

running (05m59.8s), 200/200 VUs, 1554 complete and 0 interrupted iterations
normal_day   [  60% ] 200/200 VUs  05m59.8s/10m00.0s

running (06m00.8s), 200/200 VUs, 1556 complete and 0 interrupted iterations
normal_day   [  60% ] 200/200 VUs  06m00.8s/10m00.0s

running (06m01.8s), 200/200 VUs, 1560 complete and 0 interrupted iterations
normal_day   [  60% ] 200/200 VUs  06m01.8s/10m00.0s

running (06m02.8s), 200/200 VUs, 1569 complete and 0 interrupted iterations
normal_day   [  60% ] 200/200 VUs  06m02.8s/10m00.0s

running (06m03.8s), 200/200 VUs, 1570 complete and 0 interrupted iterations
normal_day   [  61% ] 200/200 VUs  06m03.8s/10m00.0s

running (06m04.8s), 200/200 VUs, 1573 complete and 0 interrupted iterations
normal_day   [  61% ] 200/200 VUs  06m04.8s/10m00.0s

running (06m05.8s), 200/200 VUs, 1573 complete and 0 interrupted iterations
normal_day   [  61% ] 200/200 VUs  06m05.8s/10m00.0s

running (06m06.8s), 200/200 VUs, 1575 complete and 0 interrupted iterations
normal_day   [  61% ] 200/200 VUs  06m06.8s/10m00.0s

running (06m07.8s), 200/200 VUs, 1575 complete and 0 interrupted iterations
normal_day   [  61% ] 200/200 VUs  06m07.8s/10m00.0s

running (06m08.8s), 200/200 VUs, 1579 complete and 0 interrupted iterations
normal_day   [  61% ] 200/200 VUs  06m08.8s/10m00.0s

running (06m09.8s), 200/200 VUs, 1584 complete and 0 interrupted iterations
normal_day   [  62% ] 200/200 VUs  06m09.8s/10m00.0s

running (06m10.8s), 200/200 VUs, 1585 complete and 0 interrupted iterations
normal_day   [  62% ] 200/200 VUs  06m10.8s/10m00.0s

running (06m11.8s), 200/200 VUs, 1589 complete and 0 interrupted iterations
normal_day   [  62% ] 200/200 VUs  06m11.8s/10m00.0s

running (06m12.8s), 200/200 VUs, 1599 complete and 0 interrupted iterations
normal_day   [  62% ] 200/200 VUs  06m12.8s/10m00.0s

running (06m13.8s), 200/200 VUs, 1600 complete and 0 interrupted iterations
normal_day   [  62% ] 200/200 VUs  06m13.8s/10m00.0s

running (06m14.8s), 200/200 VUs, 1604 complete and 0 interrupted iterations
normal_day   [  62% ] 200/200 VUs  06m14.8s/10m00.0s

running (06m15.8s), 200/200 VUs, 1607 complete and 0 interrupted iterations
normal_day   [  63% ] 200/200 VUs  06m15.8s/10m00.0s

running (06m16.8s), 200/200 VUs, 1613 complete and 0 interrupted iterations
normal_day   [  63% ] 200/200 VUs  06m16.8s/10m00.0s

running (06m17.8s), 200/200 VUs, 1619 complete and 0 interrupted iterations
normal_day   [  63% ] 200/200 VUs  06m17.8s/10m00.0s

running (06m18.8s), 200/200 VUs, 1622 complete and 0 interrupted iterations
normal_day   [  63% ] 200/200 VUs  06m18.8s/10m00.0s

running (06m19.8s), 200/200 VUs, 1627 complete and 0 interrupted iterations
normal_day   [  63% ] 200/200 VUs  06m19.8s/10m00.0s

running (06m20.8s), 200/200 VUs, 1630 complete and 0 interrupted iterations
normal_day   [  63% ] 200/200 VUs  06m20.8s/10m00.0s

running (06m21.8s), 200/200 VUs, 1643 complete and 0 interrupted iterations
normal_day   [  64% ] 200/200 VUs  06m21.8s/10m00.0s

running (06m22.8s), 200/200 VUs, 1653 complete and 0 interrupted iterations
normal_day   [  64% ] 200/200 VUs  06m22.8s/10m00.0s

running (06m23.8s), 200/200 VUs, 1660 complete and 0 interrupted iterations
normal_day   [  64% ] 200/200 VUs  06m23.8s/10m00.0s

running (06m24.8s), 200/200 VUs, 1661 complete and 0 interrupted iterations
normal_day   [  64% ] 200/200 VUs  06m24.8s/10m00.0s

running (06m25.8s), 200/200 VUs, 1664 complete and 0 interrupted iterations
normal_day   [  64% ] 200/200 VUs  06m25.8s/10m00.0s

running (06m26.8s), 200/200 VUs, 1665 complete and 0 interrupted iterations
normal_day   [  64% ] 200/200 VUs  06m26.8s/10m00.0s

running (06m27.8s), 200/200 VUs, 1668 complete and 0 interrupted iterations
normal_day   [  65% ] 200/200 VUs  06m27.8s/10m00.0s

running (06m28.8s), 200/200 VUs, 1670 complete and 0 interrupted iterations
normal_day   [  65% ] 200/200 VUs  06m28.8s/10m00.0s

running (06m29.8s), 200/200 VUs, 1672 complete and 0 interrupted iterations
normal_day   [  65% ] 200/200 VUs  06m29.8s/10m00.0s

running (06m30.8s), 200/200 VUs, 1672 complete and 0 interrupted iterations
normal_day   [  65% ] 200/200 VUs  06m30.8s/10m00.0s

running (06m31.8s), 200/200 VUs, 1673 complete and 0 interrupted iterations
normal_day   [  65% ] 200/200 VUs  06m31.8s/10m00.0s

running (06m32.8s), 200/200 VUs, 1676 complete and 0 interrupted iterations
normal_day   [  65% ] 200/200 VUs  06m32.8s/10m00.0s

running (06m33.8s), 200/200 VUs, 1679 complete and 0 interrupted iterations
normal_day   [  66% ] 200/200 VUs  06m33.8s/10m00.0s

running (06m34.8s), 200/200 VUs, 1683 complete and 0 interrupted iterations
normal_day   [  66% ] 200/200 VUs  06m34.8s/10m00.0s

running (06m35.8s), 200/200 VUs, 1685 complete and 0 interrupted iterations
normal_day   [  66% ] 200/200 VUs  06m35.8s/10m00.0s

running (06m36.8s), 200/200 VUs, 1685 complete and 0 interrupted iterations
normal_day   [  66% ] 200/200 VUs  06m36.8s/10m00.0s

running (06m37.8s), 200/200 VUs, 1687 complete and 0 interrupted iterations
normal_day   [  66% ] 200/200 VUs  06m37.8s/10m00.0s

running (06m38.8s), 200/200 VUs, 1691 complete and 0 interrupted iterations
normal_day   [  66% ] 200/200 VUs  06m38.8s/10m00.0s

running (06m39.8s), 200/200 VUs, 1700 complete and 0 interrupted iterations
normal_day   [  67% ] 200/200 VUs  06m39.8s/10m00.0s

running (06m40.8s), 200/200 VUs, 1710 complete and 0 interrupted iterations
normal_day   [  67% ] 200/200 VUs  06m40.8s/10m00.0s

running (06m41.8s), 200/200 VUs, 1715 complete and 0 interrupted iterations
normal_day   [  67% ] 200/200 VUs  06m41.8s/10m00.0s

running (06m42.8s), 200/200 VUs, 1717 complete and 0 interrupted iterations
normal_day   [  67% ] 200/200 VUs  06m42.8s/10m00.0s

running (06m43.8s), 200/200 VUs, 1720 complete and 0 interrupted iterations
normal_day   [  67% ] 200/200 VUs  06m43.8s/10m00.0s

running (06m44.8s), 200/200 VUs, 1721 complete and 0 interrupted iterations
normal_day   [  67% ] 200/200 VUs  06m44.8s/10m00.0s

running (06m45.8s), 200/200 VUs, 1723 complete and 0 interrupted iterations
normal_day   [  68% ] 200/200 VUs  06m45.8s/10m00.0s

running (06m46.8s), 200/200 VUs, 1727 complete and 0 interrupted iterations
normal_day   [  68% ] 200/200 VUs  06m46.8s/10m00.0s

running (06m47.8s), 200/200 VUs, 1733 complete and 0 interrupted iterations
normal_day   [  68% ] 200/200 VUs  06m47.8s/10m00.0s

running (06m48.8s), 200/200 VUs, 1738 complete and 0 interrupted iterations
normal_day   [  68% ] 200/200 VUs  06m48.8s/10m00.0s

running (06m49.8s), 200/200 VUs, 1742 complete and 0 interrupted iterations
normal_day   [  68% ] 200/200 VUs  06m49.8s/10m00.0s

running (06m50.8s), 200/200 VUs, 1745 complete and 0 interrupted iterations
normal_day   [  68% ] 200/200 VUs  06m50.8s/10m00.0s

running (06m51.8s), 200/200 VUs, 1748 complete and 0 interrupted iterations
normal_day   [  69% ] 200/200 VUs  06m51.8s/10m00.0s

running (06m52.8s), 200/200 VUs, 1752 complete and 0 interrupted iterations
normal_day   [  69% ] 200/200 VUs  06m52.8s/10m00.0s

running (06m53.8s), 200/200 VUs, 1757 complete and 0 interrupted iterations
normal_day   [  69% ] 200/200 VUs  06m53.8s/10m00.0s

running (06m54.8s), 200/200 VUs, 1767 complete and 0 interrupted iterations
normal_day   [  69% ] 200/200 VUs  06m54.8s/10m00.0s

running (06m55.8s), 200/200 VUs, 1777 complete and 0 interrupted iterations
normal_day   [  69% ] 200/200 VUs  06m55.8s/10m00.0s

running (06m56.8s), 200/200 VUs, 1781 complete and 0 interrupted iterations
normal_day   [  69% ] 200/200 VUs  06m56.8s/10m00.0s

running (06m57.8s), 200/200 VUs, 1789 complete and 0 interrupted iterations
normal_day   [  70% ] 200/200 VUs  06m57.8s/10m00.0s

running (06m58.8s), 200/200 VUs, 1792 complete and 0 interrupted iterations
normal_day   [  70% ] 200/200 VUs  06m58.8s/10m00.0s

running (06m59.8s), 200/200 VUs, 1793 complete and 0 interrupted iterations
normal_day   [  70% ] 200/200 VUs  06m59.8s/10m00.0s

running (07m00.8s), 200/200 VUs, 1793 complete and 0 interrupted iterations
normal_day   [  70% ] 200/200 VUs  07m00.8s/10m00.0s

running (07m01.8s), 200/200 VUs, 1793 complete and 0 interrupted iterations
normal_day   [  70% ] 200/200 VUs  07m01.8s/10m00.0s

running (07m02.8s), 200/200 VUs, 1798 complete and 0 interrupted iterations
normal_day   [  70% ] 200/200 VUs  07m02.8s/10m00.0s

running (07m03.8s), 200/200 VUs, 1801 complete and 0 interrupted iterations
normal_day   [  71% ] 200/200 VUs  07m03.8s/10m00.0s

running (07m04.8s), 200/200 VUs, 1804 complete and 0 interrupted iterations
normal_day   [  71% ] 200/200 VUs  07m04.8s/10m00.0s

running (07m05.8s), 200/200 VUs, 1807 complete and 0 interrupted iterations
normal_day   [  71% ] 200/200 VUs  07m05.8s/10m00.0s

running (07m06.8s), 200/200 VUs, 1809 complete and 0 interrupted iterations
normal_day   [  71% ] 200/200 VUs  07m06.8s/10m00.0s

running (07m07.8s), 200/200 VUs, 1822 complete and 0 interrupted iterations
normal_day   [  71% ] 200/200 VUs  07m07.8s/10m00.0s

running (07m08.8s), 200/200 VUs, 1832 complete and 0 interrupted iterations
normal_day   [  71% ] 200/200 VUs  07m08.8s/10m00.0s

running (07m09.8s), 200/200 VUs, 1842 complete and 0 interrupted iterations
normal_day   [  72% ] 200/200 VUs  07m09.8s/10m00.0s

running (07m10.8s), 200/200 VUs, 1851 complete and 0 interrupted iterations
normal_day   [  72% ] 200/200 VUs  07m10.8s/10m00.0s

running (07m11.8s), 200/200 VUs, 1856 complete and 0 interrupted iterations
normal_day   [  72% ] 200/200 VUs  07m11.8s/10m00.0s

running (07m12.8s), 200/200 VUs, 1856 complete and 0 interrupted iterations
normal_day   [  72% ] 200/200 VUs  07m12.8s/10m00.0s

running (07m13.8s), 200/200 VUs, 1860 complete and 0 interrupted iterations
normal_day   [  72% ] 200/200 VUs  07m13.8s/10m00.0s

running (07m14.8s), 200/200 VUs, 1862 complete and 0 interrupted iterations
normal_day   [  72% ] 200/200 VUs  07m14.8s/10m00.0s

running (07m15.8s), 200/200 VUs, 1865 complete and 0 interrupted iterations
normal_day   [  73% ] 200/200 VUs  07m15.8s/10m00.0s

running (07m16.8s), 200/200 VUs, 1867 complete and 0 interrupted iterations
normal_day   [  73% ] 200/200 VUs  07m16.8s/10m00.0s

running (07m17.8s), 200/200 VUs, 1869 complete and 0 interrupted iterations
normal_day   [  73% ] 200/200 VUs  07m17.8s/10m00.0s

running (07m18.8s), 200/200 VUs, 1878 complete and 0 interrupted iterations
normal_day   [  73% ] 200/200 VUs  07m18.8s/10m00.0s

running (07m19.8s), 200/200 VUs, 1889 complete and 0 interrupted iterations
normal_day   [  73% ] 200/200 VUs  07m19.8s/10m00.0s

running (07m20.8s), 200/200 VUs, 1902 complete and 0 interrupted iterations
normal_day   [  73% ] 200/200 VUs  07m20.8s/10m00.0s

running (07m21.8s), 200/200 VUs, 1910 complete and 0 interrupted iterations
normal_day   [  74% ] 200/200 VUs  07m21.8s/10m00.0s

running (07m22.8s), 200/200 VUs, 1914 complete and 0 interrupted iterations
normal_day   [  74% ] 200/200 VUs  07m22.8s/10m00.0s

running (07m23.8s), 200/200 VUs, 1917 complete and 0 interrupted iterations
normal_day   [  74% ] 200/200 VUs  07m23.8s/10m00.0s

running (07m24.8s), 200/200 VUs, 1918 complete and 0 interrupted iterations
normal_day   [  74% ] 200/200 VUs  07m24.8s/10m00.0s

running (07m25.8s), 200/200 VUs, 1920 complete and 0 interrupted iterations
normal_day   [  74% ] 200/200 VUs  07m25.8s/10m00.0s

running (07m26.8s), 200/200 VUs, 1921 complete and 0 interrupted iterations
normal_day   [  74% ] 200/200 VUs  07m26.8s/10m00.0s

running (07m27.8s), 200/200 VUs, 1927 complete and 0 interrupted iterations
normal_day   [  75% ] 200/200 VUs  07m27.8s/10m00.0s

running (07m28.8s), 200/200 VUs, 1933 complete and 0 interrupted iterations
normal_day   [  75% ] 200/200 VUs  07m28.8s/10m00.0s

running (07m29.8s), 200/200 VUs, 1940 complete and 0 interrupted iterations
normal_day   [  75% ] 200/200 VUs  07m29.8s/10m00.0s

running (07m30.8s), 200/200 VUs, 1943 complete and 0 interrupted iterations
normal_day   [  75% ] 200/200 VUs  07m30.8s/10m00.0s

running (07m31.8s), 200/200 VUs, 1950 complete and 0 interrupted iterations
normal_day   [  75% ] 200/200 VUs  07m31.8s/10m00.0s

running (07m32.8s), 200/200 VUs, 1960 complete and 0 interrupted iterations
normal_day   [  75% ] 200/200 VUs  07m32.8s/10m00.0s

running (07m33.8s), 200/200 VUs, 1974 complete and 0 interrupted iterations
normal_day   [  76% ] 200/200 VUs  07m33.8s/10m00.0s

running (07m34.8s), 200/200 VUs, 1977 complete and 0 interrupted iterations
normal_day   [  76% ] 200/200 VUs  07m34.8s/10m00.0s

running (07m35.8s), 200/200 VUs, 1979 complete and 0 interrupted iterations
normal_day   [  76% ] 200/200 VUs  07m35.8s/10m00.0s

running (07m36.8s), 200/200 VUs, 1980 complete and 0 interrupted iterations
normal_day   [  76% ] 200/200 VUs  07m36.8s/10m00.0s

running (07m37.8s), 200/200 VUs, 1982 complete and 0 interrupted iterations
normal_day   [  76% ] 200/200 VUs  07m37.8s/10m00.0s

running (07m38.8s), 200/200 VUs, 1983 complete and 0 interrupted iterations
normal_day   [  76% ] 200/200 VUs  07m38.8s/10m00.0s

running (07m39.8s), 200/200 VUs, 1987 complete and 0 interrupted iterations
normal_day   [  77% ] 200/200 VUs  07m39.8s/10m00.0s

running (07m40.8s), 200/200 VUs, 1990 complete and 0 interrupted iterations
normal_day   [  77% ] 200/200 VUs  07m40.8s/10m00.0s

running (07m41.8s), 200/200 VUs, 1995 complete and 0 interrupted iterations
normal_day   [  77% ] 200/200 VUs  07m41.8s/10m00.0s

running (07m42.8s), 200/200 VUs, 2012 complete and 0 interrupted iterations
normal_day   [  77% ] 200/200 VUs  07m42.8s/10m00.0s

running (07m43.8s), 200/200 VUs, 2024 complete and 0 interrupted iterations
normal_day   [  77% ] 200/200 VUs  07m43.8s/10m00.0s

running (07m44.8s), 200/200 VUs, 2025 complete and 0 interrupted iterations
normal_day   [  77% ] 200/200 VUs  07m44.8s/10m00.0s

running (07m45.8s), 200/200 VUs, 2026 complete and 0 interrupted iterations
normal_day   [  78% ] 200/200 VUs  07m45.8s/10m00.0s

running (07m46.8s), 200/200 VUs, 2029 complete and 0 interrupted iterations
normal_day   [  78% ] 200/200 VUs  07m46.8s/10m00.0s

running (07m47.8s), 200/200 VUs, 2034 complete and 0 interrupted iterations
normal_day   [  78% ] 200/200 VUs  07m47.8s/10m00.0s

running (07m48.8s), 200/200 VUs, 2036 complete and 0 interrupted iterations
normal_day   [  78% ] 200/200 VUs  07m48.8s/10m00.0s

running (07m49.8s), 200/200 VUs, 2039 complete and 0 interrupted iterations
normal_day   [  78% ] 200/200 VUs  07m49.8s/10m00.0s

running (07m50.8s), 200/200 VUs, 2043 complete and 0 interrupted iterations
normal_day   [  78% ] 200/200 VUs  07m50.8s/10m00.0s

running (07m51.8s), 200/200 VUs, 2048 complete and 0 interrupted iterations
normal_day   [  79% ] 200/200 VUs  07m51.8s/10m00.0s

running (07m52.8s), 200/200 VUs, 2055 complete and 0 interrupted iterations
normal_day   [  79% ] 200/200 VUs  07m52.8s/10m00.0s

running (07m53.8s), 200/200 VUs, 2061 complete and 0 interrupted iterations
normal_day   [  79% ] 200/200 VUs  07m53.8s/10m00.0s

running (07m54.8s), 200/200 VUs, 2065 complete and 0 interrupted iterations
normal_day   [  79% ] 200/200 VUs  07m54.8s/10m00.0s

running (07m55.8s), 200/200 VUs, 2066 complete and 0 interrupted iterations
normal_day   [  79% ] 200/200 VUs  07m55.8s/10m00.0s

running (07m56.8s), 200/200 VUs, 2068 complete and 0 interrupted iterations
normal_day   [  79% ] 200/200 VUs  07m56.8s/10m00.0s

running (07m57.8s), 200/200 VUs, 2071 complete and 0 interrupted iterations
normal_day   [  80% ] 200/200 VUs  07m57.8s/10m00.0s

running (07m58.8s), 200/200 VUs, 2075 complete and 0 interrupted iterations
normal_day   [  80% ] 200/200 VUs  07m58.8s/10m00.0s

running (07m59.8s), 200/200 VUs, 2077 complete and 0 interrupted iterations
normal_day   [  80% ] 200/200 VUs  07m59.8s/10m00.0s

running (08m00.8s), 200/200 VUs, 2084 complete and 0 interrupted iterations
normal_day   [  80% ] 200/200 VUs  08m00.8s/10m00.0s

running (08m01.8s), 200/200 VUs, 2091 complete and 0 interrupted iterations
normal_day   [  80% ] 200/200 VUs  08m01.8s/10m00.0s

running (08m02.8s), 200/200 VUs, 2102 complete and 0 interrupted iterations
normal_day   [  80% ] 200/200 VUs  08m02.8s/10m00.0s

running (08m03.8s), 200/200 VUs, 2109 complete and 0 interrupted iterations
normal_day   [  81% ] 200/200 VUs  08m03.8s/10m00.0s

running (08m04.8s), 200/200 VUs, 2117 complete and 0 interrupted iterations
normal_day   [  81% ] 200/200 VUs  08m04.8s/10m00.0s

running (08m05.8s), 200/200 VUs, 2125 complete and 0 interrupted iterations
normal_day   [  81% ] 200/200 VUs  08m05.8s/10m00.0s

running (08m06.8s), 200/200 VUs, 2129 complete and 0 interrupted iterations
normal_day   [  81% ] 200/200 VUs  08m06.8s/10m00.0s

running (08m07.8s), 200/200 VUs, 2136 complete and 0 interrupted iterations
normal_day   [  81% ] 200/200 VUs  08m07.8s/10m00.0s

running (08m08.8s), 200/200 VUs, 2138 complete and 0 interrupted iterations
normal_day   [  81% ] 200/200 VUs  08m08.8s/10m00.0s

running (08m09.8s), 200/200 VUs, 2139 complete and 0 interrupted iterations
normal_day   [  82% ] 200/200 VUs  08m09.8s/10m00.0s

running (08m10.8s), 200/200 VUs, 2142 complete and 0 interrupted iterations
normal_day   [  82% ] 200/200 VUs  08m10.8s/10m00.0s

running (08m11.8s), 200/200 VUs, 2144 complete and 0 interrupted iterations
normal_day   [  82% ] 200/200 VUs  08m11.8s/10m00.0s

running (08m12.8s), 200/200 VUs, 2146 complete and 0 interrupted iterations
normal_day   [  82% ] 200/200 VUs  08m12.8s/10m00.0s

running (08m13.8s), 200/200 VUs, 2146 complete and 0 interrupted iterations
normal_day   [  82% ] 200/200 VUs  08m13.8s/10m00.0s

running (08m14.8s), 199/200 VUs, 2151 complete and 0 interrupted iterations
normal_day   [  82% ] 199/200 VUs  08m14.8s/10m00.0s

running (08m15.8s), 199/200 VUs, 2153 complete and 0 interrupted iterations
normal_day   [  83% ] 199/200 VUs  08m15.8s/10m00.0s

running (08m16.8s), 197/200 VUs, 2162 complete and 0 interrupted iterations
normal_day   [  83% ] 197/200 VUs  08m16.8s/10m00.0s

running (08m17.8s), 197/200 VUs, 2170 complete and 0 interrupted iterations
normal_day   [  83% ] 197/200 VUs  08m17.8s/10m00.0s

running (08m18.8s), 195/200 VUs, 2176 complete and 0 interrupted iterations
normal_day   [  83% ] 195/200 VUs  08m18.8s/10m00.0s

running (08m19.8s), 194/200 VUs, 2179 complete and 0 interrupted iterations
normal_day   [  83% ] 194/200 VUs  08m19.8s/10m00.0s

running (08m20.8s), 192/200 VUs, 2183 complete and 0 interrupted iterations
normal_day   [  83% ] 192/200 VUs  08m20.8s/10m00.0s

running (08m21.8s), 190/200 VUs, 2190 complete and 0 interrupted iterations
normal_day   [  84% ] 190/200 VUs  08m21.8s/10m00.0s

running (08m22.8s), 189/200 VUs, 2194 complete and 0 interrupted iterations
normal_day   [  84% ] 189/200 VUs  08m22.8s/10m00.0s

running (08m23.8s), 189/200 VUs, 2200 complete and 0 interrupted iterations
normal_day   [  84% ] 189/200 VUs  08m23.8s/10m00.0s

running (08m24.8s), 188/200 VUs, 2205 complete and 0 interrupted iterations
normal_day   [  84% ] 188/200 VUs  08m24.8s/10m00.0s

running (08m25.8s), 187/200 VUs, 2209 complete and 0 interrupted iterations
normal_day   [  84% ] 187/200 VUs  08m25.8s/10m00.0s

running (08m26.8s), 186/200 VUs, 2211 complete and 0 interrupted iterations
normal_day   [  84% ] 186/200 VUs  08m26.8s/10m00.0s

running (08m27.8s), 185/200 VUs, 2212 complete and 0 interrupted iterations
normal_day   [  85% ] 185/200 VUs  08m27.8s/10m00.0s

running (08m28.8s), 183/200 VUs, 2216 complete and 0 interrupted iterations
normal_day   [  85% ] 183/200 VUs  08m28.8s/10m00.0s

running (08m29.8s), 182/200 VUs, 2217 complete and 0 interrupted iterations
normal_day   [  85% ] 182/200 VUs  08m29.8s/10m00.0s

running (08m30.8s), 180/200 VUs, 2219 complete and 1 interrupted iterations
normal_day   [  85% ] 180/200 VUs  08m30.8s/10m00.0s

running (08m31.8s), 179/200 VUs, 2222 complete and 2 interrupted iterations
normal_day   [  85% ] 179/200 VUs  08m31.8s/10m00.0s

running (08m32.8s), 178/200 VUs, 2223 complete and 2 interrupted iterations
normal_day   [  85% ] 178/200 VUs  08m32.8s/10m00.0s

running (08m33.8s), 177/200 VUs, 2225 complete and 3 interrupted iterations
normal_day   [  86% ] 177/200 VUs  08m33.8s/10m00.0s

running (08m34.8s), 177/200 VUs, 2226 complete and 3 interrupted iterations
normal_day   [  86% ] 177/200 VUs  08m34.8s/10m00.0s

running (08m35.8s), 175/200 VUs, 2235 complete and 3 interrupted iterations
normal_day   [  86% ] 175/200 VUs  08m35.8s/10m00.0s

running (08m36.8s), 173/200 VUs, 2239 complete and 3 interrupted iterations
normal_day   [  86% ] 173/200 VUs  08m36.8s/10m00.0s

running (08m37.8s), 172/200 VUs, 2242 complete and 4 interrupted iterations
normal_day   [  86% ] 172/200 VUs  08m37.8s/10m00.0s

running (08m38.8s), 169/200 VUs, 2251 complete and 5 interrupted iterations
normal_day   [  86% ] 169/200 VUs  08m38.8s/10m00.0s

running (08m39.8s), 168/200 VUs, 2257 complete and 5 interrupted iterations
normal_day   [  87% ] 168/200 VUs  08m39.8s/10m00.0s

running (08m40.8s), 165/200 VUs, 2261 complete and 6 interrupted iterations
normal_day   [  87% ] 165/200 VUs  08m40.8s/10m00.0s

running (08m41.8s), 163/200 VUs, 2266 complete and 6 interrupted iterations
normal_day   [  87% ] 163/200 VUs  08m41.8s/10m00.0s

running (08m42.8s), 163/200 VUs, 2266 complete and 6 interrupted iterations
normal_day   [  87% ] 163/200 VUs  08m42.8s/10m00.0s

running (08m43.8s), 162/200 VUs, 2266 complete and 7 interrupted iterations
normal_day   [  87% ] 162/200 VUs  08m43.8s/10m00.0s

running (08m44.8s), 161/200 VUs, 2268 complete and 8 interrupted iterations
normal_day   [  87% ] 161/200 VUs  08m44.8s/10m00.0s

running (08m45.8s), 161/200 VUs, 2270 complete and 8 interrupted iterations
normal_day   [  88% ] 161/200 VUs  08m45.8s/10m00.0s

running (08m46.8s), 160/200 VUs, 2272 complete and 9 interrupted iterations
normal_day   [  88% ] 160/200 VUs  08m46.8s/10m00.0s

running (08m47.8s), 159/200 VUs, 2272 complete and 10 interrupted iterations
normal_day   [  88% ] 159/200 VUs  08m47.8s/10m00.0s

running (08m48.8s), 157/200 VUs, 2278 complete and 11 interrupted iterations
normal_day   [  88% ] 157/200 VUs  08m48.8s/10m00.0s

running (08m49.8s), 152/200 VUs, 2292 complete and 11 interrupted iterations
normal_day   [  88% ] 152/200 VUs  08m49.8s/10m00.0s

running (08m50.8s), 148/200 VUs, 2303 complete and 11 interrupted iterations
normal_day   [  88% ] 148/200 VUs  08m50.8s/10m00.0s

running (08m51.8s), 144/200 VUs, 2314 complete and 11 interrupted iterations
normal_day   [  89% ] 144/200 VUs  08m51.8s/10m00.0s

running (08m52.8s), 144/200 VUs, 2318 complete and 11 interrupted iterations
normal_day   [  89% ] 144/200 VUs  08m52.8s/10m00.0s

running (08m53.8s), 144/200 VUs, 2320 complete and 11 interrupted iterations
normal_day   [  89% ] 144/200 VUs  08m53.8s/10m00.0s

running (08m54.8s), 143/200 VUs, 2323 complete and 11 interrupted iterations
normal_day   [  89% ] 143/200 VUs  08m54.8s/10m00.0s

running (08m55.8s), 140/200 VUs, 2326 complete and 13 interrupted iterations
normal_day   [  89% ] 140/200 VUs  08m55.8s/10m00.0s

running (08m56.8s), 138/200 VUs, 2332 complete and 14 interrupted iterations
normal_day   [  89% ] 138/200 VUs  08m56.8s/10m00.0s

running (08m57.8s), 134/200 VUs, 2343 complete and 16 interrupted iterations
normal_day   [  90% ] 134/200 VUs  08m57.8s/10m00.0s

running (08m58.8s), 133/200 VUs, 2348 complete and 16 interrupted iterations
normal_day   [  90% ] 133/200 VUs  08m58.8s/10m00.0s

running (08m59.8s), 133/200 VUs, 2352 complete and 16 interrupted iterations
normal_day   [  90% ] 133/200 VUs  08m59.8s/10m00.0s

running (09m00.8s), 131/200 VUs, 2356 complete and 17 interrupted iterations
normal_day   [  90% ] 131/200 VUs  09m00.8s/10m00.0s

running (09m01.8s), 129/200 VUs, 2356 complete and 19 interrupted iterations
normal_day   [  90% ] 129/200 VUs  09m01.8s/10m00.0s

running (09m02.8s), 128/200 VUs, 2356 complete and 20 interrupted iterations
normal_day   [  90% ] 128/200 VUs  09m02.8s/10m00.0s

running (09m03.8s), 128/200 VUs, 2356 complete and 20 interrupted iterations
normal_day   [  91% ] 128/200 VUs  09m03.8s/10m00.0s

running (09m04.8s), 126/200 VUs, 2357 complete and 22 interrupted iterations
normal_day   [  91% ] 126/200 VUs  09m04.8s/10m00.0s

running (09m05.8s), 124/200 VUs, 2358 complete and 23 interrupted iterations
normal_day   [  91% ] 124/200 VUs  09m05.8s/10m00.0s

running (09m06.8s), 123/200 VUs, 2358 complete and 24 interrupted iterations
normal_day   [  91% ] 123/200 VUs  09m06.8s/10m00.0s

running (09m07.8s), 121/200 VUs, 2360 complete and 25 interrupted iterations
normal_day   [  91% ] 121/200 VUs  09m07.8s/10m00.0s

running (09m08.8s), 120/200 VUs, 2362 complete and 26 interrupted iterations
normal_day   [  91% ] 120/200 VUs  09m08.8s/10m00.0s

running (09m09.8s), 119/200 VUs, 2367 complete and 26 interrupted iterations
normal_day   [  92% ] 119/200 VUs  09m09.8s/10m00.0s

running (09m10.8s), 115/200 VUs, 2371 complete and 27 interrupted iterations
normal_day   [  92% ] 115/200 VUs  09m10.8s/10m00.0s

running (09m11.8s), 115/200 VUs, 2374 complete and 27 interrupted iterations
normal_day   [  92% ] 115/200 VUs  09m11.8s/10m00.0s

running (09m12.8s), 113/200 VUs, 2379 complete and 27 interrupted iterations
normal_day   [  92% ] 113/200 VUs  09m12.8s/10m00.0s

running (09m13.8s), 112/200 VUs, 2384 complete and 28 interrupted iterations
normal_day   [  92% ] 112/200 VUs  09m13.8s/10m00.0s

running (09m14.8s), 108/200 VUs, 2389 complete and 28 interrupted iterations
normal_day   [  92% ] 108/200 VUs  09m14.8s/10m00.0s

running (09m15.8s), 107/200 VUs, 2390 complete and 28 interrupted iterations
normal_day   [  93% ] 107/200 VUs  09m15.8s/10m00.0s

running (09m16.8s), 107/200 VUs, 2393 complete and 28 interrupted iterations
normal_day   [  93% ] 107/200 VUs  09m16.8s/10m00.0s

running (09m17.8s), 106/200 VUs, 2398 complete and 29 interrupted iterations
normal_day   [  93% ] 106/200 VUs  09m17.8s/10m00.0s

running (09m18.8s), 103/200 VUs, 2404 complete and 29 interrupted iterations
normal_day   [  93% ] 103/200 VUs  09m18.8s/10m00.0s

running (09m19.8s), 099/200 VUs, 2409 complete and 31 interrupted iterations
normal_day   [  93% ] 099/200 VUs  09m19.8s/10m00.0s

running (09m20.8s), 096/200 VUs, 2412 complete and 32 interrupted iterations
normal_day   [  93% ] 096/200 VUs  09m20.8s/10m00.0s

running (09m21.8s), 094/200 VUs, 2416 complete and 32 interrupted iterations
normal_day   [  94% ] 094/200 VUs  09m21.8s/10m00.0s

running (09m22.8s), 090/200 VUs, 2420 complete and 34 interrupted iterations
normal_day   [  94% ] 090/200 VUs  09m22.8s/10m00.0s

running (09m23.8s), 089/200 VUs, 2422 complete and 34 interrupted iterations
normal_day   [  94% ] 089/200 VUs  09m23.8s/10m00.0s

running (09m24.8s), 088/200 VUs, 2424 complete and 34 interrupted iterations
normal_day   [  94% ] 088/200 VUs  09m24.8s/10m00.0s

running (09m25.8s), 088/200 VUs, 2424 complete and 34 interrupted iterations
normal_day   [  94% ] 088/200 VUs  09m25.8s/10m00.0s

running (09m26.8s), 086/200 VUs, 2426 complete and 34 interrupted iterations
normal_day   [  94% ] 086/200 VUs  09m26.8s/10m00.0s

running (09m27.8s), 082/200 VUs, 2429 complete and 36 interrupted iterations
normal_day   [  95% ] 082/200 VUs  09m27.8s/10m00.0s

running (09m28.8s), 082/200 VUs, 2434 complete and 36 interrupted iterations
normal_day   [  95% ] 082/200 VUs  09m28.8s/10m00.0s

running (09m29.8s), 081/200 VUs, 2439 complete and 36 interrupted iterations
normal_day   [  95% ] 081/200 VUs  09m29.8s/10m00.0s

running (09m30.8s), 081/200 VUs, 2442 complete and 36 interrupted iterations
normal_day   [  95% ] 081/200 VUs  09m30.8s/10m00.0s

running (09m31.8s), 079/200 VUs, 2445 complete and 36 interrupted iterations
normal_day   [  95% ] 079/200 VUs  09m31.8s/10m00.0s

running (09m32.8s), 077/200 VUs, 2448 complete and 36 interrupted iterations
normal_day   [  95% ] 077/200 VUs  09m32.8s/10m00.0s

running (09m33.8s), 076/200 VUs, 2448 complete and 37 interrupted iterations
normal_day   [  96% ] 076/200 VUs  09m33.8s/10m00.0s

running (09m34.8s), 073/200 VUs, 2451 complete and 38 interrupted iterations
normal_day   [  96% ] 073/200 VUs  09m34.8s/10m00.0s

running (09m35.8s), 070/200 VUs, 2458 complete and 38 interrupted iterations
normal_day   [  96% ] 070/200 VUs  09m35.8s/10m00.0s

running (09m36.8s), 068/200 VUs, 2461 complete and 38 interrupted iterations
normal_day   [  96% ] 068/200 VUs  09m36.8s/10m00.0s

running (09m37.8s), 065/200 VUs, 2467 complete and 38 interrupted iterations
normal_day   [  96% ] 065/200 VUs  09m37.8s/10m00.0s

running (09m38.8s), 065/200 VUs, 2467 complete and 38 interrupted iterations
normal_day   [  96% ] 065/200 VUs  09m38.8s/10m00.0s

running (09m39.8s), 065/200 VUs, 2469 complete and 38 interrupted iterations
normal_day   [  97% ] 065/200 VUs  09m39.8s/10m00.0s

running (09m40.8s), 064/200 VUs, 2475 complete and 38 interrupted iterations
normal_day   [  97% ] 064/200 VUs  09m40.8s/10m00.0s

running (09m41.8s), 059/200 VUs, 2481 complete and 39 interrupted iterations
normal_day   [  97% ] 059/200 VUs  09m41.8s/10m00.0s

running (09m42.8s), 058/200 VUs, 2482 complete and 40 interrupted iterations
normal_day   [  97% ] 058/200 VUs  09m42.8s/10m00.0s

running (09m43.8s), 055/200 VUs, 2485 complete and 41 interrupted iterations
normal_day   [  97% ] 055/200 VUs  09m43.8s/10m00.0s

running (09m44.8s), 052/200 VUs, 2487 complete and 42 interrupted iterations
normal_day   [  97% ] 052/200 VUs  09m44.8s/10m00.0s

running (09m45.8s), 048/200 VUs, 2489 complete and 44 interrupted iterations
normal_day   [  98% ] 048/200 VUs  09m45.8s/10m00.0s

running (09m46.8s), 045/200 VUs, 2495 complete and 44 interrupted iterations
normal_day   [  98% ] 045/200 VUs  09m46.8s/10m00.0s

running (09m47.8s), 042/200 VUs, 2500 complete and 44 interrupted iterations
normal_day   [  98% ] 042/200 VUs  09m47.8s/10m00.0s

running (09m48.8s), 039/200 VUs, 2503 complete and 44 interrupted iterations
normal_day   [  98% ] 039/200 VUs  09m48.8s/10m00.0s

running (09m49.8s), 035/200 VUs, 2506 complete and 46 interrupted iterations
normal_day   [  98% ] 035/200 VUs  09m49.8s/10m00.0s

running (09m50.8s), 034/200 VUs, 2508 complete and 46 interrupted iterations
normal_day   [  98% ] 034/200 VUs  09m50.8s/10m00.0s

running (09m51.8s), 027/200 VUs, 2515 complete and 46 interrupted iterations
normal_day   [  99% ] 027/200 VUs  09m51.8s/10m00.0s

running (09m52.8s), 022/200 VUs, 2521 complete and 46 interrupted iterations
normal_day   [  99% ] 022/200 VUs  09m52.8s/10m00.0s

running (09m53.8s), 022/200 VUs, 2523 complete and 46 interrupted iterations
normal_day   [  99% ] 022/200 VUs  09m53.8s/10m00.0s

running (09m54.8s), 021/200 VUs, 2524 complete and 46 interrupted iterations
normal_day   [  99% ] 021/200 VUs  09m54.8s/10m00.0s

running (09m55.8s), 017/200 VUs, 2529 complete and 46 interrupted iterations
normal_day   [  99% ] 017/200 VUs  09m55.8s/10m00.0s

running (09m56.8s), 015/200 VUs, 2533 complete and 46 interrupted iterations
normal_day   [  99% ] 015/200 VUs  09m56.8s/10m00.0s

running (09m57.8s), 015/200 VUs, 2533 complete and 46 interrupted iterations
normal_day   [ 100% ] 015/200 VUs  09m57.8s/10m00.0s

running (09m58.8s), 014/200 VUs, 2534 complete and 46 interrupted iterations
normal_day   [ 100% ] 014/200 VUs  09m58.8s/10m00.0s

running (09m59.8s), 012/200 VUs, 2536 complete and 46 interrupted iterations
normal_day   [ 100% ] 012/200 VUs  09m59.8s/10m00.0s

running (10m00.8s), 010/200 VUs, 2538 complete and 46 interrupted iterations
normal_day ↓ [ 100% ] 011/200 VUs  10m0s

running (10m01.8s), 007/200 VUs, 2541 complete and 46 interrupted iterations
normal_day ↓ [ 100% ] 011/200 VUs  10m0s

running (10m02.8s), 004/200 VUs, 2544 complete and 46 interrupted iterations
normal_day ↓ [ 100% ] 011/200 VUs  10m0s

running (10m03.8s), 004/200 VUs, 2544 complete and 46 interrupted iterations
normal_day ↓ [ 100% ] 011/200 VUs  10m0s

running (10m04.8s), 004/200 VUs, 2544 complete and 46 interrupted iterations
normal_day ↓ [ 100% ] 011/200 VUs  10m0s

running (10m05.8s), 003/200 VUs, 2545 complete and 46 interrupted iterations
normal_day ↓ [ 100% ] 011/200 VUs  10m0s

running (10m06.8s), 003/200 VUs, 2545 complete and 46 interrupted iterations
normal_day ↓ [ 100% ] 011/200 VUs  10m0s

running (10m07.8s), 002/200 VUs, 2546 complete and 46 interrupted iterations
normal_day ↓ [ 100% ] 011/200 VUs  10m0s

running (10m08.8s), 002/200 VUs, 2546 complete and 46 interrupted iterations
normal_day ↓ [ 100% ] 011/200 VUs  10m0s

running (10m09.8s), 002/200 VUs, 2546 complete and 46 interrupted iterations
normal_day ↓ [ 100% ] 011/200 VUs  10m0s

running (10m10.8s), 002/200 VUs, 2546 complete and 46 interrupted iterations
normal_day ↓ [ 100% ] 011/200 VUs  10m0s

running (10m11.8s), 002/200 VUs, 2546 complete and 46 interrupted iterations
normal_day ↓ [ 100% ] 011/200 VUs  10m0s

running (10m12.8s), 002/200 VUs, 2546 complete and 46 interrupted iterations
normal_day ↓ [ 100% ] 011/200 VUs  10m0s

running (10m13.8s), 002/200 VUs, 2546 complete and 46 interrupted iterations
normal_day ↓ [ 100% ] 011/200 VUs  10m0s

running (10m14.8s), 002/200 VUs, 2546 complete and 46 interrupted iterations
normal_day ↓ [ 100% ] 011/200 VUs  10m0s

running (10m15.8s), 002/200 VUs, 2546 complete and 46 interrupted iterations
normal_day ↓ [ 100% ] 011/200 VUs  10m0s
[32m     ✓ login 200[0m
[32m     ✓ post detail 200[0m
[32m     ✓ meal today 200[0m
[32m     ✓ chat rooms 200[0m
[32m     ✓ board list 200[0m
[32m     ✓ post reaction 2xx[0m
[32m     ✓ timetable today 200[0m
[32m     ✓ hot daily 200[0m
[32m     ✓ post search 200[0m
[32m     ✓ post list 200[0m
[32m     ✓ scrap 2xx[0m
[32m     ✓ comment list 200[0m
[32m     ✓ unread count 200[0m
[32m     ✓ chat messages 200[0m
[32m     ✓ notif list 200[0m
[32m     ✓ read one 200[0m
[32m     ✓ chat read 200[0m
[32m     ✓ user info 200[0m
[32m     ✓ my posts 200[0m
[32m     ✓ friend list 200[0m
[32m     ✓ ws handshake 101[0m
[32m     ✓ post create 2xx[0m
[32m     ✓ comment create 2xx[0m
[32m     ✓ post update 200[0m
[32m     ✓ post delete 200[0m
[32m     ✓ comment reaction 200[0m
[32m     ✓ received reqs 200[0m
[32m     ✓ logout 200[0m
[32m     ✓ meal month 200[0m
[32m     ✓ read all 200[0m
[32m     ✓ refresh 200[0m

     auth_token_refreshes[2m...........:[0m [36m26[0m      [36;2m0.042162/s[0m
     chat_ws_messages_sent[2m..........:[0m [36m723[0m     [36;2m1.172438/s[0m
     chat_ws_rtt[2m....................:[0m avg=[36m3.42s[0m   min=[36m15ms[0m     med=[36m2.86s[0m    max=[36m13.94s[0m  p(90)=[36m7.31s[0m   p(95)=[36m9.03s[0m    p(99)=[36m12.42s[0m  
     checks[2m.........................:[0m [36m100.00%[0m [36;2m✓ 11272[0m     [36;2m✗ 0[0m    
     [32m✓[0m { phase:measure }[2m............:[0m [36m100.00%[0m [36;2m✓ 6026[0m      [36;2m✗ 0[0m    
     [32m✓[0m { phase:rampdown }[2m...........:[0m [36m100.00%[0m [36;2m✓ 1943[0m      [36;2m✗ 0[0m    
     [32m✓[0m { phase:warmup }[2m.............:[0m [36m100.00%[0m [36;2m✓ 3303[0m      [36;2m✗ 0[0m    
     data_received[2m..................:[0m [36m514 MB[0m  [36;2m834 kB/s[0m
     data_sent[2m......................:[0m [36m4.6 MB[0m  [36;2m7.4 kB/s[0m
     http_req_blocked[2m...............:[0m avg=[36m19.73µs[0m min=[36m1.67µs[0m   med=[36m7.12µs[0m   max=[36m24.06ms[0m p(90)=[36m13.67µs[0m p(95)=[36m16.99µs[0m  p(99)=[36m303.66µs[0m
     http_req_connecting[2m............:[0m avg=[36m8.44µs[0m  min=[36m0s[0m       med=[36m0s[0m       max=[36m23.75ms[0m p(90)=[36m0s[0m      p(95)=[36m0s[0m       p(99)=[36m205.28µs[0m
     http_req_duration[2m..............:[0m avg=[36m6.07s[0m   min=[36m2.08ms[0m   med=[36m5.5s[0m     max=[36m35.7s[0m   p(90)=[36m11.68s[0m  p(95)=[36m13.68s[0m   p(99)=[36m19.02s[0m  
       { expected_response:true }[2m...:[0m avg=[36m6.07s[0m   min=[36m2.08ms[0m   med=[36m5.5s[0m     max=[36m35.7s[0m   p(90)=[36m11.68s[0m  p(95)=[36m13.68s[0m   p(99)=[36m19.02s[0m  
     [32m✓[0m { feature:auth }[2m.............:[0m avg=[36m3.19s[0m   min=[36m81.42ms[0m  med=[36m2.18s[0m    max=[36m15.6s[0m   p(90)=[36m7.33s[0m   p(95)=[36m9.51s[0m    p(99)=[36m12.82s[0m  
     [32m✓[0m { feature:board }[2m............:[0m avg=[36m5.9s[0m    min=[36m2.21ms[0m   med=[36m5.7s[0m     max=[36m23.23s[0m  p(90)=[36m11.05s[0m  p(95)=[36m12.82s[0m   p(99)=[36m15.56s[0m  
     [32m✓[0m { feature:chat }[2m.............:[0m avg=[36m6.25s[0m   min=[36m5.33ms[0m   med=[36m5.91s[0m    max=[36m21.48s[0m  p(90)=[36m11.4s[0m   p(95)=[36m13.41s[0m   p(99)=[36m15.7s[0m   
     [32m✓[0m { feature:comment }[2m..........:[0m avg=[36m7.78s[0m   min=[36m2.08ms[0m   med=[36m6.86s[0m    max=[36m35.7s[0m   p(90)=[36m15.75s[0m  p(95)=[36m19s[0m      p(99)=[36m24.01s[0m  
     [32m✓[0m { feature:friend }[2m...........:[0m avg=[36m6.12s[0m   min=[36m5.78ms[0m   med=[36m5.43s[0m    max=[36m16.32s[0m  p(90)=[36m12.05s[0m  p(95)=[36m13.7s[0m    p(99)=[36m14.72s[0m  
     [32m✓[0m { feature:hot }[2m..............:[0m avg=[36m5.85s[0m   min=[36m9.62ms[0m   med=[36m5.53s[0m    max=[36m20.25s[0m  p(90)=[36m10.88s[0m  p(95)=[36m12.57s[0m   p(99)=[36m15.38s[0m  
     [32m✓[0m { feature:mypage }[2m...........:[0m avg=[36m5.92s[0m   min=[36m2.48ms[0m   med=[36m5.81s[0m    max=[36m21.33s[0m  p(90)=[36m11.91s[0m  p(95)=[36m13.44s[0m   p(99)=[36m15.43s[0m  
     [32m✓[0m { feature:notification }[2m.....:[0m avg=[36m6.58s[0m   min=[36m6.53ms[0m   med=[36m6.52s[0m    max=[36m28.32s[0m  p(90)=[36m11.3s[0m   p(95)=[36m12.88s[0m   p(99)=[36m15.55s[0m  
     [32m✓[0m { feature:post }[2m.............:[0m avg=[36m5.58s[0m   min=[36m2.24ms[0m   med=[36m5.17s[0m    max=[36m24s[0m     p(90)=[36m10.72s[0m  p(95)=[36m12.37s[0m   p(99)=[36m15.07s[0m  
     [32m✓[0m { feature:reaction }[2m.........:[0m avg=[36m5.67s[0m   min=[36m17.54ms[0m  med=[36m5.29s[0m    max=[36m17.17s[0m  p(90)=[36m10.68s[0m  p(95)=[36m13.01s[0m   p(99)=[36m15.57s[0m  
     [32m✓[0m { feature:school }[2m...........:[0m avg=[36m5.55s[0m   min=[36m21.05ms[0m  med=[36m5.17s[0m    max=[36m13.94s[0m  p(90)=[36m10.65s[0m  p(95)=[36m11.61s[0m   p(99)=[36m13.23s[0m  
     [32m✓[0m { feature:scrap }[2m............:[0m avg=[36m5.93s[0m   min=[36m21.02ms[0m  med=[36m5.68s[0m    max=[36m14.93s[0m  p(90)=[36m10.65s[0m  p(95)=[36m11.79s[0m   p(99)=[36m14.63s[0m  
     [32m✓[0m { feature:timetable }[2m........:[0m avg=[36m6.06s[0m   min=[36m10.49ms[0m  med=[36m6.02s[0m    max=[36m15.47s[0m  p(90)=[36m10.95s[0m  p(95)=[36m12.42s[0m   p(99)=[36m15.07s[0m  
     [32m✓[0m { op:auth }[2m..................:[0m avg=[36m3.19s[0m   min=[36m81.42ms[0m  med=[36m2.18s[0m    max=[36m15.6s[0m   p(90)=[36m7.33s[0m   p(95)=[36m9.51s[0m    p(99)=[36m12.82s[0m  
     [31m✗[0m { op:read,phase:measure }[2m....:[0m avg=[36m7.63s[0m   min=[36m2.81ms[0m   med=[36m7.06s[0m    max=[36m35.7s[0m   p(90)=[36m12.81s[0m  p(95)=[36m14.59s[0m   p(99)=[36m19.65s[0m  
     [31m✗[0m { op:write,phase:measure }[2m...:[0m avg=[36m8.11s[0m   min=[36m391.82ms[0m med=[36m7.69s[0m    max=[36m19.51s[0m  p(90)=[36m13.66s[0m  p(95)=[36m14.46s[0m   p(99)=[36m16.95s[0m  
     [32m✓[0m { page:0 }[2m...................:[0m avg=[36m4s[0m      min=[36m2.28ms[0m   med=[36m3.53s[0m    max=[36m16.36s[0m  p(90)=[36m8.5s[0m    p(95)=[36m10.03s[0m   p(99)=[36m13.47s[0m  
     [32m✓[0m { page:1 }[2m...................:[0m avg=[36m4.29s[0m   min=[36m2.47ms[0m   med=[36m3.95s[0m    max=[36m15.2s[0m   p(90)=[36m8.99s[0m   p(95)=[36m10.42s[0m   p(99)=[36m11.9s[0m   
     [32m✓[0m { page:2 }[2m...................:[0m avg=[36m4.42s[0m   min=[36m2.4ms[0m    med=[36m3.95s[0m    max=[36m15.55s[0m  p(90)=[36m9.5s[0m    p(95)=[36m10.61s[0m   p(99)=[36m12.75s[0m  
     [32m✓[0m { page:3 }[2m...................:[0m avg=[36m4.39s[0m   min=[36m4.6ms[0m    med=[36m4.05s[0m    max=[36m12.69s[0m  p(90)=[36m9.43s[0m   p(95)=[36m9.95s[0m    p(99)=[36m11.47s[0m  
     [32m✓[0m { page:4 }[2m...................:[0m avg=[36m4.36s[0m   min=[36m2.24ms[0m   med=[36m4.15s[0m    max=[36m12.5s[0m   p(90)=[36m8.45s[0m   p(95)=[36m9.79s[0m    p(99)=[36m11s[0m     
     [32m✓[0m { phase:measure }[2m............:[0m avg=[36m7.67s[0m   min=[36m2.81ms[0m   med=[36m7.11s[0m    max=[36m35.7s[0m   p(90)=[36m12.84s[0m  p(95)=[36m14.56s[0m   p(99)=[36m19.5s[0m   
     [32m✓[0m { phase:rampdown }[2m...........:[0m avg=[36m6.01s[0m   min=[36m2.08ms[0m   med=[36m5.48s[0m    max=[36m29.03s[0m  p(90)=[36m10.83s[0m  p(95)=[36m13.01s[0m   p(99)=[36m19.92s[0m  
     [32m✓[0m { phase:warmup }[2m.............:[0m avg=[36m3.32s[0m   min=[36m3.45ms[0m   med=[36m2.01s[0m    max=[36m35.7s[0m   p(90)=[36m7.87s[0m   p(95)=[36m9.96s[0m    p(99)=[36m16.23s[0m  
     http_req_failed[2m................:[0m [36m0.00%[0m   [36;2m✓ 0[0m         [36;2m✗ 11149[0m
     [32m✓[0m { phase:measure }[2m............:[0m [36m0.00%[0m   [36;2m✓ 0[0m         [36;2m✗ 5960[0m 
     [32m✓[0m { phase:rampdown }[2m...........:[0m [36m0.00%[0m   [36;2m✓ 0[0m         [36;2m✗ 1780[0m 
     [32m✓[0m { phase:warmup }[2m.............:[0m [36m0.00%[0m   [36;2m✓ 0[0m         [36;2m✗ 3409[0m 
     http_req_receiving[2m.............:[0m avg=[36m2.15ms[0m  min=[36m14.32µs[0m  med=[36m324.12µs[0m max=[36m292.1ms[0m p(90)=[36m1.01ms[0m  p(95)=[36m3.66ms[0m   p(99)=[36m72.77ms[0m 
     http_req_sending[2m...............:[0m avg=[36m52.81µs[0m min=[36m5.73µs[0m   med=[36m40µs[0m     max=[36m2.29ms[0m  p(90)=[36m97.24µs[0m p(95)=[36m111.45µs[0m p(99)=[36m191.13µs[0m
     http_req_tls_handshaking[2m.......:[0m avg=[36m0s[0m      min=[36m0s[0m       med=[36m0s[0m       max=[36m0s[0m      p(90)=[36m0s[0m      p(95)=[36m0s[0m       p(99)=[36m0s[0m      
     http_req_waiting[2m...............:[0m avg=[36m6.07s[0m   min=[36m1.94ms[0m   med=[36m5.5s[0m     max=[36m35.69s[0m  p(90)=[36m11.68s[0m  p(95)=[36m13.68s[0m   p(99)=[36m18.95s[0m  
     http_reqs[2m......................:[0m [36m11149[0m   [36;2m18.079545/s[0m
     [32m✓[0m { feature:auth }[2m.............:[0m [36m280[0m     [36;2m0.454056/s[0m
     [32m✓[0m { feature:board }[2m............:[0m [36m1034[0m    [36;2m1.676765/s[0m
     [32m✓[0m { feature:chat }[2m.............:[0m [36m808[0m     [36;2m1.310276/s[0m
     [32m✓[0m { feature:comment }[2m..........:[0m [36m1969[0m    [36;2m3.192988/s[0m
     [32m✓[0m { feature:friend }[2m...........:[0m [36m153[0m     [36;2m0.248109/s[0m
     [32m✓[0m { feature:hot }[2m..............:[0m [36m1034[0m    [36;2m1.676765/s[0m
     [32m✓[0m { feature:mypage }[2m...........:[0m [36m170[0m     [36;2m0.275677/s[0m
     [32m✓[0m { feature:notification }[2m.....:[0m [36m483[0m     [36;2m0.783247/s[0m
     [32m✓[0m { feature:post }[2m.............:[0m [36m4752[0m    [36;2m7.705982/s[0m
     [32m✓[0m { feature:reaction }[2m.........:[0m [36m224[0m     [36;2m0.363245/s[0m
     [32m✓[0m { feature:school }[2m...........:[0m [36m101[0m     [36;2m0.163785/s[0m
     [32m✓[0m { feature:scrap }[2m............:[0m [36m61[0m      [36;2m0.098919/s[0m
     [32m✓[0m { feature:timetable }[2m........:[0m [36m80[0m      [36;2m0.12973/s[0m
     [32m✓[0m { op:auth }[2m..................:[0m [36m280[0m     [36;2m0.454056/s[0m
     [32m✓[0m { op:read }[2m..................:[0m [36m10035[0m   [36;2m16.27305/s[0m
     [32m✓[0m { op:write }[2m.................:[0m [36m834[0m     [36;2m1.352439/s[0m
     [32m✓[0m { page:0 }[2m...................:[0m [36m569[0m     [36;2m0.922707/s[0m
     [32m✓[0m { page:1 }[2m...................:[0m [36m190[0m     [36;2m0.30811/s[0m
     [32m✓[0m { page:2 }[2m...................:[0m [36m129[0m     [36;2m0.20919/s[0m
     [32m✓[0m { page:3 }[2m...................:[0m [36m80[0m      [36;2m0.12973/s[0m
     [32m✓[0m { page:4 }[2m...................:[0m [36m66[0m      [36;2m0.107028/s[0m
     [32m✓[0m { phase:measure }[2m............:[0m [36m5960[0m    [36;2m9.664911/s[0m
     [32m✓[0m { phase:rampdown }[2m...........:[0m [36m1780[0m    [36;2m2.8865/s[0m
     [32m✓[0m { phase:warmup }[2m.............:[0m [36m3409[0m    [36;2m5.528134/s[0m
     iteration_duration[2m.............:[0m avg=[36m35.62s[0m  min=[36m1.12s[0m    med=[36m25.73s[0m   max=[36m2m14s[0m   p(90)=[36m1m19s[0m   p(95)=[36m1m30s[0m    p(99)=[36m1m49s[0m   
     iterations[2m.....................:[0m [36m2548[0m    [36;2m4.131911/s[0m
     [32m✓[0m { phase:measure }[2m............:[0m [36m0[0m       [36;2m0/s[0m
     [32m✓[0m { phase:rampdown }[2m...........:[0m [36m0[0m       [36;2m0/s[0m
     [32m✓[0m { phase:warmup }[2m.............:[0m [36m0[0m       [36;2m0/s[0m
     phase_iterations[2m...............:[0m [36m2548[0m    [36;2m4.131911/s[0m
     [32m✓[0m { phase:measure }[2m............:[0m [36m1400[0m    [36;2m2.270281/s[0m
     [32m✓[0m { phase:rampdown }[2m...........:[0m [36m471[0m     [36;2m0.763787/s[0m
     [32m✓[0m { phase:warmup }[2m.............:[0m [36m677[0m     [36;2m1.097843/s[0m
     vus[2m............................:[0m [36m2[0m       [36;2mmin=0[0m       [36;2mmax=200[0m
     vus_max[2m........................:[0m [36m200[0m     [36;2mmin=200[0m     [36;2mmax=200[0m
     ws_connecting[2m..................:[0m avg=[36m4.98s[0m   min=[36m3.97ms[0m   med=[36m4.44s[0m    max=[36m14.92s[0m  p(90)=[36m10.37s[0m  p(95)=[36m11.51s[0m   p(99)=[36m13.03s[0m  
     ws_msgs_received[2m...............:[0m [36m720[0m     [36;2m1.167573/s[0m
     ws_msgs_sent[2m...................:[0m [36m971[0m     [36;2m1.574602/s[0m
     ws_session_duration[2m............:[0m avg=[36m27.45s[0m  min=[36m15.48s[0m   med=[36m27.42s[0m   max=[36m42.15s[0m  p(90)=[36m36.31s[0m  p(95)=[36m38.02s[0m   p(99)=[36m41.53s[0m  
     ws_sessions[2m....................:[0m [36m124[0m     [36;2m0.201082/s[0m
running (10m16.7s), 000/200 VUs, 2548 complete and 46 interrupted iterations
normal_day ✓ [ 100% ] 000/200 VUs  10m0s
  호스트(Windows) 122표본 · CPU 27.2% (max 41.3) · 주파수 103.6% (min 71.2) · 대기스레드 6.38 · 가용메모리 4432MB
  부하 중 벤치(warmup +60초, 3회 중앙값) · single 5475ms (유휴 대비 11.0%) · parallel 4429ms (유휴 대비 -11.8%) · ctxswitch 2520ms (유휴 대비 14.9%)

  실행 후 상태 sha256:34b8d8351dba — chat_messages.maxId +723, chat_messages.count +714, posts.maxId +134, posts.count +111, comments.count +102 (외 13개)
    (지문 제외 항목: posts.sumViewCount +3019, daily_hot_post.count +52)
Prometheus 스크레이프 대기 20초...

══════════════════════════════════════════════════════════════════════════
  Performance Report — normal-day   Run #103   ❌ FAIL
══════════════════════════════════════════════════════════════════════════
  환경 perf  |  브랜치 personal/localdocs  |  커밋 3e96d946  |  빌드 local
  시작 2026-08-20 10:47:48 KST  |  수행 10m 17s  |  VU max 200
  데이터셋 medium  |  부하 ramping-vus 0→200@3m0s→200@5m0s→0@2m0s

  ── 성능 (measure 구간) ─────────────────────────────────────────
  평균 7.67s     P95 14.57s    P99 19.50s   
  RPS  19.9      TPS 4.67      오류율 0.00%

  ── 인프라 ────────────────────────────────────────────────────────
  CPU  2.00 core (한계의 100%)   throttled 100.0%
  Heap 806 MB (79%)   GC max 199ms × 95회
  DB   slow 905  QPS 5,735  풀 100%  대기 192
  Redis hit 98.3%  ops 125.1/s  evicted 0

  ── 회귀 (기준: normal-day-2026-08-20T01-45-09) ────────────────
  ⚠  기준선은 당시 k6 threshold 미통과 실행입니다, 당시 Node 판정 FAIL.
     아래 증감률은 개선/악화 폭이며 현재 SLO 통과를 뜻하지 않습니다.
  ❌ P95 응답시간                   17.09s → 14.57s (-14.8%)
       14567 > 상한 500
  ❌ P99 응답시간                   21.52s → 19.50s (-9.4%)
       19503 > 상한 1200
  ❌ CPU 포화도 (한계 대비 최대)         100.1% → 100.1% (+0.0%)
       100 > 상한 95.00
  ❌ CPU throttling 비율          100.0% → 100.0% (-0.0%)
       99.97 > 상한 10.00
  ❌ HikariCP 포화도               100.0% → 100.0% (0.0%)
       100 > 상한 95.00
  ❌ HikariCP 대기 스레드 최대         196 → 192 (-2.0%)
       192 > 상한 5.00
  ❌ 커넥션 획득 p95                 8.63s → 8.28s (-4.1%)
       8276 > 상한 100

  ── 병목 가설 ─────────────────────────────────────────────────────
  • CPU throttling 발생
    cgroup이 CPU를 강제 회수한 주기가 100.0%다. CPU 한계(2 core)를 올리거나 요청당 CPU 사용을 줄여야 p99가 안정된다.
  • DB 커넥션 풀 대기 발생
    최대 192개 스레드가 커넥션을 기다렸다. 풀 크기(10)가 동시성 대비 부족하거나, 커넥션 보유 시간이 긴 쿼리가 있다.
  • DB 커넥션 풀 포화
    풀 사용률이 100%까지 올라갔다. 여유가 거의 없어 부하가 조금만 늘어도 대기가 생긴다.
  • CPU 포화
    CPU 사용이 한계의 100%에 도달했다.

  보고서 : reports\runs\normal-day-2026-08-20T01-58-05\report.html
  Grafana(전체 실행): http://localhost:3001/d/htd-perf-overview/highteenday-performance-overview?from=1787190348542&to=1787191205206
  Grafana(measure) : http://localhost:3001/d/htd-perf-overview/highteenday-performance-overview?from=1787190528542&to=1787191068542
══════════════════════════════════════════════════════════════════════════

  [3/3] p95 14567.3ms · 평균 7673.2ms · 서버측 7508.6ms · 경로 164.6ms

══════════════════════════════════════════════════════════════════════════
  결과 — 유효 3/3회
══════════════════════════════════════════════════════════════════════════
  지표          평균        표준편차      CV        최소        최대
  ──────────────────────────────────────────────────────────────────────
  P95           15721.4      1275.87     8.12%    14567.3     17091.5
  P99           20418.6      1018.22     4.99%    19502.9     21515.1
  평균             7627.3       587.67     7.70%     7018.0      8190.6
  TPS               4.7         0.40     8.57%        4.3         5.1
  RPS              20.2         1.28     6.35%       19.1        21.6
  서버측 평균         7427.3       653.45     8.80%     6737.0      8036.3
  경로 오버헤드         200.0        70.35    35.18%      154.3       281.0
  ──────────────────────────────────────────────────────────────────────

  ▶ 판정 지표: P95 CV = 8.12%  (같은 조건 반복 시 p95가 평균 대비 이만큼 흔들린다)

  저장: reports\repeatability\perf-2026-08-20T01-58-26.json
  원자료: reports/runs/ (환경 perf)

