══════════════════════════════════════════════════════════════════════════
  반복 정밀도 측정 — scenarios/normal-day.js
  반복 10회 · VU 기본 · 기본 · 데이터셋 medium
  환경 perf · 리셋 restart · 스크레이프 대기 20s
══════════════════════════════════════════════════════════════════════════

──────── [1/10] 리셋 (restart) ────────

▶ k6 run scenarios/normal-day.js
  브랜치 personal/localdocs · 커밋 3e96d9463207 · 실행자 user@DESKTOP-DJJPASG
  환경 perf · "E-46 우선순위 7 — 예열인가 드리프트인가(연속 10회, 부하 중 벤치 포함) — repeatability 1/10"
  데이터셋 medium · 상태 sha256:ca3dccfcdfad (175ms)
  캐시 cold (키 0개)
  guard strict — 상태 불일치 시 스냅샷 복원 후 재확인 [perf.config.json]
    guard=strict — 스냅샷으로 복원합니다.
▶ 복원 — medium-20260816-062210 → perf-mysql-data-medium
  앱·MySQL 정지
  MySQL 기동
  Redis FLUSHALL (복원 후 캐시는 cold 다)
  앱 기동
  복원 후 상태 지문 sha256:ffe696d17416 = 스냅샷 일치

✅ 복원 완료 · 소요 5.3초 (압축 해제 구간)

  부하 발생기: 컨테이너 perf-k6 (grafana/k6:2.1.0, CPU 상한 4)
  k6 지표 전송: http://prometheus:9090/api/v1/write (native histogram, 5s 간격)
  환경 대조 벤치 실행 중(3축 3회, 약 40초)... single 5221ms · parallel 6107ms · ctxswitch 2148ms
  부하 중 벤치 예약: k6 시작 +60초 (warmup 구간, 3회)

         /\      Grafana   /‾‾/  
    /\  /  \     |\  __   /  /   
   /  \/    \    | |/ /  /   ‾‾\ 
  /          \   |   (  |  (‾)  |
 / __________ \  |_|\_\  \_____/ 


     execution: local
        script: scenarios/normal-day.js
        output: Prometheus remote write (http://prometheus:9090/api/v1/write)

     scenarios: (100.00%) 1 scenario, 200 max VUs, 10m30s max duration (incl. graceful stop):
              * normal_day: Up to 200 looping VUs for 10m0s over 3 stages (gracefulRampDown: 30s, gracefulStop: 30s)


running (00m00.8s), 000/200 VUs, 0 complete and 0 interrupted iterations
normal_day   [   0% ] 000/200 VUs  00m00.8s/10m00.0s

running (00m01.8s), 002/200 VUs, 0 complete and 0 interrupted iterations
normal_day   [   0% ] 002/200 VUs  00m01.8s/10m00.0s

running (00m02.8s), 003/200 VUs, 0 complete and 0 interrupted iterations
normal_day   [   0% ] 003/200 VUs  00m02.8s/10m00.0s

running (00m03.8s), 004/200 VUs, 0 complete and 0 interrupted iterations
normal_day   [   1% ] 004/200 VUs  00m03.8s/10m00.0s

running (00m04.8s), 005/200 VUs, 0 complete and 0 interrupted iterations
normal_day   [   1% ] 005/200 VUs  00m04.8s/10m00.0s

running (00m05.8s), 006/200 VUs, 0 complete and 0 interrupted iterations
normal_day   [   1% ] 006/200 VUs  00m05.8s/10m00.0s

running (00m06.8s), 007/200 VUs, 1 complete and 0 interrupted iterations
normal_day   [   1% ] 007/200 VUs  00m06.8s/10m00.0s

running (00m07.8s), 008/200 VUs, 1 complete and 0 interrupted iterations
normal_day   [   1% ] 008/200 VUs  00m07.8s/10m00.0s

running (00m08.8s), 009/200 VUs, 2 complete and 0 interrupted iterations
normal_day   [   1% ] 009/200 VUs  00m08.8s/10m00.0s

running (00m09.8s), 010/200 VUs, 2 complete and 0 interrupted iterations
normal_day   [   2% ] 010/200 VUs  00m09.8s/10m00.0s

running (00m10.8s), 012/200 VUs, 2 complete and 0 interrupted iterations
normal_day   [   2% ] 012/200 VUs  00m10.8s/10m00.0s

running (00m11.8s), 013/200 VUs, 3 complete and 0 interrupted iterations
normal_day   [   2% ] 013/200 VUs  00m11.8s/10m00.0s

running (00m12.8s), 014/200 VUs, 3 complete and 0 interrupted iterations
normal_day   [   2% ] 014/200 VUs  00m12.8s/10m00.0s

running (00m13.8s), 015/200 VUs, 4 complete and 0 interrupted iterations
normal_day   [   2% ] 015/200 VUs  00m13.8s/10m00.0s

running (00m14.8s), 016/200 VUs, 5 complete and 0 interrupted iterations
normal_day   [   2% ] 016/200 VUs  00m14.8s/10m00.0s

running (00m15.8s), 017/200 VUs, 7 complete and 0 interrupted iterations
normal_day   [   3% ] 017/200 VUs  00m15.8s/10m00.0s

running (00m16.8s), 018/200 VUs, 8 complete and 0 interrupted iterations
normal_day   [   3% ] 018/200 VUs  00m16.8s/10m00.0s

running (00m17.8s), 019/200 VUs, 9 complete and 0 interrupted iterations
normal_day   [   3% ] 019/200 VUs  00m17.8s/10m00.0s

running (00m18.8s), 020/200 VUs, 14 complete and 0 interrupted iterations
normal_day   [   3% ] 020/200 VUs  00m18.8s/10m00.0s

running (00m19.8s), 022/200 VUs, 15 complete and 0 interrupted iterations
normal_day   [   3% ] 022/200 VUs  00m19.8s/10m00.0s

running (00m20.8s), 023/200 VUs, 16 complete and 0 interrupted iterations
normal_day   [   3% ] 023/200 VUs  00m20.8s/10m00.0s

running (00m21.8s), 024/200 VUs, 18 complete and 0 interrupted iterations
normal_day   [   4% ] 024/200 VUs  00m21.8s/10m00.0s

running (00m22.8s), 025/200 VUs, 18 complete and 0 interrupted iterations
normal_day   [   4% ] 025/200 VUs  00m22.8s/10m00.0s

running (00m23.8s), 026/200 VUs, 20 complete and 0 interrupted iterations
normal_day   [   4% ] 026/200 VUs  00m23.8s/10m00.0s

running (00m24.8s), 027/200 VUs, 23 complete and 0 interrupted iterations
normal_day   [   4% ] 027/200 VUs  00m24.8s/10m00.0s

running (00m25.8s), 028/200 VUs, 23 complete and 0 interrupted iterations
normal_day   [   4% ] 028/200 VUs  00m25.8s/10m00.0s

running (00m26.8s), 029/200 VUs, 25 complete and 0 interrupted iterations
normal_day   [   4% ] 029/200 VUs  00m26.8s/10m00.0s

running (00m27.8s), 030/200 VUs, 25 complete and 0 interrupted iterations
normal_day   [   5% ] 030/200 VUs  00m27.8s/10m00.0s

running (00m28.8s), 032/200 VUs, 27 complete and 0 interrupted iterations
normal_day   [   5% ] 032/200 VUs  00m28.8s/10m00.0s

running (00m29.8s), 033/200 VUs, 28 complete and 0 interrupted iterations
normal_day   [   5% ] 033/200 VUs  00m29.8s/10m00.0s

running (00m30.8s), 034/200 VUs, 30 complete and 0 interrupted iterations
normal_day   [   5% ] 034/200 VUs  00m30.8s/10m00.0s

running (00m31.8s), 035/200 VUs, 30 complete and 0 interrupted iterations
normal_day   [   5% ] 035/200 VUs  00m31.8s/10m00.0s

running (00m32.8s), 036/200 VUs, 32 complete and 0 interrupted iterations
normal_day   [   5% ] 036/200 VUs  00m32.8s/10m00.0s

running (00m33.8s), 037/200 VUs, 33 complete and 0 interrupted iterations
normal_day   [   6% ] 037/200 VUs  00m33.8s/10m00.0s

running (00m34.8s), 038/200 VUs, 33 complete and 0 interrupted iterations
normal_day   [   6% ] 038/200 VUs  00m34.8s/10m00.0s

running (00m35.8s), 039/200 VUs, 33 complete and 0 interrupted iterations
normal_day   [   6% ] 039/200 VUs  00m35.8s/10m00.0s

running (00m36.8s), 040/200 VUs, 33 complete and 0 interrupted iterations
normal_day   [   6% ] 040/200 VUs  00m36.8s/10m00.0s

running (00m37.8s), 042/200 VUs, 33 complete and 0 interrupted iterations
normal_day   [   6% ] 042/200 VUs  00m37.8s/10m00.0s

running (00m38.8s), 043/200 VUs, 35 complete and 0 interrupted iterations
normal_day   [   6% ] 043/200 VUs  00m38.8s/10m00.0s

running (00m39.8s), 044/200 VUs, 36 complete and 0 interrupted iterations
normal_day   [   7% ] 044/200 VUs  00m39.8s/10m00.0s

running (00m40.8s), 045/200 VUs, 37 complete and 0 interrupted iterations
normal_day   [   7% ] 045/200 VUs  00m40.8s/10m00.0s

running (00m41.8s), 046/200 VUs, 38 complete and 0 interrupted iterations
normal_day   [   7% ] 046/200 VUs  00m41.8s/10m00.0s

running (00m42.8s), 047/200 VUs, 38 complete and 0 interrupted iterations
normal_day   [   7% ] 047/200 VUs  00m42.8s/10m00.0s

running (00m43.8s), 048/200 VUs, 39 complete and 0 interrupted iterations
normal_day   [   7% ] 048/200 VUs  00m43.8s/10m00.0s

running (00m44.8s), 049/200 VUs, 41 complete and 0 interrupted iterations
normal_day   [   7% ] 049/200 VUs  00m44.8s/10m00.0s

running (00m45.8s), 050/200 VUs, 44 complete and 0 interrupted iterations
normal_day   [   8% ] 050/200 VUs  00m45.8s/10m00.0s

running (00m46.8s), 052/200 VUs, 47 complete and 0 interrupted iterations
normal_day   [   8% ] 052/200 VUs  00m46.8s/10m00.0s

running (00m47.8s), 053/200 VUs, 54 complete and 0 interrupted iterations
normal_day   [   8% ] 053/200 VUs  00m47.8s/10m00.0s

running (00m48.8s), 054/200 VUs, 57 complete and 0 interrupted iterations
normal_day   [   8% ] 054/200 VUs  00m48.8s/10m00.0s

running (00m49.8s), 055/200 VUs, 66 complete and 0 interrupted iterations
normal_day   [   8% ] 055/200 VUs  00m49.8s/10m00.0s

running (00m50.8s), 056/200 VUs, 71 complete and 0 interrupted iterations
normal_day   [   8% ] 056/200 VUs  00m50.8s/10m00.0s

running (00m51.8s), 057/200 VUs, 76 complete and 0 interrupted iterations
normal_day   [   9% ] 057/200 VUs  00m51.8s/10m00.0s

running (00m52.8s), 058/200 VUs, 78 complete and 0 interrupted iterations
normal_day   [   9% ] 058/200 VUs  00m52.8s/10m00.0s

running (00m53.8s), 059/200 VUs, 83 complete and 0 interrupted iterations
normal_day   [   9% ] 059/200 VUs  00m53.8s/10m00.0s

running (00m54.8s), 060/200 VUs, 91 complete and 0 interrupted iterations
normal_day   [   9% ] 060/200 VUs  00m54.8s/10m00.0s

running (00m55.8s), 062/200 VUs, 98 complete and 0 interrupted iterations
normal_day   [   9% ] 062/200 VUs  00m55.8s/10m00.0s

running (00m56.8s), 063/200 VUs, 103 complete and 0 interrupted iterations
normal_day   [   9% ] 063/200 VUs  00m56.8s/10m00.0s

running (00m57.8s), 064/200 VUs, 108 complete and 0 interrupted iterations
normal_day   [  10% ] 064/200 VUs  00m57.8s/10m00.0s

running (00m58.8s), 065/200 VUs, 113 complete and 0 interrupted iterations
normal_day   [  10% ] 065/200 VUs  00m58.8s/10m00.0s

running (00m59.8s), 066/200 VUs, 120 complete and 0 interrupted iterations
normal_day   [  10% ] 066/200 VUs  00m59.8s/10m00.0s

running (01m00.8s), 067/200 VUs, 124 complete and 0 interrupted iterations
normal_day   [  10% ] 067/200 VUs  01m00.8s/10m00.0s

running (01m01.8s), 068/200 VUs, 129 complete and 0 interrupted iterations
normal_day   [  10% ] 068/200 VUs  01m01.8s/10m00.0s

running (01m02.8s), 069/200 VUs, 132 complete and 0 interrupted iterations
normal_day   [  10% ] 069/200 VUs  01m02.8s/10m00.0s

running (01m03.8s), 070/200 VUs, 134 complete and 0 interrupted iterations
normal_day   [  11% ] 070/200 VUs  01m03.8s/10m00.0s

running (01m04.8s), 072/200 VUs, 136 complete and 0 interrupted iterations
normal_day   [  11% ] 072/200 VUs  01m04.8s/10m00.0s

running (01m05.8s), 073/200 VUs, 140 complete and 0 interrupted iterations
normal_day   [  11% ] 073/200 VUs  01m05.8s/10m00.0s

running (01m06.8s), 074/200 VUs, 142 complete and 0 interrupted iterations
normal_day   [  11% ] 074/200 VUs  01m06.8s/10m00.0s

running (01m07.8s), 075/200 VUs, 143 complete and 0 interrupted iterations
normal_day   [  11% ] 075/200 VUs  01m07.8s/10m00.0s

running (01m08.8s), 076/200 VUs, 146 complete and 0 interrupted iterations
normal_day   [  11% ] 076/200 VUs  01m08.8s/10m00.0s

running (01m09.8s), 077/200 VUs, 152 complete and 0 interrupted iterations
normal_day   [  12% ] 077/200 VUs  01m09.8s/10m00.0s

running (01m10.8s), 078/200 VUs, 155 complete and 0 interrupted iterations
normal_day   [  12% ] 078/200 VUs  01m10.8s/10m00.0s

running (01m11.8s), 079/200 VUs, 160 complete and 0 interrupted iterations
normal_day   [  12% ] 079/200 VUs  01m11.8s/10m00.0s

running (01m12.8s), 080/200 VUs, 163 complete and 0 interrupted iterations
normal_day   [  12% ] 080/200 VUs  01m12.8s/10m00.0s

running (01m13.8s), 082/200 VUs, 171 complete and 0 interrupted iterations
normal_day   [  12% ] 082/200 VUs  01m13.8s/10m00.0s

running (01m14.8s), 083/200 VUs, 177 complete and 0 interrupted iterations
normal_day   [  12% ] 083/200 VUs  01m14.8s/10m00.0s

running (01m15.8s), 084/200 VUs, 187 complete and 0 interrupted iterations
normal_day   [  13% ] 084/200 VUs  01m15.8s/10m00.0s

running (01m16.8s), 085/200 VUs, 196 complete and 0 interrupted iterations
normal_day   [  13% ] 085/200 VUs  01m16.8s/10m00.0s

running (01m17.8s), 086/200 VUs, 200 complete and 0 interrupted iterations
normal_day   [  13% ] 086/200 VUs  01m17.8s/10m00.0s

running (01m18.8s), 087/200 VUs, 206 complete and 0 interrupted iterations
normal_day   [  13% ] 087/200 VUs  01m18.8s/10m00.0s

running (01m19.8s), 088/200 VUs, 208 complete and 0 interrupted iterations
normal_day   [  13% ] 088/200 VUs  01m19.8s/10m00.0s

running (01m20.8s), 089/200 VUs, 209 complete and 0 interrupted iterations
normal_day   [  13% ] 089/200 VUs  01m20.8s/10m00.0s

running (01m21.8s), 090/200 VUs, 211 complete and 0 interrupted iterations
normal_day   [  14% ] 090/200 VUs  01m21.8s/10m00.0s

running (01m22.8s), 092/200 VUs, 212 complete and 0 interrupted iterations
normal_day   [  14% ] 092/200 VUs  01m22.8s/10m00.0s

running (01m23.8s), 093/200 VUs, 214 complete and 0 interrupted iterations
normal_day   [  14% ] 093/200 VUs  01m23.8s/10m00.0s

running (01m24.8s), 094/200 VUs, 217 complete and 0 interrupted iterations
normal_day   [  14% ] 094/200 VUs  01m24.8s/10m00.0s

running (01m25.8s), 095/200 VUs, 220 complete and 0 interrupted iterations
normal_day   [  14% ] 095/200 VUs  01m25.8s/10m00.0s

running (01m26.8s), 096/200 VUs, 223 complete and 0 interrupted iterations
normal_day   [  14% ] 096/200 VUs  01m26.8s/10m00.0s

running (01m27.8s), 097/200 VUs, 224 complete and 0 interrupted iterations
normal_day   [  15% ] 097/200 VUs  01m27.8s/10m00.0s

running (01m28.8s), 098/200 VUs, 228 complete and 0 interrupted iterations
normal_day   [  15% ] 098/200 VUs  01m28.8s/10m00.0s

running (01m29.8s), 099/200 VUs, 233 complete and 0 interrupted iterations
normal_day   [  15% ] 099/200 VUs  01m29.8s/10m00.0s

running (01m30.8s), 100/200 VUs, 238 complete and 0 interrupted iterations
normal_day   [  15% ] 100/200 VUs  01m30.8s/10m00.0s

running (01m31.8s), 102/200 VUs, 242 complete and 0 interrupted iterations
normal_day   [  15% ] 102/200 VUs  01m31.8s/10m00.0s

running (01m32.8s), 103/200 VUs, 250 complete and 0 interrupted iterations
normal_day   [  15% ] 103/200 VUs  01m32.8s/10m00.0s

running (01m33.8s), 104/200 VUs, 254 complete and 0 interrupted iterations
normal_day   [  16% ] 104/200 VUs  01m33.8s/10m00.0s

running (01m34.8s), 105/200 VUs, 260 complete and 0 interrupted iterations
normal_day   [  16% ] 105/200 VUs  01m34.8s/10m00.0s

running (01m35.8s), 106/200 VUs, 265 complete and 0 interrupted iterations
normal_day   [  16% ] 106/200 VUs  01m35.8s/10m00.0s

running (01m36.8s), 107/200 VUs, 270 complete and 0 interrupted iterations
normal_day   [  16% ] 107/200 VUs  01m36.8s/10m00.0s

running (01m37.8s), 108/200 VUs, 276 complete and 0 interrupted iterations
normal_day   [  16% ] 108/200 VUs  01m37.8s/10m00.0s

running (01m38.8s), 109/200 VUs, 282 complete and 0 interrupted iterations
normal_day   [  16% ] 109/200 VUs  01m38.8s/10m00.0s

running (01m39.8s), 110/200 VUs, 283 complete and 0 interrupted iterations
normal_day   [  17% ] 110/200 VUs  01m39.8s/10m00.0s

running (01m40.8s), 112/200 VUs, 286 complete and 0 interrupted iterations
normal_day   [  17% ] 112/200 VUs  01m40.8s/10m00.0s

running (01m41.8s), 113/200 VUs, 295 complete and 0 interrupted iterations
normal_day   [  17% ] 113/200 VUs  01m41.8s/10m00.0s

running (01m42.8s), 114/200 VUs, 301 complete and 0 interrupted iterations
normal_day   [  17% ] 114/200 VUs  01m42.8s/10m00.0s

running (01m43.8s), 115/200 VUs, 307 complete and 0 interrupted iterations
normal_day   [  17% ] 115/200 VUs  01m43.8s/10m00.0s

running (01m44.8s), 116/200 VUs, 308 complete and 0 interrupted iterations
normal_day   [  17% ] 116/200 VUs  01m44.8s/10m00.0s

running (01m45.8s), 117/200 VUs, 310 complete and 0 interrupted iterations
normal_day   [  18% ] 117/200 VUs  01m45.8s/10m00.0s

running (01m46.8s), 118/200 VUs, 320 complete and 0 interrupted iterations
normal_day   [  18% ] 118/200 VUs  01m46.8s/10m00.0s

running (01m47.8s), 119/200 VUs, 329 complete and 0 interrupted iterations
normal_day   [  18% ] 119/200 VUs  01m47.8s/10m00.0s

running (01m48.8s), 120/200 VUs, 337 complete and 0 interrupted iterations
normal_day   [  18% ] 120/200 VUs  01m48.8s/10m00.0s

running (01m49.8s), 122/200 VUs, 343 complete and 0 interrupted iterations
normal_day   [  18% ] 122/200 VUs  01m49.8s/10m00.0s

running (01m50.8s), 123/200 VUs, 347 complete and 0 interrupted iterations
normal_day   [  18% ] 123/200 VUs  01m50.8s/10m00.0s

running (01m51.8s), 124/200 VUs, 350 complete and 0 interrupted iterations
normal_day   [  19% ] 124/200 VUs  01m51.8s/10m00.0s

running (01m52.8s), 125/200 VUs, 353 complete and 0 interrupted iterations
normal_day   [  19% ] 125/200 VUs  01m52.8s/10m00.0s

running (01m53.8s), 126/200 VUs, 358 complete and 0 interrupted iterations
normal_day   [  19% ] 126/200 VUs  01m53.8s/10m00.0s

running (01m54.8s), 127/200 VUs, 364 complete and 0 interrupted iterations
normal_day   [  19% ] 127/200 VUs  01m54.8s/10m00.0s

running (01m55.8s), 128/200 VUs, 367 complete and 0 interrupted iterations
normal_day   [  19% ] 128/200 VUs  01m55.8s/10m00.0s

running (01m56.8s), 129/200 VUs, 372 complete and 0 interrupted iterations
normal_day   [  19% ] 129/200 VUs  01m56.8s/10m00.0s

running (01m57.8s), 130/200 VUs, 374 complete and 0 interrupted iterations
normal_day   [  20% ] 130/200 VUs  01m57.8s/10m00.0s

running (01m58.8s), 132/200 VUs, 378 complete and 0 interrupted iterations
normal_day   [  20% ] 132/200 VUs  01m58.8s/10m00.0s

running (01m59.8s), 133/200 VUs, 386 complete and 0 interrupted iterations
normal_day   [  20% ] 133/200 VUs  01m59.8s/10m00.0s

running (02m00.8s), 134/200 VUs, 394 complete and 0 interrupted iterations
normal_day   [  20% ] 134/200 VUs  02m00.8s/10m00.0s

running (02m01.8s), 135/200 VUs, 402 complete and 0 interrupted iterations
normal_day   [  20% ] 135/200 VUs  02m01.8s/10m00.0s

running (02m02.8s), 136/200 VUs, 417 complete and 0 interrupted iterations
normal_day   [  20% ] 136/200 VUs  02m02.8s/10m00.0s

running (02m03.8s), 137/200 VUs, 431 complete and 0 interrupted iterations
normal_day   [  21% ] 137/200 VUs  02m03.8s/10m00.0s

running (02m04.8s), 138/200 VUs, 439 complete and 0 interrupted iterations
normal_day   [  21% ] 138/200 VUs  02m04.8s/10m00.0s

running (02m05.8s), 139/200 VUs, 444 complete and 0 interrupted iterations
normal_day   [  21% ] 139/200 VUs  02m05.8s/10m00.0s

running (02m06.8s), 140/200 VUs, 449 complete and 0 interrupted iterations
normal_day   [  21% ] 140/200 VUs  02m06.8s/10m00.0s

running (02m07.8s), 142/200 VUs, 452 complete and 0 interrupted iterations
normal_day   [  21% ] 142/200 VUs  02m07.8s/10m00.0s

running (02m08.8s), 143/200 VUs, 457 complete and 0 interrupted iterations
normal_day   [  21% ] 143/200 VUs  02m08.8s/10m00.0s

running (02m09.8s), 144/200 VUs, 464 complete and 0 interrupted iterations
normal_day   [  22% ] 144/200 VUs  02m09.8s/10m00.0s

running (02m10.8s), 145/200 VUs, 468 complete and 0 interrupted iterations
normal_day   [  22% ] 145/200 VUs  02m10.8s/10m00.0s

running (02m11.8s), 146/200 VUs, 474 complete and 0 interrupted iterations
normal_day   [  22% ] 146/200 VUs  02m11.8s/10m00.0s

running (02m12.8s), 147/200 VUs, 479 complete and 0 interrupted iterations
normal_day   [  22% ] 147/200 VUs  02m12.8s/10m00.0s

running (02m13.8s), 148/200 VUs, 480 complete and 0 interrupted iterations
normal_day   [  22% ] 148/200 VUs  02m13.8s/10m00.0s

running (02m14.8s), 149/200 VUs, 487 complete and 0 interrupted iterations
normal_day   [  22% ] 149/200 VUs  02m14.8s/10m00.0s

running (02m15.8s), 150/200 VUs, 495 complete and 0 interrupted iterations
normal_day   [  23% ] 150/200 VUs  02m15.8s/10m00.0s

running (02m16.8s), 152/200 VUs, 500 complete and 0 interrupted iterations
normal_day   [  23% ] 152/200 VUs  02m16.8s/10m00.0s

running (02m17.8s), 153/200 VUs, 502 complete and 0 interrupted iterations
normal_day   [  23% ] 153/200 VUs  02m17.8s/10m00.0s

running (02m18.8s), 154/200 VUs, 508 complete and 0 interrupted iterations
normal_day   [  23% ] 154/200 VUs  02m18.8s/10m00.0s

running (02m19.8s), 155/200 VUs, 514 complete and 0 interrupted iterations
normal_day   [  23% ] 155/200 VUs  02m19.8s/10m00.0s

running (02m20.8s), 156/200 VUs, 526 complete and 0 interrupted iterations
normal_day   [  23% ] 156/200 VUs  02m20.8s/10m00.0s

running (02m21.8s), 157/200 VUs, 532 complete and 0 interrupted iterations
normal_day   [  24% ] 157/200 VUs  02m21.8s/10m00.0s

running (02m22.8s), 158/200 VUs, 540 complete and 0 interrupted iterations
normal_day   [  24% ] 158/200 VUs  02m22.8s/10m00.0s

running (02m23.8s), 159/200 VUs, 544 complete and 0 interrupted iterations
normal_day   [  24% ] 159/200 VUs  02m23.8s/10m00.0s

running (02m24.8s), 160/200 VUs, 545 complete and 0 interrupted iterations
normal_day   [  24% ] 160/200 VUs  02m24.8s/10m00.0s

running (02m25.8s), 162/200 VUs, 549 complete and 0 interrupted iterations
normal_day   [  24% ] 162/200 VUs  02m25.8s/10m00.0s

running (02m26.8s), 163/200 VUs, 554 complete and 0 interrupted iterations
normal_day   [  24% ] 163/200 VUs  02m26.8s/10m00.0s

running (02m27.8s), 164/200 VUs, 558 complete and 0 interrupted iterations
normal_day   [  25% ] 164/200 VUs  02m27.8s/10m00.0s

running (02m28.8s), 165/200 VUs, 568 complete and 0 interrupted iterations
normal_day   [  25% ] 165/200 VUs  02m28.8s/10m00.0s

running (02m29.8s), 166/200 VUs, 576 complete and 0 interrupted iterations
normal_day   [  25% ] 166/200 VUs  02m29.8s/10m00.0s

running (02m30.8s), 167/200 VUs, 584 complete and 0 interrupted iterations
normal_day   [  25% ] 167/200 VUs  02m30.8s/10m00.0s

running (02m31.8s), 168/200 VUs, 587 complete and 0 interrupted iterations
normal_day   [  25% ] 168/200 VUs  02m31.8s/10m00.0s

running (02m32.8s), 169/200 VUs, 591 complete and 0 interrupted iterations
normal_day   [  25% ] 169/200 VUs  02m32.8s/10m00.0s

running (02m33.8s), 170/200 VUs, 592 complete and 0 interrupted iterations
normal_day   [  26% ] 170/200 VUs  02m33.8s/10m00.0s

running (02m34.8s), 172/200 VUs, 596 complete and 0 interrupted iterations
normal_day   [  26% ] 172/200 VUs  02m34.8s/10m00.0s

running (02m35.8s), 173/200 VUs, 610 complete and 0 interrupted iterations
normal_day   [  26% ] 173/200 VUs  02m35.8s/10m00.0s

running (02m36.8s), 174/200 VUs, 618 complete and 0 interrupted iterations
normal_day   [  26% ] 174/200 VUs  02m36.8s/10m00.0s

running (02m37.8s), 175/200 VUs, 625 complete and 0 interrupted iterations
normal_day   [  26% ] 175/200 VUs  02m37.8s/10m00.0s

running (02m38.8s), 176/200 VUs, 634 complete and 0 interrupted iterations
normal_day   [  26% ] 176/200 VUs  02m38.8s/10m00.0s

running (02m39.8s), 177/200 VUs, 638 complete and 0 interrupted iterations
normal_day   [  27% ] 177/200 VUs  02m39.8s/10m00.0s

running (02m40.8s), 178/200 VUs, 647 complete and 0 interrupted iterations
normal_day   [  27% ] 178/200 VUs  02m40.8s/10m00.0s

running (02m41.8s), 179/200 VUs, 655 complete and 0 interrupted iterations
normal_day   [  27% ] 179/200 VUs  02m41.8s/10m00.0s

running (02m42.8s), 180/200 VUs, 676 complete and 0 interrupted iterations
normal_day   [  27% ] 180/200 VUs  02m42.8s/10m00.0s

running (02m43.8s), 182/200 VUs, 684 complete and 0 interrupted iterations
normal_day   [  27% ] 182/200 VUs  02m43.8s/10m00.0s

running (02m44.8s), 183/200 VUs, 695 complete and 0 interrupted iterations
normal_day   [  27% ] 183/200 VUs  02m44.8s/10m00.0s

running (02m45.8s), 184/200 VUs, 700 complete and 0 interrupted iterations
normal_day   [  28% ] 184/200 VUs  02m45.8s/10m00.0s

running (02m46.8s), 185/200 VUs, 707 complete and 0 interrupted iterations
normal_day   [  28% ] 185/200 VUs  02m46.8s/10m00.0s

running (02m47.8s), 186/200 VUs, 714 complete and 0 interrupted iterations
normal_day   [  28% ] 186/200 VUs  02m47.8s/10m00.0s

running (02m48.8s), 187/200 VUs, 719 complete and 0 interrupted iterations
normal_day   [  28% ] 187/200 VUs  02m48.8s/10m00.0s

running (02m49.8s), 188/200 VUs, 730 complete and 0 interrupted iterations
normal_day   [  28% ] 188/200 VUs  02m49.8s/10m00.0s

running (02m50.8s), 189/200 VUs, 735 complete and 0 interrupted iterations
normal_day   [  28% ] 189/200 VUs  02m50.8s/10m00.0s

running (02m51.8s), 190/200 VUs, 735 complete and 0 interrupted iterations
normal_day   [  29% ] 190/200 VUs  02m51.8s/10m00.0s

running (02m52.8s), 192/200 VUs, 737 complete and 0 interrupted iterations
normal_day   [  29% ] 192/200 VUs  02m52.8s/10m00.0s

running (02m53.8s), 193/200 VUs, 738 complete and 0 interrupted iterations
normal_day   [  29% ] 193/200 VUs  02m53.8s/10m00.0s

running (02m54.8s), 194/200 VUs, 741 complete and 0 interrupted iterations
normal_day   [  29% ] 194/200 VUs  02m54.8s/10m00.0s

running (02m55.8s), 195/200 VUs, 748 complete and 0 interrupted iterations
normal_day   [  29% ] 195/200 VUs  02m55.8s/10m00.0s

running (02m56.8s), 196/200 VUs, 763 complete and 0 interrupted iterations
normal_day   [  29% ] 196/200 VUs  02m56.8s/10m00.0s

running (02m57.8s), 197/200 VUs, 776 complete and 0 interrupted iterations
normal_day   [  30% ] 197/200 VUs  02m57.8s/10m00.0s

running (02m58.8s), 198/200 VUs, 788 complete and 0 interrupted iterations
normal_day   [  30% ] 198/200 VUs  02m58.8s/10m00.0s

running (02m59.8s), 199/200 VUs, 799 complete and 0 interrupted iterations
normal_day   [  30% ] 199/200 VUs  02m59.8s/10m00.0s

running (03m00.8s), 200/200 VUs, 812 complete and 0 interrupted iterations
normal_day   [  30% ] 200/200 VUs  03m00.8s/10m00.0s

running (03m01.8s), 200/200 VUs, 823 complete and 0 interrupted iterations
normal_day   [  30% ] 200/200 VUs  03m01.8s/10m00.0s

running (03m02.8s), 200/200 VUs, 833 complete and 0 interrupted iterations
normal_day   [  30% ] 200/200 VUs  03m02.8s/10m00.0s

running (03m03.8s), 200/200 VUs, 841 complete and 0 interrupted iterations
normal_day   [  31% ] 200/200 VUs  03m03.8s/10m00.0s

running (03m04.8s), 200/200 VUs, 845 complete and 0 interrupted iterations
normal_day   [  31% ] 200/200 VUs  03m04.8s/10m00.0s

running (03m05.8s), 200/200 VUs, 847 complete and 0 interrupted iterations
normal_day   [  31% ] 200/200 VUs  03m05.8s/10m00.0s

running (03m06.8s), 200/200 VUs, 848 complete and 0 interrupted iterations
normal_day   [  31% ] 200/200 VUs  03m06.8s/10m00.0s

running (03m07.8s), 200/200 VUs, 849 complete and 0 interrupted iterations
normal_day   [  31% ] 200/200 VUs  03m07.8s/10m00.0s

running (03m08.8s), 200/200 VUs, 855 complete and 0 interrupted iterations
normal_day   [  31% ] 200/200 VUs  03m08.8s/10m00.0s

running (03m09.8s), 200/200 VUs, 865 complete and 0 interrupted iterations
normal_day   [  32% ] 200/200 VUs  03m09.8s/10m00.0s

running (03m10.8s), 200/200 VUs, 872 complete and 0 interrupted iterations
normal_day   [  32% ] 200/200 VUs  03m10.8s/10m00.0s

running (03m11.8s), 200/200 VUs, 874 complete and 0 interrupted iterations
normal_day   [  32% ] 200/200 VUs  03m11.8s/10m00.0s

running (03m12.8s), 200/200 VUs, 881 complete and 0 interrupted iterations
normal_day   [  32% ] 200/200 VUs  03m12.8s/10m00.0s

running (03m13.8s), 200/200 VUs, 888 complete and 0 interrupted iterations
normal_day   [  32% ] 200/200 VUs  03m13.8s/10m00.0s

running (03m14.8s), 200/200 VUs, 894 complete and 0 interrupted iterations
normal_day   [  32% ] 200/200 VUs  03m14.8s/10m00.0s

running (03m15.8s), 200/200 VUs, 905 complete and 0 interrupted iterations
normal_day   [  33% ] 200/200 VUs  03m15.8s/10m00.0s

running (03m16.8s), 200/200 VUs, 911 complete and 0 interrupted iterations
normal_day   [  33% ] 200/200 VUs  03m16.8s/10m00.0s

running (03m17.8s), 200/200 VUs, 914 complete and 0 interrupted iterations
normal_day   [  33% ] 200/200 VUs  03m17.8s/10m00.0s

running (03m18.8s), 200/200 VUs, 919 complete and 0 interrupted iterations
normal_day   [  33% ] 200/200 VUs  03m18.8s/10m00.0s

running (03m19.8s), 200/200 VUs, 926 complete and 0 interrupted iterations
normal_day   [  33% ] 200/200 VUs  03m19.8s/10m00.0s

running (03m20.8s), 200/200 VUs, 939 complete and 0 interrupted iterations
normal_day   [  33% ] 200/200 VUs  03m20.8s/10m00.0s

running (03m21.8s), 200/200 VUs, 945 complete and 0 interrupted iterations
normal_day   [  34% ] 200/200 VUs  03m21.8s/10m00.0s

running (03m22.8s), 200/200 VUs, 952 complete and 0 interrupted iterations
normal_day   [  34% ] 200/200 VUs  03m22.8s/10m00.0s

running (03m23.8s), 200/200 VUs, 959 complete and 0 interrupted iterations
normal_day   [  34% ] 200/200 VUs  03m23.8s/10m00.0s

running (03m24.8s), 200/200 VUs, 962 complete and 0 interrupted iterations
normal_day   [  34% ] 200/200 VUs  03m24.8s/10m00.0s

running (03m25.8s), 200/200 VUs, 969 complete and 0 interrupted iterations
normal_day   [  34% ] 200/200 VUs  03m25.8s/10m00.0s

running (03m26.8s), 200/200 VUs, 969 complete and 0 interrupted iterations
normal_day   [  34% ] 200/200 VUs  03m26.8s/10m00.0s

running (03m27.8s), 200/200 VUs, 977 complete and 0 interrupted iterations
normal_day   [  35% ] 200/200 VUs  03m27.8s/10m00.0s

running (03m28.8s), 200/200 VUs, 981 complete and 0 interrupted iterations
normal_day   [  35% ] 200/200 VUs  03m28.8s/10m00.0s

running (03m29.8s), 200/200 VUs, 988 complete and 0 interrupted iterations
normal_day   [  35% ] 200/200 VUs  03m29.8s/10m00.0s

running (03m30.8s), 200/200 VUs, 1001 complete and 0 interrupted iterations
normal_day   [  35% ] 200/200 VUs  03m30.8s/10m00.0s

running (03m31.8s), 200/200 VUs, 1008 complete and 0 interrupted iterations
normal_day   [  35% ] 200/200 VUs  03m31.8s/10m00.0s

running (03m32.8s), 200/200 VUs, 1013 complete and 0 interrupted iterations
normal_day   [  35% ] 200/200 VUs  03m32.8s/10m00.0s

running (03m33.8s), 200/200 VUs, 1019 complete and 0 interrupted iterations
normal_day   [  36% ] 200/200 VUs  03m33.8s/10m00.0s

running (03m34.8s), 200/200 VUs, 1021 complete and 0 interrupted iterations
normal_day   [  36% ] 200/200 VUs  03m34.8s/10m00.0s

running (03m35.8s), 200/200 VUs, 1025 complete and 0 interrupted iterations
normal_day   [  36% ] 200/200 VUs  03m35.8s/10m00.0s

running (03m36.8s), 200/200 VUs, 1029 complete and 0 interrupted iterations
normal_day   [  36% ] 200/200 VUs  03m36.8s/10m00.0s

running (03m37.8s), 200/200 VUs, 1037 complete and 0 interrupted iterations
normal_day   [  36% ] 200/200 VUs  03m37.8s/10m00.0s

running (03m38.8s), 200/200 VUs, 1046 complete and 0 interrupted iterations
normal_day   [  36% ] 200/200 VUs  03m38.8s/10m00.0s

running (03m39.8s), 200/200 VUs, 1056 complete and 0 interrupted iterations
normal_day   [  37% ] 200/200 VUs  03m39.8s/10m00.0s

running (03m40.8s), 200/200 VUs, 1065 complete and 0 interrupted iterations
normal_day   [  37% ] 200/200 VUs  03m40.8s/10m00.0s

running (03m41.8s), 200/200 VUs, 1067 complete and 0 interrupted iterations
normal_day   [  37% ] 200/200 VUs  03m41.8s/10m00.0s

running (03m42.8s), 200/200 VUs, 1074 complete and 0 interrupted iterations
normal_day   [  37% ] 200/200 VUs  03m42.8s/10m00.0s

running (03m43.8s), 200/200 VUs, 1076 complete and 0 interrupted iterations
normal_day   [  37% ] 200/200 VUs  03m43.8s/10m00.0s

running (03m44.8s), 200/200 VUs, 1081 complete and 0 interrupted iterations
normal_day   [  37% ] 200/200 VUs  03m44.8s/10m00.0s

running (03m45.8s), 200/200 VUs, 1083 complete and 0 interrupted iterations
normal_day   [  38% ] 200/200 VUs  03m45.8s/10m00.0s

running (03m46.8s), 200/200 VUs, 1084 complete and 0 interrupted iterations
normal_day   [  38% ] 200/200 VUs  03m46.8s/10m00.0s

running (03m47.8s), 200/200 VUs, 1088 complete and 0 interrupted iterations
normal_day   [  38% ] 200/200 VUs  03m47.8s/10m00.0s

running (03m48.8s), 200/200 VUs, 1093 complete and 0 interrupted iterations
normal_day   [  38% ] 200/200 VUs  03m48.8s/10m00.0s

running (03m49.8s), 200/200 VUs, 1099 complete and 0 interrupted iterations
normal_day   [  38% ] 200/200 VUs  03m49.8s/10m00.0s

running (03m50.8s), 200/200 VUs, 1103 complete and 0 interrupted iterations
normal_day   [  38% ] 200/200 VUs  03m50.8s/10m00.0s

running (03m51.8s), 200/200 VUs, 1104 complete and 0 interrupted iterations
normal_day   [  39% ] 200/200 VUs  03m51.8s/10m00.0s

running (03m52.8s), 200/200 VUs, 1107 complete and 0 interrupted iterations
normal_day   [  39% ] 200/200 VUs  03m52.8s/10m00.0s

running (03m53.8s), 200/200 VUs, 1113 complete and 0 interrupted iterations
normal_day   [  39% ] 200/200 VUs  03m53.8s/10m00.0s

running (03m54.8s), 200/200 VUs, 1116 complete and 0 interrupted iterations
normal_day   [  39% ] 200/200 VUs  03m54.8s/10m00.0s

running (03m55.8s), 200/200 VUs, 1118 complete and 0 interrupted iterations
normal_day   [  39% ] 200/200 VUs  03m55.8s/10m00.0s

running (03m56.8s), 200/200 VUs, 1120 complete and 0 interrupted iterations
normal_day   [  39% ] 200/200 VUs  03m56.8s/10m00.0s

running (03m57.8s), 200/200 VUs, 1124 complete and 0 interrupted iterations
normal_day   [  40% ] 200/200 VUs  03m57.8s/10m00.0s

running (03m58.8s), 200/200 VUs, 1125 complete and 0 interrupted iterations
normal_day   [  40% ] 200/200 VUs  03m58.8s/10m00.0s

running (03m59.8s), 200/200 VUs, 1127 complete and 0 interrupted iterations
normal_day   [  40% ] 200/200 VUs  03m59.8s/10m00.0s

running (04m00.8s), 200/200 VUs, 1127 complete and 0 interrupted iterations
normal_day   [  40% ] 200/200 VUs  04m00.8s/10m00.0s

running (04m01.8s), 200/200 VUs, 1131 complete and 0 interrupted iterations
normal_day   [  40% ] 200/200 VUs  04m01.8s/10m00.0s

running (04m02.8s), 200/200 VUs, 1133 complete and 0 interrupted iterations
normal_day   [  40% ] 200/200 VUs  04m02.8s/10m00.0s

running (04m03.8s), 200/200 VUs, 1139 complete and 0 interrupted iterations
normal_day   [  41% ] 200/200 VUs  04m03.8s/10m00.0s

running (04m04.8s), 200/200 VUs, 1142 complete and 0 interrupted iterations
normal_day   [  41% ] 200/200 VUs  04m04.8s/10m00.0s

running (04m05.8s), 200/200 VUs, 1142 complete and 0 interrupted iterations
normal_day   [  41% ] 200/200 VUs  04m05.8s/10m00.0s

running (04m06.8s), 200/200 VUs, 1145 complete and 0 interrupted iterations
normal_day   [  41% ] 200/200 VUs  04m06.8s/10m00.0s

running (04m07.8s), 200/200 VUs, 1151 complete and 0 interrupted iterations
normal_day   [  41% ] 200/200 VUs  04m07.8s/10m00.0s

running (04m08.8s), 200/200 VUs, 1155 complete and 0 interrupted iterations
normal_day   [  41% ] 200/200 VUs  04m08.8s/10m00.0s

running (04m09.8s), 200/200 VUs, 1162 complete and 0 interrupted iterations
normal_day   [  42% ] 200/200 VUs  04m09.8s/10m00.0s

running (04m10.8s), 200/200 VUs, 1167 complete and 0 interrupted iterations
normal_day   [  42% ] 200/200 VUs  04m10.8s/10m00.0s

running (04m11.8s), 200/200 VUs, 1173 complete and 0 interrupted iterations
normal_day   [  42% ] 200/200 VUs  04m11.8s/10m00.0s

running (04m12.8s), 200/200 VUs, 1174 complete and 0 interrupted iterations
normal_day   [  42% ] 200/200 VUs  04m12.8s/10m00.0s

running (04m13.8s), 200/200 VUs, 1183 complete and 0 interrupted iterations
normal_day   [  42% ] 200/200 VUs  04m13.8s/10m00.0s

running (04m14.8s), 200/200 VUs, 1186 complete and 0 interrupted iterations
normal_day   [  42% ] 200/200 VUs  04m14.8s/10m00.0s

running (04m15.8s), 200/200 VUs, 1189 complete and 0 interrupted iterations
normal_day   [  43% ] 200/200 VUs  04m15.8s/10m00.0s

running (04m16.8s), 200/200 VUs, 1190 complete and 0 interrupted iterations
normal_day   [  43% ] 200/200 VUs  04m16.8s/10m00.0s

running (04m17.8s), 200/200 VUs, 1190 complete and 0 interrupted iterations
normal_day   [  43% ] 200/200 VUs  04m17.8s/10m00.0s

running (04m18.8s), 200/200 VUs, 1196 complete and 0 interrupted iterations
normal_day   [  43% ] 200/200 VUs  04m18.8s/10m00.0s

running (04m19.8s), 200/200 VUs, 1198 complete and 0 interrupted iterations
normal_day   [  43% ] 200/200 VUs  04m19.8s/10m00.0s

running (04m20.8s), 200/200 VUs, 1205 complete and 0 interrupted iterations
normal_day   [  43% ] 200/200 VUs  04m20.8s/10m00.0s

running (04m21.8s), 200/200 VUs, 1206 complete and 0 interrupted iterations
normal_day   [  44% ] 200/200 VUs  04m21.8s/10m00.0s

running (04m22.8s), 200/200 VUs, 1210 complete and 0 interrupted iterations
normal_day   [  44% ] 200/200 VUs  04m22.8s/10m00.0s

running (04m23.8s), 200/200 VUs, 1213 complete and 0 interrupted iterations
normal_day   [  44% ] 200/200 VUs  04m23.8s/10m00.0s

running (04m24.8s), 200/200 VUs, 1218 complete and 0 interrupted iterations
normal_day   [  44% ] 200/200 VUs  04m24.8s/10m00.0s

running (04m25.8s), 200/200 VUs, 1224 complete and 0 interrupted iterations
normal_day   [  44% ] 200/200 VUs  04m25.8s/10m00.0s

running (04m26.8s), 200/200 VUs, 1229 complete and 0 interrupted iterations
normal_day   [  44% ] 200/200 VUs  04m26.8s/10m00.0s

running (04m27.8s), 200/200 VUs, 1234 complete and 0 interrupted iterations
normal_day   [  45% ] 200/200 VUs  04m27.8s/10m00.0s

running (04m28.8s), 200/200 VUs, 1239 complete and 0 interrupted iterations
normal_day   [  45% ] 200/200 VUs  04m28.8s/10m00.0s

running (04m29.8s), 200/200 VUs, 1240 complete and 0 interrupted iterations
normal_day   [  45% ] 200/200 VUs  04m29.8s/10m00.0s

running (04m30.8s), 200/200 VUs, 1249 complete and 0 interrupted iterations
normal_day   [  45% ] 200/200 VUs  04m30.8s/10m00.0s

running (04m31.8s), 200/200 VUs, 1252 complete and 0 interrupted iterations
normal_day   [  45% ] 200/200 VUs  04m31.8s/10m00.0s

running (04m32.8s), 200/200 VUs, 1255 complete and 0 interrupted iterations
normal_day   [  45% ] 200/200 VUs  04m32.8s/10m00.0s

running (04m33.8s), 200/200 VUs, 1255 complete and 0 interrupted iterations
normal_day   [  46% ] 200/200 VUs  04m33.8s/10m00.0s

running (04m34.8s), 200/200 VUs, 1255 complete and 0 interrupted iterations
normal_day   [  46% ] 200/200 VUs  04m34.8s/10m00.0s

running (04m35.8s), 200/200 VUs, 1255 complete and 0 interrupted iterations
normal_day   [  46% ] 200/200 VUs  04m35.8s/10m00.0s

running (04m36.8s), 200/200 VUs, 1257 complete and 0 interrupted iterations
normal_day   [  46% ] 200/200 VUs  04m36.8s/10m00.0s

running (04m37.8s), 200/200 VUs, 1261 complete and 0 interrupted iterations
normal_day   [  46% ] 200/200 VUs  04m37.8s/10m00.0s

running (04m38.8s), 200/200 VUs, 1265 complete and 0 interrupted iterations
normal_day   [  46% ] 200/200 VUs  04m38.8s/10m00.0s

running (04m39.8s), 200/200 VUs, 1270 complete and 0 interrupted iterations
normal_day   [  47% ] 200/200 VUs  04m39.8s/10m00.0s

running (04m40.8s), 200/200 VUs, 1279 complete and 0 interrupted iterations
normal_day   [  47% ] 200/200 VUs  04m40.8s/10m00.0s

running (04m41.8s), 200/200 VUs, 1289 complete and 0 interrupted iterations
normal_day   [  47% ] 200/200 VUs  04m41.8s/10m00.0s

running (04m42.8s), 200/200 VUs, 1295 complete and 0 interrupted iterations
normal_day   [  47% ] 200/200 VUs  04m42.8s/10m00.0s

running (04m43.8s), 200/200 VUs, 1299 complete and 0 interrupted iterations
normal_day   [  47% ] 200/200 VUs  04m43.8s/10m00.0s

running (04m44.8s), 200/200 VUs, 1312 complete and 0 interrupted iterations
normal_day   [  47% ] 200/200 VUs  04m44.8s/10m00.0s

running (04m45.8s), 200/200 VUs, 1318 complete and 0 interrupted iterations
normal_day   [  48% ] 200/200 VUs  04m45.8s/10m00.0s

running (04m46.8s), 200/200 VUs, 1326 complete and 0 interrupted iterations
normal_day   [  48% ] 200/200 VUs  04m46.8s/10m00.0s

running (04m47.8s), 200/200 VUs, 1329 complete and 0 interrupted iterations
normal_day   [  48% ] 200/200 VUs  04m47.8s/10m00.0s

running (04m48.8s), 200/200 VUs, 1339 complete and 0 interrupted iterations
normal_day   [  48% ] 200/200 VUs  04m48.8s/10m00.0s

running (04m49.8s), 200/200 VUs, 1345 complete and 0 interrupted iterations
normal_day   [  48% ] 200/200 VUs  04m49.8s/10m00.0s

running (04m50.8s), 200/200 VUs, 1349 complete and 0 interrupted iterations
normal_day   [  48% ] 200/200 VUs  04m50.8s/10m00.0s

running (04m51.8s), 200/200 VUs, 1356 complete and 0 interrupted iterations
normal_day   [  49% ] 200/200 VUs  04m51.8s/10m00.0s

running (04m52.8s), 200/200 VUs, 1366 complete and 0 interrupted iterations
normal_day   [  49% ] 200/200 VUs  04m52.8s/10m00.0s

running (04m53.8s), 200/200 VUs, 1380 complete and 0 interrupted iterations
normal_day   [  49% ] 200/200 VUs  04m53.8s/10m00.0s

running (04m54.8s), 200/200 VUs, 1384 complete and 0 interrupted iterations
normal_day   [  49% ] 200/200 VUs  04m54.8s/10m00.0s

running (04m55.8s), 200/200 VUs, 1389 complete and 0 interrupted iterations
normal_day   [  49% ] 200/200 VUs  04m55.8s/10m00.0s

running (04m56.8s), 200/200 VUs, 1394 complete and 0 interrupted iterations
normal_day   [  49% ] 200/200 VUs  04m56.8s/10m00.0s

running (04m57.8s), 200/200 VUs, 1395 complete and 0 interrupted iterations
normal_day   [  50% ] 200/200 VUs  04m57.8s/10m00.0s

running (04m58.8s), 200/200 VUs, 1396 complete and 0 interrupted iterations
normal_day   [  50% ] 200/200 VUs  04m58.8s/10m00.0s

running (04m59.8s), 200/200 VUs, 1398 complete and 0 interrupted iterations
normal_day   [  50% ] 200/200 VUs  04m59.8s/10m00.0s

running (05m00.8s), 200/200 VUs, 1400 complete and 0 interrupted iterations
normal_day   [  50% ] 200/200 VUs  05m00.8s/10m00.0s

running (05m01.8s), 200/200 VUs, 1402 complete and 0 interrupted iterations
normal_day   [  50% ] 200/200 VUs  05m01.8s/10m00.0s

running (05m02.8s), 200/200 VUs, 1402 complete and 0 interrupted iterations
normal_day   [  50% ] 200/200 VUs  05m02.8s/10m00.0s

running (05m03.8s), 200/200 VUs, 1403 complete and 0 interrupted iterations
normal_day   [  51% ] 200/200 VUs  05m03.8s/10m00.0s

running (05m04.8s), 200/200 VUs, 1406 complete and 0 interrupted iterations
normal_day   [  51% ] 200/200 VUs  05m04.8s/10m00.0s

running (05m05.8s), 200/200 VUs, 1413 complete and 0 interrupted iterations
normal_day   [  51% ] 200/200 VUs  05m05.8s/10m00.0s

running (05m06.8s), 200/200 VUs, 1430 complete and 0 interrupted iterations
normal_day   [  51% ] 200/200 VUs  05m06.8s/10m00.0s

running (05m07.8s), 200/200 VUs, 1439 complete and 0 interrupted iterations
normal_day   [  51% ] 200/200 VUs  05m07.8s/10m00.0s

running (05m08.8s), 200/200 VUs, 1450 complete and 0 interrupted iterations
normal_day   [  51% ] 200/200 VUs  05m08.8s/10m00.0s

running (05m09.8s), 200/200 VUs, 1452 complete and 0 interrupted iterations
normal_day   [  52% ] 200/200 VUs  05m09.8s/10m00.0s

running (05m10.8s), 200/200 VUs, 1452 complete and 0 interrupted iterations
normal_day   [  52% ] 200/200 VUs  05m10.8s/10m00.0s

running (05m11.8s), 200/200 VUs, 1453 complete and 0 interrupted iterations
normal_day   [  52% ] 200/200 VUs  05m11.8s/10m00.0s

running (05m12.8s), 200/200 VUs, 1461 complete and 0 interrupted iterations
normal_day   [  52% ] 200/200 VUs  05m12.8s/10m00.0s

running (05m13.8s), 200/200 VUs, 1465 complete and 0 interrupted iterations
normal_day   [  52% ] 200/200 VUs  05m13.8s/10m00.0s

running (05m14.8s), 200/200 VUs, 1472 complete and 0 interrupted iterations
normal_day   [  52% ] 200/200 VUs  05m14.8s/10m00.0s

running (05m15.8s), 200/200 VUs, 1484 complete and 0 interrupted iterations
normal_day   [  53% ] 200/200 VUs  05m15.8s/10m00.0s

running (05m16.8s), 200/200 VUs, 1496 complete and 0 interrupted iterations
normal_day   [  53% ] 200/200 VUs  05m16.8s/10m00.0s

running (05m17.8s), 200/200 VUs, 1502 complete and 0 interrupted iterations
normal_day   [  53% ] 200/200 VUs  05m17.8s/10m00.0s

running (05m18.8s), 200/200 VUs, 1506 complete and 0 interrupted iterations
normal_day   [  53% ] 200/200 VUs  05m18.8s/10m00.0s

running (05m19.8s), 200/200 VUs, 1513 complete and 0 interrupted iterations
normal_day   [  53% ] 200/200 VUs  05m19.8s/10m00.0s

running (05m20.8s), 200/200 VUs, 1520 complete and 0 interrupted iterations
normal_day   [  53% ] 200/200 VUs  05m20.8s/10m00.0s

running (05m21.8s), 200/200 VUs, 1529 complete and 0 interrupted iterations
normal_day   [  54% ] 200/200 VUs  05m21.8s/10m00.0s

running (05m22.8s), 200/200 VUs, 1534 complete and 0 interrupted iterations
normal_day   [  54% ] 200/200 VUs  05m22.8s/10m00.0s

running (05m23.8s), 200/200 VUs, 1544 complete and 0 interrupted iterations
normal_day   [  54% ] 200/200 VUs  05m23.8s/10m00.0s

running (05m24.8s), 200/200 VUs, 1547 complete and 0 interrupted iterations
normal_day   [  54% ] 200/200 VUs  05m24.8s/10m00.0s

running (05m25.8s), 200/200 VUs, 1549 complete and 0 interrupted iterations
normal_day   [  54% ] 200/200 VUs  05m25.8s/10m00.0s

running (05m26.8s), 200/200 VUs, 1552 complete and 0 interrupted iterations
normal_day   [  54% ] 200/200 VUs  05m26.8s/10m00.0s

running (05m27.8s), 200/200 VUs, 1554 complete and 0 interrupted iterations
normal_day   [  55% ] 200/200 VUs  05m27.8s/10m00.0s

running (05m28.8s), 200/200 VUs, 1555 complete and 0 interrupted iterations
normal_day   [  55% ] 200/200 VUs  05m28.8s/10m00.0s

running (05m29.8s), 200/200 VUs, 1559 complete and 0 interrupted iterations
normal_day   [  55% ] 200/200 VUs  05m29.8s/10m00.0s

running (05m30.8s), 200/200 VUs, 1564 complete and 0 interrupted iterations
normal_day   [  55% ] 200/200 VUs  05m30.8s/10m00.0s

running (05m31.8s), 200/200 VUs, 1572 complete and 0 interrupted iterations
normal_day   [  55% ] 200/200 VUs  05m31.8s/10m00.0s

running (05m32.8s), 200/200 VUs, 1581 complete and 0 interrupted iterations
normal_day   [  55% ] 200/200 VUs  05m32.8s/10m00.0s

running (05m33.8s), 200/200 VUs, 1587 complete and 0 interrupted iterations
normal_day   [  56% ] 200/200 VUs  05m33.8s/10m00.0s

running (05m34.8s), 200/200 VUs, 1594 complete and 0 interrupted iterations
normal_day   [  56% ] 200/200 VUs  05m34.8s/10m00.0s

running (05m35.8s), 200/200 VUs, 1598 complete and 0 interrupted iterations
normal_day   [  56% ] 200/200 VUs  05m35.8s/10m00.0s

running (05m36.8s), 200/200 VUs, 1607 complete and 0 interrupted iterations
normal_day   [  56% ] 200/200 VUs  05m36.8s/10m00.0s

running (05m37.8s), 200/200 VUs, 1623 complete and 0 interrupted iterations
normal_day   [  56% ] 200/200 VUs  05m37.8s/10m00.0s

running (05m38.8s), 200/200 VUs, 1637 complete and 0 interrupted iterations
normal_day   [  56% ] 200/200 VUs  05m38.8s/10m00.0s

running (05m39.8s), 200/200 VUs, 1640 complete and 0 interrupted iterations
normal_day   [  57% ] 200/200 VUs  05m39.8s/10m00.0s

running (05m40.8s), 200/200 VUs, 1644 complete and 0 interrupted iterations
normal_day   [  57% ] 200/200 VUs  05m40.8s/10m00.0s

running (05m41.8s), 200/200 VUs, 1651 complete and 0 interrupted iterations
normal_day   [  57% ] 200/200 VUs  05m41.8s/10m00.0s

running (05m42.8s), 200/200 VUs, 1660 complete and 0 interrupted iterations
normal_day   [  57% ] 200/200 VUs  05m42.8s/10m00.0s

running (05m43.8s), 200/200 VUs, 1675 complete and 0 interrupted iterations
normal_day   [  57% ] 200/200 VUs  05m43.8s/10m00.0s

running (05m44.8s), 200/200 VUs, 1683 complete and 0 interrupted iterations
normal_day   [  57% ] 200/200 VUs  05m44.8s/10m00.0s

running (05m45.8s), 200/200 VUs, 1689 complete and 0 interrupted iterations
normal_day   [  58% ] 200/200 VUs  05m45.8s/10m00.0s

running (05m46.8s), 200/200 VUs, 1698 complete and 0 interrupted iterations
normal_day   [  58% ] 200/200 VUs  05m46.8s/10m00.0s

running (05m47.8s), 200/200 VUs, 1703 complete and 0 interrupted iterations
normal_day   [  58% ] 200/200 VUs  05m47.8s/10m00.0s

running (05m48.8s), 200/200 VUs, 1710 complete and 0 interrupted iterations
normal_day   [  58% ] 200/200 VUs  05m48.8s/10m00.0s

running (05m49.8s), 200/200 VUs, 1722 complete and 0 interrupted iterations
normal_day   [  58% ] 200/200 VUs  05m49.8s/10m00.0s

running (05m50.8s), 200/200 VUs, 1728 complete and 0 interrupted iterations
normal_day   [  58% ] 200/200 VUs  05m50.8s/10m00.0s

running (05m51.8s), 200/200 VUs, 1732 complete and 0 interrupted iterations
normal_day   [  59% ] 200/200 VUs  05m51.8s/10m00.0s

running (05m52.8s), 200/200 VUs, 1736 complete and 0 interrupted iterations
normal_day   [  59% ] 200/200 VUs  05m52.8s/10m00.0s

running (05m53.8s), 200/200 VUs, 1744 complete and 0 interrupted iterations
normal_day   [  59% ] 200/200 VUs  05m53.8s/10m00.0s

running (05m54.8s), 200/200 VUs, 1755 complete and 0 interrupted iterations
normal_day   [  59% ] 200/200 VUs  05m54.8s/10m00.0s

running (05m55.8s), 200/200 VUs, 1757 complete and 0 interrupted iterations
normal_day   [  59% ] 200/200 VUs  05m55.8s/10m00.0s

running (05m56.8s), 200/200 VUs, 1772 complete and 0 interrupted iterations
normal_day   [  59% ] 200/200 VUs  05m56.8s/10m00.0s

running (05m57.8s), 200/200 VUs, 1779 complete and 0 interrupted iterations
normal_day   [  60% ] 200/200 VUs  05m57.8s/10m00.0s

running (05m58.8s), 200/200 VUs, 1787 complete and 0 interrupted iterations
normal_day   [  60% ] 200/200 VUs  05m58.8s/10m00.0s

running (05m59.8s), 200/200 VUs, 1796 complete and 0 interrupted iterations
normal_day   [  60% ] 200/200 VUs  05m59.8s/10m00.0s

running (06m00.8s), 200/200 VUs, 1801 complete and 0 interrupted iterations
normal_day   [  60% ] 200/200 VUs  06m00.8s/10m00.0s

running (06m01.8s), 200/200 VUs, 1806 complete and 0 interrupted iterations
normal_day   [  60% ] 200/200 VUs  06m01.8s/10m00.0s

running (06m02.8s), 200/200 VUs, 1814 complete and 0 interrupted iterations
normal_day   [  60% ] 200/200 VUs  06m02.8s/10m00.0s

running (06m03.8s), 200/200 VUs, 1822 complete and 0 interrupted iterations
normal_day   [  61% ] 200/200 VUs  06m03.8s/10m00.0s

running (06m04.8s), 200/200 VUs, 1824 complete and 0 interrupted iterations
normal_day   [  61% ] 200/200 VUs  06m04.8s/10m00.0s

running (06m05.8s), 200/200 VUs, 1829 complete and 0 interrupted iterations
normal_day   [  61% ] 200/200 VUs  06m05.8s/10m00.0s

running (06m06.8s), 200/200 VUs, 1834 complete and 0 interrupted iterations
normal_day   [  61% ] 200/200 VUs  06m06.8s/10m00.0s

running (06m07.8s), 200/200 VUs, 1841 complete and 0 interrupted iterations
normal_day   [  61% ] 200/200 VUs  06m07.8s/10m00.0s

running (06m08.8s), 200/200 VUs, 1847 complete and 0 interrupted iterations
normal_day   [  61% ] 200/200 VUs  06m08.8s/10m00.0s

running (06m09.8s), 200/200 VUs, 1853 complete and 0 interrupted iterations
normal_day   [  62% ] 200/200 VUs  06m09.8s/10m00.0s

running (06m10.8s), 200/200 VUs, 1858 complete and 0 interrupted iterations
normal_day   [  62% ] 200/200 VUs  06m10.8s/10m00.0s

running (06m11.8s), 200/200 VUs, 1872 complete and 0 interrupted iterations
normal_day   [  62% ] 200/200 VUs  06m11.8s/10m00.0s

running (06m12.8s), 200/200 VUs, 1877 complete and 0 interrupted iterations
normal_day   [  62% ] 200/200 VUs  06m12.8s/10m00.0s

running (06m13.8s), 200/200 VUs, 1881 complete and 0 interrupted iterations
normal_day   [  62% ] 200/200 VUs  06m13.8s/10m00.0s

running (06m14.8s), 200/200 VUs, 1884 complete and 0 interrupted iterations
normal_day   [  62% ] 200/200 VUs  06m14.8s/10m00.0s

running (06m15.8s), 200/200 VUs, 1887 complete and 0 interrupted iterations
normal_day   [  63% ] 200/200 VUs  06m15.8s/10m00.0s

running (06m16.8s), 200/200 VUs, 1888 complete and 0 interrupted iterations
normal_day   [  63% ] 200/200 VUs  06m16.8s/10m00.0s

running (06m17.8s), 200/200 VUs, 1888 complete and 0 interrupted iterations
normal_day   [  63% ] 200/200 VUs  06m17.8s/10m00.0s

running (06m18.8s), 200/200 VUs, 1890 complete and 0 interrupted iterations
normal_day   [  63% ] 200/200 VUs  06m18.8s/10m00.0s

running (06m19.8s), 200/200 VUs, 1893 complete and 0 interrupted iterations
normal_day   [  63% ] 200/200 VUs  06m19.8s/10m00.0s

running (06m20.8s), 200/200 VUs, 1900 complete and 0 interrupted iterations
normal_day   [  63% ] 200/200 VUs  06m20.8s/10m00.0s

running (06m21.8s), 200/200 VUs, 1905 complete and 0 interrupted iterations
normal_day   [  64% ] 200/200 VUs  06m21.8s/10m00.0s

running (06m22.8s), 200/200 VUs, 1918 complete and 0 interrupted iterations
normal_day   [  64% ] 200/200 VUs  06m22.8s/10m00.0s

running (06m23.8s), 200/200 VUs, 1931 complete and 0 interrupted iterations
normal_day   [  64% ] 200/200 VUs  06m23.8s/10m00.0s

running (06m24.8s), 200/200 VUs, 1935 complete and 0 interrupted iterations
normal_day   [  64% ] 200/200 VUs  06m24.8s/10m00.0s

running (06m25.8s), 200/200 VUs, 1936 complete and 0 interrupted iterations
normal_day   [  64% ] 200/200 VUs  06m25.8s/10m00.0s

running (06m26.8s), 200/200 VUs, 1938 complete and 0 interrupted iterations
normal_day   [  64% ] 200/200 VUs  06m26.8s/10m00.0s

running (06m27.8s), 200/200 VUs, 1938 complete and 0 interrupted iterations
normal_day   [  65% ] 200/200 VUs  06m27.8s/10m00.0s

running (06m28.8s), 200/200 VUs, 1940 complete and 0 interrupted iterations
normal_day   [  65% ] 200/200 VUs  06m28.8s/10m00.0s

running (06m29.8s), 200/200 VUs, 1940 complete and 0 interrupted iterations
normal_day   [  65% ] 200/200 VUs  06m29.8s/10m00.0s

running (06m30.8s), 200/200 VUs, 1942 complete and 0 interrupted iterations
normal_day   [  65% ] 200/200 VUs  06m30.8s/10m00.0s

running (06m31.8s), 200/200 VUs, 1945 complete and 0 interrupted iterations
normal_day   [  65% ] 200/200 VUs  06m31.8s/10m00.0s

running (06m32.8s), 200/200 VUs, 1948 complete and 0 interrupted iterations
normal_day   [  65% ] 200/200 VUs  06m32.8s/10m00.0s

running (06m33.8s), 200/200 VUs, 1959 complete and 0 interrupted iterations
normal_day   [  66% ] 200/200 VUs  06m33.8s/10m00.0s

running (06m34.8s), 200/200 VUs, 1967 complete and 0 interrupted iterations
normal_day   [  66% ] 200/200 VUs  06m34.8s/10m00.0s

running (06m35.8s), 200/200 VUs, 1975 complete and 0 interrupted iterations
normal_day   [  66% ] 200/200 VUs  06m35.8s/10m00.0s

running (06m36.8s), 200/200 VUs, 1983 complete and 0 interrupted iterations
normal_day   [  66% ] 200/200 VUs  06m36.8s/10m00.0s

running (06m37.8s), 200/200 VUs, 1990 complete and 0 interrupted iterations
normal_day   [  66% ] 200/200 VUs  06m37.8s/10m00.0s

running (06m38.8s), 200/200 VUs, 1995 complete and 0 interrupted iterations
normal_day   [  66% ] 200/200 VUs  06m38.8s/10m00.0s

running (06m39.8s), 200/200 VUs, 2002 complete and 0 interrupted iterations
normal_day   [  67% ] 200/200 VUs  06m39.8s/10m00.0s

running (06m40.8s), 200/200 VUs, 2007 complete and 0 interrupted iterations
normal_day   [  67% ] 200/200 VUs  06m40.8s/10m00.0s

running (06m41.8s), 200/200 VUs, 2010 complete and 0 interrupted iterations
normal_day   [  67% ] 200/200 VUs  06m41.8s/10m00.0s

running (06m42.8s), 200/200 VUs, 2018 complete and 0 interrupted iterations
normal_day   [  67% ] 200/200 VUs  06m42.8s/10m00.0s

running (06m43.8s), 200/200 VUs, 2026 complete and 0 interrupted iterations
normal_day   [  67% ] 200/200 VUs  06m43.8s/10m00.0s

running (06m44.8s), 200/200 VUs, 2038 complete and 0 interrupted iterations
normal_day   [  67% ] 200/200 VUs  06m44.8s/10m00.0s

running (06m45.8s), 200/200 VUs, 2043 complete and 0 interrupted iterations
normal_day   [  68% ] 200/200 VUs  06m45.8s/10m00.0s

running (06m46.8s), 200/200 VUs, 2045 complete and 0 interrupted iterations
normal_day   [  68% ] 200/200 VUs  06m46.8s/10m00.0s

running (06m47.8s), 200/200 VUs, 2048 complete and 0 interrupted iterations
normal_day   [  68% ] 200/200 VUs  06m47.8s/10m00.0s

running (06m48.8s), 200/200 VUs, 2050 complete and 0 interrupted iterations
normal_day   [  68% ] 200/200 VUs  06m48.8s/10m00.0s

running (06m49.8s), 200/200 VUs, 2055 complete and 0 interrupted iterations
normal_day   [  68% ] 200/200 VUs  06m49.8s/10m00.0s

running (06m50.8s), 200/200 VUs, 2059 complete and 0 interrupted iterations
normal_day   [  68% ] 200/200 VUs  06m50.8s/10m00.0s

running (06m51.8s), 200/200 VUs, 2064 complete and 0 interrupted iterations
normal_day   [  69% ] 200/200 VUs  06m51.8s/10m00.0s

running (06m52.8s), 200/200 VUs, 2072 complete and 0 interrupted iterations
normal_day   [  69% ] 200/200 VUs  06m52.8s/10m00.0s

running (06m53.8s), 200/200 VUs, 2082 complete and 0 interrupted iterations
normal_day   [  69% ] 200/200 VUs  06m53.8s/10m00.0s

running (06m54.8s), 200/200 VUs, 2093 complete and 0 interrupted iterations
normal_day   [  69% ] 200/200 VUs  06m54.8s/10m00.0s

running (06m55.8s), 200/200 VUs, 2102 complete and 0 interrupted iterations
normal_day   [  69% ] 200/200 VUs  06m55.8s/10m00.0s

running (06m56.8s), 200/200 VUs, 2104 complete and 0 interrupted iterations
normal_day   [  69% ] 200/200 VUs  06m56.8s/10m00.0s

running (06m57.8s), 200/200 VUs, 2105 complete and 0 interrupted iterations
normal_day   [  70% ] 200/200 VUs  06m57.8s/10m00.0s

running (06m58.8s), 200/200 VUs, 2106 complete and 0 interrupted iterations
normal_day   [  70% ] 200/200 VUs  06m58.8s/10m00.0s

running (06m59.8s), 200/200 VUs, 2109 complete and 0 interrupted iterations
normal_day   [  70% ] 200/200 VUs  06m59.8s/10m00.0s

running (07m00.8s), 200/200 VUs, 2115 complete and 0 interrupted iterations
normal_day   [  70% ] 200/200 VUs  07m00.8s/10m00.0s

running (07m01.8s), 200/200 VUs, 2121 complete and 0 interrupted iterations
normal_day   [  70% ] 200/200 VUs  07m01.8s/10m00.0s

running (07m02.8s), 200/200 VUs, 2137 complete and 0 interrupted iterations
normal_day   [  70% ] 200/200 VUs  07m02.8s/10m00.0s

running (07m03.8s), 200/200 VUs, 2148 complete and 0 interrupted iterations
normal_day   [  71% ] 200/200 VUs  07m03.8s/10m00.0s

running (07m04.8s), 200/200 VUs, 2157 complete and 0 interrupted iterations
normal_day   [  71% ] 200/200 VUs  07m04.8s/10m00.0s

running (07m05.8s), 200/200 VUs, 2165 complete and 0 interrupted iterations
normal_day   [  71% ] 200/200 VUs  07m05.8s/10m00.0s

running (07m06.8s), 200/200 VUs, 2170 complete and 0 interrupted iterations
normal_day   [  71% ] 200/200 VUs  07m06.8s/10m00.0s

running (07m07.8s), 200/200 VUs, 2174 complete and 0 interrupted iterations
normal_day   [  71% ] 200/200 VUs  07m07.8s/10m00.0s

running (07m08.8s), 200/200 VUs, 2177 complete and 0 interrupted iterations
normal_day   [  71% ] 200/200 VUs  07m08.8s/10m00.0s

running (07m09.8s), 200/200 VUs, 2181 complete and 0 interrupted iterations
normal_day   [  72% ] 200/200 VUs  07m09.8s/10m00.0s

running (07m10.8s), 200/200 VUs, 2190 complete and 0 interrupted iterations
normal_day   [  72% ] 200/200 VUs  07m10.8s/10m00.0s

running (07m11.8s), 200/200 VUs, 2200 complete and 0 interrupted iterations
normal_day   [  72% ] 200/200 VUs  07m11.8s/10m00.0s

running (07m12.8s), 200/200 VUs, 2215 complete and 0 interrupted iterations
normal_day   [  72% ] 200/200 VUs  07m12.8s/10m00.0s

running (07m13.8s), 200/200 VUs, 2223 complete and 0 interrupted iterations
normal_day   [  72% ] 200/200 VUs  07m13.8s/10m00.0s

running (07m14.8s), 200/200 VUs, 2227 complete and 0 interrupted iterations
normal_day   [  72% ] 200/200 VUs  07m14.8s/10m00.0s

running (07m15.8s), 200/200 VUs, 2227 complete and 0 interrupted iterations
normal_day   [  73% ] 200/200 VUs  07m15.8s/10m00.0s

running (07m16.8s), 200/200 VUs, 2234 complete and 0 interrupted iterations
normal_day   [  73% ] 200/200 VUs  07m16.8s/10m00.0s

running (07m17.8s), 200/200 VUs, 2242 complete and 0 interrupted iterations
normal_day   [  73% ] 200/200 VUs  07m17.8s/10m00.0s

running (07m18.8s), 200/200 VUs, 2250 complete and 0 interrupted iterations
normal_day   [  73% ] 200/200 VUs  07m18.8s/10m00.0s

running (07m19.8s), 200/200 VUs, 2259 complete and 0 interrupted iterations
normal_day   [  73% ] 200/200 VUs  07m19.8s/10m00.0s

running (07m20.8s), 200/200 VUs, 2264 complete and 0 interrupted iterations
normal_day   [  73% ] 200/200 VUs  07m20.8s/10m00.0s

running (07m21.8s), 200/200 VUs, 2266 complete and 0 interrupted iterations
normal_day   [  74% ] 200/200 VUs  07m21.8s/10m00.0s

running (07m22.8s), 200/200 VUs, 2268 complete and 0 interrupted iterations
normal_day   [  74% ] 200/200 VUs  07m22.8s/10m00.0s

running (07m23.8s), 200/200 VUs, 2270 complete and 0 interrupted iterations
normal_day   [  74% ] 200/200 VUs  07m23.8s/10m00.0s

running (07m24.8s), 200/200 VUs, 2274 complete and 0 interrupted iterations
normal_day   [  74% ] 200/200 VUs  07m24.8s/10m00.0s

running (07m25.8s), 200/200 VUs, 2279 complete and 0 interrupted iterations
normal_day   [  74% ] 200/200 VUs  07m25.8s/10m00.0s

running (07m26.8s), 200/200 VUs, 2290 complete and 0 interrupted iterations
normal_day   [  74% ] 200/200 VUs  07m26.8s/10m00.0s

running (07m27.8s), 200/200 VUs, 2303 complete and 0 interrupted iterations
normal_day   [  75% ] 200/200 VUs  07m27.8s/10m00.0s

running (07m28.8s), 200/200 VUs, 2313 complete and 0 interrupted iterations
normal_day   [  75% ] 200/200 VUs  07m28.8s/10m00.0s

running (07m29.8s), 200/200 VUs, 2327 complete and 0 interrupted iterations
normal_day   [  75% ] 200/200 VUs  07m29.8s/10m00.0s

running (07m30.8s), 200/200 VUs, 2333 complete and 0 interrupted iterations
normal_day   [  75% ] 200/200 VUs  07m30.8s/10m00.0s

running (07m31.8s), 200/200 VUs, 2341 complete and 0 interrupted iterations
normal_day   [  75% ] 200/200 VUs  07m31.8s/10m00.0s

running (07m32.8s), 200/200 VUs, 2342 complete and 0 interrupted iterations
normal_day   [  75% ] 200/200 VUs  07m32.8s/10m00.0s

running (07m33.8s), 200/200 VUs, 2348 complete and 0 interrupted iterations
normal_day   [  76% ] 200/200 VUs  07m33.8s/10m00.0s

running (07m34.8s), 200/200 VUs, 2350 complete and 0 interrupted iterations
normal_day   [  76% ] 200/200 VUs  07m34.8s/10m00.0s

running (07m35.8s), 200/200 VUs, 2350 complete and 0 interrupted iterations
normal_day   [  76% ] 200/200 VUs  07m35.8s/10m00.0s

running (07m36.8s), 200/200 VUs, 2353 complete and 0 interrupted iterations
normal_day   [  76% ] 200/200 VUs  07m36.8s/10m00.0s

running (07m37.8s), 200/200 VUs, 2357 complete and 0 interrupted iterations
normal_day   [  76% ] 200/200 VUs  07m37.8s/10m00.0s

running (07m38.8s), 200/200 VUs, 2367 complete and 0 interrupted iterations
normal_day   [  76% ] 200/200 VUs  07m38.8s/10m00.0s

running (07m39.8s), 200/200 VUs, 2376 complete and 0 interrupted iterations
normal_day   [  77% ] 200/200 VUs  07m39.8s/10m00.0s

running (07m40.8s), 200/200 VUs, 2389 complete and 0 interrupted iterations
normal_day   [  77% ] 200/200 VUs  07m40.8s/10m00.0s

running (07m41.8s), 200/200 VUs, 2394 complete and 0 interrupted iterations
normal_day   [  77% ] 200/200 VUs  07m41.8s/10m00.0s

running (07m42.8s), 200/200 VUs, 2401 complete and 0 interrupted iterations
normal_day   [  77% ] 200/200 VUs  07m42.8s/10m00.0s

running (07m43.8s), 200/200 VUs, 2402 complete and 0 interrupted iterations
normal_day   [  77% ] 200/200 VUs  07m43.8s/10m00.0s

running (07m44.8s), 200/200 VUs, 2402 complete and 0 interrupted iterations
normal_day   [  77% ] 200/200 VUs  07m44.8s/10m00.0s

running (07m45.8s), 200/200 VUs, 2405 complete and 0 interrupted iterations
normal_day   [  78% ] 200/200 VUs  07m45.8s/10m00.0s

running (07m46.8s), 200/200 VUs, 2405 complete and 0 interrupted iterations
normal_day   [  78% ] 200/200 VUs  07m46.8s/10m00.0s

running (07m47.8s), 200/200 VUs, 2408 complete and 0 interrupted iterations
normal_day   [  78% ] 200/200 VUs  07m47.8s/10m00.0s

running (07m48.8s), 200/200 VUs, 2412 complete and 0 interrupted iterations
normal_day   [  78% ] 200/200 VUs  07m48.8s/10m00.0s

running (07m49.8s), 200/200 VUs, 2424 complete and 0 interrupted iterations
normal_day   [  78% ] 200/200 VUs  07m49.8s/10m00.0s

running (07m50.8s), 200/200 VUs, 2434 complete and 0 interrupted iterations
normal_day   [  78% ] 200/200 VUs  07m50.8s/10m00.0s

running (07m51.8s), 200/200 VUs, 2445 complete and 0 interrupted iterations
normal_day   [  79% ] 200/200 VUs  07m51.8s/10m00.0s

running (07m52.8s), 200/200 VUs, 2449 complete and 0 interrupted iterations
normal_day   [  79% ] 200/200 VUs  07m52.8s/10m00.0s

running (07m53.8s), 200/200 VUs, 2453 complete and 0 interrupted iterations
normal_day   [  79% ] 200/200 VUs  07m53.8s/10m00.0s

running (07m54.8s), 200/200 VUs, 2458 complete and 0 interrupted iterations
normal_day   [  79% ] 200/200 VUs  07m54.8s/10m00.0s

running (07m55.8s), 200/200 VUs, 2462 complete and 0 interrupted iterations
normal_day   [  79% ] 200/200 VUs  07m55.8s/10m00.0s

running (07m56.8s), 200/200 VUs, 2469 complete and 0 interrupted iterations
normal_day   [  79% ] 200/200 VUs  07m56.8s/10m00.0s

running (07m57.8s), 200/200 VUs, 2487 complete and 0 interrupted iterations
normal_day   [  80% ] 200/200 VUs  07m57.8s/10m00.0s

running (07m58.8s), 200/200 VUs, 2501 complete and 0 interrupted iterations
normal_day   [  80% ] 200/200 VUs  07m58.8s/10m00.0s

running (07m59.8s), 200/200 VUs, 2510 complete and 0 interrupted iterations
normal_day   [  80% ] 200/200 VUs  07m59.8s/10m00.0s

running (08m00.8s), 200/200 VUs, 2516 complete and 0 interrupted iterations
normal_day   [  80% ] 200/200 VUs  08m00.8s/10m00.0s

running (08m01.8s), 200/200 VUs, 2521 complete and 0 interrupted iterations
normal_day   [  80% ] 200/200 VUs  08m01.8s/10m00.0s

running (08m02.8s), 200/200 VUs, 2523 complete and 0 interrupted iterations
normal_day   [  80% ] 200/200 VUs  08m02.8s/10m00.0s

running (08m03.8s), 200/200 VUs, 2529 complete and 0 interrupted iterations
normal_day   [  81% ] 200/200 VUs  08m03.8s/10m00.0s

running (08m04.8s), 199/200 VUs, 2534 complete and 0 interrupted iterations
normal_day   [  81% ] 199/200 VUs  08m04.8s/10m00.0s

running (08m05.8s), 198/200 VUs, 2543 complete and 0 interrupted iterations
normal_day   [  81% ] 198/200 VUs  08m05.8s/10m00.0s

running (08m06.8s), 196/200 VUs, 2552 complete and 0 interrupted iterations
normal_day   [  81% ] 196/200 VUs  08m06.8s/10m00.0s

running (08m07.8s), 196/200 VUs, 2573 complete and 0 interrupted iterations
normal_day   [  81% ] 196/200 VUs  08m07.8s/10m00.0s

running (08m08.8s), 196/200 VUs, 2582 complete and 0 interrupted iterations
normal_day   [  81% ] 196/200 VUs  08m08.8s/10m00.0s

running (08m09.8s), 196/200 VUs, 2589 complete and 0 interrupted iterations
normal_day   [  82% ] 196/200 VUs  08m09.8s/10m00.0s

running (08m10.8s), 196/200 VUs, 2598 complete and 0 interrupted iterations
normal_day   [  82% ] 196/200 VUs  08m10.8s/10m00.0s

running (08m11.8s), 196/200 VUs, 2604 complete and 0 interrupted iterations
normal_day   [  82% ] 196/200 VUs  08m11.8s/10m00.0s

running (08m12.8s), 193/200 VUs, 2618 complete and 0 interrupted iterations
normal_day   [  82% ] 193/200 VUs  08m12.8s/10m00.0s

running (08m13.8s), 192/200 VUs, 2628 complete and 0 interrupted iterations
normal_day   [  82% ] 192/200 VUs  08m13.8s/10m00.0s

running (08m14.8s), 191/200 VUs, 2633 complete and 0 interrupted iterations
normal_day   [  82% ] 191/200 VUs  08m14.8s/10m00.0s

running (08m15.8s), 191/200 VUs, 2642 complete and 0 interrupted iterations
normal_day   [  83% ] 191/200 VUs  08m15.8s/10m00.0s

running (08m16.8s), 191/200 VUs, 2653 complete and 0 interrupted iterations
normal_day   [  83% ] 191/200 VUs  08m16.8s/10m00.0s

running (08m17.8s), 188/200 VUs, 2659 complete and 0 interrupted iterations
normal_day   [  83% ] 188/200 VUs  08m17.8s/10m00.0s

running (08m18.8s), 188/200 VUs, 2661 complete and 0 interrupted iterations
normal_day   [  83% ] 188/200 VUs  08m18.8s/10m00.0s

running (08m19.8s), 188/200 VUs, 2665 complete and 0 interrupted iterations
normal_day   [  83% ] 188/200 VUs  08m19.8s/10m00.0s

running (08m20.8s), 188/200 VUs, 2670 complete and 0 interrupted iterations
normal_day   [  83% ] 188/200 VUs  08m20.8s/10m00.0s

running (08m21.8s), 188/200 VUs, 2674 complete and 0 interrupted iterations
normal_day   [  84% ] 188/200 VUs  08m21.8s/10m00.0s

running (08m22.8s), 188/200 VUs, 2675 complete and 0 interrupted iterations
normal_day   [  84% ] 188/200 VUs  08m22.8s/10m00.0s

running (08m23.8s), 188/200 VUs, 2680 complete and 0 interrupted iterations
normal_day   [  84% ] 188/200 VUs  08m23.8s/10m00.0s

running (08m24.8s), 187/200 VUs, 2687 complete and 0 interrupted iterations
normal_day   [  84% ] 187/200 VUs  08m24.8s/10m00.0s

running (08m25.8s), 185/200 VUs, 2698 complete and 0 interrupted iterations
normal_day   [  84% ] 185/200 VUs  08m25.8s/10m00.0s

running (08m26.8s), 183/200 VUs, 2708 complete and 0 interrupted iterations
normal_day   [  84% ] 183/200 VUs  08m26.8s/10m00.0s

running (08m27.8s), 181/200 VUs, 2714 complete and 0 interrupted iterations
normal_day   [  85% ] 181/200 VUs  08m27.8s/10m00.0s

running (08m28.8s), 181/200 VUs, 2716 complete and 0 interrupted iterations
normal_day   [  85% ] 181/200 VUs  08m28.8s/10m00.0s

running (08m29.8s), 180/200 VUs, 2720 complete and 0 interrupted iterations
normal_day   [  85% ] 180/200 VUs  08m29.8s/10m00.0s

running (08m30.8s), 180/200 VUs, 2725 complete and 0 interrupted iterations
normal_day   [  85% ] 180/200 VUs  08m30.8s/10m00.0s

running (08m31.8s), 178/200 VUs, 2735 complete and 1 interrupted iterations
normal_day   [  85% ] 178/200 VUs  08m31.8s/10m00.0s

running (08m32.8s), 178/200 VUs, 2738 complete and 1 interrupted iterations
normal_day   [  85% ] 178/200 VUs  08m32.8s/10m00.0s

running (08m33.8s), 177/200 VUs, 2745 complete and 1 interrupted iterations
normal_day   [  86% ] 177/200 VUs  08m33.8s/10m00.0s

running (08m34.8s), 176/200 VUs, 2750 complete and 2 interrupted iterations
normal_day   [  86% ] 176/200 VUs  08m34.8s/10m00.0s

running (08m35.8s), 174/200 VUs, 2756 complete and 3 interrupted iterations
normal_day   [  86% ] 174/200 VUs  08m35.8s/10m00.0s

running (08m36.8s), 171/200 VUs, 2763 complete and 3 interrupted iterations
normal_day   [  86% ] 171/200 VUs  08m36.8s/10m00.0s

running (08m37.8s), 171/200 VUs, 2768 complete and 3 interrupted iterations
normal_day   [  86% ] 171/200 VUs  08m37.8s/10m00.0s

running (08m38.8s), 168/200 VUs, 2778 complete and 4 interrupted iterations
normal_day   [  86% ] 168/200 VUs  08m38.8s/10m00.0s

running (08m39.8s), 167/200 VUs, 2781 complete and 4 interrupted iterations
normal_day   [  87% ] 167/200 VUs  08m39.8s/10m00.0s

running (08m40.8s), 166/200 VUs, 2783 complete and 5 interrupted iterations
normal_day   [  87% ] 166/200 VUs  08m40.8s/10m00.0s

running (08m41.8s), 166/200 VUs, 2785 complete and 5 interrupted iterations
normal_day   [  87% ] 166/200 VUs  08m41.8s/10m00.0s

running (08m42.8s), 165/200 VUs, 2785 complete and 6 interrupted iterations
normal_day   [  87% ] 165/200 VUs  08m42.8s/10m00.0s

running (08m43.8s), 164/200 VUs, 2787 complete and 7 interrupted iterations
normal_day   [  87% ] 164/200 VUs  08m43.8s/10m00.0s

running (08m44.8s), 162/200 VUs, 2792 complete and 7 interrupted iterations
normal_day   [  87% ] 162/200 VUs  08m44.8s/10m00.0s

running (08m45.8s), 160/200 VUs, 2797 complete and 7 interrupted iterations
normal_day   [  88% ] 160/200 VUs  08m45.8s/10m00.0s

running (08m46.8s), 158/200 VUs, 2803 complete and 9 interrupted iterations
normal_day   [  88% ] 158/200 VUs  08m46.8s/10m00.0s

running (08m47.8s), 156/200 VUs, 2812 complete and 9 interrupted iterations
normal_day   [  88% ] 156/200 VUs  08m47.8s/10m00.0s

running (08m48.8s), 153/200 VUs, 2818 complete and 10 interrupted iterations
normal_day   [  88% ] 153/200 VUs  08m48.8s/10m00.0s

running (08m49.8s), 151/200 VUs, 2828 complete and 10 interrupted iterations
normal_day   [  88% ] 151/200 VUs  08m49.8s/10m00.0s

running (08m50.8s), 150/200 VUs, 2830 complete and 11 interrupted iterations
normal_day   [  88% ] 150/200 VUs  08m50.8s/10m00.0s

running (08m51.8s), 149/200 VUs, 2832 complete and 11 interrupted iterations
normal_day   [  89% ] 149/200 VUs  08m51.8s/10m00.0s

running (08m52.8s), 147/200 VUs, 2836 complete and 12 interrupted iterations
normal_day   [  89% ] 147/200 VUs  08m52.8s/10m00.0s

running (08m53.8s), 147/200 VUs, 2836 complete and 12 interrupted iterations
normal_day   [  89% ] 147/200 VUs  08m53.8s/10m00.0s

running (08m54.8s), 145/200 VUs, 2842 complete and 12 interrupted iterations
normal_day   [  89% ] 145/200 VUs  08m54.8s/10m00.0s

running (08m55.8s), 143/200 VUs, 2848 complete and 14 interrupted iterations
normal_day   [  89% ] 143/200 VUs  08m55.8s/10m00.0s

running (08m56.8s), 139/200 VUs, 2857 complete and 14 interrupted iterations
normal_day   [  89% ] 139/200 VUs  08m56.8s/10m00.0s

running (08m57.8s), 138/200 VUs, 2860 complete and 14 interrupted iterations
normal_day   [  90% ] 138/200 VUs  08m57.8s/10m00.0s

running (08m58.8s), 137/200 VUs, 2861 complete and 14 interrupted iterations
normal_day   [  90% ] 137/200 VUs  08m58.8s/10m00.0s

running (08m59.8s), 137/200 VUs, 2864 complete and 14 interrupted iterations
normal_day   [  90% ] 137/200 VUs  08m59.8s/10m00.0s

running (09m00.8s), 135/200 VUs, 2870 complete and 14 interrupted iterations
normal_day   [  90% ] 135/200 VUs  09m00.8s/10m00.0s

running (09m01.8s), 133/200 VUs, 2876 complete and 14 interrupted iterations
normal_day   [  90% ] 133/200 VUs  09m01.8s/10m00.0s

running (09m02.8s), 132/200 VUs, 2880 complete and 14 interrupted iterations
normal_day   [  90% ] 132/200 VUs  09m02.8s/10m00.0s

running (09m03.8s), 129/200 VUs, 2884 complete and 16 interrupted iterations
normal_day   [  91% ] 129/200 VUs  09m03.8s/10m00.0s

running (09m04.8s), 126/200 VUs, 2891 complete and 17 interrupted iterations
normal_day   [  91% ] 126/200 VUs  09m04.8s/10m00.0s

running (09m05.8s), 126/200 VUs, 2899 complete and 17 interrupted iterations
normal_day   [  91% ] 126/200 VUs  09m05.8s/10m00.0s

running (09m06.8s), 124/200 VUs, 2905 complete and 18 interrupted iterations
normal_day   [  91% ] 124/200 VUs  09m06.8s/10m00.0s

running (09m07.8s), 119/200 VUs, 2912 complete and 20 interrupted iterations
normal_day   [  91% ] 119/200 VUs  09m07.8s/10m00.0s

running (09m08.8s), 118/200 VUs, 2917 complete and 20 interrupted iterations
normal_day   [  91% ] 118/200 VUs  09m08.8s/10m00.0s

running (09m09.8s), 114/200 VUs, 2926 complete and 20 interrupted iterations
normal_day   [  92% ] 114/200 VUs  09m09.8s/10m00.0s

running (09m10.8s), 112/200 VUs, 2932 complete and 20 interrupted iterations
normal_day   [  92% ] 112/200 VUs  09m10.8s/10m00.0s

running (09m11.8s), 111/200 VUs, 2935 complete and 20 interrupted iterations
normal_day   [  92% ] 111/200 VUs  09m11.8s/10m00.0s

running (09m12.8s), 109/200 VUs, 2939 complete and 20 interrupted iterations
normal_day   [  92% ] 109/200 VUs  09m12.8s/10m00.0s

running (09m13.8s), 107/200 VUs, 2941 complete and 21 interrupted iterations
normal_day   [  92% ] 107/200 VUs  09m13.8s/10m00.0s

running (09m14.8s), 101/200 VUs, 2951 complete and 22 interrupted iterations
normal_day   [  92% ] 101/200 VUs  09m14.8s/10m00.0s

running (09m15.8s), 100/200 VUs, 2956 complete and 22 interrupted iterations
normal_day   [  93% ] 100/200 VUs  09m15.8s/10m00.0s

running (09m16.8s), 099/200 VUs, 2958 complete and 23 interrupted iterations
normal_day   [  93% ] 099/200 VUs  09m16.8s/10m00.0s

running (09m17.8s), 097/200 VUs, 2961 complete and 24 interrupted iterations
normal_day   [  93% ] 097/200 VUs  09m17.8s/10m00.0s

running (09m18.8s), 095/200 VUs, 2965 complete and 25 interrupted iterations
normal_day   [  93% ] 095/200 VUs  09m18.8s/10m00.0s

running (09m19.8s), 093/200 VUs, 2965 complete and 27 interrupted iterations
normal_day   [  93% ] 093/200 VUs  09m19.8s/10m00.0s

running (09m20.8s), 093/200 VUs, 2966 complete and 27 interrupted iterations
normal_day   [  93% ] 093/200 VUs  09m20.8s/10m00.0s

running (09m21.8s), 091/200 VUs, 2966 complete and 29 interrupted iterations
normal_day   [  94% ] 091/200 VUs  09m21.8s/10m00.0s

running (09m22.8s), 089/200 VUs, 2970 complete and 30 interrupted iterations
normal_day   [  94% ] 089/200 VUs  09m22.8s/10m00.0s

running (09m23.8s), 089/200 VUs, 2970 complete and 30 interrupted iterations
normal_day   [  94% ] 089/200 VUs  09m23.8s/10m00.0s

running (09m24.8s), 088/200 VUs, 2970 complete and 31 interrupted iterations
normal_day   [  94% ] 088/200 VUs  09m24.8s/10m00.0s

running (09m25.8s), 087/200 VUs, 2974 complete and 31 interrupted iterations
normal_day   [  94% ] 087/200 VUs  09m25.8s/10m00.0s

running (09m26.8s), 086/200 VUs, 2975 complete and 31 interrupted iterations
normal_day   [  94% ] 086/200 VUs  09m26.8s/10m00.0s

running (09m27.8s), 085/200 VUs, 2976 complete and 31 interrupted iterations
normal_day   [  95% ] 085/200 VUs  09m27.8s/10m00.0s

running (09m28.8s), 083/200 VUs, 2980 complete and 32 interrupted iterations
normal_day   [  95% ] 083/200 VUs  09m28.8s/10m00.0s

running (09m29.8s), 080/200 VUs, 2985 complete and 32 interrupted iterations
normal_day   [  95% ] 080/200 VUs  09m29.8s/10m00.0s

running (09m30.8s), 076/200 VUs, 2990 complete and 34 interrupted iterations
normal_day   [  95% ] 076/200 VUs  09m30.8s/10m00.0s

running (09m31.8s), 075/200 VUs, 2992 complete and 34 interrupted iterations
normal_day   [  95% ] 075/200 VUs  09m31.8s/10m00.0s

running (09m32.8s), 073/200 VUs, 2993 complete and 35 interrupted iterations
normal_day   [  95% ] 073/200 VUs  09m32.8s/10m00.0s

running (09m33.8s), 070/200 VUs, 3000 complete and 35 interrupted iterations
normal_day   [  96% ] 070/200 VUs  09m33.8s/10m00.0s

running (09m34.8s), 066/200 VUs, 3006 complete and 35 interrupted iterations
normal_day   [  96% ] 066/200 VUs  09m34.8s/10m00.0s

running (09m35.8s), 061/200 VUs, 3012 complete and 36 interrupted iterations
normal_day   [  96% ] 061/200 VUs  09m35.8s/10m00.0s

running (09m36.8s), 056/200 VUs, 3021 complete and 36 interrupted iterations
normal_day   [  96% ] 056/200 VUs  09m36.8s/10m00.0s

running (09m37.8s), 055/200 VUs, 3022 complete and 37 interrupted iterations
normal_day   [  96% ] 055/200 VUs  09m37.8s/10m00.0s

running (09m38.8s), 054/200 VUs, 3024 complete and 37 interrupted iterations
normal_day   [  96% ] 054/200 VUs  09m38.8s/10m00.0s

running (09m39.8s), 052/200 VUs, 3027 complete and 37 interrupted iterations
normal_day   [  97% ] 052/200 VUs  09m39.8s/10m00.0s

running (09m40.8s), 051/200 VUs, 3030 complete and 37 interrupted iterations
normal_day   [  97% ] 051/200 VUs  09m40.8s/10m00.0s

running (09m41.8s), 050/200 VUs, 3032 complete and 37 interrupted iterations
normal_day   [  97% ] 050/200 VUs  09m41.8s/10m00.0s

running (09m42.8s), 047/200 VUs, 3036 complete and 37 interrupted iterations
normal_day   [  97% ] 047/200 VUs  09m42.8s/10m00.0s

running (09m43.8s), 046/200 VUs, 3038 complete and 37 interrupted iterations
normal_day   [  97% ] 046/200 VUs  09m43.8s/10m00.0s

running (09m44.8s), 045/200 VUs, 3040 complete and 37 interrupted iterations
normal_day   [  97% ] 045/200 VUs  09m44.8s/10m00.0s

running (09m45.8s), 043/200 VUs, 3045 complete and 37 interrupted iterations
normal_day   [  98% ] 043/200 VUs  09m45.8s/10m00.0s

running (09m46.8s), 040/200 VUs, 3049 complete and 37 interrupted iterations
normal_day   [  98% ] 040/200 VUs  09m46.8s/10m00.0s

running (09m47.8s), 038/200 VUs, 3056 complete and 37 interrupted iterations
normal_day   [  98% ] 038/200 VUs  09m47.8s/10m00.0s

running (09m48.8s), 036/200 VUs, 3061 complete and 37 interrupted iterations
normal_day   [  98% ] 036/200 VUs  09m48.8s/10m00.0s

running (09m49.8s), 031/200 VUs, 3068 complete and 38 interrupted iterations
normal_day   [  98% ] 031/200 VUs  09m49.8s/10m00.0s

running (09m50.8s), 030/200 VUs, 3071 complete and 38 interrupted iterations
normal_day   [  98% ] 030/200 VUs  09m50.8s/10m00.0s

running (09m51.8s), 027/200 VUs, 3075 complete and 38 interrupted iterations
normal_day   [  99% ] 027/200 VUs  09m51.8s/10m00.0s

running (09m52.8s), 026/200 VUs, 3078 complete and 38 interrupted iterations
normal_day   [  99% ] 026/200 VUs  09m52.8s/10m00.0s

running (09m53.8s), 024/200 VUs, 3082 complete and 38 interrupted iterations
normal_day   [  99% ] 024/200 VUs  09m53.8s/10m00.0s

running (09m54.8s), 024/200 VUs, 3083 complete and 38 interrupted iterations
normal_day   [  99% ] 024/200 VUs  09m54.8s/10m00.0s

running (09m55.8s), 023/200 VUs, 3084 complete and 38 interrupted iterations
normal_day   [  99% ] 023/200 VUs  09m55.8s/10m00.0s

running (09m56.8s), 022/200 VUs, 3086 complete and 38 interrupted iterations
normal_day   [  99% ] 022/200 VUs  09m56.8s/10m00.0s

running (09m57.8s), 015/200 VUs, 3093 complete and 38 interrupted iterations
normal_day   [ 100% ] 015/200 VUs  09m57.8s/10m00.0s

running (09m58.8s), 014/200 VUs, 3094 complete and 38 interrupted iterations
normal_day   [ 100% ] 014/200 VUs  09m58.8s/10m00.0s

running (09m59.8s), 014/200 VUs, 3095 complete and 38 interrupted iterations
normal_day   [ 100% ] 014/200 VUs  09m59.8s/10m00.0s

running (10m00.8s), 011/200 VUs, 3098 complete and 38 interrupted iterations
normal_day ↓ [ 100% ] 014/200 VUs  10m0s

running (10m01.8s), 009/200 VUs, 3100 complete and 38 interrupted iterations
normal_day ↓ [ 100% ] 014/200 VUs  10m0s

running (10m02.8s), 008/200 VUs, 3101 complete and 38 interrupted iterations
normal_day ↓ [ 100% ] 014/200 VUs  10m0s

running (10m03.8s), 008/200 VUs, 3101 complete and 38 interrupted iterations
normal_day ↓ [ 100% ] 014/200 VUs  10m0s

running (10m04.8s), 007/200 VUs, 3102 complete and 38 interrupted iterations
normal_day ↓ [ 100% ] 014/200 VUs  10m0s

running (10m05.8s), 007/200 VUs, 3102 complete and 38 interrupted iterations
normal_day ↓ [ 100% ] 014/200 VUs  10m0s

running (10m06.8s), 006/200 VUs, 3103 complete and 38 interrupted iterations
normal_day ↓ [ 100% ] 014/200 VUs  10m0s

running (10m07.8s), 005/200 VUs, 3104 complete and 38 interrupted iterations
normal_day ↓ [ 100% ] 014/200 VUs  10m0s

running (10m08.8s), 004/200 VUs, 3105 complete and 38 interrupted iterations
normal_day ↓ [ 100% ] 014/200 VUs  10m0s

running (10m09.8s), 003/200 VUs, 3106 complete and 38 interrupted iterations
normal_day ↓ [ 100% ] 014/200 VUs  10m0s

running (10m10.8s), 003/200 VUs, 3106 complete and 38 interrupted iterations
normal_day ↓ [ 100% ] 014/200 VUs  10m0s

running (10m11.8s), 002/200 VUs, 3107 complete and 38 interrupted iterations
normal_day ↓ [ 100% ] 014/200 VUs  10m0s

running (10m12.8s), 002/200 VUs, 3107 complete and 38 interrupted iterations
normal_day ↓ [ 100% ] 014/200 VUs  10m0s

running (10m13.8s), 001/200 VUs, 3108 complete and 38 interrupted iterations
normal_day ↓ [ 100% ] 014/200 VUs  10m0s

running (10m14.8s), 001/200 VUs, 3108 complete and 38 interrupted iterations
normal_day ↓ [ 100% ] 014/200 VUs  10m0s

running (10m15.8s), 001/200 VUs, 3108 complete and 38 interrupted iterations
normal_day ↓ [ 100% ] 014/200 VUs  10m0s

running (10m16.8s), 001/200 VUs, 3108 complete and 38 interrupted iterations
normal_day ↓ [ 100% ] 014/200 VUs  10m0s

running (10m17.8s), 001/200 VUs, 3108 complete and 38 interrupted iterations
normal_day ↓ [ 100% ] 014/200 VUs  10m0s

running (10m18.8s), 001/200 VUs, 3108 complete and 38 interrupted iterations
normal_day ↓ [ 100% ] 014/200 VUs  10m0s
[32m     ✓ login 200[0m
[32m     ✓ board list 200[0m
[32m     ✓ post create 2xx[0m
[32m     ✓ hot daily 200[0m
[32m     ✓ post list 200[0m
[32m     ✓ unread count 200[0m
[32m     ✓ chat rooms 200[0m
[32m     ✓ post detail 200[0m
[32m     ✓ comment list 200[0m
[32m     ✓ chat messages 200[0m
[32m     ✓ chat read 200[0m
[32m     ✓ comment create 2xx[0m
[32m     ✓ notif list 200[0m
[32m     ✓ post update 200[0m
[32m     ✓ post delete 200[0m
[32m     ✓ read one 200[0m
[32m     ✓ friend list 200[0m
[32m     ✓ post reaction 2xx[0m
[32m     ✓ user info 200[0m
[32m     ✓ my posts 200[0m
[32m     ✓ ws handshake 101[0m
[32m     ✓ meal today 200[0m
[32m     ✓ timetable today 200[0m
[32m     ✓ scrap 2xx[0m
[32m     ✓ refresh 200[0m
[32m     ✓ received reqs 200[0m
[32m     ✓ logout 200[0m
[32m     ✓ read all 200[0m
[32m     ✓ meal month 200[0m
[32m     ✓ post search 200[0m
[32m     ✓ comment reaction 200[0m

     auth_token_refreshes[2m...........:[0m [36m32[0m      [36;2m0.051637/s[0m
     chat_ws_messages_sent[2m..........:[0m [36m784[0m     [36;2m1.265103/s[0m
     chat_ws_rtt[2m....................:[0m avg=[36m2.67s[0m   min=[36m17ms[0m     med=[36m2.19s[0m    max=[36m15.04s[0m   p(90)=[36m5.61s[0m    p(95)=[36m6.55s[0m   p(99)=[36m9.03s[0m   
     checks[2m.........................:[0m [36m100.00%[0m [36;2m✓ 13657[0m     [36;2m✗ 0[0m    
     [32m✓[0m { phase:measure }[2m............:[0m [36m100.00%[0m [36;2m✓ 7371[0m      [36;2m✗ 0[0m    
     [32m✓[0m { phase:rampdown }[2m...........:[0m [36m100.00%[0m [36;2m✓ 2390[0m      [36;2m✗ 0[0m    
     [32m✓[0m { phase:warmup }[2m.............:[0m [36m100.00%[0m [36;2m✓ 3896[0m      [36;2m✗ 0[0m    
     data_received[2m..................:[0m [36m576 MB[0m  [36;2m930 kB/s[0m
     data_sent[2m......................:[0m [36m5.5 MB[0m  [36;2m8.9 kB/s[0m
     http_req_blocked[2m...............:[0m avg=[36m16.2µs[0m  min=[36m2.11µs[0m   med=[36m6.55µs[0m   max=[36m21.6ms[0m   p(90)=[36m10.21µs[0m  p(95)=[36m14.7µs[0m  p(99)=[36m317.22µs[0m
     http_req_connecting[2m............:[0m avg=[36m6.74µs[0m  min=[36m0s[0m       med=[36m0s[0m       max=[36m20.68ms[0m  p(90)=[36m0s[0m       p(95)=[36m0s[0m      p(99)=[36m218.16µs[0m
     http_req_duration[2m..............:[0m avg=[36m4.61s[0m   min=[36m2.1ms[0m    med=[36m4.22s[0m    max=[36m31.01s[0m   p(90)=[36m8.83s[0m    p(95)=[36m10.67s[0m  p(99)=[36m15.27s[0m  
       { expected_response:true }[2m...:[0m avg=[36m4.61s[0m   min=[36m2.1ms[0m    med=[36m4.22s[0m    max=[36m31.01s[0m   p(90)=[36m8.83s[0m    p(95)=[36m10.67s[0m  p(99)=[36m15.27s[0m  
     [32m✓[0m { feature:auth }[2m.............:[0m avg=[36m2.23s[0m   min=[36m19.7ms[0m   med=[36m1.74s[0m    max=[36m17.31s[0m   p(90)=[36m4.77s[0m    p(95)=[36m6.27s[0m   p(99)=[36m8.63s[0m   
     [32m✓[0m { feature:board }[2m............:[0m avg=[36m4.45s[0m   min=[36m2.57ms[0m   med=[36m4.32s[0m    max=[36m18.34s[0m   p(90)=[36m8.18s[0m    p(95)=[36m9.25s[0m   p(99)=[36m11.51s[0m  
     [32m✓[0m { feature:chat }[2m.............:[0m avg=[36m4.47s[0m   min=[36m3.86ms[0m   med=[36m4.33s[0m    max=[36m18.45s[0m   p(90)=[36m8.16s[0m    p(95)=[36m9.87s[0m   p(99)=[36m11.92s[0m  
     [32m✓[0m { feature:comment }[2m..........:[0m avg=[36m6.17s[0m   min=[36m2.69ms[0m   med=[36m5.27s[0m    max=[36m31.01s[0m   p(90)=[36m12.7s[0m    p(95)=[36m15.19s[0m  p(99)=[36m19.19s[0m  
     [32m✓[0m { feature:friend }[2m...........:[0m avg=[36m4.47s[0m   min=[36m5.74ms[0m   med=[36m4.56s[0m    max=[36m14.45s[0m   p(90)=[36m7.83s[0m    p(95)=[36m9.31s[0m   p(99)=[36m10.9s[0m   
     [32m✓[0m { feature:hot }[2m..............:[0m avg=[36m4.51s[0m   min=[36m7.58ms[0m   med=[36m4.33s[0m    max=[36m18.97s[0m   p(90)=[36m8.33s[0m    p(95)=[36m9.95s[0m   p(99)=[36m11.88s[0m  
     [32m✓[0m { feature:mypage }[2m...........:[0m avg=[36m4.9s[0m    min=[36m3.8ms[0m    med=[36m4.65s[0m    max=[36m18.33s[0m   p(90)=[36m8.97s[0m    p(95)=[36m10.61s[0m  p(99)=[36m13.66s[0m  
     [32m✓[0m { feature:notification }[2m.....:[0m avg=[36m4.55s[0m   min=[36m3.98ms[0m   med=[36m4.22s[0m    max=[36m15.43s[0m   p(90)=[36m8.52s[0m    p(95)=[36m10.32s[0m  p(99)=[36m11.76s[0m  
     [32m✓[0m { feature:post }[2m.............:[0m avg=[36m4.17s[0m   min=[36m2.1ms[0m    med=[36m3.9s[0m     max=[36m24.5s[0m    p(90)=[36m8.07s[0m    p(95)=[36m9.38s[0m   p(99)=[36m11.75s[0m  
     [32m✓[0m { feature:reaction }[2m.........:[0m avg=[36m4.63s[0m   min=[36m24.19ms[0m  med=[36m4.42s[0m    max=[36m13.09s[0m   p(90)=[36m8.43s[0m    p(95)=[36m9.97s[0m   p(99)=[36m11.64s[0m  
     [32m✓[0m { feature:school }[2m...........:[0m avg=[36m4.19s[0m   min=[36m4.73ms[0m   med=[36m3.98s[0m    max=[36m11.09s[0m   p(90)=[36m7.59s[0m    p(95)=[36m8.97s[0m   p(99)=[36m10.66s[0m  
     [32m✓[0m { feature:scrap }[2m............:[0m avg=[36m4.62s[0m   min=[36m81.65ms[0m  med=[36m4.4s[0m     max=[36m10.91s[0m   p(90)=[36m8.76s[0m    p(95)=[36m9.66s[0m   p(99)=[36m10.82s[0m  
     [32m✓[0m { feature:timetable }[2m........:[0m avg=[36m4.08s[0m   min=[36m3.09ms[0m   med=[36m3.71s[0m    max=[36m17.72s[0m   p(90)=[36m7.52s[0m    p(95)=[36m8.23s[0m   p(99)=[36m10.73s[0m  
     [32m✓[0m { op:auth }[2m..................:[0m avg=[36m2.23s[0m   min=[36m19.7ms[0m   med=[36m1.74s[0m    max=[36m17.31s[0m   p(90)=[36m4.77s[0m    p(95)=[36m6.27s[0m   p(99)=[36m8.63s[0m   
     [31m✗[0m { op:read,phase:measure }[2m....:[0m avg=[36m5.84s[0m   min=[36m3.79ms[0m   med=[36m5.26s[0m    max=[36m31.01s[0m   p(90)=[36m9.92s[0m    p(95)=[36m11.38s[0m  p(99)=[36m16.29s[0m  
     [31m✗[0m { op:write,phase:measure }[2m...:[0m avg=[36m6.19s[0m   min=[36m257.29ms[0m med=[36m5.58s[0m    max=[36m18.45s[0m   p(90)=[36m10.06s[0m   p(95)=[36m11.08s[0m  p(99)=[36m13.62s[0m  
     [32m✓[0m { page:0 }[2m...................:[0m avg=[36m3.04s[0m   min=[36m3.2ms[0m    med=[36m2.53s[0m    max=[36m14.39s[0m   p(90)=[36m6.29s[0m    p(95)=[36m7.64s[0m   p(99)=[36m9.49s[0m   
     [32m✓[0m { page:1 }[2m...................:[0m avg=[36m3.13s[0m   min=[36m4.18ms[0m   med=[36m2.61s[0m    max=[36m9.71s[0m    p(90)=[36m6.06s[0m    p(95)=[36m7.51s[0m   p(99)=[36m9.37s[0m   
     [32m✓[0m { page:2 }[2m...................:[0m avg=[36m3.15s[0m   min=[36m2.81ms[0m   med=[36m2.82s[0m    max=[36m11.14s[0m   p(90)=[36m6.25s[0m    p(95)=[36m7.23s[0m   p(99)=[36m10.12s[0m  
     [32m✓[0m { page:3 }[2m...................:[0m avg=[36m3.37s[0m   min=[36m3.78ms[0m   med=[36m2.76s[0m    max=[36m11.39s[0m   p(90)=[36m6.82s[0m    p(95)=[36m8.31s[0m   p(99)=[36m10.68s[0m  
     [32m✓[0m { page:4 }[2m...................:[0m avg=[36m3.18s[0m   min=[36m2.1ms[0m    med=[36m3.14s[0m    max=[36m8.56s[0m    p(90)=[36m5.91s[0m    p(95)=[36m7.55s[0m   p(99)=[36m8.45s[0m   
     [32m✓[0m { phase:measure }[2m............:[0m avg=[36m5.86s[0m   min=[36m3.79ms[0m   med=[36m5.28s[0m    max=[36m31.01s[0m   p(90)=[36m9.94s[0m    p(95)=[36m11.36s[0m  p(99)=[36m16.12s[0m  
     [32m✓[0m { phase:rampdown }[2m...........:[0m avg=[36m4.2s[0m    min=[36m2.1ms[0m    med=[36m3.83s[0m    max=[36m21.81s[0m   p(90)=[36m8.18s[0m    p(95)=[36m9.37s[0m   p(99)=[36m14.49s[0m  
     [32m✓[0m { phase:warmup }[2m.............:[0m avg=[36m2.51s[0m   min=[36m3.2ms[0m    med=[36m2.12s[0m    max=[36m23.87s[0m   p(90)=[36m4.92s[0m    p(95)=[36m6.1s[0m    p(99)=[36m13.36s[0m  
     http_req_failed[2m................:[0m [36m0.00%[0m   [36;2m✓ 0[0m         [36;2m✗ 13518[0m
     [32m✓[0m { phase:measure }[2m............:[0m [36m0.00%[0m   [36;2m✓ 0[0m         [36;2m✗ 7350[0m 
     [32m✓[0m { phase:rampdown }[2m...........:[0m [36m0.00%[0m   [36;2m✓ 0[0m         [36;2m✗ 2228[0m 
     [32m✓[0m { phase:warmup }[2m.............:[0m [36m0.00%[0m   [36;2m✓ 0[0m         [36;2m✗ 3940[0m 
     http_req_receiving[2m.............:[0m avg=[36m1.89ms[0m  min=[36m33.1µs[0m   med=[36m324.93µs[0m max=[36m209.79ms[0m p(90)=[36m832.94µs[0m p(95)=[36m3.64ms[0m  p(99)=[36m69.38ms[0m 
     http_req_sending[2m...............:[0m avg=[36m43.87µs[0m min=[36m6.78µs[0m   med=[36m36.97µs[0m  max=[36m5.77ms[0m   p(90)=[36m66.49µs[0m  p(95)=[36m81.46µs[0m p(99)=[36m139.55µs[0m
     http_req_tls_handshaking[2m.......:[0m avg=[36m0s[0m      min=[36m0s[0m       med=[36m0s[0m       max=[36m0s[0m       p(90)=[36m0s[0m       p(95)=[36m0s[0m      p(99)=[36m0s[0m      
     http_req_waiting[2m...............:[0m avg=[36m4.61s[0m   min=[36m2ms[0m      med=[36m4.22s[0m    max=[36m30.99s[0m   p(90)=[36m8.82s[0m    p(95)=[36m10.67s[0m  p(99)=[36m15.2s[0m   
     http_reqs[2m......................:[0m [36m13518[0m   [36;2m21.813339/s[0m
     [32m✓[0m { feature:auth }[2m.............:[0m [36m292[0m     [36;2m0.471186/s[0m
     [32m✓[0m { feature:board }[2m............:[0m [36m1248[0m    [36;2m2.013837/s[0m
     [32m✓[0m { feature:chat }[2m.............:[0m [36m1056[0m    [36;2m1.704016/s[0m
     [32m✓[0m { feature:comment }[2m..........:[0m [36m2393[0m    [36;2m3.861468/s[0m
     [32m✓[0m { feature:friend }[2m...........:[0m [36m212[0m     [36;2m0.342094/s[0m
     [32m✓[0m { feature:hot }[2m..............:[0m [36m1248[0m    [36;2m2.013837/s[0m
     [32m✓[0m { feature:mypage }[2m...........:[0m [36m216[0m     [36;2m0.348549/s[0m
     [32m✓[0m { feature:notification }[2m.....:[0m [36m581[0m     [36;2m0.937531/s[0m
     [32m✓[0m { feature:post }[2m.............:[0m [36m5725[0m    [36;2m9.238154/s[0m
     [32m✓[0m { feature:reaction }[2m.........:[0m [36m255[0m     [36;2m0.411481/s[0m
     [32m✓[0m { feature:school }[2m...........:[0m [36m125[0m     [36;2m0.201706/s[0m
     [32m✓[0m { feature:scrap }[2m............:[0m [36m66[0m      [36;2m0.106501/s[0m
     [32m✓[0m { feature:timetable }[2m........:[0m [36m101[0m     [36;2m0.162979/s[0m
     [32m✓[0m { op:auth }[2m..................:[0m [36m292[0m     [36;2m0.471186/s[0m
     [32m✓[0m { op:read }[2m..................:[0m [36m12186[0m   [36;2m19.663956/s[0m
     [32m✓[0m { op:write }[2m.................:[0m [36m1040[0m    [36;2m1.678197/s[0m
     [32m✓[0m { page:0 }[2m...................:[0m [36m687[0m     [36;2m1.108579/s[0m
     [32m✓[0m { page:1 }[2m...................:[0m [36m240[0m     [36;2m0.387276/s[0m
     [32m✓[0m { page:2 }[2m...................:[0m [36m162[0m     [36;2m0.261412/s[0m
     [32m✓[0m { page:3 }[2m...................:[0m [36m102[0m     [36;2m0.164592/s[0m
     [32m✓[0m { page:4 }[2m...................:[0m [36m57[0m      [36;2m0.091978/s[0m
     [32m✓[0m { phase:measure }[2m............:[0m [36m7350[0m    [36;2m11.860338/s[0m
     [32m✓[0m { phase:rampdown }[2m...........:[0m [36m2228[0m    [36;2m3.595215/s[0m
     [32m✓[0m { phase:warmup }[2m.............:[0m [36m3940[0m    [36;2m6.357786/s[0m
     iteration_duration[2m.............:[0m avg=[36m29.37s[0m  min=[36m1.24s[0m    med=[36m21.65s[0m   max=[36m1m55s[0m    p(90)=[36m1m1s[0m     p(95)=[36m1m11s[0m   p(99)=[36m1m28s[0m   
     iterations[2m.....................:[0m [36m3109[0m    [36;2m5.016842/s[0m
     [32m✓[0m { phase:measure }[2m............:[0m [36m0[0m       [36;2m0/s[0m
     [32m✓[0m { phase:rampdown }[2m...........:[0m [36m0[0m       [36;2m0/s[0m
     [32m✓[0m { phase:warmup }[2m.............:[0m [36m0[0m       [36;2m0/s[0m
     phase_iterations[2m...............:[0m [36m3109[0m    [36;2m5.016842/s[0m
     [32m✓[0m { phase:measure }[2m............:[0m [36m1708[0m    [36;2m2.756117/s[0m
     [32m✓[0m { phase:rampdown }[2m...........:[0m [36m599[0m     [36;2m0.966577/s[0m
     [32m✓[0m { phase:warmup }[2m.............:[0m [36m802[0m     [36;2m1.294148/s[0m
     vus[2m............................:[0m [36m1[0m       [36;2mmin=0[0m       [36;2mmax=200[0m
     vus_max[2m........................:[0m [36m200[0m     [36;2mmin=200[0m     [36;2mmax=200[0m
     ws_connecting[2m..................:[0m avg=[36m3.92s[0m   min=[36m2.88ms[0m   med=[36m3.41s[0m    max=[36m12.47s[0m   p(90)=[36m7.65s[0m    p(95)=[36m9.31s[0m   p(99)=[36m11.22s[0m  
     ws_msgs_received[2m...............:[0m [36m818[0m     [36;2m1.319967/s[0m
     ws_msgs_sent[2m...................:[0m [36m1062[0m    [36;2m1.713698/s[0m
     ws_session_duration[2m............:[0m avg=[36m26.77s[0m  min=[36m15.96s[0m   med=[36m27.12s[0m   max=[36m40.6s[0m    p(90)=[36m33.56s[0m   p(95)=[36m34.5s[0m   p(99)=[36m39.32s[0m  
     ws_sessions[2m....................:[0m [36m139[0m     [36;2m0.224298/s[0m
running (10m19.7s), 000/200 VUs, 3109 complete and 38 interrupted iterations
normal_day ✓ [ 100% ] 000/200 VUs  10m0s

running (10m19.7s), 000/200 VUs, 3109 complete and 38 interrupted iterations
normal_day ✓ [ 100% ] 000/200 VUs  10m0s
  호스트(Windows) 122표본 · CPU 50.9% (max 66.4) · 주파수 117.6% (min -1.0) · 대기스레드 22.68 · 가용메모리 3398MB
  부하 중 벤치(warmup +60초, 3회 중앙값) · single 6091ms (유휴 대비 16.7%) · parallel 5361ms (유휴 대비 -12.2%) · ctxswitch 3019ms (유휴 대비 40.5%)

  실행 후 상태 sha256:37e01613683b — chat_messages.maxId +784, chat_messages.count +778, posts.maxId +155, comments.count +153, comments.maxId +153 (외 13개)
    (지문 제외 항목: posts.sumViewCount +3573, daily_hot_post.count +50)
Prometheus 스크레이프 대기 20초...

══════════════════════════════════════════════════════════════════════════
  Performance Report — normal-day   Run #90   ❌ FAIL
══════════════════════════════════════════════════════════════════════════
  환경 perf  |  브랜치 personal/localdocs  |  커밋 3e96d946  |  빌드 local
  시작 2026-08-19 16:42:32 KST  |  수행 10m 20s  |  VU max 200
  데이터셋 medium  |  부하 ramping-vus 0→200@3m0s→200@5m0s→0@2m0s

  ── 성능 (measure 구간) ─────────────────────────────────────────
  평균 5.86s     P95 11.37s    P99 16.13s   
  RPS  24.5      TPS 5.69      오류율 0.00%

  ── 인프라 ────────────────────────────────────────────────────────
  CPU  2.00 core (한계의 100%)   throttled 100.0%
  Heap 809 MB (79%)   GC max 205ms × 110회
  DB   slow 1,006  QPS 6,636  풀 100%  대기 191
  Redis hit 98.6%  ops 133.5/s  evicted 0

  ── 회귀 (기준: normal-day-2026-08-19T06-51-15) ────────────────
  ⚠  기준선은 당시 k6 threshold 미통과 실행입니다, 당시 Node 판정 FAIL.
     아래 증감률은 개선/악화 폭이며 현재 SLO 통과를 뜻하지 않습니다.
  ❌ P95 응답시간                   14.80s → 11.37s (-23.2%)
       11369 > 상한 500
  ❌ P99 응답시간                   19.80s → 16.13s (-18.6%)
       16126 > 상한 1200
  ❌ CPU 포화도 (한계 대비 최대)         100.1% → 100.1% (+0.0%)
       100 > 상한 95.00
  ❌ CPU throttling 비율          99.9% → 100.0% (+0.0%)
       99.97 > 상한 10.00
  ⚠️  GC 최대 정지시간                 109ms → 205ms (+88.1%)
       205 > 상한 200
       직전 대비 +88.1% 악화 (경고 30%)
  ❌ HikariCP 포화도               100.0% → 100.0% (0.0%)
       100 > 상한 95.00
  ❌ HikariCP 대기 스레드 최대         189 → 191 (+1.1%)
       191 > 상한 5.00
  ❌ 커넥션 획득 p95                 8.33s → 6.70s (-19.6%)
       6696 > 상한 100

  ── 병목 가설 ─────────────────────────────────────────────────────
  • CPU throttling 발생
    cgroup이 CPU를 강제 회수한 주기가 100.0%다. CPU 한계(2 core)를 올리거나 요청당 CPU 사용을 줄여야 p99가 안정된다.
  • DB 커넥션 풀 대기 발생
    최대 191개 스레드가 커넥션을 기다렸다. 풀 크기(10)가 동시성 대비 부족하거나, 커넥션 보유 시간이 긴 쿼리가 있다.
  • DB 커넥션 풀 포화
    풀 사용률이 100%까지 올라갔다. 여유가 거의 없어 부하가 조금만 늘어도 대기가 생긴다.
  • CPU 포화
    CPU 사용이 한계의 100%에 도달했다.

  보고서 : reports\runs\normal-day-2026-08-19T07-52-52\report.html
  Grafana(전체 실행): http://localhost:3001/d/htd-perf-overview/highteenday-performance-overview?from=1787125232382&to=1787126092095
  Grafana(measure) : http://localhost:3001/d/htd-perf-overview/highteenday-performance-overview?from=1787125412382&to=1787125952382
══════════════════════════════════════════════════════════════════════════

  [1/10] p95 11369.2ms · 평균 5863.5ms · 서버측 5843.2ms · 경로 20.3ms

──────── [2/10] 리셋 (restart) ────────

▶ k6 run scenarios/normal-day.js
  브랜치 personal/localdocs · 커밋 3e96d9463207 · 실행자 user@DESKTOP-DJJPASG
  환경 perf · "E-46 우선순위 7 — 예열인가 드리프트인가(연속 10회, 부하 중 벤치 포함) — repeatability 2/10"
  데이터셋 medium · 상태 sha256:37e01613683b (138ms)
  캐시 cold (키 0개)
  guard strict — 상태 불일치 시 스냅샷 복원 후 재확인 [perf.config.json]
    guard=strict — 스냅샷으로 복원합니다.
▶ 복원 — medium-20260816-062210 → perf-mysql-data-medium
  앱·MySQL 정지
  MySQL 기동
  Redis FLUSHALL (복원 후 캐시는 cold 다)
  앱 기동
  복원 후 상태 지문 sha256:ffe696d17416 = 스냅샷 일치

✅ 복원 완료 · 소요 5.5초 (압축 해제 구간)

  부하 발생기: 컨테이너 perf-k6 (grafana/k6:2.1.0, CPU 상한 4)
  k6 지표 전송: http://prometheus:9090/api/v1/write (native histogram, 5s 간격)
  환경 대조 벤치 실행 중(3축 3회, 약 40초)... single 5007ms · parallel 5486ms · ctxswitch 2185ms
  부하 중 벤치 예약: k6 시작 +60초 (warmup 구간, 3회)

         /\      Grafana   /‾‾/  
    /\  /  \     |\  __   /  /   
   /  \/    \    | |/ /  /   ‾‾\ 
  /          \   |   (  |  (‾)  |
 / __________ \  |_|\_\  \_____/ 


     execution: local
        script: scenarios/normal-day.js
        output: Prometheus remote write (http://prometheus:9090/api/v1/write)

     scenarios: (100.00%) 1 scenario, 200 max VUs, 10m30s max duration (incl. graceful stop):
              * normal_day: Up to 200 looping VUs for 10m0s over 3 stages (gracefulRampDown: 30s, gracefulStop: 30s)


running (00m00.8s), 000/200 VUs, 0 complete and 0 interrupted iterations
normal_day   [   0% ] 000/200 VUs  00m00.8s/10m00.0s

running (00m01.8s), 001/200 VUs, 0 complete and 0 interrupted iterations
normal_day   [   0% ] 001/200 VUs  00m01.8s/10m00.0s

running (00m02.8s), 003/200 VUs, 0 complete and 0 interrupted iterations
normal_day   [   0% ] 003/200 VUs  00m02.8s/10m00.0s

running (00m03.8s), 004/200 VUs, 0 complete and 0 interrupted iterations
normal_day   [   1% ] 004/200 VUs  00m03.8s/10m00.0s

running (00m04.8s), 005/200 VUs, 0 complete and 0 interrupted iterations
normal_day   [   1% ] 005/200 VUs  00m04.8s/10m00.0s

running (00m05.8s), 006/200 VUs, 0 complete and 0 interrupted iterations
normal_day   [   1% ] 006/200 VUs  00m05.8s/10m00.0s

running (00m06.8s), 007/200 VUs, 2 complete and 0 interrupted iterations
normal_day   [   1% ] 007/200 VUs  00m06.8s/10m00.0s

running (00m07.8s), 008/200 VUs, 3 complete and 0 interrupted iterations
normal_day   [   1% ] 008/200 VUs  00m07.8s/10m00.0s

running (00m08.8s), 009/200 VUs, 4 complete and 0 interrupted iterations
normal_day   [   1% ] 009/200 VUs  00m08.8s/10m00.0s

running (00m09.8s), 010/200 VUs, 4 complete and 0 interrupted iterations
normal_day   [   2% ] 010/200 VUs  00m09.8s/10m00.0s

running (00m10.8s), 011/200 VUs, 4 complete and 0 interrupted iterations
normal_day   [   2% ] 011/200 VUs  00m10.8s/10m00.0s

running (00m11.8s), 013/200 VUs, 4 complete and 0 interrupted iterations
normal_day   [   2% ] 013/200 VUs  00m11.8s/10m00.0s

running (00m12.8s), 014/200 VUs, 5 complete and 0 interrupted iterations
normal_day   [   2% ] 014/200 VUs  00m12.8s/10m00.0s

running (00m13.8s), 015/200 VUs, 6 complete and 0 interrupted iterations
normal_day   [   2% ] 015/200 VUs  00m13.8s/10m00.0s

running (00m14.8s), 016/200 VUs, 7 complete and 0 interrupted iterations
normal_day   [   2% ] 016/200 VUs  00m14.8s/10m00.0s

running (00m15.8s), 017/200 VUs, 7 complete and 0 interrupted iterations
normal_day   [   3% ] 017/200 VUs  00m15.8s/10m00.0s

running (00m16.8s), 018/200 VUs, 8 complete and 0 interrupted iterations
normal_day   [   3% ] 018/200 VUs  00m16.8s/10m00.0s

running (00m17.8s), 019/200 VUs, 10 complete and 0 interrupted iterations
normal_day   [   3% ] 019/200 VUs  00m17.8s/10m00.0s

running (00m18.8s), 020/200 VUs, 13 complete and 0 interrupted iterations
normal_day   [   3% ] 020/200 VUs  00m18.8s/10m00.0s

running (00m19.8s), 021/200 VUs, 15 complete and 0 interrupted iterations
normal_day   [   3% ] 021/200 VUs  00m19.8s/10m00.0s

running (00m20.8s), 023/200 VUs, 15 complete and 0 interrupted iterations
normal_day   [   3% ] 023/200 VUs  00m20.8s/10m00.0s

running (00m21.8s), 024/200 VUs, 15 complete and 0 interrupted iterations
normal_day   [   4% ] 024/200 VUs  00m21.8s/10m00.0s

running (00m22.8s), 025/200 VUs, 19 complete and 0 interrupted iterations
normal_day   [   4% ] 025/200 VUs  00m22.8s/10m00.0s

running (00m23.8s), 026/200 VUs, 20 complete and 0 interrupted iterations
normal_day   [   4% ] 026/200 VUs  00m23.8s/10m00.0s

running (00m24.8s), 027/200 VUs, 22 complete and 0 interrupted iterations
normal_day   [   4% ] 027/200 VUs  00m24.8s/10m00.0s

running (00m25.8s), 028/200 VUs, 26 complete and 0 interrupted iterations
normal_day   [   4% ] 028/200 VUs  00m25.8s/10m00.0s

running (00m26.8s), 029/200 VUs, 26 complete and 0 interrupted iterations
normal_day   [   4% ] 029/200 VUs  00m26.8s/10m00.0s

running (00m27.8s), 030/200 VUs, 26 complete and 0 interrupted iterations
normal_day   [   5% ] 030/200 VUs  00m27.8s/10m00.0s

running (00m28.8s), 031/200 VUs, 29 complete and 0 interrupted iterations
normal_day   [   5% ] 031/200 VUs  00m28.8s/10m00.0s

running (00m29.8s), 033/200 VUs, 30 complete and 0 interrupted iterations
normal_day   [   5% ] 033/200 VUs  00m29.8s/10m00.0s

running (00m30.8s), 034/200 VUs, 33 complete and 0 interrupted iterations
normal_day   [   5% ] 034/200 VUs  00m30.8s/10m00.0s

running (00m31.8s), 035/200 VUs, 34 complete and 0 interrupted iterations
normal_day   [   5% ] 035/200 VUs  00m31.8s/10m00.0s

running (00m32.8s), 036/200 VUs, 35 complete and 0 interrupted iterations
normal_day   [   5% ] 036/200 VUs  00m32.8s/10m00.0s

running (00m33.8s), 037/200 VUs, 40 complete and 0 interrupted iterations
normal_day   [   6% ] 037/200 VUs  00m33.8s/10m00.0s

running (00m34.8s), 038/200 VUs, 41 complete and 0 interrupted iterations
normal_day   [   6% ] 038/200 VUs  00m34.8s/10m00.0s

running (00m35.8s), 039/200 VUs, 45 complete and 0 interrupted iterations
normal_day   [   6% ] 039/200 VUs  00m35.8s/10m00.0s

running (00m36.8s), 040/200 VUs, 47 complete and 0 interrupted iterations
normal_day   [   6% ] 040/200 VUs  00m36.8s/10m00.0s

running (00m37.8s), 041/200 VUs, 49 complete and 0 interrupted iterations
normal_day   [   6% ] 041/200 VUs  00m37.8s/10m00.0s

running (00m38.8s), 043/200 VUs, 54 complete and 0 interrupted iterations
normal_day   [   6% ] 043/200 VUs  00m38.8s/10m00.0s

running (00m39.8s), 044/200 VUs, 61 complete and 0 interrupted iterations
normal_day   [   7% ] 044/200 VUs  00m39.8s/10m00.0s

running (00m40.8s), 045/200 VUs, 64 complete and 0 interrupted iterations
normal_day   [   7% ] 045/200 VUs  00m40.8s/10m00.0s

running (00m41.8s), 046/200 VUs, 64 complete and 0 interrupted iterations
normal_day   [   7% ] 046/200 VUs  00m41.8s/10m00.0s

running (00m42.8s), 047/200 VUs, 70 complete and 0 interrupted iterations
normal_day   [   7% ] 047/200 VUs  00m42.8s/10m00.0s

running (00m43.8s), 048/200 VUs, 76 complete and 0 interrupted iterations
normal_day   [   7% ] 048/200 VUs  00m43.8s/10m00.0s

running (00m44.8s), 049/200 VUs, 82 complete and 0 interrupted iterations
normal_day   [   7% ] 049/200 VUs  00m44.8s/10m00.0s

running (00m45.8s), 050/200 VUs, 88 complete and 0 interrupted iterations
normal_day   [   8% ] 050/200 VUs  00m45.8s/10m00.0s

running (00m46.8s), 051/200 VUs, 92 complete and 0 interrupted iterations
normal_day   [   8% ] 051/200 VUs  00m46.8s/10m00.0s

running (00m47.8s), 053/200 VUs, 94 complete and 0 interrupted iterations
normal_day   [   8% ] 053/200 VUs  00m47.8s/10m00.0s

running (00m48.8s), 054/200 VUs, 97 complete and 0 interrupted iterations
normal_day   [   8% ] 054/200 VUs  00m48.8s/10m00.0s

running (00m49.8s), 055/200 VUs, 102 complete and 0 interrupted iterations
normal_day   [   8% ] 055/200 VUs  00m49.8s/10m00.0s

running (00m50.8s), 056/200 VUs, 104 complete and 0 interrupted iterations
normal_day   [   8% ] 056/200 VUs  00m50.8s/10m00.0s

running (00m51.8s), 057/200 VUs, 110 complete and 0 interrupted iterations
normal_day   [   9% ] 057/200 VUs  00m51.8s/10m00.0s

running (00m52.8s), 058/200 VUs, 117 complete and 0 interrupted iterations
normal_day   [   9% ] 058/200 VUs  00m52.8s/10m00.0s

running (00m53.8s), 059/200 VUs, 121 complete and 0 interrupted iterations
normal_day   [   9% ] 059/200 VUs  00m53.8s/10m00.0s

running (00m54.8s), 060/200 VUs, 129 complete and 0 interrupted iterations
normal_day   [   9% ] 060/200 VUs  00m54.8s/10m00.0s

running (00m55.8s), 061/200 VUs, 134 complete and 0 interrupted iterations
normal_day   [   9% ] 061/200 VUs  00m55.8s/10m00.0s

running (00m56.8s), 063/200 VUs, 139 complete and 0 interrupted iterations
normal_day   [   9% ] 063/200 VUs  00m56.8s/10m00.0s

running (00m57.8s), 064/200 VUs, 148 complete and 0 interrupted iterations
normal_day   [  10% ] 064/200 VUs  00m57.8s/10m00.0s

running (00m58.8s), 065/200 VUs, 154 complete and 0 interrupted iterations
normal_day   [  10% ] 065/200 VUs  00m58.8s/10m00.0s

running (00m59.8s), 066/200 VUs, 158 complete and 0 interrupted iterations
normal_day   [  10% ] 066/200 VUs  00m59.8s/10m00.0s

running (01m00.8s), 067/200 VUs, 165 complete and 0 interrupted iterations
normal_day   [  10% ] 067/200 VUs  01m00.8s/10m00.0s

running (01m01.8s), 068/200 VUs, 175 complete and 0 interrupted iterations
normal_day   [  10% ] 068/200 VUs  01m01.8s/10m00.0s

running (01m02.8s), 069/200 VUs, 181 complete and 0 interrupted iterations
normal_day   [  10% ] 069/200 VUs  01m02.8s/10m00.0s

running (01m03.8s), 070/200 VUs, 189 complete and 0 interrupted iterations
normal_day   [  11% ] 070/200 VUs  01m03.8s/10m00.0s

running (01m04.8s), 071/200 VUs, 195 complete and 0 interrupted iterations
normal_day   [  11% ] 071/200 VUs  01m04.8s/10m00.0s

running (01m05.8s), 073/200 VUs, 204 complete and 0 interrupted iterations
normal_day   [  11% ] 073/200 VUs  01m05.8s/10m00.0s

running (01m06.8s), 074/200 VUs, 209 complete and 0 interrupted iterations
normal_day   [  11% ] 074/200 VUs  01m06.8s/10m00.0s

running (01m07.8s), 075/200 VUs, 215 complete and 0 interrupted iterations
normal_day   [  11% ] 075/200 VUs  01m07.8s/10m00.0s

running (01m08.8s), 076/200 VUs, 223 complete and 0 interrupted iterations
normal_day   [  11% ] 076/200 VUs  01m08.8s/10m00.0s

running (01m09.8s), 077/200 VUs, 228 complete and 0 interrupted iterations
normal_day   [  12% ] 077/200 VUs  01m09.8s/10m00.0s

running (01m10.8s), 078/200 VUs, 235 complete and 0 interrupted iterations
normal_day   [  12% ] 078/200 VUs  01m10.8s/10m00.0s

running (01m11.8s), 079/200 VUs, 243 complete and 0 interrupted iterations
normal_day   [  12% ] 079/200 VUs  01m11.8s/10m00.0s

running (01m12.8s), 080/200 VUs, 248 complete and 0 interrupted iterations
normal_day   [  12% ] 080/200 VUs  01m12.8s/10m00.0s

running (01m13.8s), 081/200 VUs, 253 complete and 0 interrupted iterations
normal_day   [  12% ] 081/200 VUs  01m13.8s/10m00.0s

running (01m14.8s), 083/200 VUs, 259 complete and 0 interrupted iterations
normal_day   [  12% ] 083/200 VUs  01m14.8s/10m00.0s

running (01m15.8s), 084/200 VUs, 272 complete and 0 interrupted iterations
normal_day   [  13% ] 084/200 VUs  01m15.8s/10m00.0s

running (01m16.8s), 085/200 VUs, 277 complete and 0 interrupted iterations
normal_day   [  13% ] 085/200 VUs  01m16.8s/10m00.0s

running (01m17.8s), 086/200 VUs, 282 complete and 0 interrupted iterations
normal_day   [  13% ] 086/200 VUs  01m17.8s/10m00.0s

running (01m18.8s), 087/200 VUs, 287 complete and 0 interrupted iterations
normal_day   [  13% ] 087/200 VUs  01m18.8s/10m00.0s

running (01m19.8s), 088/200 VUs, 294 complete and 0 interrupted iterations
normal_day   [  13% ] 088/200 VUs  01m19.8s/10m00.0s

running (01m20.8s), 089/200 VUs, 299 complete and 0 interrupted iterations
normal_day   [  13% ] 089/200 VUs  01m20.8s/10m00.0s

running (01m21.8s), 090/200 VUs, 309 complete and 0 interrupted iterations
normal_day   [  14% ] 090/200 VUs  01m21.8s/10m00.0s

running (01m22.8s), 091/200 VUs, 312 complete and 0 interrupted iterations
normal_day   [  14% ] 091/200 VUs  01m22.8s/10m00.0s

running (01m23.8s), 093/200 VUs, 316 complete and 0 interrupted iterations
normal_day   [  14% ] 093/200 VUs  01m23.8s/10m00.0s

running (01m24.8s), 094/200 VUs, 317 complete and 0 interrupted iterations
normal_day   [  14% ] 094/200 VUs  01m24.8s/10m00.0s

running (01m25.8s), 095/200 VUs, 320 complete and 0 interrupted iterations
normal_day   [  14% ] 095/200 VUs  01m25.8s/10m00.0s

running (01m26.8s), 096/200 VUs, 324 complete and 0 interrupted iterations
normal_day   [  14% ] 096/200 VUs  01m26.8s/10m00.0s

running (01m27.8s), 097/200 VUs, 330 complete and 0 interrupted iterations
normal_day   [  15% ] 097/200 VUs  01m27.8s/10m00.0s

running (01m28.8s), 098/200 VUs, 330 complete and 0 interrupted iterations
normal_day   [  15% ] 098/200 VUs  01m28.8s/10m00.0s

running (01m29.8s), 099/200 VUs, 331 complete and 0 interrupted iterations
normal_day   [  15% ] 099/200 VUs  01m29.8s/10m00.0s

running (01m30.8s), 100/200 VUs, 333 complete and 0 interrupted iterations
normal_day   [  15% ] 100/200 VUs  01m30.8s/10m00.0s

running (01m31.8s), 101/200 VUs, 336 complete and 0 interrupted iterations
normal_day   [  15% ] 101/200 VUs  01m31.8s/10m00.0s

running (01m32.8s), 103/200 VUs, 341 complete and 0 interrupted iterations
normal_day   [  15% ] 103/200 VUs  01m32.8s/10m00.0s

running (01m33.8s), 104/200 VUs, 344 complete and 0 interrupted iterations
normal_day   [  16% ] 104/200 VUs  01m33.8s/10m00.0s

running (01m34.8s), 105/200 VUs, 349 complete and 0 interrupted iterations
normal_day   [  16% ] 105/200 VUs  01m34.8s/10m00.0s

running (01m35.8s), 106/200 VUs, 353 complete and 0 interrupted iterations
normal_day   [  16% ] 106/200 VUs  01m35.8s/10m00.0s

running (01m36.8s), 107/200 VUs, 356 complete and 0 interrupted iterations
normal_day   [  16% ] 107/200 VUs  01m36.8s/10m00.0s

running (01m37.8s), 108/200 VUs, 357 complete and 0 interrupted iterations
normal_day   [  16% ] 108/200 VUs  01m37.8s/10m00.0s

running (01m38.8s), 109/200 VUs, 361 complete and 0 interrupted iterations
normal_day   [  16% ] 109/200 VUs  01m38.8s/10m00.0s

running (01m39.8s), 110/200 VUs, 369 complete and 0 interrupted iterations
normal_day   [  17% ] 110/200 VUs  01m39.8s/10m00.0s

running (01m40.8s), 111/200 VUs, 373 complete and 0 interrupted iterations
normal_day   [  17% ] 111/200 VUs  01m40.8s/10m00.0s

running (01m41.8s), 113/200 VUs, 380 complete and 0 interrupted iterations
normal_day   [  17% ] 113/200 VUs  01m41.8s/10m00.0s

running (01m42.8s), 114/200 VUs, 390 complete and 0 interrupted iterations
normal_day   [  17% ] 114/200 VUs  01m42.8s/10m00.0s

running (01m43.8s), 115/200 VUs, 395 complete and 0 interrupted iterations
normal_day   [  17% ] 115/200 VUs  01m43.8s/10m00.0s

running (01m44.8s), 116/200 VUs, 405 complete and 0 interrupted iterations
normal_day   [  17% ] 116/200 VUs  01m44.8s/10m00.0s

running (01m45.8s), 117/200 VUs, 409 complete and 0 interrupted iterations
normal_day   [  18% ] 117/200 VUs  01m45.8s/10m00.0s

running (01m46.8s), 118/200 VUs, 413 complete and 0 interrupted iterations
normal_day   [  18% ] 118/200 VUs  01m46.8s/10m00.0s

running (01m47.8s), 119/200 VUs, 417 complete and 0 interrupted iterations
normal_day   [  18% ] 119/200 VUs  01m47.8s/10m00.0s

running (01m48.8s), 120/200 VUs, 430 complete and 0 interrupted iterations
normal_day   [  18% ] 120/200 VUs  01m48.8s/10m00.0s

running (01m49.8s), 121/200 VUs, 436 complete and 0 interrupted iterations
normal_day   [  18% ] 121/200 VUs  01m49.8s/10m00.0s

running (01m50.8s), 123/200 VUs, 439 complete and 0 interrupted iterations
normal_day   [  18% ] 123/200 VUs  01m50.8s/10m00.0s

running (01m51.8s), 124/200 VUs, 442 complete and 0 interrupted iterations
normal_day   [  19% ] 124/200 VUs  01m51.8s/10m00.0s

running (01m52.8s), 125/200 VUs, 443 complete and 0 interrupted iterations
normal_day   [  19% ] 125/200 VUs  01m52.8s/10m00.0s

running (01m53.8s), 126/200 VUs, 452 complete and 0 interrupted iterations
normal_day   [  19% ] 126/200 VUs  01m53.8s/10m00.0s

running (01m54.8s), 127/200 VUs, 454 complete and 0 interrupted iterations
normal_day   [  19% ] 127/200 VUs  01m54.8s/10m00.0s

running (01m55.8s), 128/200 VUs, 458 complete and 0 interrupted iterations
normal_day   [  19% ] 128/200 VUs  01m55.8s/10m00.0s

running (01m56.8s), 129/200 VUs, 462 complete and 0 interrupted iterations
normal_day   [  19% ] 129/200 VUs  01m56.8s/10m00.0s

running (01m57.8s), 130/200 VUs, 464 complete and 0 interrupted iterations
normal_day   [  20% ] 130/200 VUs  01m57.8s/10m00.0s

running (01m58.8s), 131/200 VUs, 466 complete and 0 interrupted iterations
normal_day   [  20% ] 131/200 VUs  01m58.8s/10m00.0s

running (01m59.8s), 133/200 VUs, 472 complete and 0 interrupted iterations
normal_day   [  20% ] 133/200 VUs  01m59.8s/10m00.0s

running (02m00.8s), 134/200 VUs, 477 complete and 0 interrupted iterations
normal_day   [  20% ] 134/200 VUs  02m00.8s/10m00.0s

running (02m01.8s), 135/200 VUs, 481 complete and 0 interrupted iterations
normal_day   [  20% ] 135/200 VUs  02m01.8s/10m00.0s

running (02m02.8s), 136/200 VUs, 486 complete and 0 interrupted iterations
normal_day   [  20% ] 136/200 VUs  02m02.8s/10m00.0s

running (02m03.8s), 137/200 VUs, 494 complete and 0 interrupted iterations
normal_day   [  21% ] 137/200 VUs  02m03.8s/10m00.0s

running (02m04.8s), 138/200 VUs, 498 complete and 0 interrupted iterations
normal_day   [  21% ] 138/200 VUs  02m04.8s/10m00.0s

running (02m05.8s), 139/200 VUs, 504 complete and 0 interrupted iterations
normal_day   [  21% ] 139/200 VUs  02m05.8s/10m00.0s

running (02m06.8s), 140/200 VUs, 505 complete and 0 interrupted iterations
normal_day   [  21% ] 140/200 VUs  02m06.8s/10m00.0s

running (02m07.8s), 141/200 VUs, 507 complete and 0 interrupted iterations
normal_day   [  21% ] 141/200 VUs  02m07.8s/10m00.0s

running (02m08.8s), 143/200 VUs, 512 complete and 0 interrupted iterations
normal_day   [  21% ] 143/200 VUs  02m08.8s/10m00.0s

running (02m09.8s), 144/200 VUs, 518 complete and 0 interrupted iterations
normal_day   [  22% ] 144/200 VUs  02m09.8s/10m00.0s

running (02m10.8s), 145/200 VUs, 525 complete and 0 interrupted iterations
normal_day   [  22% ] 145/200 VUs  02m10.8s/10m00.0s

running (02m11.8s), 146/200 VUs, 527 complete and 0 interrupted iterations
normal_day   [  22% ] 146/200 VUs  02m11.8s/10m00.0s

running (02m12.8s), 147/200 VUs, 531 complete and 0 interrupted iterations
normal_day   [  22% ] 147/200 VUs  02m12.8s/10m00.0s

running (02m13.8s), 148/200 VUs, 534 complete and 0 interrupted iterations
normal_day   [  22% ] 148/200 VUs  02m13.8s/10m00.0s

running (02m14.8s), 149/200 VUs, 537 complete and 0 interrupted iterations
normal_day   [  22% ] 149/200 VUs  02m14.8s/10m00.0s

running (02m15.8s), 150/200 VUs, 545 complete and 0 interrupted iterations
normal_day   [  23% ] 150/200 VUs  02m15.8s/10m00.0s

running (02m16.8s), 151/200 VUs, 553 complete and 0 interrupted iterations
normal_day   [  23% ] 151/200 VUs  02m16.8s/10m00.0s

running (02m17.8s), 153/200 VUs, 560 complete and 0 interrupted iterations
normal_day   [  23% ] 153/200 VUs  02m17.8s/10m00.0s

running (02m18.8s), 154/200 VUs, 566 complete and 0 interrupted iterations
normal_day   [  23% ] 154/200 VUs  02m18.8s/10m00.0s

running (02m19.8s), 155/200 VUs, 569 complete and 0 interrupted iterations
normal_day   [  23% ] 155/200 VUs  02m19.8s/10m00.0s

running (02m20.8s), 156/200 VUs, 578 complete and 0 interrupted iterations
normal_day   [  23% ] 156/200 VUs  02m20.8s/10m00.0s

running (02m21.8s), 157/200 VUs, 585 complete and 0 interrupted iterations
normal_day   [  24% ] 157/200 VUs  02m21.8s/10m00.0s

running (02m22.8s), 158/200 VUs, 593 complete and 0 interrupted iterations
normal_day   [  24% ] 158/200 VUs  02m22.8s/10m00.0s

running (02m23.8s), 159/200 VUs, 598 complete and 0 interrupted iterations
normal_day   [  24% ] 159/200 VUs  02m23.8s/10m00.0s

running (02m24.8s), 160/200 VUs, 605 complete and 0 interrupted iterations
normal_day   [  24% ] 160/200 VUs  02m24.8s/10m00.0s

running (02m25.8s), 161/200 VUs, 614 complete and 0 interrupted iterations
normal_day   [  24% ] 161/200 VUs  02m25.8s/10m00.0s

running (02m26.8s), 163/200 VUs, 622 complete and 0 interrupted iterations
normal_day   [  24% ] 163/200 VUs  02m26.8s/10m00.0s

running (02m27.8s), 164/200 VUs, 636 complete and 0 interrupted iterations
normal_day   [  25% ] 164/200 VUs  02m27.8s/10m00.0s

running (02m28.8s), 165/200 VUs, 637 complete and 0 interrupted iterations
normal_day   [  25% ] 165/200 VUs  02m28.8s/10m00.0s

running (02m29.8s), 166/200 VUs, 639 complete and 0 interrupted iterations
normal_day   [  25% ] 166/200 VUs  02m29.8s/10m00.0s

running (02m30.8s), 167/200 VUs, 644 complete and 0 interrupted iterations
normal_day   [  25% ] 167/200 VUs  02m30.8s/10m00.0s

running (02m31.8s), 168/200 VUs, 650 complete and 0 interrupted iterations
normal_day   [  25% ] 168/200 VUs  02m31.8s/10m00.0s

running (02m32.8s), 169/200 VUs, 657 complete and 0 interrupted iterations
normal_day   [  25% ] 169/200 VUs  02m32.8s/10m00.0s

running (02m33.8s), 170/200 VUs, 665 complete and 0 interrupted iterations
normal_day   [  26% ] 170/200 VUs  02m33.8s/10m00.0s

running (02m34.8s), 171/200 VUs, 669 complete and 0 interrupted iterations
normal_day   [  26% ] 171/200 VUs  02m34.8s/10m00.0s

running (02m35.8s), 173/200 VUs, 672 complete and 0 interrupted iterations
normal_day   [  26% ] 173/200 VUs  02m35.8s/10m00.0s

running (02m36.8s), 174/200 VUs, 673 complete and 0 interrupted iterations
normal_day   [  26% ] 174/200 VUs  02m36.8s/10m00.0s

running (02m37.8s), 175/200 VUs, 673 complete and 0 interrupted iterations
normal_day   [  26% ] 175/200 VUs  02m37.8s/10m00.0s

running (02m38.8s), 176/200 VUs, 677 complete and 0 interrupted iterations
normal_day   [  26% ] 176/200 VUs  02m38.8s/10m00.0s

running (02m39.8s), 177/200 VUs, 681 complete and 0 interrupted iterations
normal_day   [  27% ] 177/200 VUs  02m39.8s/10m00.0s

running (02m40.8s), 178/200 VUs, 684 complete and 0 interrupted iterations
normal_day   [  27% ] 178/200 VUs  02m40.8s/10m00.0s

running (02m41.8s), 179/200 VUs, 688 complete and 0 interrupted iterations
normal_day   [  27% ] 179/200 VUs  02m41.8s/10m00.0s

running (02m42.8s), 180/200 VUs, 693 complete and 0 interrupted iterations
normal_day   [  27% ] 180/200 VUs  02m42.8s/10m00.0s

running (02m43.8s), 181/200 VUs, 697 complete and 0 interrupted iterations
normal_day   [  27% ] 181/200 VUs  02m43.8s/10m00.0s

running (02m44.8s), 183/200 VUs, 702 complete and 0 interrupted iterations
normal_day   [  27% ] 183/200 VUs  02m44.8s/10m00.0s

running (02m45.8s), 184/200 VUs, 718 complete and 0 interrupted iterations
normal_day   [  28% ] 184/200 VUs  02m45.8s/10m00.0s

running (02m46.8s), 185/200 VUs, 730 complete and 0 interrupted iterations
normal_day   [  28% ] 185/200 VUs  02m46.8s/10m00.0s

running (02m47.8s), 186/200 VUs, 747 complete and 0 interrupted iterations
normal_day   [  28% ] 186/200 VUs  02m47.8s/10m00.0s

running (02m48.8s), 187/200 VUs, 754 complete and 0 interrupted iterations
normal_day   [  28% ] 187/200 VUs  02m48.8s/10m00.0s

running (02m49.8s), 188/200 VUs, 762 complete and 0 interrupted iterations
normal_day   [  28% ] 188/200 VUs  02m49.8s/10m00.0s

running (02m50.8s), 189/200 VUs, 774 complete and 0 interrupted iterations
normal_day   [  28% ] 189/200 VUs  02m50.8s/10m00.0s

running (02m51.8s), 190/200 VUs, 785 complete and 0 interrupted iterations
normal_day   [  29% ] 190/200 VUs  02m51.8s/10m00.0s

running (02m52.8s), 191/200 VUs, 794 complete and 0 interrupted iterations
normal_day   [  29% ] 191/200 VUs  02m52.8s/10m00.0s

running (02m53.8s), 193/200 VUs, 797 complete and 0 interrupted iterations
normal_day   [  29% ] 193/200 VUs  02m53.8s/10m00.0s

running (02m54.8s), 194/200 VUs, 799 complete and 0 interrupted iterations
normal_day   [  29% ] 194/200 VUs  02m54.8s/10m00.0s

running (02m55.8s), 195/200 VUs, 801 complete and 0 interrupted iterations
normal_day   [  29% ] 195/200 VUs  02m55.8s/10m00.0s

running (02m56.8s), 196/200 VUs, 803 complete and 0 interrupted iterations
normal_day   [  29% ] 196/200 VUs  02m56.8s/10m00.0s

running (02m57.8s), 197/200 VUs, 807 complete and 0 interrupted iterations
normal_day   [  30% ] 197/200 VUs  02m57.8s/10m00.0s

running (02m58.8s), 198/200 VUs, 812 complete and 0 interrupted iterations
normal_day   [  30% ] 198/200 VUs  02m58.8s/10m00.0s

running (02m59.8s), 199/200 VUs, 828 complete and 0 interrupted iterations
normal_day   [  30% ] 199/200 VUs  02m59.8s/10m00.0s

running (03m00.8s), 200/200 VUs, 841 complete and 0 interrupted iterations
normal_day   [  30% ] 200/200 VUs  03m00.8s/10m00.0s

running (03m01.8s), 200/200 VUs, 856 complete and 0 interrupted iterations
normal_day   [  30% ] 200/200 VUs  03m01.8s/10m00.0s

running (03m02.8s), 200/200 VUs, 866 complete and 0 interrupted iterations
normal_day   [  30% ] 200/200 VUs  03m02.8s/10m00.0s

running (03m03.8s), 200/200 VUs, 871 complete and 0 interrupted iterations
normal_day   [  31% ] 200/200 VUs  03m03.8s/10m00.0s

running (03m04.8s), 200/200 VUs, 872 complete and 0 interrupted iterations
normal_day   [  31% ] 200/200 VUs  03m04.8s/10m00.0s

running (03m05.8s), 200/200 VUs, 874 complete and 0 interrupted iterations
normal_day   [  31% ] 200/200 VUs  03m05.8s/10m00.0s

running (03m06.8s), 200/200 VUs, 878 complete and 0 interrupted iterations
normal_day   [  31% ] 200/200 VUs  03m06.8s/10m00.0s

running (03m07.8s), 200/200 VUs, 880 complete and 0 interrupted iterations
normal_day   [  31% ] 200/200 VUs  03m07.8s/10m00.0s

running (03m08.8s), 200/200 VUs, 893 complete and 0 interrupted iterations
normal_day   [  31% ] 200/200 VUs  03m08.8s/10m00.0s

running (03m09.8s), 200/200 VUs, 902 complete and 0 interrupted iterations
normal_day   [  32% ] 200/200 VUs  03m09.8s/10m00.0s

running (03m10.8s), 200/200 VUs, 904 complete and 0 interrupted iterations
normal_day   [  32% ] 200/200 VUs  03m10.8s/10m00.0s

running (03m11.8s), 200/200 VUs, 912 complete and 0 interrupted iterations
normal_day   [  32% ] 200/200 VUs  03m11.8s/10m00.0s

running (03m12.8s), 200/200 VUs, 915 complete and 0 interrupted iterations
normal_day   [  32% ] 200/200 VUs  03m12.8s/10m00.0s

running (03m13.8s), 200/200 VUs, 917 complete and 0 interrupted iterations
normal_day   [  32% ] 200/200 VUs  03m13.8s/10m00.0s

running (03m14.8s), 200/200 VUs, 926 complete and 0 interrupted iterations
normal_day   [  32% ] 200/200 VUs  03m14.8s/10m00.0s

running (03m15.8s), 200/200 VUs, 933 complete and 0 interrupted iterations
normal_day   [  33% ] 200/200 VUs  03m15.8s/10m00.0s

running (03m16.8s), 200/200 VUs, 947 complete and 0 interrupted iterations
normal_day   [  33% ] 200/200 VUs  03m16.8s/10m00.0s

running (03m17.8s), 200/200 VUs, 963 complete and 0 interrupted iterations
normal_day   [  33% ] 200/200 VUs  03m17.8s/10m00.0s

running (03m18.8s), 200/200 VUs, 970 complete and 0 interrupted iterations
normal_day   [  33% ] 200/200 VUs  03m18.8s/10m00.0s

running (03m19.8s), 200/200 VUs, 972 complete and 0 interrupted iterations
normal_day   [  33% ] 200/200 VUs  03m19.8s/10m00.0s

running (03m20.8s), 200/200 VUs, 974 complete and 0 interrupted iterations
normal_day   [  33% ] 200/200 VUs  03m20.8s/10m00.0s

running (03m21.8s), 200/200 VUs, 982 complete and 0 interrupted iterations
normal_day   [  34% ] 200/200 VUs  03m21.8s/10m00.0s

running (03m22.8s), 200/200 VUs, 990 complete and 0 interrupted iterations
normal_day   [  34% ] 200/200 VUs  03m22.8s/10m00.0s

running (03m23.8s), 200/200 VUs, 998 complete and 0 interrupted iterations
normal_day   [  34% ] 200/200 VUs  03m23.8s/10m00.0s

running (03m24.8s), 200/200 VUs, 1003 complete and 0 interrupted iterations
normal_day   [  34% ] 200/200 VUs  03m24.8s/10m00.0s

running (03m25.8s), 200/200 VUs, 1006 complete and 0 interrupted iterations
normal_day   [  34% ] 200/200 VUs  03m25.8s/10m00.0s

running (03m26.8s), 200/200 VUs, 1008 complete and 0 interrupted iterations
normal_day   [  34% ] 200/200 VUs  03m26.8s/10m00.0s

running (03m27.8s), 200/200 VUs, 1012 complete and 0 interrupted iterations
normal_day   [  35% ] 200/200 VUs  03m27.8s/10m00.0s

running (03m28.8s), 200/200 VUs, 1015 complete and 0 interrupted iterations
normal_day   [  35% ] 200/200 VUs  03m28.8s/10m00.0s

running (03m29.8s), 200/200 VUs, 1019 complete and 0 interrupted iterations
normal_day   [  35% ] 200/200 VUs  03m29.8s/10m00.0s

running (03m30.8s), 200/200 VUs, 1023 complete and 0 interrupted iterations
normal_day   [  35% ] 200/200 VUs  03m30.8s/10m00.0s

running (03m31.8s), 200/200 VUs, 1029 complete and 0 interrupted iterations
normal_day   [  35% ] 200/200 VUs  03m31.8s/10m00.0s

running (03m32.8s), 200/200 VUs, 1033 complete and 0 interrupted iterations
normal_day   [  35% ] 200/200 VUs  03m32.8s/10m00.0s

running (03m33.8s), 200/200 VUs, 1036 complete and 0 interrupted iterations
normal_day   [  36% ] 200/200 VUs  03m33.8s/10m00.0s

running (03m34.8s), 200/200 VUs, 1041 complete and 0 interrupted iterations
normal_day   [  36% ] 200/200 VUs  03m34.8s/10m00.0s

running (03m35.8s), 200/200 VUs, 1047 complete and 0 interrupted iterations
normal_day   [  36% ] 200/200 VUs  03m35.8s/10m00.0s

running (03m36.8s), 200/200 VUs, 1052 complete and 0 interrupted iterations
normal_day   [  36% ] 200/200 VUs  03m36.8s/10m00.0s

running (03m37.8s), 200/200 VUs, 1056 complete and 0 interrupted iterations
normal_day   [  36% ] 200/200 VUs  03m37.8s/10m00.0s

running (03m38.8s), 200/200 VUs, 1060 complete and 0 interrupted iterations
normal_day   [  36% ] 200/200 VUs  03m38.8s/10m00.0s

running (03m39.8s), 200/200 VUs, 1066 complete and 0 interrupted iterations
normal_day   [  37% ] 200/200 VUs  03m39.8s/10m00.0s

running (03m40.8s), 200/200 VUs, 1073 complete and 0 interrupted iterations
normal_day   [  37% ] 200/200 VUs  03m40.8s/10m00.0s

running (03m41.8s), 200/200 VUs, 1076 complete and 0 interrupted iterations
normal_day   [  37% ] 200/200 VUs  03m41.8s/10m00.0s

running (03m42.8s), 200/200 VUs, 1080 complete and 0 interrupted iterations
normal_day   [  37% ] 200/200 VUs  03m42.8s/10m00.0s

running (03m43.8s), 200/200 VUs, 1084 complete and 0 interrupted iterations
normal_day   [  37% ] 200/200 VUs  03m43.8s/10m00.0s

running (03m44.8s), 200/200 VUs, 1089 complete and 0 interrupted iterations
normal_day   [  37% ] 200/200 VUs  03m44.8s/10m00.0s

running (03m45.8s), 200/200 VUs, 1089 complete and 0 interrupted iterations
normal_day   [  38% ] 200/200 VUs  03m45.8s/10m00.0s

running (03m46.8s), 200/200 VUs, 1090 complete and 0 interrupted iterations
normal_day   [  38% ] 200/200 VUs  03m46.8s/10m00.0s

running (03m47.8s), 200/200 VUs, 1094 complete and 0 interrupted iterations
normal_day   [  38% ] 200/200 VUs  03m47.8s/10m00.0s

running (03m48.8s), 200/200 VUs, 1096 complete and 0 interrupted iterations
normal_day   [  38% ] 200/200 VUs  03m48.8s/10m00.0s

running (03m49.8s), 200/200 VUs, 1103 complete and 0 interrupted iterations
normal_day   [  38% ] 200/200 VUs  03m49.8s/10m00.0s

running (03m50.8s), 200/200 VUs, 1105 complete and 0 interrupted iterations
normal_day   [  38% ] 200/200 VUs  03m50.8s/10m00.0s

running (03m51.8s), 200/200 VUs, 1110 complete and 0 interrupted iterations
normal_day   [  39% ] 200/200 VUs  03m51.8s/10m00.0s

running (03m52.8s), 200/200 VUs, 1118 complete and 0 interrupted iterations
normal_day   [  39% ] 200/200 VUs  03m52.8s/10m00.0s

running (03m53.8s), 200/200 VUs, 1126 complete and 0 interrupted iterations
normal_day   [  39% ] 200/200 VUs  03m53.8s/10m00.0s

running (03m54.8s), 200/200 VUs, 1131 complete and 0 interrupted iterations
normal_day   [  39% ] 200/200 VUs  03m54.8s/10m00.0s

running (03m55.8s), 200/200 VUs, 1137 complete and 0 interrupted iterations
normal_day   [  39% ] 200/200 VUs  03m55.8s/10m00.0s

running (03m56.8s), 200/200 VUs, 1141 complete and 0 interrupted iterations
normal_day   [  39% ] 200/200 VUs  03m56.8s/10m00.0s

running (03m57.8s), 200/200 VUs, 1145 complete and 0 interrupted iterations
normal_day   [  40% ] 200/200 VUs  03m57.8s/10m00.0s

running (03m58.8s), 200/200 VUs, 1154 complete and 0 interrupted iterations
normal_day   [  40% ] 200/200 VUs  03m58.8s/10m00.0s

running (03m59.8s), 200/200 VUs, 1157 complete and 0 interrupted iterations
normal_day   [  40% ] 200/200 VUs  03m59.8s/10m00.0s

running (04m00.8s), 200/200 VUs, 1162 complete and 0 interrupted iterations
normal_day   [  40% ] 200/200 VUs  04m00.8s/10m00.0s

running (04m01.8s), 200/200 VUs, 1167 complete and 0 interrupted iterations
normal_day   [  40% ] 200/200 VUs  04m01.8s/10m00.0s

running (04m02.8s), 200/200 VUs, 1170 complete and 0 interrupted iterations
normal_day   [  40% ] 200/200 VUs  04m02.8s/10m00.0s

running (04m03.8s), 200/200 VUs, 1182 complete and 0 interrupted iterations
normal_day   [  41% ] 200/200 VUs  04m03.8s/10m00.0s

running (04m04.8s), 200/200 VUs, 1187 complete and 0 interrupted iterations
normal_day   [  41% ] 200/200 VUs  04m04.8s/10m00.0s

running (04m05.8s), 200/200 VUs, 1198 complete and 0 interrupted iterations
normal_day   [  41% ] 200/200 VUs  04m05.8s/10m00.0s

running (04m06.8s), 200/200 VUs, 1210 complete and 0 interrupted iterations
normal_day   [  41% ] 200/200 VUs  04m06.8s/10m00.0s

running (04m07.8s), 200/200 VUs, 1225 complete and 0 interrupted iterations
normal_day   [  41% ] 200/200 VUs  04m07.8s/10m00.0s

running (04m08.8s), 200/200 VUs, 1235 complete and 0 interrupted iterations
normal_day   [  41% ] 200/200 VUs  04m08.8s/10m00.0s

running (04m09.8s), 200/200 VUs, 1242 complete and 0 interrupted iterations
normal_day   [  42% ] 200/200 VUs  04m09.8s/10m00.0s

running (04m10.8s), 200/200 VUs, 1245 complete and 0 interrupted iterations
normal_day   [  42% ] 200/200 VUs  04m10.8s/10m00.0s

running (04m11.8s), 200/200 VUs, 1249 complete and 0 interrupted iterations
normal_day   [  42% ] 200/200 VUs  04m11.8s/10m00.0s

running (04m12.8s), 200/200 VUs, 1252 complete and 0 interrupted iterations
normal_day   [  42% ] 200/200 VUs  04m12.8s/10m00.0s

running (04m13.8s), 200/200 VUs, 1256 complete and 0 interrupted iterations
normal_day   [  42% ] 200/200 VUs  04m13.8s/10m00.0s

running (04m14.8s), 200/200 VUs, 1257 complete and 0 interrupted iterations
normal_day   [  42% ] 200/200 VUs  04m14.8s/10m00.0s

running (04m15.8s), 200/200 VUs, 1265 complete and 0 interrupted iterations
normal_day   [  43% ] 200/200 VUs  04m15.8s/10m00.0s

running (04m16.8s), 200/200 VUs, 1274 complete and 0 interrupted iterations
normal_day   [  43% ] 200/200 VUs  04m16.8s/10m00.0s

running (04m17.8s), 200/200 VUs, 1285 complete and 0 interrupted iterations
normal_day   [  43% ] 200/200 VUs  04m17.8s/10m00.0s

running (04m18.8s), 200/200 VUs, 1291 complete and 0 interrupted iterations
normal_day   [  43% ] 200/200 VUs  04m18.8s/10m00.0s

running (04m19.8s), 200/200 VUs, 1300 complete and 0 interrupted iterations
normal_day   [  43% ] 200/200 VUs  04m19.8s/10m00.0s

running (04m20.8s), 200/200 VUs, 1306 complete and 0 interrupted iterations
normal_day   [  43% ] 200/200 VUs  04m20.8s/10m00.0s

running (04m21.8s), 200/200 VUs, 1316 complete and 0 interrupted iterations
normal_day   [  44% ] 200/200 VUs  04m21.8s/10m00.0s

running (04m22.8s), 200/200 VUs, 1320 complete and 0 interrupted iterations
normal_day   [  44% ] 200/200 VUs  04m22.8s/10m00.0s

running (04m23.8s), 200/200 VUs, 1322 complete and 0 interrupted iterations
normal_day   [  44% ] 200/200 VUs  04m23.8s/10m00.0s

running (04m24.8s), 200/200 VUs, 1323 complete and 0 interrupted iterations
normal_day   [  44% ] 200/200 VUs  04m24.8s/10m00.0s

running (04m25.8s), 200/200 VUs, 1325 complete and 0 interrupted iterations
normal_day   [  44% ] 200/200 VUs  04m25.8s/10m00.0s

running (04m26.8s), 200/200 VUs, 1331 complete and 0 interrupted iterations
normal_day   [  44% ] 200/200 VUs  04m26.8s/10m00.0s

running (04m27.8s), 200/200 VUs, 1337 complete and 0 interrupted iterations
normal_day   [  45% ] 200/200 VUs  04m27.8s/10m00.0s

running (04m28.8s), 200/200 VUs, 1344 complete and 0 interrupted iterations
normal_day   [  45% ] 200/200 VUs  04m28.8s/10m00.0s

running (04m29.8s), 200/200 VUs, 1349 complete and 0 interrupted iterations
normal_day   [  45% ] 200/200 VUs  04m29.8s/10m00.0s

running (04m30.8s), 200/200 VUs, 1357 complete and 0 interrupted iterations
normal_day   [  45% ] 200/200 VUs  04m30.8s/10m00.0s

running (04m31.8s), 200/200 VUs, 1364 complete and 0 interrupted iterations
normal_day   [  45% ] 200/200 VUs  04m31.8s/10m00.0s

running (04m32.8s), 200/200 VUs, 1369 complete and 0 interrupted iterations
normal_day   [  45% ] 200/200 VUs  04m32.8s/10m00.0s

running (04m33.8s), 200/200 VUs, 1372 complete and 0 interrupted iterations
normal_day   [  46% ] 200/200 VUs  04m33.8s/10m00.0s

running (04m34.8s), 200/200 VUs, 1382 complete and 0 interrupted iterations
normal_day   [  46% ] 200/200 VUs  04m34.8s/10m00.0s

running (04m35.8s), 200/200 VUs, 1393 complete and 0 interrupted iterations
normal_day   [  46% ] 200/200 VUs  04m35.8s/10m00.0s

running (04m36.8s), 200/200 VUs, 1404 complete and 0 interrupted iterations
normal_day   [  46% ] 200/200 VUs  04m36.8s/10m00.0s

running (04m37.8s), 200/200 VUs, 1417 complete and 0 interrupted iterations
normal_day   [  46% ] 200/200 VUs  04m37.8s/10m00.0s

running (04m38.8s), 200/200 VUs, 1421 complete and 0 interrupted iterations
normal_day   [  46% ] 200/200 VUs  04m38.8s/10m00.0s

running (04m39.8s), 200/200 VUs, 1427 complete and 0 interrupted iterations
normal_day   [  47% ] 200/200 VUs  04m39.8s/10m00.0s

running (04m40.8s), 200/200 VUs, 1433 complete and 0 interrupted iterations
normal_day   [  47% ] 200/200 VUs  04m40.8s/10m00.0s

running (04m41.8s), 200/200 VUs, 1444 complete and 0 interrupted iterations
normal_day   [  47% ] 200/200 VUs  04m41.8s/10m00.0s

running (04m42.8s), 200/200 VUs, 1449 complete and 0 interrupted iterations
normal_day   [  47% ] 200/200 VUs  04m42.8s/10m00.0s

running (04m43.8s), 200/200 VUs, 1457 complete and 0 interrupted iterations
normal_day   [  47% ] 200/200 VUs  04m43.8s/10m00.0s

running (04m44.8s), 200/200 VUs, 1458 complete and 0 interrupted iterations
normal_day   [  47% ] 200/200 VUs  04m44.8s/10m00.0s

running (04m45.8s), 200/200 VUs, 1458 complete and 0 interrupted iterations
normal_day   [  48% ] 200/200 VUs  04m45.8s/10m00.0s

running (04m46.8s), 200/200 VUs, 1460 complete and 0 interrupted iterations
normal_day   [  48% ] 200/200 VUs  04m46.8s/10m00.0s

running (04m47.8s), 200/200 VUs, 1467 complete and 0 interrupted iterations
normal_day   [  48% ] 200/200 VUs  04m47.8s/10m00.0s

running (04m48.8s), 200/200 VUs, 1469 complete and 0 interrupted iterations
normal_day   [  48% ] 200/200 VUs  04m48.8s/10m00.0s

running (04m49.8s), 200/200 VUs, 1470 complete and 0 interrupted iterations
normal_day   [  48% ] 200/200 VUs  04m49.8s/10m00.0s

running (04m50.8s), 200/200 VUs, 1473 complete and 0 interrupted iterations
normal_day   [  48% ] 200/200 VUs  04m50.8s/10m00.0s

running (04m51.8s), 200/200 VUs, 1473 complete and 0 interrupted iterations
normal_day   [  49% ] 200/200 VUs  04m51.8s/10m00.0s

running (04m52.8s), 200/200 VUs, 1477 complete and 0 interrupted iterations
normal_day   [  49% ] 200/200 VUs  04m52.8s/10m00.0s

running (04m53.7s), 200/200 VUs, 1481 complete and 0 interrupted iterations
normal_day   [  49% ] 200/200 VUs  04m53.8s/10m00.0s

running (04m54.7s), 200/200 VUs, 1486 complete and 0 interrupted iterations
normal_day   [  49% ] 200/200 VUs  04m54.8s/10m00.0s

running (04m55.7s), 200/200 VUs, 1492 complete and 0 interrupted iterations
normal_day   [  49% ] 200/200 VUs  04m55.8s/10m00.0s

running (04m56.7s), 200/200 VUs, 1498 complete and 0 interrupted iterations
normal_day   [  49% ] 200/200 VUs  04m56.8s/10m00.0s

running (04m57.7s), 200/200 VUs, 1502 complete and 0 interrupted iterations
normal_day   [  50% ] 200/200 VUs  04m57.8s/10m00.0s

running (04m58.7s), 200/200 VUs, 1504 complete and 0 interrupted iterations
normal_day   [  50% ] 200/200 VUs  04m58.8s/10m00.0s

running (04m59.7s), 200/200 VUs, 1511 complete and 0 interrupted iterations
normal_day   [  50% ] 200/200 VUs  04m59.8s/10m00.0s

running (05m00.7s), 200/200 VUs, 1519 complete and 0 interrupted iterations
normal_day   [  50% ] 200/200 VUs  05m00.8s/10m00.0s

running (05m01.7s), 200/200 VUs, 1523 complete and 0 interrupted iterations
normal_day   [  50% ] 200/200 VUs  05m01.8s/10m00.0s

running (05m02.7s), 200/200 VUs, 1526 complete and 0 interrupted iterations
normal_day   [  50% ] 200/200 VUs  05m02.8s/10m00.0s

running (05m03.7s), 200/200 VUs, 1528 complete and 0 interrupted iterations
normal_day   [  51% ] 200/200 VUs  05m03.8s/10m00.0s

running (05m04.7s), 200/200 VUs, 1531 complete and 0 interrupted iterations
normal_day   [  51% ] 200/200 VUs  05m04.8s/10m00.0s

running (05m05.7s), 200/200 VUs, 1542 complete and 0 interrupted iterations
normal_day   [  51% ] 200/200 VUs  05m05.8s/10m00.0s

running (05m06.7s), 200/200 VUs, 1551 complete and 0 interrupted iterations
normal_day   [  51% ] 200/200 VUs  05m06.8s/10m00.0s

running (05m07.7s), 200/200 VUs, 1560 complete and 0 interrupted iterations
normal_day   [  51% ] 200/200 VUs  05m07.8s/10m00.0s

running (05m08.7s), 200/200 VUs, 1566 complete and 0 interrupted iterations
normal_day   [  51% ] 200/200 VUs  05m08.8s/10m00.0s

running (05m09.7s), 200/200 VUs, 1569 complete and 0 interrupted iterations
normal_day   [  52% ] 200/200 VUs  05m09.8s/10m00.0s

running (05m10.7s), 200/200 VUs, 1574 complete and 0 interrupted iterations
normal_day   [  52% ] 200/200 VUs  05m10.8s/10m00.0s

running (05m11.7s), 200/200 VUs, 1577 complete and 0 interrupted iterations
normal_day   [  52% ] 200/200 VUs  05m11.8s/10m00.0s

running (05m12.7s), 200/200 VUs, 1581 complete and 0 interrupted iterations
normal_day   [  52% ] 200/200 VUs  05m12.8s/10m00.0s

running (05m13.7s), 200/200 VUs, 1587 complete and 0 interrupted iterations
normal_day   [  52% ] 200/200 VUs  05m13.8s/10m00.0s

running (05m14.7s), 200/200 VUs, 1591 complete and 0 interrupted iterations
normal_day   [  52% ] 200/200 VUs  05m14.8s/10m00.0s

running (05m15.7s), 200/200 VUs, 1596 complete and 0 interrupted iterations
normal_day   [  53% ] 200/200 VUs  05m15.8s/10m00.0s

running (05m16.7s), 200/200 VUs, 1611 complete and 0 interrupted iterations
normal_day   [  53% ] 200/200 VUs  05m16.8s/10m00.0s

running (05m17.7s), 200/200 VUs, 1620 complete and 0 interrupted iterations
normal_day   [  53% ] 200/200 VUs  05m17.8s/10m00.0s

running (05m18.7s), 200/200 VUs, 1623 complete and 0 interrupted iterations
normal_day   [  53% ] 200/200 VUs  05m18.8s/10m00.0s

running (05m19.7s), 200/200 VUs, 1627 complete and 0 interrupted iterations
normal_day   [  53% ] 200/200 VUs  05m19.8s/10m00.0s

running (05m20.7s), 200/200 VUs, 1629 complete and 0 interrupted iterations
normal_day   [  53% ] 200/200 VUs  05m20.8s/10m00.0s

running (05m21.7s), 200/200 VUs, 1629 complete and 0 interrupted iterations
normal_day   [  54% ] 200/200 VUs  05m21.8s/10m00.0s

running (05m22.7s), 200/200 VUs, 1635 complete and 0 interrupted iterations
normal_day   [  54% ] 200/200 VUs  05m22.8s/10m00.0s

running (05m23.7s), 200/200 VUs, 1636 complete and 0 interrupted iterations
normal_day   [  54% ] 200/200 VUs  05m23.8s/10m00.0s

running (05m24.7s), 200/200 VUs, 1638 complete and 0 interrupted iterations
normal_day   [  54% ] 200/200 VUs  05m24.8s/10m00.0s

running (05m25.7s), 200/200 VUs, 1642 complete and 0 interrupted iterations
normal_day   [  54% ] 200/200 VUs  05m25.8s/10m00.0s

running (05m26.7s), 200/200 VUs, 1648 complete and 0 interrupted iterations
normal_day   [  54% ] 200/200 VUs  05m26.8s/10m00.0s

running (05m27.7s), 200/200 VUs, 1658 complete and 0 interrupted iterations
normal_day   [  55% ] 200/200 VUs  05m27.8s/10m00.0s

running (05m28.7s), 200/200 VUs, 1666 complete and 0 interrupted iterations
normal_day   [  55% ] 200/200 VUs  05m28.8s/10m00.0s

running (05m29.7s), 200/200 VUs, 1666 complete and 0 interrupted iterations
normal_day   [  55% ] 200/200 VUs  05m29.8s/10m00.0s

running (05m30.7s), 200/200 VUs, 1667 complete and 0 interrupted iterations
normal_day   [  55% ] 200/200 VUs  05m30.8s/10m00.0s

running (05m31.7s), 200/200 VUs, 1673 complete and 0 interrupted iterations
normal_day   [  55% ] 200/200 VUs  05m31.8s/10m00.0s

running (05m32.7s), 200/200 VUs, 1676 complete and 0 interrupted iterations
normal_day   [  55% ] 200/200 VUs  05m32.8s/10m00.0s

running (05m33.7s), 200/200 VUs, 1679 complete and 0 interrupted iterations
normal_day   [  56% ] 200/200 VUs  05m33.8s/10m00.0s

running (05m34.7s), 200/200 VUs, 1685 complete and 0 interrupted iterations
normal_day   [  56% ] 200/200 VUs  05m34.8s/10m00.0s

running (05m35.7s), 200/200 VUs, 1690 complete and 0 interrupted iterations
normal_day   [  56% ] 200/200 VUs  05m35.8s/10m00.0s

running (05m36.7s), 200/200 VUs, 1695 complete and 0 interrupted iterations
normal_day   [  56% ] 200/200 VUs  05m36.8s/10m00.0s

running (05m37.7s), 200/200 VUs, 1704 complete and 0 interrupted iterations
normal_day   [  56% ] 200/200 VUs  05m37.8s/10m00.0s

running (05m38.7s), 200/200 VUs, 1713 complete and 0 interrupted iterations
normal_day   [  56% ] 200/200 VUs  05m38.8s/10m00.0s

running (05m39.7s), 200/200 VUs, 1723 complete and 0 interrupted iterations
normal_day   [  57% ] 200/200 VUs  05m39.8s/10m00.0s

running (05m40.7s), 200/200 VUs, 1726 complete and 0 interrupted iterations
normal_day   [  57% ] 200/200 VUs  05m40.8s/10m00.0s

running (05m41.7s), 200/200 VUs, 1727 complete and 0 interrupted iterations
normal_day   [  57% ] 200/200 VUs  05m41.8s/10m00.0s

running (05m42.7s), 200/200 VUs, 1729 complete and 0 interrupted iterations
normal_day   [  57% ] 200/200 VUs  05m42.8s/10m00.0s

running (05m43.7s), 200/200 VUs, 1729 complete and 0 interrupted iterations
normal_day   [  57% ] 200/200 VUs  05m43.8s/10m00.0s

running (05m44.7s), 200/200 VUs, 1733 complete and 0 interrupted iterations
normal_day   [  57% ] 200/200 VUs  05m44.8s/10m00.0s

running (05m45.7s), 200/200 VUs, 1738 complete and 0 interrupted iterations
normal_day   [  58% ] 200/200 VUs  05m45.8s/10m00.0s

running (05m46.7s), 200/200 VUs, 1749 complete and 0 interrupted iterations
normal_day   [  58% ] 200/200 VUs  05m46.8s/10m00.0s

running (05m47.7s), 200/200 VUs, 1750 complete and 0 interrupted iterations
normal_day   [  58% ] 200/200 VUs  05m47.8s/10m00.0s

running (05m48.7s), 200/200 VUs, 1752 complete and 0 interrupted iterations
normal_day   [  58% ] 200/200 VUs  05m48.8s/10m00.0s

running (05m49.7s), 200/200 VUs, 1756 complete and 0 interrupted iterations
normal_day   [  58% ] 200/200 VUs  05m49.8s/10m00.0s

running (05m50.7s), 200/200 VUs, 1760 complete and 0 interrupted iterations
normal_day   [  58% ] 200/200 VUs  05m50.8s/10m00.0s

running (05m51.7s), 200/200 VUs, 1767 complete and 0 interrupted iterations
normal_day   [  59% ] 200/200 VUs  05m51.8s/10m00.0s

running (05m52.7s), 200/200 VUs, 1773 complete and 0 interrupted iterations
normal_day   [  59% ] 200/200 VUs  05m52.8s/10m00.0s

running (05m53.7s), 200/200 VUs, 1775 complete and 0 interrupted iterations
normal_day   [  59% ] 200/200 VUs  05m53.8s/10m00.0s

running (05m54.7s), 200/200 VUs, 1777 complete and 0 interrupted iterations
normal_day   [  59% ] 200/200 VUs  05m54.8s/10m00.0s

running (05m55.7s), 200/200 VUs, 1783 complete and 0 interrupted iterations
normal_day   [  59% ] 200/200 VUs  05m55.8s/10m00.0s

running (05m56.7s), 200/200 VUs, 1791 complete and 0 interrupted iterations
normal_day   [  59% ] 200/200 VUs  05m56.8s/10m00.0s

running (05m57.7s), 200/200 VUs, 1796 complete and 0 interrupted iterations
normal_day   [  60% ] 200/200 VUs  05m57.8s/10m00.0s

running (05m58.7s), 200/200 VUs, 1799 complete and 0 interrupted iterations
normal_day   [  60% ] 200/200 VUs  05m58.8s/10m00.0s

running (05m59.7s), 200/200 VUs, 1808 complete and 0 interrupted iterations
normal_day   [  60% ] 200/200 VUs  05m59.8s/10m00.0s

running (06m00.7s), 200/200 VUs, 1817 complete and 0 interrupted iterations
normal_day   [  60% ] 200/200 VUs  06m00.8s/10m00.0s

running (06m01.7s), 200/200 VUs, 1821 complete and 0 interrupted iterations
normal_day   [  60% ] 200/200 VUs  06m01.8s/10m00.0s

running (06m02.7s), 200/200 VUs, 1825 complete and 0 interrupted iterations
normal_day   [  60% ] 200/200 VUs  06m02.8s/10m00.0s

running (06m03.7s), 200/200 VUs, 1832 complete and 0 interrupted iterations
normal_day   [  61% ] 200/200 VUs  06m03.8s/10m00.0s

running (06m04.7s), 200/200 VUs, 1836 complete and 0 interrupted iterations
normal_day   [  61% ] 200/200 VUs  06m04.8s/10m00.0s

running (06m05.7s), 200/200 VUs, 1843 complete and 0 interrupted iterations
normal_day   [  61% ] 200/200 VUs  06m05.8s/10m00.0s

running (06m06.7s), 200/200 VUs, 1843 complete and 0 interrupted iterations
normal_day   [  61% ] 200/200 VUs  06m06.8s/10m00.0s

running (06m07.7s), 200/200 VUs, 1846 complete and 0 interrupted iterations
normal_day   [  61% ] 200/200 VUs  06m07.8s/10m00.0s

running (06m08.7s), 200/200 VUs, 1846 complete and 0 interrupted iterations
normal_day   [  61% ] 200/200 VUs  06m08.8s/10m00.0s

running (06m09.7s), 200/200 VUs, 1849 complete and 0 interrupted iterations
normal_day   [  62% ] 200/200 VUs  06m09.8s/10m00.0s

running (06m10.7s), 200/200 VUs, 1854 complete and 0 interrupted iterations
normal_day   [  62% ] 200/200 VUs  06m10.8s/10m00.0s

running (06m11.7s), 200/200 VUs, 1861 complete and 0 interrupted iterations
normal_day   [  62% ] 200/200 VUs  06m11.8s/10m00.0s

running (06m12.7s), 200/200 VUs, 1868 complete and 0 interrupted iterations
normal_day   [  62% ] 200/200 VUs  06m12.8s/10m00.0s

running (06m13.7s), 200/200 VUs, 1877 complete and 0 interrupted iterations
normal_day   [  62% ] 200/200 VUs  06m13.8s/10m00.0s

running (06m14.7s), 200/200 VUs, 1882 complete and 0 interrupted iterations
normal_day   [  62% ] 200/200 VUs  06m14.8s/10m00.0s

running (06m15.7s), 200/200 VUs, 1891 complete and 0 interrupted iterations
normal_day   [  63% ] 200/200 VUs  06m15.8s/10m00.0s

running (06m16.7s), 200/200 VUs, 1900 complete and 0 interrupted iterations
normal_day   [  63% ] 200/200 VUs  06m16.8s/10m00.0s

running (06m17.7s), 200/200 VUs, 1905 complete and 0 interrupted iterations
normal_day   [  63% ] 200/200 VUs  06m17.8s/10m00.0s

running (06m18.7s), 200/200 VUs, 1915 complete and 0 interrupted iterations
normal_day   [  63% ] 200/200 VUs  06m18.8s/10m00.0s

running (06m19.7s), 200/200 VUs, 1923 complete and 0 interrupted iterations
normal_day   [  63% ] 200/200 VUs  06m19.8s/10m00.0s

running (06m20.7s), 200/200 VUs, 1937 complete and 0 interrupted iterations
normal_day   [  63% ] 200/200 VUs  06m20.8s/10m00.0s

running (06m21.7s), 200/200 VUs, 1948 complete and 0 interrupted iterations
normal_day   [  64% ] 200/200 VUs  06m21.8s/10m00.0s

running (06m22.7s), 200/200 VUs, 1950 complete and 0 interrupted iterations
normal_day   [  64% ] 200/200 VUs  06m22.8s/10m00.0s

running (06m23.7s), 200/200 VUs, 1954 complete and 0 interrupted iterations
normal_day   [  64% ] 200/200 VUs  06m23.8s/10m00.0s

running (06m24.7s), 200/200 VUs, 1963 complete and 0 interrupted iterations
normal_day   [  64% ] 200/200 VUs  06m24.8s/10m00.0s

running (06m25.7s), 200/200 VUs, 1970 complete and 0 interrupted iterations
normal_day   [  64% ] 200/200 VUs  06m25.8s/10m00.0s

running (06m26.7s), 200/200 VUs, 1978 complete and 0 interrupted iterations
normal_day   [  64% ] 200/200 VUs  06m26.8s/10m00.0s

running (06m27.7s), 200/200 VUs, 1982 complete and 0 interrupted iterations
normal_day   [  65% ] 200/200 VUs  06m27.8s/10m00.0s

running (06m28.7s), 200/200 VUs, 1988 complete and 0 interrupted iterations
normal_day   [  65% ] 200/200 VUs  06m28.8s/10m00.0s

running (06m29.7s), 200/200 VUs, 1988 complete and 0 interrupted iterations
normal_day   [  65% ] 200/200 VUs  06m29.8s/10m00.0s

running (06m30.7s), 200/200 VUs, 1991 complete and 0 interrupted iterations
normal_day   [  65% ] 200/200 VUs  06m30.8s/10m00.0s

running (06m31.7s), 200/200 VUs, 1994 complete and 0 interrupted iterations
normal_day   [  65% ] 200/200 VUs  06m31.8s/10m00.0s

running (06m32.7s), 200/200 VUs, 1995 complete and 0 interrupted iterations
normal_day   [  65% ] 200/200 VUs  06m32.8s/10m00.0s

running (06m33.7s), 200/200 VUs, 1998 complete and 0 interrupted iterations
normal_day   [  66% ] 200/200 VUs  06m33.8s/10m00.0s

running (06m34.7s), 200/200 VUs, 2005 complete and 0 interrupted iterations
normal_day   [  66% ] 200/200 VUs  06m34.8s/10m00.0s

running (06m35.7s), 200/200 VUs, 2012 complete and 0 interrupted iterations
normal_day   [  66% ] 200/200 VUs  06m35.8s/10m00.0s

running (06m36.7s), 200/200 VUs, 2024 complete and 0 interrupted iterations
normal_day   [  66% ] 200/200 VUs  06m36.8s/10m00.0s

running (06m37.7s), 200/200 VUs, 2033 complete and 0 interrupted iterations
normal_day   [  66% ] 200/200 VUs  06m37.8s/10m00.0s

running (06m38.7s), 200/200 VUs, 2040 complete and 0 interrupted iterations
normal_day   [  66% ] 200/200 VUs  06m38.8s/10m00.0s

running (06m39.7s), 200/200 VUs, 2041 complete and 0 interrupted iterations
normal_day   [  67% ] 200/200 VUs  06m39.8s/10m00.0s

running (06m40.7s), 200/200 VUs, 2044 complete and 0 interrupted iterations
normal_day   [  67% ] 200/200 VUs  06m40.8s/10m00.0s

running (06m41.7s), 200/200 VUs, 2048 complete and 0 interrupted iterations
normal_day   [  67% ] 200/200 VUs  06m41.8s/10m00.0s

running (06m42.7s), 200/200 VUs, 2049 complete and 0 interrupted iterations
normal_day   [  67% ] 200/200 VUs  06m42.8s/10m00.0s

running (06m43.7s), 200/200 VUs, 2051 complete and 0 interrupted iterations
normal_day   [  67% ] 200/200 VUs  06m43.8s/10m00.0s

running (06m44.7s), 200/200 VUs, 2053 complete and 0 interrupted iterations
normal_day   [  67% ] 200/200 VUs  06m44.8s/10m00.0s

running (06m45.7s), 200/200 VUs, 2060 complete and 0 interrupted iterations
normal_day   [  68% ] 200/200 VUs  06m45.8s/10m00.0s

running (06m46.7s), 200/200 VUs, 2062 complete and 0 interrupted iterations
normal_day   [  68% ] 200/200 VUs  06m46.8s/10m00.0s

running (06m47.7s), 200/200 VUs, 2078 complete and 0 interrupted iterations
normal_day   [  68% ] 200/200 VUs  06m47.8s/10m00.0s

running (06m48.7s), 200/200 VUs, 2089 complete and 0 interrupted iterations
normal_day   [  68% ] 200/200 VUs  06m48.8s/10m00.0s

running (06m49.7s), 200/200 VUs, 2098 complete and 0 interrupted iterations
normal_day   [  68% ] 200/200 VUs  06m49.8s/10m00.0s

running (06m50.7s), 200/200 VUs, 2111 complete and 0 interrupted iterations
normal_day   [  68% ] 200/200 VUs  06m50.8s/10m00.0s

running (06m51.7s), 200/200 VUs, 2114 complete and 0 interrupted iterations
normal_day   [  69% ] 200/200 VUs  06m51.8s/10m00.0s

running (06m52.7s), 200/200 VUs, 2124 complete and 0 interrupted iterations
normal_day   [  69% ] 200/200 VUs  06m52.8s/10m00.0s

running (06m53.7s), 200/200 VUs, 2134 complete and 0 interrupted iterations
normal_day   [  69% ] 200/200 VUs  06m53.8s/10m00.0s

running (06m54.7s), 200/200 VUs, 2143 complete and 0 interrupted iterations
normal_day   [  69% ] 200/200 VUs  06m54.8s/10m00.0s

running (06m55.7s), 200/200 VUs, 2148 complete and 0 interrupted iterations
normal_day   [  69% ] 200/200 VUs  06m55.8s/10m00.0s

running (06m56.7s), 200/200 VUs, 2155 complete and 0 interrupted iterations
normal_day   [  69% ] 200/200 VUs  06m56.8s/10m00.0s

running (06m57.7s), 200/200 VUs, 2160 complete and 0 interrupted iterations
normal_day   [  70% ] 200/200 VUs  06m57.8s/10m00.0s

running (06m58.7s), 200/200 VUs, 2161 complete and 0 interrupted iterations
normal_day   [  70% ] 200/200 VUs  06m58.8s/10m00.0s

running (06m59.7s), 200/200 VUs, 2165 complete and 0 interrupted iterations
normal_day   [  70% ] 200/200 VUs  06m59.8s/10m00.0s

running (07m00.7s), 200/200 VUs, 2172 complete and 0 interrupted iterations
normal_day   [  70% ] 200/200 VUs  07m00.8s/10m00.0s

running (07m01.7s), 200/200 VUs, 2178 complete and 0 interrupted iterations
normal_day   [  70% ] 200/200 VUs  07m01.8s/10m00.0s

running (07m02.7s), 200/200 VUs, 2180 complete and 0 interrupted iterations
normal_day   [  70% ] 200/200 VUs  07m02.8s/10m00.0s

running (07m03.7s), 200/200 VUs, 2180 complete and 0 interrupted iterations
normal_day   [  71% ] 200/200 VUs  07m03.8s/10m00.0s

running (07m04.7s), 200/200 VUs, 2185 complete and 0 interrupted iterations
normal_day   [  71% ] 200/200 VUs  07m04.8s/10m00.0s

running (07m05.7s), 200/200 VUs, 2191 complete and 0 interrupted iterations
normal_day   [  71% ] 200/200 VUs  07m05.8s/10m00.0s

running (07m06.7s), 200/200 VUs, 2197 complete and 0 interrupted iterations
normal_day   [  71% ] 200/200 VUs  07m06.8s/10m00.0s

running (07m07.7s), 200/200 VUs, 2206 complete and 0 interrupted iterations
normal_day   [  71% ] 200/200 VUs  07m07.8s/10m00.0s

running (07m08.7s), 200/200 VUs, 2212 complete and 0 interrupted iterations
normal_day   [  71% ] 200/200 VUs  07m08.8s/10m00.0s

running (07m09.7s), 200/200 VUs, 2219 complete and 0 interrupted iterations
normal_day   [  72% ] 200/200 VUs  07m09.8s/10m00.0s

running (07m10.7s), 200/200 VUs, 2223 complete and 0 interrupted iterations
normal_day   [  72% ] 200/200 VUs  07m10.8s/10m00.0s

running (07m11.7s), 200/200 VUs, 2226 complete and 0 interrupted iterations
normal_day   [  72% ] 200/200 VUs  07m11.8s/10m00.0s

running (07m12.7s), 200/200 VUs, 2229 complete and 0 interrupted iterations
normal_day   [  72% ] 200/200 VUs  07m12.8s/10m00.0s

running (07m13.7s), 200/200 VUs, 2231 complete and 0 interrupted iterations
normal_day   [  72% ] 200/200 VUs  07m13.8s/10m00.0s

running (07m14.7s), 200/200 VUs, 2239 complete and 0 interrupted iterations
normal_day   [  72% ] 200/200 VUs  07m14.8s/10m00.0s

running (07m15.7s), 200/200 VUs, 2241 complete and 0 interrupted iterations
normal_day   [  73% ] 200/200 VUs  07m15.8s/10m00.0s

running (07m16.7s), 200/200 VUs, 2243 complete and 0 interrupted iterations
normal_day   [  73% ] 200/200 VUs  07m16.8s/10m00.0s

running (07m17.7s), 200/200 VUs, 2246 complete and 0 interrupted iterations
normal_day   [  73% ] 200/200 VUs  07m17.8s/10m00.0s

running (07m18.7s), 200/200 VUs, 2251 complete and 0 interrupted iterations
normal_day   [  73% ] 200/200 VUs  07m18.8s/10m00.0s

running (07m19.7s), 200/200 VUs, 2257 complete and 0 interrupted iterations
normal_day   [  73% ] 200/200 VUs  07m19.8s/10m00.0s

running (07m20.7s), 200/200 VUs, 2266 complete and 0 interrupted iterations
normal_day   [  73% ] 200/200 VUs  07m20.8s/10m00.0s

running (07m21.7s), 200/200 VUs, 2269 complete and 0 interrupted iterations
normal_day   [  74% ] 200/200 VUs  07m21.8s/10m00.0s

running (07m22.7s), 200/200 VUs, 2279 complete and 0 interrupted iterations
normal_day   [  74% ] 200/200 VUs  07m22.8s/10m00.0s

running (07m23.7s), 200/200 VUs, 2286 complete and 0 interrupted iterations
normal_day   [  74% ] 200/200 VUs  07m23.8s/10m00.0s

running (07m24.7s), 200/200 VUs, 2301 complete and 0 interrupted iterations
normal_day   [  74% ] 200/200 VUs  07m24.8s/10m00.0s

running (07m25.7s), 200/200 VUs, 2313 complete and 0 interrupted iterations
normal_day   [  74% ] 200/200 VUs  07m25.8s/10m00.0s

running (07m26.7s), 200/200 VUs, 2325 complete and 0 interrupted iterations
normal_day   [  74% ] 200/200 VUs  07m26.8s/10m00.0s

running (07m27.7s), 200/200 VUs, 2332 complete and 0 interrupted iterations
normal_day   [  75% ] 200/200 VUs  07m27.8s/10m00.0s

running (07m28.7s), 200/200 VUs, 2347 complete and 0 interrupted iterations
normal_day   [  75% ] 200/200 VUs  07m28.8s/10m00.0s

running (07m29.7s), 200/200 VUs, 2357 complete and 0 interrupted iterations
normal_day   [  75% ] 200/200 VUs  07m29.8s/10m00.0s

running (07m30.7s), 200/200 VUs, 2363 complete and 0 interrupted iterations
normal_day   [  75% ] 200/200 VUs  07m30.8s/10m00.0s

running (07m31.7s), 200/200 VUs, 2373 complete and 0 interrupted iterations
normal_day   [  75% ] 200/200 VUs  07m31.8s/10m00.0s

running (07m32.7s), 200/200 VUs, 2378 complete and 0 interrupted iterations
normal_day   [  75% ] 200/200 VUs  07m32.8s/10m00.0s

running (07m33.7s), 200/200 VUs, 2381 complete and 0 interrupted iterations
normal_day   [  76% ] 200/200 VUs  07m33.8s/10m00.0s

running (07m34.7s), 200/200 VUs, 2388 complete and 0 interrupted iterations
normal_day   [  76% ] 200/200 VUs  07m34.8s/10m00.0s

running (07m35.7s), 200/200 VUs, 2399 complete and 0 interrupted iterations
normal_day   [  76% ] 200/200 VUs  07m35.8s/10m00.0s

running (07m36.7s), 200/200 VUs, 2412 complete and 0 interrupted iterations
normal_day   [  76% ] 200/200 VUs  07m36.8s/10m00.0s

running (07m37.7s), 200/200 VUs, 2423 complete and 0 interrupted iterations
normal_day   [  76% ] 200/200 VUs  07m37.8s/10m00.0s

running (07m38.7s), 200/200 VUs, 2428 complete and 0 interrupted iterations
normal_day   [  76% ] 200/200 VUs  07m38.8s/10m00.0s

running (07m39.7s), 200/200 VUs, 2437 complete and 0 interrupted iterations
normal_day   [  77% ] 200/200 VUs  07m39.8s/10m00.0s

running (07m40.7s), 200/200 VUs, 2442 complete and 0 interrupted iterations
normal_day   [  77% ] 200/200 VUs  07m40.8s/10m00.0s

running (07m41.7s), 200/200 VUs, 2447 complete and 0 interrupted iterations
normal_day   [  77% ] 200/200 VUs  07m41.8s/10m00.0s

running (07m42.7s), 200/200 VUs, 2447 complete and 0 interrupted iterations
normal_day   [  77% ] 200/200 VUs  07m42.8s/10m00.0s

running (07m43.7s), 200/200 VUs, 2449 complete and 0 interrupted iterations
normal_day   [  77% ] 200/200 VUs  07m43.8s/10m00.0s

running (07m44.7s), 200/200 VUs, 2454 complete and 0 interrupted iterations
normal_day   [  77% ] 200/200 VUs  07m44.8s/10m00.0s

running (07m45.7s), 200/200 VUs, 2464 complete and 0 interrupted iterations
normal_day   [  78% ] 200/200 VUs  07m45.8s/10m00.0s

running (07m46.7s), 200/200 VUs, 2472 complete and 0 interrupted iterations
normal_day   [  78% ] 200/200 VUs  07m46.8s/10m00.0s

running (07m47.7s), 200/200 VUs, 2485 complete and 0 interrupted iterations
normal_day   [  78% ] 200/200 VUs  07m47.8s/10m00.0s

running (07m48.7s), 200/200 VUs, 2492 complete and 0 interrupted iterations
normal_day   [  78% ] 200/200 VUs  07m48.8s/10m00.0s

running (07m49.7s), 200/200 VUs, 2495 complete and 0 interrupted iterations
normal_day   [  78% ] 200/200 VUs  07m49.8s/10m00.0s

running (07m50.7s), 200/200 VUs, 2496 complete and 0 interrupted iterations
normal_day   [  78% ] 200/200 VUs  07m50.8s/10m00.0s

running (07m51.7s), 200/200 VUs, 2498 complete and 0 interrupted iterations
normal_day   [  79% ] 200/200 VUs  07m51.8s/10m00.0s

running (07m52.7s), 200/200 VUs, 2500 complete and 0 interrupted iterations
normal_day   [  79% ] 200/200 VUs  07m52.8s/10m00.0s

running (07m53.7s), 200/200 VUs, 2501 complete and 0 interrupted iterations
normal_day   [  79% ] 200/200 VUs  07m53.8s/10m00.0s

running (07m54.7s), 200/200 VUs, 2503 complete and 0 interrupted iterations
normal_day   [  79% ] 200/200 VUs  07m54.8s/10m00.0s

running (07m55.7s), 200/200 VUs, 2504 complete and 0 interrupted iterations
normal_day   [  79% ] 200/200 VUs  07m55.8s/10m00.0s

running (07m56.7s), 200/200 VUs, 2505 complete and 0 interrupted iterations
normal_day   [  79% ] 200/200 VUs  07m56.8s/10m00.0s

running (07m57.7s), 200/200 VUs, 2510 complete and 0 interrupted iterations
normal_day   [  80% ] 200/200 VUs  07m57.8s/10m00.0s

running (07m58.7s), 200/200 VUs, 2511 complete and 0 interrupted iterations
normal_day   [  80% ] 200/200 VUs  07m58.8s/10m00.0s

running (07m59.7s), 200/200 VUs, 2518 complete and 0 interrupted iterations
normal_day   [  80% ] 200/200 VUs  07m59.8s/10m00.0s

running (08m00.7s), 200/200 VUs, 2528 complete and 0 interrupted iterations
normal_day   [  80% ] 200/200 VUs  08m00.8s/10m00.0s

running (08m01.7s), 199/200 VUs, 2540 complete and 0 interrupted iterations
normal_day   [  80% ] 199/200 VUs  08m01.8s/10m00.0s

running (08m02.7s), 199/200 VUs, 2550 complete and 0 interrupted iterations
normal_day   [  80% ] 199/200 VUs  08m02.8s/10m00.0s

running (08m03.7s), 199/200 VUs, 2554 complete and 0 interrupted iterations
normal_day   [  81% ] 199/200 VUs  08m03.8s/10m00.0s

running (08m04.7s), 199/200 VUs, 2556 complete and 0 interrupted iterations
normal_day   [  81% ] 199/200 VUs  08m04.8s/10m00.0s

running (08m05.7s), 199/200 VUs, 2561 complete and 0 interrupted iterations
normal_day   [  81% ] 199/200 VUs  08m05.8s/10m00.0s

running (08m06.7s), 199/200 VUs, 2566 complete and 0 interrupted iterations
normal_day   [  81% ] 199/200 VUs  08m06.8s/10m00.0s

running (08m07.7s), 199/200 VUs, 2570 complete and 0 interrupted iterations
normal_day   [  81% ] 199/200 VUs  08m07.8s/10m00.0s

running (08m08.7s), 199/200 VUs, 2572 complete and 0 interrupted iterations
normal_day   [  81% ] 199/200 VUs  08m08.8s/10m00.0s

running (08m09.7s), 198/200 VUs, 2582 complete and 0 interrupted iterations
normal_day   [  82% ] 198/200 VUs  08m09.8s/10m00.0s

running (08m10.7s), 198/200 VUs, 2591 complete and 0 interrupted iterations
normal_day   [  82% ] 198/200 VUs  08m10.8s/10m00.0s

running (08m11.7s), 198/200 VUs, 2596 complete and 0 interrupted iterations
normal_day   [  82% ] 198/200 VUs  08m11.8s/10m00.0s

running (08m12.7s), 197/200 VUs, 2602 complete and 0 interrupted iterations
normal_day   [  82% ] 197/200 VUs  08m12.8s/10m00.0s

running (08m13.7s), 196/200 VUs, 2610 complete and 0 interrupted iterations
normal_day   [  82% ] 196/200 VUs  08m13.8s/10m00.0s

running (08m14.7s), 196/200 VUs, 2612 complete and 0 interrupted iterations
normal_day   [  82% ] 196/200 VUs  08m14.8s/10m00.0s

running (08m15.7s), 195/200 VUs, 2620 complete and 0 interrupted iterations
normal_day   [  83% ] 195/200 VUs  08m15.8s/10m00.0s

running (08m16.7s), 195/200 VUs, 2624 complete and 0 interrupted iterations
normal_day   [  83% ] 195/200 VUs  08m16.8s/10m00.0s

running (08m17.7s), 194/200 VUs, 2628 complete and 0 interrupted iterations
normal_day   [  83% ] 194/200 VUs  08m17.8s/10m00.0s

running (08m18.7s), 194/200 VUs, 2633 complete and 0 interrupted iterations
normal_day   [  83% ] 194/200 VUs  08m18.8s/10m00.0s

running (08m19.7s), 193/200 VUs, 2643 complete and 0 interrupted iterations
normal_day   [  83% ] 193/200 VUs  08m19.8s/10m00.0s

running (08m20.7s), 193/200 VUs, 2650 complete and 0 interrupted iterations
normal_day   [  83% ] 193/200 VUs  08m20.8s/10m00.0s

running (08m21.7s), 193/200 VUs, 2655 complete and 0 interrupted iterations
normal_day   [  84% ] 193/200 VUs  08m21.8s/10m00.0s

running (08m22.7s), 192/200 VUs, 2665 complete and 0 interrupted iterations
normal_day   [  84% ] 192/200 VUs  08m22.8s/10m00.0s

running (08m23.7s), 190/200 VUs, 2676 complete and 0 interrupted iterations
normal_day   [  84% ] 190/200 VUs  08m23.8s/10m00.0s

running (08m24.7s), 189/200 VUs, 2686 complete and 0 interrupted iterations
normal_day   [  84% ] 189/200 VUs  08m24.8s/10m00.0s

running (08m25.7s), 186/200 VUs, 2696 complete and 0 interrupted iterations
normal_day   [  84% ] 186/200 VUs  08m25.8s/10m00.0s

running (08m26.7s), 186/200 VUs, 2702 complete and 0 interrupted iterations
normal_day   [  84% ] 186/200 VUs  08m26.8s/10m00.0s

running (08m27.7s), 183/200 VUs, 2708 complete and 0 interrupted iterations
normal_day   [  85% ] 183/200 VUs  08m27.8s/10m00.0s

running (08m28.7s), 182/200 VUs, 2711 complete and 0 interrupted iterations
normal_day   [  85% ] 182/200 VUs  08m28.8s/10m00.0s

running (08m29.7s), 181/200 VUs, 2716 complete and 0 interrupted iterations
normal_day   [  85% ] 181/200 VUs  08m29.8s/10m00.0s

running (08m30.7s), 179/200 VUs, 2724 complete and 1 interrupted iterations
normal_day   [  85% ] 179/200 VUs  08m30.8s/10m00.0s

running (08m31.7s), 178/200 VUs, 2731 complete and 1 interrupted iterations
normal_day   [  85% ] 178/200 VUs  08m31.8s/10m00.0s

running (08m32.7s), 177/200 VUs, 2740 complete and 1 interrupted iterations
normal_day   [  85% ] 177/200 VUs  08m32.8s/10m00.0s

running (08m33.7s), 173/200 VUs, 2746 complete and 2 interrupted iterations
normal_day   [  86% ] 173/200 VUs  08m33.8s/10m00.0s

running (08m34.7s), 172/200 VUs, 2749 complete and 3 interrupted iterations
normal_day   [  86% ] 172/200 VUs  08m34.8s/10m00.0s

running (08m35.7s), 172/200 VUs, 2752 complete and 3 interrupted iterations
normal_day   [  86% ] 172/200 VUs  08m35.8s/10m00.0s

running (08m36.7s), 170/200 VUs, 2754 complete and 4 interrupted iterations
normal_day   [  86% ] 170/200 VUs  08m36.8s/10m00.0s

running (08m37.7s), 170/200 VUs, 2754 complete and 4 interrupted iterations
normal_day   [  86% ] 170/200 VUs  08m37.8s/10m00.0s

running (08m38.7s), 168/200 VUs, 2757 complete and 5 interrupted iterations
normal_day   [  86% ] 168/200 VUs  08m38.8s/10m00.0s

running (08m39.7s), 165/200 VUs, 2766 complete and 5 interrupted iterations
normal_day   [  87% ] 165/200 VUs  08m39.8s/10m00.0s

running (08m40.7s), 164/200 VUs, 2768 complete and 5 interrupted iterations
normal_day   [  87% ] 164/200 VUs  08m40.8s/10m00.0s

running (08m41.7s), 162/200 VUs, 2776 complete and 6 interrupted iterations
normal_day   [  87% ] 162/200 VUs  08m41.8s/10m00.0s

running (08m42.7s), 161/200 VUs, 2784 complete and 6 interrupted iterations
normal_day   [  87% ] 161/200 VUs  08m42.8s/10m00.0s

running (08m43.7s), 158/200 VUs, 2793 complete and 6 interrupted iterations
normal_day   [  87% ] 158/200 VUs  08m43.8s/10m00.0s

running (08m44.7s), 155/200 VUs, 2795 complete and 8 interrupted iterations
normal_day   [  87% ] 155/200 VUs  08m44.8s/10m00.0s

running (08m45.7s), 151/200 VUs, 2806 complete and 9 interrupted iterations
normal_day   [  88% ] 151/200 VUs  08m45.8s/10m00.0s

running (08m46.7s), 150/200 VUs, 2809 complete and 9 interrupted iterations
normal_day   [  88% ] 150/200 VUs  08m46.8s/10m00.0s

running (08m47.7s), 148/200 VUs, 2820 complete and 10 interrupted iterations
normal_day   [  88% ] 148/200 VUs  08m47.8s/10m00.0s

running (08m48.7s), 145/200 VUs, 2826 complete and 10 interrupted iterations
normal_day   [  88% ] 145/200 VUs  08m48.8s/10m00.0s

running (08m49.7s), 142/200 VUs, 2837 complete and 10 interrupted iterations
normal_day   [  88% ] 142/200 VUs  08m49.8s/10m00.0s

running (08m50.7s), 141/200 VUs, 2840 complete and 10 interrupted iterations
normal_day   [  88% ] 141/200 VUs  08m50.8s/10m00.0s

running (08m51.7s), 141/200 VUs, 2841 complete and 10 interrupted iterations
normal_day   [  89% ] 141/200 VUs  08m51.8s/10m00.0s

running (08m52.7s), 141/200 VUs, 2843 complete and 10 interrupted iterations
normal_day   [  89% ] 141/200 VUs  08m52.8s/10m00.0s

running (08m53.7s), 138/200 VUs, 2844 complete and 12 interrupted iterations
normal_day   [  89% ] 138/200 VUs  08m53.8s/10m00.0s

running (08m54.7s), 137/200 VUs, 2845 complete and 13 interrupted iterations
normal_day   [  89% ] 137/200 VUs  08m54.8s/10m00.0s

running (08m55.7s), 135/200 VUs, 2852 complete and 14 interrupted iterations
normal_day   [  89% ] 135/200 VUs  08m55.8s/10m00.0s

running (08m56.7s), 135/200 VUs, 2854 complete and 14 interrupted iterations
normal_day   [  89% ] 135/200 VUs  08m56.8s/10m00.0s

running (08m57.7s), 135/200 VUs, 2860 complete and 14 interrupted iterations
normal_day   [  90% ] 135/200 VUs  08m57.8s/10m00.0s

running (08m58.7s), 134/200 VUs, 2869 complete and 14 interrupted iterations
normal_day   [  90% ] 134/200 VUs  08m58.8s/10m00.0s

running (08m59.7s), 132/200 VUs, 2874 complete and 14 interrupted iterations
normal_day   [  90% ] 132/200 VUs  08m59.8s/10m00.0s

running (09m00.7s), 129/200 VUs, 2877 complete and 16 interrupted iterations
normal_day   [  90% ] 129/200 VUs  09m00.8s/10m00.0s

running (09m01.7s), 126/200 VUs, 2882 complete and 16 interrupted iterations
normal_day   [  90% ] 126/200 VUs  09m01.8s/10m00.0s

running (09m02.7s), 124/200 VUs, 2887 complete and 16 interrupted iterations
normal_day   [  90% ] 124/200 VUs  09m02.8s/10m00.0s

running (09m03.7s), 123/200 VUs, 2888 complete and 17 interrupted iterations
normal_day   [  91% ] 123/200 VUs  09m03.8s/10m00.0s

running (09m04.7s), 122/200 VUs, 2890 complete and 17 interrupted iterations
normal_day   [  91% ] 122/200 VUs  09m04.8s/10m00.0s

running (09m05.7s), 118/200 VUs, 2896 complete and 18 interrupted iterations
normal_day   [  91% ] 118/200 VUs  09m05.8s/10m00.0s

running (09m06.7s), 118/200 VUs, 2898 complete and 18 interrupted iterations
normal_day   [  91% ] 118/200 VUs  09m06.8s/10m00.0s

running (09m07.7s), 116/200 VUs, 2904 complete and 18 interrupted iterations
normal_day   [  91% ] 116/200 VUs  09m07.8s/10m00.0s

running (09m08.7s), 114/200 VUs, 2912 complete and 19 interrupted iterations
normal_day   [  91% ] 114/200 VUs  09m08.8s/10m00.0s

running (09m09.7s), 111/200 VUs, 2918 complete and 20 interrupted iterations
normal_day   [  92% ] 111/200 VUs  09m09.8s/10m00.0s

running (09m10.7s), 110/200 VUs, 2922 complete and 20 interrupted iterations
normal_day   [  92% ] 110/200 VUs  09m10.8s/10m00.0s

running (09m11.7s), 110/200 VUs, 2925 complete and 20 interrupted iterations
normal_day   [  92% ] 110/200 VUs  09m11.8s/10m00.0s

running (09m12.7s), 110/200 VUs, 2925 complete and 20 interrupted iterations
normal_day   [  92% ] 110/200 VUs  09m12.8s/10m00.0s

running (09m13.7s), 106/200 VUs, 2931 complete and 20 interrupted iterations
normal_day   [  92% ] 106/200 VUs  09m13.8s/10m00.0s

running (09m14.7s), 102/200 VUs, 2940 complete and 21 interrupted iterations
normal_day   [  92% ] 102/200 VUs  09m14.8s/10m00.0s

running (09m15.7s), 098/200 VUs, 2950 complete and 21 interrupted iterations
normal_day   [  93% ] 098/200 VUs  09m15.8s/10m00.0s

running (09m16.7s), 096/200 VUs, 2955 complete and 21 interrupted iterations
normal_day   [  93% ] 096/200 VUs  09m16.8s/10m00.0s

running (09m17.7s), 094/200 VUs, 2959 complete and 22 interrupted iterations
normal_day   [  93% ] 094/200 VUs  09m17.8s/10m00.0s

running (09m18.7s), 093/200 VUs, 2962 complete and 22 interrupted iterations
normal_day   [  93% ] 093/200 VUs  09m18.8s/10m00.0s

running (09m19.7s), 092/200 VUs, 2966 complete and 22 interrupted iterations
normal_day   [  93% ] 092/200 VUs  09m19.8s/10m00.0s

running (09m20.7s), 091/200 VUs, 2971 complete and 23 interrupted iterations
normal_day   [  93% ] 091/200 VUs  09m20.8s/10m00.0s

running (09m21.7s), 089/200 VUs, 2973 complete and 24 interrupted iterations
normal_day   [  94% ] 089/200 VUs  09m21.8s/10m00.0s

running (09m22.7s), 087/200 VUs, 2977 complete and 24 interrupted iterations
normal_day   [  94% ] 087/200 VUs  09m22.8s/10m00.0s

running (09m23.7s), 086/200 VUs, 2981 complete and 24 interrupted iterations
normal_day   [  94% ] 086/200 VUs  09m23.8s/10m00.0s

running (09m24.7s), 083/200 VUs, 2986 complete and 25 interrupted iterations
normal_day   [  94% ] 083/200 VUs  09m24.8s/10m00.0s

running (09m25.7s), 082/200 VUs, 2993 complete and 25 interrupted iterations
normal_day   [  94% ] 082/200 VUs  09m25.8s/10m00.0s

running (09m26.7s), 080/200 VUs, 2996 complete and 26 interrupted iterations
normal_day   [  94% ] 080/200 VUs  09m26.8s/10m00.0s

running (09m27.7s), 079/200 VUs, 2998 complete and 26 interrupted iterations
normal_day   [  95% ] 079/200 VUs  09m27.8s/10m00.0s

running (09m28.7s), 076/200 VUs, 3004 complete and 27 interrupted iterations
normal_day   [  95% ] 076/200 VUs  09m28.8s/10m00.0s

running (09m29.7s), 071/200 VUs, 3010 complete and 27 interrupted iterations
normal_day   [  95% ] 071/200 VUs  09m29.8s/10m00.0s

running (09m30.7s), 069/200 VUs, 3018 complete and 27 interrupted iterations
normal_day   [  95% ] 069/200 VUs  09m30.8s/10m00.0s

running (09m31.7s), 065/200 VUs, 3032 complete and 27 interrupted iterations
normal_day   [  95% ] 065/200 VUs  09m31.8s/10m00.0s

running (09m32.7s), 062/200 VUs, 3043 complete and 27 interrupted iterations
normal_day   [  95% ] 062/200 VUs  09m32.8s/10m00.0s

running (09m33.7s), 058/200 VUs, 3049 complete and 28 interrupted iterations
normal_day   [  96% ] 058/200 VUs  09m33.8s/10m00.0s

running (09m34.7s), 056/200 VUs, 3054 complete and 28 interrupted iterations
normal_day   [  96% ] 056/200 VUs  09m34.8s/10m00.0s

running (09m35.7s), 056/200 VUs, 3059 complete and 28 interrupted iterations
normal_day   [  96% ] 056/200 VUs  09m35.8s/10m00.0s

running (09m36.7s), 054/200 VUs, 3064 complete and 28 interrupted iterations
normal_day   [  96% ] 054/200 VUs  09m36.8s/10m00.0s

running (09m37.7s), 052/200 VUs, 3070 complete and 28 interrupted iterations
normal_day   [  96% ] 052/200 VUs  09m37.8s/10m00.0s

running (09m38.7s), 052/200 VUs, 3073 complete and 28 interrupted iterations
normal_day   [  96% ] 052/200 VUs  09m38.8s/10m00.0s

running (09m39.7s), 050/200 VUs, 3079 complete and 28 interrupted iterations
normal_day   [  97% ] 050/200 VUs  09m39.8s/10m00.0s

running (09m40.7s), 045/200 VUs, 3087 complete and 28 interrupted iterations
normal_day   [  97% ] 045/200 VUs  09m40.8s/10m00.0s

running (09m41.7s), 044/200 VUs, 3091 complete and 28 interrupted iterations
normal_day   [  97% ] 044/200 VUs  09m41.8s/10m00.0s

running (09m42.7s), 042/200 VUs, 3097 complete and 28 interrupted iterations
normal_day   [  97% ] 042/200 VUs  09m42.8s/10m00.0s

running (09m43.7s), 041/200 VUs, 3098 complete and 28 interrupted iterations
normal_day   [  97% ] 041/200 VUs  09m43.8s/10m00.0s

running (09m44.7s), 039/200 VUs, 3101 complete and 28 interrupted iterations
normal_day   [  97% ] 039/200 VUs  09m44.8s/10m00.0s

running (09m45.7s), 037/200 VUs, 3107 complete and 28 interrupted iterations
normal_day   [  98% ] 037/200 VUs  09m45.8s/10m00.0s

running (09m46.7s), 036/200 VUs, 3108 complete and 28 interrupted iterations
normal_day   [  98% ] 036/200 VUs  09m46.8s/10m00.0s

running (09m47.7s), 034/200 VUs, 3115 complete and 28 interrupted iterations
normal_day   [  98% ] 034/200 VUs  09m47.8s/10m00.0s

running (09m48.7s), 032/200 VUs, 3121 complete and 28 interrupted iterations
normal_day   [  98% ] 032/200 VUs  09m48.8s/10m00.0s

running (09m49.7s), 030/200 VUs, 3126 complete and 28 interrupted iterations
normal_day   [  98% ] 030/200 VUs  09m49.8s/10m00.0s

running (09m50.7s), 029/200 VUs, 3127 complete and 28 interrupted iterations
normal_day   [  98% ] 029/200 VUs  09m50.8s/10m00.0s

running (09m51.7s), 026/200 VUs, 3133 complete and 28 interrupted iterations
normal_day   [  99% ] 026/200 VUs  09m51.8s/10m00.0s

running (09m52.7s), 024/200 VUs, 3135 complete and 28 interrupted iterations
normal_day   [  99% ] 024/200 VUs  09m52.8s/10m00.0s

running (09m53.7s), 022/200 VUs, 3139 complete and 28 interrupted iterations
normal_day   [  99% ] 022/200 VUs  09m53.8s/10m00.0s

running (09m54.7s), 020/200 VUs, 3141 complete and 28 interrupted iterations
normal_day   [  99% ] 020/200 VUs  09m54.8s/10m00.0s

running (09m55.7s), 020/200 VUs, 3141 complete and 28 interrupted iterations
normal_day   [  99% ] 020/200 VUs  09m55.8s/10m00.0s

running (09m56.7s), 018/200 VUs, 3144 complete and 28 interrupted iterations
normal_day   [  99% ] 018/200 VUs  09m56.8s/10m00.0s

running (09m57.7s), 017/200 VUs, 3148 complete and 28 interrupted iterations
normal_day   [ 100% ] 017/200 VUs  09m57.8s/10m00.0s

running (09m58.7s), 016/200 VUs, 3149 complete and 28 interrupted iterations
normal_day   [ 100% ] 016/200 VUs  09m58.8s/10m00.0s

running (09m59.7s), 014/200 VUs, 3151 complete and 28 interrupted iterations
normal_day   [ 100% ] 014/200 VUs  09m59.8s/10m00.0s

running (10m00.7s), 013/200 VUs, 3152 complete and 28 interrupted iterations
normal_day ↓ [ 100% ] 014/200 VUs  10m0s

running (10m01.7s), 010/200 VUs, 3155 complete and 28 interrupted iterations
normal_day ↓ [ 100% ] 014/200 VUs  10m0s

running (10m02.7s), 009/200 VUs, 3156 complete and 28 interrupted iterations
normal_day ↓ [ 100% ] 014/200 VUs  10m0s

running (10m03.7s), 008/200 VUs, 3157 complete and 28 interrupted iterations
normal_day ↓ [ 100% ] 014/200 VUs  10m0s

running (10m04.7s), 007/200 VUs, 3158 complete and 28 interrupted iterations
normal_day ↓ [ 100% ] 014/200 VUs  10m0s

running (10m05.7s), 006/200 VUs, 3159 complete and 28 interrupted iterations
normal_day ↓ [ 100% ] 014/200 VUs  10m0s

running (10m06.7s), 006/200 VUs, 3159 complete and 28 interrupted iterations
normal_day ↓ [ 100% ] 014/200 VUs  10m0s

running (10m07.7s), 005/200 VUs, 3160 complete and 28 interrupted iterations
normal_day ↓ [ 100% ] 014/200 VUs  10m0s

running (10m08.7s), 004/200 VUs, 3161 complete and 28 interrupted iterations
normal_day ↓ [ 100% ] 014/200 VUs  10m0s

running (10m09.7s), 003/200 VUs, 3162 complete and 28 interrupted iterations
normal_day ↓ [ 100% ] 014/200 VUs  10m0s

running (10m10.7s), 002/200 VUs, 3163 complete and 28 interrupted iterations
normal_day ↓ [ 100% ] 014/200 VUs  10m0s

running (10m11.7s), 001/200 VUs, 3164 complete and 28 interrupted iterations
normal_day ↓ [ 100% ] 014/200 VUs  10m0s

running (10m12.7s), 001/200 VUs, 3164 complete and 28 interrupted iterations
normal_day ↓ [ 100% ] 014/200 VUs  10m0s

running (10m13.7s), 001/200 VUs, 3164 complete and 28 interrupted iterations
normal_day ↓ [ 100% ] 014/200 VUs  10m0s

running (10m14.7s), 001/200 VUs, 3164 complete and 28 interrupted iterations
normal_day ↓ [ 100% ] 014/200 VUs  10m0s

running (10m15.7s), 001/200 VUs, 3164 complete and 28 interrupted iterations
normal_day ↓ [ 100% ] 014/200 VUs  10m0s
[32m     ✓ login 200[0m
[32m     ✓ unread count 200[0m
[32m     ✓ post detail 200[0m
[32m     ✓ board list 200[0m
[32m     ✓ notif list 200[0m
[32m     ✓ scrap 2xx[0m
[32m     ✓ post search 200[0m
[32m     ✓ hot daily 200[0m
[32m     ✓ post create 2xx[0m
[32m     ✓ friend list 200[0m
[32m     ✓ chat rooms 200[0m
[32m     ✓ post list 200[0m
[32m     ✓ received reqs 200[0m
[32m     ✓ post reaction 2xx[0m
[32m     ✓ chat messages 200[0m
[32m     ✓ user info 200[0m
[32m     ✓ comment list 200[0m
[32m     ✓ my posts 200[0m
[32m     ✓ chat read 200[0m
[32m     ✓ comment create 2xx[0m
[32m     ✓ post update 200[0m
[32m     ✓ post delete 200[0m
[32m     ✓ meal today 200[0m
[32m     ✓ logout 200[0m
[32m     ✓ timetable today 200[0m
[32m     ✓ read all 200[0m
[32m     ✓ read one 200[0m
[32m     ✓ comment reaction 200[0m
[32m     ✓ ws handshake 101[0m
[32m     ✓ refresh 200[0m
[32m     ✓ meal month 200[0m

     auth_token_refreshes[2m...........:[0m [36m32[0m      [36;2m0.051947/s[0m
     chat_ws_messages_sent[2m..........:[0m [36m741[0m     [36;2m1.202905/s[0m
     chat_ws_rtt[2m....................:[0m avg=[36m2.48s[0m   min=[36m17ms[0m     med=[36m2.02s[0m    max=[36m11.81s[0m   p(90)=[36m5.22s[0m    p(95)=[36m6.34s[0m   p(99)=[36m8.3s[0m    
     checks[2m.........................:[0m [36m100.00%[0m [36;2m✓ 13908[0m     [36;2m✗ 0[0m    
     [32m✓[0m { phase:measure }[2m............:[0m [36m100.00%[0m [36;2m✓ 7358[0m      [36;2m✗ 0[0m    
     [32m✓[0m { phase:rampdown }[2m...........:[0m [36m100.00%[0m [36;2m✓ 2518[0m      [36;2m✗ 0[0m    
     [32m✓[0m { phase:warmup }[2m.............:[0m [36m100.00%[0m [36;2m✓ 4032[0m      [36;2m✗ 0[0m    
     data_received[2m..................:[0m [36m622 MB[0m  [36;2m1.0 MB/s[0m
     data_sent[2m......................:[0m [36m5.6 MB[0m  [36;2m9.1 kB/s[0m
     http_req_blocked[2m...............:[0m avg=[36m15.49µs[0m min=[36m1.83µs[0m   med=[36m6.34µs[0m   max=[36m22.39ms[0m  p(90)=[36m10.29µs[0m  p(95)=[36m13.31µs[0m p(99)=[36m325.72µs[0m
     http_req_connecting[2m............:[0m avg=[36m6.19µs[0m  min=[36m0s[0m       med=[36m0s[0m       max=[36m22ms[0m     p(90)=[36m0s[0m       p(95)=[36m0s[0m      p(99)=[36m212.12µs[0m
     http_req_duration[2m..............:[0m avg=[36m4.48s[0m   min=[36m1.72ms[0m   med=[36m3.92s[0m    max=[36m27.32s[0m   p(90)=[36m8.63s[0m    p(95)=[36m10.33s[0m  p(99)=[36m14.9s[0m   
       { expected_response:true }[2m...:[0m avg=[36m4.48s[0m   min=[36m1.72ms[0m   med=[36m3.92s[0m    max=[36m27.32s[0m   p(90)=[36m8.63s[0m    p(95)=[36m10.33s[0m  p(99)=[36m14.9s[0m   
     [32m✓[0m { feature:auth }[2m.............:[0m avg=[36m2.22s[0m   min=[36m14.15ms[0m  med=[36m1.54s[0m    max=[36m10.98s[0m   p(90)=[36m5.27s[0m    p(95)=[36m6.97s[0m   p(99)=[36m10.56s[0m  
     [32m✓[0m { feature:board }[2m............:[0m avg=[36m4.39s[0m   min=[36m2.39ms[0m   med=[36m4.01s[0m    max=[36m17.93s[0m   p(90)=[36m8.21s[0m    p(95)=[36m9.61s[0m   p(99)=[36m11.81s[0m  
     [32m✓[0m { feature:chat }[2m.............:[0m avg=[36m4.46s[0m   min=[36m2.85ms[0m   med=[36m4.02s[0m    max=[36m16.39s[0m   p(90)=[36m8.33s[0m    p(95)=[36m9.64s[0m   p(99)=[36m12.14s[0m  
     [32m✓[0m { feature:comment }[2m..........:[0m avg=[36m5.93s[0m   min=[36m1.95ms[0m   med=[36m5.18s[0m    max=[36m27.32s[0m   p(90)=[36m12.4s[0m    p(95)=[36m14.89s[0m  p(99)=[36m18.44s[0m  
     [32m✓[0m { feature:friend }[2m...........:[0m avg=[36m4.74s[0m   min=[36m2.98ms[0m   med=[36m4.79s[0m    max=[36m16.54s[0m   p(90)=[36m8.57s[0m    p(95)=[36m9.64s[0m   p(99)=[36m11.46s[0m  
     [32m✓[0m { feature:hot }[2m..............:[0m avg=[36m4.24s[0m   min=[36m9.55ms[0m   med=[36m3.84s[0m    max=[36m14.57s[0m   p(90)=[36m8.15s[0m    p(95)=[36m9.32s[0m   p(99)=[36m11.2s[0m   
     [32m✓[0m { feature:mypage }[2m...........:[0m avg=[36m4.17s[0m   min=[36m2.71ms[0m   med=[36m4.13s[0m    max=[36m10.71s[0m   p(90)=[36m8.22s[0m    p(95)=[36m8.54s[0m   p(99)=[36m9.67s[0m   
     [32m✓[0m { feature:notification }[2m.....:[0m avg=[36m4.6s[0m    min=[36m2.74ms[0m   med=[36m4.13s[0m    max=[36m16.45s[0m   p(90)=[36m8.62s[0m    p(95)=[36m9.85s[0m   p(99)=[36m11.88s[0m  
     [32m✓[0m { feature:post }[2m.............:[0m avg=[36m4.05s[0m   min=[36m1.72ms[0m   med=[36m3.63s[0m    max=[36m16.52s[0m   p(90)=[36m7.98s[0m    p(95)=[36m9.09s[0m   p(99)=[36m11.7s[0m   
     [32m✓[0m { feature:reaction }[2m.........:[0m avg=[36m4.65s[0m   min=[36m16.03ms[0m  med=[36m4.5s[0m     max=[36m15.07s[0m   p(90)=[36m8.33s[0m    p(95)=[36m9.42s[0m   p(99)=[36m12.33s[0m  
     [32m✓[0m { feature:school }[2m...........:[0m avg=[36m4.24s[0m   min=[36m2.89ms[0m   med=[36m3.6s[0m     max=[36m15.82s[0m   p(90)=[36m8.59s[0m    p(95)=[36m9.82s[0m   p(99)=[36m12.81s[0m  
     [32m✓[0m { feature:scrap }[2m............:[0m avg=[36m4.32s[0m   min=[36m16.61ms[0m  med=[36m4.08s[0m    max=[36m12.18s[0m   p(90)=[36m8.5s[0m     p(95)=[36m10s[0m     p(99)=[36m11.32s[0m  
     [32m✓[0m { feature:timetable }[2m........:[0m avg=[36m4.82s[0m   min=[36m2.39ms[0m   med=[36m4.61s[0m    max=[36m12.45s[0m   p(90)=[36m8.56s[0m    p(95)=[36m10.67s[0m  p(99)=[36m12.33s[0m  
     [32m✓[0m { op:auth }[2m..................:[0m avg=[36m2.22s[0m   min=[36m14.15ms[0m  med=[36m1.54s[0m    max=[36m10.98s[0m   p(90)=[36m5.27s[0m    p(95)=[36m6.97s[0m   p(99)=[36m10.56s[0m  
     [31m✗[0m { op:read,phase:measure }[2m....:[0m avg=[36m5.98s[0m   min=[36m2.92ms[0m   med=[36m5.71s[0m    max=[36m24.5s[0m    p(90)=[36m9.88s[0m    p(95)=[36m11.3s[0m   p(99)=[36m16.38s[0m  
     [31m✗[0m { op:write,phase:measure }[2m...:[0m avg=[36m6.29s[0m   min=[36m972.12ms[0m med=[36m6.29s[0m    max=[36m15.07s[0m   p(90)=[36m9.86s[0m    p(95)=[36m11.3s[0m   p(99)=[36m12.92s[0m  
     [32m✓[0m { page:0 }[2m...................:[0m avg=[36m2.79s[0m   min=[36m1.72ms[0m   med=[36m2.23s[0m    max=[36m12.47s[0m   p(90)=[36m6.36s[0m    p(95)=[36m7.45s[0m   p(99)=[36m10.9s[0m   
     [32m✓[0m { page:1 }[2m...................:[0m avg=[36m2.8s[0m    min=[36m2.06ms[0m   med=[36m2.36s[0m    max=[36m10.6s[0m    p(90)=[36m6.11s[0m    p(95)=[36m6.83s[0m   p(99)=[36m8.93s[0m   
     [32m✓[0m { page:2 }[2m...................:[0m avg=[36m2.97s[0m   min=[36m2.77ms[0m   med=[36m2.38s[0m    max=[36m12.42s[0m   p(90)=[36m6.5s[0m     p(95)=[36m7.33s[0m   p(99)=[36m11s[0m     
     [32m✓[0m { page:3 }[2m...................:[0m avg=[36m3.43s[0m   min=[36m3.17ms[0m   med=[36m2.94s[0m    max=[36m12.32s[0m   p(90)=[36m6.78s[0m    p(95)=[36m7.38s[0m   p(99)=[36m10.03s[0m  
     [32m✓[0m { page:4 }[2m...................:[0m avg=[36m2.92s[0m   min=[36m2.79ms[0m   med=[36m2.64s[0m    max=[36m8.08s[0m    p(90)=[36m6.2s[0m     p(95)=[36m6.73s[0m   p(99)=[36m7.81s[0m   
     [32m✓[0m { phase:measure }[2m............:[0m avg=[36m6s[0m      min=[36m2.92ms[0m   med=[36m5.75s[0m    max=[36m24.5s[0m    p(90)=[36m9.87s[0m    p(95)=[36m11.29s[0m  p(99)=[36m16.25s[0m  
     [32m✓[0m { phase:rampdown }[2m...........:[0m avg=[36m3.51s[0m   min=[36m1.72ms[0m   med=[36m3.09s[0m    max=[36m18.21s[0m   p(90)=[36m7.16s[0m    p(95)=[36m8.09s[0m   p(99)=[36m12.7s[0m   
     [32m✓[0m { phase:warmup }[2m.............:[0m avg=[36m2.35s[0m   min=[36m2.49ms[0m   med=[36m1.81s[0m    max=[36m27.32s[0m   p(90)=[36m5.27s[0m    p(95)=[36m7.05s[0m   p(99)=[36m13.27s[0m  
     http_req_failed[2m................:[0m [36m0.00%[0m   [36;2m✓ 0[0m         [36;2m✗ 13779[0m
     [32m✓[0m { phase:measure }[2m............:[0m [36m0.00%[0m   [36;2m✓ 0[0m         [36;2m✗ 7302[0m 
     [32m✓[0m { phase:rampdown }[2m...........:[0m [36m0.00%[0m   [36;2m✓ 0[0m         [36;2m✗ 2377[0m 
     [32m✓[0m { phase:warmup }[2m.............:[0m [36m0.00%[0m   [36;2m✓ 0[0m         [36;2m✗ 4100[0m 
     http_req_receiving[2m.............:[0m avg=[36m1.77ms[0m  min=[36m17.23µs[0m  med=[36m291.37µs[0m max=[36m167.08ms[0m p(90)=[36m808.23µs[0m p(95)=[36m3.35ms[0m  p(99)=[36m70.03ms[0m 
     http_req_sending[2m...............:[0m avg=[36m42.17µs[0m min=[36m6.16µs[0m   med=[36m34.97µs[0m  max=[36m955.25µs[0m p(90)=[36m66.94µs[0m  p(95)=[36m85.15µs[0m p(99)=[36m150.45µs[0m
     http_req_tls_handshaking[2m.......:[0m avg=[36m0s[0m      min=[36m0s[0m       med=[36m0s[0m       max=[36m0s[0m       p(90)=[36m0s[0m       p(95)=[36m0s[0m      p(99)=[36m0s[0m      
     http_req_waiting[2m...............:[0m avg=[36m4.48s[0m   min=[36m1.61ms[0m   med=[36m3.92s[0m    max=[36m27.21s[0m   p(90)=[36m8.62s[0m    p(95)=[36m10.33s[0m  p(99)=[36m14.88s[0m  
     http_reqs[2m......................:[0m [36m13779[0m   [36;2m22.368186/s[0m
     [32m✓[0m { feature:auth }[2m.............:[0m [36m310[0m     [36;2m0.50324/s[0m
     [32m✓[0m { feature:board }[2m............:[0m [36m1278[0m    [36;2m2.074646/s[0m
     [32m✓[0m { feature:chat }[2m.............:[0m [36m1042[0m    [36;2m1.691534/s[0m
     [32m✓[0m { feature:comment }[2m..........:[0m [36m2456[0m    [36;2m3.986956/s[0m
     [32m✓[0m { feature:friend }[2m...........:[0m [36m216[0m     [36;2m0.350644/s[0m
     [32m✓[0m { feature:hot }[2m..............:[0m [36m1278[0m    [36;2m2.074646/s[0m
     [32m✓[0m { feature:mypage }[2m...........:[0m [36m156[0m     [36;2m0.253243/s[0m
     [32m✓[0m { feature:notification }[2m.....:[0m [36m595[0m     [36;2m0.965895/s[0m
     [32m✓[0m { feature:post }[2m.............:[0m [36m5880[0m    [36;2m9.545318/s[0m
     [32m✓[0m { feature:reaction }[2m.........:[0m [36m271[0m     [36;2m0.439929/s[0m
     [32m✓[0m { feature:school }[2m...........:[0m [36m122[0m     [36;2m0.198049/s[0m
     [32m✓[0m { feature:scrap }[2m............:[0m [36m71[0m      [36;2m0.115258/s[0m
     [32m✓[0m { feature:timetable }[2m........:[0m [36m104[0m     [36;2m0.168829/s[0m
     [32m✓[0m { op:auth }[2m..................:[0m [36m310[0m     [36;2m0.50324/s[0m
     [32m✓[0m { op:read }[2m..................:[0m [36m12447[0m   [36;2m20.205879/s[0m
     [32m✓[0m { op:write }[2m.................:[0m [36m1022[0m    [36;2m1.659067/s[0m
     [32m✓[0m { page:0 }[2m...................:[0m [36m682[0m     [36;2m1.107127/s[0m
     [32m✓[0m { page:1 }[2m...................:[0m [36m252[0m     [36;2m0.409085/s[0m
     [32m✓[0m { page:2 }[2m...................:[0m [36m158[0m     [36;2m0.25649/s[0m
     [32m✓[0m { page:3 }[2m...................:[0m [36m126[0m     [36;2m0.204543/s[0m
     [32m✓[0m { page:4 }[2m...................:[0m [36m60[0m      [36;2m0.097401/s[0m
     [32m✓[0m { phase:measure }[2m............:[0m [36m7302[0m    [36;2m11.853726/s[0m
     [32m✓[0m { phase:rampdown }[2m...........:[0m [36m2377[0m    [36;2m3.858711/s[0m
     [32m✓[0m { phase:warmup }[2m.............:[0m [36m4100[0m    [36;2m6.655749/s[0m
     iteration_duration[2m.............:[0m avg=[36m28.87s[0m  min=[36m1.04s[0m    med=[36m20.83s[0m   max=[36m1m51s[0m    p(90)=[36m1m4s[0m     p(95)=[36m1m12s[0m   p(99)=[36m1m28s[0m   
     iterations[2m.....................:[0m [36m3165[0m    [36;2m5.137913/s[0m
     [32m✓[0m { phase:measure }[2m............:[0m [36m0[0m       [36;2m0/s[0m
     [32m✓[0m { phase:rampdown }[2m...........:[0m [36m0[0m       [36;2m0/s[0m
     [32m✓[0m { phase:warmup }[2m.............:[0m [36m0[0m       [36;2m0/s[0m
     phase_iterations[2m...............:[0m [36m3165[0m    [36;2m5.137913/s[0m
     [32m✓[0m { phase:measure }[2m............:[0m [36m1688[0m    [36;2m2.74022/s[0m
     [32m✓[0m { phase:rampdown }[2m...........:[0m [36m644[0m     [36;2m1.04544/s[0m
     [32m✓[0m { phase:warmup }[2m.............:[0m [36m833[0m     [36;2m1.352253/s[0m
     vus[2m............................:[0m [36m1[0m       [36;2mmin=0[0m       [36;2mmax=200[0m
     vus_max[2m........................:[0m [36m200[0m     [36;2mmin=200[0m     [36;2mmax=200[0m
     ws_connecting[2m..................:[0m avg=[36m3.88s[0m   min=[36m2.53ms[0m   med=[36m3.4s[0m     max=[36m11.4s[0m    p(90)=[36m7.25s[0m    p(95)=[36m8.09s[0m   p(99)=[36m10.72s[0m  
     ws_msgs_received[2m...............:[0m [36m800[0m     [36;2m1.298683/s[0m
     ws_msgs_sent[2m...................:[0m [36m999[0m     [36;2m1.62173/s[0m
     ws_session_duration[2m............:[0m avg=[36m26.18s[0m  min=[36m15.08s[0m   med=[36m25.79s[0m   max=[36m39.84s[0m   p(90)=[36m32.89s[0m   p(95)=[36m34.93s[0m  p(99)=[36m37.96s[0m  
     ws_sessions[2m....................:[0m [36m129[0m     [36;2m0.209413/s[0m
running (10m16.0s), 000/200 VUs, 3165 complete and 28 interrupted iterations
normal_day ✓ [ 100% ] 000/200 VUs  10m0s
  호스트(Windows) 120표본 · CPU 47.4% (max 66.5) · 주파수 113.9% (min -1.0) · 대기스레드 17.34 · 가용메모리 4515MB
  부하 중 벤치(warmup +60초, 3회 중앙값) · single 6748ms (유휴 대비 34.8%) · parallel 5660ms (유휴 대비 3.2%) · ctxswitch 3100ms (유휴 대비 41.9%)

  실행 후 상태 sha256:10f897e04ddb — chat_messages.maxId +741, chat_messages.count +739, posts.maxId +145, comments.count +137, comments.maxId +137 (외 13개)
    (지문 제외 항목: posts.sumViewCount +3670, daily_hot_post.count +50)
Prometheus 스크레이프 대기 20초...

══════════════════════════════════════════════════════════════════════════
  Performance Report — normal-day   Run #91   ❌ FAIL
══════════════════════════════════════════════════════════════════════════
  환경 perf  |  브랜치 personal/localdocs  |  커밋 3e96d946  |  빌드 local
  시작 2026-08-19 16:55:33 KST  |  수행 10m 16s  |  VU max 200
  데이터셋 medium  |  부하 ramping-vus 0→200@3m0s→200@5m0s→0@2m0s

  ── 성능 (measure 구간) ─────────────────────────────────────────
  평균 6.00s     P95 11.29s    P99 16.25s   
  RPS  24.3      TPS 5.63      오류율 0.00%

  ── 인프라 ────────────────────────────────────────────────────────
  CPU  2.00 core (한계의 100%)   throttled 99.9%
  Heap 801 MB (78%)   GC max 245ms × 116회
  DB   slow 1,070  QPS 7,020  풀 100%  대기 189
  Redis hit 98.5%  ops 139.0/s  evicted 0

  ── 회귀 (기준: normal-day-2026-08-19T07-52-52) ────────────────
  ⚠  기준선은 당시 k6 threshold 미통과 실행입니다, 당시 Node 판정 FAIL.
     아래 증감률은 개선/악화 폭이며 현재 SLO 통과를 뜻하지 않습니다.
  ❌ P95 응답시간                   11.37s → 11.29s (-0.7%)
       11292 > 상한 500
  ❌ P99 응답시간                   16.13s → 16.25s (+0.8%)
       16252 > 상한 1200
  ❌ CPU 포화도 (한계 대비 최대)         100.1% → 100.1% (-0.0%)
       100 > 상한 95.00
  ❌ CPU throttling 비율          100.0% → 99.9% (-0.0%)
       99.93 > 상한 10.00
  ⚠️  GC 최대 정지시간                 205ms → 245ms (+19.5%)
       245 > 상한 200
  ❌ HikariCP 포화도               100.0% → 100.0% (0.0%)
       100 > 상한 95.00
  ❌ HikariCP 대기 스레드 최대         191 → 189 (-1.0%)
       189 > 상한 5.00
  ❌ 커넥션 획득 p95                 6.70s → 6.22s (-7.0%)
       6224 > 상한 100

  ── 병목 가설 ─────────────────────────────────────────────────────
  • CPU throttling 발생
    cgroup이 CPU를 강제 회수한 주기가 99.9%다. CPU 한계(2 core)를 올리거나 요청당 CPU 사용을 줄여야 p99가 안정된다.
  • DB 커넥션 풀 대기 발생
    최대 189개 스레드가 커넥션을 기다렸다. 풀 크기(10)가 동시성 대비 부족하거나, 커넥션 보유 시간이 긴 쿼리가 있다.
  • DB 커넥션 풀 포화
    풀 사용률이 100%까지 올라갔다. 여유가 거의 없어 부하가 조금만 늘어도 대기가 생긴다.
  • CPU 포화
    CPU 사용이 한계의 100%에 도달했다.

  보고서 : reports\runs\normal-day-2026-08-19T08-05-49\report.html
  Grafana(전체 실행): http://localhost:3001/d/htd-perf-overview/highteenday-performance-overview?from=1787126013690&to=1787126869699
  Grafana(measure) : http://localhost:3001/d/htd-perf-overview/highteenday-performance-overview?from=1787126193690&to=1787126733690
══════════════════════════════════════════════════════════════════════════

  [2/10] p95 11292.0ms · 평균 6000.3ms · 서버측 5834.0ms · 경로 166.3ms

──────── [3/10] 리셋 (restart) ────────

▶ k6 run scenarios/normal-day.js
  브랜치 personal/localdocs · 커밋 3e96d9463207 · 실행자 user@DESKTOP-DJJPASG
  환경 perf · "E-46 우선순위 7 — 예열인가 드리프트인가(연속 10회, 부하 중 벤치 포함) — repeatability 3/10"
  데이터셋 medium · 상태 sha256:10f897e04ddb (176ms)
  캐시 cold (키 0개)
  guard strict — 상태 불일치 시 스냅샷 복원 후 재확인 [perf.config.json]
    guard=strict — 스냅샷으로 복원합니다.
▶ 복원 — medium-20260816-062210 → perf-mysql-data-medium
  앱·MySQL 정지
  MySQL 기동
  Redis FLUSHALL (복원 후 캐시는 cold 다)
  앱 기동
  복원 후 상태 지문 sha256:ffe696d17416 = 스냅샷 일치

✅ 복원 완료 · 소요 5.4초 (압축 해제 구간)

  부하 발생기: 컨테이너 perf-k6 (grafana/k6:2.1.0, CPU 상한 4)
  k6 지표 전송: http://prometheus:9090/api/v1/write (native histogram, 5s 간격)
  환경 대조 벤치 실행 중(3축 3회, 약 40초)... single 5030ms · parallel 5718ms · ctxswitch 2136ms
  부하 중 벤치 예약: k6 시작 +60초 (warmup 구간, 3회)

         /\      Grafana   /‾‾/  
    /\  /  \     |\  __   /  /   
   /  \/    \    | |/ /  /   ‾‾\ 
  /          \   |   (  |  (‾)  |
 / __________ \  |_|\_\  \_____/ 


     execution: local
        script: scenarios/normal-day.js
        output: Prometheus remote write (http://prometheus:9090/api/v1/write)

     scenarios: (100.00%) 1 scenario, 200 max VUs, 10m30s max duration (incl. graceful stop):
              * normal_day: Up to 200 looping VUs for 10m0s over 3 stages (gracefulRampDown: 30s, gracefulStop: 30s)


running (00m00.8s), 000/200 VUs, 0 complete and 0 interrupted iterations
normal_day   [   0% ] 000/200 VUs  00m00.8s/10m00.0s

running (00m01.8s), 002/200 VUs, 0 complete and 0 interrupted iterations
normal_day   [   0% ] 002/200 VUs  00m01.8s/10m00.0s

running (00m02.8s), 003/200 VUs, 0 complete and 0 interrupted iterations
normal_day   [   0% ] 003/200 VUs  00m02.8s/10m00.0s

running (00m03.8s), 004/200 VUs, 0 complete and 0 interrupted iterations
normal_day   [   1% ] 004/200 VUs  00m03.8s/10m00.0s

running (00m04.8s), 005/200 VUs, 0 complete and 0 interrupted iterations
normal_day   [   1% ] 005/200 VUs  00m04.8s/10m00.0s

running (00m05.8s), 006/200 VUs, 0 complete and 0 interrupted iterations
normal_day   [   1% ] 006/200 VUs  00m05.8s/10m00.0s

running (00m06.8s), 007/200 VUs, 0 complete and 0 interrupted iterations
normal_day   [   1% ] 007/200 VUs  00m06.8s/10m00.0s

running (00m07.8s), 008/200 VUs, 0 complete and 0 interrupted iterations
normal_day   [   1% ] 008/200 VUs  00m07.8s/10m00.0s

running (00m08.8s), 009/200 VUs, 1 complete and 0 interrupted iterations
normal_day   [   1% ] 009/200 VUs  00m08.8s/10m00.0s

running (00m09.8s), 010/200 VUs, 2 complete and 0 interrupted iterations
normal_day   [   2% ] 010/200 VUs  00m09.8s/10m00.0s

running (00m10.8s), 012/200 VUs, 2 complete and 0 interrupted iterations
normal_day   [   2% ] 012/200 VUs  00m10.8s/10m00.0s

running (00m11.8s), 013/200 VUs, 2 complete and 0 interrupted iterations
normal_day   [   2% ] 013/200 VUs  00m11.8s/10m00.0s

running (00m12.8s), 014/200 VUs, 2 complete and 0 interrupted iterations
normal_day   [   2% ] 014/200 VUs  00m12.8s/10m00.0s

running (00m13.8s), 015/200 VUs, 4 complete and 0 interrupted iterations
normal_day   [   2% ] 015/200 VUs  00m13.8s/10m00.0s

running (00m14.8s), 016/200 VUs, 5 complete and 0 interrupted iterations
normal_day   [   2% ] 016/200 VUs  00m14.8s/10m00.0s

running (00m15.8s), 017/200 VUs, 6 complete and 0 interrupted iterations
normal_day   [   3% ] 017/200 VUs  00m15.8s/10m00.0s

running (00m16.8s), 018/200 VUs, 7 complete and 0 interrupted iterations
normal_day   [   3% ] 018/200 VUs  00m16.8s/10m00.0s

running (00m17.8s), 019/200 VUs, 7 complete and 0 interrupted iterations
normal_day   [   3% ] 019/200 VUs  00m17.8s/10m00.0s

running (00m18.8s), 020/200 VUs, 8 complete and 0 interrupted iterations
normal_day   [   3% ] 020/200 VUs  00m18.8s/10m00.0s

running (00m19.8s), 022/200 VUs, 9 complete and 0 interrupted iterations
normal_day   [   3% ] 022/200 VUs  00m19.8s/10m00.0s

running (00m20.8s), 023/200 VUs, 10 complete and 0 interrupted iterations
normal_day   [   3% ] 023/200 VUs  00m20.8s/10m00.0s

running (00m21.8s), 024/200 VUs, 11 complete and 0 interrupted iterations
normal_day   [   4% ] 024/200 VUs  00m21.8s/10m00.0s

running (00m22.8s), 025/200 VUs, 13 complete and 0 interrupted iterations
normal_day   [   4% ] 025/200 VUs  00m22.8s/10m00.0s

running (00m23.8s), 026/200 VUs, 16 complete and 0 interrupted iterations
normal_day   [   4% ] 026/200 VUs  00m23.8s/10m00.0s

running (00m24.8s), 027/200 VUs, 16 complete and 0 interrupted iterations
normal_day   [   4% ] 027/200 VUs  00m24.8s/10m00.0s

running (00m25.8s), 028/200 VUs, 18 complete and 0 interrupted iterations
normal_day   [   4% ] 028/200 VUs  00m25.8s/10m00.0s

running (00m26.8s), 029/200 VUs, 19 complete and 0 interrupted iterations
normal_day   [   4% ] 029/200 VUs  00m26.8s/10m00.0s

running (00m27.8s), 030/200 VUs, 21 complete and 0 interrupted iterations
normal_day   [   5% ] 030/200 VUs  00m27.8s/10m00.0s

running (00m28.8s), 032/200 VUs, 24 complete and 0 interrupted iterations
normal_day   [   5% ] 032/200 VUs  00m28.8s/10m00.0s

running (00m29.8s), 033/200 VUs, 27 complete and 0 interrupted iterations
normal_day   [   5% ] 033/200 VUs  00m29.8s/10m00.0s

running (00m30.8s), 034/200 VUs, 28 complete and 0 interrupted iterations
normal_day   [   5% ] 034/200 VUs  00m30.8s/10m00.0s

running (00m31.8s), 035/200 VUs, 29 complete and 0 interrupted iterations
normal_day   [   5% ] 035/200 VUs  00m31.8s/10m00.0s

running (00m32.8s), 036/200 VUs, 30 complete and 0 interrupted iterations
normal_day   [   5% ] 036/200 VUs  00m32.8s/10m00.0s

running (00m33.8s), 037/200 VUs, 36 complete and 0 interrupted iterations
normal_day   [   6% ] 037/200 VUs  00m33.8s/10m00.0s

running (00m34.8s), 038/200 VUs, 41 complete and 0 interrupted iterations
normal_day   [   6% ] 038/200 VUs  00m34.8s/10m00.0s

running (00m35.8s), 039/200 VUs, 45 complete and 0 interrupted iterations
normal_day   [   6% ] 039/200 VUs  00m35.8s/10m00.0s

running (00m36.8s), 040/200 VUs, 50 complete and 0 interrupted iterations
normal_day   [   6% ] 040/200 VUs  00m36.8s/10m00.0s

running (00m37.8s), 042/200 VUs, 55 complete and 0 interrupted iterations
normal_day   [   6% ] 042/200 VUs  00m37.8s/10m00.0s

running (00m38.8s), 043/200 VUs, 62 complete and 0 interrupted iterations
normal_day   [   6% ] 043/200 VUs  00m38.8s/10m00.0s

running (00m39.8s), 044/200 VUs, 65 complete and 0 interrupted iterations
normal_day   [   7% ] 044/200 VUs  00m39.8s/10m00.0s

running (00m40.8s), 045/200 VUs, 68 complete and 0 interrupted iterations
normal_day   [   7% ] 045/200 VUs  00m40.8s/10m00.0s

running (00m41.8s), 046/200 VUs, 71 complete and 0 interrupted iterations
normal_day   [   7% ] 046/200 VUs  00m41.8s/10m00.0s

running (00m42.8s), 047/200 VUs, 76 complete and 0 interrupted iterations
normal_day   [   7% ] 047/200 VUs  00m42.8s/10m00.0s

running (00m43.8s), 048/200 VUs, 84 complete and 0 interrupted iterations
normal_day   [   7% ] 048/200 VUs  00m43.8s/10m00.0s

running (00m44.8s), 049/200 VUs, 87 complete and 0 interrupted iterations
normal_day   [   7% ] 049/200 VUs  00m44.8s/10m00.0s

running (00m45.8s), 050/200 VUs, 92 complete and 0 interrupted iterations
normal_day   [   8% ] 050/200 VUs  00m45.8s/10m00.0s

running (00m46.8s), 052/200 VUs, 96 complete and 0 interrupted iterations
normal_day   [   8% ] 052/200 VUs  00m46.8s/10m00.0s

running (00m47.8s), 053/200 VUs, 100 complete and 0 interrupted iterations
normal_day   [   8% ] 053/200 VUs  00m47.8s/10m00.0s

running (00m48.8s), 054/200 VUs, 103 complete and 0 interrupted iterations
normal_day   [   8% ] 054/200 VUs  00m48.8s/10m00.0s

running (00m49.8s), 055/200 VUs, 108 complete and 0 interrupted iterations
normal_day   [   8% ] 055/200 VUs  00m49.8s/10m00.0s

running (00m50.8s), 056/200 VUs, 111 complete and 0 interrupted iterations
normal_day   [   8% ] 056/200 VUs  00m50.8s/10m00.0s

running (00m51.8s), 057/200 VUs, 117 complete and 0 interrupted iterations
normal_day   [   9% ] 057/200 VUs  00m51.8s/10m00.0s

running (00m52.8s), 058/200 VUs, 123 complete and 0 interrupted iterations
normal_day   [   9% ] 058/200 VUs  00m52.8s/10m00.0s

running (00m53.8s), 059/200 VUs, 129 complete and 0 interrupted iterations
normal_day   [   9% ] 059/200 VUs  00m53.8s/10m00.0s

running (00m54.8s), 060/200 VUs, 137 complete and 0 interrupted iterations
normal_day   [   9% ] 060/200 VUs  00m54.8s/10m00.0s

running (00m55.8s), 062/200 VUs, 147 complete and 0 interrupted iterations
normal_day   [   9% ] 062/200 VUs  00m55.8s/10m00.0s

running (00m56.8s), 063/200 VUs, 158 complete and 0 interrupted iterations
normal_day   [   9% ] 063/200 VUs  00m56.8s/10m00.0s

running (00m57.8s), 064/200 VUs, 162 complete and 0 interrupted iterations
normal_day   [  10% ] 064/200 VUs  00m57.8s/10m00.0s

running (00m58.8s), 065/200 VUs, 166 complete and 0 interrupted iterations
normal_day   [  10% ] 065/200 VUs  00m58.8s/10m00.0s

running (00m59.8s), 066/200 VUs, 172 complete and 0 interrupted iterations
normal_day   [  10% ] 066/200 VUs  00m59.8s/10m00.0s

running (01m00.8s), 067/200 VUs, 175 complete and 0 interrupted iterations
normal_day   [  10% ] 067/200 VUs  01m00.8s/10m00.0s

running (01m01.8s), 068/200 VUs, 181 complete and 0 interrupted iterations
normal_day   [  10% ] 068/200 VUs  01m01.8s/10m00.0s

running (01m02.8s), 069/200 VUs, 187 complete and 0 interrupted iterations
normal_day   [  10% ] 069/200 VUs  01m02.8s/10m00.0s

running (01m03.8s), 070/200 VUs, 195 complete and 0 interrupted iterations
normal_day   [  11% ] 070/200 VUs  01m03.8s/10m00.0s

running (01m04.8s), 072/200 VUs, 203 complete and 0 interrupted iterations
normal_day   [  11% ] 072/200 VUs  01m04.8s/10m00.0s

running (01m05.8s), 073/200 VUs, 207 complete and 0 interrupted iterations
normal_day   [  11% ] 073/200 VUs  01m05.8s/10m00.0s

running (01m06.8s), 074/200 VUs, 209 complete and 0 interrupted iterations
normal_day   [  11% ] 074/200 VUs  01m06.8s/10m00.0s

running (01m07.8s), 075/200 VUs, 215 complete and 0 interrupted iterations
normal_day   [  11% ] 075/200 VUs  01m07.8s/10m00.0s

running (01m08.8s), 076/200 VUs, 221 complete and 0 interrupted iterations
normal_day   [  11% ] 076/200 VUs  01m08.8s/10m00.0s

running (01m09.8s), 077/200 VUs, 227 complete and 0 interrupted iterations
normal_day   [  12% ] 077/200 VUs  01m09.8s/10m00.0s

running (01m10.8s), 078/200 VUs, 231 complete and 0 interrupted iterations
normal_day   [  12% ] 078/200 VUs  01m10.8s/10m00.0s

running (01m11.8s), 079/200 VUs, 236 complete and 0 interrupted iterations
normal_day   [  12% ] 079/200 VUs  01m11.8s/10m00.0s

running (01m12.8s), 080/200 VUs, 242 complete and 0 interrupted iterations
normal_day   [  12% ] 080/200 VUs  01m12.8s/10m00.0s

running (01m13.8s), 082/200 VUs, 245 complete and 0 interrupted iterations
normal_day   [  12% ] 082/200 VUs  01m13.8s/10m00.0s

running (01m14.8s), 083/200 VUs, 249 complete and 0 interrupted iterations
normal_day   [  12% ] 083/200 VUs  01m14.8s/10m00.0s

running (01m15.8s), 084/200 VUs, 253 complete and 0 interrupted iterations
normal_day   [  13% ] 084/200 VUs  01m15.8s/10m00.0s

running (01m16.8s), 085/200 VUs, 264 complete and 0 interrupted iterations
normal_day   [  13% ] 085/200 VUs  01m16.8s/10m00.0s

running (01m17.8s), 086/200 VUs, 268 complete and 0 interrupted iterations
normal_day   [  13% ] 086/200 VUs  01m17.8s/10m00.0s

running (01m18.8s), 087/200 VUs, 272 complete and 0 interrupted iterations
normal_day   [  13% ] 087/200 VUs  01m18.8s/10m00.0s

running (01m19.8s), 088/200 VUs, 281 complete and 0 interrupted iterations
normal_day   [  13% ] 088/200 VUs  01m19.8s/10m00.0s

running (01m20.8s), 089/200 VUs, 286 complete and 0 interrupted iterations
normal_day   [  13% ] 089/200 VUs  01m20.8s/10m00.0s

running (01m21.8s), 090/200 VUs, 288 complete and 0 interrupted iterations
normal_day   [  14% ] 090/200 VUs  01m21.8s/10m00.0s

running (01m22.8s), 092/200 VUs, 293 complete and 0 interrupted iterations
normal_day   [  14% ] 092/200 VUs  01m22.8s/10m00.0s

running (01m23.8s), 093/200 VUs, 299 complete and 0 interrupted iterations
normal_day   [  14% ] 093/200 VUs  01m23.8s/10m00.0s

running (01m24.8s), 094/200 VUs, 307 complete and 0 interrupted iterations
normal_day   [  14% ] 094/200 VUs  01m24.8s/10m00.0s

running (01m25.8s), 095/200 VUs, 312 complete and 0 interrupted iterations
normal_day   [  14% ] 095/200 VUs  01m25.8s/10m00.0s

running (01m26.8s), 096/200 VUs, 314 complete and 0 interrupted iterations
normal_day   [  14% ] 096/200 VUs  01m26.8s/10m00.0s

running (01m27.8s), 097/200 VUs, 317 complete and 0 interrupted iterations
normal_day   [  15% ] 097/200 VUs  01m27.8s/10m00.0s

running (01m28.8s), 098/200 VUs, 318 complete and 0 interrupted iterations
normal_day   [  15% ] 098/200 VUs  01m28.8s/10m00.0s

running (01m29.8s), 099/200 VUs, 319 complete and 0 interrupted iterations
normal_day   [  15% ] 099/200 VUs  01m29.8s/10m00.0s

running (01m30.8s), 100/200 VUs, 319 complete and 0 interrupted iterations
normal_day   [  15% ] 100/200 VUs  01m30.8s/10m00.0s

running (01m31.8s), 102/200 VUs, 328 complete and 0 interrupted iterations
normal_day   [  15% ] 102/200 VUs  01m31.8s/10m00.0s

running (01m32.8s), 103/200 VUs, 334 complete and 0 interrupted iterations
normal_day   [  15% ] 103/200 VUs  01m32.8s/10m00.0s

running (01m33.8s), 104/200 VUs, 342 complete and 0 interrupted iterations
normal_day   [  16% ] 104/200 VUs  01m33.8s/10m00.0s

running (01m34.8s), 105/200 VUs, 346 complete and 0 interrupted iterations
normal_day   [  16% ] 105/200 VUs  01m34.8s/10m00.0s

running (01m35.8s), 106/200 VUs, 350 complete and 0 interrupted iterations
normal_day   [  16% ] 106/200 VUs  01m35.8s/10m00.0s

running (01m36.8s), 107/200 VUs, 357 complete and 0 interrupted iterations
normal_day   [  16% ] 107/200 VUs  01m36.8s/10m00.0s

running (01m37.8s), 108/200 VUs, 366 complete and 0 interrupted iterations
normal_day   [  16% ] 108/200 VUs  01m37.8s/10m00.0s

running (01m38.8s), 109/200 VUs, 376 complete and 0 interrupted iterations
normal_day   [  16% ] 109/200 VUs  01m38.8s/10m00.0s

running (01m39.8s), 110/200 VUs, 381 complete and 0 interrupted iterations
normal_day   [  17% ] 110/200 VUs  01m39.8s/10m00.0s

running (01m40.8s), 112/200 VUs, 393 complete and 0 interrupted iterations
normal_day   [  17% ] 112/200 VUs  01m40.8s/10m00.0s

running (01m41.8s), 113/200 VUs, 400 complete and 0 interrupted iterations
normal_day   [  17% ] 113/200 VUs  01m41.8s/10m00.0s

running (01m42.8s), 114/200 VUs, 408 complete and 0 interrupted iterations
normal_day   [  17% ] 114/200 VUs  01m42.8s/10m00.0s

running (01m43.8s), 115/200 VUs, 417 complete and 0 interrupted iterations
normal_day   [  17% ] 115/200 VUs  01m43.8s/10m00.0s

running (01m44.8s), 116/200 VUs, 422 complete and 0 interrupted iterations
normal_day   [  17% ] 116/200 VUs  01m44.8s/10m00.0s

running (01m45.8s), 117/200 VUs, 430 complete and 0 interrupted iterations
normal_day   [  18% ] 117/200 VUs  01m45.8s/10m00.0s

running (01m46.8s), 118/200 VUs, 432 complete and 0 interrupted iterations
normal_day   [  18% ] 118/200 VUs  01m46.8s/10m00.0s

running (01m47.8s), 119/200 VUs, 441 complete and 0 interrupted iterations
normal_day   [  18% ] 119/200 VUs  01m47.8s/10m00.0s

running (01m48.8s), 120/200 VUs, 446 complete and 0 interrupted iterations
normal_day   [  18% ] 120/200 VUs  01m48.8s/10m00.0s

running (01m49.8s), 122/200 VUs, 454 complete and 0 interrupted iterations
normal_day   [  18% ] 122/200 VUs  01m49.8s/10m00.0s

running (01m50.8s), 123/200 VUs, 458 complete and 0 interrupted iterations
normal_day   [  18% ] 123/200 VUs  01m50.8s/10m00.0s

running (01m51.8s), 124/200 VUs, 460 complete and 0 interrupted iterations
normal_day   [  19% ] 124/200 VUs  01m51.8s/10m00.0s

running (01m52.8s), 125/200 VUs, 465 complete and 0 interrupted iterations
normal_day   [  19% ] 125/200 VUs  01m52.8s/10m00.0s

running (01m53.8s), 126/200 VUs, 470 complete and 0 interrupted iterations
normal_day   [  19% ] 126/200 VUs  01m53.8s/10m00.0s

running (01m54.8s), 127/200 VUs, 476 complete and 0 interrupted iterations
normal_day   [  19% ] 127/200 VUs  01m54.8s/10m00.0s

running (01m55.8s), 128/200 VUs, 479 complete and 0 interrupted iterations
normal_day   [  19% ] 128/200 VUs  01m55.8s/10m00.0s

running (01m56.8s), 129/200 VUs, 481 complete and 0 interrupted iterations
normal_day   [  19% ] 129/200 VUs  01m56.8s/10m00.0s

running (01m57.8s), 130/200 VUs, 483 complete and 0 interrupted iterations
normal_day   [  20% ] 130/200 VUs  01m57.8s/10m00.0s

running (01m58.8s), 132/200 VUs, 488 complete and 0 interrupted iterations
normal_day   [  20% ] 132/200 VUs  01m58.8s/10m00.0s

running (01m59.8s), 133/200 VUs, 488 complete and 0 interrupted iterations
normal_day   [  20% ] 133/200 VUs  01m59.8s/10m00.0s

running (02m00.8s), 134/200 VUs, 490 complete and 0 interrupted iterations
normal_day   [  20% ] 134/200 VUs  02m00.8s/10m00.0s

running (02m01.8s), 135/200 VUs, 497 complete and 0 interrupted iterations
normal_day   [  20% ] 135/200 VUs  02m01.8s/10m00.0s

running (02m02.8s), 136/200 VUs, 499 complete and 0 interrupted iterations
normal_day   [  20% ] 136/200 VUs  02m02.8s/10m00.0s

running (02m03.8s), 137/200 VUs, 502 complete and 0 interrupted iterations
normal_day   [  21% ] 137/200 VUs  02m03.8s/10m00.0s

running (02m04.8s), 138/200 VUs, 505 complete and 0 interrupted iterations
normal_day   [  21% ] 138/200 VUs  02m04.8s/10m00.0s

running (02m05.8s), 139/200 VUs, 513 complete and 0 interrupted iterations
normal_day   [  21% ] 139/200 VUs  02m05.8s/10m00.0s

running (02m06.8s), 140/200 VUs, 517 complete and 0 interrupted iterations
normal_day   [  21% ] 140/200 VUs  02m06.8s/10m00.0s

running (02m07.8s), 142/200 VUs, 526 complete and 0 interrupted iterations
normal_day   [  21% ] 142/200 VUs  02m07.8s/10m00.0s

running (02m08.8s), 143/200 VUs, 538 complete and 0 interrupted iterations
normal_day   [  21% ] 143/200 VUs  02m08.8s/10m00.0s

running (02m09.8s), 144/200 VUs, 542 complete and 0 interrupted iterations
normal_day   [  22% ] 144/200 VUs  02m09.8s/10m00.0s

running (02m10.8s), 145/200 VUs, 551 complete and 0 interrupted iterations
normal_day   [  22% ] 145/200 VUs  02m10.8s/10m00.0s

running (02m11.8s), 146/200 VUs, 564 complete and 0 interrupted iterations
normal_day   [  22% ] 146/200 VUs  02m11.8s/10m00.0s

running (02m12.8s), 147/200 VUs, 576 complete and 0 interrupted iterations
normal_day   [  22% ] 147/200 VUs  02m12.8s/10m00.0s

running (02m13.8s), 148/200 VUs, 582 complete and 0 interrupted iterations
normal_day   [  22% ] 148/200 VUs  02m13.8s/10m00.0s

running (02m14.8s), 149/200 VUs, 597 complete and 0 interrupted iterations
normal_day   [  22% ] 149/200 VUs  02m14.8s/10m00.0s

running (02m15.8s), 150/200 VUs, 607 complete and 0 interrupted iterations
normal_day   [  23% ] 150/200 VUs  02m15.8s/10m00.0s

running (02m16.8s), 152/200 VUs, 613 complete and 0 interrupted iterations
normal_day   [  23% ] 152/200 VUs  02m16.8s/10m00.0s

running (02m17.8s), 153/200 VUs, 618 complete and 0 interrupted iterations
normal_day   [  23% ] 153/200 VUs  02m17.8s/10m00.0s

running (02m18.8s), 154/200 VUs, 620 complete and 0 interrupted iterations
normal_day   [  23% ] 154/200 VUs  02m18.8s/10m00.0s

running (02m19.8s), 155/200 VUs, 624 complete and 0 interrupted iterations
normal_day   [  23% ] 155/200 VUs  02m19.8s/10m00.0s

running (02m20.8s), 156/200 VUs, 629 complete and 0 interrupted iterations
normal_day   [  23% ] 156/200 VUs  02m20.8s/10m00.0s

running (02m21.8s), 157/200 VUs, 644 complete and 0 interrupted iterations
normal_day   [  24% ] 157/200 VUs  02m21.8s/10m00.0s

running (02m22.8s), 158/200 VUs, 648 complete and 0 interrupted iterations
normal_day   [  24% ] 158/200 VUs  02m22.8s/10m00.0s

running (02m23.8s), 159/200 VUs, 654 complete and 0 interrupted iterations
normal_day   [  24% ] 159/200 VUs  02m23.8s/10m00.0s

running (02m24.8s), 160/200 VUs, 660 complete and 0 interrupted iterations
normal_day   [  24% ] 160/200 VUs  02m24.8s/10m00.0s

running (02m25.8s), 162/200 VUs, 665 complete and 0 interrupted iterations
normal_day   [  24% ] 162/200 VUs  02m25.8s/10m00.0s

running (02m26.8s), 163/200 VUs, 672 complete and 0 interrupted iterations
normal_day   [  24% ] 163/200 VUs  02m26.8s/10m00.0s

running (02m27.8s), 164/200 VUs, 678 complete and 0 interrupted iterations
normal_day   [  25% ] 164/200 VUs  02m27.8s/10m00.0s

running (02m28.8s), 165/200 VUs, 687 complete and 0 interrupted iterations
normal_day   [  25% ] 165/200 VUs  02m28.8s/10m00.0s

running (02m29.8s), 166/200 VUs, 693 complete and 0 interrupted iterations
normal_day   [  25% ] 166/200 VUs  02m29.8s/10m00.0s

running (02m30.8s), 167/200 VUs, 704 complete and 0 interrupted iterations
normal_day   [  25% ] 167/200 VUs  02m30.8s/10m00.0s

running (02m31.8s), 168/200 VUs, 707 complete and 0 interrupted iterations
normal_day   [  25% ] 168/200 VUs  02m31.8s/10m00.0s

running (02m32.8s), 169/200 VUs, 717 complete and 0 interrupted iterations
normal_day   [  25% ] 169/200 VUs  02m32.8s/10m00.0s

running (02m33.8s), 170/200 VUs, 721 complete and 0 interrupted iterations
normal_day   [  26% ] 170/200 VUs  02m33.8s/10m00.0s

running (02m34.8s), 172/200 VUs, 721 complete and 0 interrupted iterations
normal_day   [  26% ] 172/200 VUs  02m34.8s/10m00.0s

running (02m35.8s), 173/200 VUs, 728 complete and 0 interrupted iterations
normal_day   [  26% ] 173/200 VUs  02m35.8s/10m00.0s

running (02m36.8s), 174/200 VUs, 738 complete and 0 interrupted iterations
normal_day   [  26% ] 174/200 VUs  02m36.8s/10m00.0s

running (02m37.8s), 175/200 VUs, 745 complete and 0 interrupted iterations
normal_day   [  26% ] 175/200 VUs  02m37.8s/10m00.0s

running (02m38.8s), 176/200 VUs, 749 complete and 0 interrupted iterations
normal_day   [  26% ] 176/200 VUs  02m38.8s/10m00.0s

running (02m39.8s), 177/200 VUs, 754 complete and 0 interrupted iterations
normal_day   [  27% ] 177/200 VUs  02m39.8s/10m00.0s

running (02m40.8s), 178/200 VUs, 763 complete and 0 interrupted iterations
normal_day   [  27% ] 178/200 VUs  02m40.8s/10m00.0s

running (02m41.8s), 179/200 VUs, 773 complete and 0 interrupted iterations
normal_day   [  27% ] 179/200 VUs  02m41.8s/10m00.0s

running (02m42.8s), 180/200 VUs, 781 complete and 0 interrupted iterations
normal_day   [  27% ] 180/200 VUs  02m42.8s/10m00.0s

running (02m43.8s), 182/200 VUs, 793 complete and 0 interrupted iterations
normal_day   [  27% ] 182/200 VUs  02m43.8s/10m00.0s

running (02m44.8s), 183/200 VUs, 804 complete and 0 interrupted iterations
normal_day   [  27% ] 183/200 VUs  02m44.8s/10m00.0s

running (02m45.8s), 184/200 VUs, 811 complete and 0 interrupted iterations
normal_day   [  28% ] 184/200 VUs  02m45.8s/10m00.0s

running (02m46.8s), 185/200 VUs, 816 complete and 0 interrupted iterations
normal_day   [  28% ] 185/200 VUs  02m46.8s/10m00.0s

running (02m47.8s), 186/200 VUs, 820 complete and 0 interrupted iterations
normal_day   [  28% ] 186/200 VUs  02m47.8s/10m00.0s

running (02m48.8s), 187/200 VUs, 825 complete and 0 interrupted iterations
normal_day   [  28% ] 187/200 VUs  02m48.8s/10m00.0s

running (02m49.8s), 188/200 VUs, 830 complete and 0 interrupted iterations
normal_day   [  28% ] 188/200 VUs  02m49.8s/10m00.0s

running (02m50.8s), 189/200 VUs, 832 complete and 0 interrupted iterations
normal_day   [  28% ] 189/200 VUs  02m50.8s/10m00.0s

running (02m51.8s), 190/200 VUs, 838 complete and 0 interrupted iterations
normal_day   [  29% ] 190/200 VUs  02m51.8s/10m00.0s

running (02m52.8s), 192/200 VUs, 846 complete and 0 interrupted iterations
normal_day   [  29% ] 192/200 VUs  02m52.8s/10m00.0s

running (02m53.8s), 193/200 VUs, 852 complete and 0 interrupted iterations
normal_day   [  29% ] 193/200 VUs  02m53.8s/10m00.0s

running (02m54.8s), 194/200 VUs, 859 complete and 0 interrupted iterations
normal_day   [  29% ] 194/200 VUs  02m54.8s/10m00.0s

running (02m55.8s), 195/200 VUs, 860 complete and 0 interrupted iterations
normal_day   [  29% ] 195/200 VUs  02m55.8s/10m00.0s

running (02m56.8s), 196/200 VUs, 867 complete and 0 interrupted iterations
normal_day   [  29% ] 196/200 VUs  02m56.8s/10m00.0s

running (02m57.8s), 197/200 VUs, 872 complete and 0 interrupted iterations
normal_day   [  30% ] 197/200 VUs  02m57.8s/10m00.0s

running (02m58.8s), 198/200 VUs, 874 complete and 0 interrupted iterations
normal_day   [  30% ] 198/200 VUs  02m58.8s/10m00.0s

running (02m59.8s), 199/200 VUs, 878 complete and 0 interrupted iterations
normal_day   [  30% ] 199/200 VUs  02m59.8s/10m00.0s

running (03m00.8s), 200/200 VUs, 887 complete and 0 interrupted iterations
normal_day   [  30% ] 200/200 VUs  03m00.8s/10m00.0s

running (03m01.8s), 200/200 VUs, 892 complete and 0 interrupted iterations
normal_day   [  30% ] 200/200 VUs  03m01.8s/10m00.0s

running (03m02.8s), 200/200 VUs, 896 complete and 0 interrupted iterations
normal_day   [  30% ] 200/200 VUs  03m02.8s/10m00.0s

running (03m03.8s), 200/200 VUs, 901 complete and 0 interrupted iterations
normal_day   [  31% ] 200/200 VUs  03m03.8s/10m00.0s

running (03m04.8s), 200/200 VUs, 911 complete and 0 interrupted iterations
normal_day   [  31% ] 200/200 VUs  03m04.8s/10m00.0s

running (03m05.8s), 200/200 VUs, 918 complete and 0 interrupted iterations
normal_day   [  31% ] 200/200 VUs  03m05.8s/10m00.0s

running (03m06.8s), 200/200 VUs, 928 complete and 0 interrupted iterations
normal_day   [  31% ] 200/200 VUs  03m06.8s/10m00.0s

running (03m07.8s), 200/200 VUs, 938 complete and 0 interrupted iterations
normal_day   [  31% ] 200/200 VUs  03m07.8s/10m00.0s

running (03m08.8s), 200/200 VUs, 940 complete and 0 interrupted iterations
normal_day   [  31% ] 200/200 VUs  03m08.8s/10m00.0s

running (03m09.8s), 200/200 VUs, 944 complete and 0 interrupted iterations
normal_day   [  32% ] 200/200 VUs  03m09.8s/10m00.0s

running (03m10.8s), 200/200 VUs, 950 complete and 0 interrupted iterations
normal_day   [  32% ] 200/200 VUs  03m10.8s/10m00.0s

running (03m11.8s), 200/200 VUs, 960 complete and 0 interrupted iterations
normal_day   [  32% ] 200/200 VUs  03m11.8s/10m00.0s

running (03m12.8s), 200/200 VUs, 969 complete and 0 interrupted iterations
normal_day   [  32% ] 200/200 VUs  03m12.8s/10m00.0s

running (03m13.8s), 200/200 VUs, 983 complete and 0 interrupted iterations
normal_day   [  32% ] 200/200 VUs  03m13.8s/10m00.0s

running (03m14.8s), 200/200 VUs, 992 complete and 0 interrupted iterations
normal_day   [  32% ] 200/200 VUs  03m14.8s/10m00.0s

running (03m15.8s), 200/200 VUs, 997 complete and 0 interrupted iterations
normal_day   [  33% ] 200/200 VUs  03m15.8s/10m00.0s

running (03m16.8s), 200/200 VUs, 998 complete and 0 interrupted iterations
normal_day   [  33% ] 200/200 VUs  03m16.8s/10m00.0s

running (03m17.8s), 200/200 VUs, 999 complete and 0 interrupted iterations
normal_day   [  33% ] 200/200 VUs  03m17.8s/10m00.0s

running (03m18.8s), 200/200 VUs, 1000 complete and 0 interrupted iterations
normal_day   [  33% ] 200/200 VUs  03m18.8s/10m00.0s

running (03m19.8s), 200/200 VUs, 1009 complete and 0 interrupted iterations
normal_day   [  33% ] 200/200 VUs  03m19.8s/10m00.0s

running (03m20.8s), 200/200 VUs, 1021 complete and 0 interrupted iterations
normal_day   [  33% ] 200/200 VUs  03m20.8s/10m00.0s

running (03m21.8s), 200/200 VUs, 1029 complete and 0 interrupted iterations
normal_day   [  34% ] 200/200 VUs  03m21.8s/10m00.0s

running (03m22.8s), 200/200 VUs, 1039 complete and 0 interrupted iterations
normal_day   [  34% ] 200/200 VUs  03m22.8s/10m00.0s

running (03m23.8s), 200/200 VUs, 1040 complete and 0 interrupted iterations
normal_day   [  34% ] 200/200 VUs  03m23.8s/10m00.0s

running (03m24.8s), 200/200 VUs, 1044 complete and 0 interrupted iterations
normal_day   [  34% ] 200/200 VUs  03m24.8s/10m00.0s

running (03m25.8s), 200/200 VUs, 1049 complete and 0 interrupted iterations
normal_day   [  34% ] 200/200 VUs  03m25.8s/10m00.0s

running (03m26.8s), 200/200 VUs, 1057 complete and 0 interrupted iterations
normal_day   [  34% ] 200/200 VUs  03m26.8s/10m00.0s

running (03m27.8s), 200/200 VUs, 1057 complete and 0 interrupted iterations
normal_day   [  35% ] 200/200 VUs  03m27.8s/10m00.0s

running (03m28.8s), 200/200 VUs, 1061 complete and 0 interrupted iterations
normal_day   [  35% ] 200/200 VUs  03m28.8s/10m00.0s

running (03m29.8s), 200/200 VUs, 1066 complete and 0 interrupted iterations
normal_day   [  35% ] 200/200 VUs  03m29.8s/10m00.0s

running (03m30.8s), 200/200 VUs, 1074 complete and 0 interrupted iterations
normal_day   [  35% ] 200/200 VUs  03m30.8s/10m00.0s

running (03m31.8s), 200/200 VUs, 1075 complete and 0 interrupted iterations
normal_day   [  35% ] 200/200 VUs  03m31.8s/10m00.0s

running (03m32.8s), 200/200 VUs, 1077 complete and 0 interrupted iterations
normal_day   [  35% ] 200/200 VUs  03m32.8s/10m00.0s

running (03m33.8s), 200/200 VUs, 1081 complete and 0 interrupted iterations
normal_day   [  36% ] 200/200 VUs  03m33.8s/10m00.0s

running (03m34.8s), 200/200 VUs, 1088 complete and 0 interrupted iterations
normal_day   [  36% ] 200/200 VUs  03m34.8s/10m00.0s

running (03m35.8s), 200/200 VUs, 1091 complete and 0 interrupted iterations
normal_day   [  36% ] 200/200 VUs  03m35.8s/10m00.0s

running (03m36.8s), 200/200 VUs, 1096 complete and 0 interrupted iterations
normal_day   [  36% ] 200/200 VUs  03m36.8s/10m00.0s

running (03m37.8s), 200/200 VUs, 1106 complete and 0 interrupted iterations
normal_day   [  36% ] 200/200 VUs  03m37.8s/10m00.0s

running (03m38.8s), 200/200 VUs, 1109 complete and 0 interrupted iterations
normal_day   [  36% ] 200/200 VUs  03m38.8s/10m00.0s

running (03m39.8s), 200/200 VUs, 1110 complete and 0 interrupted iterations
normal_day   [  37% ] 200/200 VUs  03m39.8s/10m00.0s

running (03m40.8s), 200/200 VUs, 1116 complete and 0 interrupted iterations
normal_day   [  37% ] 200/200 VUs  03m40.8s/10m00.0s

running (03m41.8s), 200/200 VUs, 1117 complete and 0 interrupted iterations
normal_day   [  37% ] 200/200 VUs  03m41.8s/10m00.0s

running (03m42.8s), 200/200 VUs, 1121 complete and 0 interrupted iterations
normal_day   [  37% ] 200/200 VUs  03m42.8s/10m00.0s

running (03m43.8s), 200/200 VUs, 1126 complete and 0 interrupted iterations
normal_day   [  37% ] 200/200 VUs  03m43.8s/10m00.0s

running (03m44.8s), 200/200 VUs, 1139 complete and 0 interrupted iterations
normal_day   [  37% ] 200/200 VUs  03m44.8s/10m00.0s

running (03m45.8s), 200/200 VUs, 1150 complete and 0 interrupted iterations
normal_day   [  38% ] 200/200 VUs  03m45.8s/10m00.0s

running (03m46.8s), 200/200 VUs, 1161 complete and 0 interrupted iterations
normal_day   [  38% ] 200/200 VUs  03m46.8s/10m00.0s

running (03m47.8s), 200/200 VUs, 1164 complete and 0 interrupted iterations
normal_day   [  38% ] 200/200 VUs  03m47.8s/10m00.0s

running (03m48.8s), 200/200 VUs, 1165 complete and 0 interrupted iterations
normal_day   [  38% ] 200/200 VUs  03m48.8s/10m00.0s

running (03m49.8s), 200/200 VUs, 1165 complete and 0 interrupted iterations
normal_day   [  38% ] 200/200 VUs  03m49.8s/10m00.0s

running (03m50.8s), 200/200 VUs, 1166 complete and 0 interrupted iterations
normal_day   [  38% ] 200/200 VUs  03m50.8s/10m00.0s

running (03m51.8s), 200/200 VUs, 1168 complete and 0 interrupted iterations
normal_day   [  39% ] 200/200 VUs  03m51.8s/10m00.0s

running (03m52.8s), 200/200 VUs, 1172 complete and 0 interrupted iterations
normal_day   [  39% ] 200/200 VUs  03m52.8s/10m00.0s

running (03m53.8s), 200/200 VUs, 1179 complete and 0 interrupted iterations
normal_day   [  39% ] 200/200 VUs  03m53.8s/10m00.0s

running (03m54.8s), 200/200 VUs, 1188 complete and 0 interrupted iterations
normal_day   [  39% ] 200/200 VUs  03m54.8s/10m00.0s

running (03m55.8s), 200/200 VUs, 1203 complete and 0 interrupted iterations
normal_day   [  39% ] 200/200 VUs  03m55.8s/10m00.0s

running (03m56.8s), 200/200 VUs, 1217 complete and 0 interrupted iterations
normal_day   [  39% ] 200/200 VUs  03m56.8s/10m00.0s

running (03m57.8s), 200/200 VUs, 1220 complete and 0 interrupted iterations
normal_day   [  40% ] 200/200 VUs  03m57.8s/10m00.0s

running (03m58.8s), 200/200 VUs, 1221 complete and 0 interrupted iterations
normal_day   [  40% ] 200/200 VUs  03m58.8s/10m00.0s

running (03m59.8s), 200/200 VUs, 1226 complete and 0 interrupted iterations
normal_day   [  40% ] 200/200 VUs  03m59.8s/10m00.0s

running (04m00.8s), 200/200 VUs, 1232 complete and 0 interrupted iterations
normal_day   [  40% ] 200/200 VUs  04m00.8s/10m00.0s

running (04m01.8s), 200/200 VUs, 1242 complete and 0 interrupted iterations
normal_day   [  40% ] 200/200 VUs  04m01.8s/10m00.0s

running (04m02.8s), 200/200 VUs, 1250 complete and 0 interrupted iterations
normal_day   [  40% ] 200/200 VUs  04m02.8s/10m00.0s

running (04m03.8s), 200/200 VUs, 1252 complete and 0 interrupted iterations
normal_day   [  41% ] 200/200 VUs  04m03.8s/10m00.0s

running (04m04.8s), 200/200 VUs, 1259 complete and 0 interrupted iterations
normal_day   [  41% ] 200/200 VUs  04m04.8s/10m00.0s

running (04m05.8s), 200/200 VUs, 1264 complete and 0 interrupted iterations
normal_day   [  41% ] 200/200 VUs  04m05.8s/10m00.0s

running (04m06.8s), 200/200 VUs, 1276 complete and 0 interrupted iterations
normal_day   [  41% ] 200/200 VUs  04m06.8s/10m00.0s

running (04m07.8s), 200/200 VUs, 1286 complete and 0 interrupted iterations
normal_day   [  41% ] 200/200 VUs  04m07.8s/10m00.0s

running (04m08.8s), 200/200 VUs, 1296 complete and 0 interrupted iterations
normal_day   [  41% ] 200/200 VUs  04m08.8s/10m00.0s

running (04m09.8s), 200/200 VUs, 1307 complete and 0 interrupted iterations
normal_day   [  42% ] 200/200 VUs  04m09.8s/10m00.0s

running (04m10.8s), 200/200 VUs, 1318 complete and 0 interrupted iterations
normal_day   [  42% ] 200/200 VUs  04m10.8s/10m00.0s

running (04m11.8s), 200/200 VUs, 1329 complete and 0 interrupted iterations
normal_day   [  42% ] 200/200 VUs  04m11.8s/10m00.0s

running (04m12.8s), 200/200 VUs, 1336 complete and 0 interrupted iterations
normal_day   [  42% ] 200/200 VUs  04m12.8s/10m00.0s

running (04m13.8s), 200/200 VUs, 1346 complete and 0 interrupted iterations
normal_day   [  42% ] 200/200 VUs  04m13.8s/10m00.0s

running (04m14.8s), 200/200 VUs, 1354 complete and 0 interrupted iterations
normal_day   [  42% ] 200/200 VUs  04m14.8s/10m00.0s

running (04m15.8s), 200/200 VUs, 1363 complete and 0 interrupted iterations
normal_day   [  43% ] 200/200 VUs  04m15.8s/10m00.0s

running (04m16.8s), 200/200 VUs, 1370 complete and 0 interrupted iterations
normal_day   [  43% ] 200/200 VUs  04m16.8s/10m00.0s

running (04m17.8s), 200/200 VUs, 1379 complete and 0 interrupted iterations
normal_day   [  43% ] 200/200 VUs  04m17.8s/10m00.0s

running (04m18.8s), 200/200 VUs, 1382 complete and 0 interrupted iterations
normal_day   [  43% ] 200/200 VUs  04m18.8s/10m00.0s

running (04m19.8s), 200/200 VUs, 1390 complete and 0 interrupted iterations
normal_day   [  43% ] 200/200 VUs  04m19.8s/10m00.0s

running (04m20.8s), 200/200 VUs, 1397 complete and 0 interrupted iterations
normal_day   [  43% ] 200/200 VUs  04m20.8s/10m00.0s

running (04m21.8s), 200/200 VUs, 1399 complete and 0 interrupted iterations
normal_day   [  44% ] 200/200 VUs  04m21.8s/10m00.0s

running (04m22.8s), 200/200 VUs, 1408 complete and 0 interrupted iterations
normal_day   [  44% ] 200/200 VUs  04m22.8s/10m00.0s

running (04m23.8s), 200/200 VUs, 1413 complete and 0 interrupted iterations
normal_day   [  44% ] 200/200 VUs  04m23.8s/10m00.0s

running (04m24.8s), 200/200 VUs, 1418 complete and 0 interrupted iterations
normal_day   [  44% ] 200/200 VUs  04m24.8s/10m00.0s

running (04m25.8s), 200/200 VUs, 1419 complete and 0 interrupted iterations
normal_day   [  44% ] 200/200 VUs  04m25.8s/10m00.0s

running (04m26.8s), 200/200 VUs, 1422 complete and 0 interrupted iterations
normal_day   [  44% ] 200/200 VUs  04m26.8s/10m00.0s

running (04m27.8s), 200/200 VUs, 1423 complete and 0 interrupted iterations
normal_day   [  45% ] 200/200 VUs  04m27.8s/10m00.0s

running (04m28.8s), 200/200 VUs, 1425 complete and 0 interrupted iterations
normal_day   [  45% ] 200/200 VUs  04m28.8s/10m00.0s

running (04m29.8s), 200/200 VUs, 1428 complete and 0 interrupted iterations
normal_day   [  45% ] 200/200 VUs  04m29.8s/10m00.0s

running (04m30.8s), 200/200 VUs, 1434 complete and 0 interrupted iterations
normal_day   [  45% ] 200/200 VUs  04m30.8s/10m00.0s

running (04m31.8s), 200/200 VUs, 1441 complete and 0 interrupted iterations
normal_day   [  45% ] 200/200 VUs  04m31.8s/10m00.0s

running (04m32.8s), 200/200 VUs, 1445 complete and 0 interrupted iterations
normal_day   [  45% ] 200/200 VUs  04m32.8s/10m00.0s

running (04m33.8s), 200/200 VUs, 1448 complete and 0 interrupted iterations
normal_day   [  46% ] 200/200 VUs  04m33.8s/10m00.0s

running (04m34.8s), 200/200 VUs, 1451 complete and 0 interrupted iterations
normal_day   [  46% ] 200/200 VUs  04m34.8s/10m00.0s

running (04m35.8s), 200/200 VUs, 1456 complete and 0 interrupted iterations
normal_day   [  46% ] 200/200 VUs  04m35.8s/10m00.0s

running (04m36.8s), 200/200 VUs, 1456 complete and 0 interrupted iterations
normal_day   [  46% ] 200/200 VUs  04m36.8s/10m00.0s

running (04m37.8s), 200/200 VUs, 1457 complete and 0 interrupted iterations
normal_day   [  46% ] 200/200 VUs  04m37.8s/10m00.0s

running (04m38.8s), 200/200 VUs, 1459 complete and 0 interrupted iterations
normal_day   [  46% ] 200/200 VUs  04m38.8s/10m00.0s

running (04m39.8s), 200/200 VUs, 1469 complete and 0 interrupted iterations
normal_day   [  47% ] 200/200 VUs  04m39.8s/10m00.0s

running (04m40.8s), 200/200 VUs, 1476 complete and 0 interrupted iterations
normal_day   [  47% ] 200/200 VUs  04m40.8s/10m00.0s

running (04m41.8s), 200/200 VUs, 1489 complete and 0 interrupted iterations
normal_day   [  47% ] 200/200 VUs  04m41.8s/10m00.0s

running (04m42.8s), 200/200 VUs, 1495 complete and 0 interrupted iterations
normal_day   [  47% ] 200/200 VUs  04m42.8s/10m00.0s

running (04m43.8s), 200/200 VUs, 1497 complete and 0 interrupted iterations
normal_day   [  47% ] 200/200 VUs  04m43.8s/10m00.0s

running (04m44.8s), 200/200 VUs, 1498 complete and 0 interrupted iterations
normal_day   [  47% ] 200/200 VUs  04m44.8s/10m00.0s

running (04m45.8s), 200/200 VUs, 1503 complete and 0 interrupted iterations
normal_day   [  48% ] 200/200 VUs  04m45.8s/10m00.0s

running (04m46.8s), 200/200 VUs, 1508 complete and 0 interrupted iterations
normal_day   [  48% ] 200/200 VUs  04m46.8s/10m00.0s

running (04m47.8s), 200/200 VUs, 1510 complete and 0 interrupted iterations
normal_day   [  48% ] 200/200 VUs  04m47.8s/10m00.0s

running (04m48.8s), 200/200 VUs, 1514 complete and 0 interrupted iterations
normal_day   [  48% ] 200/200 VUs  04m48.8s/10m00.0s

running (04m49.8s), 200/200 VUs, 1519 complete and 0 interrupted iterations
normal_day   [  48% ] 200/200 VUs  04m49.8s/10m00.0s

running (04m50.8s), 200/200 VUs, 1520 complete and 0 interrupted iterations
normal_day   [  48% ] 200/200 VUs  04m50.8s/10m00.0s

running (04m51.8s), 200/200 VUs, 1524 complete and 0 interrupted iterations
normal_day   [  49% ] 200/200 VUs  04m51.8s/10m00.0s

running (04m52.8s), 200/200 VUs, 1528 complete and 0 interrupted iterations
normal_day   [  49% ] 200/200 VUs  04m52.8s/10m00.0s

running (04m53.8s), 200/200 VUs, 1536 complete and 0 interrupted iterations
normal_day   [  49% ] 200/200 VUs  04m53.8s/10m00.0s

running (04m54.8s), 200/200 VUs, 1540 complete and 0 interrupted iterations
normal_day   [  49% ] 200/200 VUs  04m54.8s/10m00.0s

running (04m55.8s), 200/200 VUs, 1542 complete and 0 interrupted iterations
normal_day   [  49% ] 200/200 VUs  04m55.8s/10m00.0s

running (04m56.8s), 200/200 VUs, 1544 complete and 0 interrupted iterations
normal_day   [  49% ] 200/200 VUs  04m56.8s/10m00.0s

running (04m57.8s), 200/200 VUs, 1555 complete and 0 interrupted iterations
normal_day   [  50% ] 200/200 VUs  04m57.8s/10m00.0s

running (04m58.8s), 200/200 VUs, 1565 complete and 0 interrupted iterations
normal_day   [  50% ] 200/200 VUs  04m58.8s/10m00.0s

running (04m59.8s), 200/200 VUs, 1571 complete and 0 interrupted iterations
normal_day   [  50% ] 200/200 VUs  04m59.8s/10m00.0s

running (05m00.8s), 200/200 VUs, 1583 complete and 0 interrupted iterations
normal_day   [  50% ] 200/200 VUs  05m00.8s/10m00.0s

running (05m01.8s), 200/200 VUs, 1590 complete and 0 interrupted iterations
normal_day   [  50% ] 200/200 VUs  05m01.8s/10m00.0s

running (05m02.8s), 200/200 VUs, 1597 complete and 0 interrupted iterations
normal_day   [  50% ] 200/200 VUs  05m02.8s/10m00.0s

running (05m03.8s), 200/200 VUs, 1604 complete and 0 interrupted iterations
normal_day   [  51% ] 200/200 VUs  05m03.8s/10m00.0s

running (05m04.8s), 200/200 VUs, 1609 complete and 0 interrupted iterations
normal_day   [  51% ] 200/200 VUs  05m04.8s/10m00.0s

running (05m05.8s), 200/200 VUs, 1617 complete and 0 interrupted iterations
normal_day   [  51% ] 200/200 VUs  05m05.8s/10m00.0s

running (05m06.8s), 200/200 VUs, 1623 complete and 0 interrupted iterations
normal_day   [  51% ] 200/200 VUs  05m06.8s/10m00.0s

running (05m07.8s), 200/200 VUs, 1635 complete and 0 interrupted iterations
normal_day   [  51% ] 200/200 VUs  05m07.8s/10m00.0s

running (05m08.8s), 200/200 VUs, 1645 complete and 0 interrupted iterations
normal_day   [  51% ] 200/200 VUs  05m08.8s/10m00.0s

running (05m09.8s), 200/200 VUs, 1647 complete and 0 interrupted iterations
normal_day   [  52% ] 200/200 VUs  05m09.8s/10m00.0s

running (05m10.8s), 200/200 VUs, 1652 complete and 0 interrupted iterations
normal_day   [  52% ] 200/200 VUs  05m10.8s/10m00.0s

running (05m11.8s), 200/200 VUs, 1655 complete and 0 interrupted iterations
normal_day   [  52% ] 200/200 VUs  05m11.8s/10m00.0s

running (05m12.8s), 200/200 VUs, 1659 complete and 0 interrupted iterations
normal_day   [  52% ] 200/200 VUs  05m12.8s/10m00.0s

running (05m13.8s), 200/200 VUs, 1667 complete and 0 interrupted iterations
normal_day   [  52% ] 200/200 VUs  05m13.8s/10m00.0s

running (05m14.8s), 200/200 VUs, 1671 complete and 0 interrupted iterations
normal_day   [  52% ] 200/200 VUs  05m14.8s/10m00.0s

running (05m15.8s), 200/200 VUs, 1678 complete and 0 interrupted iterations
normal_day   [  53% ] 200/200 VUs  05m15.8s/10m00.0s

running (05m16.8s), 200/200 VUs, 1684 complete and 0 interrupted iterations
normal_day   [  53% ] 200/200 VUs  05m16.8s/10m00.0s

running (05m17.8s), 200/200 VUs, 1687 complete and 0 interrupted iterations
normal_day   [  53% ] 200/200 VUs  05m17.8s/10m00.0s

running (05m18.8s), 200/200 VUs, 1692 complete and 0 interrupted iterations
normal_day   [  53% ] 200/200 VUs  05m18.8s/10m00.0s

running (05m19.8s), 200/200 VUs, 1696 complete and 0 interrupted iterations
normal_day   [  53% ] 200/200 VUs  05m19.8s/10m00.0s

running (05m20.8s), 200/200 VUs, 1703 complete and 0 interrupted iterations
normal_day   [  53% ] 200/200 VUs  05m20.8s/10m00.0s

running (05m21.8s), 200/200 VUs, 1714 complete and 0 interrupted iterations
normal_day   [  54% ] 200/200 VUs  05m21.8s/10m00.0s

running (05m22.8s), 200/200 VUs, 1719 complete and 0 interrupted iterations
normal_day   [  54% ] 200/200 VUs  05m22.8s/10m00.0s

running (05m23.8s), 200/200 VUs, 1725 complete and 0 interrupted iterations
normal_day   [  54% ] 200/200 VUs  05m23.8s/10m00.0s

running (05m24.8s), 200/200 VUs, 1735 complete and 0 interrupted iterations
normal_day   [  54% ] 200/200 VUs  05m24.8s/10m00.0s

running (05m25.8s), 200/200 VUs, 1739 complete and 0 interrupted iterations
normal_day   [  54% ] 200/200 VUs  05m25.8s/10m00.0s

running (05m26.8s), 200/200 VUs, 1739 complete and 0 interrupted iterations
normal_day   [  54% ] 200/200 VUs  05m26.8s/10m00.0s

running (05m27.8s), 200/200 VUs, 1745 complete and 0 interrupted iterations
normal_day   [  55% ] 200/200 VUs  05m27.8s/10m00.0s

running (05m28.8s), 200/200 VUs, 1755 complete and 0 interrupted iterations
normal_day   [  55% ] 200/200 VUs  05m28.8s/10m00.0s

running (05m29.8s), 200/200 VUs, 1769 complete and 0 interrupted iterations
normal_day   [  55% ] 200/200 VUs  05m29.8s/10m00.0s

running (05m30.8s), 200/200 VUs, 1779 complete and 0 interrupted iterations
normal_day   [  55% ] 200/200 VUs  05m30.8s/10m00.0s

running (05m31.8s), 200/200 VUs, 1789 complete and 0 interrupted iterations
normal_day   [  55% ] 200/200 VUs  05m31.8s/10m00.0s

running (05m32.8s), 200/200 VUs, 1796 complete and 0 interrupted iterations
normal_day   [  55% ] 200/200 VUs  05m32.8s/10m00.0s

running (05m33.8s), 200/200 VUs, 1801 complete and 0 interrupted iterations
normal_day   [  56% ] 200/200 VUs  05m33.8s/10m00.0s

running (05m34.8s), 200/200 VUs, 1804 complete and 0 interrupted iterations
normal_day   [  56% ] 200/200 VUs  05m34.8s/10m00.0s

running (05m35.8s), 200/200 VUs, 1808 complete and 0 interrupted iterations
normal_day   [  56% ] 200/200 VUs  05m35.8s/10m00.0s

running (05m36.8s), 200/200 VUs, 1813 complete and 0 interrupted iterations
normal_day   [  56% ] 200/200 VUs  05m36.8s/10m00.0s

running (05m37.8s), 200/200 VUs, 1821 complete and 0 interrupted iterations
normal_day   [  56% ] 200/200 VUs  05m37.8s/10m00.0s

running (05m38.8s), 200/200 VUs, 1833 complete and 0 interrupted iterations
normal_day   [  56% ] 200/200 VUs  05m38.8s/10m00.0s

running (05m39.8s), 200/200 VUs, 1843 complete and 0 interrupted iterations
normal_day   [  57% ] 200/200 VUs  05m39.8s/10m00.0s

running (05m40.8s), 200/200 VUs, 1851 complete and 0 interrupted iterations
normal_day   [  57% ] 200/200 VUs  05m40.8s/10m00.0s

running (05m41.8s), 200/200 VUs, 1853 complete and 0 interrupted iterations
normal_day   [  57% ] 200/200 VUs  05m41.8s/10m00.0s

running (05m42.8s), 200/200 VUs, 1854 complete and 0 interrupted iterations
normal_day   [  57% ] 200/200 VUs  05m42.8s/10m00.0s

running (05m43.8s), 200/200 VUs, 1858 complete and 0 interrupted iterations
normal_day   [  57% ] 200/200 VUs  05m43.8s/10m00.0s

running (05m44.8s), 200/200 VUs, 1860 complete and 0 interrupted iterations
normal_day   [  57% ] 200/200 VUs  05m44.8s/10m00.0s

running (05m45.8s), 200/200 VUs, 1861 complete and 0 interrupted iterations
normal_day   [  58% ] 200/200 VUs  05m45.8s/10m00.0s

running (05m46.8s), 200/200 VUs, 1874 complete and 0 interrupted iterations
normal_day   [  58% ] 200/200 VUs  05m46.8s/10m00.0s

running (05m47.8s), 200/200 VUs, 1890 complete and 0 interrupted iterations
normal_day   [  58% ] 200/200 VUs  05m47.8s/10m00.0s

running (05m48.8s), 200/200 VUs, 1902 complete and 0 interrupted iterations
normal_day   [  58% ] 200/200 VUs  05m48.8s/10m00.0s

running (05m49.8s), 200/200 VUs, 1911 complete and 0 interrupted iterations
normal_day   [  58% ] 200/200 VUs  05m49.8s/10m00.0s

running (05m50.8s), 200/200 VUs, 1920 complete and 0 interrupted iterations
normal_day   [  58% ] 200/200 VUs  05m50.8s/10m00.0s

running (05m51.8s), 200/200 VUs, 1924 complete and 0 interrupted iterations
normal_day   [  59% ] 200/200 VUs  05m51.8s/10m00.0s

running (05m52.8s), 200/200 VUs, 1935 complete and 0 interrupted iterations
normal_day   [  59% ] 200/200 VUs  05m52.8s/10m00.0s

running (05m53.8s), 200/200 VUs, 1947 complete and 0 interrupted iterations
normal_day   [  59% ] 200/200 VUs  05m53.8s/10m00.0s

running (05m54.8s), 200/200 VUs, 1956 complete and 0 interrupted iterations
normal_day   [  59% ] 200/200 VUs  05m54.8s/10m00.0s

running (05m55.8s), 200/200 VUs, 1962 complete and 0 interrupted iterations
normal_day   [  59% ] 200/200 VUs  05m55.8s/10m00.0s

running (05m56.8s), 200/200 VUs, 1972 complete and 0 interrupted iterations
normal_day   [  59% ] 200/200 VUs  05m56.8s/10m00.0s

running (05m57.8s), 200/200 VUs, 1976 complete and 0 interrupted iterations
normal_day   [  60% ] 200/200 VUs  05m57.8s/10m00.0s

running (05m58.8s), 200/200 VUs, 1986 complete and 0 interrupted iterations
normal_day   [  60% ] 200/200 VUs  05m58.8s/10m00.0s

running (05m59.8s), 200/200 VUs, 1994 complete and 0 interrupted iterations
normal_day   [  60% ] 200/200 VUs  05m59.8s/10m00.0s

running (06m00.8s), 200/200 VUs, 2005 complete and 0 interrupted iterations
normal_day   [  60% ] 200/200 VUs  06m00.8s/10m00.0s

running (06m01.8s), 200/200 VUs, 2015 complete and 0 interrupted iterations
normal_day   [  60% ] 200/200 VUs  06m01.8s/10m00.0s

running (06m02.8s), 200/200 VUs, 2030 complete and 0 interrupted iterations
normal_day   [  60% ] 200/200 VUs  06m02.8s/10m00.0s

running (06m03.8s), 200/200 VUs, 2043 complete and 0 interrupted iterations
normal_day   [  61% ] 200/200 VUs  06m03.8s/10m00.0s

running (06m04.8s), 200/200 VUs, 2062 complete and 0 interrupted iterations
normal_day   [  61% ] 200/200 VUs  06m04.8s/10m00.0s

running (06m05.8s), 200/200 VUs, 2069 complete and 0 interrupted iterations
normal_day   [  61% ] 200/200 VUs  06m05.8s/10m00.0s

running (06m06.8s), 200/200 VUs, 2076 complete and 0 interrupted iterations
normal_day   [  61% ] 200/200 VUs  06m06.8s/10m00.0s

running (06m07.8s), 200/200 VUs, 2083 complete and 0 interrupted iterations
normal_day   [  61% ] 200/200 VUs  06m07.8s/10m00.0s

running (06m08.8s), 200/200 VUs, 2089 complete and 0 interrupted iterations
normal_day   [  61% ] 200/200 VUs  06m08.8s/10m00.0s

running (06m09.8s), 200/200 VUs, 2091 complete and 0 interrupted iterations
normal_day   [  62% ] 200/200 VUs  06m09.8s/10m00.0s

running (06m10.8s), 200/200 VUs, 2096 complete and 0 interrupted iterations
normal_day   [  62% ] 200/200 VUs  06m10.8s/10m00.0s

running (06m11.8s), 200/200 VUs, 2098 complete and 0 interrupted iterations
normal_day   [  62% ] 200/200 VUs  06m11.8s/10m00.0s

running (06m12.8s), 200/200 VUs, 2103 complete and 0 interrupted iterations
normal_day   [  62% ] 200/200 VUs  06m12.8s/10m00.0s

running (06m13.8s), 200/200 VUs, 2103 complete and 0 interrupted iterations
normal_day   [  62% ] 200/200 VUs  06m13.8s/10m00.0s

running (06m14.8s), 200/200 VUs, 2104 complete and 0 interrupted iterations
normal_day   [  62% ] 200/200 VUs  06m14.8s/10m00.0s

running (06m15.8s), 200/200 VUs, 2107 complete and 0 interrupted iterations
normal_day   [  63% ] 200/200 VUs  06m15.8s/10m00.0s

running (06m16.8s), 200/200 VUs, 2115 complete and 0 interrupted iterations
normal_day   [  63% ] 200/200 VUs  06m16.8s/10m00.0s

running (06m17.8s), 200/200 VUs, 2124 complete and 0 interrupted iterations
normal_day   [  63% ] 200/200 VUs  06m17.8s/10m00.0s

running (06m18.8s), 200/200 VUs, 2136 complete and 0 interrupted iterations
normal_day   [  63% ] 200/200 VUs  06m18.8s/10m00.0s

running (06m19.8s), 200/200 VUs, 2140 complete and 0 interrupted iterations
normal_day   [  63% ] 200/200 VUs  06m19.8s/10m00.0s

running (06m20.8s), 200/200 VUs, 2146 complete and 0 interrupted iterations
normal_day   [  63% ] 200/200 VUs  06m20.8s/10m00.0s

running (06m21.8s), 200/200 VUs, 2148 complete and 0 interrupted iterations
normal_day   [  64% ] 200/200 VUs  06m21.8s/10m00.0s

running (06m22.8s), 200/200 VUs, 2150 complete and 0 interrupted iterations
normal_day   [  64% ] 200/200 VUs  06m22.8s/10m00.0s

running (06m23.8s), 200/200 VUs, 2156 complete and 0 interrupted iterations
normal_day   [  64% ] 200/200 VUs  06m23.8s/10m00.0s

running (06m24.8s), 200/200 VUs, 2165 complete and 0 interrupted iterations
normal_day   [  64% ] 200/200 VUs  06m24.8s/10m00.0s

running (06m25.8s), 200/200 VUs, 2171 complete and 0 interrupted iterations
normal_day   [  64% ] 200/200 VUs  06m25.8s/10m00.0s

running (06m26.8s), 200/200 VUs, 2181 complete and 0 interrupted iterations
normal_day   [  64% ] 200/200 VUs  06m26.8s/10m00.0s

running (06m27.8s), 200/200 VUs, 2191 complete and 0 interrupted iterations
normal_day   [  65% ] 200/200 VUs  06m27.8s/10m00.0s

running (06m28.8s), 200/200 VUs, 2204 complete and 0 interrupted iterations
normal_day   [  65% ] 200/200 VUs  06m28.8s/10m00.0s

running (06m29.8s), 200/200 VUs, 2221 complete and 0 interrupted iterations
normal_day   [  65% ] 200/200 VUs  06m29.8s/10m00.0s

running (06m30.8s), 200/200 VUs, 2224 complete and 0 interrupted iterations
normal_day   [  65% ] 200/200 VUs  06m30.8s/10m00.0s

running (06m31.8s), 200/200 VUs, 2231 complete and 0 interrupted iterations
normal_day   [  65% ] 200/200 VUs  06m31.8s/10m00.0s

running (06m32.8s), 200/200 VUs, 2232 complete and 0 interrupted iterations
normal_day   [  65% ] 200/200 VUs  06m32.8s/10m00.0s

running (06m33.8s), 200/200 VUs, 2235 complete and 0 interrupted iterations
normal_day   [  66% ] 200/200 VUs  06m33.8s/10m00.0s

running (06m34.8s), 200/200 VUs, 2243 complete and 0 interrupted iterations
normal_day   [  66% ] 200/200 VUs  06m34.8s/10m00.0s

running (06m35.8s), 200/200 VUs, 2262 complete and 0 interrupted iterations
normal_day   [  66% ] 200/200 VUs  06m35.8s/10m00.0s

running (06m36.8s), 200/200 VUs, 2277 complete and 0 interrupted iterations
normal_day   [  66% ] 200/200 VUs  06m36.8s/10m00.0s

running (06m37.8s), 200/200 VUs, 2286 complete and 0 interrupted iterations
normal_day   [  66% ] 200/200 VUs  06m37.8s/10m00.0s

running (06m38.8s), 200/200 VUs, 2288 complete and 0 interrupted iterations
normal_day   [  66% ] 200/200 VUs  06m38.8s/10m00.0s

running (06m39.8s), 200/200 VUs, 2295 complete and 0 interrupted iterations
normal_day   [  67% ] 200/200 VUs  06m39.8s/10m00.0s

running (06m40.8s), 200/200 VUs, 2298 complete and 0 interrupted iterations
normal_day   [  67% ] 200/200 VUs  06m40.8s/10m00.0s

running (06m41.8s), 200/200 VUs, 2300 complete and 0 interrupted iterations
normal_day   [  67% ] 200/200 VUs  06m41.8s/10m00.0s

running (06m42.8s), 200/200 VUs, 2307 complete and 0 interrupted iterations
normal_day   [  67% ] 200/200 VUs  06m42.8s/10m00.0s

running (06m43.8s), 200/200 VUs, 2315 complete and 0 interrupted iterations
normal_day   [  67% ] 200/200 VUs  06m43.8s/10m00.0s

running (06m44.8s), 200/200 VUs, 2323 complete and 0 interrupted iterations
normal_day   [  67% ] 200/200 VUs  06m44.8s/10m00.0s

running (06m45.8s), 200/200 VUs, 2327 complete and 0 interrupted iterations
normal_day   [  68% ] 200/200 VUs  06m45.8s/10m00.0s

running (06m46.8s), 200/200 VUs, 2333 complete and 0 interrupted iterations
normal_day   [  68% ] 200/200 VUs  06m46.8s/10m00.0s

running (06m47.8s), 200/200 VUs, 2339 complete and 0 interrupted iterations
normal_day   [  68% ] 200/200 VUs  06m47.8s/10m00.0s

running (06m48.8s), 200/200 VUs, 2345 complete and 0 interrupted iterations
normal_day   [  68% ] 200/200 VUs  06m48.8s/10m00.0s

running (06m49.8s), 200/200 VUs, 2348 complete and 0 interrupted iterations
normal_day   [  68% ] 200/200 VUs  06m49.8s/10m00.0s

running (06m50.8s), 200/200 VUs, 2349 complete and 0 interrupted iterations
normal_day   [  68% ] 200/200 VUs  06m50.8s/10m00.0s

running (06m51.8s), 200/200 VUs, 2351 complete and 0 interrupted iterations
normal_day   [  69% ] 200/200 VUs  06m51.8s/10m00.0s

running (06m52.8s), 200/200 VUs, 2354 complete and 0 interrupted iterations
normal_day   [  69% ] 200/200 VUs  06m52.8s/10m00.0s

running (06m53.8s), 200/200 VUs, 2355 complete and 0 interrupted iterations
normal_day   [  69% ] 200/200 VUs  06m53.8s/10m00.0s

running (06m54.8s), 200/200 VUs, 2356 complete and 0 interrupted iterations
normal_day   [  69% ] 200/200 VUs  06m54.8s/10m00.0s

running (06m55.8s), 200/200 VUs, 2359 complete and 0 interrupted iterations
normal_day   [  69% ] 200/200 VUs  06m55.8s/10m00.0s

running (06m56.8s), 200/200 VUs, 2363 complete and 0 interrupted iterations
normal_day   [  69% ] 200/200 VUs  06m56.8s/10m00.0s

running (06m57.8s), 200/200 VUs, 2367 complete and 0 interrupted iterations
normal_day   [  70% ] 200/200 VUs  06m57.8s/10m00.0s

running (06m58.8s), 200/200 VUs, 2380 complete and 0 interrupted iterations
normal_day   [  70% ] 200/200 VUs  06m58.8s/10m00.0s

running (06m59.8s), 200/200 VUs, 2392 complete and 0 interrupted iterations
normal_day   [  70% ] 200/200 VUs  06m59.8s/10m00.0s

running (07m00.8s), 200/200 VUs, 2402 complete and 0 interrupted iterations
normal_day   [  70% ] 200/200 VUs  07m00.8s/10m00.0s

running (07m01.8s), 200/200 VUs, 2405 complete and 0 interrupted iterations
normal_day   [  70% ] 200/200 VUs  07m01.8s/10m00.0s

running (07m02.8s), 200/200 VUs, 2409 complete and 0 interrupted iterations
normal_day   [  70% ] 200/200 VUs  07m02.8s/10m00.0s

running (07m03.8s), 200/200 VUs, 2411 complete and 0 interrupted iterations
normal_day   [  71% ] 200/200 VUs  07m03.8s/10m00.0s

running (07m04.8s), 200/200 VUs, 2412 complete and 0 interrupted iterations
normal_day   [  71% ] 200/200 VUs  07m04.8s/10m00.0s

running (07m05.8s), 200/200 VUs, 2416 complete and 0 interrupted iterations
normal_day   [  71% ] 200/200 VUs  07m05.8s/10m00.0s

running (07m06.8s), 200/200 VUs, 2423 complete and 0 interrupted iterations
normal_day   [  71% ] 200/200 VUs  07m06.8s/10m00.0s

running (07m07.8s), 200/200 VUs, 2432 complete and 0 interrupted iterations
normal_day   [  71% ] 200/200 VUs  07m07.8s/10m00.0s

running (07m08.8s), 200/200 VUs, 2440 complete and 0 interrupted iterations
normal_day   [  71% ] 200/200 VUs  07m08.8s/10m00.0s

running (07m09.8s), 200/200 VUs, 2446 complete and 0 interrupted iterations
normal_day   [  72% ] 200/200 VUs  07m09.8s/10m00.0s

running (07m10.8s), 200/200 VUs, 2454 complete and 0 interrupted iterations
normal_day   [  72% ] 200/200 VUs  07m10.8s/10m00.0s

running (07m11.8s), 200/200 VUs, 2458 complete and 0 interrupted iterations
normal_day   [  72% ] 200/200 VUs  07m11.8s/10m00.0s

running (07m12.8s), 200/200 VUs, 2460 complete and 0 interrupted iterations
normal_day   [  72% ] 200/200 VUs  07m12.8s/10m00.0s

running (07m13.8s), 200/200 VUs, 2464 complete and 0 interrupted iterations
normal_day   [  72% ] 200/200 VUs  07m13.8s/10m00.0s

running (07m14.8s), 200/200 VUs, 2470 complete and 0 interrupted iterations
normal_day   [  72% ] 200/200 VUs  07m14.8s/10m00.0s

running (07m15.8s), 200/200 VUs, 2482 complete and 0 interrupted iterations
normal_day   [  73% ] 200/200 VUs  07m15.8s/10m00.0s

running (07m16.8s), 200/200 VUs, 2488 complete and 0 interrupted iterations
normal_day   [  73% ] 200/200 VUs  07m16.8s/10m00.0s

running (07m17.8s), 200/200 VUs, 2494 complete and 0 interrupted iterations
normal_day   [  73% ] 200/200 VUs  07m17.8s/10m00.0s

running (07m18.8s), 200/200 VUs, 2498 complete and 0 interrupted iterations
normal_day   [  73% ] 200/200 VUs  07m18.8s/10m00.0s

running (07m19.8s), 200/200 VUs, 2502 complete and 0 interrupted iterations
normal_day   [  73% ] 200/200 VUs  07m19.8s/10m00.0s

running (07m20.8s), 200/200 VUs, 2504 complete and 0 interrupted iterations
normal_day   [  73% ] 200/200 VUs  07m20.8s/10m00.0s

running (07m21.8s), 200/200 VUs, 2511 complete and 0 interrupted iterations
normal_day   [  74% ] 200/200 VUs  07m21.8s/10m00.0s

running (07m22.8s), 200/200 VUs, 2515 complete and 0 interrupted iterations
normal_day   [  74% ] 200/200 VUs  07m22.8s/10m00.0s

running (07m23.8s), 200/200 VUs, 2521 complete and 0 interrupted iterations
normal_day   [  74% ] 200/200 VUs  07m23.8s/10m00.0s

running (07m24.8s), 200/200 VUs, 2526 complete and 0 interrupted iterations
normal_day   [  74% ] 200/200 VUs  07m24.8s/10m00.0s

running (07m25.8s), 200/200 VUs, 2532 complete and 0 interrupted iterations
normal_day   [  74% ] 200/200 VUs  07m25.8s/10m00.0s

running (07m26.8s), 200/200 VUs, 2540 complete and 0 interrupted iterations
normal_day   [  74% ] 200/200 VUs  07m26.8s/10m00.0s

running (07m27.8s), 200/200 VUs, 2546 complete and 0 interrupted iterations
normal_day   [  75% ] 200/200 VUs  07m27.8s/10m00.0s

running (07m28.8s), 200/200 VUs, 2554 complete and 0 interrupted iterations
normal_day   [  75% ] 200/200 VUs  07m28.8s/10m00.0s

running (07m29.8s), 200/200 VUs, 2558 complete and 0 interrupted iterations
normal_day   [  75% ] 200/200 VUs  07m29.8s/10m00.0s

running (07m30.8s), 200/200 VUs, 2567 complete and 0 interrupted iterations
normal_day   [  75% ] 200/200 VUs  07m30.8s/10m00.0s

running (07m31.8s), 200/200 VUs, 2573 complete and 0 interrupted iterations
normal_day   [  75% ] 200/200 VUs  07m31.8s/10m00.0s

running (07m32.8s), 200/200 VUs, 2575 complete and 0 interrupted iterations
normal_day   [  75% ] 200/200 VUs  07m32.8s/10m00.0s

running (07m33.8s), 200/200 VUs, 2578 complete and 0 interrupted iterations
normal_day   [  76% ] 200/200 VUs  07m33.8s/10m00.0s

running (07m34.8s), 200/200 VUs, 2585 complete and 0 interrupted iterations
normal_day   [  76% ] 200/200 VUs  07m34.8s/10m00.0s

running (07m35.8s), 200/200 VUs, 2588 complete and 0 interrupted iterations
normal_day   [  76% ] 200/200 VUs  07m35.8s/10m00.0s

running (07m36.8s), 200/200 VUs, 2598 complete and 0 interrupted iterations
normal_day   [  76% ] 200/200 VUs  07m36.8s/10m00.0s

running (07m37.8s), 200/200 VUs, 2603 complete and 0 interrupted iterations
normal_day   [  76% ] 200/200 VUs  07m37.8s/10m00.0s

running (07m38.8s), 200/200 VUs, 2609 complete and 0 interrupted iterations
normal_day   [  76% ] 200/200 VUs  07m38.8s/10m00.0s

running (07m39.8s), 200/200 VUs, 2615 complete and 0 interrupted iterations
normal_day   [  77% ] 200/200 VUs  07m39.8s/10m00.0s

running (07m40.8s), 200/200 VUs, 2619 complete and 0 interrupted iterations
normal_day   [  77% ] 200/200 VUs  07m40.8s/10m00.0s

running (07m41.8s), 200/200 VUs, 2624 complete and 0 interrupted iterations
normal_day   [  77% ] 200/200 VUs  07m41.8s/10m00.0s

running (07m42.8s), 200/200 VUs, 2631 complete and 0 interrupted iterations
normal_day   [  77% ] 200/200 VUs  07m42.8s/10m00.0s

running (07m43.8s), 200/200 VUs, 2637 complete and 0 interrupted iterations
normal_day   [  77% ] 200/200 VUs  07m43.8s/10m00.0s

running (07m44.8s), 200/200 VUs, 2649 complete and 0 interrupted iterations
normal_day   [  77% ] 200/200 VUs  07m44.8s/10m00.0s

running (07m45.8s), 200/200 VUs, 2652 complete and 0 interrupted iterations
normal_day   [  78% ] 200/200 VUs  07m45.8s/10m00.0s

running (07m46.8s), 200/200 VUs, 2659 complete and 0 interrupted iterations
normal_day   [  78% ] 200/200 VUs  07m46.8s/10m00.0s

running (07m47.8s), 200/200 VUs, 2663 complete and 0 interrupted iterations
normal_day   [  78% ] 200/200 VUs  07m47.8s/10m00.0s

running (07m48.8s), 200/200 VUs, 2667 complete and 0 interrupted iterations
normal_day   [  78% ] 200/200 VUs  07m48.8s/10m00.0s

running (07m49.8s), 200/200 VUs, 2671 complete and 0 interrupted iterations
normal_day   [  78% ] 200/200 VUs  07m49.8s/10m00.0s

running (07m50.8s), 200/200 VUs, 2675 complete and 0 interrupted iterations
normal_day   [  78% ] 200/200 VUs  07m50.8s/10m00.0s

running (07m51.8s), 200/200 VUs, 2687 complete and 0 interrupted iterations
normal_day   [  79% ] 200/200 VUs  07m51.8s/10m00.0s

running (07m52.8s), 200/200 VUs, 2697 complete and 0 interrupted iterations
normal_day   [  79% ] 200/200 VUs  07m52.8s/10m00.0s

running (07m53.8s), 200/200 VUs, 2710 complete and 0 interrupted iterations
normal_day   [  79% ] 200/200 VUs  07m53.8s/10m00.0s

running (07m54.8s), 200/200 VUs, 2724 complete and 0 interrupted iterations
normal_day   [  79% ] 200/200 VUs  07m54.8s/10m00.0s

running (07m55.8s), 200/200 VUs, 2727 complete and 0 interrupted iterations
normal_day   [  79% ] 200/200 VUs  07m55.8s/10m00.0s

running (07m56.8s), 200/200 VUs, 2733 complete and 0 interrupted iterations
normal_day   [  79% ] 200/200 VUs  07m56.8s/10m00.0s

running (07m57.8s), 200/200 VUs, 2739 complete and 0 interrupted iterations
normal_day   [  80% ] 200/200 VUs  07m57.8s/10m00.0s

running (07m58.8s), 200/200 VUs, 2740 complete and 0 interrupted iterations
normal_day   [  80% ] 200/200 VUs  07m58.8s/10m00.0s

running (07m59.8s), 200/200 VUs, 2743 complete and 0 interrupted iterations
normal_day   [  80% ] 200/200 VUs  07m59.8s/10m00.0s

running (08m00.8s), 200/200 VUs, 2753 complete and 0 interrupted iterations
normal_day   [  80% ] 200/200 VUs  08m00.8s/10m00.0s

running (08m01.8s), 200/200 VUs, 2760 complete and 0 interrupted iterations
normal_day   [  80% ] 200/200 VUs  08m01.8s/10m00.0s

running (08m02.8s), 200/200 VUs, 2772 complete and 0 interrupted iterations
normal_day   [  80% ] 200/200 VUs  08m02.8s/10m00.0s

running (08m03.8s), 199/200 VUs, 2787 complete and 0 interrupted iterations
normal_day   [  81% ] 199/200 VUs  08m03.8s/10m00.0s

running (08m04.8s), 199/200 VUs, 2793 complete and 0 interrupted iterations
normal_day   [  81% ] 199/200 VUs  08m04.8s/10m00.0s

running (08m05.8s), 199/200 VUs, 2799 complete and 0 interrupted iterations
normal_day   [  81% ] 199/200 VUs  08m05.8s/10m00.0s

running (08m06.8s), 199/200 VUs, 2802 complete and 0 interrupted iterations
normal_day   [  81% ] 199/200 VUs  08m06.8s/10m00.0s

running (08m07.8s), 199/200 VUs, 2805 complete and 0 interrupted iterations
normal_day   [  81% ] 199/200 VUs  08m07.8s/10m00.0s

running (08m08.8s), 198/200 VUs, 2814 complete and 0 interrupted iterations
normal_day   [  81% ] 198/200 VUs  08m08.8s/10m00.0s

running (08m09.8s), 196/200 VUs, 2827 complete and 0 interrupted iterations
normal_day   [  82% ] 196/200 VUs  08m09.8s/10m00.0s

running (08m10.8s), 196/200 VUs, 2833 complete and 0 interrupted iterations
normal_day   [  82% ] 196/200 VUs  08m10.8s/10m00.0s

running (08m11.8s), 196/200 VUs, 2839 complete and 0 interrupted iterations
normal_day   [  82% ] 196/200 VUs  08m11.8s/10m00.0s

running (08m12.8s), 195/200 VUs, 2842 complete and 0 interrupted iterations
normal_day   [  82% ] 195/200 VUs  08m12.8s/10m00.0s

running (08m13.8s), 195/200 VUs, 2843 complete and 0 interrupted iterations
normal_day   [  82% ] 195/200 VUs  08m13.8s/10m00.0s

running (08m14.8s), 195/200 VUs, 2847 complete and 0 interrupted iterations
normal_day   [  82% ] 195/200 VUs  08m14.8s/10m00.0s

running (08m15.8s), 195/200 VUs, 2852 complete and 0 interrupted iterations
normal_day   [  83% ] 195/200 VUs  08m15.8s/10m00.0s

running (08m16.8s), 195/200 VUs, 2854 complete and 0 interrupted iterations
normal_day   [  83% ] 195/200 VUs  08m16.8s/10m00.0s

running (08m17.8s), 195/200 VUs, 2860 complete and 0 interrupted iterations
normal_day   [  83% ] 195/200 VUs  08m17.8s/10m00.0s

running (08m18.8s), 194/200 VUs, 2866 complete and 0 interrupted iterations
normal_day   [  83% ] 194/200 VUs  08m18.8s/10m00.0s

running (08m19.8s), 192/200 VUs, 2877 complete and 0 interrupted iterations
normal_day   [  83% ] 192/200 VUs  08m19.8s/10m00.0s

running (08m20.8s), 191/200 VUs, 2881 complete and 0 interrupted iterations
normal_day   [  83% ] 191/200 VUs  08m20.8s/10m00.0s

running (08m21.8s), 191/200 VUs, 2883 complete and 0 interrupted iterations
normal_day   [  84% ] 191/200 VUs  08m21.8s/10m00.0s

running (08m22.8s), 189/200 VUs, 2890 complete and 0 interrupted iterations
normal_day   [  84% ] 189/200 VUs  08m22.8s/10m00.0s

running (08m23.8s), 189/200 VUs, 2895 complete and 0 interrupted iterations
normal_day   [  84% ] 189/200 VUs  08m23.8s/10m00.0s

running (08m24.8s), 186/200 VUs, 2901 complete and 0 interrupted iterations
normal_day   [  84% ] 186/200 VUs  08m24.8s/10m00.0s

running (08m25.8s), 185/200 VUs, 2911 complete and 0 interrupted iterations
normal_day   [  84% ] 185/200 VUs  08m25.8s/10m00.0s

running (08m26.8s), 183/200 VUs, 2925 complete and 0 interrupted iterations
normal_day   [  84% ] 183/200 VUs  08m26.8s/10m00.0s

running (08m27.8s), 183/200 VUs, 2931 complete and 0 interrupted iterations
normal_day   [  85% ] 183/200 VUs  08m27.8s/10m00.0s

running (08m28.8s), 182/200 VUs, 2937 complete and 0 interrupted iterations
normal_day   [  85% ] 182/200 VUs  08m28.8s/10m00.0s

running (08m29.8s), 180/200 VUs, 2942 complete and 0 interrupted iterations
normal_day   [  85% ] 180/200 VUs  08m29.8s/10m00.0s

running (08m30.8s), 177/200 VUs, 2952 complete and 0 interrupted iterations
normal_day   [  85% ] 177/200 VUs  08m30.8s/10m00.0s

running (08m31.8s), 174/200 VUs, 2961 complete and 1 interrupted iterations
normal_day   [  85% ] 174/200 VUs  08m31.8s/10m00.0s

running (08m32.8s), 173/200 VUs, 2967 complete and 1 interrupted iterations
normal_day   [  85% ] 173/200 VUs  08m32.8s/10m00.0s

running (08m33.8s), 170/200 VUs, 2973 complete and 1 interrupted iterations
normal_day   [  86% ] 170/200 VUs  08m33.8s/10m00.0s

running (08m34.8s), 168/200 VUs, 2976 complete and 2 interrupted iterations
normal_day   [  86% ] 168/200 VUs  08m34.8s/10m00.0s

running (08m35.8s), 166/200 VUs, 2977 complete and 3 interrupted iterations
normal_day   [  86% ] 166/200 VUs  08m35.8s/10m00.0s

running (08m36.8s), 166/200 VUs, 2978 complete and 3 interrupted iterations
normal_day   [  86% ] 166/200 VUs  08m36.8s/10m00.0s

running (08m37.8s), 165/200 VUs, 2983 complete and 3 interrupted iterations
normal_day   [  86% ] 165/200 VUs  08m37.8s/10m00.0s

running (08m38.8s), 163/200 VUs, 2987 complete and 4 interrupted iterations
normal_day   [  86% ] 163/200 VUs  08m38.8s/10m00.0s

running (08m39.8s), 159/200 VUs, 2997 complete and 5 interrupted iterations
normal_day   [  87% ] 159/200 VUs  08m39.8s/10m00.0s

running (08m40.8s), 153/200 VUs, 3012 complete and 7 interrupted iterations
normal_day   [  87% ] 153/200 VUs  08m40.8s/10m00.0s

running (08m41.8s), 151/200 VUs, 3017 complete and 7 interrupted iterations
normal_day   [  87% ] 151/200 VUs  08m41.8s/10m00.0s

running (08m42.8s), 151/200 VUs, 3020 complete and 7 interrupted iterations
normal_day   [  87% ] 151/200 VUs  08m42.8s/10m00.0s

running (08m43.8s), 151/200 VUs, 3021 complete and 7 interrupted iterations
normal_day   [  87% ] 151/200 VUs  08m43.8s/10m00.0s

running (08m44.8s), 150/200 VUs, 3027 complete and 8 interrupted iterations
normal_day   [  87% ] 150/200 VUs  08m44.8s/10m00.0s

running (08m45.8s), 150/200 VUs, 3032 complete and 8 interrupted iterations
normal_day   [  88% ] 150/200 VUs  08m45.8s/10m00.0s

running (08m46.8s), 148/200 VUs, 3038 complete and 9 interrupted iterations
normal_day   [  88% ] 148/200 VUs  08m46.8s/10m00.0s

running (08m47.8s), 146/200 VUs, 3047 complete and 9 interrupted iterations
normal_day   [  88% ] 146/200 VUs  08m47.8s/10m00.0s

running (08m48.8s), 142/200 VUs, 3057 complete and 9 interrupted iterations
normal_day   [  88% ] 142/200 VUs  08m48.8s/10m00.0s

running (08m49.8s), 141/200 VUs, 3063 complete and 9 interrupted iterations
normal_day   [  88% ] 141/200 VUs  08m49.8s/10m00.0s

running (08m50.8s), 138/200 VUs, 3068 complete and 9 interrupted iterations
normal_day   [  88% ] 138/200 VUs  08m50.8s/10m00.0s

running (08m51.8s), 138/200 VUs, 3069 complete and 9 interrupted iterations
normal_day   [  89% ] 138/200 VUs  08m51.8s/10m00.0s

running (08m52.8s), 138/200 VUs, 3070 complete and 9 interrupted iterations
normal_day   [  89% ] 138/200 VUs  08m52.8s/10m00.0s

running (08m53.8s), 138/200 VUs, 3072 complete and 9 interrupted iterations
normal_day   [  89% ] 138/200 VUs  08m53.8s/10m00.0s

running (08m54.8s), 136/200 VUs, 3078 complete and 9 interrupted iterations
normal_day   [  89% ] 136/200 VUs  08m54.8s/10m00.0s

running (08m55.8s), 135/200 VUs, 3079 complete and 9 interrupted iterations
normal_day   [  89% ] 135/200 VUs  08m55.8s/10m00.0s

running (08m56.8s), 135/200 VUs, 3079 complete and 9 interrupted iterations
normal_day   [  89% ] 135/200 VUs  08m56.8s/10m00.0s

running (08m57.8s), 133/200 VUs, 3081 complete and 10 interrupted iterations
normal_day   [  90% ] 133/200 VUs  08m57.8s/10m00.0s

running (08m58.8s), 133/200 VUs, 3084 complete and 10 interrupted iterations
normal_day   [  90% ] 133/200 VUs  08m58.8s/10m00.0s

running (08m59.8s), 131/200 VUs, 3087 complete and 10 interrupted iterations
normal_day   [  90% ] 131/200 VUs  08m59.8s/10m00.0s

running (09m00.8s), 130/200 VUs, 3089 complete and 10 interrupted iterations
normal_day   [  90% ] 130/200 VUs  09m00.8s/10m00.0s

running (09m01.8s), 128/200 VUs, 3102 complete and 10 interrupted iterations
normal_day   [  90% ] 128/200 VUs  09m01.8s/10m00.0s

running (09m02.8s), 124/200 VUs, 3112 complete and 10 interrupted iterations
normal_day   [  90% ] 124/200 VUs  09m02.8s/10m00.0s

running (09m03.8s), 122/200 VUs, 3120 complete and 10 interrupted iterations
normal_day   [  91% ] 122/200 VUs  09m03.8s/10m00.0s

running (09m04.8s), 121/200 VUs, 3126 complete and 10 interrupted iterations
normal_day   [  91% ] 121/200 VUs  09m04.8s/10m00.0s

running (09m05.8s), 118/200 VUs, 3138 complete and 10 interrupted iterations
normal_day   [  91% ] 118/200 VUs  09m05.8s/10m00.0s

running (09m06.8s), 117/200 VUs, 3142 complete and 11 interrupted iterations
normal_day   [  91% ] 117/200 VUs  09m06.8s/10m00.0s

running (09m07.8s), 115/200 VUs, 3149 complete and 11 interrupted iterations
normal_day   [  91% ] 115/200 VUs  09m07.8s/10m00.0s

running (09m08.8s), 115/200 VUs, 3151 complete and 11 interrupted iterations
normal_day   [  91% ] 115/200 VUs  09m08.8s/10m00.0s

running (09m09.8s), 114/200 VUs, 3155 complete and 12 interrupted iterations
normal_day   [  92% ] 114/200 VUs  09m09.8s/10m00.0s

running (09m10.8s), 112/200 VUs, 3157 complete and 14 interrupted iterations
normal_day   [  92% ] 112/200 VUs  09m10.8s/10m00.0s

running (09m11.8s), 110/200 VUs, 3163 complete and 15 interrupted iterations
normal_day   [  92% ] 110/200 VUs  09m11.8s/10m00.0s

running (09m12.8s), 108/200 VUs, 3172 complete and 15 interrupted iterations
normal_day   [  92% ] 108/200 VUs  09m12.8s/10m00.0s

running (09m13.8s), 107/200 VUs, 3173 complete and 16 interrupted iterations
normal_day   [  92% ] 107/200 VUs  09m13.8s/10m00.0s

running (09m14.8s), 107/200 VUs, 3179 complete and 16 interrupted iterations
normal_day   [  92% ] 107/200 VUs  09m14.8s/10m00.0s

running (09m15.8s), 102/200 VUs, 3188 complete and 17 interrupted iterations
normal_day   [  93% ] 102/200 VUs  09m15.8s/10m00.0s

running (09m16.8s), 101/200 VUs, 3195 complete and 18 interrupted iterations
normal_day   [  93% ] 101/200 VUs  09m16.8s/10m00.0s

running (09m17.8s), 099/200 VUs, 3199 complete and 18 interrupted iterations
normal_day   [  93% ] 099/200 VUs  09m17.8s/10m00.0s

running (09m18.8s), 096/200 VUs, 3204 complete and 18 interrupted iterations
normal_day   [  93% ] 096/200 VUs  09m18.8s/10m00.0s

running (09m19.8s), 094/200 VUs, 3208 complete and 19 interrupted iterations
normal_day   [  93% ] 094/200 VUs  09m19.8s/10m00.0s

running (09m20.8s), 091/200 VUs, 3213 complete and 19 interrupted iterations
normal_day   [  93% ] 091/200 VUs  09m20.8s/10m00.0s

running (09m21.8s), 089/200 VUs, 3214 complete and 20 interrupted iterations
normal_day   [  94% ] 089/200 VUs  09m21.8s/10m00.0s

running (09m22.8s), 084/200 VUs, 3218 complete and 21 interrupted iterations
normal_day   [  94% ] 084/200 VUs  09m22.8s/10m00.0s

running (09m23.8s), 083/200 VUs, 3223 complete and 21 interrupted iterations
normal_day   [  94% ] 083/200 VUs  09m23.8s/10m00.0s

running (09m24.8s), 082/200 VUs, 3224 complete and 22 interrupted iterations
normal_day   [  94% ] 082/200 VUs  09m24.8s/10m00.0s

running (09m25.8s), 078/200 VUs, 3230 complete and 22 interrupted iterations
normal_day   [  94% ] 078/200 VUs  09m25.8s/10m00.0s

running (09m26.8s), 078/200 VUs, 3233 complete and 22 interrupted iterations
normal_day   [  94% ] 078/200 VUs  09m26.8s/10m00.0s

running (09m27.8s), 077/200 VUs, 3237 complete and 23 interrupted iterations
normal_day   [  95% ] 077/200 VUs  09m27.8s/10m00.0s

running (09m28.8s), 076/200 VUs, 3240 complete and 24 interrupted iterations
normal_day   [  95% ] 076/200 VUs  09m28.8s/10m00.0s

running (09m29.8s), 072/200 VUs, 3245 complete and 24 interrupted iterations
normal_day   [  95% ] 072/200 VUs  09m29.8s/10m00.0s

running (09m30.8s), 071/200 VUs, 3247 complete and 24 interrupted iterations
normal_day   [  95% ] 071/200 VUs  09m30.8s/10m00.0s

running (09m31.8s), 069/200 VUs, 3251 complete and 24 interrupted iterations
normal_day   [  95% ] 069/200 VUs  09m31.8s/10m00.0s

running (09m32.8s), 067/200 VUs, 3256 complete and 24 interrupted iterations
normal_day   [  95% ] 067/200 VUs  09m32.8s/10m00.0s

running (09m33.8s), 065/200 VUs, 3263 complete and 24 interrupted iterations
normal_day   [  96% ] 065/200 VUs  09m33.8s/10m00.0s

running (09m34.8s), 065/200 VUs, 3264 complete and 24 interrupted iterations
normal_day   [  96% ] 065/200 VUs  09m34.8s/10m00.0s

running (09m35.8s), 064/200 VUs, 3264 complete and 25 interrupted iterations
normal_day   [  96% ] 064/200 VUs  09m35.8s/10m00.0s

running (09m36.8s), 063/200 VUs, 3269 complete and 25 interrupted iterations
normal_day   [  96% ] 063/200 VUs  09m36.8s/10m00.0s

running (09m37.8s), 059/200 VUs, 3272 complete and 26 interrupted iterations
normal_day   [  96% ] 059/200 VUs  09m37.8s/10m00.0s

running (09m38.8s), 057/200 VUs, 3277 complete and 26 interrupted iterations
normal_day   [  96% ] 057/200 VUs  09m38.8s/10m00.0s

running (09m39.8s), 056/200 VUs, 3279 complete and 26 interrupted iterations
normal_day   [  97% ] 056/200 VUs  09m39.8s/10m00.0s

running (09m40.8s), 055/200 VUs, 3282 complete and 26 interrupted iterations
normal_day   [  97% ] 055/200 VUs  09m40.8s/10m00.0s

running (09m41.8s), 052/200 VUs, 3290 complete and 26 interrupted iterations
normal_day   [  97% ] 052/200 VUs  09m41.8s/10m00.0s

running (09m42.8s), 049/200 VUs, 3295 complete and 26 interrupted iterations
normal_day   [  97% ] 049/200 VUs  09m42.8s/10m00.0s

running (09m43.8s), 049/200 VUs, 3295 complete and 26 interrupted iterations
normal_day   [  97% ] 049/200 VUs  09m43.8s/10m00.0s

running (09m44.8s), 046/200 VUs, 3299 complete and 26 interrupted iterations
normal_day   [  97% ] 046/200 VUs  09m44.8s/10m00.0s

running (09m45.8s), 046/200 VUs, 3299 complete and 26 interrupted iterations
normal_day   [  98% ] 046/200 VUs  09m45.8s/10m00.0s

running (09m46.8s), 046/200 VUs, 3299 complete and 26 interrupted iterations
normal_day   [  98% ] 046/200 VUs  09m46.8s/10m00.0s

running (09m47.8s), 045/200 VUs, 3299 complete and 27 interrupted iterations
normal_day   [  98% ] 045/200 VUs  09m47.8s/10m00.0s

running (09m48.8s), 044/200 VUs, 3301 complete and 27 interrupted iterations
normal_day   [  98% ] 044/200 VUs  09m48.8s/10m00.0s

running (09m49.8s), 041/200 VUs, 3307 complete and 28 interrupted iterations
normal_day   [  98% ] 041/200 VUs  09m49.8s/10m00.0s

running (09m50.8s), 038/200 VUs, 3310 complete and 28 interrupted iterations
normal_day   [  98% ] 038/200 VUs  09m50.8s/10m00.0s

running (09m51.8s), 035/200 VUs, 3313 complete and 28 interrupted iterations
normal_day   [  99% ] 035/200 VUs  09m51.8s/10m00.0s

running (09m52.8s), 033/200 VUs, 3315 complete and 28 interrupted iterations
normal_day   [  99% ] 033/200 VUs  09m52.8s/10m00.0s

running (09m53.8s), 028/200 VUs, 3322 complete and 28 interrupted iterations
normal_day   [  99% ] 028/200 VUs  09m53.8s/10m00.0s

running (09m54.8s), 028/200 VUs, 3323 complete and 28 interrupted iterations
normal_day   [  99% ] 028/200 VUs  09m54.8s/10m00.0s

running (09m55.8s), 024/200 VUs, 3327 complete and 29 interrupted iterations
normal_day   [  99% ] 024/200 VUs  09m55.8s/10m00.0s

running (09m56.8s), 023/200 VUs, 3330 complete and 29 interrupted iterations
normal_day   [  99% ] 023/200 VUs  09m56.8s/10m00.0s

running (09m57.8s), 020/200 VUs, 3333 complete and 29 interrupted iterations
normal_day   [ 100% ] 020/200 VUs  09m57.8s/10m00.0s

running (09m58.8s), 017/200 VUs, 3336 complete and 29 interrupted iterations
normal_day   [ 100% ] 017/200 VUs  09m58.8s/10m00.0s

running (09m59.8s), 014/200 VUs, 3339 complete and 29 interrupted iterations
normal_day   [ 100% ] 014/200 VUs  09m59.8s/10m00.0s

running (10m00.8s), 011/200 VUs, 3342 complete and 29 interrupted iterations
normal_day ↓ [ 100% ] 013/200 VUs  10m0s

running (10m01.8s), 008/200 VUs, 3345 complete and 29 interrupted iterations
normal_day ↓ [ 100% ] 013/200 VUs  10m0s

running (10m02.8s), 008/200 VUs, 3345 complete and 29 interrupted iterations
normal_day ↓ [ 100% ] 013/200 VUs  10m0s

running (10m03.8s), 006/200 VUs, 3347 complete and 29 interrupted iterations
normal_day ↓ [ 100% ] 013/200 VUs  10m0s

running (10m04.8s), 006/200 VUs, 3347 complete and 29 interrupted iterations
normal_day ↓ [ 100% ] 013/200 VUs  10m0s

running (10m05.8s), 005/200 VUs, 3348 complete and 29 interrupted iterations
normal_day ↓ [ 100% ] 013/200 VUs  10m0s

running (10m06.8s), 004/200 VUs, 3349 complete and 29 interrupted iterations
normal_day ↓ [ 100% ] 013/200 VUs  10m0s

running (10m07.8s), 003/200 VUs, 3350 complete and 29 interrupted iterations
normal_day ↓ [ 100% ] 013/200 VUs  10m0s

running (10m08.8s), 002/200 VUs, 3351 complete and 29 interrupted iterations
normal_day ↓ [ 100% ] 013/200 VUs  10m0s

running (10m09.8s), 001/200 VUs, 3352 complete and 29 interrupted iterations
normal_day ↓ [ 100% ] 013/200 VUs  10m0s

running (10m10.8s), 001/200 VUs, 3352 complete and 29 interrupted iterations
normal_day ↓ [ 100% ] 013/200 VUs  10m0s

running (10m11.8s), 001/200 VUs, 3352 complete and 29 interrupted iterations
normal_day ↓ [ 100% ] 013/200 VUs  10m0s

running (10m12.8s), 001/200 VUs, 3352 complete and 29 interrupted iterations
normal_day ↓ [ 100% ] 013/200 VUs  10m0s
[32m     ✓ login 200[0m
[32m     ✓ chat rooms 200[0m
[32m     ✓ post detail 200[0m
[32m     ✓ board list 200[0m
[32m     ✓ chat messages 200[0m
[32m     ✓ comment create 2xx[0m
[32m     ✓ hot daily 200[0m
[32m     ✓ post list 200[0m
[32m     ✓ chat read 200[0m
[32m     ✓ unread count 200[0m
[32m     ✓ post search 200[0m
[32m     ✓ comment list 200[0m
[32m     ✓ comment reaction 200[0m
[32m     ✓ notif list 200[0m
[32m     ✓ meal today 200[0m
[32m     ✓ post create 2xx[0m
[32m     ✓ post update 200[0m
[32m     ✓ friend list 200[0m
[32m     ✓ read one 200[0m
[32m     ✓ post delete 200[0m
[32m     ✓ timetable today 200[0m
[32m     ✓ post reaction 2xx[0m
[32m     ✓ meal month 200[0m
[32m     ✓ refresh 200[0m
[32m     ✓ read all 200[0m
[32m     ✓ user info 200[0m
[32m     ✓ received reqs 200[0m
[32m     ✓ my posts 200[0m
[32m     ✓ scrap 2xx[0m
[32m     ✓ ws handshake 101[0m
[32m     ✓ logout 200[0m

     auth_token_refreshes[2m...........:[0m [36m38[0m      [36;2m0.061991/s[0m
     chat_ws_messages_sent[2m..........:[0m [36m912[0m     [36;2m1.487781/s[0m
     chat_ws_rtt[2m....................:[0m avg=[36m2.34s[0m   min=[36m15ms[0m     med=[36m2s[0m       max=[36m11.27s[0m   p(90)=[36m4.54s[0m    p(95)=[36m5.58s[0m   p(99)=[36m7.39s[0m   
     checks[2m.........................:[0m [36m100.00%[0m [36;2m✓ 14884[0m     [36;2m✗ 0[0m    
     [32m✓[0m { phase:measure }[2m............:[0m [36m100.00%[0m [36;2m✓ 8126[0m      [36;2m✗ 0[0m    
     [32m✓[0m { phase:rampdown }[2m...........:[0m [36m100.00%[0m [36;2m✓ 2574[0m      [36;2m✗ 0[0m    
     [32m✓[0m { phase:warmup }[2m.............:[0m [36m100.00%[0m [36;2m✓ 4184[0m      [36;2m✗ 0[0m    
     data_received[2m..................:[0m [36m635 MB[0m  [36;2m1.0 MB/s[0m
     data_sent[2m......................:[0m [36m6.0 MB[0m  [36;2m9.8 kB/s[0m
     http_req_blocked[2m...............:[0m avg=[36m16.18µs[0m min=[36m1.49µs[0m   med=[36m6.25µs[0m   max=[36m18.03ms[0m  p(90)=[36m10.52µs[0m  p(95)=[36m14.21µs[0m p(99)=[36m287.4µs[0m 
     http_req_connecting[2m............:[0m avg=[36m7.29µs[0m  min=[36m0s[0m       med=[36m0s[0m       max=[36m17.95ms[0m  p(90)=[36m0s[0m       p(95)=[36m0s[0m      p(99)=[36m198.5µs[0m 
     http_req_duration[2m..............:[0m avg=[36m4.01s[0m   min=[36m2.22ms[0m   med=[36m3.57s[0m    max=[36m24.67s[0m   p(90)=[36m7.7s[0m     p(95)=[36m9.28s[0m   p(99)=[36m13.69s[0m  
       { expected_response:true }[2m...:[0m avg=[36m4.01s[0m   min=[36m2.22ms[0m   med=[36m3.57s[0m    max=[36m24.67s[0m   p(90)=[36m7.7s[0m     p(95)=[36m9.28s[0m   p(99)=[36m13.69s[0m  
     [32m✓[0m { feature:auth }[2m.............:[0m avg=[36m1.9s[0m    min=[36m20.57ms[0m  med=[36m1.34s[0m    max=[36m8.6s[0m     p(90)=[36m4.98s[0m    p(95)=[36m6.19s[0m   p(99)=[36m7.96s[0m   
     [32m✓[0m { feature:board }[2m............:[0m avg=[36m3.94s[0m   min=[36m2.22ms[0m   med=[36m3.72s[0m    max=[36m15.53s[0m   p(90)=[36m7.3s[0m     p(95)=[36m8.48s[0m   p(99)=[36m11.11s[0m  
     [32m✓[0m { feature:chat }[2m.............:[0m avg=[36m3.76s[0m   min=[36m3.23ms[0m   med=[36m3.44s[0m    max=[36m18.03s[0m   p(90)=[36m7.43s[0m    p(95)=[36m8.63s[0m   p(99)=[36m11.06s[0m  
     [32m✓[0m { feature:comment }[2m..........:[0m avg=[36m5.4s[0m    min=[36m3.58ms[0m   med=[36m4.6s[0m     max=[36m24.67s[0m   p(90)=[36m11.41s[0m   p(95)=[36m13.73s[0m  p(99)=[36m16.95s[0m  
     [32m✓[0m { feature:friend }[2m...........:[0m avg=[36m4.12s[0m   min=[36m3.72ms[0m   med=[36m3.74s[0m    max=[36m14.21s[0m   p(90)=[36m7.4s[0m     p(95)=[36m8.3s[0m    p(99)=[36m11.05s[0m  
     [32m✓[0m { feature:hot }[2m..............:[0m avg=[36m3.81s[0m   min=[36m10.16ms[0m  med=[36m3.52s[0m    max=[36m14.79s[0m   p(90)=[36m7.36s[0m    p(95)=[36m8.25s[0m   p(99)=[36m10.81s[0m  
     [32m✓[0m { feature:mypage }[2m...........:[0m avg=[36m3.96s[0m   min=[36m3.53ms[0m   med=[36m3.68s[0m    max=[36m14.83s[0m   p(90)=[36m7.41s[0m    p(95)=[36m8.85s[0m   p(99)=[36m11.6s[0m   
     [32m✓[0m { feature:notification }[2m.....:[0m avg=[36m3.95s[0m   min=[36m3.33ms[0m   med=[36m3.73s[0m    max=[36m13.82s[0m   p(90)=[36m7.3s[0m     p(95)=[36m8.42s[0m   p(99)=[36m11.36s[0m  
     [32m✓[0m { feature:post }[2m.............:[0m avg=[36m3.63s[0m   min=[36m2.3ms[0m    med=[36m3.34s[0m    max=[36m14.91s[0m   p(90)=[36m7.12s[0m    p(95)=[36m8.11s[0m   p(99)=[36m10.61s[0m  
     [32m✓[0m { feature:reaction }[2m.........:[0m avg=[36m4.15s[0m   min=[36m19.83ms[0m  med=[36m3.76s[0m    max=[36m13.03s[0m   p(90)=[36m7.76s[0m    p(95)=[36m9.14s[0m   p(99)=[36m10.89s[0m  
     [32m✓[0m { feature:school }[2m...........:[0m avg=[36m4.14s[0m   min=[36m3.42ms[0m   med=[36m3.87s[0m    max=[36m10.5s[0m    p(90)=[36m7.47s[0m    p(95)=[36m8.12s[0m   p(99)=[36m10s[0m     
     [32m✓[0m { feature:scrap }[2m............:[0m avg=[36m4.18s[0m   min=[36m20.42ms[0m  med=[36m3.88s[0m    max=[36m10.54s[0m   p(90)=[36m7.07s[0m    p(95)=[36m7.29s[0m   p(99)=[36m10.07s[0m  
     [32m✓[0m { feature:timetable }[2m........:[0m avg=[36m3.81s[0m   min=[36m3.39ms[0m   med=[36m3.6s[0m     max=[36m11.18s[0m   p(90)=[36m7.23s[0m    p(95)=[36m8.06s[0m   p(99)=[36m11.04s[0m  
     [32m✓[0m { op:auth }[2m..................:[0m avg=[36m1.9s[0m    min=[36m20.57ms[0m  med=[36m1.34s[0m    max=[36m8.6s[0m     p(90)=[36m4.98s[0m    p(95)=[36m6.19s[0m   p(99)=[36m7.96s[0m   
     [31m✗[0m { op:read,phase:measure }[2m....:[0m avg=[36m5.08s[0m   min=[36m3.03ms[0m   med=[36m4.89s[0m    max=[36m24.67s[0m   p(90)=[36m8.4s[0m     p(95)=[36m10.07s[0m  p(99)=[36m14.51s[0m  
     [31m✗[0m { op:write,phase:measure }[2m...:[0m avg=[36m5.52s[0m   min=[36m371.05ms[0m med=[36m5.46s[0m    max=[36m20.25s[0m   p(90)=[36m8.97s[0m    p(95)=[36m10.33s[0m  p(99)=[36m12.84s[0m  
     [32m✓[0m { page:0 }[2m...................:[0m avg=[36m2.55s[0m   min=[36m2.3ms[0m    med=[36m2.03s[0m    max=[36m14.91s[0m   p(90)=[36m5.63s[0m    p(95)=[36m6.56s[0m   p(99)=[36m8.27s[0m   
     [32m✓[0m { page:1 }[2m...................:[0m avg=[36m2.55s[0m   min=[36m3.03ms[0m   med=[36m2.02s[0m    max=[36m10.11s[0m   p(90)=[36m5.89s[0m    p(95)=[36m6.61s[0m   p(99)=[36m8.04s[0m   
     [32m✓[0m { page:2 }[2m...................:[0m avg=[36m2.22s[0m   min=[36m4.64ms[0m   med=[36m1.72s[0m    max=[36m11.36s[0m   p(90)=[36m4.22s[0m    p(95)=[36m5.94s[0m   p(99)=[36m9.42s[0m   
     [32m✓[0m { page:3 }[2m...................:[0m avg=[36m2.5s[0m    min=[36m2.88ms[0m   med=[36m2.17s[0m    max=[36m9.73s[0m    p(90)=[36m5.14s[0m    p(95)=[36m5.51s[0m   p(99)=[36m9.14s[0m   
     [32m✓[0m { page:4 }[2m...................:[0m avg=[36m2.71s[0m   min=[36m4.13ms[0m   med=[36m2.1s[0m     max=[36m12.99s[0m   p(90)=[36m5.19s[0m    p(95)=[36m7.12s[0m   p(99)=[36m11.76s[0m  
     [32m✓[0m { phase:measure }[2m............:[0m avg=[36m5.1s[0m    min=[36m3.03ms[0m   med=[36m4.93s[0m    max=[36m24.67s[0m   p(90)=[36m8.42s[0m    p(95)=[36m10.1s[0m   p(99)=[36m14.4s[0m   
     [32m✓[0m { phase:rampdown }[2m...........:[0m avg=[36m3.65s[0m   min=[36m2.22ms[0m   med=[36m3.07s[0m    max=[36m18.2s[0m    p(90)=[36m6.67s[0m    p(95)=[36m9.37s[0m   p(99)=[36m13.36s[0m  
     [32m✓[0m { phase:warmup }[2m.............:[0m avg=[36m2.18s[0m   min=[36m2.9ms[0m    med=[36m1.49s[0m    max=[36m21.14s[0m   p(90)=[36m5.19s[0m    p(95)=[36m6.14s[0m   p(99)=[36m12.32s[0m  
     http_req_failed[2m................:[0m [36m0.00%[0m   [36;2m✓ 0[0m         [36;2m✗ 14726[0m
     [32m✓[0m { phase:measure }[2m............:[0m [36m0.00%[0m   [36;2m✓ 0[0m         [36;2m✗ 8000[0m 
     [32m✓[0m { phase:rampdown }[2m...........:[0m [36m0.00%[0m   [36;2m✓ 0[0m         [36;2m✗ 2431[0m 
     [32m✓[0m { phase:warmup }[2m.............:[0m [36m0.00%[0m   [36;2m✓ 0[0m         [36;2m✗ 4295[0m 
     http_req_receiving[2m.............:[0m avg=[36m1.54ms[0m  min=[36m22.42µs[0m  med=[36m294.45µs[0m max=[36m115.73ms[0m p(90)=[36m779.74µs[0m p(95)=[36m3.11ms[0m  p(99)=[36m64.02ms[0m 
     http_req_sending[2m...............:[0m avg=[36m41.84µs[0m min=[36m6.41µs[0m   med=[36m34.46µs[0m  max=[36m390.98µs[0m p(90)=[36m67.96µs[0m  p(95)=[36m84.58µs[0m p(99)=[36m160.87µs[0m
     http_req_tls_handshaking[2m.......:[0m avg=[36m0s[0m      min=[36m0s[0m       med=[36m0s[0m       max=[36m0s[0m       p(90)=[36m0s[0m       p(95)=[36m0s[0m      p(99)=[36m0s[0m      
     http_req_waiting[2m...............:[0m avg=[36m4.01s[0m   min=[36m2.07ms[0m   med=[36m3.57s[0m    max=[36m24.6s[0m    p(90)=[36m7.7s[0m     p(95)=[36m9.28s[0m   p(99)=[36m13.69s[0m  
     http_reqs[2m......................:[0m [36m14726[0m   [36;2m24.023087/s[0m
     [32m✓[0m { feature:auth }[2m.............:[0m [36m300[0m     [36;2m0.489401/s[0m
     [32m✓[0m { feature:board }[2m............:[0m [36m1369[0m    [36;2m2.233302/s[0m
     [32m✓[0m { feature:chat }[2m.............:[0m [36m1153[0m    [36;2m1.880933/s[0m
     [32m✓[0m { feature:comment }[2m..........:[0m [36m2670[0m    [36;2m4.355673/s[0m
     [32m✓[0m { feature:friend }[2m...........:[0m [36m231[0m     [36;2m0.376839/s[0m
     [32m✓[0m { feature:hot }[2m..............:[0m [36m1369[0m    [36;2m2.233302/s[0m
     [32m✓[0m { feature:mypage }[2m...........:[0m [36m198[0m     [36;2m0.323005/s[0m
     [32m✓[0m { feature:notification }[2m.....:[0m [36m579[0m     [36;2m0.944545/s[0m
     [32m✓[0m { feature:post }[2m.............:[0m [36m6305[0m    [36;2m10.285588/s[0m
     [32m✓[0m { feature:reaction }[2m.........:[0m [36m273[0m     [36;2m0.445355/s[0m
     [32m✓[0m { feature:school }[2m...........:[0m [36m120[0m     [36;2m0.195761/s[0m
     [32m✓[0m { feature:scrap }[2m............:[0m [36m60[0m      [36;2m0.09788/s[0m
     [32m✓[0m { feature:timetable }[2m........:[0m [36m99[0m      [36;2m0.161502/s[0m
     [32m✓[0m { op:auth }[2m..................:[0m [36m300[0m     [36;2m0.489401/s[0m
     [32m✓[0m { op:read }[2m..................:[0m [36m13383[0m   [36;2m21.8322/s[0m
     [32m✓[0m { op:write }[2m.................:[0m [36m1043[0m    [36;2m1.701486/s[0m
     [32m✓[0m { page:0 }[2m...................:[0m [36m769[0m     [36;2m1.254499/s[0m
     [32m✓[0m { page:1 }[2m...................:[0m [36m264[0m     [36;2m0.430673/s[0m
     [32m✓[0m { page:2 }[2m...................:[0m [36m140[0m     [36;2m0.228387/s[0m
     [32m✓[0m { page:3 }[2m...................:[0m [36m122[0m     [36;2m0.199023/s[0m
     [32m✓[0m { page:4 }[2m...................:[0m [36m74[0m      [36;2m0.120719/s[0m
     [32m✓[0m { phase:measure }[2m............:[0m [36m8000[0m    [36;2m13.050706/s[0m
     [32m✓[0m { phase:rampdown }[2m...........:[0m [36m2431[0m    [36;2m3.965783/s[0m
     [32m✓[0m { phase:warmup }[2m.............:[0m [36m4295[0m    [36;2m7.006598/s[0m
     iteration_duration[2m.............:[0m avg=[36m27.3s[0m   min=[36m1.1s[0m     med=[36m20.38s[0m   max=[36m1m35s[0m    p(90)=[36m58.85s[0m   p(95)=[36m1m7s[0m    p(99)=[36m1m18s[0m   
     iterations[2m.....................:[0m [36m3353[0m    [36;2m5.469877/s[0m
     [32m✓[0m { phase:measure }[2m............:[0m [36m0[0m       [36;2m0/s[0m
     [32m✓[0m { phase:rampdown }[2m...........:[0m [36m0[0m       [36;2m0/s[0m
     [32m✓[0m { phase:warmup }[2m.............:[0m [36m0[0m       [36;2m0/s[0m
     phase_iterations[2m...............:[0m [36m3353[0m    [36;2m5.469877/s[0m
     [32m✓[0m { phase:measure }[2m............:[0m [36m1865[0m    [36;2m3.042446/s[0m
     [32m✓[0m { phase:rampdown }[2m...........:[0m [36m608[0m     [36;2m0.991854/s[0m
     [32m✓[0m { phase:warmup }[2m.............:[0m [36m880[0m     [36;2m1.435578/s[0m
     vus[2m............................:[0m [36m1[0m       [36;2mmin=0[0m       [36;2mmax=200[0m
     vus_max[2m........................:[0m [36m200[0m     [36;2mmin=200[0m     [36;2mmax=200[0m
     ws_connecting[2m..................:[0m avg=[36m3.6s[0m    min=[36m3.01ms[0m   med=[36m3.35s[0m    max=[36m11.88s[0m   p(90)=[36m6.62s[0m    p(95)=[36m8.27s[0m   p(99)=[36m10.83s[0m  
     ws_msgs_received[2m...............:[0m [36m973[0m     [36;2m1.587292/s[0m
     ws_msgs_sent[2m...................:[0m [36m1228[0m    [36;2m2.003283/s[0m
     ws_session_duration[2m............:[0m avg=[36m26.04s[0m  min=[36m15.75s[0m   med=[36m26.39s[0m   max=[36m40.81s[0m   p(90)=[36m32.6s[0m    p(95)=[36m34.17s[0m  p(99)=[36m39.08s[0m  
     ws_sessions[2m....................:[0m [36m158[0m     [36;2m0.257751/s[0m
running (10m13.0s), 000/200 VUs, 3353 complete and 29 interrupted iterations
normal_day ✓ [ 100% ] 000/200 VUs  10m0s
  호스트(Windows) 119표본 · CPU 44.1% (max 64.6) · 주파수 114.1% (min -1.0) · 대기스레드 4.42 · 가용메모리 4434MB
  부하 중 벤치(warmup +60초, 3회 중앙값) · single 5990ms (유휴 대비 19.1%) · parallel 5282ms (유휴 대비 -7.6%) · ctxswitch 2877ms (유휴 대비 34.7%)

  실행 후 상태 sha256:20957fc8689b — chat_messages.maxId +912, chat_messages.count +911, posts.maxId +159, comments.count +149, comments.maxId +149 (외 13개)
    (지문 제외 항목: posts.sumViewCount +3931, daily_hot_post.count +50)
Prometheus 스크레이프 대기 20초...

══════════════════════════════════════════════════════════════════════════
  Performance Report — normal-day   Run #92   ❌ FAIL
══════════════════════════════════════════════════════════════════════════
  환경 perf  |  브랜치 personal/localdocs  |  커밋 3e96d946  |  빌드 local
  시작 2026-08-19 17:08:30 KST  |  수행 10m 13s  |  VU max 200
  데이터셋 medium  |  부하 ramping-vus 0→200@3m0s→200@5m0s→0@2m0s

  ── 성능 (measure 구간) ─────────────────────────────────────────
  평균 5.11s     P95 10.11s    P99 14.41s   
  RPS  26.7      TPS 6.22      오류율 0.00%

  ── 인프라 ────────────────────────────────────────────────────────
  CPU  2.00 core (한계의 100%)   throttled 100.0%
  Heap 739 MB (72%)   GC max 101ms × 120회
  DB   slow 1,132  QPS 7,275  풀 100%  대기 172
  Redis hit 98.6%  ops 148.4/s  evicted 0

  ── 회귀 (기준: normal-day-2026-08-19T08-05-49) ────────────────
  ⚠  기준선은 당시 k6 threshold 미통과 실행입니다, 당시 Node 판정 FAIL.
     아래 증감률은 개선/악화 폭이며 현재 SLO 통과를 뜻하지 않습니다.
  ❌ P95 응답시간                   11.29s → 10.11s (-10.5%)
       10110 > 상한 500
  ❌ P99 응답시간                   16.25s → 14.41s (-11.4%)
       14406 > 상한 1200
  ❌ CPU 포화도 (한계 대비 최대)         100.1% → 100.1% (+0.0%)
       100 > 상한 95.00
  ❌ CPU throttling 비율          99.9% → 100.0% (+0.1%)
       100 > 상한 10.00
  ❌ HikariCP 포화도               100.0% → 100.0% (0.0%)
       100 > 상한 95.00
  ❌ HikariCP 대기 스레드 최대         189 → 172 (-9.0%)
       172 > 상한 5.00
  ❌ 커넥션 획득 p95                 6.22s → 5.57s (-10.4%)
       5575 > 상한 100

  ── 병목 가설 ─────────────────────────────────────────────────────
  • CPU throttling 발생
    cgroup이 CPU를 강제 회수한 주기가 100.0%다. CPU 한계(2 core)를 올리거나 요청당 CPU 사용을 줄여야 p99가 안정된다.
  • DB 커넥션 풀 대기 발생
    최대 172개 스레드가 커넥션을 기다렸다. 풀 크기(10)가 동시성 대비 부족하거나, 커넥션 보유 시간이 긴 쿼리가 있다.
  • DB 커넥션 풀 포화
    풀 사용률이 100%까지 올라갔다. 여유가 거의 없어 부하가 조금만 늘어도 대기가 생긴다.
  • CPU 포화
    CPU 사용이 한계의 100%에 도달했다.

  보고서 : reports\runs\normal-day-2026-08-19T08-18-43\report.html
  Grafana(전체 실행): http://localhost:3001/d/htd-perf-overview/highteenday-performance-overview?from=1787126790860&to=1787127643854
  Grafana(measure) : http://localhost:3001/d/htd-perf-overview/highteenday-performance-overview?from=1787126970860&to=1787127510860
══════════════════════════════════════════════════════════════════════════

  [3/10] p95 10109.7ms · 평균 5107.6ms · 서버측 5057.7ms · 경로 49.9ms

──────── [4/10] 리셋 (restart) ────────

▶ k6 run scenarios/normal-day.js
  브랜치 personal/localdocs · 커밋 3e96d9463207 · 실행자 user@DESKTOP-DJJPASG
  환경 perf · "E-46 우선순위 7 — 예열인가 드리프트인가(연속 10회, 부하 중 벤치 포함) — repeatability 4/10"
  데이터셋 medium · 상태 sha256:20957fc8689b (149ms)
  캐시 warm (키 1개)
  guard strict — 상태 불일치 시 스냅샷 복원 후 재확인 [perf.config.json]
    guard=strict — 스냅샷으로 복원합니다.
▶ 복원 — medium-20260816-062210 → perf-mysql-data-medium
  앱·MySQL 정지
  MySQL 기동
  Redis FLUSHALL (복원 후 캐시는 cold 다)
  앱 기동
  복원 후 상태 지문 sha256:ffe696d17416 = 스냅샷 일치

✅ 복원 완료 · 소요 5.7초 (압축 해제 구간)

  부하 발생기: 컨테이너 perf-k6 (grafana/k6:2.1.0, CPU 상한 4)
  k6 지표 전송: http://prometheus:9090/api/v1/write (native histogram, 5s 간격)
  환경 대조 벤치 실행 중(3축 3회, 약 40초)... single 5063ms · parallel 5786ms · ctxswitch 2172ms
  부하 중 벤치 예약: k6 시작 +60초 (warmup 구간, 3회)

         /\      Grafana   /‾‾/  
    /\  /  \     |\  __   /  /   
   /  \/    \    | |/ /  /   ‾‾\ 
  /          \   |   (  |  (‾)  |
 / __________ \  |_|\_\  \_____/ 


     execution: local
        script: scenarios/normal-day.js
        output: Prometheus remote write (http://prometheus:9090/api/v1/write)

     scenarios: (100.00%) 1 scenario, 200 max VUs, 10m30s max duration (incl. graceful stop):
              * normal_day: Up to 200 looping VUs for 10m0s over 3 stages (gracefulRampDown: 30s, gracefulStop: 30s)


running (00m00.8s), 000/200 VUs, 0 complete and 0 interrupted iterations
normal_day   [   0% ] 000/200 VUs  00m00.8s/10m00.0s

running (00m01.8s), 002/200 VUs, 0 complete and 0 interrupted iterations
normal_day   [   0% ] 002/200 VUs  00m01.8s/10m00.0s

running (00m02.8s), 003/200 VUs, 0 complete and 0 interrupted iterations
normal_day   [   0% ] 003/200 VUs  00m02.8s/10m00.0s

running (00m03.8s), 004/200 VUs, 0 complete and 0 interrupted iterations
normal_day   [   1% ] 004/200 VUs  00m03.8s/10m00.0s

running (00m04.8s), 005/200 VUs, 0 complete and 0 interrupted iterations
normal_day   [   1% ] 005/200 VUs  00m04.8s/10m00.0s

running (00m05.8s), 006/200 VUs, 0 complete and 0 interrupted iterations
normal_day   [   1% ] 006/200 VUs  00m05.8s/10m00.0s

running (00m06.8s), 007/200 VUs, 1 complete and 0 interrupted iterations
normal_day   [   1% ] 007/200 VUs  00m06.8s/10m00.0s

running (00m07.8s), 008/200 VUs, 2 complete and 0 interrupted iterations
normal_day   [   1% ] 008/200 VUs  00m07.8s/10m00.0s

running (00m08.8s), 009/200 VUs, 2 complete and 0 interrupted iterations
normal_day   [   1% ] 009/200 VUs  00m08.8s/10m00.0s

running (00m09.8s), 010/200 VUs, 3 complete and 0 interrupted iterations
normal_day   [   2% ] 010/200 VUs  00m09.8s/10m00.0s

running (00m10.8s), 012/200 VUs, 5 complete and 0 interrupted iterations
normal_day   [   2% ] 012/200 VUs  00m10.8s/10m00.0s

running (00m11.8s), 013/200 VUs, 5 complete and 0 interrupted iterations
normal_day   [   2% ] 013/200 VUs  00m11.8s/10m00.0s

running (00m12.8s), 014/200 VUs, 5 complete and 0 interrupted iterations
normal_day   [   2% ] 014/200 VUs  00m12.8s/10m00.0s

running (00m13.8s), 015/200 VUs, 6 complete and 0 interrupted iterations
normal_day   [   2% ] 015/200 VUs  00m13.8s/10m00.0s

running (00m14.8s), 016/200 VUs, 6 complete and 0 interrupted iterations
normal_day   [   2% ] 016/200 VUs  00m14.8s/10m00.0s

running (00m15.8s), 017/200 VUs, 7 complete and 0 interrupted iterations
normal_day   [   3% ] 017/200 VUs  00m15.8s/10m00.0s

running (00m16.8s), 018/200 VUs, 9 complete and 0 interrupted iterations
normal_day   [   3% ] 018/200 VUs  00m16.8s/10m00.0s

running (00m17.8s), 019/200 VUs, 11 complete and 0 interrupted iterations
normal_day   [   3% ] 019/200 VUs  00m17.8s/10m00.0s

running (00m18.8s), 020/200 VUs, 12 complete and 0 interrupted iterations
normal_day   [   3% ] 020/200 VUs  00m18.8s/10m00.0s

running (00m19.8s), 022/200 VUs, 14 complete and 0 interrupted iterations
normal_day   [   3% ] 022/200 VUs  00m19.8s/10m00.0s

running (00m20.8s), 023/200 VUs, 15 complete and 0 interrupted iterations
normal_day   [   3% ] 023/200 VUs  00m20.8s/10m00.0s

running (00m21.8s), 024/200 VUs, 16 complete and 0 interrupted iterations
normal_day   [   4% ] 024/200 VUs  00m21.8s/10m00.0s

running (00m22.8s), 025/200 VUs, 18 complete and 0 interrupted iterations
normal_day   [   4% ] 025/200 VUs  00m22.8s/10m00.0s

running (00m23.8s), 026/200 VUs, 19 complete and 0 interrupted iterations
normal_day   [   4% ] 026/200 VUs  00m23.8s/10m00.0s

running (00m24.8s), 027/200 VUs, 20 complete and 0 interrupted iterations
normal_day   [   4% ] 027/200 VUs  00m24.8s/10m00.0s

running (00m25.8s), 028/200 VUs, 22 complete and 0 interrupted iterations
normal_day   [   4% ] 028/200 VUs  00m25.8s/10m00.0s

running (00m26.8s), 029/200 VUs, 22 complete and 0 interrupted iterations
normal_day   [   4% ] 029/200 VUs  00m26.8s/10m00.0s

running (00m27.8s), 030/200 VUs, 25 complete and 0 interrupted iterations
normal_day   [   5% ] 030/200 VUs  00m27.8s/10m00.0s

running (00m28.8s), 032/200 VUs, 27 complete and 0 interrupted iterations
normal_day   [   5% ] 032/200 VUs  00m28.8s/10m00.0s

running (00m29.8s), 033/200 VUs, 29 complete and 0 interrupted iterations
normal_day   [   5% ] 033/200 VUs  00m29.8s/10m00.0s

running (00m30.8s), 034/200 VUs, 34 complete and 0 interrupted iterations
normal_day   [   5% ] 034/200 VUs  00m30.8s/10m00.0s

running (00m31.8s), 035/200 VUs, 35 complete and 0 interrupted iterations
normal_day   [   5% ] 035/200 VUs  00m31.8s/10m00.0s

running (00m32.8s), 036/200 VUs, 38 complete and 0 interrupted iterations
normal_day   [   5% ] 036/200 VUs  00m32.8s/10m00.0s

running (00m33.8s), 037/200 VUs, 43 complete and 0 interrupted iterations
normal_day   [   6% ] 037/200 VUs  00m33.8s/10m00.0s

running (00m34.8s), 038/200 VUs, 44 complete and 0 interrupted iterations
normal_day   [   6% ] 038/200 VUs  00m34.8s/10m00.0s

running (00m35.8s), 039/200 VUs, 50 complete and 0 interrupted iterations
normal_day   [   6% ] 039/200 VUs  00m35.8s/10m00.0s

running (00m36.8s), 040/200 VUs, 56 complete and 0 interrupted iterations
normal_day   [   6% ] 040/200 VUs  00m36.8s/10m00.0s

running (00m37.8s), 042/200 VUs, 63 complete and 0 interrupted iterations
normal_day   [   6% ] 042/200 VUs  00m37.8s/10m00.0s

running (00m38.8s), 043/200 VUs, 68 complete and 0 interrupted iterations
normal_day   [   6% ] 043/200 VUs  00m38.8s/10m00.0s

running (00m39.8s), 044/200 VUs, 76 complete and 0 interrupted iterations
normal_day   [   7% ] 044/200 VUs  00m39.8s/10m00.0s

running (00m40.8s), 045/200 VUs, 79 complete and 0 interrupted iterations
normal_day   [   7% ] 045/200 VUs  00m40.8s/10m00.0s

running (00m41.8s), 046/200 VUs, 85 complete and 0 interrupted iterations
normal_day   [   7% ] 046/200 VUs  00m41.8s/10m00.0s

running (00m42.8s), 047/200 VUs, 88 complete and 0 interrupted iterations
normal_day   [   7% ] 047/200 VUs  00m42.8s/10m00.0s

running (00m43.8s), 048/200 VUs, 95 complete and 0 interrupted iterations
normal_day   [   7% ] 048/200 VUs  00m43.8s/10m00.0s

running (00m44.8s), 049/200 VUs, 101 complete and 0 interrupted iterations
normal_day   [   7% ] 049/200 VUs  00m44.8s/10m00.0s

running (00m45.8s), 050/200 VUs, 105 complete and 0 interrupted iterations
normal_day   [   8% ] 050/200 VUs  00m45.8s/10m00.0s

running (00m46.8s), 052/200 VUs, 112 complete and 0 interrupted iterations
normal_day   [   8% ] 052/200 VUs  00m46.8s/10m00.0s

running (00m47.8s), 053/200 VUs, 115 complete and 0 interrupted iterations
normal_day   [   8% ] 053/200 VUs  00m47.8s/10m00.0s

running (00m48.8s), 054/200 VUs, 119 complete and 0 interrupted iterations
normal_day   [   8% ] 054/200 VUs  00m48.8s/10m00.0s

running (00m49.8s), 055/200 VUs, 121 complete and 0 interrupted iterations
normal_day   [   8% ] 055/200 VUs  00m49.8s/10m00.0s

running (00m50.8s), 056/200 VUs, 129 complete and 0 interrupted iterations
normal_day   [   8% ] 056/200 VUs  00m50.8s/10m00.0s

running (00m51.8s), 057/200 VUs, 137 complete and 0 interrupted iterations
normal_day   [   9% ] 057/200 VUs  00m51.8s/10m00.0s

running (00m52.8s), 058/200 VUs, 139 complete and 0 interrupted iterations
normal_day   [   9% ] 058/200 VUs  00m52.8s/10m00.0s

running (00m53.8s), 059/200 VUs, 145 complete and 0 interrupted iterations
normal_day   [   9% ] 059/200 VUs  00m53.8s/10m00.0s

running (00m54.8s), 060/200 VUs, 150 complete and 0 interrupted iterations
normal_day   [   9% ] 060/200 VUs  00m54.8s/10m00.0s

running (00m55.8s), 062/200 VUs, 156 complete and 0 interrupted iterations
normal_day   [   9% ] 062/200 VUs  00m55.8s/10m00.0s

running (00m56.8s), 063/200 VUs, 161 complete and 0 interrupted iterations
normal_day   [   9% ] 063/200 VUs  00m56.8s/10m00.0s

running (00m57.8s), 064/200 VUs, 166 complete and 0 interrupted iterations
normal_day   [  10% ] 064/200 VUs  00m57.8s/10m00.0s

running (00m58.8s), 065/200 VUs, 178 complete and 0 interrupted iterations
normal_day   [  10% ] 065/200 VUs  00m58.8s/10m00.0s

running (00m59.8s), 066/200 VUs, 185 complete and 0 interrupted iterations
normal_day   [  10% ] 066/200 VUs  00m59.8s/10m00.0s

running (01m00.8s), 067/200 VUs, 191 complete and 0 interrupted iterations
normal_day   [  10% ] 067/200 VUs  01m00.8s/10m00.0s

running (01m01.8s), 068/200 VUs, 196 complete and 0 interrupted iterations
normal_day   [  10% ] 068/200 VUs  01m01.8s/10m00.0s

running (01m02.8s), 069/200 VUs, 205 complete and 0 interrupted iterations
normal_day   [  10% ] 069/200 VUs  01m02.8s/10m00.0s

running (01m03.8s), 070/200 VUs, 210 complete and 0 interrupted iterations
normal_day   [  11% ] 070/200 VUs  01m03.8s/10m00.0s

running (01m04.8s), 072/200 VUs, 219 complete and 0 interrupted iterations
normal_day   [  11% ] 072/200 VUs  01m04.8s/10m00.0s

running (01m05.8s), 073/200 VUs, 222 complete and 0 interrupted iterations
normal_day   [  11% ] 073/200 VUs  01m05.8s/10m00.0s

running (01m06.8s), 074/200 VUs, 226 complete and 0 interrupted iterations
normal_day   [  11% ] 074/200 VUs  01m06.8s/10m00.0s

running (01m07.8s), 075/200 VUs, 231 complete and 0 interrupted iterations
normal_day   [  11% ] 075/200 VUs  01m07.8s/10m00.0s

running (01m08.8s), 076/200 VUs, 237 complete and 0 interrupted iterations
normal_day   [  11% ] 076/200 VUs  01m08.8s/10m00.0s

running (01m09.8s), 077/200 VUs, 245 complete and 0 interrupted iterations
normal_day   [  12% ] 077/200 VUs  01m09.8s/10m00.0s

running (01m10.8s), 078/200 VUs, 250 complete and 0 interrupted iterations
normal_day   [  12% ] 078/200 VUs  01m10.8s/10m00.0s

running (01m11.8s), 079/200 VUs, 255 complete and 0 interrupted iterations
normal_day   [  12% ] 079/200 VUs  01m11.8s/10m00.0s

running (01m12.8s), 080/200 VUs, 262 complete and 0 interrupted iterations
normal_day   [  12% ] 080/200 VUs  01m12.8s/10m00.0s

running (01m13.8s), 082/200 VUs, 265 complete and 0 interrupted iterations
normal_day   [  12% ] 082/200 VUs  01m13.8s/10m00.0s

running (01m14.8s), 083/200 VUs, 271 complete and 0 interrupted iterations
normal_day   [  12% ] 083/200 VUs  01m14.8s/10m00.0s

running (01m15.8s), 084/200 VUs, 277 complete and 0 interrupted iterations
normal_day   [  13% ] 084/200 VUs  01m15.8s/10m00.0s

running (01m16.8s), 085/200 VUs, 279 complete and 0 interrupted iterations
normal_day   [  13% ] 085/200 VUs  01m16.8s/10m00.0s

running (01m17.8s), 086/200 VUs, 282 complete and 0 interrupted iterations
normal_day   [  13% ] 086/200 VUs  01m17.8s/10m00.0s

running (01m18.8s), 087/200 VUs, 284 complete and 0 interrupted iterations
normal_day   [  13% ] 087/200 VUs  01m18.8s/10m00.0s

running (01m19.8s), 088/200 VUs, 289 complete and 0 interrupted iterations
normal_day   [  13% ] 088/200 VUs  01m19.8s/10m00.0s

running (01m20.8s), 089/200 VUs, 289 complete and 0 interrupted iterations
normal_day   [  13% ] 089/200 VUs  01m20.8s/10m00.0s

running (01m21.8s), 090/200 VUs, 294 complete and 0 interrupted iterations
normal_day   [  14% ] 090/200 VUs  01m21.8s/10m00.0s

running (01m22.8s), 092/200 VUs, 299 complete and 0 interrupted iterations
normal_day   [  14% ] 092/200 VUs  01m22.8s/10m00.0s

running (01m23.8s), 093/200 VUs, 307 complete and 0 interrupted iterations
normal_day   [  14% ] 093/200 VUs  01m23.8s/10m00.0s

running (01m24.8s), 094/200 VUs, 309 complete and 0 interrupted iterations
normal_day   [  14% ] 094/200 VUs  01m24.8s/10m00.0s

running (01m25.8s), 095/200 VUs, 311 complete and 0 interrupted iterations
normal_day   [  14% ] 095/200 VUs  01m25.8s/10m00.0s

running (01m26.8s), 096/200 VUs, 315 complete and 0 interrupted iterations
normal_day   [  14% ] 096/200 VUs  01m26.8s/10m00.0s

running (01m27.8s), 097/200 VUs, 318 complete and 0 interrupted iterations
normal_day   [  15% ] 097/200 VUs  01m27.8s/10m00.0s

running (01m28.8s), 098/200 VUs, 324 complete and 0 interrupted iterations
normal_day   [  15% ] 098/200 VUs  01m28.8s/10m00.0s

running (01m29.8s), 099/200 VUs, 331 complete and 0 interrupted iterations
normal_day   [  15% ] 099/200 VUs  01m29.8s/10m00.0s

running (01m30.8s), 100/200 VUs, 334 complete and 0 interrupted iterations
normal_day   [  15% ] 100/200 VUs  01m30.8s/10m00.0s

running (01m31.8s), 102/200 VUs, 341 complete and 0 interrupted iterations
normal_day   [  15% ] 102/200 VUs  01m31.8s/10m00.0s

running (01m32.8s), 103/200 VUs, 341 complete and 0 interrupted iterations
normal_day   [  15% ] 103/200 VUs  01m32.8s/10m00.0s

running (01m33.8s), 104/200 VUs, 346 complete and 0 interrupted iterations
normal_day   [  16% ] 104/200 VUs  01m33.8s/10m00.0s

running (01m34.8s), 105/200 VUs, 349 complete and 0 interrupted iterations
normal_day   [  16% ] 105/200 VUs  01m34.8s/10m00.0s

running (01m35.8s), 106/200 VUs, 352 complete and 0 interrupted iterations
normal_day   [  16% ] 106/200 VUs  01m35.8s/10m00.0s

running (01m36.8s), 107/200 VUs, 354 complete and 0 interrupted iterations
normal_day   [  16% ] 107/200 VUs  01m36.8s/10m00.0s

running (01m37.8s), 108/200 VUs, 361 complete and 0 interrupted iterations
normal_day   [  16% ] 108/200 VUs  01m37.8s/10m00.0s

running (01m38.8s), 109/200 VUs, 364 complete and 0 interrupted iterations
normal_day   [  16% ] 109/200 VUs  01m38.8s/10m00.0s

running (01m39.8s), 110/200 VUs, 366 complete and 0 interrupted iterations
normal_day   [  17% ] 110/200 VUs  01m39.8s/10m00.0s

running (01m40.8s), 112/200 VUs, 377 complete and 0 interrupted iterations
normal_day   [  17% ] 112/200 VUs  01m40.8s/10m00.0s

running (01m41.8s), 113/200 VUs, 379 complete and 0 interrupted iterations
normal_day   [  17% ] 113/200 VUs  01m41.8s/10m00.0s

running (01m42.8s), 114/200 VUs, 384 complete and 0 interrupted iterations
normal_day   [  17% ] 114/200 VUs  01m42.8s/10m00.0s

running (01m43.8s), 115/200 VUs, 391 complete and 0 interrupted iterations
normal_day   [  17% ] 115/200 VUs  01m43.8s/10m00.0s

running (01m44.8s), 116/200 VUs, 396 complete and 0 interrupted iterations
normal_day   [  17% ] 116/200 VUs  01m44.8s/10m00.0s

running (01m45.8s), 117/200 VUs, 397 complete and 0 interrupted iterations
normal_day   [  18% ] 117/200 VUs  01m45.8s/10m00.0s

running (01m46.8s), 118/200 VUs, 409 complete and 0 interrupted iterations
normal_day   [  18% ] 118/200 VUs  01m46.8s/10m00.0s

running (01m47.8s), 119/200 VUs, 418 complete and 0 interrupted iterations
normal_day   [  18% ] 119/200 VUs  01m47.8s/10m00.0s

running (01m48.8s), 120/200 VUs, 424 complete and 0 interrupted iterations
normal_day   [  18% ] 120/200 VUs  01m48.8s/10m00.0s

running (01m49.8s), 122/200 VUs, 433 complete and 0 interrupted iterations
normal_day   [  18% ] 122/200 VUs  01m49.8s/10m00.0s

running (01m50.8s), 123/200 VUs, 440 complete and 0 interrupted iterations
normal_day   [  18% ] 123/200 VUs  01m50.8s/10m00.0s

running (01m51.8s), 124/200 VUs, 448 complete and 0 interrupted iterations
normal_day   [  19% ] 124/200 VUs  01m51.8s/10m00.0s

running (01m52.8s), 125/200 VUs, 456 complete and 0 interrupted iterations
normal_day   [  19% ] 125/200 VUs  01m52.8s/10m00.0s

running (01m53.8s), 126/200 VUs, 460 complete and 0 interrupted iterations
normal_day   [  19% ] 126/200 VUs  01m53.8s/10m00.0s

running (01m54.8s), 127/200 VUs, 463 complete and 0 interrupted iterations
normal_day   [  19% ] 127/200 VUs  01m54.8s/10m00.0s

running (01m55.8s), 128/200 VUs, 470 complete and 0 interrupted iterations
normal_day   [  19% ] 128/200 VUs  01m55.8s/10m00.0s

running (01m56.8s), 129/200 VUs, 473 complete and 0 interrupted iterations
normal_day   [  19% ] 129/200 VUs  01m56.8s/10m00.0s

running (01m57.8s), 130/200 VUs, 477 complete and 0 interrupted iterations
normal_day   [  20% ] 130/200 VUs  01m57.8s/10m00.0s

running (01m58.8s), 132/200 VUs, 479 complete and 0 interrupted iterations
normal_day   [  20% ] 132/200 VUs  01m58.8s/10m00.0s

running (01m59.8s), 133/200 VUs, 483 complete and 0 interrupted iterations
normal_day   [  20% ] 133/200 VUs  01m59.8s/10m00.0s

running (02m00.8s), 134/200 VUs, 488 complete and 0 interrupted iterations
normal_day   [  20% ] 134/200 VUs  02m00.8s/10m00.0s

running (02m01.8s), 135/200 VUs, 493 complete and 0 interrupted iterations
normal_day   [  20% ] 135/200 VUs  02m01.8s/10m00.0s

running (02m02.8s), 136/200 VUs, 497 complete and 0 interrupted iterations
normal_day   [  20% ] 136/200 VUs  02m02.8s/10m00.0s

running (02m03.8s), 137/200 VUs, 499 complete and 0 interrupted iterations
normal_day   [  21% ] 137/200 VUs  02m03.8s/10m00.0s

running (02m04.8s), 138/200 VUs, 503 complete and 0 interrupted iterations
normal_day   [  21% ] 138/200 VUs  02m04.8s/10m00.0s

running (02m05.8s), 139/200 VUs, 508 complete and 0 interrupted iterations
normal_day   [  21% ] 139/200 VUs  02m05.8s/10m00.0s

running (02m06.8s), 140/200 VUs, 511 complete and 0 interrupted iterations
normal_day   [  21% ] 140/200 VUs  02m06.8s/10m00.0s

running (02m07.8s), 142/200 VUs, 516 complete and 0 interrupted iterations
normal_day   [  21% ] 142/200 VUs  02m07.8s/10m00.0s

running (02m08.8s), 143/200 VUs, 521 complete and 0 interrupted iterations
normal_day   [  21% ] 143/200 VUs  02m08.8s/10m00.0s

running (02m09.8s), 144/200 VUs, 523 complete and 0 interrupted iterations
normal_day   [  22% ] 144/200 VUs  02m09.8s/10m00.0s

running (02m10.8s), 145/200 VUs, 532 complete and 0 interrupted iterations
normal_day   [  22% ] 145/200 VUs  02m10.8s/10m00.0s

running (02m11.8s), 146/200 VUs, 535 complete and 0 interrupted iterations
normal_day   [  22% ] 146/200 VUs  02m11.8s/10m00.0s

running (02m12.8s), 147/200 VUs, 543 complete and 0 interrupted iterations
normal_day   [  22% ] 147/200 VUs  02m12.8s/10m00.0s

running (02m13.8s), 148/200 VUs, 546 complete and 0 interrupted iterations
normal_day   [  22% ] 148/200 VUs  02m13.8s/10m00.0s

running (02m14.8s), 149/200 VUs, 548 complete and 0 interrupted iterations
normal_day   [  22% ] 149/200 VUs  02m14.8s/10m00.0s

running (02m15.8s), 150/200 VUs, 550 complete and 0 interrupted iterations
normal_day   [  23% ] 150/200 VUs  02m15.8s/10m00.0s

running (02m16.8s), 152/200 VUs, 552 complete and 0 interrupted iterations
normal_day   [  23% ] 152/200 VUs  02m16.8s/10m00.0s

running (02m17.8s), 153/200 VUs, 553 complete and 0 interrupted iterations
normal_day   [  23% ] 153/200 VUs  02m17.8s/10m00.0s

running (02m18.8s), 154/200 VUs, 559 complete and 0 interrupted iterations
normal_day   [  23% ] 154/200 VUs  02m18.8s/10m00.0s

running (02m19.8s), 155/200 VUs, 566 complete and 0 interrupted iterations
normal_day   [  23% ] 155/200 VUs  02m19.8s/10m00.0s

running (02m20.8s), 156/200 VUs, 572 complete and 0 interrupted iterations
normal_day   [  23% ] 156/200 VUs  02m20.8s/10m00.0s

running (02m21.8s), 157/200 VUs, 584 complete and 0 interrupted iterations
normal_day   [  24% ] 157/200 VUs  02m21.8s/10m00.0s

running (02m22.8s), 158/200 VUs, 591 complete and 0 interrupted iterations
normal_day   [  24% ] 158/200 VUs  02m22.8s/10m00.0s

running (02m23.8s), 159/200 VUs, 596 complete and 0 interrupted iterations
normal_day   [  24% ] 159/200 VUs  02m23.8s/10m00.0s

running (02m24.8s), 160/200 VUs, 603 complete and 0 interrupted iterations
normal_day   [  24% ] 160/200 VUs  02m24.8s/10m00.0s

running (02m25.8s), 162/200 VUs, 613 complete and 0 interrupted iterations
normal_day   [  24% ] 162/200 VUs  02m25.8s/10m00.0s

running (02m26.8s), 163/200 VUs, 618 complete and 0 interrupted iterations
normal_day   [  24% ] 163/200 VUs  02m26.8s/10m00.0s

running (02m27.8s), 164/200 VUs, 632 complete and 0 interrupted iterations
normal_day   [  25% ] 164/200 VUs  02m27.8s/10m00.0s

running (02m28.8s), 165/200 VUs, 639 complete and 0 interrupted iterations
normal_day   [  25% ] 165/200 VUs  02m28.8s/10m00.0s

running (02m29.8s), 166/200 VUs, 650 complete and 0 interrupted iterations
normal_day   [  25% ] 166/200 VUs  02m29.8s/10m00.0s

running (02m30.8s), 167/200 VUs, 655 complete and 0 interrupted iterations
normal_day   [  25% ] 167/200 VUs  02m30.8s/10m00.0s

running (02m31.8s), 168/200 VUs, 667 complete and 0 interrupted iterations
normal_day   [  25% ] 168/200 VUs  02m31.8s/10m00.0s

running (02m32.8s), 169/200 VUs, 672 complete and 0 interrupted iterations
normal_day   [  25% ] 169/200 VUs  02m32.8s/10m00.0s

running (02m33.8s), 170/200 VUs, 679 complete and 0 interrupted iterations
normal_day   [  26% ] 170/200 VUs  02m33.8s/10m00.0s

running (02m34.8s), 172/200 VUs, 686 complete and 0 interrupted iterations
normal_day   [  26% ] 172/200 VUs  02m34.8s/10m00.0s

running (02m35.8s), 173/200 VUs, 693 complete and 0 interrupted iterations
normal_day   [  26% ] 173/200 VUs  02m35.8s/10m00.0s

running (02m36.8s), 174/200 VUs, 702 complete and 0 interrupted iterations
normal_day   [  26% ] 174/200 VUs  02m36.8s/10m00.0s

running (02m37.8s), 175/200 VUs, 708 complete and 0 interrupted iterations
normal_day   [  26% ] 175/200 VUs  02m37.8s/10m00.0s

running (02m38.8s), 176/200 VUs, 716 complete and 0 interrupted iterations
normal_day   [  26% ] 176/200 VUs  02m38.8s/10m00.0s

running (02m39.8s), 177/200 VUs, 724 complete and 0 interrupted iterations
normal_day   [  27% ] 177/200 VUs  02m39.8s/10m00.0s

running (02m40.8s), 178/200 VUs, 729 complete and 0 interrupted iterations
normal_day   [  27% ] 178/200 VUs  02m40.8s/10m00.0s

running (02m41.8s), 179/200 VUs, 732 complete and 0 interrupted iterations
normal_day   [  27% ] 179/200 VUs  02m41.8s/10m00.0s

running (02m42.8s), 180/200 VUs, 737 complete and 0 interrupted iterations
normal_day   [  27% ] 180/200 VUs  02m42.8s/10m00.0s

running (02m43.8s), 182/200 VUs, 742 complete and 0 interrupted iterations
normal_day   [  27% ] 182/200 VUs  02m43.8s/10m00.0s

running (02m44.8s), 183/200 VUs, 748 complete and 0 interrupted iterations
normal_day   [  27% ] 183/200 VUs  02m44.8s/10m00.0s

running (02m45.8s), 184/200 VUs, 753 complete and 0 interrupted iterations
normal_day   [  28% ] 184/200 VUs  02m45.8s/10m00.0s

running (02m46.8s), 185/200 VUs, 756 complete and 0 interrupted iterations
normal_day   [  28% ] 185/200 VUs  02m46.8s/10m00.0s

running (02m47.8s), 186/200 VUs, 765 complete and 0 interrupted iterations
normal_day   [  28% ] 186/200 VUs  02m47.8s/10m00.0s

running (02m48.8s), 187/200 VUs, 777 complete and 0 interrupted iterations
normal_day   [  28% ] 187/200 VUs  02m48.8s/10m00.0s

running (02m49.8s), 188/200 VUs, 783 complete and 0 interrupted iterations
normal_day   [  28% ] 188/200 VUs  02m49.8s/10m00.0s

running (02m50.8s), 189/200 VUs, 785 complete and 0 interrupted iterations
normal_day   [  28% ] 189/200 VUs  02m50.8s/10m00.0s

running (02m51.8s), 190/200 VUs, 788 complete and 0 interrupted iterations
normal_day   [  29% ] 190/200 VUs  02m51.8s/10m00.0s

running (02m52.8s), 192/200 VUs, 804 complete and 0 interrupted iterations
normal_day   [  29% ] 192/200 VUs  02m52.8s/10m00.0s

running (02m53.8s), 193/200 VUs, 812 complete and 0 interrupted iterations
normal_day   [  29% ] 193/200 VUs  02m53.8s/10m00.0s

running (02m54.8s), 194/200 VUs, 824 complete and 0 interrupted iterations
normal_day   [  29% ] 194/200 VUs  02m54.8s/10m00.0s

running (02m55.8s), 195/200 VUs, 829 complete and 0 interrupted iterations
normal_day   [  29% ] 195/200 VUs  02m55.8s/10m00.0s

running (02m56.8s), 196/200 VUs, 837 complete and 0 interrupted iterations
normal_day   [  29% ] 196/200 VUs  02m56.8s/10m00.0s

running (02m57.8s), 197/200 VUs, 847 complete and 0 interrupted iterations
normal_day   [  30% ] 197/200 VUs  02m57.8s/10m00.0s

running (02m58.8s), 198/200 VUs, 850 complete and 0 interrupted iterations
normal_day   [  30% ] 198/200 VUs  02m58.8s/10m00.0s

running (02m59.8s), 199/200 VUs, 857 complete and 0 interrupted iterations
normal_day   [  30% ] 199/200 VUs  02m59.8s/10m00.0s

running (03m00.8s), 200/200 VUs, 863 complete and 0 interrupted iterations
normal_day   [  30% ] 200/200 VUs  03m00.8s/10m00.0s

running (03m01.8s), 200/200 VUs, 869 complete and 0 interrupted iterations
normal_day   [  30% ] 200/200 VUs  03m01.8s/10m00.0s

running (03m02.8s), 200/200 VUs, 873 complete and 0 interrupted iterations
normal_day   [  30% ] 200/200 VUs  03m02.8s/10m00.0s

running (03m03.8s), 200/200 VUs, 877 complete and 0 interrupted iterations
normal_day   [  31% ] 200/200 VUs  03m03.8s/10m00.0s

running (03m04.8s), 200/200 VUs, 884 complete and 0 interrupted iterations
normal_day   [  31% ] 200/200 VUs  03m04.8s/10m00.0s

running (03m05.8s), 200/200 VUs, 899 complete and 0 interrupted iterations
normal_day   [  31% ] 200/200 VUs  03m05.8s/10m00.0s

running (03m06.8s), 200/200 VUs, 912 complete and 0 interrupted iterations
normal_day   [  31% ] 200/200 VUs  03m06.8s/10m00.0s

running (03m07.8s), 200/200 VUs, 919 complete and 0 interrupted iterations
normal_day   [  31% ] 200/200 VUs  03m07.8s/10m00.0s

running (03m08.8s), 200/200 VUs, 931 complete and 0 interrupted iterations
normal_day   [  31% ] 200/200 VUs  03m08.8s/10m00.0s

running (03m09.8s), 200/200 VUs, 940 complete and 0 interrupted iterations
normal_day   [  32% ] 200/200 VUs  03m09.8s/10m00.0s

running (03m10.8s), 200/200 VUs, 948 complete and 0 interrupted iterations
normal_day   [  32% ] 200/200 VUs  03m10.8s/10m00.0s

running (03m11.8s), 200/200 VUs, 955 complete and 0 interrupted iterations
normal_day   [  32% ] 200/200 VUs  03m11.8s/10m00.0s

running (03m12.8s), 200/200 VUs, 959 complete and 0 interrupted iterations
normal_day   [  32% ] 200/200 VUs  03m12.8s/10m00.0s

running (03m13.8s), 200/200 VUs, 963 complete and 0 interrupted iterations
normal_day   [  32% ] 200/200 VUs  03m13.8s/10m00.0s

running (03m14.8s), 200/200 VUs, 967 complete and 0 interrupted iterations
normal_day   [  32% ] 200/200 VUs  03m14.8s/10m00.0s

running (03m15.8s), 200/200 VUs, 972 complete and 0 interrupted iterations
normal_day   [  33% ] 200/200 VUs  03m15.8s/10m00.0s

running (03m16.8s), 200/200 VUs, 978 complete and 0 interrupted iterations
normal_day   [  33% ] 200/200 VUs  03m16.8s/10m00.0s

running (03m17.8s), 200/200 VUs, 987 complete and 0 interrupted iterations
normal_day   [  33% ] 200/200 VUs  03m17.8s/10m00.0s

running (03m18.8s), 200/200 VUs, 994 complete and 0 interrupted iterations
normal_day   [  33% ] 200/200 VUs  03m18.8s/10m00.0s

running (03m19.8s), 200/200 VUs, 998 complete and 0 interrupted iterations
normal_day   [  33% ] 200/200 VUs  03m19.8s/10m00.0s

running (03m20.8s), 200/200 VUs, 1000 complete and 0 interrupted iterations
normal_day   [  33% ] 200/200 VUs  03m20.8s/10m00.0s

running (03m21.8s), 200/200 VUs, 1006 complete and 0 interrupted iterations
normal_day   [  34% ] 200/200 VUs  03m21.8s/10m00.0s

running (03m22.8s), 200/200 VUs, 1011 complete and 0 interrupted iterations
normal_day   [  34% ] 200/200 VUs  03m22.8s/10m00.0s

running (03m23.8s), 200/200 VUs, 1020 complete and 0 interrupted iterations
normal_day   [  34% ] 200/200 VUs  03m23.8s/10m00.0s

running (03m24.8s), 200/200 VUs, 1027 complete and 0 interrupted iterations
normal_day   [  34% ] 200/200 VUs  03m24.8s/10m00.0s

running (03m25.8s), 200/200 VUs, 1034 complete and 0 interrupted iterations
normal_day   [  34% ] 200/200 VUs  03m25.8s/10m00.0s

running (03m26.8s), 200/200 VUs, 1041 complete and 0 interrupted iterations
normal_day   [  34% ] 200/200 VUs  03m26.8s/10m00.0s

running (03m27.8s), 200/200 VUs, 1045 complete and 0 interrupted iterations
normal_day   [  35% ] 200/200 VUs  03m27.8s/10m00.0s

running (03m28.8s), 200/200 VUs, 1055 complete and 0 interrupted iterations
normal_day   [  35% ] 200/200 VUs  03m28.8s/10m00.0s

running (03m29.8s), 200/200 VUs, 1060 complete and 0 interrupted iterations
normal_day   [  35% ] 200/200 VUs  03m29.8s/10m00.0s

running (03m30.8s), 200/200 VUs, 1064 complete and 0 interrupted iterations
normal_day   [  35% ] 200/200 VUs  03m30.8s/10m00.0s

running (03m31.8s), 200/200 VUs, 1069 complete and 0 interrupted iterations
normal_day   [  35% ] 200/200 VUs  03m31.8s/10m00.0s

running (03m32.8s), 200/200 VUs, 1072 complete and 0 interrupted iterations
normal_day   [  35% ] 200/200 VUs  03m32.8s/10m00.0s

running (03m33.8s), 200/200 VUs, 1074 complete and 0 interrupted iterations
normal_day   [  36% ] 200/200 VUs  03m33.8s/10m00.0s

running (03m34.8s), 200/200 VUs, 1076 complete and 0 interrupted iterations
normal_day   [  36% ] 200/200 VUs  03m34.8s/10m00.0s

running (03m35.8s), 200/200 VUs, 1078 complete and 0 interrupted iterations
normal_day   [  36% ] 200/200 VUs  03m35.8s/10m00.0s

running (03m36.8s), 200/200 VUs, 1082 complete and 0 interrupted iterations
normal_day   [  36% ] 200/200 VUs  03m36.8s/10m00.0s

running (03m37.8s), 200/200 VUs, 1087 complete and 0 interrupted iterations
normal_day   [  36% ] 200/200 VUs  03m37.8s/10m00.0s

running (03m38.8s), 200/200 VUs, 1090 complete and 0 interrupted iterations
normal_day   [  36% ] 200/200 VUs  03m38.8s/10m00.0s

running (03m39.8s), 200/200 VUs, 1093 complete and 0 interrupted iterations
normal_day   [  37% ] 200/200 VUs  03m39.8s/10m00.0s

running (03m40.8s), 200/200 VUs, 1098 complete and 0 interrupted iterations
normal_day   [  37% ] 200/200 VUs  03m40.8s/10m00.0s

running (03m41.8s), 200/200 VUs, 1102 complete and 0 interrupted iterations
normal_day   [  37% ] 200/200 VUs  03m41.8s/10m00.0s

running (03m42.8s), 200/200 VUs, 1106 complete and 0 interrupted iterations
normal_day   [  37% ] 200/200 VUs  03m42.8s/10m00.0s

running (03m43.8s), 200/200 VUs, 1115 complete and 0 interrupted iterations
normal_day   [  37% ] 200/200 VUs  03m43.8s/10m00.0s

running (03m44.8s), 200/200 VUs, 1117 complete and 0 interrupted iterations
normal_day   [  37% ] 200/200 VUs  03m44.8s/10m00.0s

running (03m45.8s), 200/200 VUs, 1123 complete and 0 interrupted iterations
normal_day   [  38% ] 200/200 VUs  03m45.8s/10m00.0s

running (03m46.8s), 200/200 VUs, 1128 complete and 0 interrupted iterations
normal_day   [  38% ] 200/200 VUs  03m46.8s/10m00.0s

running (03m47.8s), 200/200 VUs, 1134 complete and 0 interrupted iterations
normal_day   [  38% ] 200/200 VUs  03m47.8s/10m00.0s

running (03m48.8s), 200/200 VUs, 1142 complete and 0 interrupted iterations
normal_day   [  38% ] 200/200 VUs  03m48.8s/10m00.0s

running (03m49.8s), 200/200 VUs, 1149 complete and 0 interrupted iterations
normal_day   [  38% ] 200/200 VUs  03m49.8s/10m00.0s

running (03m50.8s), 200/200 VUs, 1154 complete and 0 interrupted iterations
normal_day   [  38% ] 200/200 VUs  03m50.8s/10m00.0s

running (03m51.8s), 200/200 VUs, 1157 complete and 0 interrupted iterations
normal_day   [  39% ] 200/200 VUs  03m51.8s/10m00.0s

running (03m52.8s), 200/200 VUs, 1159 complete and 0 interrupted iterations
normal_day   [  39% ] 200/200 VUs  03m52.8s/10m00.0s

running (03m53.8s), 200/200 VUs, 1162 complete and 0 interrupted iterations
normal_day   [  39% ] 200/200 VUs  03m53.8s/10m00.0s

running (03m54.8s), 200/200 VUs, 1164 complete and 0 interrupted iterations
normal_day   [  39% ] 200/200 VUs  03m54.8s/10m00.0s

running (03m55.8s), 200/200 VUs, 1170 complete and 0 interrupted iterations
normal_day   [  39% ] 200/200 VUs  03m55.8s/10m00.0s

running (03m56.8s), 200/200 VUs, 1171 complete and 0 interrupted iterations
normal_day   [  39% ] 200/200 VUs  03m56.8s/10m00.0s

running (03m57.8s), 200/200 VUs, 1175 complete and 0 interrupted iterations
normal_day   [  40% ] 200/200 VUs  03m57.8s/10m00.0s

running (03m58.8s), 200/200 VUs, 1178 complete and 0 interrupted iterations
normal_day   [  40% ] 200/200 VUs  03m58.8s/10m00.0s

running (03m59.8s), 200/200 VUs, 1185 complete and 0 interrupted iterations
normal_day   [  40% ] 200/200 VUs  03m59.8s/10m00.0s

running (04m00.8s), 200/200 VUs, 1194 complete and 0 interrupted iterations
normal_day   [  40% ] 200/200 VUs  04m00.8s/10m00.0s

running (04m01.8s), 200/200 VUs, 1202 complete and 0 interrupted iterations
normal_day   [  40% ] 200/200 VUs  04m01.8s/10m00.0s

running (04m02.8s), 200/200 VUs, 1206 complete and 0 interrupted iterations
normal_day   [  40% ] 200/200 VUs  04m02.8s/10m00.0s

running (04m03.8s), 200/200 VUs, 1209 complete and 0 interrupted iterations
normal_day   [  41% ] 200/200 VUs  04m03.8s/10m00.0s

running (04m04.8s), 200/200 VUs, 1211 complete and 0 interrupted iterations
normal_day   [  41% ] 200/200 VUs  04m04.8s/10m00.0s

running (04m05.8s), 200/200 VUs, 1216 complete and 0 interrupted iterations
normal_day   [  41% ] 200/200 VUs  04m05.8s/10m00.0s

running (04m06.8s), 200/200 VUs, 1223 complete and 0 interrupted iterations
normal_day   [  41% ] 200/200 VUs  04m06.8s/10m00.0s

running (04m07.8s), 200/200 VUs, 1234 complete and 0 interrupted iterations
normal_day   [  41% ] 200/200 VUs  04m07.8s/10m00.0s

running (04m08.8s), 200/200 VUs, 1245 complete and 0 interrupted iterations
normal_day   [  41% ] 200/200 VUs  04m08.8s/10m00.0s

running (04m09.8s), 200/200 VUs, 1250 complete and 0 interrupted iterations
normal_day   [  42% ] 200/200 VUs  04m09.8s/10m00.0s

running (04m10.8s), 200/200 VUs, 1255 complete and 0 interrupted iterations
normal_day   [  42% ] 200/200 VUs  04m10.8s/10m00.0s

running (04m11.8s), 200/200 VUs, 1260 complete and 0 interrupted iterations
normal_day   [  42% ] 200/200 VUs  04m11.8s/10m00.0s

running (04m12.8s), 200/200 VUs, 1262 complete and 0 interrupted iterations
normal_day   [  42% ] 200/200 VUs  04m12.8s/10m00.0s

running (04m13.8s), 200/200 VUs, 1267 complete and 0 interrupted iterations
normal_day   [  42% ] 200/200 VUs  04m13.8s/10m00.0s

running (04m14.8s), 200/200 VUs, 1274 complete and 0 interrupted iterations
normal_day   [  42% ] 200/200 VUs  04m14.8s/10m00.0s

running (04m15.8s), 200/200 VUs, 1276 complete and 0 interrupted iterations
normal_day   [  43% ] 200/200 VUs  04m15.8s/10m00.0s

running (04m16.8s), 200/200 VUs, 1278 complete and 0 interrupted iterations
normal_day   [  43% ] 200/200 VUs  04m16.8s/10m00.0s

running (04m17.8s), 200/200 VUs, 1282 complete and 0 interrupted iterations
normal_day   [  43% ] 200/200 VUs  04m17.8s/10m00.0s

running (04m18.8s), 200/200 VUs, 1288 complete and 0 interrupted iterations
normal_day   [  43% ] 200/200 VUs  04m18.8s/10m00.0s

running (04m19.8s), 200/200 VUs, 1302 complete and 0 interrupted iterations
normal_day   [  43% ] 200/200 VUs  04m19.8s/10m00.0s

running (04m20.8s), 200/200 VUs, 1319 complete and 0 interrupted iterations
normal_day   [  43% ] 200/200 VUs  04m20.8s/10m00.0s

running (04m21.8s), 200/200 VUs, 1325 complete and 0 interrupted iterations
normal_day   [  44% ] 200/200 VUs  04m21.8s/10m00.0s

running (04m22.8s), 200/200 VUs, 1329 complete and 0 interrupted iterations
normal_day   [  44% ] 200/200 VUs  04m22.8s/10m00.0s

running (04m23.8s), 200/200 VUs, 1333 complete and 0 interrupted iterations
normal_day   [  44% ] 200/200 VUs  04m23.8s/10m00.0s

running (04m24.8s), 200/200 VUs, 1335 complete and 0 interrupted iterations
normal_day   [  44% ] 200/200 VUs  04m24.8s/10m00.0s

running (04m25.8s), 200/200 VUs, 1337 complete and 0 interrupted iterations
normal_day   [  44% ] 200/200 VUs  04m25.8s/10m00.0s

running (04m26.8s), 200/200 VUs, 1340 complete and 0 interrupted iterations
normal_day   [  44% ] 200/200 VUs  04m26.8s/10m00.0s

running (04m27.8s), 200/200 VUs, 1342 complete and 0 interrupted iterations
normal_day   [  45% ] 200/200 VUs  04m27.8s/10m00.0s

running (04m28.8s), 200/200 VUs, 1346 complete and 0 interrupted iterations
normal_day   [  45% ] 200/200 VUs  04m28.8s/10m00.0s

running (04m29.8s), 200/200 VUs, 1354 complete and 0 interrupted iterations
normal_day   [  45% ] 200/200 VUs  04m29.8s/10m00.0s

running (04m30.8s), 200/200 VUs, 1366 complete and 0 interrupted iterations
normal_day   [  45% ] 200/200 VUs  04m30.8s/10m00.0s

running (04m31.8s), 200/200 VUs, 1378 complete and 0 interrupted iterations
normal_day   [  45% ] 200/200 VUs  04m31.8s/10m00.0s

running (04m32.8s), 200/200 VUs, 1390 complete and 0 interrupted iterations
normal_day   [  45% ] 200/200 VUs  04m32.8s/10m00.0s

running (04m33.8s), 200/200 VUs, 1398 complete and 0 interrupted iterations
normal_day   [  46% ] 200/200 VUs  04m33.8s/10m00.0s

running (04m34.8s), 200/200 VUs, 1403 complete and 0 interrupted iterations
normal_day   [  46% ] 200/200 VUs  04m34.8s/10m00.0s

running (04m35.8s), 200/200 VUs, 1410 complete and 0 interrupted iterations
normal_day   [  46% ] 200/200 VUs  04m35.8s/10m00.0s

running (04m36.8s), 200/200 VUs, 1412 complete and 0 interrupted iterations
normal_day   [  46% ] 200/200 VUs  04m36.8s/10m00.0s

running (04m37.8s), 200/200 VUs, 1417 complete and 0 interrupted iterations
normal_day   [  46% ] 200/200 VUs  04m37.8s/10m00.0s

running (04m38.8s), 200/200 VUs, 1419 complete and 0 interrupted iterations
normal_day   [  46% ] 200/200 VUs  04m38.8s/10m00.0s

running (04m39.8s), 200/200 VUs, 1419 complete and 0 interrupted iterations
normal_day   [  47% ] 200/200 VUs  04m39.8s/10m00.0s

running (04m40.8s), 200/200 VUs, 1421 complete and 0 interrupted iterations
normal_day   [  47% ] 200/200 VUs  04m40.8s/10m00.0s

running (04m41.8s), 200/200 VUs, 1424 complete and 0 interrupted iterations
normal_day   [  47% ] 200/200 VUs  04m41.8s/10m00.0s

running (04m42.8s), 200/200 VUs, 1430 complete and 0 interrupted iterations
normal_day   [  47% ] 200/200 VUs  04m42.8s/10m00.0s

running (04m43.8s), 200/200 VUs, 1434 complete and 0 interrupted iterations
normal_day   [  47% ] 200/200 VUs  04m43.8s/10m00.0s

running (04m44.8s), 200/200 VUs, 1447 complete and 0 interrupted iterations
normal_day   [  47% ] 200/200 VUs  04m44.8s/10m00.0s

running (04m45.8s), 200/200 VUs, 1458 complete and 0 interrupted iterations
normal_day   [  48% ] 200/200 VUs  04m45.8s/10m00.0s

running (04m46.8s), 200/200 VUs, 1459 complete and 0 interrupted iterations
normal_day   [  48% ] 200/200 VUs  04m46.8s/10m00.0s

running (04m47.8s), 200/200 VUs, 1471 complete and 0 interrupted iterations
normal_day   [  48% ] 200/200 VUs  04m47.8s/10m00.0s

running (04m48.8s), 200/200 VUs, 1478 complete and 0 interrupted iterations
normal_day   [  48% ] 200/200 VUs  04m48.8s/10m00.0s

running (04m49.8s), 200/200 VUs, 1479 complete and 0 interrupted iterations
normal_day   [  48% ] 200/200 VUs  04m49.8s/10m00.0s

running (04m50.8s), 200/200 VUs, 1481 complete and 0 interrupted iterations
normal_day   [  48% ] 200/200 VUs  04m50.8s/10m00.0s

running (04m51.8s), 200/200 VUs, 1482 complete and 0 interrupted iterations
normal_day   [  49% ] 200/200 VUs  04m51.8s/10m00.0s

running (04m52.8s), 200/200 VUs, 1485 complete and 0 interrupted iterations
normal_day   [  49% ] 200/200 VUs  04m52.8s/10m00.0s

running (04m53.8s), 200/200 VUs, 1489 complete and 0 interrupted iterations
normal_day   [  49% ] 200/200 VUs  04m53.8s/10m00.0s

running (04m54.8s), 200/200 VUs, 1499 complete and 0 interrupted iterations
normal_day   [  49% ] 200/200 VUs  04m54.8s/10m00.0s

running (04m55.8s), 200/200 VUs, 1511 complete and 0 interrupted iterations
normal_day   [  49% ] 200/200 VUs  04m55.8s/10m00.0s

running (04m56.8s), 200/200 VUs, 1517 complete and 0 interrupted iterations
normal_day   [  49% ] 200/200 VUs  04m56.8s/10m00.0s

running (04m57.8s), 200/200 VUs, 1527 complete and 0 interrupted iterations
normal_day   [  50% ] 200/200 VUs  04m57.8s/10m00.0s

running (04m58.8s), 200/200 VUs, 1538 complete and 0 interrupted iterations
normal_day   [  50% ] 200/200 VUs  04m58.8s/10m00.0s

running (04m59.8s), 200/200 VUs, 1549 complete and 0 interrupted iterations
normal_day   [  50% ] 200/200 VUs  04m59.8s/10m00.0s

running (05m00.8s), 200/200 VUs, 1556 complete and 0 interrupted iterations
normal_day   [  50% ] 200/200 VUs  05m00.8s/10m00.0s

running (05m01.8s), 200/200 VUs, 1565 complete and 0 interrupted iterations
normal_day   [  50% ] 200/200 VUs  05m01.8s/10m00.0s

running (05m02.8s), 200/200 VUs, 1574 complete and 0 interrupted iterations
normal_day   [  50% ] 200/200 VUs  05m02.8s/10m00.0s

running (05m03.8s), 200/200 VUs, 1584 complete and 0 interrupted iterations
normal_day   [  51% ] 200/200 VUs  05m03.8s/10m00.0s

running (05m04.8s), 200/200 VUs, 1592 complete and 0 interrupted iterations
normal_day   [  51% ] 200/200 VUs  05m04.8s/10m00.0s

running (05m05.8s), 200/200 VUs, 1599 complete and 0 interrupted iterations
normal_day   [  51% ] 200/200 VUs  05m05.8s/10m00.0s

running (05m06.8s), 200/200 VUs, 1600 complete and 0 interrupted iterations
normal_day   [  51% ] 200/200 VUs  05m06.8s/10m00.0s

running (05m07.8s), 200/200 VUs, 1606 complete and 0 interrupted iterations
normal_day   [  51% ] 200/200 VUs  05m07.8s/10m00.0s

running (05m08.8s), 200/200 VUs, 1610 complete and 0 interrupted iterations
normal_day   [  51% ] 200/200 VUs  05m08.8s/10m00.0s

running (05m09.8s), 200/200 VUs, 1619 complete and 0 interrupted iterations
normal_day   [  52% ] 200/200 VUs  05m09.8s/10m00.0s

running (05m10.8s), 200/200 VUs, 1627 complete and 0 interrupted iterations
normal_day   [  52% ] 200/200 VUs  05m10.8s/10m00.0s

running (05m11.8s), 200/200 VUs, 1639 complete and 0 interrupted iterations
normal_day   [  52% ] 200/200 VUs  05m11.8s/10m00.0s

running (05m12.8s), 200/200 VUs, 1649 complete and 0 interrupted iterations
normal_day   [  52% ] 200/200 VUs  05m12.8s/10m00.0s

running (05m13.8s), 200/200 VUs, 1658 complete and 0 interrupted iterations
normal_day   [  52% ] 200/200 VUs  05m13.8s/10m00.0s

running (05m14.8s), 200/200 VUs, 1661 complete and 0 interrupted iterations
normal_day   [  52% ] 200/200 VUs  05m14.8s/10m00.0s

running (05m15.8s), 200/200 VUs, 1664 complete and 0 interrupted iterations
normal_day   [  53% ] 200/200 VUs  05m15.8s/10m00.0s

running (05m16.8s), 200/200 VUs, 1664 complete and 0 interrupted iterations
normal_day   [  53% ] 200/200 VUs  05m16.8s/10m00.0s

running (05m17.8s), 200/200 VUs, 1670 complete and 0 interrupted iterations
normal_day   [  53% ] 200/200 VUs  05m17.8s/10m00.0s

running (05m18.8s), 200/200 VUs, 1672 complete and 0 interrupted iterations
normal_day   [  53% ] 200/200 VUs  05m18.8s/10m00.0s

running (05m19.8s), 200/200 VUs, 1677 complete and 0 interrupted iterations
normal_day   [  53% ] 200/200 VUs  05m19.8s/10m00.0s

running (05m20.8s), 200/200 VUs, 1685 complete and 0 interrupted iterations
normal_day   [  53% ] 200/200 VUs  05m20.8s/10m00.0s

running (05m21.8s), 200/200 VUs, 1695 complete and 0 interrupted iterations
normal_day   [  54% ] 200/200 VUs  05m21.8s/10m00.0s

running (05m22.8s), 200/200 VUs, 1701 complete and 0 interrupted iterations
normal_day   [  54% ] 200/200 VUs  05m22.8s/10m00.0s

running (05m23.8s), 200/200 VUs, 1709 complete and 0 interrupted iterations
normal_day   [  54% ] 200/200 VUs  05m23.8s/10m00.0s

running (05m24.8s), 200/200 VUs, 1714 complete and 0 interrupted iterations
normal_day   [  54% ] 200/200 VUs  05m24.8s/10m00.0s

running (05m25.8s), 200/200 VUs, 1719 complete and 0 interrupted iterations
normal_day   [  54% ] 200/200 VUs  05m25.8s/10m00.0s

running (05m26.8s), 200/200 VUs, 1723 complete and 0 interrupted iterations
normal_day   [  54% ] 200/200 VUs  05m26.8s/10m00.0s

running (05m27.8s), 200/200 VUs, 1730 complete and 0 interrupted iterations
normal_day   [  55% ] 200/200 VUs  05m27.8s/10m00.0s

running (05m28.8s), 200/200 VUs, 1740 complete and 0 interrupted iterations
normal_day   [  55% ] 200/200 VUs  05m28.8s/10m00.0s

running (05m29.8s), 200/200 VUs, 1748 complete and 0 interrupted iterations
normal_day   [  55% ] 200/200 VUs  05m29.8s/10m00.0s

running (05m30.8s), 200/200 VUs, 1761 complete and 0 interrupted iterations
normal_day   [  55% ] 200/200 VUs  05m30.8s/10m00.0s

running (05m31.8s), 200/200 VUs, 1768 complete and 0 interrupted iterations
normal_day   [  55% ] 200/200 VUs  05m31.8s/10m00.0s

running (05m32.8s), 200/200 VUs, 1770 complete and 0 interrupted iterations
normal_day   [  55% ] 200/200 VUs  05m32.8s/10m00.0s

running (05m33.8s), 200/200 VUs, 1772 complete and 0 interrupted iterations
normal_day   [  56% ] 200/200 VUs  05m33.8s/10m00.0s

running (05m34.8s), 200/200 VUs, 1774 complete and 0 interrupted iterations
normal_day   [  56% ] 200/200 VUs  05m34.8s/10m00.0s

running (05m35.8s), 200/200 VUs, 1776 complete and 0 interrupted iterations
normal_day   [  56% ] 200/200 VUs  05m35.8s/10m00.0s

running (05m36.8s), 200/200 VUs, 1778 complete and 0 interrupted iterations
normal_day   [  56% ] 200/200 VUs  05m36.8s/10m00.0s

running (05m37.8s), 200/200 VUs, 1780 complete and 0 interrupted iterations
normal_day   [  56% ] 200/200 VUs  05m37.8s/10m00.0s

running (05m38.8s), 200/200 VUs, 1788 complete and 0 interrupted iterations
normal_day   [  56% ] 200/200 VUs  05m38.8s/10m00.0s

running (05m39.8s), 200/200 VUs, 1795 complete and 0 interrupted iterations
normal_day   [  57% ] 200/200 VUs  05m39.8s/10m00.0s

running (05m40.8s), 200/200 VUs, 1801 complete and 0 interrupted iterations
normal_day   [  57% ] 200/200 VUs  05m40.8s/10m00.0s

running (05m41.8s), 200/200 VUs, 1804 complete and 0 interrupted iterations
normal_day   [  57% ] 200/200 VUs  05m41.8s/10m00.0s

running (05m42.8s), 200/200 VUs, 1809 complete and 0 interrupted iterations
normal_day   [  57% ] 200/200 VUs  05m42.8s/10m00.0s

running (05m43.8s), 200/200 VUs, 1815 complete and 0 interrupted iterations
normal_day   [  57% ] 200/200 VUs  05m43.8s/10m00.0s

running (05m44.8s), 200/200 VUs, 1819 complete and 0 interrupted iterations
normal_day   [  57% ] 200/200 VUs  05m44.8s/10m00.0s

running (05m45.8s), 200/200 VUs, 1824 complete and 0 interrupted iterations
normal_day   [  58% ] 200/200 VUs  05m45.8s/10m00.0s

running (05m46.8s), 200/200 VUs, 1829 complete and 0 interrupted iterations
normal_day   [  58% ] 200/200 VUs  05m46.8s/10m00.0s

running (05m47.8s), 200/200 VUs, 1835 complete and 0 interrupted iterations
normal_day   [  58% ] 200/200 VUs  05m47.8s/10m00.0s

running (05m48.8s), 200/200 VUs, 1838 complete and 0 interrupted iterations
normal_day   [  58% ] 200/200 VUs  05m48.8s/10m00.0s

running (05m49.8s), 200/200 VUs, 1850 complete and 0 interrupted iterations
normal_day   [  58% ] 200/200 VUs  05m49.8s/10m00.0s

running (05m50.8s), 200/200 VUs, 1857 complete and 0 interrupted iterations
normal_day   [  58% ] 200/200 VUs  05m50.8s/10m00.0s

running (05m51.8s), 200/200 VUs, 1866 complete and 0 interrupted iterations
normal_day   [  59% ] 200/200 VUs  05m51.8s/10m00.0s

running (05m52.8s), 200/200 VUs, 1875 complete and 0 interrupted iterations
normal_day   [  59% ] 200/200 VUs  05m52.8s/10m00.0s

running (05m53.8s), 200/200 VUs, 1879 complete and 0 interrupted iterations
normal_day   [  59% ] 200/200 VUs  05m53.8s/10m00.0s

running (05m54.8s), 200/200 VUs, 1882 complete and 0 interrupted iterations
normal_day   [  59% ] 200/200 VUs  05m54.8s/10m00.0s

running (05m55.8s), 200/200 VUs, 1882 complete and 0 interrupted iterations
normal_day   [  59% ] 200/200 VUs  05m55.8s/10m00.0s

running (05m56.8s), 200/200 VUs, 1884 complete and 0 interrupted iterations
normal_day   [  59% ] 200/200 VUs  05m56.8s/10m00.0s

running (05m57.8s), 200/200 VUs, 1886 complete and 0 interrupted iterations
normal_day   [  60% ] 200/200 VUs  05m57.8s/10m00.0s

running (05m58.8s), 200/200 VUs, 1892 complete and 0 interrupted iterations
normal_day   [  60% ] 200/200 VUs  05m58.8s/10m00.0s

running (05m59.8s), 200/200 VUs, 1897 complete and 0 interrupted iterations
normal_day   [  60% ] 200/200 VUs  05m59.8s/10m00.0s

running (06m00.8s), 200/200 VUs, 1900 complete and 0 interrupted iterations
normal_day   [  60% ] 200/200 VUs  06m00.8s/10m00.0s

running (06m01.8s), 200/200 VUs, 1903 complete and 0 interrupted iterations
normal_day   [  60% ] 200/200 VUs  06m01.8s/10m00.0s

running (06m02.8s), 200/200 VUs, 1909 complete and 0 interrupted iterations
normal_day   [  60% ] 200/200 VUs  06m02.8s/10m00.0s

running (06m03.8s), 200/200 VUs, 1919 complete and 0 interrupted iterations
normal_day   [  61% ] 200/200 VUs  06m03.8s/10m00.0s

running (06m04.8s), 200/200 VUs, 1924 complete and 0 interrupted iterations
normal_day   [  61% ] 200/200 VUs  06m04.8s/10m00.0s

running (06m05.8s), 200/200 VUs, 1924 complete and 0 interrupted iterations
normal_day   [  61% ] 200/200 VUs  06m05.8s/10m00.0s

running (06m06.8s), 200/200 VUs, 1924 complete and 0 interrupted iterations
normal_day   [  61% ] 200/200 VUs  06m06.8s/10m00.0s

running (06m07.8s), 200/200 VUs, 1932 complete and 0 interrupted iterations
normal_day   [  61% ] 200/200 VUs  06m07.8s/10m00.0s

running (06m08.8s), 200/200 VUs, 1935 complete and 0 interrupted iterations
normal_day   [  61% ] 200/200 VUs  06m08.8s/10m00.0s

running (06m09.8s), 200/200 VUs, 1940 complete and 0 interrupted iterations
normal_day   [  62% ] 200/200 VUs  06m09.8s/10m00.0s

running (06m10.8s), 200/200 VUs, 1940 complete and 0 interrupted iterations
normal_day   [  62% ] 200/200 VUs  06m10.8s/10m00.0s

running (06m11.8s), 200/200 VUs, 1941 complete and 0 interrupted iterations
normal_day   [  62% ] 200/200 VUs  06m11.8s/10m00.0s

running (06m12.8s), 200/200 VUs, 1943 complete and 0 interrupted iterations
normal_day   [  62% ] 200/200 VUs  06m12.8s/10m00.0s

running (06m13.8s), 200/200 VUs, 1946 complete and 0 interrupted iterations
normal_day   [  62% ] 200/200 VUs  06m13.8s/10m00.0s

running (06m14.8s), 200/200 VUs, 1954 complete and 0 interrupted iterations
normal_day   [  62% ] 200/200 VUs  06m14.8s/10m00.0s

running (06m15.8s), 200/200 VUs, 1965 complete and 0 interrupted iterations
normal_day   [  63% ] 200/200 VUs  06m15.8s/10m00.0s

running (06m16.8s), 200/200 VUs, 1977 complete and 0 interrupted iterations
normal_day   [  63% ] 200/200 VUs  06m16.8s/10m00.0s

running (06m17.8s), 200/200 VUs, 1987 complete and 0 interrupted iterations
normal_day   [  63% ] 200/200 VUs  06m17.8s/10m00.0s

running (06m18.8s), 200/200 VUs, 1992 complete and 0 interrupted iterations
normal_day   [  63% ] 200/200 VUs  06m18.8s/10m00.0s

running (06m19.8s), 200/200 VUs, 1996 complete and 0 interrupted iterations
normal_day   [  63% ] 200/200 VUs  06m19.8s/10m00.0s

running (06m20.8s), 200/200 VUs, 1998 complete and 0 interrupted iterations
normal_day   [  63% ] 200/200 VUs  06m20.8s/10m00.0s

running (06m21.8s), 200/200 VUs, 2006 complete and 0 interrupted iterations
normal_day   [  64% ] 200/200 VUs  06m21.8s/10m00.0s

running (06m22.8s), 200/200 VUs, 2009 complete and 0 interrupted iterations
normal_day   [  64% ] 200/200 VUs  06m22.8s/10m00.0s

running (06m23.8s), 200/200 VUs, 2014 complete and 0 interrupted iterations
normal_day   [  64% ] 200/200 VUs  06m23.8s/10m00.0s

running (06m24.8s), 200/200 VUs, 2019 complete and 0 interrupted iterations
normal_day   [  64% ] 200/200 VUs  06m24.8s/10m00.0s

running (06m25.8s), 200/200 VUs, 2022 complete and 0 interrupted iterations
normal_day   [  64% ] 200/200 VUs  06m25.8s/10m00.0s

running (06m26.8s), 200/200 VUs, 2024 complete and 0 interrupted iterations
normal_day   [  64% ] 200/200 VUs  06m26.8s/10m00.0s

running (06m27.8s), 200/200 VUs, 2029 complete and 0 interrupted iterations
normal_day   [  65% ] 200/200 VUs  06m27.8s/10m00.0s

running (06m28.8s), 200/200 VUs, 2034 complete and 0 interrupted iterations
normal_day   [  65% ] 200/200 VUs  06m28.8s/10m00.0s

running (06m29.8s), 200/200 VUs, 2037 complete and 0 interrupted iterations
normal_day   [  65% ] 200/200 VUs  06m29.8s/10m00.0s

running (06m30.8s), 200/200 VUs, 2041 complete and 0 interrupted iterations
normal_day   [  65% ] 200/200 VUs  06m30.8s/10m00.0s

running (06m31.8s), 200/200 VUs, 2042 complete and 0 interrupted iterations
normal_day   [  65% ] 200/200 VUs  06m31.8s/10m00.0s

running (06m32.8s), 200/200 VUs, 2045 complete and 0 interrupted iterations
normal_day   [  65% ] 200/200 VUs  06m32.8s/10m00.0s

running (06m33.8s), 200/200 VUs, 2050 complete and 0 interrupted iterations
normal_day   [  66% ] 200/200 VUs  06m33.8s/10m00.0s

running (06m34.8s), 200/200 VUs, 2054 complete and 0 interrupted iterations
normal_day   [  66% ] 200/200 VUs  06m34.8s/10m00.0s

running (06m35.8s), 200/200 VUs, 2060 complete and 0 interrupted iterations
normal_day   [  66% ] 200/200 VUs  06m35.8s/10m00.0s

running (06m36.8s), 200/200 VUs, 2065 complete and 0 interrupted iterations
normal_day   [  66% ] 200/200 VUs  06m36.8s/10m00.0s

running (06m37.8s), 200/200 VUs, 2070 complete and 0 interrupted iterations
normal_day   [  66% ] 200/200 VUs  06m37.8s/10m00.0s

running (06m38.8s), 200/200 VUs, 2072 complete and 0 interrupted iterations
normal_day   [  66% ] 200/200 VUs  06m38.8s/10m00.0s

running (06m39.8s), 200/200 VUs, 2080 complete and 0 interrupted iterations
normal_day   [  67% ] 200/200 VUs  06m39.8s/10m00.0s

running (06m40.8s), 200/200 VUs, 2086 complete and 0 interrupted iterations
normal_day   [  67% ] 200/200 VUs  06m40.8s/10m00.0s

running (06m41.8s), 200/200 VUs, 2094 complete and 0 interrupted iterations
normal_day   [  67% ] 200/200 VUs  06m41.8s/10m00.0s

running (06m42.8s), 200/200 VUs, 2099 complete and 0 interrupted iterations
normal_day   [  67% ] 200/200 VUs  06m42.8s/10m00.0s

running (06m43.8s), 200/200 VUs, 2102 complete and 0 interrupted iterations
normal_day   [  67% ] 200/200 VUs  06m43.8s/10m00.0s

running (06m44.8s), 200/200 VUs, 2102 complete and 0 interrupted iterations
normal_day   [  67% ] 200/200 VUs  06m44.8s/10m00.0s

running (06m45.8s), 200/200 VUs, 2105 complete and 0 interrupted iterations
normal_day   [  68% ] 200/200 VUs  06m45.8s/10m00.0s

running (06m46.8s), 200/200 VUs, 2119 complete and 0 interrupted iterations
normal_day   [  68% ] 200/200 VUs  06m46.8s/10m00.0s

running (06m47.8s), 200/200 VUs, 2129 complete and 0 interrupted iterations
normal_day   [  68% ] 200/200 VUs  06m47.8s/10m00.0s

running (06m48.8s), 200/200 VUs, 2138 complete and 0 interrupted iterations
normal_day   [  68% ] 200/200 VUs  06m48.8s/10m00.0s

running (06m49.8s), 200/200 VUs, 2139 complete and 0 interrupted iterations
normal_day   [  68% ] 200/200 VUs  06m49.8s/10m00.0s

running (06m50.8s), 200/200 VUs, 2139 complete and 0 interrupted iterations
normal_day   [  68% ] 200/200 VUs  06m50.8s/10m00.0s

running (06m51.8s), 200/200 VUs, 2143 complete and 0 interrupted iterations
normal_day   [  69% ] 200/200 VUs  06m51.8s/10m00.0s

running (06m52.8s), 200/200 VUs, 2145 complete and 0 interrupted iterations
normal_day   [  69% ] 200/200 VUs  06m52.8s/10m00.0s

running (06m53.8s), 200/200 VUs, 2146 complete and 0 interrupted iterations
normal_day   [  69% ] 200/200 VUs  06m53.8s/10m00.0s

running (06m54.8s), 200/200 VUs, 2147 complete and 0 interrupted iterations
normal_day   [  69% ] 200/200 VUs  06m54.8s/10m00.0s

running (06m55.8s), 200/200 VUs, 2148 complete and 0 interrupted iterations
normal_day   [  69% ] 200/200 VUs  06m55.8s/10m00.0s

running (06m56.8s), 200/200 VUs, 2152 complete and 0 interrupted iterations
normal_day   [  69% ] 200/200 VUs  06m56.8s/10m00.0s

running (06m57.8s), 200/200 VUs, 2156 complete and 0 interrupted iterations
normal_day   [  70% ] 200/200 VUs  06m57.8s/10m00.0s

running (06m58.8s), 200/200 VUs, 2163 complete and 0 interrupted iterations
normal_day   [  70% ] 200/200 VUs  06m58.8s/10m00.0s

running (06m59.8s), 200/200 VUs, 2165 complete and 0 interrupted iterations
normal_day   [  70% ] 200/200 VUs  06m59.8s/10m00.0s

running (07m00.8s), 200/200 VUs, 2182 complete and 0 interrupted iterations
normal_day   [  70% ] 200/200 VUs  07m00.8s/10m00.0s

running (07m01.8s), 200/200 VUs, 2195 complete and 0 interrupted iterations
normal_day   [  70% ] 200/200 VUs  07m01.8s/10m00.0s

running (07m02.8s), 200/200 VUs, 2200 complete and 0 interrupted iterations
normal_day   [  70% ] 200/200 VUs  07m02.8s/10m00.0s

running (07m03.8s), 200/200 VUs, 2209 complete and 0 interrupted iterations
normal_day   [  71% ] 200/200 VUs  07m03.8s/10m00.0s

running (07m04.8s), 200/200 VUs, 2212 complete and 0 interrupted iterations
normal_day   [  71% ] 200/200 VUs  07m04.8s/10m00.0s

running (07m05.8s), 200/200 VUs, 2220 complete and 0 interrupted iterations
normal_day   [  71% ] 200/200 VUs  07m05.8s/10m00.0s

running (07m06.8s), 200/200 VUs, 2227 complete and 0 interrupted iterations
normal_day   [  71% ] 200/200 VUs  07m06.8s/10m00.0s

running (07m07.8s), 200/200 VUs, 2235 complete and 0 interrupted iterations
normal_day   [  71% ] 200/200 VUs  07m07.8s/10m00.0s

running (07m08.8s), 200/200 VUs, 2245 complete and 0 interrupted iterations
normal_day   [  71% ] 200/200 VUs  07m08.8s/10m00.0s

running (07m09.8s), 200/200 VUs, 2251 complete and 0 interrupted iterations
normal_day   [  72% ] 200/200 VUs  07m09.8s/10m00.0s

running (07m10.8s), 200/200 VUs, 2259 complete and 0 interrupted iterations
normal_day   [  72% ] 200/200 VUs  07m10.8s/10m00.0s

running (07m11.8s), 200/200 VUs, 2261 complete and 0 interrupted iterations
normal_day   [  72% ] 200/200 VUs  07m11.8s/10m00.0s

running (07m12.8s), 200/200 VUs, 2267 complete and 0 interrupted iterations
normal_day   [  72% ] 200/200 VUs  07m12.8s/10m00.0s

running (07m13.8s), 200/200 VUs, 2269 complete and 0 interrupted iterations
normal_day   [  72% ] 200/200 VUs  07m13.8s/10m00.0s

running (07m14.8s), 200/200 VUs, 2272 complete and 0 interrupted iterations
normal_day   [  72% ] 200/200 VUs  07m14.8s/10m00.0s

running (07m15.8s), 200/200 VUs, 2278 complete and 0 interrupted iterations
normal_day   [  73% ] 200/200 VUs  07m15.8s/10m00.0s

running (07m16.8s), 200/200 VUs, 2282 complete and 0 interrupted iterations
normal_day   [  73% ] 200/200 VUs  07m16.8s/10m00.0s

running (07m17.8s), 200/200 VUs, 2292 complete and 0 interrupted iterations
normal_day   [  73% ] 200/200 VUs  07m17.8s/10m00.0s

running (07m18.8s), 200/200 VUs, 2305 complete and 0 interrupted iterations
normal_day   [  73% ] 200/200 VUs  07m18.8s/10m00.0s

running (07m19.8s), 200/200 VUs, 2312 complete and 0 interrupted iterations
normal_day   [  73% ] 200/200 VUs  07m19.8s/10m00.0s

running (07m20.8s), 200/200 VUs, 2319 complete and 0 interrupted iterations
normal_day   [  73% ] 200/200 VUs  07m20.8s/10m00.0s

running (07m21.8s), 200/200 VUs, 2325 complete and 0 interrupted iterations
normal_day   [  74% ] 200/200 VUs  07m21.8s/10m00.0s

running (07m22.8s), 200/200 VUs, 2330 complete and 0 interrupted iterations
normal_day   [  74% ] 200/200 VUs  07m22.8s/10m00.0s

running (07m23.8s), 200/200 VUs, 2335 complete and 0 interrupted iterations
normal_day   [  74% ] 200/200 VUs  07m23.8s/10m00.0s

running (07m24.8s), 200/200 VUs, 2343 complete and 0 interrupted iterations
normal_day   [  74% ] 200/200 VUs  07m24.8s/10m00.0s

running (07m25.8s), 200/200 VUs, 2357 complete and 0 interrupted iterations
normal_day   [  74% ] 200/200 VUs  07m25.8s/10m00.0s

running (07m26.8s), 200/200 VUs, 2363 complete and 0 interrupted iterations
normal_day   [  74% ] 200/200 VUs  07m26.8s/10m00.0s

running (07m27.8s), 200/200 VUs, 2373 complete and 0 interrupted iterations
normal_day   [  75% ] 200/200 VUs  07m27.8s/10m00.0s

running (07m28.8s), 200/200 VUs, 2377 complete and 0 interrupted iterations
normal_day   [  75% ] 200/200 VUs  07m28.8s/10m00.0s

running (07m29.8s), 200/200 VUs, 2384 complete and 0 interrupted iterations
normal_day   [  75% ] 200/200 VUs  07m29.8s/10m00.0s

running (07m30.8s), 200/200 VUs, 2388 complete and 0 interrupted iterations
normal_day   [  75% ] 200/200 VUs  07m30.8s/10m00.0s

running (07m31.8s), 200/200 VUs, 2390 complete and 0 interrupted iterations
normal_day   [  75% ] 200/200 VUs  07m31.8s/10m00.0s

running (07m32.8s), 200/200 VUs, 2392 complete and 0 interrupted iterations
normal_day   [  75% ] 200/200 VUs  07m32.8s/10m00.0s

running (07m33.8s), 200/200 VUs, 2392 complete and 0 interrupted iterations
normal_day   [  76% ] 200/200 VUs  07m33.8s/10m00.0s

running (07m34.8s), 200/200 VUs, 2394 complete and 0 interrupted iterations
normal_day   [  76% ] 200/200 VUs  07m34.8s/10m00.0s

running (07m35.8s), 200/200 VUs, 2396 complete and 0 interrupted iterations
normal_day   [  76% ] 200/200 VUs  07m35.8s/10m00.0s

running (07m36.8s), 200/200 VUs, 2398 complete and 0 interrupted iterations
normal_day   [  76% ] 200/200 VUs  07m36.8s/10m00.0s

running (07m37.8s), 200/200 VUs, 2402 complete and 0 interrupted iterations
normal_day   [  76% ] 200/200 VUs  07m37.8s/10m00.0s

running (07m38.8s), 200/200 VUs, 2409 complete and 0 interrupted iterations
normal_day   [  76% ] 200/200 VUs  07m38.8s/10m00.0s

running (07m39.8s), 200/200 VUs, 2420 complete and 0 interrupted iterations
normal_day   [  77% ] 200/200 VUs  07m39.8s/10m00.0s

running (07m40.8s), 200/200 VUs, 2428 complete and 0 interrupted iterations
normal_day   [  77% ] 200/200 VUs  07m40.8s/10m00.0s

running (07m41.8s), 200/200 VUs, 2435 complete and 0 interrupted iterations
normal_day   [  77% ] 200/200 VUs  07m41.8s/10m00.0s

running (07m42.8s), 200/200 VUs, 2445 complete and 0 interrupted iterations
normal_day   [  77% ] 200/200 VUs  07m42.8s/10m00.0s

running (07m43.8s), 200/200 VUs, 2450 complete and 0 interrupted iterations
normal_day   [  77% ] 200/200 VUs  07m43.8s/10m00.0s

running (07m44.8s), 200/200 VUs, 2458 complete and 0 interrupted iterations
normal_day   [  77% ] 200/200 VUs  07m44.8s/10m00.0s

running (07m45.8s), 200/200 VUs, 2463 complete and 0 interrupted iterations
normal_day   [  78% ] 200/200 VUs  07m45.8s/10m00.0s

running (07m46.8s), 200/200 VUs, 2474 complete and 0 interrupted iterations
normal_day   [  78% ] 200/200 VUs  07m46.8s/10m00.0s

running (07m47.8s), 200/200 VUs, 2483 complete and 0 interrupted iterations
normal_day   [  78% ] 200/200 VUs  07m47.8s/10m00.0s

running (07m48.8s), 200/200 VUs, 2491 complete and 0 interrupted iterations
normal_day   [  78% ] 200/200 VUs  07m48.8s/10m00.0s

running (07m49.8s), 200/200 VUs, 2497 complete and 0 interrupted iterations
normal_day   [  78% ] 200/200 VUs  07m49.8s/10m00.0s

running (07m50.8s), 200/200 VUs, 2508 complete and 0 interrupted iterations
normal_day   [  78% ] 200/200 VUs  07m50.8s/10m00.0s

running (07m51.8s), 200/200 VUs, 2511 complete and 0 interrupted iterations
normal_day   [  79% ] 200/200 VUs  07m51.8s/10m00.0s

running (07m52.8s), 200/200 VUs, 2519 complete and 0 interrupted iterations
normal_day   [  79% ] 200/200 VUs  07m52.8s/10m00.0s

running (07m53.8s), 200/200 VUs, 2523 complete and 0 interrupted iterations
normal_day   [  79% ] 200/200 VUs  07m53.8s/10m00.0s

running (07m54.8s), 200/200 VUs, 2530 complete and 0 interrupted iterations
normal_day   [  79% ] 200/200 VUs  07m54.8s/10m00.0s

running (07m55.8s), 200/200 VUs, 2537 complete and 0 interrupted iterations
normal_day   [  79% ] 200/200 VUs  07m55.8s/10m00.0s

running (07m56.8s), 200/200 VUs, 2543 complete and 0 interrupted iterations
normal_day   [  79% ] 200/200 VUs  07m56.8s/10m00.0s

running (07m57.8s), 200/200 VUs, 2545 complete and 0 interrupted iterations
normal_day   [  80% ] 200/200 VUs  07m57.8s/10m00.0s

running (07m58.8s), 200/200 VUs, 2555 complete and 0 interrupted iterations
normal_day   [  80% ] 200/200 VUs  07m58.8s/10m00.0s

running (07m59.8s), 200/200 VUs, 2560 complete and 0 interrupted iterations
normal_day   [  80% ] 200/200 VUs  07m59.8s/10m00.0s

running (08m00.8s), 200/200 VUs, 2564 complete and 0 interrupted iterations
normal_day   [  80% ] 200/200 VUs  08m00.8s/10m00.0s

running (08m01.8s), 200/200 VUs, 2568 complete and 0 interrupted iterations
normal_day   [  80% ] 200/200 VUs  08m01.8s/10m00.0s

running (08m02.8s), 200/200 VUs, 2572 complete and 0 interrupted iterations
normal_day   [  80% ] 200/200 VUs  08m02.8s/10m00.0s

running (08m03.8s), 200/200 VUs, 2575 complete and 0 interrupted iterations
normal_day   [  81% ] 200/200 VUs  08m03.8s/10m00.0s

running (08m04.8s), 200/200 VUs, 2576 complete and 0 interrupted iterations
normal_day   [  81% ] 200/200 VUs  08m04.8s/10m00.0s

running (08m05.8s), 200/200 VUs, 2580 complete and 0 interrupted iterations
normal_day   [  81% ] 200/200 VUs  08m05.8s/10m00.0s

running (08m06.8s), 200/200 VUs, 2584 complete and 0 interrupted iterations
normal_day   [  81% ] 200/200 VUs  08m06.8s/10m00.0s

running (08m07.8s), 200/200 VUs, 2593 complete and 0 interrupted iterations
normal_day   [  81% ] 200/200 VUs  08m07.8s/10m00.0s

running (08m08.8s), 200/200 VUs, 2601 complete and 0 interrupted iterations
normal_day   [  81% ] 200/200 VUs  08m08.8s/10m00.0s

running (08m09.8s), 198/200 VUs, 2610 complete and 0 interrupted iterations
normal_day   [  82% ] 198/200 VUs  08m09.8s/10m00.0s

running (08m10.8s), 198/200 VUs, 2617 complete and 0 interrupted iterations
normal_day   [  82% ] 198/200 VUs  08m10.8s/10m00.0s

running (08m11.8s), 198/200 VUs, 2627 complete and 0 interrupted iterations
normal_day   [  82% ] 198/200 VUs  08m11.8s/10m00.0s

running (08m12.8s), 198/200 VUs, 2637 complete and 0 interrupted iterations
normal_day   [  82% ] 198/200 VUs  08m12.8s/10m00.0s

running (08m13.8s), 196/200 VUs, 2648 complete and 0 interrupted iterations
normal_day   [  82% ] 196/200 VUs  08m13.8s/10m00.0s

running (08m14.8s), 194/200 VUs, 2655 complete and 0 interrupted iterations
normal_day   [  82% ] 194/200 VUs  08m14.8s/10m00.0s

running (08m15.8s), 194/200 VUs, 2658 complete and 0 interrupted iterations
normal_day   [  83% ] 194/200 VUs  08m15.8s/10m00.0s

running (08m16.8s), 193/200 VUs, 2659 complete and 0 interrupted iterations
normal_day   [  83% ] 193/200 VUs  08m16.8s/10m00.0s

running (08m17.8s), 192/200 VUs, 2660 complete and 0 interrupted iterations
normal_day   [  83% ] 192/200 VUs  08m17.8s/10m00.0s

running (08m18.8s), 192/200 VUs, 2664 complete and 0 interrupted iterations
normal_day   [  83% ] 192/200 VUs  08m18.8s/10m00.0s

running (08m19.8s), 190/200 VUs, 2673 complete and 0 interrupted iterations
normal_day   [  83% ] 190/200 VUs  08m19.8s/10m00.0s

running (08m20.8s), 188/200 VUs, 2689 complete and 0 interrupted iterations
normal_day   [  83% ] 188/200 VUs  08m20.8s/10m00.0s

running (08m21.8s), 186/200 VUs, 2702 complete and 0 interrupted iterations
normal_day   [  84% ] 186/200 VUs  08m21.8s/10m00.0s

running (08m22.8s), 185/200 VUs, 2711 complete and 0 interrupted iterations
normal_day   [  84% ] 185/200 VUs  08m22.8s/10m00.0s

running (08m23.8s), 185/200 VUs, 2714 complete and 0 interrupted iterations
normal_day   [  84% ] 185/200 VUs  08m23.8s/10m00.0s

running (08m24.8s), 184/200 VUs, 2720 complete and 0 interrupted iterations
normal_day   [  84% ] 184/200 VUs  08m24.8s/10m00.0s

running (08m25.8s), 183/200 VUs, 2726 complete and 0 interrupted iterations
normal_day   [  84% ] 183/200 VUs  08m25.8s/10m00.0s

running (08m26.8s), 179/200 VUs, 2733 complete and 0 interrupted iterations
normal_day   [  84% ] 179/200 VUs  08m26.8s/10m00.0s

running (08m27.8s), 177/200 VUs, 2741 complete and 0 interrupted iterations
normal_day   [  85% ] 177/200 VUs  08m27.8s/10m00.0s

running (08m28.8s), 177/200 VUs, 2748 complete and 0 interrupted iterations
normal_day   [  85% ] 177/200 VUs  08m28.8s/10m00.0s

running (08m29.8s), 176/200 VUs, 2757 complete and 0 interrupted iterations
normal_day   [  85% ] 176/200 VUs  08m29.8s/10m00.0s

running (08m30.8s), 175/200 VUs, 2764 complete and 0 interrupted iterations
normal_day   [  85% ] 175/200 VUs  08m30.8s/10m00.0s

running (08m31.8s), 174/200 VUs, 2770 complete and 0 interrupted iterations
normal_day   [  85% ] 174/200 VUs  08m31.8s/10m00.0s

running (08m32.8s), 172/200 VUs, 2776 complete and 1 interrupted iterations
normal_day   [  85% ] 172/200 VUs  08m32.8s/10m00.0s

running (08m33.8s), 172/200 VUs, 2777 complete and 1 interrupted iterations
normal_day   [  86% ] 172/200 VUs  08m33.8s/10m00.0s

running (08m34.8s), 172/200 VUs, 2780 complete and 1 interrupted iterations
normal_day   [  86% ] 172/200 VUs  08m34.8s/10m00.0s

running (08m35.8s), 171/200 VUs, 2786 complete and 1 interrupted iterations
normal_day   [  86% ] 171/200 VUs  08m35.8s/10m00.0s

running (08m36.8s), 170/200 VUs, 2790 complete and 1 interrupted iterations
normal_day   [  86% ] 170/200 VUs  08m36.8s/10m00.0s

running (08m37.8s), 168/200 VUs, 2802 complete and 1 interrupted iterations
normal_day   [  86% ] 168/200 VUs  08m37.8s/10m00.0s

running (08m38.8s), 164/200 VUs, 2811 complete and 1 interrupted iterations
normal_day   [  86% ] 164/200 VUs  08m38.8s/10m00.0s

running (08m39.8s), 160/200 VUs, 2828 complete and 2 interrupted iterations
normal_day   [  87% ] 160/200 VUs  08m39.8s/10m00.0s

running (08m40.8s), 159/200 VUs, 2836 complete and 2 interrupted iterations
normal_day   [  87% ] 159/200 VUs  08m40.8s/10m00.0s

running (08m41.8s), 158/200 VUs, 2838 complete and 2 interrupted iterations
normal_day   [  87% ] 158/200 VUs  08m41.8s/10m00.0s

running (08m42.8s), 156/200 VUs, 2839 complete and 4 interrupted iterations
normal_day   [  87% ] 156/200 VUs  08m42.8s/10m00.0s

running (08m43.8s), 154/200 VUs, 2844 complete and 4 interrupted iterations
normal_day   [  87% ] 154/200 VUs  08m43.8s/10m00.0s

running (08m44.8s), 153/200 VUs, 2846 complete and 4 interrupted iterations
normal_day   [  87% ] 153/200 VUs  08m44.8s/10m00.0s

running (08m45.8s), 151/200 VUs, 2849 complete and 4 interrupted iterations
normal_day   [  88% ] 151/200 VUs  08m45.8s/10m00.0s

running (08m46.8s), 146/200 VUs, 2860 complete and 6 interrupted iterations
normal_day   [  88% ] 146/200 VUs  08m46.8s/10m00.0s

running (08m47.8s), 145/200 VUs, 2864 complete and 6 interrupted iterations
normal_day   [  88% ] 145/200 VUs  08m47.8s/10m00.0s

running (08m48.8s), 145/200 VUs, 2864 complete and 6 interrupted iterations
normal_day   [  88% ] 145/200 VUs  08m48.8s/10m00.0s

running (08m49.8s), 142/200 VUs, 2872 complete and 7 interrupted iterations
normal_day   [  88% ] 142/200 VUs  08m49.8s/10m00.0s

running (08m50.8s), 141/200 VUs, 2876 complete and 8 interrupted iterations
normal_day   [  88% ] 141/200 VUs  08m50.8s/10m00.0s

running (08m51.8s), 140/200 VUs, 2877 complete and 9 interrupted iterations
normal_day   [  89% ] 140/200 VUs  08m51.8s/10m00.0s

running (08m52.8s), 137/200 VUs, 2881 complete and 10 interrupted iterations
normal_day   [  89% ] 137/200 VUs  08m52.8s/10m00.0s

running (08m53.8s), 134/200 VUs, 2887 complete and 10 interrupted iterations
normal_day   [  89% ] 134/200 VUs  08m53.8s/10m00.0s

running (08m54.8s), 134/200 VUs, 2895 complete and 10 interrupted iterations
normal_day   [  89% ] 134/200 VUs  08m54.8s/10m00.0s

running (08m55.8s), 133/200 VUs, 2896 complete and 11 interrupted iterations
normal_day   [  89% ] 133/200 VUs  08m55.8s/10m00.0s

running (08m56.8s), 132/200 VUs, 2902 complete and 11 interrupted iterations
normal_day   [  89% ] 132/200 VUs  08m56.8s/10m00.0s

running (08m57.8s), 130/200 VUs, 2909 complete and 12 interrupted iterations
normal_day   [  90% ] 130/200 VUs  08m57.8s/10m00.0s

running (08m58.8s), 130/200 VUs, 2913 complete and 12 interrupted iterations
normal_day   [  90% ] 130/200 VUs  08m58.8s/10m00.0s

running (08m59.8s), 130/200 VUs, 2913 complete and 12 interrupted iterations
normal_day   [  90% ] 130/200 VUs  08m59.8s/10m00.0s

running (09m00.8s), 130/200 VUs, 2916 complete and 12 interrupted iterations
normal_day   [  90% ] 130/200 VUs  09m00.8s/10m00.0s

running (09m01.8s), 126/200 VUs, 2927 complete and 12 interrupted iterations
normal_day   [  90% ] 126/200 VUs  09m01.8s/10m00.0s

running (09m02.8s), 125/200 VUs, 2931 complete and 12 interrupted iterations
normal_day   [  90% ] 125/200 VUs  09m02.8s/10m00.0s

running (09m03.8s), 124/200 VUs, 2932 complete and 12 interrupted iterations
normal_day   [  91% ] 124/200 VUs  09m03.8s/10m00.0s

running (09m04.8s), 124/200 VUs, 2936 complete and 12 interrupted iterations
normal_day   [  91% ] 124/200 VUs  09m04.8s/10m00.0s

running (09m05.8s), 120/200 VUs, 2945 complete and 12 interrupted iterations
normal_day   [  91% ] 120/200 VUs  09m05.8s/10m00.0s

running (09m06.8s), 116/200 VUs, 2956 complete and 13 interrupted iterations
normal_day   [  91% ] 116/200 VUs  09m06.8s/10m00.0s

running (09m07.8s), 114/200 VUs, 2961 complete and 13 interrupted iterations
normal_day   [  91% ] 114/200 VUs  09m07.8s/10m00.0s

running (09m08.8s), 114/200 VUs, 2963 complete and 13 interrupted iterations
normal_day   [  91% ] 114/200 VUs  09m08.8s/10m00.0s

running (09m09.8s), 113/200 VUs, 2965 complete and 14 interrupted iterations
normal_day   [  92% ] 113/200 VUs  09m09.8s/10m00.0s

running (09m10.8s), 112/200 VUs, 2972 complete and 14 interrupted iterations
normal_day   [  92% ] 112/200 VUs  09m10.8s/10m00.0s

running (09m11.8s), 110/200 VUs, 2977 complete and 14 interrupted iterations
normal_day   [  92% ] 110/200 VUs  09m11.8s/10m00.0s

running (09m12.8s), 105/200 VUs, 2988 complete and 15 interrupted iterations
normal_day   [  92% ] 105/200 VUs  09m12.8s/10m00.0s

running (09m13.8s), 103/200 VUs, 2991 complete and 15 interrupted iterations
normal_day   [  92% ] 103/200 VUs  09m13.8s/10m00.0s

running (09m14.8s), 102/200 VUs, 2993 complete and 15 interrupted iterations
normal_day   [  92% ] 102/200 VUs  09m14.8s/10m00.0s

running (09m15.8s), 102/200 VUs, 2994 complete and 15 interrupted iterations
normal_day   [  93% ] 102/200 VUs  09m15.8s/10m00.0s

running (09m16.8s), 098/200 VUs, 3000 complete and 16 interrupted iterations
normal_day   [  93% ] 098/200 VUs  09m16.8s/10m00.0s

running (09m17.8s), 096/200 VUs, 3006 complete and 16 interrupted iterations
normal_day   [  93% ] 096/200 VUs  09m17.8s/10m00.0s

running (09m18.8s), 091/200 VUs, 3015 complete and 16 interrupted iterations
normal_day   [  93% ] 091/200 VUs  09m18.8s/10m00.0s

running (09m19.8s), 087/200 VUs, 3022 complete and 16 interrupted iterations
normal_day   [  93% ] 087/200 VUs  09m19.8s/10m00.0s

running (09m20.8s), 085/200 VUs, 3029 complete and 16 interrupted iterations
normal_day   [  93% ] 085/200 VUs  09m20.8s/10m00.0s

running (09m21.8s), 081/200 VUs, 3037 complete and 17 interrupted iterations
normal_day   [  94% ] 081/200 VUs  09m21.8s/10m00.0s

running (09m22.8s), 081/200 VUs, 3039 complete and 17 interrupted iterations
normal_day   [  94% ] 081/200 VUs  09m22.8s/10m00.0s

running (09m23.8s), 080/200 VUs, 3043 complete and 17 interrupted iterations
normal_day   [  94% ] 080/200 VUs  09m23.8s/10m00.0s

running (09m24.8s), 078/200 VUs, 3048 complete and 18 interrupted iterations
normal_day   [  94% ] 078/200 VUs  09m24.8s/10m00.0s

running (09m25.8s), 077/200 VUs, 3054 complete and 18 interrupted iterations
normal_day   [  94% ] 077/200 VUs  09m25.8s/10m00.0s

running (09m26.8s), 077/200 VUs, 3055 complete and 18 interrupted iterations
normal_day   [  94% ] 077/200 VUs  09m26.8s/10m00.0s

running (09m27.8s), 074/200 VUs, 3058 complete and 19 interrupted iterations
normal_day   [  95% ] 074/200 VUs  09m27.8s/10m00.0s

running (09m28.8s), 073/200 VUs, 3067 complete and 19 interrupted iterations
normal_day   [  95% ] 073/200 VUs  09m28.8s/10m00.0s

running (09m29.8s), 071/200 VUs, 3069 complete and 19 interrupted iterations
normal_day   [  95% ] 071/200 VUs  09m29.8s/10m00.0s

running (09m30.8s), 071/200 VUs, 3071 complete and 19 interrupted iterations
normal_day   [  95% ] 071/200 VUs  09m30.8s/10m00.0s

running (09m31.8s), 071/200 VUs, 3072 complete and 19 interrupted iterations
normal_day   [  95% ] 071/200 VUs  09m31.8s/10m00.0s

running (09m32.8s), 069/200 VUs, 3077 complete and 19 interrupted iterations
normal_day   [  95% ] 069/200 VUs  09m32.8s/10m00.0s

running (09m33.8s), 068/200 VUs, 3081 complete and 19 interrupted iterations
normal_day   [  96% ] 068/200 VUs  09m33.8s/10m00.0s

running (09m34.8s), 065/200 VUs, 3090 complete and 19 interrupted iterations
normal_day   [  96% ] 065/200 VUs  09m34.8s/10m00.0s

running (09m35.8s), 064/200 VUs, 3092 complete and 19 interrupted iterations
normal_day   [  96% ] 064/200 VUs  09m35.8s/10m00.0s

running (09m36.8s), 062/200 VUs, 3097 complete and 19 interrupted iterations
normal_day   [  96% ] 062/200 VUs  09m36.8s/10m00.0s

running (09m37.8s), 059/200 VUs, 3102 complete and 19 interrupted iterations
normal_day   [  96% ] 059/200 VUs  09m37.8s/10m00.0s

running (09m38.8s), 059/200 VUs, 3102 complete and 19 interrupted iterations
normal_day   [  96% ] 059/200 VUs  09m38.8s/10m00.0s

running (09m39.8s), 055/200 VUs, 3105 complete and 20 interrupted iterations
normal_day   [  97% ] 055/200 VUs  09m39.8s/10m00.0s

running (09m40.8s), 054/200 VUs, 3107 complete and 20 interrupted iterations
normal_day   [  97% ] 054/200 VUs  09m40.8s/10m00.0s

running (09m41.8s), 054/200 VUs, 3110 complete and 20 interrupted iterations
normal_day   [  97% ] 054/200 VUs  09m41.8s/10m00.0s

running (09m42.8s), 051/200 VUs, 3114 complete and 20 interrupted iterations
normal_day   [  97% ] 051/200 VUs  09m42.8s/10m00.0s

running (09m43.8s), 049/200 VUs, 3118 complete and 20 interrupted iterations
normal_day   [  97% ] 049/200 VUs  09m43.8s/10m00.0s

running (09m44.8s), 049/200 VUs, 3119 complete and 20 interrupted iterations
normal_day   [  97% ] 049/200 VUs  09m44.8s/10m00.0s

running (09m45.8s), 047/200 VUs, 3124 complete and 20 interrupted iterations
normal_day   [  98% ] 047/200 VUs  09m45.8s/10m00.0s

running (09m46.8s), 044/200 VUs, 3129 complete and 21 interrupted iterations
normal_day   [  98% ] 044/200 VUs  09m46.8s/10m00.0s

running (09m47.8s), 043/200 VUs, 3133 complete and 21 interrupted iterations
normal_day   [  98% ] 043/200 VUs  09m47.8s/10m00.0s

running (09m48.8s), 039/200 VUs, 3137 complete and 21 interrupted iterations
normal_day   [  98% ] 039/200 VUs  09m48.8s/10m00.0s

running (09m49.8s), 035/200 VUs, 3143 complete and 21 interrupted iterations
normal_day   [  98% ] 035/200 VUs  09m49.8s/10m00.0s

running (09m50.8s), 035/200 VUs, 3144 complete and 21 interrupted iterations
normal_day   [  98% ] 035/200 VUs  09m50.8s/10m00.0s

running (09m51.8s), 032/200 VUs, 3148 complete and 21 interrupted iterations
normal_day   [  99% ] 032/200 VUs  09m51.8s/10m00.0s

running (09m52.8s), 031/200 VUs, 3150 complete and 21 interrupted iterations
normal_day   [  99% ] 031/200 VUs  09m52.8s/10m00.0s

running (09m53.8s), 027/200 VUs, 3156 complete and 21 interrupted iterations
normal_day   [  99% ] 027/200 VUs  09m53.8s/10m00.0s

running (09m54.8s), 026/200 VUs, 3156 complete and 22 interrupted iterations
normal_day   [  99% ] 026/200 VUs  09m54.8s/10m00.0s

running (09m55.8s), 023/200 VUs, 3160 complete and 22 interrupted iterations
normal_day   [  99% ] 023/200 VUs  09m55.8s/10m00.0s

running (09m56.8s), 021/200 VUs, 3162 complete and 22 interrupted iterations
normal_day   [  99% ] 021/200 VUs  09m56.8s/10m00.0s

running (09m57.8s), 020/200 VUs, 3163 complete and 22 interrupted iterations
normal_day   [ 100% ] 020/200 VUs  09m57.8s/10m00.0s

running (09m58.8s), 019/200 VUs, 3164 complete and 22 interrupted iterations
normal_day   [ 100% ] 019/200 VUs  09m58.8s/10m00.0s

running (09m59.8s), 019/200 VUs, 3165 complete and 22 interrupted iterations
normal_day   [ 100% ] 019/200 VUs  09m59.8s/10m00.0s

running (10m00.8s), 019/200 VUs, 3165 complete and 22 interrupted iterations
normal_day ↓ [ 100% ] 019/200 VUs  10m0s

running (10m01.8s), 018/200 VUs, 3166 complete and 22 interrupted iterations
normal_day ↓ [ 100% ] 019/200 VUs  10m0s

running (10m02.8s), 014/200 VUs, 3170 complete and 22 interrupted iterations
normal_day ↓ [ 100% ] 019/200 VUs  10m0s

running (10m03.8s), 011/200 VUs, 3172 complete and 23 interrupted iterations
normal_day ↓ [ 100% ] 019/200 VUs  10m0s

running (10m04.8s), 009/200 VUs, 3174 complete and 23 interrupted iterations
normal_day ↓ [ 100% ] 019/200 VUs  10m0s

running (10m05.8s), 005/200 VUs, 3178 complete and 23 interrupted iterations
normal_day ↓ [ 100% ] 019/200 VUs  10m0s

running (10m06.8s), 005/200 VUs, 3178 complete and 23 interrupted iterations
normal_day ↓ [ 100% ] 019/200 VUs  10m0s

running (10m07.8s), 003/200 VUs, 3180 complete and 23 interrupted iterations
normal_day ↓ [ 100% ] 019/200 VUs  10m0s

running (10m08.8s), 002/200 VUs, 3181 complete and 23 interrupted iterations
normal_day ↓ [ 100% ] 019/200 VUs  10m0s

running (10m09.8s), 001/200 VUs, 3182 complete and 23 interrupted iterations
normal_day ↓ [ 100% ] 019/200 VUs  10m0s
[32m     ✓ login 200[0m
[32m     ✓ friend list 200[0m
[32m     ✓ board list 200[0m
[32m     ✓ post detail 200[0m
[32m     ✓ chat rooms 200[0m
[32m     ✓ received reqs 200[0m
[32m     ✓ hot daily 200[0m
[32m     ✓ comment create 2xx[0m
[32m     ✓ post list 200[0m
[32m     ✓ post search 200[0m
[32m     ✓ post create 2xx[0m
[32m     ✓ unread count 200[0m
[32m     ✓ comment list 200[0m
[32m     ✓ comment reaction 200[0m
[32m     ✓ notif list 200[0m
[32m     ✓ read one 200[0m
[32m     ✓ chat messages 200[0m
[32m     ✓ post reaction 2xx[0m
[32m     ✓ chat read 200[0m
[32m     ✓ meal today 200[0m
[32m     ✓ logout 200[0m
[32m     ✓ user info 200[0m
[32m     ✓ ws handshake 101[0m
[32m     ✓ refresh 200[0m
[32m     ✓ timetable today 200[0m
[32m     ✓ my posts 200[0m
[32m     ✓ scrap 2xx[0m
[32m     ✓ meal month 200[0m
[32m     ✓ read all 200[0m
[32m     ✓ post update 200[0m
[32m     ✓ post delete 200[0m

     auth_token_refreshes[2m...........:[0m [36m31[0m      [36;2m0.050833/s[0m
     chat_ws_messages_sent[2m..........:[0m [36m794[0m     [36;2m1.301973/s[0m
     chat_ws_rtt[2m....................:[0m avg=[36m2.43s[0m   min=[36m17ms[0m    med=[36m2.15s[0m    max=[36m12.04s[0m   p(90)=[36m4.72s[0m    p(95)=[36m5.72s[0m   p(99)=[36m8.33s[0m   
     checks[2m.........................:[0m [36m100.00%[0m [36;2m✓ 14084[0m     [36;2m✗ 0[0m    
     [32m✓[0m { phase:measure }[2m............:[0m [36m100.00%[0m [36;2m✓ 7521[0m      [36;2m✗ 0[0m    
     [32m✓[0m { phase:rampdown }[2m...........:[0m [36m100.00%[0m [36;2m✓ 2571[0m      [36;2m✗ 0[0m    
     [32m✓[0m { phase:warmup }[2m.............:[0m [36m100.00%[0m [36;2m✓ 3992[0m      [36;2m✗ 0[0m    
     data_received[2m..................:[0m [36m644 MB[0m  [36;2m1.1 MB/s[0m
     data_sent[2m......................:[0m [36m5.7 MB[0m  [36;2m9.4 kB/s[0m
     http_req_blocked[2m...............:[0m avg=[36m14.84µs[0m min=[36m1.64µs[0m  med=[36m6.25µs[0m   max=[36m15.95ms[0m  p(90)=[36m10.76µs[0m  p(95)=[36m14.69µs[0m p(99)=[36m307.27µs[0m
     http_req_connecting[2m............:[0m avg=[36m5.69µs[0m  min=[36m0s[0m      med=[36m0s[0m       max=[36m15.85ms[0m  p(90)=[36m0s[0m       p(95)=[36m0s[0m      p(99)=[36m213.55µs[0m
     http_req_duration[2m..............:[0m avg=[36m4.39s[0m   min=[36m2.52ms[0m  med=[36m3.97s[0m    max=[36m20.39s[0m   p(90)=[36m8.77s[0m    p(95)=[36m10.25s[0m  p(99)=[36m14.2s[0m   
       { expected_response:true }[2m...:[0m avg=[36m4.39s[0m   min=[36m2.52ms[0m  med=[36m3.97s[0m    max=[36m20.39s[0m   p(90)=[36m8.77s[0m    p(95)=[36m10.25s[0m  p(99)=[36m14.2s[0m   
     [32m✓[0m { feature:auth }[2m.............:[0m avg=[36m1.83s[0m   min=[36m16.02ms[0m med=[36m1.42s[0m    max=[36m9.6s[0m     p(90)=[36m4.11s[0m    p(95)=[36m5.23s[0m   p(99)=[36m8.17s[0m   
     [32m✓[0m { feature:board }[2m............:[0m avg=[36m4.33s[0m   min=[36m2.73ms[0m  med=[36m4.04s[0m    max=[36m14.28s[0m   p(90)=[36m8.46s[0m    p(95)=[36m9.62s[0m   p(99)=[36m11.07s[0m  
     [32m✓[0m { feature:chat }[2m.............:[0m avg=[36m4.41s[0m   min=[36m3.22ms[0m  med=[36m4.13s[0m    max=[36m15.38s[0m   p(90)=[36m8.33s[0m    p(95)=[36m9.45s[0m   p(99)=[36m11.62s[0m  
     [32m✓[0m { feature:comment }[2m..........:[0m avg=[36m5.74s[0m   min=[36m3.04ms[0m  med=[36m4.79s[0m    max=[36m20.39s[0m   p(90)=[36m12.32s[0m   p(95)=[36m14.3s[0m   p(99)=[36m16.97s[0m  
     [32m✓[0m { feature:friend }[2m...........:[0m avg=[36m4.06s[0m   min=[36m2.99ms[0m  med=[36m3.76s[0m    max=[36m11.37s[0m   p(90)=[36m7.62s[0m    p(95)=[36m9.07s[0m   p(99)=[36m10.54s[0m  
     [32m✓[0m { feature:hot }[2m..............:[0m avg=[36m4.23s[0m   min=[36m9.93ms[0m  med=[36m4.04s[0m    max=[36m12.79s[0m   p(90)=[36m7.99s[0m    p(95)=[36m9.46s[0m   p(99)=[36m10.95s[0m  
     [32m✓[0m { feature:mypage }[2m...........:[0m avg=[36m4.42s[0m   min=[36m3.31ms[0m  med=[36m3.87s[0m    max=[36m13.75s[0m   p(90)=[36m8.87s[0m    p(95)=[36m11.11s[0m  p(99)=[36m12.79s[0m  
     [32m✓[0m { feature:notification }[2m.....:[0m avg=[36m4.25s[0m   min=[36m3.43ms[0m  med=[36m4.03s[0m    max=[36m14.47s[0m   p(90)=[36m8.19s[0m    p(95)=[36m9.43s[0m   p(99)=[36m11.09s[0m  
     [32m✓[0m { feature:post }[2m.............:[0m avg=[36m4.02s[0m   min=[36m2.52ms[0m  med=[36m3.76s[0m    max=[36m15.83s[0m   p(90)=[36m7.9s[0m     p(95)=[36m9.24s[0m   p(99)=[36m11.03s[0m  
     [32m✓[0m { feature:reaction }[2m.........:[0m avg=[36m4.37s[0m   min=[36m18.67ms[0m med=[36m4.05s[0m    max=[36m14.07s[0m   p(90)=[36m8.57s[0m    p(95)=[36m9.43s[0m   p(99)=[36m12.86s[0m  
     [32m✓[0m { feature:school }[2m...........:[0m avg=[36m4.37s[0m   min=[36m5.05ms[0m  med=[36m4.06s[0m    max=[36m11.21s[0m   p(90)=[36m8.67s[0m    p(95)=[36m10.26s[0m  p(99)=[36m10.96s[0m  
     [32m✓[0m { feature:scrap }[2m............:[0m avg=[36m3.97s[0m   min=[36m16.5ms[0m  med=[36m3.92s[0m    max=[36m11.22s[0m   p(90)=[36m6.56s[0m    p(95)=[36m7.19s[0m   p(99)=[36m8.92s[0m   
     [32m✓[0m { feature:timetable }[2m........:[0m avg=[36m4.23s[0m   min=[36m3.29ms[0m  med=[36m3.88s[0m    max=[36m11.01s[0m   p(90)=[36m7.97s[0m    p(95)=[36m9.27s[0m   p(99)=[36m10.9s[0m   
     [32m✓[0m { op:auth }[2m..................:[0m avg=[36m1.83s[0m   min=[36m16.02ms[0m med=[36m1.42s[0m    max=[36m9.6s[0m     p(90)=[36m4.11s[0m    p(95)=[36m5.23s[0m   p(99)=[36m8.17s[0m   
     [31m✗[0m { op:read,phase:measure }[2m....:[0m avg=[36m5.8s[0m    min=[36m3.21ms[0m  med=[36m5.27s[0m    max=[36m20.39s[0m   p(90)=[36m9.78s[0m    p(95)=[36m11.05s[0m  p(99)=[36m15.19s[0m  
     [31m✗[0m { op:write,phase:measure }[2m...:[0m avg=[36m6.05s[0m   min=[36m55.74ms[0m med=[36m5.68s[0m    max=[36m16.97s[0m   p(90)=[36m9.79s[0m    p(95)=[36m10.95s[0m  p(99)=[36m14.06s[0m  
     [32m✓[0m { page:0 }[2m...................:[0m avg=[36m2.93s[0m   min=[36m2.89ms[0m  med=[36m2.41s[0m    max=[36m12.9s[0m    p(90)=[36m6.39s[0m    p(95)=[36m7.53s[0m   p(99)=[36m10.5s[0m   
     [32m✓[0m { page:1 }[2m...................:[0m avg=[36m2.88s[0m   min=[36m2.52ms[0m  med=[36m2.38s[0m    max=[36m14.03s[0m   p(90)=[36m5.93s[0m    p(95)=[36m7.9s[0m    p(99)=[36m13.08s[0m  
     [32m✓[0m { page:2 }[2m...................:[0m avg=[36m2.81s[0m   min=[36m3ms[0m     med=[36m2.32s[0m    max=[36m10.07s[0m   p(90)=[36m5.87s[0m    p(95)=[36m7.07s[0m   p(99)=[36m9.91s[0m   
     [32m✓[0m { page:3 }[2m...................:[0m avg=[36m3.18s[0m   min=[36m4.19ms[0m  med=[36m2.48s[0m    max=[36m13.16s[0m   p(90)=[36m6.47s[0m    p(95)=[36m7.52s[0m   p(99)=[36m10.34s[0m  
     [32m✓[0m { page:4 }[2m...................:[0m avg=[36m2.9s[0m    min=[36m3.87ms[0m  med=[36m1.88s[0m    max=[36m9.16s[0m    p(90)=[36m6.53s[0m    p(95)=[36m6.95s[0m   p(99)=[36m8.59s[0m   
     [32m✓[0m { phase:measure }[2m............:[0m avg=[36m5.81s[0m   min=[36m3.21ms[0m  med=[36m5.29s[0m    max=[36m20.39s[0m   p(90)=[36m9.78s[0m    p(95)=[36m11.04s[0m  p(99)=[36m15.12s[0m  
     [32m✓[0m { phase:rampdown }[2m...........:[0m avg=[36m3.51s[0m   min=[36m2.52ms[0m  med=[36m3.37s[0m    max=[36m17.6s[0m    p(90)=[36m6.33s[0m    p(95)=[36m7.22s[0m   p(99)=[36m12.65s[0m  
     [32m✓[0m { phase:warmup }[2m.............:[0m avg=[36m2.31s[0m   min=[36m2.73ms[0m  med=[36m1.99s[0m    max=[36m18.21s[0m   p(90)=[36m5.27s[0m    p(95)=[36m6.4s[0m    p(99)=[36m12.99s[0m  
     http_req_failed[2m................:[0m [36m0.00%[0m   [36;2m✓ 0[0m         [36;2m✗ 13946[0m
     [32m✓[0m { phase:measure }[2m............:[0m [36m0.00%[0m   [36;2m✓ 0[0m         [36;2m✗ 7468[0m 
     [32m✓[0m { phase:rampdown }[2m...........:[0m [36m0.00%[0m   [36;2m✓ 0[0m         [36;2m✗ 2383[0m 
     [32m✓[0m { phase:warmup }[2m.............:[0m [36m0.00%[0m   [36;2m✓ 0[0m         [36;2m✗ 4095[0m 
     http_req_receiving[2m.............:[0m avg=[36m1.73ms[0m  min=[36m21.87µs[0m med=[36m285.07µs[0m max=[36m307.19ms[0m p(90)=[36m805.97µs[0m p(95)=[36m3.34ms[0m  p(99)=[36m67.43ms[0m 
     http_req_sending[2m...............:[0m avg=[36m42.38µs[0m min=[36m6.11µs[0m  med=[36m34.19µs[0m  max=[36m1.79ms[0m   p(90)=[36m70.24µs[0m  p(95)=[36m88.35µs[0m p(99)=[36m165.04µs[0m
     http_req_tls_handshaking[2m.......:[0m avg=[36m0s[0m      min=[36m0s[0m      med=[36m0s[0m       max=[36m0s[0m       p(90)=[36m0s[0m       p(95)=[36m0s[0m      p(99)=[36m0s[0m      
     http_req_waiting[2m...............:[0m avg=[36m4.39s[0m   min=[36m2.34ms[0m  med=[36m3.97s[0m    max=[36m20.38s[0m   p(90)=[36m8.76s[0m    p(95)=[36m10.25s[0m  p(99)=[36m14.18s[0m  
     http_reqs[2m......................:[0m [36m13946[0m   [36;2m22.86816/s[0m
     [32m✓[0m { feature:auth }[2m.............:[0m [36m279[0m     [36;2m0.457494/s[0m
     [32m✓[0m { feature:board }[2m............:[0m [36m1286[0m    [36;2m2.108738/s[0m
     [32m✓[0m { feature:chat }[2m.............:[0m [36m1064[0m    [36;2m1.74471/s[0m
     [32m✓[0m { feature:comment }[2m..........:[0m [36m2507[0m    [36;2m4.11089/s[0m
     [32m✓[0m { feature:friend }[2m...........:[0m [36m228[0m     [36;2m0.373866/s[0m
     [32m✓[0m { feature:hot }[2m..............:[0m [36m1286[0m    [36;2m2.108738/s[0m
     [32m✓[0m { feature:mypage }[2m...........:[0m [36m182[0m     [36;2m0.298437/s[0m
     [32m✓[0m { feature:notification }[2m.....:[0m [36m568[0m     [36;2m0.931386/s[0m
     [32m✓[0m { feature:post }[2m.............:[0m [36m5975[0m    [36;2m9.797595/s[0m
     [32m✓[0m { feature:reaction }[2m.........:[0m [36m284[0m     [36;2m0.465693/s[0m
     [32m✓[0m { feature:school }[2m...........:[0m [36m123[0m     [36;2m0.201691/s[0m
     [32m✓[0m { feature:scrap }[2m............:[0m [36m65[0m      [36;2m0.106585/s[0m
     [32m✓[0m { feature:timetable }[2m........:[0m [36m99[0m      [36;2m0.162337/s[0m
     [32m✓[0m { op:auth }[2m..................:[0m [36m279[0m     [36;2m0.457494/s[0m
     [32m✓[0m { op:read }[2m..................:[0m [36m12602[0m   [36;2m20.664316/s[0m
     [32m✓[0m { op:write }[2m.................:[0m [36m1065[0m    [36;2m1.74635/s[0m
     [32m✓[0m { page:0 }[2m...................:[0m [36m707[0m     [36;2m1.159314/s[0m
     [32m✓[0m { page:1 }[2m...................:[0m [36m276[0m     [36;2m0.452575/s[0m
     [32m✓[0m { page:2 }[2m...................:[0m [36m135[0m     [36;2m0.221368/s[0m
     [32m✓[0m { page:3 }[2m...................:[0m [36m114[0m     [36;2m0.186933/s[0m
     [32m✓[0m { page:4 }[2m...................:[0m [36m54[0m      [36;2m0.088547/s[0m
     [32m✓[0m { phase:measure }[2m............:[0m [36m7468[0m    [36;2m12.245764/s[0m
     [32m✓[0m { phase:rampdown }[2m...........:[0m [36m2383[0m    [36;2m3.90756/s[0m
     [32m✓[0m { phase:warmup }[2m.............:[0m [36m4095[0m    [36;2m6.714837/s[0m
     iteration_duration[2m.............:[0m avg=[36m28.82s[0m  min=[36m1.05s[0m   med=[36m20.98s[0m   max=[36m1m45s[0m    p(90)=[36m1m2s[0m     p(95)=[36m1m12s[0m   p(99)=[36m1m26s[0m   
     iterations[2m.....................:[0m [36m3183[0m    [36;2m5.219371/s[0m
     [32m✓[0m { phase:measure }[2m............:[0m [36m0[0m       [36;2m0/s[0m
     [32m✓[0m { phase:rampdown }[2m...........:[0m [36m0[0m       [36;2m0/s[0m
     [32m✓[0m { phase:warmup }[2m.............:[0m [36m0[0m       [36;2m0/s[0m
     phase_iterations[2m...............:[0m [36m3183[0m    [36;2m5.219371/s[0m
     [32m✓[0m { phase:measure }[2m............:[0m [36m1704[0m    [36;2m2.794159/s[0m
     [32m✓[0m { phase:rampdown }[2m...........:[0m [36m621[0m     [36;2m1.018294/s[0m
     [32m✓[0m { phase:warmup }[2m.............:[0m [36m858[0m     [36;2m1.406918/s[0m
     vus[2m............................:[0m [36m1[0m       [36;2mmin=0[0m       [36;2mmax=200[0m
     vus_max[2m........................:[0m [36m200[0m     [36;2mmin=200[0m     [36;2mmax=200[0m
     ws_connecting[2m..................:[0m avg=[36m3.22s[0m   min=[36m2.66ms[0m  med=[36m2.98s[0m    max=[36m11.1s[0m    p(90)=[36m5.74s[0m    p(95)=[36m7.58s[0m   p(99)=[36m10.39s[0m  
     ws_msgs_received[2m...............:[0m [36m834[0m     [36;2m1.367564/s[0m
     ws_msgs_sent[2m...................:[0m [36m1072[0m    [36;2m1.757828/s[0m
     ws_session_duration[2m............:[0m avg=[36m25.32s[0m  min=[36m15.46s[0m  med=[36m25.11s[0m   max=[36m39.45s[0m   p(90)=[36m32.34s[0m   p(95)=[36m33.09s[0m  p(99)=[36m37.85s[0m  
     ws_sessions[2m....................:[0m [36m139[0m     [36;2m0.227927/s[0m
running (10m09.8s), 000/200 VUs, 3183 complete and 23 interrupted iterations
normal_day ✓ [ 100% ] 000/200 VUs  10m0s
  호스트(Windows) 117표본 · CPU 43.6% (max 56.0) · 주파수 115.7% (min 89.2) · 대기스레드 7.57 · 가용메모리 4741MB
  부하 중 벤치(warmup +60초, 3회 중앙값) · single 5945ms (유휴 대비 17.4%) · parallel 4843ms (유휴 대비 -16.3%) · ctxswitch 2779ms (유휴 대비 27.9%)

  실행 후 상태 sha256:baa2d1c8fd4f — chat_messages.maxId +794, chat_messages.count +788, posts.maxId +173, posts_reactions.maxId +145, posts.count +144 (외 13개)
    (지문 제외 항목: posts.sumViewCount +3742, daily_hot_post.count +51)
Prometheus 스크레이프 대기 20초...

══════════════════════════════════════════════════════════════════════════
  Performance Report — normal-day   Run #93   ❌ FAIL
══════════════════════════════════════════════════════════════════════════
  환경 perf  |  브랜치 personal/localdocs  |  커밋 3e96d946  |  빌드 local
  시작 2026-08-19 17:21:17 KST  |  수행 10m 10s  |  VU max 200
  데이터셋 medium  |  부하 ramping-vus 0→200@3m0s→200@5m0s→0@2m0s

  ── 성능 (measure 구간) ─────────────────────────────────────────
  평균 5.82s     P95 11.04s    P99 15.12s   
  RPS  24.9      TPS 5.68      오류율 0.00%

  ── 인프라 ────────────────────────────────────────────────────────
  CPU  2.00 core (한계의 100%)   throttled 99.9%
  Heap 787 MB (77%)   GC max 200ms × 121회
  DB   slow 1,051  QPS 7,290  풀 100%  대기 174
  Redis hit 98.3%  ops 160.8/s  evicted 0

  ── 회귀 (기준: normal-day-2026-08-19T08-18-43) ────────────────
  ⚠  기준선은 당시 k6 threshold 미통과 실행입니다, 당시 Node 판정 FAIL.
     아래 증감률은 개선/악화 폭이며 현재 SLO 통과를 뜻하지 않습니다.
  ❌ P95 응답시간                   10.11s → 11.04s (+9.2%)
       11044 > 상한 500
  ❌ P99 응답시간                   14.41s → 15.12s (+5.0%)
       15123 > 상한 1200
  ⚠️  평균 응답시간                    5.11s → 5.82s (+13.9%)
       직전 대비 +13.9% 악화 (경고 10%)
  ❌ CPU 포화도 (한계 대비 최대)         100.1% → 100.1% (+0.0%)
       100 > 상한 95.00
  ❌ CPU throttling 비율          100.0% → 99.9% (-0.1%)
       99.93 > 상한 10.00
  ⚠️  GC 최대 정지시간                 101ms → 200ms (+98.0%)
       직전 대비 +98.0% 악화 (경고 30%)
  ❌ HikariCP 포화도               100.0% → 100.0% (0.0%)
       100 > 상한 95.00
  ❌ HikariCP 대기 스레드 최대         172 → 174 (+1.2%)
       174 > 상한 5.00
  ❌ 커넥션 획득 p95                 5.57s → 6.21s (+11.3%)
       6206 > 상한 100

  ── 병목 가설 ─────────────────────────────────────────────────────
  • CPU throttling 발생
    cgroup이 CPU를 강제 회수한 주기가 99.9%다. CPU 한계(2 core)를 올리거나 요청당 CPU 사용을 줄여야 p99가 안정된다.
  • DB 커넥션 풀 대기 발생
    최대 174개 스레드가 커넥션을 기다렸다. 풀 크기(10)가 동시성 대비 부족하거나, 커넥션 보유 시간이 긴 쿼리가 있다.
  • DB 커넥션 풀 포화
    풀 사용률이 100%까지 올라갔다. 여유가 거의 없어 부하가 조금만 늘어도 대기가 생긴다.
  • CPU 포화
    CPU 사용이 한계의 100%에 도달했다.

  보고서 : reports\runs\normal-day-2026-08-19T08-31-27\report.html
  Grafana(전체 실행): http://localhost:3001/d/htd-perf-overview/highteenday-performance-overview?from=1787127557591&to=1787128407435
  Grafana(measure) : http://localhost:3001/d/htd-perf-overview/highteenday-performance-overview?from=1787127737591&to=1787128277591
══════════════════════════════════════════════════════════════════════════

  [4/10] p95 11044.4ms · 평균 5816.3ms · 서버측 5690.9ms · 경로 125.3ms

──────── [5/10] 리셋 (restart) ────────

▶ k6 run scenarios/normal-day.js
  브랜치 personal/localdocs · 커밋 3e96d9463207 · 실행자 user@DESKTOP-DJJPASG
  환경 perf · "E-46 우선순위 7 — 예열인가 드리프트인가(연속 10회, 부하 중 벤치 포함) — repeatability 5/10"
  데이터셋 medium · 상태 sha256:baa2d1c8fd4f (130ms)
  캐시 cold (키 0개)
  guard strict — 상태 불일치 시 스냅샷 복원 후 재확인 [perf.config.json]
    guard=strict — 스냅샷으로 복원합니다.
▶ 복원 — medium-20260816-062210 → perf-mysql-data-medium
  앱·MySQL 정지
  MySQL 기동
  Redis FLUSHALL (복원 후 캐시는 cold 다)
  앱 기동
  복원 후 상태 지문 sha256:ffe696d17416 = 스냅샷 일치

✅ 복원 완료 · 소요 5.3초 (압축 해제 구간)

  부하 발생기: 컨테이너 perf-k6 (grafana/k6:2.1.0, CPU 상한 4)
  k6 지표 전송: http://prometheus:9090/api/v1/write (native histogram, 5s 간격)
  환경 대조 벤치 실행 중(3축 3회, 약 40초)... single 4895ms · parallel 4508ms · ctxswitch 2155ms
  부하 중 벤치 예약: k6 시작 +60초 (warmup 구간, 3회)

         /\      Grafana   /‾‾/  
    /\  /  \     |\  __   /  /   
   /  \/    \    | |/ /  /   ‾‾\ 
  /          \   |   (  |  (‾)  |
 / __________ \  |_|\_\  \_____/ 


     execution: local
        script: scenarios/normal-day.js
        output: Prometheus remote write (http://prometheus:9090/api/v1/write)

     scenarios: (100.00%) 1 scenario, 200 max VUs, 10m30s max duration (incl. graceful stop):
              * normal_day: Up to 200 looping VUs for 10m0s over 3 stages (gracefulRampDown: 30s, gracefulStop: 30s)


running (00m00.8s), 000/200 VUs, 0 complete and 0 interrupted iterations
normal_day   [   0% ] 000/200 VUs  00m00.8s/10m00.0s

running (00m01.8s), 001/200 VUs, 0 complete and 0 interrupted iterations
normal_day   [   0% ] 001/200 VUs  00m01.8s/10m00.0s

running (00m02.8s), 003/200 VUs, 0 complete and 0 interrupted iterations
normal_day   [   0% ] 003/200 VUs  00m02.8s/10m00.0s

running (00m03.8s), 004/200 VUs, 0 complete and 0 interrupted iterations
normal_day   [   1% ] 004/200 VUs  00m03.8s/10m00.0s

running (00m04.8s), 005/200 VUs, 0 complete and 0 interrupted iterations
normal_day   [   1% ] 005/200 VUs  00m04.8s/10m00.0s

running (00m05.8s), 006/200 VUs, 0 complete and 0 interrupted iterations
normal_day   [   1% ] 006/200 VUs  00m05.8s/10m00.0s

running (00m06.8s), 007/200 VUs, 1 complete and 0 interrupted iterations
normal_day   [   1% ] 007/200 VUs  00m06.8s/10m00.0s

running (00m07.8s), 008/200 VUs, 1 complete and 0 interrupted iterations
normal_day   [   1% ] 008/200 VUs  00m07.8s/10m00.0s

running (00m08.8s), 009/200 VUs, 2 complete and 0 interrupted iterations
normal_day   [   1% ] 009/200 VUs  00m08.8s/10m00.0s

running (00m09.8s), 010/200 VUs, 2 complete and 0 interrupted iterations
normal_day   [   2% ] 010/200 VUs  00m09.8s/10m00.0s

running (00m10.8s), 011/200 VUs, 4 complete and 0 interrupted iterations
normal_day   [   2% ] 011/200 VUs  00m10.8s/10m00.0s

running (00m11.8s), 013/200 VUs, 6 complete and 0 interrupted iterations
normal_day   [   2% ] 013/200 VUs  00m11.8s/10m00.0s

running (00m12.8s), 014/200 VUs, 7 complete and 0 interrupted iterations
normal_day   [   2% ] 014/200 VUs  00m12.8s/10m00.0s

running (00m13.8s), 015/200 VUs, 9 complete and 0 interrupted iterations
normal_day   [   2% ] 015/200 VUs  00m13.8s/10m00.0s

running (00m14.8s), 016/200 VUs, 10 complete and 0 interrupted iterations
normal_day   [   2% ] 016/200 VUs  00m14.8s/10m00.0s

running (00m15.8s), 017/200 VUs, 11 complete and 0 interrupted iterations
normal_day   [   3% ] 017/200 VUs  00m15.8s/10m00.0s

running (00m16.8s), 018/200 VUs, 11 complete and 0 interrupted iterations
normal_day   [   3% ] 018/200 VUs  00m16.8s/10m00.0s

running (00m17.8s), 019/200 VUs, 13 complete and 0 interrupted iterations
normal_day   [   3% ] 019/200 VUs  00m17.8s/10m00.0s

running (00m18.8s), 020/200 VUs, 13 complete and 0 interrupted iterations
normal_day   [   3% ] 020/200 VUs  00m18.8s/10m00.0s

running (00m19.8s), 021/200 VUs, 13 complete and 0 interrupted iterations
normal_day   [   3% ] 021/200 VUs  00m19.8s/10m00.0s

running (00m20.8s), 023/200 VUs, 14 complete and 0 interrupted iterations
normal_day   [   3% ] 023/200 VUs  00m20.8s/10m00.0s

running (00m21.8s), 024/200 VUs, 15 complete and 0 interrupted iterations
normal_day   [   4% ] 024/200 VUs  00m21.8s/10m00.0s

running (00m22.8s), 025/200 VUs, 15 complete and 0 interrupted iterations
normal_day   [   4% ] 025/200 VUs  00m22.8s/10m00.0s

running (00m23.8s), 026/200 VUs, 16 complete and 0 interrupted iterations
normal_day   [   4% ] 026/200 VUs  00m23.8s/10m00.0s

running (00m24.8s), 027/200 VUs, 17 complete and 0 interrupted iterations
normal_day   [   4% ] 027/200 VUs  00m24.8s/10m00.0s

running (00m25.8s), 028/200 VUs, 18 complete and 0 interrupted iterations
normal_day   [   4% ] 028/200 VUs  00m25.8s/10m00.0s

running (00m26.8s), 029/200 VUs, 18 complete and 0 interrupted iterations
normal_day   [   4% ] 029/200 VUs  00m26.8s/10m00.0s

running (00m27.8s), 030/200 VUs, 20 complete and 0 interrupted iterations
normal_day   [   5% ] 030/200 VUs  00m27.8s/10m00.0s

running (00m28.8s), 031/200 VUs, 21 complete and 0 interrupted iterations
normal_day   [   5% ] 031/200 VUs  00m28.8s/10m00.0s

running (00m29.8s), 033/200 VUs, 21 complete and 0 interrupted iterations
normal_day   [   5% ] 033/200 VUs  00m29.8s/10m00.0s

running (00m30.8s), 034/200 VUs, 23 complete and 0 interrupted iterations
normal_day   [   5% ] 034/200 VUs  00m30.8s/10m00.0s

running (00m31.8s), 035/200 VUs, 24 complete and 0 interrupted iterations
normal_day   [   5% ] 035/200 VUs  00m31.8s/10m00.0s

running (00m32.8s), 036/200 VUs, 27 complete and 0 interrupted iterations
normal_day   [   5% ] 036/200 VUs  00m32.8s/10m00.0s

running (00m33.8s), 037/200 VUs, 28 complete and 0 interrupted iterations
normal_day   [   6% ] 037/200 VUs  00m33.8s/10m00.0s

running (00m34.8s), 038/200 VUs, 29 complete and 0 interrupted iterations
normal_day   [   6% ] 038/200 VUs  00m34.8s/10m00.0s

running (00m35.8s), 039/200 VUs, 30 complete and 0 interrupted iterations
normal_day   [   6% ] 039/200 VUs  00m35.8s/10m00.0s

running (00m36.8s), 040/200 VUs, 31 complete and 0 interrupted iterations
normal_day   [   6% ] 040/200 VUs  00m36.8s/10m00.0s

running (00m37.8s), 041/200 VUs, 35 complete and 0 interrupted iterations
normal_day   [   6% ] 041/200 VUs  00m37.8s/10m00.0s

running (00m38.8s), 043/200 VUs, 37 complete and 0 interrupted iterations
normal_day   [   6% ] 043/200 VUs  00m38.8s/10m00.0s

running (00m39.8s), 044/200 VUs, 38 complete and 0 interrupted iterations
normal_day   [   7% ] 044/200 VUs  00m39.8s/10m00.0s

running (00m40.8s), 045/200 VUs, 42 complete and 0 interrupted iterations
normal_day   [   7% ] 045/200 VUs  00m40.8s/10m00.0s

running (00m41.8s), 046/200 VUs, 45 complete and 0 interrupted iterations
normal_day   [   7% ] 046/200 VUs  00m41.8s/10m00.0s

running (00m42.8s), 047/200 VUs, 48 complete and 0 interrupted iterations
normal_day   [   7% ] 047/200 VUs  00m42.8s/10m00.0s

running (00m43.8s), 048/200 VUs, 50 complete and 0 interrupted iterations
normal_day   [   7% ] 048/200 VUs  00m43.8s/10m00.0s

running (00m44.8s), 049/200 VUs, 50 complete and 0 interrupted iterations
normal_day   [   7% ] 049/200 VUs  00m44.8s/10m00.0s

running (00m45.8s), 050/200 VUs, 52 complete and 0 interrupted iterations
normal_day   [   8% ] 050/200 VUs  00m45.8s/10m00.0s

running (00m46.8s), 051/200 VUs, 53 complete and 0 interrupted iterations
normal_day   [   8% ] 051/200 VUs  00m46.8s/10m00.0s

running (00m47.8s), 053/200 VUs, 56 complete and 0 interrupted iterations
normal_day   [   8% ] 053/200 VUs  00m47.8s/10m00.0s

running (00m48.8s), 054/200 VUs, 59 complete and 0 interrupted iterations
normal_day   [   8% ] 054/200 VUs  00m48.8s/10m00.0s

running (00m49.8s), 055/200 VUs, 62 complete and 0 interrupted iterations
normal_day   [   8% ] 055/200 VUs  00m49.8s/10m00.0s

running (00m50.8s), 056/200 VUs, 65 complete and 0 interrupted iterations
normal_day   [   8% ] 056/200 VUs  00m50.8s/10m00.0s

running (00m51.8s), 057/200 VUs, 68 complete and 0 interrupted iterations
normal_day   [   9% ] 057/200 VUs  00m51.8s/10m00.0s

running (00m52.8s), 058/200 VUs, 71 complete and 0 interrupted iterations
normal_day   [   9% ] 058/200 VUs  00m52.8s/10m00.0s

running (00m53.8s), 059/200 VUs, 74 complete and 0 interrupted iterations
normal_day   [   9% ] 059/200 VUs  00m53.8s/10m00.0s

running (00m54.8s), 060/200 VUs, 79 complete and 0 interrupted iterations
normal_day   [   9% ] 060/200 VUs  00m54.8s/10m00.0s

running (00m55.8s), 061/200 VUs, 83 complete and 0 interrupted iterations
normal_day   [   9% ] 061/200 VUs  00m55.8s/10m00.0s

running (00m56.8s), 063/200 VUs, 84 complete and 0 interrupted iterations
normal_day   [   9% ] 063/200 VUs  00m56.8s/10m00.0s

running (00m57.8s), 064/200 VUs, 89 complete and 0 interrupted iterations
normal_day   [  10% ] 064/200 VUs  00m57.8s/10m00.0s

running (00m58.8s), 065/200 VUs, 90 complete and 0 interrupted iterations
normal_day   [  10% ] 065/200 VUs  00m58.8s/10m00.0s

running (00m59.8s), 066/200 VUs, 94 complete and 0 interrupted iterations
normal_day   [  10% ] 066/200 VUs  00m59.8s/10m00.0s

running (01m00.8s), 067/200 VUs, 98 complete and 0 interrupted iterations
normal_day   [  10% ] 067/200 VUs  01m00.8s/10m00.0s

running (01m01.8s), 068/200 VUs, 102 complete and 0 interrupted iterations
normal_day   [  10% ] 068/200 VUs  01m01.8s/10m00.0s

running (01m02.8s), 069/200 VUs, 107 complete and 0 interrupted iterations
normal_day   [  10% ] 069/200 VUs  01m02.8s/10m00.0s

running (01m03.8s), 070/200 VUs, 109 complete and 0 interrupted iterations
normal_day   [  11% ] 070/200 VUs  01m03.8s/10m00.0s

running (01m04.8s), 071/200 VUs, 112 complete and 0 interrupted iterations
normal_day   [  11% ] 071/200 VUs  01m04.8s/10m00.0s

running (01m05.8s), 073/200 VUs, 112 complete and 0 interrupted iterations
normal_day   [  11% ] 073/200 VUs  01m05.8s/10m00.0s

running (01m06.8s), 074/200 VUs, 120 complete and 0 interrupted iterations
normal_day   [  11% ] 074/200 VUs  01m06.8s/10m00.0s

running (01m07.8s), 075/200 VUs, 127 complete and 0 interrupted iterations
normal_day   [  11% ] 075/200 VUs  01m07.8s/10m00.0s

running (01m08.8s), 076/200 VUs, 129 complete and 0 interrupted iterations
normal_day   [  11% ] 076/200 VUs  01m08.8s/10m00.0s

running (01m09.8s), 077/200 VUs, 133 complete and 0 interrupted iterations
normal_day   [  12% ] 077/200 VUs  01m09.8s/10m00.0s

running (01m10.8s), 078/200 VUs, 138 complete and 0 interrupted iterations
normal_day   [  12% ] 078/200 VUs  01m10.8s/10m00.0s

running (01m11.8s), 079/200 VUs, 146 complete and 0 interrupted iterations
normal_day   [  12% ] 079/200 VUs  01m11.8s/10m00.0s

running (01m12.8s), 080/200 VUs, 152 complete and 0 interrupted iterations
normal_day   [  12% ] 080/200 VUs  01m12.8s/10m00.0s

running (01m13.8s), 081/200 VUs, 156 complete and 0 interrupted iterations
normal_day   [  12% ] 081/200 VUs  01m13.8s/10m00.0s

running (01m14.8s), 083/200 VUs, 160 complete and 0 interrupted iterations
normal_day   [  12% ] 083/200 VUs  01m14.8s/10m00.0s

running (01m15.8s), 084/200 VUs, 164 complete and 0 interrupted iterations
normal_day   [  13% ] 084/200 VUs  01m15.8s/10m00.0s

running (01m16.8s), 085/200 VUs, 169 complete and 0 interrupted iterations
normal_day   [  13% ] 085/200 VUs  01m16.8s/10m00.0s

running (01m17.8s), 086/200 VUs, 172 complete and 0 interrupted iterations
normal_day   [  13% ] 086/200 VUs  01m17.8s/10m00.0s

running (01m18.8s), 087/200 VUs, 173 complete and 0 interrupted iterations
normal_day   [  13% ] 087/200 VUs  01m18.8s/10m00.0s

running (01m19.8s), 088/200 VUs, 177 complete and 0 interrupted iterations
normal_day   [  13% ] 088/200 VUs  01m19.8s/10m00.0s

running (01m20.8s), 089/200 VUs, 182 complete and 0 interrupted iterations
normal_day   [  13% ] 089/200 VUs  01m20.8s/10m00.0s

running (01m21.8s), 090/200 VUs, 189 complete and 0 interrupted iterations
normal_day   [  14% ] 090/200 VUs  01m21.8s/10m00.0s

running (01m22.8s), 091/200 VUs, 191 complete and 0 interrupted iterations
normal_day   [  14% ] 091/200 VUs  01m22.8s/10m00.0s

running (01m23.8s), 093/200 VUs, 196 complete and 0 interrupted iterations
normal_day   [  14% ] 093/200 VUs  01m23.8s/10m00.0s

running (01m24.8s), 094/200 VUs, 199 complete and 0 interrupted iterations
normal_day   [  14% ] 094/200 VUs  01m24.8s/10m00.0s

running (01m25.8s), 095/200 VUs, 202 complete and 0 interrupted iterations
normal_day   [  14% ] 095/200 VUs  01m25.8s/10m00.0s

running (01m26.8s), 096/200 VUs, 207 complete and 0 interrupted iterations
normal_day   [  14% ] 096/200 VUs  01m26.8s/10m00.0s

running (01m27.8s), 097/200 VUs, 211 complete and 0 interrupted iterations
normal_day   [  15% ] 097/200 VUs  01m27.8s/10m00.0s

running (01m28.8s), 098/200 VUs, 214 complete and 0 interrupted iterations
normal_day   [  15% ] 098/200 VUs  01m28.8s/10m00.0s

running (01m29.8s), 099/200 VUs, 217 complete and 0 interrupted iterations
normal_day   [  15% ] 099/200 VUs  01m29.8s/10m00.0s

running (01m30.8s), 100/200 VUs, 220 complete and 0 interrupted iterations
normal_day   [  15% ] 100/200 VUs  01m30.8s/10m00.0s

running (01m31.8s), 101/200 VUs, 225 complete and 0 interrupted iterations
normal_day   [  15% ] 101/200 VUs  01m31.8s/10m00.0s

running (01m32.8s), 103/200 VUs, 227 complete and 0 interrupted iterations
normal_day   [  15% ] 103/200 VUs  01m32.8s/10m00.0s

running (01m33.8s), 104/200 VUs, 229 complete and 0 interrupted iterations
normal_day   [  16% ] 104/200 VUs  01m33.8s/10m00.0s

running (01m34.8s), 105/200 VUs, 229 complete and 0 interrupted iterations
normal_day   [  16% ] 105/200 VUs  01m34.8s/10m00.0s

running (01m35.8s), 106/200 VUs, 235 complete and 0 interrupted iterations
normal_day   [  16% ] 106/200 VUs  01m35.8s/10m00.0s

running (01m36.8s), 107/200 VUs, 237 complete and 0 interrupted iterations
normal_day   [  16% ] 107/200 VUs  01m36.8s/10m00.0s

running (01m37.8s), 108/200 VUs, 238 complete and 0 interrupted iterations
normal_day   [  16% ] 108/200 VUs  01m37.8s/10m00.0s

running (01m38.8s), 109/200 VUs, 242 complete and 0 interrupted iterations
normal_day   [  16% ] 109/200 VUs  01m38.8s/10m00.0s

running (01m39.8s), 110/200 VUs, 246 complete and 0 interrupted iterations
normal_day   [  17% ] 110/200 VUs  01m39.8s/10m00.0s

running (01m40.8s), 111/200 VUs, 249 complete and 0 interrupted iterations
normal_day   [  17% ] 111/200 VUs  01m40.8s/10m00.0s

running (01m41.8s), 113/200 VUs, 252 complete and 0 interrupted iterations
normal_day   [  17% ] 113/200 VUs  01m41.8s/10m00.0s

running (01m42.8s), 114/200 VUs, 256 complete and 0 interrupted iterations
normal_day   [  17% ] 114/200 VUs  01m42.8s/10m00.0s

running (01m43.8s), 115/200 VUs, 257 complete and 0 interrupted iterations
normal_day   [  17% ] 115/200 VUs  01m43.8s/10m00.0s

running (01m44.8s), 116/200 VUs, 260 complete and 0 interrupted iterations
normal_day   [  17% ] 116/200 VUs  01m44.8s/10m00.0s

running (01m45.8s), 117/200 VUs, 270 complete and 0 interrupted iterations
normal_day   [  18% ] 117/200 VUs  01m45.8s/10m00.0s

running (01m46.8s), 118/200 VUs, 277 complete and 0 interrupted iterations
normal_day   [  18% ] 118/200 VUs  01m46.8s/10m00.0s

running (01m47.8s), 119/200 VUs, 282 complete and 0 interrupted iterations
normal_day   [  18% ] 119/200 VUs  01m47.8s/10m00.0s

running (01m48.8s), 120/200 VUs, 285 complete and 0 interrupted iterations
normal_day   [  18% ] 120/200 VUs  01m48.8s/10m00.0s

running (01m49.8s), 121/200 VUs, 292 complete and 0 interrupted iterations
normal_day   [  18% ] 121/200 VUs  01m49.8s/10m00.0s

running (01m50.8s), 123/200 VUs, 295 complete and 0 interrupted iterations
normal_day   [  18% ] 123/200 VUs  01m50.8s/10m00.0s

running (01m51.8s), 124/200 VUs, 298 complete and 0 interrupted iterations
normal_day   [  19% ] 124/200 VUs  01m51.8s/10m00.0s

running (01m52.8s), 125/200 VUs, 306 complete and 0 interrupted iterations
normal_day   [  19% ] 125/200 VUs  01m52.8s/10m00.0s

running (01m53.8s), 126/200 VUs, 309 complete and 0 interrupted iterations
normal_day   [  19% ] 126/200 VUs  01m53.8s/10m00.0s

running (01m54.8s), 127/200 VUs, 314 complete and 0 interrupted iterations
normal_day   [  19% ] 127/200 VUs  01m54.8s/10m00.0s

running (01m55.8s), 128/200 VUs, 326 complete and 0 interrupted iterations
normal_day   [  19% ] 128/200 VUs  01m55.8s/10m00.0s

running (01m56.8s), 129/200 VUs, 336 complete and 0 interrupted iterations
normal_day   [  19% ] 129/200 VUs  01m56.8s/10m00.0s

running (01m57.8s), 130/200 VUs, 345 complete and 0 interrupted iterations
normal_day   [  20% ] 130/200 VUs  01m57.8s/10m00.0s

running (01m58.8s), 131/200 VUs, 349 complete and 0 interrupted iterations
normal_day   [  20% ] 131/200 VUs  01m58.8s/10m00.0s

running (01m59.8s), 133/200 VUs, 355 complete and 0 interrupted iterations
normal_day   [  20% ] 133/200 VUs  01m59.8s/10m00.0s

running (02m00.8s), 134/200 VUs, 361 complete and 0 interrupted iterations
normal_day   [  20% ] 134/200 VUs  02m00.8s/10m00.0s

running (02m01.8s), 135/200 VUs, 368 complete and 0 interrupted iterations
normal_day   [  20% ] 135/200 VUs  02m01.8s/10m00.0s

running (02m02.8s), 136/200 VUs, 373 complete and 0 interrupted iterations
normal_day   [  20% ] 136/200 VUs  02m02.8s/10m00.0s

running (02m03.8s), 137/200 VUs, 376 complete and 0 interrupted iterations
normal_day   [  21% ] 137/200 VUs  02m03.8s/10m00.0s

running (02m04.8s), 138/200 VUs, 391 complete and 0 interrupted iterations
normal_day   [  21% ] 138/200 VUs  02m04.8s/10m00.0s

running (02m05.8s), 139/200 VUs, 400 complete and 0 interrupted iterations
normal_day   [  21% ] 139/200 VUs  02m05.8s/10m00.0s

running (02m06.8s), 140/200 VUs, 410 complete and 0 interrupted iterations
normal_day   [  21% ] 140/200 VUs  02m06.8s/10m00.0s

running (02m07.8s), 141/200 VUs, 419 complete and 0 interrupted iterations
normal_day   [  21% ] 141/200 VUs  02m07.8s/10m00.0s

running (02m08.8s), 143/200 VUs, 425 complete and 0 interrupted iterations
normal_day   [  21% ] 143/200 VUs  02m08.8s/10m00.0s

running (02m09.8s), 144/200 VUs, 429 complete and 0 interrupted iterations
normal_day   [  22% ] 144/200 VUs  02m09.8s/10m00.0s

running (02m10.8s), 145/200 VUs, 430 complete and 0 interrupted iterations
normal_day   [  22% ] 145/200 VUs  02m10.8s/10m00.0s

running (02m11.8s), 146/200 VUs, 431 complete and 0 interrupted iterations
normal_day   [  22% ] 146/200 VUs  02m11.8s/10m00.0s

running (02m12.8s), 147/200 VUs, 436 complete and 0 interrupted iterations
normal_day   [  22% ] 147/200 VUs  02m12.8s/10m00.0s

running (02m13.8s), 148/200 VUs, 437 complete and 0 interrupted iterations
normal_day   [  22% ] 148/200 VUs  02m13.8s/10m00.0s

running (02m14.8s), 149/200 VUs, 440 complete and 0 interrupted iterations
normal_day   [  22% ] 149/200 VUs  02m14.8s/10m00.0s

running (02m15.8s), 150/200 VUs, 442 complete and 0 interrupted iterations
normal_day   [  23% ] 150/200 VUs  02m15.8s/10m00.0s

running (02m16.8s), 151/200 VUs, 452 complete and 0 interrupted iterations
normal_day   [  23% ] 151/200 VUs  02m16.8s/10m00.0s

running (02m17.8s), 153/200 VUs, 463 complete and 0 interrupted iterations
normal_day   [  23% ] 153/200 VUs  02m17.8s/10m00.0s

running (02m18.8s), 154/200 VUs, 471 complete and 0 interrupted iterations
normal_day   [  23% ] 154/200 VUs  02m18.8s/10m00.0s

running (02m19.8s), 155/200 VUs, 475 complete and 0 interrupted iterations
normal_day   [  23% ] 155/200 VUs  02m19.8s/10m00.0s

running (02m20.8s), 156/200 VUs, 477 complete and 0 interrupted iterations
normal_day   [  23% ] 156/200 VUs  02m20.8s/10m00.0s

running (02m21.8s), 157/200 VUs, 487 complete and 0 interrupted iterations
normal_day   [  24% ] 157/200 VUs  02m21.8s/10m00.0s

running (02m22.8s), 158/200 VUs, 493 complete and 0 interrupted iterations
normal_day   [  24% ] 158/200 VUs  02m22.8s/10m00.0s

running (02m23.8s), 159/200 VUs, 504 complete and 0 interrupted iterations
normal_day   [  24% ] 159/200 VUs  02m23.8s/10m00.0s

running (02m24.8s), 160/200 VUs, 510 complete and 0 interrupted iterations
normal_day   [  24% ] 160/200 VUs  02m24.8s/10m00.0s

running (02m25.8s), 161/200 VUs, 512 complete and 0 interrupted iterations
normal_day   [  24% ] 161/200 VUs  02m25.8s/10m00.0s

running (02m26.8s), 163/200 VUs, 515 complete and 0 interrupted iterations
normal_day   [  24% ] 163/200 VUs  02m26.8s/10m00.0s

running (02m27.8s), 164/200 VUs, 519 complete and 0 interrupted iterations
normal_day   [  25% ] 164/200 VUs  02m27.8s/10m00.0s

running (02m28.8s), 165/200 VUs, 533 complete and 0 interrupted iterations
normal_day   [  25% ] 165/200 VUs  02m28.8s/10m00.0s

running (02m29.8s), 166/200 VUs, 542 complete and 0 interrupted iterations
normal_day   [  25% ] 166/200 VUs  02m29.8s/10m00.0s

running (02m30.8s), 167/200 VUs, 552 complete and 0 interrupted iterations
normal_day   [  25% ] 167/200 VUs  02m30.8s/10m00.0s

running (02m31.8s), 168/200 VUs, 555 complete and 0 interrupted iterations
normal_day   [  25% ] 168/200 VUs  02m31.8s/10m00.0s

running (02m32.8s), 169/200 VUs, 557 complete and 0 interrupted iterations
normal_day   [  25% ] 169/200 VUs  02m32.8s/10m00.0s

running (02m33.8s), 170/200 VUs, 565 complete and 0 interrupted iterations
normal_day   [  26% ] 170/200 VUs  02m33.8s/10m00.0s

running (02m34.8s), 171/200 VUs, 576 complete and 0 interrupted iterations
normal_day   [  26% ] 171/200 VUs  02m34.8s/10m00.0s

running (02m35.8s), 173/200 VUs, 582 complete and 0 interrupted iterations
normal_day   [  26% ] 173/200 VUs  02m35.8s/10m00.0s

running (02m36.8s), 174/200 VUs, 584 complete and 0 interrupted iterations
normal_day   [  26% ] 174/200 VUs  02m36.8s/10m00.0s

running (02m37.8s), 175/200 VUs, 594 complete and 0 interrupted iterations
normal_day   [  26% ] 175/200 VUs  02m37.8s/10m00.0s

running (02m38.8s), 176/200 VUs, 611 complete and 0 interrupted iterations
normal_day   [  26% ] 176/200 VUs  02m38.8s/10m00.0s

running (02m39.8s), 177/200 VUs, 618 complete and 0 interrupted iterations
normal_day   [  27% ] 177/200 VUs  02m39.8s/10m00.0s

running (02m40.8s), 178/200 VUs, 630 complete and 0 interrupted iterations
normal_day   [  27% ] 178/200 VUs  02m40.8s/10m00.0s

running (02m41.8s), 179/200 VUs, 639 complete and 0 interrupted iterations
normal_day   [  27% ] 179/200 VUs  02m41.8s/10m00.0s

running (02m42.8s), 180/200 VUs, 647 complete and 0 interrupted iterations
normal_day   [  27% ] 180/200 VUs  02m42.8s/10m00.0s

running (02m43.8s), 181/200 VUs, 652 complete and 0 interrupted iterations
normal_day   [  27% ] 181/200 VUs  02m43.8s/10m00.0s

running (02m44.8s), 183/200 VUs, 655 complete and 0 interrupted iterations
normal_day   [  27% ] 183/200 VUs  02m44.8s/10m00.0s

running (02m45.8s), 184/200 VUs, 658 complete and 0 interrupted iterations
normal_day   [  28% ] 184/200 VUs  02m45.8s/10m00.0s

running (02m46.8s), 185/200 VUs, 663 complete and 0 interrupted iterations
normal_day   [  28% ] 185/200 VUs  02m46.8s/10m00.0s

running (02m47.8s), 186/200 VUs, 667 complete and 0 interrupted iterations
normal_day   [  28% ] 186/200 VUs  02m47.8s/10m00.0s

running (02m48.8s), 187/200 VUs, 671 complete and 0 interrupted iterations
normal_day   [  28% ] 187/200 VUs  02m48.8s/10m00.0s

running (02m49.8s), 188/200 VUs, 675 complete and 0 interrupted iterations
normal_day   [  28% ] 188/200 VUs  02m49.8s/10m00.0s

running (02m50.8s), 189/200 VUs, 683 complete and 0 interrupted iterations
normal_day   [  28% ] 189/200 VUs  02m50.8s/10m00.0s

running (02m51.8s), 190/200 VUs, 689 complete and 0 interrupted iterations
normal_day   [  29% ] 190/200 VUs  02m51.8s/10m00.0s

running (02m52.8s), 191/200 VUs, 690 complete and 0 interrupted iterations
normal_day   [  29% ] 191/200 VUs  02m52.8s/10m00.0s

running (02m53.8s), 193/200 VUs, 693 complete and 0 interrupted iterations
normal_day   [  29% ] 193/200 VUs  02m53.8s/10m00.0s

running (02m54.8s), 194/200 VUs, 695 complete and 0 interrupted iterations
normal_day   [  29% ] 194/200 VUs  02m54.8s/10m00.0s

running (02m55.8s), 195/200 VUs, 700 complete and 0 interrupted iterations
normal_day   [  29% ] 195/200 VUs  02m55.8s/10m00.0s

running (02m56.8s), 196/200 VUs, 704 complete and 0 interrupted iterations
normal_day   [  29% ] 196/200 VUs  02m56.8s/10m00.0s

running (02m57.8s), 197/200 VUs, 709 complete and 0 interrupted iterations
normal_day   [  30% ] 197/200 VUs  02m57.8s/10m00.0s

running (02m58.8s), 198/200 VUs, 712 complete and 0 interrupted iterations
normal_day   [  30% ] 198/200 VUs  02m58.8s/10m00.0s

running (02m59.8s), 199/200 VUs, 715 complete and 0 interrupted iterations
normal_day   [  30% ] 199/200 VUs  02m59.8s/10m00.0s

running (03m00.8s), 200/200 VUs, 716 complete and 0 interrupted iterations
normal_day   [  30% ] 200/200 VUs  03m00.8s/10m00.0s

running (03m01.8s), 200/200 VUs, 728 complete and 0 interrupted iterations
normal_day   [  30% ] 200/200 VUs  03m01.8s/10m00.0s

running (03m02.8s), 200/200 VUs, 735 complete and 0 interrupted iterations
normal_day   [  30% ] 200/200 VUs  03m02.8s/10m00.0s

running (03m03.8s), 200/200 VUs, 749 complete and 0 interrupted iterations
normal_day   [  31% ] 200/200 VUs  03m03.8s/10m00.0s

running (03m04.8s), 200/200 VUs, 763 complete and 0 interrupted iterations
normal_day   [  31% ] 200/200 VUs  03m04.8s/10m00.0s

running (03m05.8s), 200/200 VUs, 770 complete and 0 interrupted iterations
normal_day   [  31% ] 200/200 VUs  03m05.8s/10m00.0s

running (03m06.8s), 200/200 VUs, 775 complete and 0 interrupted iterations
normal_day   [  31% ] 200/200 VUs  03m06.8s/10m00.0s

running (03m07.8s), 200/200 VUs, 788 complete and 0 interrupted iterations
normal_day   [  31% ] 200/200 VUs  03m07.8s/10m00.0s

running (03m08.8s), 200/200 VUs, 795 complete and 0 interrupted iterations
normal_day   [  31% ] 200/200 VUs  03m08.8s/10m00.0s

running (03m09.8s), 200/200 VUs, 808 complete and 0 interrupted iterations
normal_day   [  32% ] 200/200 VUs  03m09.8s/10m00.0s

running (03m10.8s), 200/200 VUs, 814 complete and 0 interrupted iterations
normal_day   [  32% ] 200/200 VUs  03m10.8s/10m00.0s

running (03m11.8s), 200/200 VUs, 824 complete and 0 interrupted iterations
normal_day   [  32% ] 200/200 VUs  03m11.8s/10m00.0s

running (03m12.8s), 200/200 VUs, 829 complete and 0 interrupted iterations
normal_day   [  32% ] 200/200 VUs  03m12.8s/10m00.0s

running (03m13.8s), 200/200 VUs, 834 complete and 0 interrupted iterations
normal_day   [  32% ] 200/200 VUs  03m13.8s/10m00.0s

running (03m14.8s), 200/200 VUs, 837 complete and 0 interrupted iterations
normal_day   [  32% ] 200/200 VUs  03m14.8s/10m00.0s

running (03m15.8s), 200/200 VUs, 840 complete and 0 interrupted iterations
normal_day   [  33% ] 200/200 VUs  03m15.8s/10m00.0s

running (03m16.8s), 200/200 VUs, 849 complete and 0 interrupted iterations
normal_day   [  33% ] 200/200 VUs  03m16.8s/10m00.0s

running (03m17.8s), 200/200 VUs, 855 complete and 0 interrupted iterations
normal_day   [  33% ] 200/200 VUs  03m17.8s/10m00.0s

running (03m18.8s), 200/200 VUs, 861 complete and 0 interrupted iterations
normal_day   [  33% ] 200/200 VUs  03m18.8s/10m00.0s

running (03m19.8s), 200/200 VUs, 865 complete and 0 interrupted iterations
normal_day   [  33% ] 200/200 VUs  03m19.8s/10m00.0s

running (03m20.8s), 200/200 VUs, 870 complete and 0 interrupted iterations
normal_day   [  33% ] 200/200 VUs  03m20.8s/10m00.0s

running (03m21.8s), 200/200 VUs, 871 complete and 0 interrupted iterations
normal_day   [  34% ] 200/200 VUs  03m21.8s/10m00.0s

running (03m22.8s), 200/200 VUs, 871 complete and 0 interrupted iterations
normal_day   [  34% ] 200/200 VUs  03m22.8s/10m00.0s

running (03m23.8s), 200/200 VUs, 875 complete and 0 interrupted iterations
normal_day   [  34% ] 200/200 VUs  03m23.8s/10m00.0s

running (03m24.8s), 200/200 VUs, 886 complete and 0 interrupted iterations
normal_day   [  34% ] 200/200 VUs  03m24.8s/10m00.0s

running (03m25.8s), 200/200 VUs, 891 complete and 0 interrupted iterations
normal_day   [  34% ] 200/200 VUs  03m25.8s/10m00.0s

running (03m26.8s), 200/200 VUs, 899 complete and 0 interrupted iterations
normal_day   [  34% ] 200/200 VUs  03m26.8s/10m00.0s

running (03m27.8s), 200/200 VUs, 904 complete and 0 interrupted iterations
normal_day   [  35% ] 200/200 VUs  03m27.8s/10m00.0s

running (03m28.8s), 200/200 VUs, 911 complete and 0 interrupted iterations
normal_day   [  35% ] 200/200 VUs  03m28.8s/10m00.0s

running (03m29.8s), 200/200 VUs, 918 complete and 0 interrupted iterations
normal_day   [  35% ] 200/200 VUs  03m29.8s/10m00.0s

running (03m30.8s), 200/200 VUs, 924 complete and 0 interrupted iterations
normal_day   [  35% ] 200/200 VUs  03m30.8s/10m00.0s

running (03m31.8s), 200/200 VUs, 929 complete and 0 interrupted iterations
normal_day   [  35% ] 200/200 VUs  03m31.8s/10m00.0s

running (03m32.8s), 200/200 VUs, 933 complete and 0 interrupted iterations
normal_day   [  35% ] 200/200 VUs  03m32.8s/10m00.0s

running (03m33.8s), 200/200 VUs, 934 complete and 0 interrupted iterations
normal_day   [  36% ] 200/200 VUs  03m33.8s/10m00.0s

running (03m34.8s), 200/200 VUs, 940 complete and 0 interrupted iterations
normal_day   [  36% ] 200/200 VUs  03m34.8s/10m00.0s

running (03m35.8s), 200/200 VUs, 946 complete and 0 interrupted iterations
normal_day   [  36% ] 200/200 VUs  03m35.8s/10m00.0s

running (03m36.8s), 200/200 VUs, 954 complete and 0 interrupted iterations
normal_day   [  36% ] 200/200 VUs  03m36.8s/10m00.0s

running (03m37.8s), 200/200 VUs, 959 complete and 0 interrupted iterations
normal_day   [  36% ] 200/200 VUs  03m37.8s/10m00.0s

running (03m38.8s), 200/200 VUs, 965 complete and 0 interrupted iterations
normal_day   [  36% ] 200/200 VUs  03m38.8s/10m00.0s

running (03m39.8s), 200/200 VUs, 973 complete and 0 interrupted iterations
normal_day   [  37% ] 200/200 VUs  03m39.8s/10m00.0s

running (03m40.8s), 200/200 VUs, 976 complete and 0 interrupted iterations
normal_day   [  37% ] 200/200 VUs  03m40.8s/10m00.0s

running (03m41.8s), 200/200 VUs, 981 complete and 0 interrupted iterations
normal_day   [  37% ] 200/200 VUs  03m41.8s/10m00.0s

running (03m42.8s), 200/200 VUs, 982 complete and 0 interrupted iterations
normal_day   [  37% ] 200/200 VUs  03m42.8s/10m00.0s

running (03m43.8s), 200/200 VUs, 983 complete and 0 interrupted iterations
normal_day   [  37% ] 200/200 VUs  03m43.8s/10m00.0s

running (03m44.8s), 200/200 VUs, 983 complete and 0 interrupted iterations
normal_day   [  37% ] 200/200 VUs  03m44.8s/10m00.0s

running (03m45.8s), 200/200 VUs, 984 complete and 0 interrupted iterations
normal_day   [  38% ] 200/200 VUs  03m45.8s/10m00.0s

running (03m46.8s), 200/200 VUs, 987 complete and 0 interrupted iterations
normal_day   [  38% ] 200/200 VUs  03m46.8s/10m00.0s

running (03m47.8s), 200/200 VUs, 993 complete and 0 interrupted iterations
normal_day   [  38% ] 200/200 VUs  03m47.8s/10m00.0s

running (03m48.8s), 200/200 VUs, 1003 complete and 0 interrupted iterations
normal_day   [  38% ] 200/200 VUs  03m48.8s/10m00.0s

running (03m49.8s), 200/200 VUs, 1015 complete and 0 interrupted iterations
normal_day   [  38% ] 200/200 VUs  03m49.8s/10m00.0s

running (03m50.8s), 200/200 VUs, 1029 complete and 0 interrupted iterations
normal_day   [  38% ] 200/200 VUs  03m50.8s/10m00.0s

running (03m51.8s), 200/200 VUs, 1036 complete and 0 interrupted iterations
normal_day   [  39% ] 200/200 VUs  03m51.8s/10m00.0s

running (03m52.8s), 200/200 VUs, 1043 complete and 0 interrupted iterations
normal_day   [  39% ] 200/200 VUs  03m52.8s/10m00.0s

running (03m53.8s), 200/200 VUs, 1052 complete and 0 interrupted iterations
normal_day   [  39% ] 200/200 VUs  03m53.8s/10m00.0s

running (03m54.8s), 200/200 VUs, 1057 complete and 0 interrupted iterations
normal_day   [  39% ] 200/200 VUs  03m54.8s/10m00.0s

running (03m55.8s), 200/200 VUs, 1060 complete and 0 interrupted iterations
normal_day   [  39% ] 200/200 VUs  03m55.8s/10m00.0s

running (03m56.8s), 200/200 VUs, 1066 complete and 0 interrupted iterations
normal_day   [  39% ] 200/200 VUs  03m56.8s/10m00.0s

running (03m57.8s), 200/200 VUs, 1072 complete and 0 interrupted iterations
normal_day   [  40% ] 200/200 VUs  03m57.8s/10m00.0s

running (03m58.8s), 200/200 VUs, 1078 complete and 0 interrupted iterations
normal_day   [  40% ] 200/200 VUs  03m58.8s/10m00.0s

running (03m59.8s), 200/200 VUs, 1083 complete and 0 interrupted iterations
normal_day   [  40% ] 200/200 VUs  03m59.8s/10m00.0s

running (04m00.8s), 200/200 VUs, 1092 complete and 0 interrupted iterations
normal_day   [  40% ] 200/200 VUs  04m00.8s/10m00.0s

running (04m01.8s), 200/200 VUs, 1101 complete and 0 interrupted iterations
normal_day   [  40% ] 200/200 VUs  04m01.8s/10m00.0s

running (04m02.8s), 200/200 VUs, 1108 complete and 0 interrupted iterations
normal_day   [  40% ] 200/200 VUs  04m02.8s/10m00.0s

running (04m03.8s), 200/200 VUs, 1116 complete and 0 interrupted iterations
normal_day   [  41% ] 200/200 VUs  04m03.8s/10m00.0s

running (04m04.8s), 200/200 VUs, 1121 complete and 0 interrupted iterations
normal_day   [  41% ] 200/200 VUs  04m04.8s/10m00.0s

running (04m05.8s), 200/200 VUs, 1128 complete and 0 interrupted iterations
normal_day   [  41% ] 200/200 VUs  04m05.8s/10m00.0s

running (04m06.8s), 200/200 VUs, 1133 complete and 0 interrupted iterations
normal_day   [  41% ] 200/200 VUs  04m06.8s/10m00.0s

running (04m07.8s), 200/200 VUs, 1137 complete and 0 interrupted iterations
normal_day   [  41% ] 200/200 VUs  04m07.8s/10m00.0s

running (04m08.8s), 200/200 VUs, 1140 complete and 0 interrupted iterations
normal_day   [  41% ] 200/200 VUs  04m08.8s/10m00.0s

running (04m09.8s), 200/200 VUs, 1143 complete and 0 interrupted iterations
normal_day   [  42% ] 200/200 VUs  04m09.8s/10m00.0s

running (04m10.8s), 200/200 VUs, 1147 complete and 0 interrupted iterations
normal_day   [  42% ] 200/200 VUs  04m10.8s/10m00.0s

running (04m11.8s), 200/200 VUs, 1157 complete and 0 interrupted iterations
normal_day   [  42% ] 200/200 VUs  04m11.8s/10m00.0s

running (04m12.8s), 200/200 VUs, 1173 complete and 0 interrupted iterations
normal_day   [  42% ] 200/200 VUs  04m12.8s/10m00.0s

running (04m13.8s), 200/200 VUs, 1182 complete and 0 interrupted iterations
normal_day   [  42% ] 200/200 VUs  04m13.8s/10m00.0s

running (04m14.8s), 200/200 VUs, 1187 complete and 0 interrupted iterations
normal_day   [  42% ] 200/200 VUs  04m14.8s/10m00.0s

running (04m15.8s), 200/200 VUs, 1193 complete and 0 interrupted iterations
normal_day   [  43% ] 200/200 VUs  04m15.8s/10m00.0s

running (04m16.8s), 200/200 VUs, 1195 complete and 0 interrupted iterations
normal_day   [  43% ] 200/200 VUs  04m16.8s/10m00.0s

running (04m17.8s), 200/200 VUs, 1197 complete and 0 interrupted iterations
normal_day   [  43% ] 200/200 VUs  04m17.8s/10m00.0s

running (04m18.8s), 200/200 VUs, 1200 complete and 0 interrupted iterations
normal_day   [  43% ] 200/200 VUs  04m18.8s/10m00.0s

running (04m19.8s), 200/200 VUs, 1200 complete and 0 interrupted iterations
normal_day   [  43% ] 200/200 VUs  04m19.8s/10m00.0s

running (04m20.8s), 200/200 VUs, 1203 complete and 0 interrupted iterations
normal_day   [  43% ] 200/200 VUs  04m20.8s/10m00.0s

running (04m21.8s), 200/200 VUs, 1207 complete and 0 interrupted iterations
normal_day   [  44% ] 200/200 VUs  04m21.8s/10m00.0s

running (04m22.8s), 200/200 VUs, 1213 complete and 0 interrupted iterations
normal_day   [  44% ] 200/200 VUs  04m22.8s/10m00.0s

running (04m23.8s), 200/200 VUs, 1221 complete and 0 interrupted iterations
normal_day   [  44% ] 200/200 VUs  04m23.8s/10m00.0s

running (04m24.8s), 200/200 VUs, 1231 complete and 0 interrupted iterations
normal_day   [  44% ] 200/200 VUs  04m24.8s/10m00.0s

running (04m25.8s), 200/200 VUs, 1240 complete and 0 interrupted iterations
normal_day   [  44% ] 200/200 VUs  04m25.8s/10m00.0s

running (04m26.8s), 200/200 VUs, 1250 complete and 0 interrupted iterations
normal_day   [  44% ] 200/200 VUs  04m26.8s/10m00.0s

running (04m27.8s), 200/200 VUs, 1253 complete and 0 interrupted iterations
normal_day   [  45% ] 200/200 VUs  04m27.8s/10m00.0s

running (04m28.8s), 200/200 VUs, 1256 complete and 0 interrupted iterations
normal_day   [  45% ] 200/200 VUs  04m28.8s/10m00.0s

running (04m29.8s), 200/200 VUs, 1262 complete and 0 interrupted iterations
normal_day   [  45% ] 200/200 VUs  04m29.8s/10m00.0s

running (04m30.8s), 200/200 VUs, 1268 complete and 0 interrupted iterations
normal_day   [  45% ] 200/200 VUs  04m30.8s/10m00.0s

running (04m31.8s), 200/200 VUs, 1278 complete and 0 interrupted iterations
normal_day   [  45% ] 200/200 VUs  04m31.8s/10m00.0s

running (04m32.8s), 200/200 VUs, 1286 complete and 0 interrupted iterations
normal_day   [  45% ] 200/200 VUs  04m32.8s/10m00.0s

running (04m33.8s), 200/200 VUs, 1296 complete and 0 interrupted iterations
normal_day   [  46% ] 200/200 VUs  04m33.8s/10m00.0s

running (04m34.8s), 200/200 VUs, 1300 complete and 0 interrupted iterations
normal_day   [  46% ] 200/200 VUs  04m34.8s/10m00.0s

running (04m35.8s), 200/200 VUs, 1305 complete and 0 interrupted iterations
normal_day   [  46% ] 200/200 VUs  04m35.8s/10m00.0s

running (04m36.8s), 200/200 VUs, 1309 complete and 0 interrupted iterations
normal_day   [  46% ] 200/200 VUs  04m36.8s/10m00.0s

running (04m37.8s), 200/200 VUs, 1310 complete and 0 interrupted iterations
normal_day   [  46% ] 200/200 VUs  04m37.8s/10m00.0s

running (04m38.8s), 200/200 VUs, 1314 complete and 0 interrupted iterations
normal_day   [  46% ] 200/200 VUs  04m38.8s/10m00.0s

running (04m39.8s), 200/200 VUs, 1321 complete and 0 interrupted iterations
normal_day   [  47% ] 200/200 VUs  04m39.8s/10m00.0s

running (04m40.8s), 200/200 VUs, 1331 complete and 0 interrupted iterations
normal_day   [  47% ] 200/200 VUs  04m40.8s/10m00.0s

running (04m41.8s), 200/200 VUs, 1335 complete and 0 interrupted iterations
normal_day   [  47% ] 200/200 VUs  04m41.8s/10m00.0s

running (04m42.8s), 200/200 VUs, 1336 complete and 0 interrupted iterations
normal_day   [  47% ] 200/200 VUs  04m42.8s/10m00.0s

running (04m43.8s), 200/200 VUs, 1341 complete and 0 interrupted iterations
normal_day   [  47% ] 200/200 VUs  04m43.8s/10m00.0s

running (04m44.8s), 200/200 VUs, 1348 complete and 0 interrupted iterations
normal_day   [  47% ] 200/200 VUs  04m44.8s/10m00.0s

running (04m45.8s), 200/200 VUs, 1353 complete and 0 interrupted iterations
normal_day   [  48% ] 200/200 VUs  04m45.8s/10m00.0s

running (04m46.8s), 200/200 VUs, 1359 complete and 0 interrupted iterations
normal_day   [  48% ] 200/200 VUs  04m46.8s/10m00.0s

running (04m47.8s), 200/200 VUs, 1364 complete and 0 interrupted iterations
normal_day   [  48% ] 200/200 VUs  04m47.8s/10m00.0s

running (04m48.8s), 200/200 VUs, 1370 complete and 0 interrupted iterations
normal_day   [  48% ] 200/200 VUs  04m48.8s/10m00.0s

running (04m49.8s), 200/200 VUs, 1378 complete and 0 interrupted iterations
normal_day   [  48% ] 200/200 VUs  04m49.8s/10m00.0s

running (04m50.8s), 200/200 VUs, 1388 complete and 0 interrupted iterations
normal_day   [  48% ] 200/200 VUs  04m50.8s/10m00.0s

running (04m51.8s), 200/200 VUs, 1396 complete and 0 interrupted iterations
normal_day   [  49% ] 200/200 VUs  04m51.8s/10m00.0s

running (04m52.8s), 200/200 VUs, 1398 complete and 0 interrupted iterations
normal_day   [  49% ] 200/200 VUs  04m52.8s/10m00.0s

running (04m53.8s), 200/200 VUs, 1400 complete and 0 interrupted iterations
normal_day   [  49% ] 200/200 VUs  04m53.8s/10m00.0s

running (04m54.8s), 200/200 VUs, 1403 complete and 0 interrupted iterations
normal_day   [  49% ] 200/200 VUs  04m54.8s/10m00.0s

running (04m55.8s), 200/200 VUs, 1407 complete and 0 interrupted iterations
normal_day   [  49% ] 200/200 VUs  04m55.8s/10m00.0s

running (04m56.8s), 200/200 VUs, 1409 complete and 0 interrupted iterations
normal_day   [  49% ] 200/200 VUs  04m56.8s/10m00.0s

running (04m57.8s), 200/200 VUs, 1409 complete and 0 interrupted iterations
normal_day   [  50% ] 200/200 VUs  04m57.8s/10m00.0s

running (04m58.8s), 200/200 VUs, 1415 complete and 0 interrupted iterations
normal_day   [  50% ] 200/200 VUs  04m58.8s/10m00.0s

running (04m59.8s), 200/200 VUs, 1421 complete and 0 interrupted iterations
normal_day   [  50% ] 200/200 VUs  04m59.8s/10m00.0s

running (05m00.8s), 200/200 VUs, 1432 complete and 0 interrupted iterations
normal_day   [  50% ] 200/200 VUs  05m00.8s/10m00.0s

running (05m01.8s), 200/200 VUs, 1451 complete and 0 interrupted iterations
normal_day   [  50% ] 200/200 VUs  05m01.8s/10m00.0s

running (05m02.8s), 200/200 VUs, 1469 complete and 0 interrupted iterations
normal_day   [  50% ] 200/200 VUs  05m02.8s/10m00.0s

running (05m03.8s), 200/200 VUs, 1477 complete and 0 interrupted iterations
normal_day   [  51% ] 200/200 VUs  05m03.8s/10m00.0s

running (05m04.8s), 200/200 VUs, 1480 complete and 0 interrupted iterations
normal_day   [  51% ] 200/200 VUs  05m04.8s/10m00.0s

running (05m05.8s), 200/200 VUs, 1481 complete and 0 interrupted iterations
normal_day   [  51% ] 200/200 VUs  05m05.8s/10m00.0s

running (05m06.8s), 200/200 VUs, 1485 complete and 0 interrupted iterations
normal_day   [  51% ] 200/200 VUs  05m06.8s/10m00.0s

running (05m07.8s), 200/200 VUs, 1490 complete and 0 interrupted iterations
normal_day   [  51% ] 200/200 VUs  05m07.8s/10m00.0s

running (05m08.8s), 200/200 VUs, 1498 complete and 0 interrupted iterations
normal_day   [  51% ] 200/200 VUs  05m08.8s/10m00.0s

running (05m09.8s), 200/200 VUs, 1503 complete and 0 interrupted iterations
normal_day   [  52% ] 200/200 VUs  05m09.8s/10m00.0s

running (05m10.8s), 200/200 VUs, 1512 complete and 0 interrupted iterations
normal_day   [  52% ] 200/200 VUs  05m10.8s/10m00.0s

running (05m11.8s), 200/200 VUs, 1520 complete and 0 interrupted iterations
normal_day   [  52% ] 200/200 VUs  05m11.8s/10m00.0s

running (05m12.8s), 200/200 VUs, 1530 complete and 0 interrupted iterations
normal_day   [  52% ] 200/200 VUs  05m12.8s/10m00.0s

running (05m13.8s), 200/200 VUs, 1544 complete and 0 interrupted iterations
normal_day   [  52% ] 200/200 VUs  05m13.8s/10m00.0s

running (05m14.8s), 200/200 VUs, 1555 complete and 0 interrupted iterations
normal_day   [  52% ] 200/200 VUs  05m14.8s/10m00.0s

running (05m15.8s), 200/200 VUs, 1568 complete and 0 interrupted iterations
normal_day   [  53% ] 200/200 VUs  05m15.8s/10m00.0s

running (05m16.8s), 200/200 VUs, 1575 complete and 0 interrupted iterations
normal_day   [  53% ] 200/200 VUs  05m16.8s/10m00.0s

running (05m17.8s), 200/200 VUs, 1578 complete and 0 interrupted iterations
normal_day   [  53% ] 200/200 VUs  05m17.8s/10m00.0s

running (05m18.8s), 200/200 VUs, 1584 complete and 0 interrupted iterations
normal_day   [  53% ] 200/200 VUs  05m18.8s/10m00.0s

running (05m19.8s), 200/200 VUs, 1585 complete and 0 interrupted iterations
normal_day   [  53% ] 200/200 VUs  05m19.8s/10m00.0s

running (05m20.8s), 200/200 VUs, 1591 complete and 0 interrupted iterations
normal_day   [  53% ] 200/200 VUs  05m20.8s/10m00.0s

running (05m21.8s), 200/200 VUs, 1592 complete and 0 interrupted iterations
normal_day   [  54% ] 200/200 VUs  05m21.8s/10m00.0s

running (05m22.8s), 200/200 VUs, 1603 complete and 0 interrupted iterations
normal_day   [  54% ] 200/200 VUs  05m22.8s/10m00.0s

running (05m23.8s), 200/200 VUs, 1613 complete and 0 interrupted iterations
normal_day   [  54% ] 200/200 VUs  05m23.8s/10m00.0s

running (05m24.8s), 200/200 VUs, 1621 complete and 0 interrupted iterations
normal_day   [  54% ] 200/200 VUs  05m24.8s/10m00.0s

running (05m25.8s), 200/200 VUs, 1629 complete and 0 interrupted iterations
normal_day   [  54% ] 200/200 VUs  05m25.8s/10m00.0s

running (05m26.8s), 200/200 VUs, 1633 complete and 0 interrupted iterations
normal_day   [  54% ] 200/200 VUs  05m26.8s/10m00.0s

running (05m27.8s), 200/200 VUs, 1636 complete and 0 interrupted iterations
normal_day   [  55% ] 200/200 VUs  05m27.8s/10m00.0s

running (05m28.8s), 200/200 VUs, 1637 complete and 0 interrupted iterations
normal_day   [  55% ] 200/200 VUs  05m28.8s/10m00.0s

running (05m29.8s), 200/200 VUs, 1637 complete and 0 interrupted iterations
normal_day   [  55% ] 200/200 VUs  05m29.8s/10m00.0s

running (05m30.7s), 200/200 VUs, 1641 complete and 0 interrupted iterations
normal_day   [  55% ] 200/200 VUs  05m30.8s/10m00.0s

running (05m31.7s), 200/200 VUs, 1643 complete and 0 interrupted iterations
normal_day   [  55% ] 200/200 VUs  05m31.8s/10m00.0s

running (05m32.7s), 200/200 VUs, 1647 complete and 0 interrupted iterations
normal_day   [  55% ] 200/200 VUs  05m32.8s/10m00.0s

running (05m33.7s), 200/200 VUs, 1652 complete and 0 interrupted iterations
normal_day   [  56% ] 200/200 VUs  05m33.8s/10m00.0s

running (05m34.7s), 200/200 VUs, 1658 complete and 0 interrupted iterations
normal_day   [  56% ] 200/200 VUs  05m34.8s/10m00.0s

running (05m35.7s), 200/200 VUs, 1669 complete and 0 interrupted iterations
normal_day   [  56% ] 200/200 VUs  05m35.8s/10m00.0s

running (05m36.7s), 200/200 VUs, 1684 complete and 0 interrupted iterations
normal_day   [  56% ] 200/200 VUs  05m36.8s/10m00.0s

running (05m37.7s), 200/200 VUs, 1687 complete and 0 interrupted iterations
normal_day   [  56% ] 200/200 VUs  05m37.8s/10m00.0s

running (05m38.7s), 200/200 VUs, 1692 complete and 0 interrupted iterations
normal_day   [  56% ] 200/200 VUs  05m38.8s/10m00.0s

running (05m39.7s), 200/200 VUs, 1693 complete and 0 interrupted iterations
normal_day   [  57% ] 200/200 VUs  05m39.8s/10m00.0s

running (05m40.7s), 200/200 VUs, 1698 complete and 0 interrupted iterations
normal_day   [  57% ] 200/200 VUs  05m40.8s/10m00.0s

running (05m41.7s), 200/200 VUs, 1704 complete and 0 interrupted iterations
normal_day   [  57% ] 200/200 VUs  05m41.8s/10m00.0s

running (05m42.7s), 200/200 VUs, 1710 complete and 0 interrupted iterations
normal_day   [  57% ] 200/200 VUs  05m42.8s/10m00.0s

running (05m43.7s), 200/200 VUs, 1716 complete and 0 interrupted iterations
normal_day   [  57% ] 200/200 VUs  05m43.8s/10m00.0s

running (05m44.7s), 200/200 VUs, 1724 complete and 0 interrupted iterations
normal_day   [  57% ] 200/200 VUs  05m44.8s/10m00.0s

running (05m45.7s), 200/200 VUs, 1736 complete and 0 interrupted iterations
normal_day   [  58% ] 200/200 VUs  05m45.8s/10m00.0s

running (05m46.7s), 200/200 VUs, 1743 complete and 0 interrupted iterations
normal_day   [  58% ] 200/200 VUs  05m46.8s/10m00.0s

running (05m47.7s), 200/200 VUs, 1747 complete and 0 interrupted iterations
normal_day   [  58% ] 200/200 VUs  05m47.8s/10m00.0s

running (05m48.7s), 200/200 VUs, 1753 complete and 0 interrupted iterations
normal_day   [  58% ] 200/200 VUs  05m48.8s/10m00.0s

running (05m49.7s), 200/200 VUs, 1757 complete and 0 interrupted iterations
normal_day   [  58% ] 200/200 VUs  05m49.8s/10m00.0s

running (05m50.7s), 200/200 VUs, 1761 complete and 0 interrupted iterations
normal_day   [  58% ] 200/200 VUs  05m50.8s/10m00.0s

running (05m51.7s), 200/200 VUs, 1770 complete and 0 interrupted iterations
normal_day   [  59% ] 200/200 VUs  05m51.8s/10m00.0s

running (05m52.7s), 200/200 VUs, 1777 complete and 0 interrupted iterations
normal_day   [  59% ] 200/200 VUs  05m52.8s/10m00.0s

running (05m53.7s), 200/200 VUs, 1782 complete and 0 interrupted iterations
normal_day   [  59% ] 200/200 VUs  05m53.8s/10m00.0s

running (05m54.7s), 200/200 VUs, 1797 complete and 0 interrupted iterations
normal_day   [  59% ] 200/200 VUs  05m54.8s/10m00.0s

running (05m55.7s), 200/200 VUs, 1801 complete and 0 interrupted iterations
normal_day   [  59% ] 200/200 VUs  05m55.8s/10m00.0s

running (05m56.7s), 200/200 VUs, 1806 complete and 0 interrupted iterations
normal_day   [  59% ] 200/200 VUs  05m56.8s/10m00.0s

running (05m57.7s), 200/200 VUs, 1814 complete and 0 interrupted iterations
normal_day   [  60% ] 200/200 VUs  05m57.8s/10m00.0s

running (05m58.7s), 200/200 VUs, 1819 complete and 0 interrupted iterations
normal_day   [  60% ] 200/200 VUs  05m58.8s/10m00.0s

running (05m59.7s), 200/200 VUs, 1826 complete and 0 interrupted iterations
normal_day   [  60% ] 200/200 VUs  05m59.8s/10m00.0s

running (06m00.7s), 200/200 VUs, 1832 complete and 0 interrupted iterations
normal_day   [  60% ] 200/200 VUs  06m00.8s/10m00.0s

running (06m01.7s), 200/200 VUs, 1837 complete and 0 interrupted iterations
normal_day   [  60% ] 200/200 VUs  06m01.8s/10m00.0s

running (06m02.7s), 200/200 VUs, 1844 complete and 0 interrupted iterations
normal_day   [  60% ] 200/200 VUs  06m02.8s/10m00.0s

running (06m03.7s), 200/200 VUs, 1860 complete and 0 interrupted iterations
normal_day   [  61% ] 200/200 VUs  06m03.8s/10m00.0s

running (06m04.7s), 200/200 VUs, 1871 complete and 0 interrupted iterations
normal_day   [  61% ] 200/200 VUs  06m04.8s/10m00.0s

running (06m05.7s), 200/200 VUs, 1876 complete and 0 interrupted iterations
normal_day   [  61% ] 200/200 VUs  06m05.8s/10m00.0s

running (06m06.7s), 200/200 VUs, 1880 complete and 0 interrupted iterations
normal_day   [  61% ] 200/200 VUs  06m06.8s/10m00.0s

running (06m07.7s), 200/200 VUs, 1884 complete and 0 interrupted iterations
normal_day   [  61% ] 200/200 VUs  06m07.8s/10m00.0s

running (06m08.7s), 200/200 VUs, 1886 complete and 0 interrupted iterations
normal_day   [  61% ] 200/200 VUs  06m08.8s/10m00.0s

running (06m09.7s), 200/200 VUs, 1889 complete and 0 interrupted iterations
normal_day   [  62% ] 200/200 VUs  06m09.8s/10m00.0s

running (06m10.7s), 200/200 VUs, 1893 complete and 0 interrupted iterations
normal_day   [  62% ] 200/200 VUs  06m10.8s/10m00.0s

running (06m11.7s), 200/200 VUs, 1902 complete and 0 interrupted iterations
normal_day   [  62% ] 200/200 VUs  06m11.8s/10m00.0s

running (06m12.7s), 200/200 VUs, 1906 complete and 0 interrupted iterations
normal_day   [  62% ] 200/200 VUs  06m12.8s/10m00.0s

running (06m13.7s), 200/200 VUs, 1919 complete and 0 interrupted iterations
normal_day   [  62% ] 200/200 VUs  06m13.8s/10m00.0s

running (06m14.7s), 200/200 VUs, 1924 complete and 0 interrupted iterations
normal_day   [  62% ] 200/200 VUs  06m14.8s/10m00.0s

running (06m15.7s), 200/200 VUs, 1927 complete and 0 interrupted iterations
normal_day   [  63% ] 200/200 VUs  06m15.8s/10m00.0s

running (06m16.7s), 200/200 VUs, 1928 complete and 0 interrupted iterations
normal_day   [  63% ] 200/200 VUs  06m16.8s/10m00.0s

running (06m17.7s), 200/200 VUs, 1930 complete and 0 interrupted iterations
normal_day   [  63% ] 200/200 VUs  06m17.8s/10m00.0s

running (06m18.7s), 200/200 VUs, 1933 complete and 0 interrupted iterations
normal_day   [  63% ] 200/200 VUs  06m18.8s/10m00.0s

running (06m19.7s), 200/200 VUs, 1937 complete and 0 interrupted iterations
normal_day   [  63% ] 200/200 VUs  06m19.8s/10m00.0s

running (06m20.7s), 200/200 VUs, 1943 complete and 0 interrupted iterations
normal_day   [  63% ] 200/200 VUs  06m20.8s/10m00.0s

running (06m21.7s), 200/200 VUs, 1956 complete and 0 interrupted iterations
normal_day   [  64% ] 200/200 VUs  06m21.8s/10m00.0s

running (06m22.7s), 200/200 VUs, 1966 complete and 0 interrupted iterations
normal_day   [  64% ] 200/200 VUs  06m22.8s/10m00.0s

running (06m23.7s), 200/200 VUs, 1973 complete and 0 interrupted iterations
normal_day   [  64% ] 200/200 VUs  06m23.8s/10m00.0s

running (06m24.7s), 200/200 VUs, 1986 complete and 0 interrupted iterations
normal_day   [  64% ] 200/200 VUs  06m24.8s/10m00.0s

running (06m25.7s), 200/200 VUs, 1997 complete and 0 interrupted iterations
normal_day   [  64% ] 200/200 VUs  06m25.8s/10m00.0s

running (06m26.7s), 200/200 VUs, 2000 complete and 0 interrupted iterations
normal_day   [  64% ] 200/200 VUs  06m26.8s/10m00.0s

running (06m27.7s), 200/200 VUs, 2004 complete and 0 interrupted iterations
normal_day   [  65% ] 200/200 VUs  06m27.8s/10m00.0s

running (06m28.7s), 200/200 VUs, 2009 complete and 0 interrupted iterations
normal_day   [  65% ] 200/200 VUs  06m28.8s/10m00.0s

running (06m29.7s), 200/200 VUs, 2015 complete and 0 interrupted iterations
normal_day   [  65% ] 200/200 VUs  06m29.8s/10m00.0s

running (06m30.7s), 200/200 VUs, 2020 complete and 0 interrupted iterations
normal_day   [  65% ] 200/200 VUs  06m30.8s/10m00.0s

running (06m31.7s), 200/200 VUs, 2030 complete and 0 interrupted iterations
normal_day   [  65% ] 200/200 VUs  06m31.8s/10m00.0s

running (06m32.7s), 200/200 VUs, 2039 complete and 0 interrupted iterations
normal_day   [  65% ] 200/200 VUs  06m32.8s/10m00.0s

running (06m33.7s), 200/200 VUs, 2043 complete and 0 interrupted iterations
normal_day   [  66% ] 200/200 VUs  06m33.8s/10m00.0s

running (06m34.7s), 200/200 VUs, 2053 complete and 0 interrupted iterations
normal_day   [  66% ] 200/200 VUs  06m34.8s/10m00.0s

running (06m35.7s), 200/200 VUs, 2058 complete and 0 interrupted iterations
normal_day   [  66% ] 200/200 VUs  06m35.8s/10m00.0s

running (06m36.7s), 200/200 VUs, 2062 complete and 0 interrupted iterations
normal_day   [  66% ] 200/200 VUs  06m36.8s/10m00.0s

running (06m37.7s), 200/200 VUs, 2066 complete and 0 interrupted iterations
normal_day   [  66% ] 200/200 VUs  06m37.8s/10m00.0s

running (06m38.7s), 200/200 VUs, 2076 complete and 0 interrupted iterations
normal_day   [  66% ] 200/200 VUs  06m38.8s/10m00.0s

running (06m39.7s), 200/200 VUs, 2087 complete and 0 interrupted iterations
normal_day   [  67% ] 200/200 VUs  06m39.8s/10m00.0s

running (06m40.7s), 200/200 VUs, 2097 complete and 0 interrupted iterations
normal_day   [  67% ] 200/200 VUs  06m40.8s/10m00.0s

running (06m41.7s), 200/200 VUs, 2106 complete and 0 interrupted iterations
normal_day   [  67% ] 200/200 VUs  06m41.8s/10m00.0s

running (06m42.7s), 200/200 VUs, 2111 complete and 0 interrupted iterations
normal_day   [  67% ] 200/200 VUs  06m42.8s/10m00.0s

running (06m43.7s), 200/200 VUs, 2113 complete and 0 interrupted iterations
normal_day   [  67% ] 200/200 VUs  06m43.8s/10m00.0s

running (06m44.7s), 200/200 VUs, 2115 complete and 0 interrupted iterations
normal_day   [  67% ] 200/200 VUs  06m44.8s/10m00.0s

running (06m45.7s), 200/200 VUs, 2116 complete and 0 interrupted iterations
normal_day   [  68% ] 200/200 VUs  06m45.8s/10m00.0s

running (06m46.7s), 200/200 VUs, 2121 complete and 0 interrupted iterations
normal_day   [  68% ] 200/200 VUs  06m46.8s/10m00.0s

running (06m47.7s), 200/200 VUs, 2127 complete and 0 interrupted iterations
normal_day   [  68% ] 200/200 VUs  06m47.8s/10m00.0s

running (06m48.7s), 200/200 VUs, 2130 complete and 0 interrupted iterations
normal_day   [  68% ] 200/200 VUs  06m48.8s/10m00.0s

running (06m49.7s), 200/200 VUs, 2133 complete and 0 interrupted iterations
normal_day   [  68% ] 200/200 VUs  06m49.8s/10m00.0s

running (06m50.7s), 200/200 VUs, 2140 complete and 0 interrupted iterations
normal_day   [  68% ] 200/200 VUs  06m50.8s/10m00.0s

running (06m51.7s), 200/200 VUs, 2151 complete and 0 interrupted iterations
normal_day   [  69% ] 200/200 VUs  06m51.8s/10m00.0s

running (06m52.7s), 200/200 VUs, 2167 complete and 0 interrupted iterations
normal_day   [  69% ] 200/200 VUs  06m52.8s/10m00.0s

running (06m53.7s), 200/200 VUs, 2179 complete and 0 interrupted iterations
normal_day   [  69% ] 200/200 VUs  06m53.8s/10m00.0s

running (06m54.7s), 200/200 VUs, 2196 complete and 0 interrupted iterations
normal_day   [  69% ] 200/200 VUs  06m54.8s/10m00.0s

running (06m55.7s), 200/200 VUs, 2201 complete and 0 interrupted iterations
normal_day   [  69% ] 200/200 VUs  06m55.8s/10m00.0s

running (06m56.7s), 200/200 VUs, 2203 complete and 0 interrupted iterations
normal_day   [  69% ] 200/200 VUs  06m56.8s/10m00.0s

running (06m57.7s), 200/200 VUs, 2206 complete and 0 interrupted iterations
normal_day   [  70% ] 200/200 VUs  06m57.8s/10m00.0s

running (06m58.7s), 200/200 VUs, 2209 complete and 0 interrupted iterations
normal_day   [  70% ] 200/200 VUs  06m58.8s/10m00.0s

running (06m59.7s), 200/200 VUs, 2214 complete and 0 interrupted iterations
normal_day   [  70% ] 200/200 VUs  06m59.8s/10m00.0s

running (07m00.7s), 200/200 VUs, 2224 complete and 0 interrupted iterations
normal_day   [  70% ] 200/200 VUs  07m00.8s/10m00.0s

running (07m01.7s), 200/200 VUs, 2237 complete and 0 interrupted iterations
normal_day   [  70% ] 200/200 VUs  07m01.8s/10m00.0s

running (07m02.7s), 200/200 VUs, 2246 complete and 0 interrupted iterations
normal_day   [  70% ] 200/200 VUs  07m02.8s/10m00.0s

running (07m03.8s), 200/200 VUs, 2248 complete and 0 interrupted iterations
normal_day   [  71% ] 200/200 VUs  07m03.8s/10m00.0s

running (07m04.7s), 200/200 VUs, 2250 complete and 0 interrupted iterations
normal_day   [  71% ] 200/200 VUs  07m04.8s/10m00.0s

running (07m05.7s), 200/200 VUs, 2250 complete and 0 interrupted iterations
normal_day   [  71% ] 200/200 VUs  07m05.8s/10m00.0s

running (07m06.7s), 200/200 VUs, 2252 complete and 0 interrupted iterations
normal_day   [  71% ] 200/200 VUs  07m06.8s/10m00.0s

running (07m07.7s), 200/200 VUs, 2253 complete and 0 interrupted iterations
normal_day   [  71% ] 200/200 VUs  07m07.8s/10m00.0s

running (07m08.7s), 200/200 VUs, 2255 complete and 0 interrupted iterations
normal_day   [  71% ] 200/200 VUs  07m08.8s/10m00.0s

running (07m09.7s), 200/200 VUs, 2256 complete and 0 interrupted iterations
normal_day   [  72% ] 200/200 VUs  07m09.8s/10m00.0s

running (07m10.7s), 200/200 VUs, 2264 complete and 0 interrupted iterations
normal_day   [  72% ] 200/200 VUs  07m10.8s/10m00.0s

running (07m11.7s), 200/200 VUs, 2273 complete and 0 interrupted iterations
normal_day   [  72% ] 200/200 VUs  07m11.8s/10m00.0s

running (07m12.7s), 200/200 VUs, 2282 complete and 0 interrupted iterations
normal_day   [  72% ] 200/200 VUs  07m12.8s/10m00.0s

running (07m13.7s), 200/200 VUs, 2291 complete and 0 interrupted iterations
normal_day   [  72% ] 200/200 VUs  07m13.8s/10m00.0s

running (07m14.7s), 200/200 VUs, 2295 complete and 0 interrupted iterations
normal_day   [  72% ] 200/200 VUs  07m14.8s/10m00.0s

running (07m15.7s), 200/200 VUs, 2301 complete and 0 interrupted iterations
normal_day   [  73% ] 200/200 VUs  07m15.8s/10m00.0s

running (07m16.7s), 200/200 VUs, 2307 complete and 0 interrupted iterations
normal_day   [  73% ] 200/200 VUs  07m16.8s/10m00.0s

running (07m17.7s), 200/200 VUs, 2309 complete and 0 interrupted iterations
normal_day   [  73% ] 200/200 VUs  07m17.8s/10m00.0s

running (07m18.7s), 200/200 VUs, 2317 complete and 0 interrupted iterations
normal_day   [  73% ] 200/200 VUs  07m18.8s/10m00.0s

running (07m19.7s), 200/200 VUs, 2318 complete and 0 interrupted iterations
normal_day   [  73% ] 200/200 VUs  07m19.8s/10m00.0s

running (07m20.7s), 200/200 VUs, 2322 complete and 0 interrupted iterations
normal_day   [  73% ] 200/200 VUs  07m20.8s/10m00.0s

running (07m21.7s), 200/200 VUs, 2325 complete and 0 interrupted iterations
normal_day   [  74% ] 200/200 VUs  07m21.8s/10m00.0s

running (07m22.7s), 200/200 VUs, 2328 complete and 0 interrupted iterations
normal_day   [  74% ] 200/200 VUs  07m22.8s/10m00.0s

running (07m23.7s), 200/200 VUs, 2331 complete and 0 interrupted iterations
normal_day   [  74% ] 200/200 VUs  07m23.8s/10m00.0s

running (07m24.7s), 200/200 VUs, 2335 complete and 0 interrupted iterations
normal_day   [  74% ] 200/200 VUs  07m24.8s/10m00.0s

running (07m25.7s), 200/200 VUs, 2345 complete and 0 interrupted iterations
normal_day   [  74% ] 200/200 VUs  07m25.8s/10m00.0s

running (07m26.7s), 200/200 VUs, 2350 complete and 0 interrupted iterations
normal_day   [  74% ] 200/200 VUs  07m26.8s/10m00.0s

running (07m27.7s), 200/200 VUs, 2356 complete and 0 interrupted iterations
normal_day   [  75% ] 200/200 VUs  07m27.8s/10m00.0s

running (07m28.7s), 200/200 VUs, 2365 complete and 0 interrupted iterations
normal_day   [  75% ] 200/200 VUs  07m28.8s/10m00.0s

running (07m29.7s), 200/200 VUs, 2374 complete and 0 interrupted iterations
normal_day   [  75% ] 200/200 VUs  07m29.8s/10m00.0s

running (07m30.7s), 200/200 VUs, 2381 complete and 0 interrupted iterations
normal_day   [  75% ] 200/200 VUs  07m30.8s/10m00.0s

running (07m31.7s), 200/200 VUs, 2384 complete and 0 interrupted iterations
normal_day   [  75% ] 200/200 VUs  07m31.8s/10m00.0s

running (07m32.7s), 200/200 VUs, 2387 complete and 0 interrupted iterations
normal_day   [  75% ] 200/200 VUs  07m32.8s/10m00.0s

running (07m33.7s), 200/200 VUs, 2391 complete and 0 interrupted iterations
normal_day   [  76% ] 200/200 VUs  07m33.8s/10m00.0s

running (07m34.7s), 200/200 VUs, 2400 complete and 0 interrupted iterations
normal_day   [  76% ] 200/200 VUs  07m34.8s/10m00.0s

running (07m35.7s), 200/200 VUs, 2413 complete and 0 interrupted iterations
normal_day   [  76% ] 200/200 VUs  07m35.8s/10m00.0s

running (07m36.7s), 200/200 VUs, 2421 complete and 0 interrupted iterations
normal_day   [  76% ] 200/200 VUs  07m36.8s/10m00.0s

running (07m37.7s), 200/200 VUs, 2421 complete and 0 interrupted iterations
normal_day   [  76% ] 200/200 VUs  07m37.8s/10m00.0s

running (07m38.7s), 200/200 VUs, 2426 complete and 0 interrupted iterations
normal_day   [  76% ] 200/200 VUs  07m38.8s/10m00.0s

running (07m39.7s), 200/200 VUs, 2430 complete and 0 interrupted iterations
normal_day   [  77% ] 200/200 VUs  07m39.8s/10m00.0s

running (07m40.7s), 200/200 VUs, 2442 complete and 0 interrupted iterations
normal_day   [  77% ] 200/200 VUs  07m40.8s/10m00.0s

running (07m41.7s), 200/200 VUs, 2450 complete and 0 interrupted iterations
normal_day   [  77% ] 200/200 VUs  07m41.8s/10m00.0s

running (07m42.7s), 200/200 VUs, 2457 complete and 0 interrupted iterations
normal_day   [  77% ] 200/200 VUs  07m42.8s/10m00.0s

running (07m43.7s), 200/200 VUs, 2458 complete and 0 interrupted iterations
normal_day   [  77% ] 200/200 VUs  07m43.8s/10m00.0s

running (07m44.7s), 200/200 VUs, 2464 complete and 0 interrupted iterations
normal_day   [  77% ] 200/200 VUs  07m44.8s/10m00.0s

running (07m45.7s), 200/200 VUs, 2478 complete and 0 interrupted iterations
normal_day   [  78% ] 200/200 VUs  07m45.8s/10m00.0s

running (07m46.7s), 200/200 VUs, 2487 complete and 0 interrupted iterations
normal_day   [  78% ] 200/200 VUs  07m46.8s/10m00.0s

running (07m47.7s), 200/200 VUs, 2491 complete and 0 interrupted iterations
normal_day   [  78% ] 200/200 VUs  07m47.8s/10m00.0s

running (07m48.7s), 200/200 VUs, 2497 complete and 0 interrupted iterations
normal_day   [  78% ] 200/200 VUs  07m48.8s/10m00.0s

running (07m49.7s), 200/200 VUs, 2509 complete and 0 interrupted iterations
normal_day   [  78% ] 200/200 VUs  07m49.8s/10m00.0s

running (07m50.7s), 200/200 VUs, 2516 complete and 0 interrupted iterations
normal_day   [  78% ] 200/200 VUs  07m50.8s/10m00.0s

running (07m51.7s), 200/200 VUs, 2526 complete and 0 interrupted iterations
normal_day   [  79% ] 200/200 VUs  07m51.8s/10m00.0s

running (07m52.7s), 200/200 VUs, 2537 complete and 0 interrupted iterations
normal_day   [  79% ] 200/200 VUs  07m52.8s/10m00.0s

running (07m53.7s), 200/200 VUs, 2541 complete and 0 interrupted iterations
normal_day   [  79% ] 200/200 VUs  07m53.8s/10m00.0s

running (07m54.7s), 200/200 VUs, 2549 complete and 0 interrupted iterations
normal_day   [  79% ] 200/200 VUs  07m54.8s/10m00.0s

running (07m55.7s), 200/200 VUs, 2550 complete and 0 interrupted iterations
normal_day   [  79% ] 200/200 VUs  07m55.8s/10m00.0s

running (07m56.7s), 200/200 VUs, 2557 complete and 0 interrupted iterations
normal_day   [  79% ] 200/200 VUs  07m56.8s/10m00.0s

running (07m57.7s), 200/200 VUs, 2563 complete and 0 interrupted iterations
normal_day   [  80% ] 200/200 VUs  07m57.8s/10m00.0s

running (07m58.7s), 200/200 VUs, 2568 complete and 0 interrupted iterations
normal_day   [  80% ] 200/200 VUs  07m58.8s/10m00.0s

running (07m59.7s), 200/200 VUs, 2575 complete and 0 interrupted iterations
normal_day   [  80% ] 200/200 VUs  07m59.8s/10m00.0s

running (08m00.7s), 200/200 VUs, 2587 complete and 0 interrupted iterations
normal_day   [  80% ] 200/200 VUs  08m00.8s/10m00.0s

running (08m01.7s), 200/200 VUs, 2592 complete and 0 interrupted iterations
normal_day   [  80% ] 200/200 VUs  08m01.8s/10m00.0s

running (08m02.7s), 200/200 VUs, 2602 complete and 0 interrupted iterations
normal_day   [  80% ] 200/200 VUs  08m02.8s/10m00.0s

running (08m03.7s), 200/200 VUs, 2609 complete and 0 interrupted iterations
normal_day   [  81% ] 200/200 VUs  08m03.8s/10m00.0s

running (08m04.7s), 200/200 VUs, 2611 complete and 0 interrupted iterations
normal_day   [  81% ] 200/200 VUs  08m04.8s/10m00.0s

running (08m05.7s), 200/200 VUs, 2616 complete and 0 interrupted iterations
normal_day   [  81% ] 200/200 VUs  08m05.8s/10m00.0s

running (08m06.7s), 200/200 VUs, 2625 complete and 0 interrupted iterations
normal_day   [  81% ] 200/200 VUs  08m06.8s/10m00.0s

running (08m07.7s), 200/200 VUs, 2629 complete and 0 interrupted iterations
normal_day   [  81% ] 200/200 VUs  08m07.8s/10m00.0s

running (08m08.7s), 200/200 VUs, 2640 complete and 0 interrupted iterations
normal_day   [  81% ] 200/200 VUs  08m08.8s/10m00.0s

running (08m09.7s), 199/200 VUs, 2652 complete and 0 interrupted iterations
normal_day   [  82% ] 199/200 VUs  08m09.8s/10m00.0s

running (08m10.7s), 199/200 VUs, 2660 complete and 0 interrupted iterations
normal_day   [  82% ] 199/200 VUs  08m10.8s/10m00.0s

running (08m11.7s), 199/200 VUs, 2664 complete and 0 interrupted iterations
normal_day   [  82% ] 199/200 VUs  08m11.8s/10m00.0s

running (08m12.7s), 199/200 VUs, 2670 complete and 0 interrupted iterations
normal_day   [  82% ] 199/200 VUs  08m12.8s/10m00.0s

running (08m13.7s), 196/200 VUs, 2676 complete and 0 interrupted iterations
normal_day   [  82% ] 196/200 VUs  08m13.8s/10m00.0s

running (08m14.7s), 195/200 VUs, 2684 complete and 0 interrupted iterations
normal_day   [  82% ] 195/200 VUs  08m14.8s/10m00.0s

running (08m15.7s), 195/200 VUs, 2691 complete and 0 interrupted iterations
normal_day   [  83% ] 195/200 VUs  08m15.8s/10m00.0s

running (08m16.7s), 195/200 VUs, 2697 complete and 0 interrupted iterations
normal_day   [  83% ] 195/200 VUs  08m16.8s/10m00.0s

running (08m17.7s), 194/200 VUs, 2701 complete and 0 interrupted iterations
normal_day   [  83% ] 194/200 VUs  08m17.8s/10m00.0s

running (08m18.7s), 194/200 VUs, 2701 complete and 0 interrupted iterations
normal_day   [  83% ] 194/200 VUs  08m18.8s/10m00.0s

running (08m19.7s), 194/200 VUs, 2707 complete and 0 interrupted iterations
normal_day   [  83% ] 194/200 VUs  08m19.8s/10m00.0s

running (08m20.7s), 192/200 VUs, 2723 complete and 0 interrupted iterations
normal_day   [  83% ] 192/200 VUs  08m20.8s/10m00.0s

running (08m21.7s), 191/200 VUs, 2731 complete and 0 interrupted iterations
normal_day   [  84% ] 191/200 VUs  08m21.8s/10m00.0s

running (08m22.7s), 188/200 VUs, 2748 complete and 0 interrupted iterations
normal_day   [  84% ] 188/200 VUs  08m22.8s/10m00.0s

running (08m23.7s), 187/200 VUs, 2755 complete and 0 interrupted iterations
normal_day   [  84% ] 187/200 VUs  08m23.8s/10m00.0s

running (08m24.7s), 187/200 VUs, 2758 complete and 0 interrupted iterations
normal_day   [  84% ] 187/200 VUs  08m24.8s/10m00.0s

running (08m25.7s), 187/200 VUs, 2760 complete and 0 interrupted iterations
normal_day   [  84% ] 187/200 VUs  08m25.8s/10m00.0s

running (08m26.7s), 187/200 VUs, 2762 complete and 0 interrupted iterations
normal_day   [  84% ] 187/200 VUs  08m26.8s/10m00.0s

running (08m27.7s), 187/200 VUs, 2762 complete and 0 interrupted iterations
normal_day   [  85% ] 187/200 VUs  08m27.8s/10m00.0s

running (08m28.7s), 187/200 VUs, 2762 complete and 0 interrupted iterations
normal_day   [  85% ] 187/200 VUs  08m28.8s/10m00.0s

running (08m29.7s), 187/200 VUs, 2763 complete and 0 interrupted iterations
normal_day   [  85% ] 187/200 VUs  08m29.8s/10m00.0s

running (08m30.7s), 186/200 VUs, 2766 complete and 1 interrupted iterations
normal_day   [  85% ] 186/200 VUs  08m30.8s/10m00.0s

running (08m31.7s), 185/200 VUs, 2768 complete and 2 interrupted iterations
normal_day   [  85% ] 185/200 VUs  08m31.8s/10m00.0s

running (08m32.7s), 185/200 VUs, 2774 complete and 2 interrupted iterations
normal_day   [  85% ] 185/200 VUs  08m32.8s/10m00.0s

running (08m33.7s), 182/200 VUs, 2779 complete and 4 interrupted iterations
normal_day   [  86% ] 182/200 VUs  08m33.8s/10m00.0s

running (08m34.7s), 177/200 VUs, 2793 complete and 4 interrupted iterations
normal_day   [  86% ] 177/200 VUs  08m34.8s/10m00.0s

running (08m35.7s), 174/200 VUs, 2802 complete and 4 interrupted iterations
normal_day   [  86% ] 174/200 VUs  08m35.8s/10m00.0s

running (08m36.7s), 170/200 VUs, 2811 complete and 6 interrupted iterations
normal_day   [  86% ] 170/200 VUs  08m36.8s/10m00.0s

running (08m37.7s), 169/200 VUs, 2812 complete and 6 interrupted iterations
normal_day   [  86% ] 169/200 VUs  08m37.8s/10m00.0s

running (08m38.7s), 169/200 VUs, 2812 complete and 6 interrupted iterations
normal_day   [  86% ] 169/200 VUs  08m38.8s/10m00.0s

running (08m39.7s), 168/200 VUs, 2814 complete and 7 interrupted iterations
normal_day   [  87% ] 168/200 VUs  08m39.8s/10m00.0s

running (08m40.7s), 168/200 VUs, 2816 complete and 7 interrupted iterations
normal_day   [  87% ] 168/200 VUs  08m40.8s/10m00.0s

running (08m41.7s), 165/200 VUs, 2821 complete and 8 interrupted iterations
normal_day   [  87% ] 165/200 VUs  08m41.8s/10m00.0s

running (08m42.7s), 159/200 VUs, 2834 complete and 9 interrupted iterations
normal_day   [  87% ] 159/200 VUs  08m42.8s/10m00.0s

running (08m43.7s), 158/200 VUs, 2844 complete and 9 interrupted iterations
normal_day   [  87% ] 158/200 VUs  08m43.8s/10m00.0s

running (08m44.7s), 155/200 VUs, 2849 complete and 10 interrupted iterations
normal_day   [  87% ] 155/200 VUs  08m44.8s/10m00.0s

running (08m45.7s), 153/200 VUs, 2852 complete and 11 interrupted iterations
normal_day   [  88% ] 153/200 VUs  08m45.8s/10m00.0s

running (08m46.7s), 151/200 VUs, 2855 complete and 11 interrupted iterations
normal_day   [  88% ] 151/200 VUs  08m46.8s/10m00.0s

running (08m47.7s), 150/200 VUs, 2857 complete and 11 interrupted iterations
normal_day   [  88% ] 150/200 VUs  08m47.8s/10m00.0s

running (08m48.7s), 149/200 VUs, 2858 complete and 12 interrupted iterations
normal_day   [  88% ] 149/200 VUs  08m48.8s/10m00.0s

running (08m49.7s), 148/200 VUs, 2861 complete and 13 interrupted iterations
normal_day   [  88% ] 148/200 VUs  08m49.8s/10m00.0s

running (08m50.7s), 148/200 VUs, 2862 complete and 13 interrupted iterations
normal_day   [  88% ] 148/200 VUs  08m50.8s/10m00.0s

running (08m51.7s), 144/200 VUs, 2866 complete and 15 interrupted iterations
normal_day   [  89% ] 144/200 VUs  08m51.8s/10m00.0s

running (08m52.7s), 142/200 VUs, 2871 complete and 15 interrupted iterations
normal_day   [  89% ] 142/200 VUs  08m52.8s/10m00.0s

running (08m53.7s), 140/200 VUs, 2878 complete and 15 interrupted iterations
normal_day   [  89% ] 140/200 VUs  08m53.8s/10m00.0s

running (08m54.7s), 139/200 VUs, 2885 complete and 15 interrupted iterations
normal_day   [  89% ] 139/200 VUs  08m54.8s/10m00.0s

running (08m55.7s), 136/200 VUs, 2895 complete and 16 interrupted iterations
normal_day   [  89% ] 136/200 VUs  08m55.8s/10m00.0s

running (08m56.7s), 133/200 VUs, 2900 complete and 16 interrupted iterations
normal_day   [  89% ] 133/200 VUs  08m56.8s/10m00.0s

running (08m57.7s), 130/200 VUs, 2906 complete and 16 interrupted iterations
normal_day   [  90% ] 130/200 VUs  08m57.8s/10m00.0s

running (08m58.7s), 128/200 VUs, 2908 complete and 17 interrupted iterations
normal_day   [  90% ] 128/200 VUs  08m58.8s/10m00.0s

running (08m59.7s), 126/200 VUs, 2912 complete and 18 interrupted iterations
normal_day   [  90% ] 126/200 VUs  08m59.8s/10m00.0s

running (09m00.7s), 123/200 VUs, 2919 complete and 19 interrupted iterations
normal_day   [  90% ] 123/200 VUs  09m00.8s/10m00.0s

running (09m01.7s), 121/200 VUs, 2932 complete and 19 interrupted iterations
normal_day   [  90% ] 121/200 VUs  09m01.8s/10m00.0s

running (09m02.7s), 117/200 VUs, 2941 complete and 19 interrupted iterations
normal_day   [  90% ] 117/200 VUs  09m02.8s/10m00.0s

running (09m03.7s), 117/200 VUs, 2942 complete and 19 interrupted iterations
normal_day   [  91% ] 117/200 VUs  09m03.8s/10m00.0s

running (09m04.7s), 115/200 VUs, 2945 complete and 19 interrupted iterations
normal_day   [  91% ] 115/200 VUs  09m04.8s/10m00.0s

running (09m05.7s), 115/200 VUs, 2946 complete and 19 interrupted iterations
normal_day   [  91% ] 115/200 VUs  09m05.8s/10m00.0s

running (09m06.7s), 114/200 VUs, 2950 complete and 20 interrupted iterations
normal_day   [  91% ] 114/200 VUs  09m06.8s/10m00.0s

running (09m07.7s), 113/200 VUs, 2953 complete and 20 interrupted iterations
normal_day   [  91% ] 113/200 VUs  09m07.8s/10m00.0s

running (09m08.7s), 109/200 VUs, 2960 complete and 20 interrupted iterations
normal_day   [  91% ] 109/200 VUs  09m08.8s/10m00.0s

running (09m09.7s), 107/200 VUs, 2963 complete and 21 interrupted iterations
normal_day   [  92% ] 107/200 VUs  09m09.8s/10m00.0s

running (09m10.7s), 106/200 VUs, 2970 complete and 22 interrupted iterations
normal_day   [  92% ] 106/200 VUs  09m10.8s/10m00.0s

running (09m11.7s), 105/200 VUs, 2973 complete and 22 interrupted iterations
normal_day   [  92% ] 105/200 VUs  09m11.8s/10m00.0s

running (09m12.7s), 105/200 VUs, 2976 complete and 22 interrupted iterations
normal_day   [  92% ] 105/200 VUs  09m12.8s/10m00.0s

running (09m13.7s), 105/200 VUs, 2977 complete and 22 interrupted iterations
normal_day   [  92% ] 105/200 VUs  09m13.8s/10m00.0s

running (09m14.7s), 103/200 VUs, 2981 complete and 22 interrupted iterations
normal_day   [  92% ] 103/200 VUs  09m14.8s/10m00.0s

running (09m15.7s), 095/200 VUs, 2991 complete and 24 interrupted iterations
normal_day   [  93% ] 095/200 VUs  09m15.8s/10m00.0s

running (09m16.7s), 094/200 VUs, 2997 complete and 24 interrupted iterations
normal_day   [  93% ] 094/200 VUs  09m16.8s/10m00.0s

running (09m17.7s), 092/200 VUs, 3001 complete and 24 interrupted iterations
normal_day   [  93% ] 092/200 VUs  09m17.8s/10m00.0s

running (09m18.7s), 085/200 VUs, 3011 complete and 25 interrupted iterations
normal_day   [  93% ] 085/200 VUs  09m18.8s/10m00.0s

running (09m19.7s), 082/200 VUs, 3022 complete and 25 interrupted iterations
normal_day   [  93% ] 082/200 VUs  09m19.8s/10m00.0s

running (09m20.7s), 080/200 VUs, 3032 complete and 25 interrupted iterations
normal_day   [  93% ] 080/200 VUs  09m20.8s/10m00.0s

running (09m21.7s), 079/200 VUs, 3035 complete and 25 interrupted iterations
normal_day   [  94% ] 079/200 VUs  09m21.8s/10m00.0s

running (09m22.7s), 077/200 VUs, 3046 complete and 25 interrupted iterations
normal_day   [  94% ] 077/200 VUs  09m22.8s/10m00.0s

running (09m23.7s), 075/200 VUs, 3049 complete and 25 interrupted iterations
normal_day   [  94% ] 075/200 VUs  09m23.8s/10m00.0s

running (09m24.7s), 073/200 VUs, 3057 complete and 25 interrupted iterations
normal_day   [  94% ] 073/200 VUs  09m24.8s/10m00.0s

running (09m25.7s), 072/200 VUs, 3068 complete and 25 interrupted iterations
normal_day   [  94% ] 072/200 VUs  09m25.8s/10m00.0s

running (09m26.7s), 067/200 VUs, 3080 complete and 25 interrupted iterations
normal_day   [  94% ] 067/200 VUs  09m26.8s/10m00.0s

running (09m27.7s), 064/200 VUs, 3086 complete and 25 interrupted iterations
normal_day   [  95% ] 064/200 VUs  09m27.8s/10m00.0s

running (09m28.7s), 061/200 VUs, 3096 complete and 25 interrupted iterations
normal_day   [  95% ] 061/200 VUs  09m28.8s/10m00.0s

running (09m29.7s), 061/200 VUs, 3100 complete and 25 interrupted iterations
normal_day   [  95% ] 061/200 VUs  09m29.8s/10m00.0s

running (09m30.7s), 061/200 VUs, 3109 complete and 25 interrupted iterations
normal_day   [  95% ] 061/200 VUs  09m30.8s/10m00.0s

running (09m31.7s), 059/200 VUs, 3114 complete and 25 interrupted iterations
normal_day   [  95% ] 059/200 VUs  09m31.8s/10m00.0s

running (09m32.7s), 058/200 VUs, 3120 complete and 25 interrupted iterations
normal_day   [  95% ] 058/200 VUs  09m32.8s/10m00.0s

running (09m33.7s), 057/200 VUs, 3127 complete and 25 interrupted iterations
normal_day   [  96% ] 057/200 VUs  09m33.8s/10m00.0s

running (09m34.7s), 056/200 VUs, 3132 complete and 25 interrupted iterations
normal_day   [  96% ] 056/200 VUs  09m34.8s/10m00.0s

running (09m35.7s), 055/200 VUs, 3135 complete and 25 interrupted iterations
normal_day   [  96% ] 055/200 VUs  09m35.8s/10m00.0s

running (09m36.7s), 049/200 VUs, 3144 complete and 25 interrupted iterations
normal_day   [  96% ] 049/200 VUs  09m36.8s/10m00.0s

running (09m37.7s), 046/200 VUs, 3153 complete and 25 interrupted iterations
normal_day   [  96% ] 046/200 VUs  09m37.8s/10m00.0s

running (09m38.7s), 044/200 VUs, 3160 complete and 25 interrupted iterations
normal_day   [  96% ] 044/200 VUs  09m38.8s/10m00.0s

running (09m39.7s), 044/200 VUs, 3165 complete and 25 interrupted iterations
normal_day   [  97% ] 044/200 VUs  09m39.8s/10m00.0s

running (09m40.7s), 041/200 VUs, 3172 complete and 25 interrupted iterations
normal_day   [  97% ] 041/200 VUs  09m40.8s/10m00.0s

running (09m41.7s), 040/200 VUs, 3177 complete and 25 interrupted iterations
normal_day   [  97% ] 040/200 VUs  09m41.8s/10m00.0s

running (09m42.7s), 037/200 VUs, 3182 complete and 25 interrupted iterations
normal_day   [  97% ] 037/200 VUs  09m42.8s/10m00.0s

running (09m43.7s), 036/200 VUs, 3184 complete and 25 interrupted iterations
normal_day   [  97% ] 036/200 VUs  09m43.8s/10m00.0s

running (09m44.7s), 034/200 VUs, 3187 complete and 25 interrupted iterations
normal_day   [  97% ] 034/200 VUs  09m44.8s/10m00.0s

running (09m45.7s), 034/200 VUs, 3191 complete and 25 interrupted iterations
normal_day   [  98% ] 034/200 VUs  09m45.8s/10m00.0s

running (09m46.7s), 032/200 VUs, 3195 complete and 25 interrupted iterations
normal_day   [  98% ] 032/200 VUs  09m46.8s/10m00.0s

running (09m47.7s), 030/200 VUs, 3200 complete and 25 interrupted iterations
normal_day   [  98% ] 030/200 VUs  09m47.8s/10m00.0s

running (09m48.7s), 029/200 VUs, 3203 complete and 25 interrupted iterations
normal_day   [  98% ] 029/200 VUs  09m48.8s/10m00.0s

running (09m49.7s), 027/200 VUs, 3207 complete and 25 interrupted iterations
normal_day   [  98% ] 027/200 VUs  09m49.8s/10m00.0s

running (09m50.7s), 025/200 VUs, 3211 complete and 25 interrupted iterations
normal_day   [  98% ] 025/200 VUs  09m50.8s/10m00.0s

running (09m51.7s), 025/200 VUs, 3212 complete and 25 interrupted iterations
normal_day   [  99% ] 025/200 VUs  09m51.8s/10m00.0s

running (09m52.7s), 024/200 VUs, 3214 complete and 25 interrupted iterations
normal_day   [  99% ] 024/200 VUs  09m52.8s/10m00.0s

running (09m53.7s), 021/200 VUs, 3218 complete and 25 interrupted iterations
normal_day   [  99% ] 021/200 VUs  09m53.8s/10m00.0s

running (09m54.7s), 020/200 VUs, 3220 complete and 25 interrupted iterations
normal_day   [  99% ] 020/200 VUs  09m54.8s/10m00.0s

running (09m55.7s), 019/200 VUs, 3223 complete and 25 interrupted iterations
normal_day   [  99% ] 019/200 VUs  09m55.8s/10m00.0s

running (09m56.7s), 017/200 VUs, 3227 complete and 25 interrupted iterations
normal_day   [  99% ] 017/200 VUs  09m56.8s/10m00.0s

running (09m57.7s), 014/200 VUs, 3231 complete and 25 interrupted iterations
normal_day   [ 100% ] 014/200 VUs  09m57.8s/10m00.0s

running (09m58.7s), 013/200 VUs, 3232 complete and 25 interrupted iterations
normal_day   [ 100% ] 013/200 VUs  09m58.8s/10m00.0s

running (09m59.7s), 013/200 VUs, 3232 complete and 25 interrupted iterations
normal_day   [ 100% ] 013/200 VUs  09m59.8s/10m00.0s

running (10m00.7s), 010/200 VUs, 3235 complete and 25 interrupted iterations
normal_day ↓ [ 100% ] 012/200 VUs  10m0s

running (10m01.7s), 009/200 VUs, 3236 complete and 25 interrupted iterations
normal_day ↓ [ 100% ] 012/200 VUs  10m0s

running (10m02.7s), 008/200 VUs, 3237 complete and 25 interrupted iterations
normal_day ↓ [ 100% ] 012/200 VUs  10m0s

running (10m03.7s), 007/200 VUs, 3238 complete and 25 interrupted iterations
normal_day ↓ [ 100% ] 012/200 VUs  10m0s

running (10m04.7s), 006/200 VUs, 3239 complete and 25 interrupted iterations
normal_day ↓ [ 100% ] 012/200 VUs  10m0s

running (10m05.7s), 005/200 VUs, 3240 complete and 25 interrupted iterations
normal_day ↓ [ 100% ] 012/200 VUs  10m0s

running (10m06.7s), 004/200 VUs, 3241 complete and 25 interrupted iterations
normal_day ↓ [ 100% ] 012/200 VUs  10m0s

running (10m07.7s), 003/200 VUs, 3242 complete and 25 interrupted iterations
normal_day ↓ [ 100% ] 012/200 VUs  10m0s

running (10m08.7s), 003/200 VUs, 3242 complete and 25 interrupted iterations
normal_day ↓ [ 100% ] 012/200 VUs  10m0s

running (10m09.7s), 003/200 VUs, 3242 complete and 25 interrupted iterations
normal_day ↓ [ 100% ] 012/200 VUs  10m0s

running (10m10.7s), 003/200 VUs, 3242 complete and 25 interrupted iterations
normal_day ↓ [ 100% ] 012/200 VUs  10m0s

running (10m11.7s), 003/200 VUs, 3242 complete and 25 interrupted iterations
normal_day ↓ [ 100% ] 012/200 VUs  10m0s

running (10m12.7s), 003/200 VUs, 3242 complete and 25 interrupted iterations
normal_day ↓ [ 100% ] 012/200 VUs  10m0s

running (10m13.7s), 001/200 VUs, 3244 complete and 25 interrupted iterations
normal_day ↓ [ 100% ] 012/200 VUs  10m0s

running (10m14.7s), 001/200 VUs, 3244 complete and 25 interrupted iterations
normal_day ↓ [ 100% ] 012/200 VUs  10m0s

running (10m15.7s), 001/200 VUs, 3244 complete and 25 interrupted iterations
normal_day ↓ [ 100% ] 012/200 VUs  10m0s

running (10m16.7s), 001/200 VUs, 3244 complete and 25 interrupted iterations
normal_day ↓ [ 100% ] 012/200 VUs  10m0s
[32m     ✓ login 200[0m
[32m     ✓ unread count 200[0m
[32m     ✓ board list 200[0m
[32m     ✓ post detail 200[0m
[32m     ✓ notif list 200[0m
[32m     ✓ meal today 200[0m
[32m     ✓ scrap 2xx[0m
[32m     ✓ hot daily 200[0m
[32m     ✓ chat rooms 200[0m
[32m     ✓ friend list 200[0m
[32m     ✓ post list 200[0m
[32m     ✓ timetable today 200[0m
[32m     ✓ chat messages 200[0m
[32m     ✓ post reaction 2xx[0m
[32m     ✓ chat read 200[0m
[32m     ✓ post create 2xx[0m
[32m     ✓ comment create 2xx[0m
[32m     ✓ user info 200[0m
[32m     ✓ my posts 200[0m
[32m     ✓ read one 200[0m
[32m     ✓ comment list 200[0m
[32m     ✓ read all 200[0m
[32m     ✓ comment reaction 200[0m
[32m     ✓ ws handshake 101[0m
[32m     ✓ post search 200[0m
[32m     ✓ meal month 200[0m
[32m     ✓ refresh 200[0m
[32m     ✓ received reqs 200[0m
[32m     ✓ post update 200[0m
[32m     ✓ logout 200[0m
[32m     ✓ post delete 200[0m

     auth_token_refreshes[2m...........:[0m [36m34[0m      [36;2m0.055125/s[0m
     chat_ws_messages_sent[2m..........:[0m [36m851[0m     [36;2m1.37974/s[0m
     chat_ws_rtt[2m....................:[0m avg=[36m2.22s[0m   min=[36m15ms[0m    med=[36m1.75s[0m    max=[36m9.6s[0m     p(90)=[36m4.74s[0m    p(95)=[36m6.04s[0m   p(99)=[36m8.56s[0m   
     checks[2m.........................:[0m [36m100.00%[0m [36;2m✓ 14427[0m     [36;2m✗ 0[0m    
     [32m✓[0m { phase:measure }[2m............:[0m [36m100.00%[0m [36;2m✓ 8189[0m      [36;2m✗ 0[0m    
     [32m✓[0m { phase:rampdown }[2m...........:[0m [36m100.00%[0m [36;2m✓ 2593[0m      [36;2m✗ 0[0m    
     [32m✓[0m { phase:warmup }[2m.............:[0m [36m100.00%[0m [36;2m✓ 3645[0m      [36;2m✗ 0[0m    
     data_received[2m..................:[0m [36m648 MB[0m  [36;2m1.1 MB/s[0m
     data_sent[2m......................:[0m [36m5.8 MB[0m  [36;2m9.5 kB/s[0m
     http_req_blocked[2m...............:[0m avg=[36m13.81µs[0m min=[36m1.42µs[0m  med=[36m6.29µs[0m   max=[36m14.7ms[0m   p(90)=[36m10.8µs[0m   p(95)=[36m14.62µs[0m p(99)=[36m290.71µs[0m
     http_req_connecting[2m............:[0m avg=[36m4.71µs[0m  min=[36m0s[0m      med=[36m0s[0m       max=[36m14.54ms[0m  p(90)=[36m0s[0m       p(95)=[36m0s[0m      p(99)=[36m200.42µs[0m
     http_req_duration[2m..............:[0m avg=[36m4.22s[0m   min=[36m1.96ms[0m  med=[36m4.03s[0m    max=[36m29.3s[0m    p(90)=[36m7.89s[0m    p(95)=[36m9.08s[0m   p(99)=[36m13.24s[0m  
       { expected_response:true }[2m...:[0m avg=[36m4.22s[0m   min=[36m1.96ms[0m  med=[36m4.03s[0m    max=[36m29.3s[0m    p(90)=[36m7.89s[0m    p(95)=[36m9.08s[0m   p(99)=[36m13.24s[0m  
     [32m✓[0m { feature:auth }[2m.............:[0m avg=[36m2.17s[0m   min=[36m22.3ms[0m  med=[36m1.57s[0m    max=[36m8.93s[0m    p(90)=[36m4.73s[0m    p(95)=[36m6.18s[0m   p(99)=[36m8.72s[0m   
     [32m✓[0m { feature:board }[2m............:[0m avg=[36m4.1s[0m    min=[36m2.29ms[0m  med=[36m4.06s[0m    max=[36m11.69s[0m   p(90)=[36m7.47s[0m    p(95)=[36m8.4s[0m    p(99)=[36m9.64s[0m   
     [32m✓[0m { feature:chat }[2m.............:[0m avg=[36m4.12s[0m   min=[36m2.27ms[0m  med=[36m4.27s[0m    max=[36m12.24s[0m   p(90)=[36m7.58s[0m    p(95)=[36m8.44s[0m   p(99)=[36m9.75s[0m   
     [32m✓[0m { feature:comment }[2m..........:[0m avg=[36m5.44s[0m   min=[36m2.24ms[0m  med=[36m4.72s[0m    max=[36m29.3s[0m    p(90)=[36m11.06s[0m   p(95)=[36m13.37s[0m  p(99)=[36m16.01s[0m  
     [32m✓[0m { feature:friend }[2m...........:[0m avg=[36m4.16s[0m   min=[36m2.53ms[0m  med=[36m4.35s[0m    max=[36m13.45s[0m   p(90)=[36m7.44s[0m    p(95)=[36m8.69s[0m   p(99)=[36m10.28s[0m  
     [32m✓[0m { feature:hot }[2m..............:[0m avg=[36m4.22s[0m   min=[36m8.9ms[0m   med=[36m4.09s[0m    max=[36m11.82s[0m   p(90)=[36m7.78s[0m    p(95)=[36m8.78s[0m   p(99)=[36m10.12s[0m  
     [32m✓[0m { feature:mypage }[2m...........:[0m avg=[36m4.15s[0m   min=[36m2.84ms[0m  med=[36m4.15s[0m    max=[36m11.2s[0m    p(90)=[36m7.69s[0m    p(95)=[36m8.69s[0m   p(99)=[36m11.1s[0m   
     [32m✓[0m { feature:notification }[2m.....:[0m avg=[36m4.07s[0m   min=[36m2.29ms[0m  med=[36m4.21s[0m    max=[36m12.66s[0m   p(90)=[36m7.53s[0m    p(95)=[36m8.71s[0m   p(99)=[36m10.11s[0m  
     [32m✓[0m { feature:post }[2m.............:[0m avg=[36m3.87s[0m   min=[36m1.96ms[0m  med=[36m3.78s[0m    max=[36m13.41s[0m   p(90)=[36m7.36s[0m    p(95)=[36m8.42s[0m   p(99)=[36m10.08s[0m  
     [32m✓[0m { feature:reaction }[2m.........:[0m avg=[36m4.13s[0m   min=[36m14.75ms[0m med=[36m4.11s[0m    max=[36m11.67s[0m   p(90)=[36m7.56s[0m    p(95)=[36m8.72s[0m   p(99)=[36m9.86s[0m   
     [32m✓[0m { feature:school }[2m...........:[0m avg=[36m4.15s[0m   min=[36m2.76ms[0m  med=[36m3.9s[0m     max=[36m9.41s[0m    p(90)=[36m7.14s[0m    p(95)=[36m8.83s[0m   p(99)=[36m9.38s[0m   
     [32m✓[0m { feature:scrap }[2m............:[0m avg=[36m4.36s[0m   min=[36m15.38ms[0m med=[36m4.36s[0m    max=[36m11.62s[0m   p(90)=[36m8.2s[0m     p(95)=[36m9.9s[0m    p(99)=[36m10.78s[0m  
     [32m✓[0m { feature:timetable }[2m........:[0m avg=[36m4.16s[0m   min=[36m2.48ms[0m  med=[36m4.32s[0m    max=[36m9.2s[0m     p(90)=[36m7.04s[0m    p(95)=[36m8.18s[0m   p(99)=[36m8.99s[0m   
     [32m✓[0m { op:auth }[2m..................:[0m avg=[36m2.17s[0m   min=[36m22.3ms[0m  med=[36m1.57s[0m    max=[36m8.93s[0m    p(90)=[36m4.73s[0m    p(95)=[36m6.18s[0m   p(99)=[36m8.72s[0m   
     [31m✗[0m { op:read,phase:measure }[2m....:[0m avg=[36m5.13s[0m   min=[36m3.76ms[0m  med=[36m4.87s[0m    max=[36m21.59s[0m   p(90)=[36m8.37s[0m    p(95)=[36m9.39s[0m   p(99)=[36m13.4s[0m   
     [31m✗[0m { op:write,phase:measure }[2m...:[0m avg=[36m5.59s[0m   min=[36m62.88ms[0m med=[36m5.28s[0m    max=[36m13s[0m      p(90)=[36m8.73s[0m    p(95)=[36m9.6s[0m    p(99)=[36m11.55s[0m  
     [32m✓[0m { page:0 }[2m...................:[0m avg=[36m2.8s[0m    min=[36m1.96ms[0m  med=[36m2.36s[0m    max=[36m12.09s[0m   p(90)=[36m5.74s[0m    p(95)=[36m7.33s[0m   p(99)=[36m9.07s[0m   
     [32m✓[0m { page:1 }[2m...................:[0m avg=[36m2.69s[0m   min=[36m2.17ms[0m  med=[36m2.17s[0m    max=[36m10.12s[0m   p(90)=[36m5.37s[0m    p(95)=[36m7.02s[0m   p(99)=[36m8.86s[0m   
     [32m✓[0m { page:2 }[2m...................:[0m avg=[36m2.89s[0m   min=[36m2.44ms[0m  med=[36m2.47s[0m    max=[36m10.18s[0m   p(90)=[36m5.59s[0m    p(95)=[36m7.36s[0m   p(99)=[36m8.55s[0m   
     [32m✓[0m { page:3 }[2m...................:[0m avg=[36m3.15s[0m   min=[36m2.49ms[0m  med=[36m2.76s[0m    max=[36m9.01s[0m    p(90)=[36m6.05s[0m    p(95)=[36m6.74s[0m   p(99)=[36m8.17s[0m   
     [32m✓[0m { page:4 }[2m...................:[0m avg=[36m2.72s[0m   min=[36m2.66ms[0m  med=[36m2.18s[0m    max=[36m10.13s[0m   p(90)=[36m6.11s[0m    p(95)=[36m7.62s[0m   p(99)=[36m9.04s[0m   
     [32m✓[0m { phase:measure }[2m............:[0m avg=[36m5.16s[0m   min=[36m3.76ms[0m  med=[36m4.89s[0m    max=[36m21.59s[0m   p(90)=[36m8.41s[0m    p(95)=[36m9.41s[0m   p(99)=[36m13.35s[0m  
     [32m✓[0m { phase:rampdown }[2m...........:[0m avg=[36m3.36s[0m   min=[36m1.96ms[0m  med=[36m3.06s[0m    max=[36m20.69s[0m   p(90)=[36m7.96s[0m    p(95)=[36m9.42s[0m   p(99)=[36m12.66s[0m  
     [32m✓[0m { phase:warmup }[2m.............:[0m avg=[36m2.74s[0m   min=[36m4.28ms[0m  med=[36m2.09s[0m    max=[36m29.3s[0m    p(90)=[36m5.92s[0m    p(95)=[36m7.09s[0m   p(99)=[36m13.29s[0m  
     http_req_failed[2m................:[0m [36m0.00%[0m   [36;2m✓ 0[0m         [36;2m✗ 14275[0m
     [32m✓[0m { phase:measure }[2m............:[0m [36m0.00%[0m   [36;2m✓ 0[0m         [36;2m✗ 8101[0m 
     [32m✓[0m { phase:rampdown }[2m...........:[0m [36m0.00%[0m   [36;2m✓ 0[0m         [36;2m✗ 2433[0m 
     [32m✓[0m { phase:warmup }[2m.............:[0m [36m0.00%[0m   [36;2m✓ 0[0m         [36;2m✗ 3741[0m 
     http_req_receiving[2m.............:[0m avg=[36m1.6ms[0m   min=[36m23.18µs[0m med=[36m288.87µs[0m max=[36m201.43ms[0m p(90)=[36m811.28µs[0m p(95)=[36m3.29ms[0m  p(99)=[36m63.22ms[0m 
     http_req_sending[2m...............:[0m avg=[36m42.1µs[0m  min=[36m5.58µs[0m  med=[36m34.33µs[0m  max=[36m561.21µs[0m p(90)=[36m70.96µs[0m  p(95)=[36m86.46µs[0m p(99)=[36m150.98µs[0m
     http_req_tls_handshaking[2m.......:[0m avg=[36m0s[0m      min=[36m0s[0m      med=[36m0s[0m       max=[36m0s[0m       p(90)=[36m0s[0m       p(95)=[36m0s[0m      p(99)=[36m0s[0m      
     http_req_waiting[2m...............:[0m avg=[36m4.22s[0m   min=[36m1.76ms[0m  med=[36m4.03s[0m    max=[36m29.21s[0m   p(90)=[36m7.89s[0m    p(95)=[36m9.08s[0m   p(99)=[36m13.23s[0m  
     http_reqs[2m......................:[0m [36m14275[0m   [36;2m23.144281/s[0m
     [32m✓[0m { feature:auth }[2m.............:[0m [36m286[0m     [36;2m0.463696/s[0m
     [32m✓[0m { feature:board }[2m............:[0m [36m1326[0m    [36;2m2.149865/s[0m
     [32m✓[0m { feature:chat }[2m.............:[0m [36m1027[0m    [36;2m1.665091/s[0m
     [32m✓[0m { feature:comment }[2m..........:[0m [36m2588[0m    [36;2m4.195965/s[0m
     [32m✓[0m { feature:friend }[2m...........:[0m [36m239[0m     [36;2m0.387494/s[0m
     [32m✓[0m { feature:hot }[2m..............:[0m [36m1326[0m    [36;2m2.149865/s[0m
     [32m✓[0m { feature:mypage }[2m...........:[0m [36m156[0m     [36;2m0.252925/s[0m
     [32m✓[0m { feature:notification }[2m.....:[0m [36m656[0m     [36;2m1.063583/s[0m
     [32m✓[0m { feature:post }[2m.............:[0m [36m6137[0m    [36;2m9.950014/s[0m
     [32m✓[0m { feature:reaction }[2m.........:[0m [36m264[0m     [36;2m0.428027/s[0m
     [32m✓[0m { feature:school }[2m...........:[0m [36m106[0m     [36;2m0.171859/s[0m
     [32m✓[0m { feature:scrap }[2m............:[0m [36m76[0m      [36;2m0.12322/s[0m
     [32m✓[0m { feature:timetable }[2m........:[0m [36m88[0m      [36;2m0.142676/s[0m
     [32m✓[0m { op:auth }[2m..................:[0m [36m286[0m     [36;2m0.463696/s[0m
     [32m✓[0m { op:read }[2m..................:[0m [36m12936[0m   [36;2m20.97334/s[0m
     [32m✓[0m { op:write }[2m.................:[0m [36m1053[0m    [36;2m1.707245/s[0m
     [32m✓[0m { page:0 }[2m...................:[0m [36m726[0m     [36;2m1.177075/s[0m
     [32m✓[0m { page:1 }[2m...................:[0m [36m275[0m     [36;2m0.445862/s[0m
     [32m✓[0m { page:2 }[2m...................:[0m [36m156[0m     [36;2m0.252925/s[0m
     [32m✓[0m { page:3 }[2m...................:[0m [36m97[0m      [36;2m0.157268/s[0m
     [32m✓[0m { page:4 }[2m...................:[0m [36m72[0m      [36;2m0.116735/s[0m
     [32m✓[0m { phase:measure }[2m............:[0m [36m8101[0m    [36;2m13.134278/s[0m
     [32m✓[0m { phase:rampdown }[2m...........:[0m [36m2433[0m    [36;2m3.944661/s[0m
     [32m✓[0m { phase:warmup }[2m.............:[0m [36m3741[0m    [36;2m6.065342/s[0m
     iteration_duration[2m.............:[0m avg=[36m28.11s[0m  min=[36m1.29s[0m   med=[36m20.93s[0m   max=[36m1m35s[0m    p(90)=[36m59.49s[0m   p(95)=[36m1m6s[0m    p(99)=[36m1m19s[0m   
     iterations[2m.....................:[0m [36m3245[0m    [36;2m5.261169/s[0m
     [32m✓[0m { phase:measure }[2m............:[0m [36m0[0m       [36;2m0/s[0m
     [32m✓[0m { phase:rampdown }[2m...........:[0m [36m0[0m       [36;2m0/s[0m
     [32m✓[0m { phase:warmup }[2m.............:[0m [36m0[0m       [36;2m0/s[0m
     phase_iterations[2m...............:[0m [36m3245[0m    [36;2m5.261169/s[0m
     [32m✓[0m { phase:measure }[2m............:[0m [36m1865[0m    [36;2m3.023754/s[0m
     [32m✓[0m { phase:rampdown }[2m...........:[0m [36m665[0m     [36;2m1.078175/s[0m
     [32m✓[0m { phase:warmup }[2m.............:[0m [36m715[0m     [36;2m1.159241/s[0m
     vus[2m............................:[0m [36m1[0m       [36;2mmin=0[0m       [36;2mmax=200[0m
     vus_max[2m........................:[0m [36m200[0m     [36;2mmin=200[0m     [36;2mmax=200[0m
     ws_connecting[2m..................:[0m avg=[36m2.9s[0m    min=[36m2.07ms[0m  med=[36m2.55s[0m    max=[36m9.27s[0m    p(90)=[36m6s[0m       p(95)=[36m7.53s[0m   p(99)=[36m8.9s[0m    
     ws_msgs_received[2m...............:[0m [36m903[0m     [36;2m1.464048/s[0m
     ws_msgs_sent[2m...................:[0m [36m1155[0m    [36;2m1.87262/s[0m
     ws_session_duration[2m............:[0m avg=[36m25.44s[0m  min=[36m15.53s[0m  med=[36m25.53s[0m   max=[36m35.52s[0m   p(90)=[36m31.91s[0m   p(95)=[36m32.99s[0m  p(99)=[36m34.93s[0m  
     ws_sessions[2m....................:[0m [36m152[0m     [36;2m0.24644/s[0m
running (10m16.8s), 000/200 VUs, 3245 complete and 25 interrupted iterations
normal_day ✓ [ 100% ] 000/200 VUs  10m0s
  호스트(Windows) 118표본 · CPU 44.7% (max 63.2) · 주파수 114.1% (min -1.0) · 대기스레드 8.86 · 가용메모리 4265MB
  부하 중 벤치(warmup +60초, 3회 중앙값) · single 6006ms (유휴 대비 22.7%) · parallel 5211ms (유휴 대비 15.6%) · ctxswitch 3357ms (유휴 대비 55.8%)

  실행 후 상태 sha256:0d43d070046b — chat_messages.maxId +851, chat_messages.count +847, comments.count +168, comments.maxId +168, notifications.count +168 (외 13개)
    (지문 제외 항목: posts.sumViewCount +3775, daily_hot_post.count +50)
Prometheus 스크레이프 대기 20초...

══════════════════════════════════════════════════════════════════════════
  Performance Report — normal-day   Run #94   ❌ FAIL
══════════════════════════════════════════════════════════════════════════
  환경 perf  |  브랜치 personal/localdocs  |  커밋 3e96d946  |  빌드 local
  시작 2026-08-19 17:34:04 KST  |  수행 10m 17s  |  VU max 200
  데이터셋 medium  |  부하 ramping-vus 0→200@3m0s→200@5m0s→0@2m0s

  ── 성능 (measure 구간) ─────────────────────────────────────────
  평균 5.17s     P95 9.42s     P99 13.35s   
  RPS  27.0      TPS 6.22      오류율 0.00%

  ── 인프라 ────────────────────────────────────────────────────────
  CPU  2.00 core (한계의 100%)   throttled 99.7%
  Heap 838 MB (82%)   GC max 487ms × 122회
  DB   slow 1,180  QPS 7,395  풀 100%  대기 176
  Redis hit 98.6%  ops 149.2/s  evicted 0

  ── 회귀 (기준: normal-day-2026-08-19T08-31-27) ────────────────
  ⚠  기준선은 당시 k6 threshold 미통과 실행입니다, 당시 Node 판정 FAIL.
     아래 증감률은 개선/악화 폭이며 현재 SLO 통과를 뜻하지 않습니다.
  ❌ P95 응답시간                   11.04s → 9.42s (-14.7%)
       9419 > 상한 500
  ❌ P99 응답시간                   15.12s → 13.35s (-11.7%)
       13354 > 상한 1200
  ❌ CPU 포화도 (한계 대비 최대)         100.1% → 100.1% (-0.0%)
       100 > 상한 95.00
  ❌ CPU throttling 비율          99.9% → 99.7% (-0.3%)
       99.66 > 상한 10.00
  ⚠️  GC 최대 정지시간                 200ms → 487ms (+143.5%)
       487 > 상한 200
       직전 대비 +143.5% 악화 (경고 30%)
  ⚠️  MySQL 동시 실행 스레드 최대         2 → 6 (+200.0%)
       직전 대비 +200.0% 악화 (경고 40%)
  ❌ HikariCP 포화도               100.0% → 100.0% (0.0%)
       100 > 상한 95.00
  ❌ HikariCP 대기 스레드 최대         174 → 176 (+1.1%)
       176 > 상한 5.00
  ❌ 커넥션 획득 p95                 6.21s → 5.65s (-9.0%)
       5646 > 상한 100

  ── 병목 가설 ─────────────────────────────────────────────────────
  • CPU throttling 발생
    cgroup이 CPU를 강제 회수한 주기가 99.7%다. CPU 한계(2 core)를 올리거나 요청당 CPU 사용을 줄여야 p99가 안정된다.
  • DB 커넥션 풀 대기 발생
    최대 176개 스레드가 커넥션을 기다렸다. 풀 크기(10)가 동시성 대비 부족하거나, 커넥션 보유 시간이 긴 쿼리가 있다.
  • DB 커넥션 풀 포화
    풀 사용률이 100%까지 올라갔다. 여유가 거의 없어 부하가 조금만 늘어도 대기가 생긴다.
  • CPU 포화
    CPU 사용이 한계의 100%에 도달했다.

  보고서 : reports\runs\normal-day-2026-08-19T08-44-20\report.html
  Grafana(전체 실행): http://localhost:3001/d/htd-perf-overview/highteenday-performance-overview?from=1787128324081&to=1787129180865
  Grafana(measure) : http://localhost:3001/d/htd-perf-overview/highteenday-performance-overview?from=1787128504081&to=1787129044081
══════════════════════════════════════════════════════════════════════════

  [5/10] p95 9418.7ms · 평균 5166.0ms · 서버측 5090.1ms · 경로 75.9ms

──────── [6/10] 리셋 (restart) ────────

▶ k6 run scenarios/normal-day.js
  브랜치 personal/localdocs · 커밋 3e96d9463207 · 실행자 user@DESKTOP-DJJPASG
  환경 perf · "E-46 우선순위 7 — 예열인가 드리프트인가(연속 10회, 부하 중 벤치 포함) — repeatability 6/10"
  데이터셋 medium · 상태 sha256:0d43d070046b (160ms)
  캐시 cold (키 0개)
  guard strict — 상태 불일치 시 스냅샷 복원 후 재확인 [perf.config.json]
    guard=strict — 스냅샷으로 복원합니다.
▶ 복원 — medium-20260816-062210 → perf-mysql-data-medium
  앱·MySQL 정지
  MySQL 기동
  Redis FLUSHALL (복원 후 캐시는 cold 다)
  앱 기동
  복원 후 상태 지문 sha256:ffe696d17416 = 스냅샷 일치

✅ 복원 완료 · 소요 10.8초 (압축 해제 구간)

  부하 발생기: 컨테이너 perf-k6 (grafana/k6:2.1.0, CPU 상한 4)
  k6 지표 전송: http://prometheus:9090/api/v1/write (native histogram, 5s 간격)
  환경 대조 벤치 실행 중(3축 3회, 약 40초)... single 5004ms · parallel 5878ms · ctxswitch 2132ms
  부하 중 벤치 예약: k6 시작 +60초 (warmup 구간, 3회)

         /\      Grafana   /‾‾/  
    /\  /  \     |\  __   /  /   
   /  \/    \    | |/ /  /   ‾‾\ 
  /          \   |   (  |  (‾)  |
 / __________ \  |_|\_\  \_____/ 


     execution: local
        script: scenarios/normal-day.js
        output: Prometheus remote write (http://prometheus:9090/api/v1/write)

     scenarios: (100.00%) 1 scenario, 200 max VUs, 10m30s max duration (incl. graceful stop):
              * normal_day: Up to 200 looping VUs for 10m0s over 3 stages (gracefulRampDown: 30s, gracefulStop: 30s)


running (00m00.8s), 000/200 VUs, 0 complete and 0 interrupted iterations
normal_day   [   0% ] 000/200 VUs  00m00.8s/10m00.0s

running (00m01.8s), 002/200 VUs, 0 complete and 0 interrupted iterations
normal_day   [   0% ] 002/200 VUs  00m01.8s/10m00.0s

running (00m02.8s), 003/200 VUs, 0 complete and 0 interrupted iterations
normal_day   [   0% ] 003/200 VUs  00m02.8s/10m00.0s

running (00m03.8s), 004/200 VUs, 0 complete and 0 interrupted iterations
normal_day   [   1% ] 004/200 VUs  00m03.8s/10m00.0s

running (00m04.8s), 005/200 VUs, 0 complete and 0 interrupted iterations
normal_day   [   1% ] 005/200 VUs  00m04.8s/10m00.0s

running (00m05.8s), 006/200 VUs, 0 complete and 0 interrupted iterations
normal_day   [   1% ] 006/200 VUs  00m05.8s/10m00.0s

running (00m06.8s), 007/200 VUs, 0 complete and 0 interrupted iterations
normal_day   [   1% ] 007/200 VUs  00m06.8s/10m00.0s

running (00m07.8s), 008/200 VUs, 1 complete and 0 interrupted iterations
normal_day   [   1% ] 008/200 VUs  00m07.8s/10m00.0s

running (00m08.8s), 009/200 VUs, 1 complete and 0 interrupted iterations
normal_day   [   1% ] 009/200 VUs  00m08.8s/10m00.0s

running (00m09.8s), 010/200 VUs, 2 complete and 0 interrupted iterations
normal_day   [   2% ] 010/200 VUs  00m09.8s/10m00.0s

running (00m10.8s), 012/200 VUs, 3 complete and 0 interrupted iterations
normal_day   [   2% ] 012/200 VUs  00m10.8s/10m00.0s

running (00m11.8s), 013/200 VUs, 4 complete and 0 interrupted iterations
normal_day   [   2% ] 013/200 VUs  00m11.8s/10m00.0s

running (00m12.8s), 014/200 VUs, 5 complete and 0 interrupted iterations
normal_day   [   2% ] 014/200 VUs  00m12.8s/10m00.0s

running (00m13.8s), 015/200 VUs, 6 complete and 0 interrupted iterations
normal_day   [   2% ] 015/200 VUs  00m13.8s/10m00.0s

running (00m14.8s), 016/200 VUs, 6 complete and 0 interrupted iterations
normal_day   [   2% ] 016/200 VUs  00m14.8s/10m00.0s

running (00m15.8s), 017/200 VUs, 7 complete and 0 interrupted iterations
normal_day   [   3% ] 017/200 VUs  00m15.8s/10m00.0s

running (00m16.8s), 018/200 VUs, 7 complete and 0 interrupted iterations
normal_day   [   3% ] 018/200 VUs  00m16.8s/10m00.0s

running (00m17.8s), 019/200 VUs, 11 complete and 0 interrupted iterations
normal_day   [   3% ] 019/200 VUs  00m17.8s/10m00.0s

running (00m18.8s), 020/200 VUs, 12 complete and 0 interrupted iterations
normal_day   [   3% ] 020/200 VUs  00m18.8s/10m00.0s

running (00m19.8s), 022/200 VUs, 14 complete and 0 interrupted iterations
normal_day   [   3% ] 022/200 VUs  00m19.8s/10m00.0s

running (00m20.8s), 023/200 VUs, 18 complete and 0 interrupted iterations
normal_day   [   3% ] 023/200 VUs  00m20.8s/10m00.0s

running (00m21.8s), 024/200 VUs, 18 complete and 0 interrupted iterations
normal_day   [   4% ] 024/200 VUs  00m21.8s/10m00.0s

running (00m22.8s), 025/200 VUs, 20 complete and 0 interrupted iterations
normal_day   [   4% ] 025/200 VUs  00m22.8s/10m00.0s

running (00m23.8s), 026/200 VUs, 22 complete and 0 interrupted iterations
normal_day   [   4% ] 026/200 VUs  00m23.8s/10m00.0s

running (00m24.8s), 027/200 VUs, 23 complete and 0 interrupted iterations
normal_day   [   4% ] 027/200 VUs  00m24.8s/10m00.0s

running (00m25.8s), 028/200 VUs, 24 complete and 0 interrupted iterations
normal_day   [   4% ] 028/200 VUs  00m25.8s/10m00.0s

running (00m26.8s), 029/200 VUs, 26 complete and 0 interrupted iterations
normal_day   [   4% ] 029/200 VUs  00m26.8s/10m00.0s

running (00m27.8s), 030/200 VUs, 27 complete and 0 interrupted iterations
normal_day   [   5% ] 030/200 VUs  00m27.8s/10m00.0s

running (00m28.8s), 032/200 VUs, 29 complete and 0 interrupted iterations
normal_day   [   5% ] 032/200 VUs  00m28.8s/10m00.0s

running (00m29.8s), 033/200 VUs, 32 complete and 0 interrupted iterations
normal_day   [   5% ] 033/200 VUs  00m29.8s/10m00.0s

running (00m30.8s), 034/200 VUs, 32 complete and 0 interrupted iterations
normal_day   [   5% ] 034/200 VUs  00m30.8s/10m00.0s

running (00m31.8s), 035/200 VUs, 35 complete and 0 interrupted iterations
normal_day   [   5% ] 035/200 VUs  00m31.8s/10m00.0s

running (00m32.8s), 036/200 VUs, 40 complete and 0 interrupted iterations
normal_day   [   5% ] 036/200 VUs  00m32.8s/10m00.0s

running (00m33.8s), 037/200 VUs, 43 complete and 0 interrupted iterations
normal_day   [   6% ] 037/200 VUs  00m33.8s/10m00.0s

running (00m34.8s), 038/200 VUs, 45 complete and 0 interrupted iterations
normal_day   [   6% ] 038/200 VUs  00m34.8s/10m00.0s

running (00m35.8s), 039/200 VUs, 50 complete and 0 interrupted iterations
normal_day   [   6% ] 039/200 VUs  00m35.8s/10m00.0s

running (00m36.8s), 040/200 VUs, 52 complete and 0 interrupted iterations
normal_day   [   6% ] 040/200 VUs  00m36.8s/10m00.0s

running (00m37.8s), 042/200 VUs, 52 complete and 0 interrupted iterations
normal_day   [   6% ] 042/200 VUs  00m37.8s/10m00.0s

running (00m38.8s), 043/200 VUs, 55 complete and 0 interrupted iterations
normal_day   [   6% ] 043/200 VUs  00m38.8s/10m00.0s

running (00m39.8s), 044/200 VUs, 60 complete and 0 interrupted iterations
normal_day   [   7% ] 044/200 VUs  00m39.8s/10m00.0s

running (00m40.8s), 045/200 VUs, 69 complete and 0 interrupted iterations
normal_day   [   7% ] 045/200 VUs  00m40.8s/10m00.0s

running (00m41.8s), 046/200 VUs, 70 complete and 0 interrupted iterations
normal_day   [   7% ] 046/200 VUs  00m41.8s/10m00.0s

running (00m42.8s), 047/200 VUs, 73 complete and 0 interrupted iterations
normal_day   [   7% ] 047/200 VUs  00m42.8s/10m00.0s

running (00m43.8s), 048/200 VUs, 77 complete and 0 interrupted iterations
normal_day   [   7% ] 048/200 VUs  00m43.8s/10m00.0s

running (00m44.8s), 049/200 VUs, 82 complete and 0 interrupted iterations
normal_day   [   7% ] 049/200 VUs  00m44.8s/10m00.0s

running (00m45.8s), 050/200 VUs, 87 complete and 0 interrupted iterations
normal_day   [   8% ] 050/200 VUs  00m45.8s/10m00.0s

running (00m46.8s), 052/200 VUs, 89 complete and 0 interrupted iterations
normal_day   [   8% ] 052/200 VUs  00m46.8s/10m00.0s

running (00m47.8s), 053/200 VUs, 96 complete and 0 interrupted iterations
normal_day   [   8% ] 053/200 VUs  00m47.8s/10m00.0s

running (00m48.8s), 054/200 VUs, 99 complete and 0 interrupted iterations
normal_day   [   8% ] 054/200 VUs  00m48.8s/10m00.0s

running (00m49.8s), 055/200 VUs, 106 complete and 0 interrupted iterations
normal_day   [   8% ] 055/200 VUs  00m49.8s/10m00.0s

running (00m50.8s), 056/200 VUs, 116 complete and 0 interrupted iterations
normal_day   [   8% ] 056/200 VUs  00m50.8s/10m00.0s

running (00m51.8s), 057/200 VUs, 122 complete and 0 interrupted iterations
normal_day   [   9% ] 057/200 VUs  00m51.8s/10m00.0s

running (00m52.8s), 058/200 VUs, 131 complete and 0 interrupted iterations
normal_day   [   9% ] 058/200 VUs  00m52.8s/10m00.0s

running (00m53.8s), 059/200 VUs, 137 complete and 0 interrupted iterations
normal_day   [   9% ] 059/200 VUs  00m53.8s/10m00.0s

running (00m54.8s), 060/200 VUs, 144 complete and 0 interrupted iterations
normal_day   [   9% ] 060/200 VUs  00m54.8s/10m00.0s

running (00m55.8s), 062/200 VUs, 149 complete and 0 interrupted iterations
normal_day   [   9% ] 062/200 VUs  00m55.8s/10m00.0s

running (00m56.8s), 063/200 VUs, 154 complete and 0 interrupted iterations
normal_day   [   9% ] 063/200 VUs  00m56.8s/10m00.0s

running (00m57.8s), 064/200 VUs, 156 complete and 0 interrupted iterations
normal_day   [  10% ] 064/200 VUs  00m57.8s/10m00.0s

running (00m58.8s), 065/200 VUs, 162 complete and 0 interrupted iterations
normal_day   [  10% ] 065/200 VUs  00m58.8s/10m00.0s

running (00m59.8s), 066/200 VUs, 170 complete and 0 interrupted iterations
normal_day   [  10% ] 066/200 VUs  00m59.8s/10m00.0s

running (01m00.8s), 067/200 VUs, 179 complete and 0 interrupted iterations
normal_day   [  10% ] 067/200 VUs  01m00.8s/10m00.0s

running (01m01.8s), 068/200 VUs, 184 complete and 0 interrupted iterations
normal_day   [  10% ] 068/200 VUs  01m01.8s/10m00.0s

running (01m02.8s), 069/200 VUs, 194 complete and 0 interrupted iterations
normal_day   [  10% ] 069/200 VUs  01m02.8s/10m00.0s

running (01m03.8s), 070/200 VUs, 202 complete and 0 interrupted iterations
normal_day   [  11% ] 070/200 VUs  01m03.8s/10m00.0s

running (01m04.8s), 072/200 VUs, 206 complete and 0 interrupted iterations
normal_day   [  11% ] 072/200 VUs  01m04.8s/10m00.0s

running (01m05.8s), 073/200 VUs, 211 complete and 0 interrupted iterations
normal_day   [  11% ] 073/200 VUs  01m05.8s/10m00.0s

running (01m06.8s), 074/200 VUs, 220 complete and 0 interrupted iterations
normal_day   [  11% ] 074/200 VUs  01m06.8s/10m00.0s

running (01m07.8s), 075/200 VUs, 223 complete and 0 interrupted iterations
normal_day   [  11% ] 075/200 VUs  01m07.8s/10m00.0s

running (01m08.8s), 076/200 VUs, 227 complete and 0 interrupted iterations
normal_day   [  11% ] 076/200 VUs  01m08.8s/10m00.0s

running (01m09.8s), 077/200 VUs, 231 complete and 0 interrupted iterations
normal_day   [  12% ] 077/200 VUs  01m09.8s/10m00.0s

running (01m10.8s), 078/200 VUs, 235 complete and 0 interrupted iterations
normal_day   [  12% ] 078/200 VUs  01m10.8s/10m00.0s

running (01m11.8s), 079/200 VUs, 240 complete and 0 interrupted iterations
normal_day   [  12% ] 079/200 VUs  01m11.8s/10m00.0s

running (01m12.8s), 080/200 VUs, 246 complete and 0 interrupted iterations
normal_day   [  12% ] 080/200 VUs  01m12.8s/10m00.0s

running (01m13.8s), 082/200 VUs, 252 complete and 0 interrupted iterations
normal_day   [  12% ] 082/200 VUs  01m13.8s/10m00.0s

running (01m14.8s), 083/200 VUs, 254 complete and 0 interrupted iterations
normal_day   [  12% ] 083/200 VUs  01m14.8s/10m00.0s

running (01m15.8s), 084/200 VUs, 256 complete and 0 interrupted iterations
normal_day   [  13% ] 084/200 VUs  01m15.8s/10m00.0s

running (01m16.8s), 085/200 VUs, 261 complete and 0 interrupted iterations
normal_day   [  13% ] 085/200 VUs  01m16.8s/10m00.0s

running (01m17.8s), 086/200 VUs, 265 complete and 0 interrupted iterations
normal_day   [  13% ] 086/200 VUs  01m17.8s/10m00.0s

running (01m18.8s), 087/200 VUs, 270 complete and 0 interrupted iterations
normal_day   [  13% ] 087/200 VUs  01m18.8s/10m00.0s

running (01m19.8s), 088/200 VUs, 278 complete and 0 interrupted iterations
normal_day   [  13% ] 088/200 VUs  01m19.8s/10m00.0s

running (01m20.8s), 089/200 VUs, 282 complete and 0 interrupted iterations
normal_day   [  13% ] 089/200 VUs  01m20.8s/10m00.0s

running (01m21.8s), 090/200 VUs, 286 complete and 0 interrupted iterations
normal_day   [  14% ] 090/200 VUs  01m21.8s/10m00.0s

running (01m22.8s), 092/200 VUs, 288 complete and 0 interrupted iterations
normal_day   [  14% ] 092/200 VUs  01m22.8s/10m00.0s

running (01m23.8s), 093/200 VUs, 296 complete and 0 interrupted iterations
normal_day   [  14% ] 093/200 VUs  01m23.8s/10m00.0s

running (01m24.8s), 094/200 VUs, 304 complete and 0 interrupted iterations
normal_day   [  14% ] 094/200 VUs  01m24.8s/10m00.0s

running (01m25.8s), 095/200 VUs, 304 complete and 0 interrupted iterations
normal_day   [  14% ] 095/200 VUs  01m25.8s/10m00.0s

running (01m26.8s), 096/200 VUs, 311 complete and 0 interrupted iterations
normal_day   [  14% ] 096/200 VUs  01m26.8s/10m00.0s

running (01m27.8s), 097/200 VUs, 312 complete and 0 interrupted iterations
normal_day   [  15% ] 097/200 VUs  01m27.8s/10m00.0s

running (01m28.8s), 098/200 VUs, 319 complete and 0 interrupted iterations
normal_day   [  15% ] 098/200 VUs  01m28.8s/10m00.0s

running (01m29.8s), 099/200 VUs, 325 complete and 0 interrupted iterations
normal_day   [  15% ] 099/200 VUs  01m29.8s/10m00.0s

running (01m30.8s), 100/200 VUs, 332 complete and 0 interrupted iterations
normal_day   [  15% ] 100/200 VUs  01m30.8s/10m00.0s

running (01m31.8s), 102/200 VUs, 335 complete and 0 interrupted iterations
normal_day   [  15% ] 102/200 VUs  01m31.8s/10m00.0s

running (01m32.8s), 103/200 VUs, 339 complete and 0 interrupted iterations
normal_day   [  15% ] 103/200 VUs  01m32.8s/10m00.0s

running (01m33.8s), 104/200 VUs, 341 complete and 0 interrupted iterations
normal_day   [  16% ] 104/200 VUs  01m33.8s/10m00.0s

running (01m35.0s), 105/200 VUs, 349 complete and 0 interrupted iterations
normal_day   [  16% ] 105/200 VUs  01m35.0s/10m00.0s

running (01m35.8s), 106/200 VUs, 354 complete and 0 interrupted iterations
normal_day   [  16% ] 106/200 VUs  01m35.8s/10m00.0s

running (01m36.8s), 107/200 VUs, 357 complete and 0 interrupted iterations
normal_day   [  16% ] 107/200 VUs  01m36.8s/10m00.0s

running (01m37.8s), 108/200 VUs, 363 complete and 0 interrupted iterations
normal_day   [  16% ] 108/200 VUs  01m37.8s/10m00.0s

running (01m38.8s), 109/200 VUs, 371 complete and 0 interrupted iterations
normal_day   [  16% ] 109/200 VUs  01m38.8s/10m00.0s

running (01m39.8s), 110/200 VUs, 374 complete and 0 interrupted iterations
normal_day   [  17% ] 110/200 VUs  01m39.8s/10m00.0s

running (01m40.8s), 112/200 VUs, 382 complete and 0 interrupted iterations
normal_day   [  17% ] 112/200 VUs  01m40.8s/10m00.0s

running (01m41.8s), 113/200 VUs, 387 complete and 0 interrupted iterations
normal_day   [  17% ] 113/200 VUs  01m41.8s/10m00.0s

running (01m42.8s), 114/200 VUs, 395 complete and 0 interrupted iterations
normal_day   [  17% ] 114/200 VUs  01m42.8s/10m00.0s

running (01m43.8s), 115/200 VUs, 401 complete and 0 interrupted iterations
normal_day   [  17% ] 115/200 VUs  01m43.8s/10m00.0s

running (01m44.8s), 116/200 VUs, 405 complete and 0 interrupted iterations
normal_day   [  17% ] 116/200 VUs  01m44.8s/10m00.0s

running (01m45.8s), 117/200 VUs, 414 complete and 0 interrupted iterations
normal_day   [  18% ] 117/200 VUs  01m45.8s/10m00.0s

running (01m46.8s), 118/200 VUs, 421 complete and 0 interrupted iterations
normal_day   [  18% ] 118/200 VUs  01m46.8s/10m00.0s

running (01m47.8s), 119/200 VUs, 430 complete and 0 interrupted iterations
normal_day   [  18% ] 119/200 VUs  01m47.8s/10m00.0s

running (01m48.8s), 120/200 VUs, 441 complete and 0 interrupted iterations
normal_day   [  18% ] 120/200 VUs  01m48.8s/10m00.0s

running (01m49.8s), 122/200 VUs, 444 complete and 0 interrupted iterations
normal_day   [  18% ] 122/200 VUs  01m49.8s/10m00.0s

running (01m50.8s), 123/200 VUs, 450 complete and 0 interrupted iterations
normal_day   [  18% ] 123/200 VUs  01m50.8s/10m00.0s

running (01m51.8s), 124/200 VUs, 459 complete and 0 interrupted iterations
normal_day   [  19% ] 124/200 VUs  01m51.8s/10m00.0s

running (01m52.8s), 125/200 VUs, 470 complete and 0 interrupted iterations
normal_day   [  19% ] 125/200 VUs  01m52.8s/10m00.0s

running (01m53.8s), 126/200 VUs, 477 complete and 0 interrupted iterations
normal_day   [  19% ] 126/200 VUs  01m53.8s/10m00.0s

running (01m54.8s), 127/200 VUs, 495 complete and 0 interrupted iterations
normal_day   [  19% ] 127/200 VUs  01m54.8s/10m00.0s

running (01m55.8s), 128/200 VUs, 504 complete and 0 interrupted iterations
normal_day   [  19% ] 128/200 VUs  01m55.8s/10m00.0s

running (01m56.8s), 129/200 VUs, 512 complete and 0 interrupted iterations
normal_day   [  19% ] 129/200 VUs  01m56.8s/10m00.0s

running (01m57.8s), 130/200 VUs, 523 complete and 0 interrupted iterations
normal_day   [  20% ] 130/200 VUs  01m57.8s/10m00.0s

running (01m58.8s), 132/200 VUs, 535 complete and 0 interrupted iterations
normal_day   [  20% ] 132/200 VUs  01m58.8s/10m00.0s

running (01m59.8s), 133/200 VUs, 548 complete and 0 interrupted iterations
normal_day   [  20% ] 133/200 VUs  01m59.8s/10m00.0s

running (02m00.8s), 134/200 VUs, 563 complete and 0 interrupted iterations
normal_day   [  20% ] 134/200 VUs  02m00.8s/10m00.0s

running (02m01.8s), 135/200 VUs, 571 complete and 0 interrupted iterations
normal_day   [  20% ] 135/200 VUs  02m01.8s/10m00.0s

running (02m02.8s), 136/200 VUs, 578 complete and 0 interrupted iterations
normal_day   [  20% ] 136/200 VUs  02m02.8s/10m00.0s

running (02m03.8s), 137/200 VUs, 589 complete and 0 interrupted iterations
normal_day   [  21% ] 137/200 VUs  02m03.8s/10m00.0s

running (02m04.8s), 138/200 VUs, 592 complete and 0 interrupted iterations
normal_day   [  21% ] 138/200 VUs  02m04.8s/10m00.0s

running (02m05.8s), 139/200 VUs, 601 complete and 0 interrupted iterations
normal_day   [  21% ] 139/200 VUs  02m05.8s/10m00.0s

running (02m06.8s), 140/200 VUs, 605 complete and 0 interrupted iterations
normal_day   [  21% ] 140/200 VUs  02m06.8s/10m00.0s

running (02m07.8s), 142/200 VUs, 609 complete and 0 interrupted iterations
normal_day   [  21% ] 142/200 VUs  02m07.8s/10m00.0s

running (02m08.8s), 143/200 VUs, 615 complete and 0 interrupted iterations
normal_day   [  21% ] 143/200 VUs  02m08.8s/10m00.0s

running (02m09.8s), 144/200 VUs, 620 complete and 0 interrupted iterations
normal_day   [  22% ] 144/200 VUs  02m09.8s/10m00.0s

running (02m10.8s), 145/200 VUs, 623 complete and 0 interrupted iterations
normal_day   [  22% ] 145/200 VUs  02m10.8s/10m00.0s

running (02m11.8s), 146/200 VUs, 626 complete and 0 interrupted iterations
normal_day   [  22% ] 146/200 VUs  02m11.8s/10m00.0s

running (02m12.8s), 147/200 VUs, 633 complete and 0 interrupted iterations
normal_day   [  22% ] 147/200 VUs  02m12.8s/10m00.0s

running (02m13.8s), 148/200 VUs, 646 complete and 0 interrupted iterations
normal_day   [  22% ] 148/200 VUs  02m13.8s/10m00.0s

running (02m14.8s), 149/200 VUs, 650 complete and 0 interrupted iterations
normal_day   [  22% ] 149/200 VUs  02m14.8s/10m00.0s

running (02m15.8s), 150/200 VUs, 654 complete and 0 interrupted iterations
normal_day   [  23% ] 150/200 VUs  02m15.8s/10m00.0s

running (02m16.8s), 152/200 VUs, 662 complete and 0 interrupted iterations
normal_day   [  23% ] 152/200 VUs  02m16.8s/10m00.0s

running (02m17.8s), 153/200 VUs, 665 complete and 0 interrupted iterations
normal_day   [  23% ] 153/200 VUs  02m17.8s/10m00.0s

running (02m18.8s), 154/200 VUs, 668 complete and 0 interrupted iterations
normal_day   [  23% ] 154/200 VUs  02m18.8s/10m00.0s

running (02m19.8s), 155/200 VUs, 673 complete and 0 interrupted iterations
normal_day   [  23% ] 155/200 VUs  02m19.8s/10m00.0s

running (02m20.8s), 156/200 VUs, 678 complete and 0 interrupted iterations
normal_day   [  23% ] 156/200 VUs  02m20.8s/10m00.0s

running (02m21.8s), 157/200 VUs, 689 complete and 0 interrupted iterations
normal_day   [  24% ] 157/200 VUs  02m21.8s/10m00.0s

running (02m22.8s), 158/200 VUs, 695 complete and 0 interrupted iterations
normal_day   [  24% ] 158/200 VUs  02m22.8s/10m00.0s

running (02m23.8s), 159/200 VUs, 698 complete and 0 interrupted iterations
normal_day   [  24% ] 159/200 VUs  02m23.8s/10m00.0s

running (02m24.8s), 160/200 VUs, 699 complete and 0 interrupted iterations
normal_day   [  24% ] 160/200 VUs  02m24.8s/10m00.0s

running (02m25.8s), 162/200 VUs, 701 complete and 0 interrupted iterations
normal_day   [  24% ] 162/200 VUs  02m25.8s/10m00.0s

running (02m26.8s), 163/200 VUs, 703 complete and 0 interrupted iterations
normal_day   [  24% ] 163/200 VUs  02m26.8s/10m00.0s

running (02m27.8s), 164/200 VUs, 706 complete and 0 interrupted iterations
normal_day   [  25% ] 164/200 VUs  02m27.8s/10m00.0s

running (02m28.8s), 165/200 VUs, 710 complete and 0 interrupted iterations
normal_day   [  25% ] 165/200 VUs  02m28.8s/10m00.0s

running (02m29.8s), 166/200 VUs, 712 complete and 0 interrupted iterations
normal_day   [  25% ] 166/200 VUs  02m29.8s/10m00.0s

running (02m30.8s), 167/200 VUs, 713 complete and 0 interrupted iterations
normal_day   [  25% ] 167/200 VUs  02m30.8s/10m00.0s

running (02m31.8s), 168/200 VUs, 718 complete and 0 interrupted iterations
normal_day   [  25% ] 168/200 VUs  02m31.8s/10m00.0s

running (02m32.8s), 169/200 VUs, 724 complete and 0 interrupted iterations
normal_day   [  25% ] 169/200 VUs  02m32.8s/10m00.0s

running (02m33.8s), 170/200 VUs, 733 complete and 0 interrupted iterations
normal_day   [  26% ] 170/200 VUs  02m33.8s/10m00.0s

running (02m34.8s), 172/200 VUs, 740 complete and 0 interrupted iterations
normal_day   [  26% ] 172/200 VUs  02m34.8s/10m00.0s

running (02m35.8s), 173/200 VUs, 747 complete and 0 interrupted iterations
normal_day   [  26% ] 173/200 VUs  02m35.8s/10m00.0s

running (02m36.8s), 174/200 VUs, 753 complete and 0 interrupted iterations
normal_day   [  26% ] 174/200 VUs  02m36.8s/10m00.0s

running (02m37.8s), 175/200 VUs, 756 complete and 0 interrupted iterations
normal_day   [  26% ] 175/200 VUs  02m37.8s/10m00.0s

running (02m38.8s), 176/200 VUs, 758 complete and 0 interrupted iterations
normal_day   [  26% ] 176/200 VUs  02m38.8s/10m00.0s

running (02m39.8s), 177/200 VUs, 761 complete and 0 interrupted iterations
normal_day   [  27% ] 177/200 VUs  02m39.8s/10m00.0s

running (02m40.8s), 178/200 VUs, 773 complete and 0 interrupted iterations
normal_day   [  27% ] 178/200 VUs  02m40.8s/10m00.0s

running (02m41.8s), 179/200 VUs, 777 complete and 0 interrupted iterations
normal_day   [  27% ] 179/200 VUs  02m41.8s/10m00.0s

running (02m42.8s), 180/200 VUs, 782 complete and 0 interrupted iterations
normal_day   [  27% ] 180/200 VUs  02m42.8s/10m00.0s

running (02m43.8s), 182/200 VUs, 784 complete and 0 interrupted iterations
normal_day   [  27% ] 182/200 VUs  02m43.8s/10m00.0s

running (02m44.8s), 183/200 VUs, 786 complete and 0 interrupted iterations
normal_day   [  27% ] 183/200 VUs  02m44.8s/10m00.0s

running (02m45.8s), 184/200 VUs, 790 complete and 0 interrupted iterations
normal_day   [  28% ] 184/200 VUs  02m45.8s/10m00.0s

running (02m46.8s), 185/200 VUs, 798 complete and 0 interrupted iterations
normal_day   [  28% ] 185/200 VUs  02m46.8s/10m00.0s

running (02m47.8s), 186/200 VUs, 809 complete and 0 interrupted iterations
normal_day   [  28% ] 186/200 VUs  02m47.8s/10m00.0s

running (02m48.8s), 187/200 VUs, 821 complete and 0 interrupted iterations
normal_day   [  28% ] 187/200 VUs  02m48.8s/10m00.0s

running (02m49.8s), 188/200 VUs, 827 complete and 0 interrupted iterations
normal_day   [  28% ] 188/200 VUs  02m49.8s/10m00.0s

running (02m50.8s), 189/200 VUs, 829 complete and 0 interrupted iterations
normal_day   [  28% ] 189/200 VUs  02m50.8s/10m00.0s

running (02m51.8s), 190/200 VUs, 831 complete and 0 interrupted iterations
normal_day   [  29% ] 190/200 VUs  02m51.8s/10m00.0s

running (02m52.8s), 192/200 VUs, 838 complete and 0 interrupted iterations
normal_day   [  29% ] 192/200 VUs  02m52.8s/10m00.0s

running (02m53.8s), 193/200 VUs, 848 complete and 0 interrupted iterations
normal_day   [  29% ] 193/200 VUs  02m53.8s/10m00.0s

running (02m54.8s), 194/200 VUs, 856 complete and 0 interrupted iterations
normal_day   [  29% ] 194/200 VUs  02m54.8s/10m00.0s

running (02m55.8s), 195/200 VUs, 865 complete and 0 interrupted iterations
normal_day   [  29% ] 195/200 VUs  02m55.8s/10m00.0s

running (02m56.8s), 196/200 VUs, 872 complete and 0 interrupted iterations
normal_day   [  29% ] 196/200 VUs  02m56.8s/10m00.0s

running (02m57.8s), 197/200 VUs, 875 complete and 0 interrupted iterations
normal_day   [  30% ] 197/200 VUs  02m57.8s/10m00.0s

running (02m58.8s), 198/200 VUs, 879 complete and 0 interrupted iterations
normal_day   [  30% ] 198/200 VUs  02m58.8s/10m00.0s

running (02m59.8s), 199/200 VUs, 883 complete and 0 interrupted iterations
normal_day   [  30% ] 199/200 VUs  02m59.8s/10m00.0s

running (03m00.8s), 200/200 VUs, 887 complete and 0 interrupted iterations
normal_day   [  30% ] 200/200 VUs  03m00.8s/10m00.0s

running (03m01.8s), 200/200 VUs, 893 complete and 0 interrupted iterations
normal_day   [  30% ] 200/200 VUs  03m01.8s/10m00.0s

running (03m02.8s), 200/200 VUs, 899 complete and 0 interrupted iterations
normal_day   [  30% ] 200/200 VUs  03m02.8s/10m00.0s

running (03m03.8s), 200/200 VUs, 904 complete and 0 interrupted iterations
normal_day   [  31% ] 200/200 VUs  03m03.8s/10m00.0s

running (03m04.8s), 200/200 VUs, 920 complete and 0 interrupted iterations
normal_day   [  31% ] 200/200 VUs  03m04.8s/10m00.0s

running (03m05.8s), 200/200 VUs, 932 complete and 0 interrupted iterations
normal_day   [  31% ] 200/200 VUs  03m05.8s/10m00.0s

running (03m06.8s), 200/200 VUs, 938 complete and 0 interrupted iterations
normal_day   [  31% ] 200/200 VUs  03m06.8s/10m00.0s

running (03m07.8s), 200/200 VUs, 942 complete and 0 interrupted iterations
normal_day   [  31% ] 200/200 VUs  03m07.8s/10m00.0s

running (03m08.8s), 200/200 VUs, 945 complete and 0 interrupted iterations
normal_day   [  31% ] 200/200 VUs  03m08.8s/10m00.0s

running (03m09.8s), 200/200 VUs, 945 complete and 0 interrupted iterations
normal_day   [  32% ] 200/200 VUs  03m09.8s/10m00.0s

running (03m10.8s), 200/200 VUs, 951 complete and 0 interrupted iterations
normal_day   [  32% ] 200/200 VUs  03m10.8s/10m00.0s

running (03m11.8s), 200/200 VUs, 954 complete and 0 interrupted iterations
normal_day   [  32% ] 200/200 VUs  03m11.8s/10m00.0s

running (03m12.8s), 200/200 VUs, 958 complete and 0 interrupted iterations
normal_day   [  32% ] 200/200 VUs  03m12.8s/10m00.0s

running (03m13.8s), 200/200 VUs, 970 complete and 0 interrupted iterations
normal_day   [  32% ] 200/200 VUs  03m13.8s/10m00.0s

running (03m14.8s), 200/200 VUs, 982 complete and 0 interrupted iterations
normal_day   [  32% ] 200/200 VUs  03m14.8s/10m00.0s

running (03m15.8s), 200/200 VUs, 988 complete and 0 interrupted iterations
normal_day   [  33% ] 200/200 VUs  03m15.8s/10m00.0s

running (03m16.8s), 200/200 VUs, 995 complete and 0 interrupted iterations
normal_day   [  33% ] 200/200 VUs  03m16.8s/10m00.0s

running (03m17.8s), 200/200 VUs, 998 complete and 0 interrupted iterations
normal_day   [  33% ] 200/200 VUs  03m17.8s/10m00.0s

running (03m18.8s), 200/200 VUs, 1000 complete and 0 interrupted iterations
normal_day   [  33% ] 200/200 VUs  03m18.8s/10m00.0s

running (03m19.8s), 200/200 VUs, 1001 complete and 0 interrupted iterations
normal_day   [  33% ] 200/200 VUs  03m19.8s/10m00.0s

running (03m20.8s), 200/200 VUs, 1001 complete and 0 interrupted iterations
normal_day   [  33% ] 200/200 VUs  03m20.8s/10m00.0s

running (03m21.8s), 200/200 VUs, 1002 complete and 0 interrupted iterations
normal_day   [  34% ] 200/200 VUs  03m21.8s/10m00.0s

running (03m22.8s), 200/200 VUs, 1008 complete and 0 interrupted iterations
normal_day   [  34% ] 200/200 VUs  03m22.8s/10m00.0s

running (03m23.8s), 200/200 VUs, 1015 complete and 0 interrupted iterations
normal_day   [  34% ] 200/200 VUs  03m23.8s/10m00.0s

running (03m24.8s), 200/200 VUs, 1025 complete and 0 interrupted iterations
normal_day   [  34% ] 200/200 VUs  03m24.8s/10m00.0s

running (03m25.8s), 200/200 VUs, 1047 complete and 0 interrupted iterations
normal_day   [  34% ] 200/200 VUs  03m25.8s/10m00.0s

running (03m26.8s), 200/200 VUs, 1057 complete and 0 interrupted iterations
normal_day   [  34% ] 200/200 VUs  03m26.8s/10m00.0s

running (03m27.8s), 200/200 VUs, 1068 complete and 0 interrupted iterations
normal_day   [  35% ] 200/200 VUs  03m27.8s/10m00.0s

running (03m28.8s), 200/200 VUs, 1076 complete and 0 interrupted iterations
normal_day   [  35% ] 200/200 VUs  03m28.8s/10m00.0s

running (03m29.8s), 200/200 VUs, 1097 complete and 0 interrupted iterations
normal_day   [  35% ] 200/200 VUs  03m29.8s/10m00.0s

running (03m30.8s), 200/200 VUs, 1107 complete and 0 interrupted iterations
normal_day   [  35% ] 200/200 VUs  03m30.8s/10m00.0s

running (03m31.8s), 200/200 VUs, 1115 complete and 0 interrupted iterations
normal_day   [  35% ] 200/200 VUs  03m31.8s/10m00.0s

running (03m32.8s), 200/200 VUs, 1119 complete and 0 interrupted iterations
normal_day   [  35% ] 200/200 VUs  03m32.8s/10m00.0s

running (03m33.8s), 200/200 VUs, 1128 complete and 0 interrupted iterations
normal_day   [  36% ] 200/200 VUs  03m33.8s/10m00.0s

running (03m34.8s), 200/200 VUs, 1132 complete and 0 interrupted iterations
normal_day   [  36% ] 200/200 VUs  03m34.8s/10m00.0s

running (03m35.8s), 200/200 VUs, 1136 complete and 0 interrupted iterations
normal_day   [  36% ] 200/200 VUs  03m35.8s/10m00.0s

running (03m36.8s), 200/200 VUs, 1145 complete and 0 interrupted iterations
normal_day   [  36% ] 200/200 VUs  03m36.8s/10m00.0s

running (03m37.8s), 200/200 VUs, 1151 complete and 0 interrupted iterations
normal_day   [  36% ] 200/200 VUs  03m37.8s/10m00.0s

running (03m38.8s), 200/200 VUs, 1160 complete and 0 interrupted iterations
normal_day   [  36% ] 200/200 VUs  03m38.8s/10m00.0s

running (03m39.8s), 200/200 VUs, 1162 complete and 0 interrupted iterations
normal_day   [  37% ] 200/200 VUs  03m39.8s/10m00.0s

running (03m40.8s), 200/200 VUs, 1171 complete and 0 interrupted iterations
normal_day   [  37% ] 200/200 VUs  03m40.8s/10m00.0s

running (03m41.8s), 200/200 VUs, 1179 complete and 0 interrupted iterations
normal_day   [  37% ] 200/200 VUs  03m41.8s/10m00.0s

running (03m42.8s), 200/200 VUs, 1185 complete and 0 interrupted iterations
normal_day   [  37% ] 200/200 VUs  03m42.8s/10m00.0s

running (03m43.8s), 200/200 VUs, 1192 complete and 0 interrupted iterations
normal_day   [  37% ] 200/200 VUs  03m43.8s/10m00.0s

running (03m44.8s), 200/200 VUs, 1199 complete and 0 interrupted iterations
normal_day   [  37% ] 200/200 VUs  03m44.8s/10m00.0s

running (03m45.8s), 200/200 VUs, 1208 complete and 0 interrupted iterations
normal_day   [  38% ] 200/200 VUs  03m45.8s/10m00.0s

running (03m46.8s), 200/200 VUs, 1211 complete and 0 interrupted iterations
normal_day   [  38% ] 200/200 VUs  03m46.8s/10m00.0s

running (03m47.8s), 200/200 VUs, 1213 complete and 0 interrupted iterations
normal_day   [  38% ] 200/200 VUs  03m47.8s/10m00.0s

running (03m48.8s), 200/200 VUs, 1220 complete and 0 interrupted iterations
normal_day   [  38% ] 200/200 VUs  03m48.8s/10m00.0s

running (03m49.8s), 200/200 VUs, 1223 complete and 0 interrupted iterations
normal_day   [  38% ] 200/200 VUs  03m49.8s/10m00.0s

running (03m50.8s), 200/200 VUs, 1225 complete and 0 interrupted iterations
normal_day   [  38% ] 200/200 VUs  03m50.8s/10m00.0s

running (03m51.8s), 200/200 VUs, 1227 complete and 0 interrupted iterations
normal_day   [  39% ] 200/200 VUs  03m51.8s/10m00.0s

running (03m52.8s), 200/200 VUs, 1233 complete and 0 interrupted iterations
normal_day   [  39% ] 200/200 VUs  03m52.8s/10m00.0s

running (03m53.8s), 200/200 VUs, 1239 complete and 0 interrupted iterations
normal_day   [  39% ] 200/200 VUs  03m53.8s/10m00.0s

running (03m54.8s), 200/200 VUs, 1248 complete and 0 interrupted iterations
normal_day   [  39% ] 200/200 VUs  03m54.8s/10m00.0s

running (03m55.8s), 200/200 VUs, 1255 complete and 0 interrupted iterations
normal_day   [  39% ] 200/200 VUs  03m55.8s/10m00.0s

running (03m56.8s), 200/200 VUs, 1264 complete and 0 interrupted iterations
normal_day   [  39% ] 200/200 VUs  03m56.8s/10m00.0s

running (03m57.8s), 200/200 VUs, 1276 complete and 0 interrupted iterations
normal_day   [  40% ] 200/200 VUs  03m57.8s/10m00.0s

running (03m58.8s), 200/200 VUs, 1284 complete and 0 interrupted iterations
normal_day   [  40% ] 200/200 VUs  03m58.8s/10m00.0s

running (03m59.8s), 200/200 VUs, 1290 complete and 0 interrupted iterations
normal_day   [  40% ] 200/200 VUs  03m59.8s/10m00.0s

running (04m00.8s), 200/200 VUs, 1299 complete and 0 interrupted iterations
normal_day   [  40% ] 200/200 VUs  04m00.8s/10m00.0s

running (04m01.8s), 200/200 VUs, 1307 complete and 0 interrupted iterations
normal_day   [  40% ] 200/200 VUs  04m01.8s/10m00.0s

running (04m02.8s), 200/200 VUs, 1315 complete and 0 interrupted iterations
normal_day   [  40% ] 200/200 VUs  04m02.8s/10m00.0s

running (04m03.8s), 200/200 VUs, 1320 complete and 0 interrupted iterations
normal_day   [  41% ] 200/200 VUs  04m03.8s/10m00.0s

running (04m04.8s), 200/200 VUs, 1326 complete and 0 interrupted iterations
normal_day   [  41% ] 200/200 VUs  04m04.8s/10m00.0s

running (04m05.8s), 200/200 VUs, 1331 complete and 0 interrupted iterations
normal_day   [  41% ] 200/200 VUs  04m05.8s/10m00.0s

running (04m06.8s), 200/200 VUs, 1334 complete and 0 interrupted iterations
normal_day   [  41% ] 200/200 VUs  04m06.8s/10m00.0s

running (04m07.8s), 200/200 VUs, 1340 complete and 0 interrupted iterations
normal_day   [  41% ] 200/200 VUs  04m07.8s/10m00.0s

running (04m08.8s), 200/200 VUs, 1347 complete and 0 interrupted iterations
normal_day   [  41% ] 200/200 VUs  04m08.8s/10m00.0s

running (04m09.8s), 200/200 VUs, 1355 complete and 0 interrupted iterations
normal_day   [  42% ] 200/200 VUs  04m09.8s/10m00.0s

running (04m10.8s), 200/200 VUs, 1360 complete and 0 interrupted iterations
normal_day   [  42% ] 200/200 VUs  04m10.8s/10m00.0s

running (04m11.8s), 200/200 VUs, 1362 complete and 0 interrupted iterations
normal_day   [  42% ] 200/200 VUs  04m11.8s/10m00.0s

running (04m12.8s), 200/200 VUs, 1365 complete and 0 interrupted iterations
normal_day   [  42% ] 200/200 VUs  04m12.8s/10m00.0s

running (04m13.8s), 200/200 VUs, 1369 complete and 0 interrupted iterations
normal_day   [  42% ] 200/200 VUs  04m13.8s/10m00.0s

running (04m14.8s), 200/200 VUs, 1370 complete and 0 interrupted iterations
normal_day   [  42% ] 200/200 VUs  04m14.8s/10m00.0s

running (04m15.8s), 200/200 VUs, 1376 complete and 0 interrupted iterations
normal_day   [  43% ] 200/200 VUs  04m15.8s/10m00.0s

running (04m16.8s), 200/200 VUs, 1386 complete and 0 interrupted iterations
normal_day   [  43% ] 200/200 VUs  04m16.8s/10m00.0s

running (04m17.8s), 200/200 VUs, 1402 complete and 0 interrupted iterations
normal_day   [  43% ] 200/200 VUs  04m17.8s/10m00.0s

running (04m18.8s), 200/200 VUs, 1411 complete and 0 interrupted iterations
normal_day   [  43% ] 200/200 VUs  04m18.8s/10m00.0s

running (04m19.8s), 200/200 VUs, 1414 complete and 0 interrupted iterations
normal_day   [  43% ] 200/200 VUs  04m19.8s/10m00.0s

running (04m20.8s), 200/200 VUs, 1416 complete and 0 interrupted iterations
normal_day   [  43% ] 200/200 VUs  04m20.8s/10m00.0s

running (04m21.8s), 200/200 VUs, 1418 complete and 0 interrupted iterations
normal_day   [  44% ] 200/200 VUs  04m21.8s/10m00.0s

running (04m22.8s), 200/200 VUs, 1422 complete and 0 interrupted iterations
normal_day   [  44% ] 200/200 VUs  04m22.8s/10m00.0s

running (04m23.8s), 200/200 VUs, 1424 complete and 0 interrupted iterations
normal_day   [  44% ] 200/200 VUs  04m23.8s/10m00.0s

running (04m24.8s), 200/200 VUs, 1427 complete and 0 interrupted iterations
normal_day   [  44% ] 200/200 VUs  04m24.8s/10m00.0s

running (04m25.8s), 200/200 VUs, 1429 complete and 0 interrupted iterations
normal_day   [  44% ] 200/200 VUs  04m25.8s/10m00.0s

running (04m26.8s), 200/200 VUs, 1434 complete and 0 interrupted iterations
normal_day   [  44% ] 200/200 VUs  04m26.8s/10m00.0s

running (04m27.8s), 200/200 VUs, 1441 complete and 0 interrupted iterations
normal_day   [  45% ] 200/200 VUs  04m27.8s/10m00.0s

running (04m28.8s), 200/200 VUs, 1448 complete and 0 interrupted iterations
normal_day   [  45% ] 200/200 VUs  04m28.8s/10m00.0s

running (04m29.8s), 200/200 VUs, 1459 complete and 0 interrupted iterations
normal_day   [  45% ] 200/200 VUs  04m29.8s/10m00.0s

running (04m30.8s), 200/200 VUs, 1467 complete and 0 interrupted iterations
normal_day   [  45% ] 200/200 VUs  04m30.8s/10m00.0s

running (04m31.8s), 200/200 VUs, 1478 complete and 0 interrupted iterations
normal_day   [  45% ] 200/200 VUs  04m31.8s/10m00.0s

running (04m32.8s), 200/200 VUs, 1482 complete and 0 interrupted iterations
normal_day   [  45% ] 200/200 VUs  04m32.8s/10m00.0s

running (04m33.8s), 200/200 VUs, 1484 complete and 0 interrupted iterations
normal_day   [  46% ] 200/200 VUs  04m33.8s/10m00.0s

running (04m34.8s), 200/200 VUs, 1488 complete and 0 interrupted iterations
normal_day   [  46% ] 200/200 VUs  04m34.8s/10m00.0s

running (04m35.8s), 200/200 VUs, 1490 complete and 0 interrupted iterations
normal_day   [  46% ] 200/200 VUs  04m35.8s/10m00.0s

running (04m36.8s), 200/200 VUs, 1493 complete and 0 interrupted iterations
normal_day   [  46% ] 200/200 VUs  04m36.8s/10m00.0s

running (04m37.8s), 200/200 VUs, 1497 complete and 0 interrupted iterations
normal_day   [  46% ] 200/200 VUs  04m37.8s/10m00.0s

running (04m38.8s), 200/200 VUs, 1497 complete and 0 interrupted iterations
normal_day   [  46% ] 200/200 VUs  04m38.8s/10m00.0s

running (04m39.8s), 200/200 VUs, 1499 complete and 0 interrupted iterations
normal_day   [  47% ] 200/200 VUs  04m39.8s/10m00.0s

running (04m40.8s), 200/200 VUs, 1506 complete and 0 interrupted iterations
normal_day   [  47% ] 200/200 VUs  04m40.8s/10m00.0s

running (04m41.8s), 200/200 VUs, 1516 complete and 0 interrupted iterations
normal_day   [  47% ] 200/200 VUs  04m41.8s/10m00.0s

running (04m42.8s), 200/200 VUs, 1523 complete and 0 interrupted iterations
normal_day   [  47% ] 200/200 VUs  04m42.8s/10m00.0s

running (04m43.8s), 200/200 VUs, 1527 complete and 0 interrupted iterations
normal_day   [  47% ] 200/200 VUs  04m43.8s/10m00.0s

running (04m44.8s), 200/200 VUs, 1535 complete and 0 interrupted iterations
normal_day   [  47% ] 200/200 VUs  04m44.8s/10m00.0s

running (04m45.8s), 200/200 VUs, 1537 complete and 0 interrupted iterations
normal_day   [  48% ] 200/200 VUs  04m45.8s/10m00.0s

running (04m46.8s), 200/200 VUs, 1539 complete and 0 interrupted iterations
normal_day   [  48% ] 200/200 VUs  04m46.8s/10m00.0s

running (04m47.8s), 200/200 VUs, 1544 complete and 0 interrupted iterations
normal_day   [  48% ] 200/200 VUs  04m47.8s/10m00.0s

running (04m48.8s), 200/200 VUs, 1547 complete and 0 interrupted iterations
normal_day   [  48% ] 200/200 VUs  04m48.8s/10m00.0s

running (04m49.8s), 200/200 VUs, 1553 complete and 0 interrupted iterations
normal_day   [  48% ] 200/200 VUs  04m49.8s/10m00.0s

running (04m50.8s), 200/200 VUs, 1560 complete and 0 interrupted iterations
normal_day   [  48% ] 200/200 VUs  04m50.8s/10m00.0s

running (04m51.8s), 200/200 VUs, 1561 complete and 0 interrupted iterations
normal_day   [  49% ] 200/200 VUs  04m51.8s/10m00.0s

running (04m52.8s), 200/200 VUs, 1566 complete and 0 interrupted iterations
normal_day   [  49% ] 200/200 VUs  04m52.8s/10m00.0s

running (04m53.8s), 200/200 VUs, 1569 complete and 0 interrupted iterations
normal_day   [  49% ] 200/200 VUs  04m53.8s/10m00.0s

running (04m54.8s), 200/200 VUs, 1579 complete and 0 interrupted iterations
normal_day   [  49% ] 200/200 VUs  04m54.8s/10m00.0s

running (04m55.8s), 200/200 VUs, 1597 complete and 0 interrupted iterations
normal_day   [  49% ] 200/200 VUs  04m55.8s/10m00.0s

running (04m56.8s), 200/200 VUs, 1608 complete and 0 interrupted iterations
normal_day   [  49% ] 200/200 VUs  04m56.8s/10m00.0s

running (04m57.8s), 200/200 VUs, 1610 complete and 0 interrupted iterations
normal_day   [  50% ] 200/200 VUs  04m57.8s/10m00.0s

running (04m58.8s), 200/200 VUs, 1613 complete and 0 interrupted iterations
normal_day   [  50% ] 200/200 VUs  04m58.8s/10m00.0s

running (04m59.8s), 200/200 VUs, 1617 complete and 0 interrupted iterations
normal_day   [  50% ] 200/200 VUs  04m59.8s/10m00.0s

running (05m00.8s), 200/200 VUs, 1620 complete and 0 interrupted iterations
normal_day   [  50% ] 200/200 VUs  05m00.8s/10m00.0s

running (05m01.8s), 200/200 VUs, 1624 complete and 0 interrupted iterations
normal_day   [  50% ] 200/200 VUs  05m01.8s/10m00.0s

running (05m02.8s), 200/200 VUs, 1633 complete and 0 interrupted iterations
normal_day   [  50% ] 200/200 VUs  05m02.8s/10m00.0s

running (05m03.8s), 200/200 VUs, 1645 complete and 0 interrupted iterations
normal_day   [  51% ] 200/200 VUs  05m03.8s/10m00.0s

running (05m04.8s), 200/200 VUs, 1654 complete and 0 interrupted iterations
normal_day   [  51% ] 200/200 VUs  05m04.8s/10m00.0s

running (05m05.8s), 200/200 VUs, 1663 complete and 0 interrupted iterations
normal_day   [  51% ] 200/200 VUs  05m05.8s/10m00.0s

running (05m06.8s), 200/200 VUs, 1667 complete and 0 interrupted iterations
normal_day   [  51% ] 200/200 VUs  05m06.8s/10m00.0s

running (05m07.8s), 200/200 VUs, 1670 complete and 0 interrupted iterations
normal_day   [  51% ] 200/200 VUs  05m07.8s/10m00.0s

running (05m08.8s), 200/200 VUs, 1672 complete and 0 interrupted iterations
normal_day   [  51% ] 200/200 VUs  05m08.8s/10m00.0s

running (05m09.8s), 200/200 VUs, 1677 complete and 0 interrupted iterations
normal_day   [  52% ] 200/200 VUs  05m09.8s/10m00.0s

running (05m10.8s), 200/200 VUs, 1681 complete and 0 interrupted iterations
normal_day   [  52% ] 200/200 VUs  05m10.8s/10m00.0s

running (05m11.8s), 200/200 VUs, 1688 complete and 0 interrupted iterations
normal_day   [  52% ] 200/200 VUs  05m11.8s/10m00.0s

running (05m12.8s), 200/200 VUs, 1698 complete and 0 interrupted iterations
normal_day   [  52% ] 200/200 VUs  05m12.8s/10m00.0s

running (05m13.8s), 200/200 VUs, 1705 complete and 0 interrupted iterations
normal_day   [  52% ] 200/200 VUs  05m13.8s/10m00.0s

running (05m14.8s), 200/200 VUs, 1706 complete and 0 interrupted iterations
normal_day   [  52% ] 200/200 VUs  05m14.8s/10m00.0s

running (05m15.8s), 200/200 VUs, 1708 complete and 0 interrupted iterations
normal_day   [  53% ] 200/200 VUs  05m15.8s/10m00.0s

running (05m16.8s), 200/200 VUs, 1710 complete and 0 interrupted iterations
normal_day   [  53% ] 200/200 VUs  05m16.8s/10m00.0s

running (05m17.8s), 200/200 VUs, 1715 complete and 0 interrupted iterations
normal_day   [  53% ] 200/200 VUs  05m17.8s/10m00.0s

running (05m18.8s), 200/200 VUs, 1722 complete and 0 interrupted iterations
normal_day   [  53% ] 200/200 VUs  05m18.8s/10m00.0s

running (05m19.8s), 200/200 VUs, 1731 complete and 0 interrupted iterations
normal_day   [  53% ] 200/200 VUs  05m19.8s/10m00.0s

running (05m20.8s), 200/200 VUs, 1742 complete and 0 interrupted iterations
normal_day   [  53% ] 200/200 VUs  05m20.8s/10m00.0s

running (05m21.8s), 200/200 VUs, 1751 complete and 0 interrupted iterations
normal_day   [  54% ] 200/200 VUs  05m21.8s/10m00.0s

running (05m22.8s), 200/200 VUs, 1755 complete and 0 interrupted iterations
normal_day   [  54% ] 200/200 VUs  05m22.8s/10m00.0s

running (05m23.8s), 200/200 VUs, 1771 complete and 0 interrupted iterations
normal_day   [  54% ] 200/200 VUs  05m23.8s/10m00.0s

running (05m24.8s), 200/200 VUs, 1783 complete and 0 interrupted iterations
normal_day   [  54% ] 200/200 VUs  05m24.8s/10m00.0s

running (05m25.8s), 200/200 VUs, 1790 complete and 0 interrupted iterations
normal_day   [  54% ] 200/200 VUs  05m25.8s/10m00.0s

running (05m26.8s), 200/200 VUs, 1796 complete and 0 interrupted iterations
normal_day   [  54% ] 200/200 VUs  05m26.8s/10m00.0s

running (05m27.8s), 200/200 VUs, 1801 complete and 0 interrupted iterations
normal_day   [  55% ] 200/200 VUs  05m27.8s/10m00.0s

running (05m28.8s), 200/200 VUs, 1806 complete and 0 interrupted iterations
normal_day   [  55% ] 200/200 VUs  05m28.8s/10m00.0s

running (05m29.8s), 200/200 VUs, 1806 complete and 0 interrupted iterations
normal_day   [  55% ] 200/200 VUs  05m29.8s/10m00.0s

running (05m30.8s), 200/200 VUs, 1808 complete and 0 interrupted iterations
normal_day   [  55% ] 200/200 VUs  05m30.8s/10m00.0s

running (05m31.8s), 200/200 VUs, 1809 complete and 0 interrupted iterations
normal_day   [  55% ] 200/200 VUs  05m31.8s/10m00.0s

running (05m32.8s), 200/200 VUs, 1815 complete and 0 interrupted iterations
normal_day   [  55% ] 200/200 VUs  05m32.8s/10m00.0s

running (05m33.8s), 200/200 VUs, 1819 complete and 0 interrupted iterations
normal_day   [  56% ] 200/200 VUs  05m33.8s/10m00.0s

running (05m34.8s), 200/200 VUs, 1824 complete and 0 interrupted iterations
normal_day   [  56% ] 200/200 VUs  05m34.8s/10m00.0s

running (05m35.8s), 200/200 VUs, 1833 complete and 0 interrupted iterations
normal_day   [  56% ] 200/200 VUs  05m35.8s/10m00.0s

running (05m36.8s), 200/200 VUs, 1840 complete and 0 interrupted iterations
normal_day   [  56% ] 200/200 VUs  05m36.8s/10m00.0s

running (05m37.8s), 200/200 VUs, 1844 complete and 0 interrupted iterations
normal_day   [  56% ] 200/200 VUs  05m37.8s/10m00.0s

running (05m38.8s), 200/200 VUs, 1852 complete and 0 interrupted iterations
normal_day   [  56% ] 200/200 VUs  05m38.8s/10m00.0s

running (05m39.8s), 200/200 VUs, 1859 complete and 0 interrupted iterations
normal_day   [  57% ] 200/200 VUs  05m39.8s/10m00.0s

running (05m40.8s), 200/200 VUs, 1865 complete and 0 interrupted iterations
normal_day   [  57% ] 200/200 VUs  05m40.8s/10m00.0s

running (05m41.8s), 200/200 VUs, 1868 complete and 0 interrupted iterations
normal_day   [  57% ] 200/200 VUs  05m41.8s/10m00.0s

running (05m42.8s), 200/200 VUs, 1870 complete and 0 interrupted iterations
normal_day   [  57% ] 200/200 VUs  05m42.8s/10m00.0s

running (05m43.8s), 200/200 VUs, 1872 complete and 0 interrupted iterations
normal_day   [  57% ] 200/200 VUs  05m43.8s/10m00.0s

running (05m44.8s), 200/200 VUs, 1884 complete and 0 interrupted iterations
normal_day   [  57% ] 200/200 VUs  05m44.8s/10m00.0s

running (05m45.8s), 200/200 VUs, 1897 complete and 0 interrupted iterations
normal_day   [  58% ] 200/200 VUs  05m45.8s/10m00.0s

running (05m46.8s), 200/200 VUs, 1911 complete and 0 interrupted iterations
normal_day   [  58% ] 200/200 VUs  05m46.8s/10m00.0s

running (05m47.8s), 200/200 VUs, 1923 complete and 0 interrupted iterations
normal_day   [  58% ] 200/200 VUs  05m47.8s/10m00.0s

running (05m48.8s), 200/200 VUs, 1926 complete and 0 interrupted iterations
normal_day   [  58% ] 200/200 VUs  05m48.8s/10m00.0s

running (05m49.8s), 200/200 VUs, 1934 complete and 0 interrupted iterations
normal_day   [  58% ] 200/200 VUs  05m49.8s/10m00.0s

running (05m50.8s), 200/200 VUs, 1943 complete and 0 interrupted iterations
normal_day   [  58% ] 200/200 VUs  05m50.8s/10m00.0s

running (05m51.8s), 200/200 VUs, 1954 complete and 0 interrupted iterations
normal_day   [  59% ] 200/200 VUs  05m51.8s/10m00.0s

running (05m52.8s), 200/200 VUs, 1960 complete and 0 interrupted iterations
normal_day   [  59% ] 200/200 VUs  05m52.8s/10m00.0s

running (05m53.8s), 200/200 VUs, 1965 complete and 0 interrupted iterations
normal_day   [  59% ] 200/200 VUs  05m53.8s/10m00.0s

running (05m54.8s), 200/200 VUs, 1965 complete and 0 interrupted iterations
normal_day   [  59% ] 200/200 VUs  05m54.8s/10m00.0s

running (05m55.8s), 200/200 VUs, 1966 complete and 0 interrupted iterations
normal_day   [  59% ] 200/200 VUs  05m55.8s/10m00.0s

running (05m56.8s), 200/200 VUs, 1966 complete and 0 interrupted iterations
normal_day   [  59% ] 200/200 VUs  05m56.8s/10m00.0s

running (05m57.8s), 200/200 VUs, 1968 complete and 0 interrupted iterations
normal_day   [  60% ] 200/200 VUs  05m57.8s/10m00.0s

running (05m58.8s), 200/200 VUs, 1972 complete and 0 interrupted iterations
normal_day   [  60% ] 200/200 VUs  05m58.8s/10m00.0s

running (05m59.8s), 200/200 VUs, 1976 complete and 0 interrupted iterations
normal_day   [  60% ] 200/200 VUs  05m59.8s/10m00.0s

running (06m00.8s), 200/200 VUs, 1980 complete and 0 interrupted iterations
normal_day   [  60% ] 200/200 VUs  06m00.8s/10m00.0s

running (06m01.8s), 200/200 VUs, 1986 complete and 0 interrupted iterations
normal_day   [  60% ] 200/200 VUs  06m01.8s/10m00.0s

running (06m02.8s), 200/200 VUs, 1992 complete and 0 interrupted iterations
normal_day   [  60% ] 200/200 VUs  06m02.8s/10m00.0s

running (06m03.8s), 200/200 VUs, 1997 complete and 0 interrupted iterations
normal_day   [  61% ] 200/200 VUs  06m03.8s/10m00.0s

running (06m04.8s), 200/200 VUs, 2001 complete and 0 interrupted iterations
normal_day   [  61% ] 200/200 VUs  06m04.8s/10m00.0s

running (06m05.8s), 200/200 VUs, 2003 complete and 0 interrupted iterations
normal_day   [  61% ] 200/200 VUs  06m05.8s/10m00.0s

running (06m06.8s), 200/200 VUs, 2010 complete and 0 interrupted iterations
normal_day   [  61% ] 200/200 VUs  06m06.8s/10m00.0s

running (06m07.8s), 200/200 VUs, 2013 complete and 0 interrupted iterations
normal_day   [  61% ] 200/200 VUs  06m07.8s/10m00.0s

running (06m08.8s), 200/200 VUs, 2014 complete and 0 interrupted iterations
normal_day   [  61% ] 200/200 VUs  06m08.8s/10m00.0s

running (06m09.8s), 200/200 VUs, 2014 complete and 0 interrupted iterations
normal_day   [  62% ] 200/200 VUs  06m09.8s/10m00.0s

running (06m10.8s), 200/200 VUs, 2022 complete and 0 interrupted iterations
normal_day   [  62% ] 200/200 VUs  06m10.8s/10m00.0s

running (06m11.8s), 200/200 VUs, 2029 complete and 0 interrupted iterations
normal_day   [  62% ] 200/200 VUs  06m11.8s/10m00.0s

running (06m12.8s), 200/200 VUs, 2035 complete and 0 interrupted iterations
normal_day   [  62% ] 200/200 VUs  06m12.8s/10m00.0s

running (06m13.8s), 200/200 VUs, 2037 complete and 0 interrupted iterations
normal_day   [  62% ] 200/200 VUs  06m13.8s/10m00.0s

running (06m14.8s), 200/200 VUs, 2045 complete and 0 interrupted iterations
normal_day   [  62% ] 200/200 VUs  06m14.8s/10m00.0s

running (06m15.8s), 200/200 VUs, 2053 complete and 0 interrupted iterations
normal_day   [  63% ] 200/200 VUs  06m15.8s/10m00.0s

running (06m16.8s), 200/200 VUs, 2060 complete and 0 interrupted iterations
normal_day   [  63% ] 200/200 VUs  06m16.8s/10m00.0s

running (06m17.8s), 200/200 VUs, 2066 complete and 0 interrupted iterations
normal_day   [  63% ] 200/200 VUs  06m17.8s/10m00.0s

running (06m18.8s), 200/200 VUs, 2075 complete and 0 interrupted iterations
normal_day   [  63% ] 200/200 VUs  06m18.8s/10m00.0s

running (06m19.8s), 200/200 VUs, 2081 complete and 0 interrupted iterations
normal_day   [  63% ] 200/200 VUs  06m19.8s/10m00.0s

running (06m20.8s), 200/200 VUs, 2084 complete and 0 interrupted iterations
normal_day   [  63% ] 200/200 VUs  06m20.8s/10m00.0s

running (06m21.8s), 200/200 VUs, 2088 complete and 0 interrupted iterations
normal_day   [  64% ] 200/200 VUs  06m21.8s/10m00.0s

running (06m22.8s), 200/200 VUs, 2089 complete and 0 interrupted iterations
normal_day   [  64% ] 200/200 VUs  06m22.8s/10m00.0s

running (06m23.8s), 200/200 VUs, 2090 complete and 0 interrupted iterations
normal_day   [  64% ] 200/200 VUs  06m23.8s/10m00.0s

running (06m24.8s), 200/200 VUs, 2094 complete and 0 interrupted iterations
normal_day   [  64% ] 200/200 VUs  06m24.8s/10m00.0s

running (06m25.8s), 200/200 VUs, 2095 complete and 0 interrupted iterations
normal_day   [  64% ] 200/200 VUs  06m25.8s/10m00.0s

running (06m26.8s), 200/200 VUs, 2097 complete and 0 interrupted iterations
normal_day   [  64% ] 200/200 VUs  06m26.8s/10m00.0s

running (06m27.8s), 200/200 VUs, 2099 complete and 0 interrupted iterations
normal_day   [  65% ] 200/200 VUs  06m27.8s/10m00.0s

running (06m28.8s), 200/200 VUs, 2100 complete and 0 interrupted iterations
normal_day   [  65% ] 200/200 VUs  06m28.8s/10m00.0s

running (06m29.8s), 200/200 VUs, 2103 complete and 0 interrupted iterations
normal_day   [  65% ] 200/200 VUs  06m29.8s/10m00.0s

running (06m30.8s), 200/200 VUs, 2104 complete and 0 interrupted iterations
normal_day   [  65% ] 200/200 VUs  06m30.8s/10m00.0s

running (06m31.8s), 200/200 VUs, 2114 complete and 0 interrupted iterations
normal_day   [  65% ] 200/200 VUs  06m31.8s/10m00.0s

running (06m32.8s), 200/200 VUs, 2122 complete and 0 interrupted iterations
normal_day   [  65% ] 200/200 VUs  06m32.8s/10m00.0s

running (06m33.8s), 200/200 VUs, 2129 complete and 0 interrupted iterations
normal_day   [  66% ] 200/200 VUs  06m33.8s/10m00.0s

running (06m34.8s), 200/200 VUs, 2138 complete and 0 interrupted iterations
normal_day   [  66% ] 200/200 VUs  06m34.8s/10m00.0s

running (06m35.8s), 200/200 VUs, 2145 complete and 0 interrupted iterations
normal_day   [  66% ] 200/200 VUs  06m35.8s/10m00.0s

running (06m36.8s), 200/200 VUs, 2148 complete and 0 interrupted iterations
normal_day   [  66% ] 200/200 VUs  06m36.8s/10m00.0s

running (06m37.8s), 200/200 VUs, 2152 complete and 0 interrupted iterations
normal_day   [  66% ] 200/200 VUs  06m37.8s/10m00.0s

running (06m38.8s), 200/200 VUs, 2158 complete and 0 interrupted iterations
normal_day   [  66% ] 200/200 VUs  06m38.8s/10m00.0s

running (06m39.8s), 200/200 VUs, 2158 complete and 0 interrupted iterations
normal_day   [  67% ] 200/200 VUs  06m39.8s/10m00.0s

running (06m40.8s), 200/200 VUs, 2165 complete and 0 interrupted iterations
normal_day   [  67% ] 200/200 VUs  06m40.8s/10m00.0s

running (06m41.8s), 200/200 VUs, 2167 complete and 0 interrupted iterations
normal_day   [  67% ] 200/200 VUs  06m41.8s/10m00.0s

running (06m42.8s), 200/200 VUs, 2178 complete and 0 interrupted iterations
normal_day   [  67% ] 200/200 VUs  06m42.8s/10m00.0s

running (06m43.8s), 200/200 VUs, 2192 complete and 0 interrupted iterations
normal_day   [  67% ] 200/200 VUs  06m43.8s/10m00.0s

running (06m44.8s), 200/200 VUs, 2198 complete and 0 interrupted iterations
normal_day   [  67% ] 200/200 VUs  06m44.8s/10m00.0s

running (06m45.8s), 200/200 VUs, 2206 complete and 0 interrupted iterations
normal_day   [  68% ] 200/200 VUs  06m45.8s/10m00.0s

running (06m46.8s), 200/200 VUs, 2212 complete and 0 interrupted iterations
normal_day   [  68% ] 200/200 VUs  06m46.8s/10m00.0s

running (06m47.8s), 200/200 VUs, 2219 complete and 0 interrupted iterations
normal_day   [  68% ] 200/200 VUs  06m47.8s/10m00.0s

running (06m48.8s), 200/200 VUs, 2224 complete and 0 interrupted iterations
normal_day   [  68% ] 200/200 VUs  06m48.8s/10m00.0s

running (06m49.8s), 200/200 VUs, 2228 complete and 0 interrupted iterations
normal_day   [  68% ] 200/200 VUs  06m49.8s/10m00.0s

running (06m50.8s), 200/200 VUs, 2235 complete and 0 interrupted iterations
normal_day   [  68% ] 200/200 VUs  06m50.8s/10m00.0s

running (06m51.8s), 200/200 VUs, 2238 complete and 0 interrupted iterations
normal_day   [  69% ] 200/200 VUs  06m51.8s/10m00.0s

running (06m52.8s), 200/200 VUs, 2243 complete and 0 interrupted iterations
normal_day   [  69% ] 200/200 VUs  06m52.8s/10m00.0s

running (06m53.8s), 200/200 VUs, 2252 complete and 0 interrupted iterations
normal_day   [  69% ] 200/200 VUs  06m53.8s/10m00.0s

running (06m54.8s), 200/200 VUs, 2268 complete and 0 interrupted iterations
normal_day   [  69% ] 200/200 VUs  06m54.8s/10m00.0s

running (06m55.8s), 200/200 VUs, 2287 complete and 0 interrupted iterations
normal_day   [  69% ] 200/200 VUs  06m55.8s/10m00.0s

running (06m56.8s), 200/200 VUs, 2299 complete and 0 interrupted iterations
normal_day   [  69% ] 200/200 VUs  06m56.8s/10m00.0s

running (06m57.8s), 200/200 VUs, 2307 complete and 0 interrupted iterations
normal_day   [  70% ] 200/200 VUs  06m57.8s/10m00.0s

running (06m58.8s), 200/200 VUs, 2314 complete and 0 interrupted iterations
normal_day   [  70% ] 200/200 VUs  06m58.8s/10m00.0s

running (06m59.8s), 200/200 VUs, 2315 complete and 0 interrupted iterations
normal_day   [  70% ] 200/200 VUs  06m59.8s/10m00.0s

running (07m00.8s), 200/200 VUs, 2319 complete and 0 interrupted iterations
normal_day   [  70% ] 200/200 VUs  07m00.8s/10m00.0s

running (07m01.8s), 200/200 VUs, 2331 complete and 0 interrupted iterations
normal_day   [  70% ] 200/200 VUs  07m01.8s/10m00.0s

running (07m02.8s), 200/200 VUs, 2342 complete and 0 interrupted iterations
normal_day   [  70% ] 200/200 VUs  07m02.8s/10m00.0s

running (07m03.8s), 200/200 VUs, 2348 complete and 0 interrupted iterations
normal_day   [  71% ] 200/200 VUs  07m03.8s/10m00.0s

running (07m04.8s), 200/200 VUs, 2350 complete and 0 interrupted iterations
normal_day   [  71% ] 200/200 VUs  07m04.8s/10m00.0s

running (07m05.8s), 200/200 VUs, 2355 complete and 0 interrupted iterations
normal_day   [  71% ] 200/200 VUs  07m05.8s/10m00.0s

running (07m06.8s), 200/200 VUs, 2359 complete and 0 interrupted iterations
normal_day   [  71% ] 200/200 VUs  07m06.8s/10m00.0s

running (07m07.8s), 200/200 VUs, 2364 complete and 0 interrupted iterations
normal_day   [  71% ] 200/200 VUs  07m07.8s/10m00.0s

running (07m08.8s), 200/200 VUs, 2365 complete and 0 interrupted iterations
normal_day   [  71% ] 200/200 VUs  07m08.8s/10m00.0s

running (07m09.8s), 200/200 VUs, 2366 complete and 0 interrupted iterations
normal_day   [  72% ] 200/200 VUs  07m09.8s/10m00.0s

running (07m10.8s), 200/200 VUs, 2369 complete and 0 interrupted iterations
normal_day   [  72% ] 200/200 VUs  07m10.8s/10m00.0s

running (07m11.8s), 200/200 VUs, 2375 complete and 0 interrupted iterations
normal_day   [  72% ] 200/200 VUs  07m11.8s/10m00.0s

running (07m12.8s), 200/200 VUs, 2381 complete and 0 interrupted iterations
normal_day   [  72% ] 200/200 VUs  07m12.8s/10m00.0s

running (07m13.8s), 200/200 VUs, 2388 complete and 0 interrupted iterations
normal_day   [  72% ] 200/200 VUs  07m13.8s/10m00.0s

running (07m14.8s), 200/200 VUs, 2401 complete and 0 interrupted iterations
normal_day   [  72% ] 200/200 VUs  07m14.8s/10m00.0s

running (07m15.8s), 200/200 VUs, 2417 complete and 0 interrupted iterations
normal_day   [  73% ] 200/200 VUs  07m15.8s/10m00.0s

running (07m16.8s), 200/200 VUs, 2425 complete and 0 interrupted iterations
normal_day   [  73% ] 200/200 VUs  07m16.8s/10m00.0s

running (07m17.8s), 200/200 VUs, 2430 complete and 0 interrupted iterations
normal_day   [  73% ] 200/200 VUs  07m17.8s/10m00.0s

running (07m18.8s), 200/200 VUs, 2431 complete and 0 interrupted iterations
normal_day   [  73% ] 200/200 VUs  07m18.8s/10m00.0s

running (07m19.8s), 200/200 VUs, 2436 complete and 0 interrupted iterations
normal_day   [  73% ] 200/200 VUs  07m19.8s/10m00.0s

running (07m20.8s), 200/200 VUs, 2450 complete and 0 interrupted iterations
normal_day   [  73% ] 200/200 VUs  07m20.8s/10m00.0s

running (07m21.8s), 200/200 VUs, 2457 complete and 0 interrupted iterations
normal_day   [  74% ] 200/200 VUs  07m21.8s/10m00.0s

running (07m22.8s), 200/200 VUs, 2474 complete and 0 interrupted iterations
normal_day   [  74% ] 200/200 VUs  07m22.8s/10m00.0s

running (07m23.8s), 200/200 VUs, 2478 complete and 0 interrupted iterations
normal_day   [  74% ] 200/200 VUs  07m23.8s/10m00.0s

running (07m24.8s), 200/200 VUs, 2478 complete and 0 interrupted iterations
normal_day   [  74% ] 200/200 VUs  07m24.8s/10m00.0s

running (07m25.8s), 200/200 VUs, 2480 complete and 0 interrupted iterations
normal_day   [  74% ] 200/200 VUs  07m25.8s/10m00.0s

running (07m26.8s), 200/200 VUs, 2484 complete and 0 interrupted iterations
normal_day   [  74% ] 200/200 VUs  07m26.8s/10m00.0s

running (07m27.8s), 200/200 VUs, 2486 complete and 0 interrupted iterations
normal_day   [  75% ] 200/200 VUs  07m27.8s/10m00.0s

running (07m28.8s), 200/200 VUs, 2488 complete and 0 interrupted iterations
normal_day   [  75% ] 200/200 VUs  07m28.8s/10m00.0s

running (07m29.8s), 200/200 VUs, 2495 complete and 0 interrupted iterations
normal_day   [  75% ] 200/200 VUs  07m29.8s/10m00.0s

running (07m30.8s), 200/200 VUs, 2504 complete and 0 interrupted iterations
normal_day   [  75% ] 200/200 VUs  07m30.8s/10m00.0s

running (07m31.8s), 200/200 VUs, 2522 complete and 0 interrupted iterations
normal_day   [  75% ] 200/200 VUs  07m31.8s/10m00.0s

running (07m32.8s), 200/200 VUs, 2528 complete and 0 interrupted iterations
normal_day   [  75% ] 200/200 VUs  07m32.8s/10m00.0s

running (07m33.8s), 200/200 VUs, 2535 complete and 0 interrupted iterations
normal_day   [  76% ] 200/200 VUs  07m33.8s/10m00.0s

running (07m34.8s), 200/200 VUs, 2536 complete and 0 interrupted iterations
normal_day   [  76% ] 200/200 VUs  07m34.8s/10m00.0s

running (07m35.8s), 200/200 VUs, 2537 complete and 0 interrupted iterations
normal_day   [  76% ] 200/200 VUs  07m35.8s/10m00.0s

running (07m36.8s), 200/200 VUs, 2537 complete and 0 interrupted iterations
normal_day   [  76% ] 200/200 VUs  07m36.8s/10m00.0s

running (07m37.8s), 200/200 VUs, 2540 complete and 0 interrupted iterations
normal_day   [  76% ] 200/200 VUs  07m37.8s/10m00.0s

running (07m38.8s), 200/200 VUs, 2541 complete and 0 interrupted iterations
normal_day   [  76% ] 200/200 VUs  07m38.8s/10m00.0s

running (07m39.8s), 200/200 VUs, 2541 complete and 0 interrupted iterations
normal_day   [  77% ] 200/200 VUs  07m39.8s/10m00.0s

running (07m40.8s), 200/200 VUs, 2547 complete and 0 interrupted iterations
normal_day   [  77% ] 200/200 VUs  07m40.8s/10m00.0s

running (07m41.8s), 200/200 VUs, 2550 complete and 0 interrupted iterations
normal_day   [  77% ] 200/200 VUs  07m41.8s/10m00.0s

running (07m42.8s), 200/200 VUs, 2551 complete and 0 interrupted iterations
normal_day   [  77% ] 200/200 VUs  07m42.8s/10m00.0s

running (07m43.8s), 200/200 VUs, 2561 complete and 0 interrupted iterations
normal_day   [  77% ] 200/200 VUs  07m43.8s/10m00.0s

running (07m44.8s), 200/200 VUs, 2572 complete and 0 interrupted iterations
normal_day   [  77% ] 200/200 VUs  07m44.8s/10m00.0s

running (07m45.8s), 200/200 VUs, 2582 complete and 0 interrupted iterations
normal_day   [  78% ] 200/200 VUs  07m45.8s/10m00.0s

running (07m46.8s), 200/200 VUs, 2593 complete and 0 interrupted iterations
normal_day   [  78% ] 200/200 VUs  07m46.8s/10m00.0s

running (07m47.8s), 200/200 VUs, 2600 complete and 0 interrupted iterations
normal_day   [  78% ] 200/200 VUs  07m47.8s/10m00.0s

running (07m48.8s), 200/200 VUs, 2605 complete and 0 interrupted iterations
normal_day   [  78% ] 200/200 VUs  07m48.8s/10m00.0s

running (07m49.8s), 200/200 VUs, 2611 complete and 0 interrupted iterations
normal_day   [  78% ] 200/200 VUs  07m49.8s/10m00.0s

running (07m50.8s), 200/200 VUs, 2616 complete and 0 interrupted iterations
normal_day   [  78% ] 200/200 VUs  07m50.8s/10m00.0s

running (07m51.8s), 200/200 VUs, 2622 complete and 0 interrupted iterations
normal_day   [  79% ] 200/200 VUs  07m51.8s/10m00.0s

running (07m52.8s), 200/200 VUs, 2632 complete and 0 interrupted iterations
normal_day   [  79% ] 200/200 VUs  07m52.8s/10m00.0s

running (07m53.8s), 200/200 VUs, 2642 complete and 0 interrupted iterations
normal_day   [  79% ] 200/200 VUs  07m53.8s/10m00.0s

running (07m54.8s), 200/200 VUs, 2648 complete and 0 interrupted iterations
normal_day   [  79% ] 200/200 VUs  07m54.8s/10m00.0s

running (07m55.8s), 200/200 VUs, 2657 complete and 0 interrupted iterations
normal_day   [  79% ] 200/200 VUs  07m55.8s/10m00.0s

running (07m56.8s), 200/200 VUs, 2657 complete and 0 interrupted iterations
normal_day   [  79% ] 200/200 VUs  07m56.8s/10m00.0s

running (07m57.8s), 200/200 VUs, 2657 complete and 0 interrupted iterations
normal_day   [  80% ] 200/200 VUs  07m57.8s/10m00.0s

running (07m58.8s), 200/200 VUs, 2658 complete and 0 interrupted iterations
normal_day   [  80% ] 200/200 VUs  07m58.8s/10m00.0s

running (07m59.8s), 200/200 VUs, 2659 complete and 0 interrupted iterations
normal_day   [  80% ] 200/200 VUs  07m59.8s/10m00.0s

running (08m00.8s), 200/200 VUs, 2663 complete and 0 interrupted iterations
normal_day   [  80% ] 200/200 VUs  08m00.8s/10m00.0s

running (08m01.8s), 199/200 VUs, 2672 complete and 0 interrupted iterations
normal_day   [  80% ] 199/200 VUs  08m01.8s/10m00.0s

running (08m02.8s), 199/200 VUs, 2692 complete and 0 interrupted iterations
normal_day   [  80% ] 199/200 VUs  08m02.8s/10m00.0s

running (08m03.8s), 198/200 VUs, 2700 complete and 0 interrupted iterations
normal_day   [  81% ] 198/200 VUs  08m03.8s/10m00.0s

running (08m04.8s), 198/200 VUs, 2711 complete and 0 interrupted iterations
normal_day   [  81% ] 198/200 VUs  08m04.8s/10m00.0s

running (08m05.8s), 197/200 VUs, 2714 complete and 0 interrupted iterations
normal_day   [  81% ] 197/200 VUs  08m05.8s/10m00.0s

running (08m06.8s), 197/200 VUs, 2717 complete and 0 interrupted iterations
normal_day   [  81% ] 197/200 VUs  08m06.8s/10m00.0s

running (08m07.8s), 197/200 VUs, 2718 complete and 0 interrupted iterations
normal_day   [  81% ] 197/200 VUs  08m07.8s/10m00.0s

running (08m08.8s), 197/200 VUs, 2721 complete and 0 interrupted iterations
normal_day   [  81% ] 197/200 VUs  08m08.8s/10m00.0s

running (08m09.8s), 197/200 VUs, 2725 complete and 0 interrupted iterations
normal_day   [  82% ] 197/200 VUs  08m09.8s/10m00.0s

running (08m10.8s), 196/200 VUs, 2731 complete and 0 interrupted iterations
normal_day   [  82% ] 196/200 VUs  08m10.8s/10m00.0s

running (08m11.8s), 194/200 VUs, 2741 complete and 0 interrupted iterations
normal_day   [  82% ] 194/200 VUs  08m11.8s/10m00.0s

running (08m12.8s), 191/200 VUs, 2754 complete and 0 interrupted iterations
normal_day   [  82% ] 191/200 VUs  08m12.8s/10m00.0s

running (08m13.8s), 190/200 VUs, 2762 complete and 0 interrupted iterations
normal_day   [  82% ] 190/200 VUs  08m13.8s/10m00.0s

running (08m14.8s), 190/200 VUs, 2767 complete and 0 interrupted iterations
normal_day   [  82% ] 190/200 VUs  08m14.8s/10m00.0s

running (08m15.8s), 190/200 VUs, 2776 complete and 0 interrupted iterations
normal_day   [  83% ] 190/200 VUs  08m15.8s/10m00.0s

running (08m16.8s), 189/200 VUs, 2783 complete and 0 interrupted iterations
normal_day   [  83% ] 189/200 VUs  08m16.8s/10m00.0s

running (08m17.8s), 189/200 VUs, 2791 complete and 0 interrupted iterations
normal_day   [  83% ] 189/200 VUs  08m17.8s/10m00.0s

running (08m18.8s), 189/200 VUs, 2797 complete and 0 interrupted iterations
normal_day   [  83% ] 189/200 VUs  08m18.8s/10m00.0s

running (08m19.8s), 189/200 VUs, 2803 complete and 0 interrupted iterations
normal_day   [  83% ] 189/200 VUs  08m19.8s/10m00.0s

running (08m20.8s), 187/200 VUs, 2810 complete and 0 interrupted iterations
normal_day   [  83% ] 187/200 VUs  08m20.8s/10m00.0s

running (08m21.8s), 185/200 VUs, 2826 complete and 0 interrupted iterations
normal_day   [  84% ] 185/200 VUs  08m21.8s/10m00.0s

running (08m22.8s), 184/200 VUs, 2833 complete and 0 interrupted iterations
normal_day   [  84% ] 184/200 VUs  08m22.8s/10m00.0s

running (08m23.8s), 183/200 VUs, 2836 complete and 0 interrupted iterations
normal_day   [  84% ] 183/200 VUs  08m23.8s/10m00.0s

running (08m24.8s), 183/200 VUs, 2838 complete and 0 interrupted iterations
normal_day   [  84% ] 183/200 VUs  08m24.8s/10m00.0s

running (08m25.8s), 181/200 VUs, 2843 complete and 0 interrupted iterations
normal_day   [  84% ] 181/200 VUs  08m25.8s/10m00.0s

running (08m26.8s), 181/200 VUs, 2846 complete and 0 interrupted iterations
normal_day   [  84% ] 181/200 VUs  08m26.8s/10m00.0s

running (08m27.8s), 180/200 VUs, 2853 complete and 0 interrupted iterations
normal_day   [  85% ] 180/200 VUs  08m27.8s/10m00.0s

running (08m28.8s), 178/200 VUs, 2862 complete and 0 interrupted iterations
normal_day   [  85% ] 178/200 VUs  08m28.8s/10m00.0s

running (08m29.8s), 177/200 VUs, 2865 complete and 0 interrupted iterations
normal_day   [  85% ] 177/200 VUs  08m29.8s/10m00.0s

running (08m30.8s), 174/200 VUs, 2872 complete and 0 interrupted iterations
normal_day   [  85% ] 174/200 VUs  08m30.8s/10m00.0s

running (08m31.8s), 174/200 VUs, 2875 complete and 0 interrupted iterations
normal_day   [  85% ] 174/200 VUs  08m31.8s/10m00.0s

running (08m32.8s), 174/200 VUs, 2881 complete and 0 interrupted iterations
normal_day   [  85% ] 174/200 VUs  08m32.8s/10m00.0s

running (08m33.8s), 170/200 VUs, 2885 complete and 2 interrupted iterations
normal_day   [  86% ] 170/200 VUs  08m33.8s/10m00.0s

running (08m34.8s), 169/200 VUs, 2889 complete and 3 interrupted iterations
normal_day   [  86% ] 169/200 VUs  08m34.8s/10m00.0s

running (08m35.8s), 168/200 VUs, 2893 complete and 3 interrupted iterations
normal_day   [  86% ] 168/200 VUs  08m35.8s/10m00.0s

running (08m36.8s), 165/200 VUs, 2904 complete and 3 interrupted iterations
normal_day   [  86% ] 165/200 VUs  08m36.8s/10m00.0s

running (08m37.8s), 163/200 VUs, 2908 complete and 4 interrupted iterations
normal_day   [  86% ] 163/200 VUs  08m37.8s/10m00.0s

running (08m38.8s), 162/200 VUs, 2915 complete and 4 interrupted iterations
normal_day   [  86% ] 162/200 VUs  08m38.8s/10m00.0s

running (08m39.8s), 161/200 VUs, 2919 complete and 4 interrupted iterations
normal_day   [  87% ] 161/200 VUs  08m39.8s/10m00.0s

running (08m40.8s), 159/200 VUs, 2926 complete and 4 interrupted iterations
normal_day   [  87% ] 159/200 VUs  08m40.8s/10m00.0s

running (08m41.8s), 158/200 VUs, 2929 complete and 4 interrupted iterations
normal_day   [  87% ] 158/200 VUs  08m41.8s/10m00.0s

running (08m42.8s), 156/200 VUs, 2934 complete and 5 interrupted iterations
normal_day   [  87% ] 156/200 VUs  08m42.8s/10m00.0s

running (08m43.8s), 156/200 VUs, 2934 complete and 5 interrupted iterations
normal_day   [  87% ] 156/200 VUs  08m43.8s/10m00.0s

running (08m44.8s), 155/200 VUs, 2938 complete and 5 interrupted iterations
normal_day   [  87% ] 155/200 VUs  08m44.8s/10m00.0s

running (08m45.8s), 155/200 VUs, 2940 complete and 5 interrupted iterations
normal_day   [  88% ] 155/200 VUs  08m45.8s/10m00.0s

running (08m46.8s), 154/200 VUs, 2942 complete and 6 interrupted iterations
normal_day   [  88% ] 154/200 VUs  08m46.8s/10m00.0s

running (08m47.8s), 153/200 VUs, 2945 complete and 6 interrupted iterations
normal_day   [  88% ] 153/200 VUs  08m47.8s/10m00.0s

running (08m48.8s), 153/200 VUs, 2949 complete and 6 interrupted iterations
normal_day   [  88% ] 153/200 VUs  08m48.8s/10m00.0s

running (08m49.8s), 151/200 VUs, 2953 complete and 7 interrupted iterations
normal_day   [  88% ] 151/200 VUs  08m49.8s/10m00.0s

running (08m50.8s), 151/200 VUs, 2953 complete and 7 interrupted iterations
normal_day   [  88% ] 151/200 VUs  08m50.8s/10m00.0s

running (08m51.8s), 149/200 VUs, 2959 complete and 7 interrupted iterations
normal_day   [  89% ] 149/200 VUs  08m51.8s/10m00.0s

running (08m52.8s), 146/200 VUs, 2964 complete and 8 interrupted iterations
normal_day   [  89% ] 146/200 VUs  08m52.8s/10m00.0s

running (08m53.8s), 146/200 VUs, 2965 complete and 8 interrupted iterations
normal_day   [  89% ] 146/200 VUs  08m53.8s/10m00.0s

running (08m54.8s), 143/200 VUs, 2969 complete and 10 interrupted iterations
normal_day   [  89% ] 143/200 VUs  08m54.8s/10m00.0s

running (08m55.8s), 142/200 VUs, 2973 complete and 10 interrupted iterations
normal_day   [  89% ] 142/200 VUs  08m55.8s/10m00.0s

running (08m56.8s), 140/200 VUs, 2975 complete and 11 interrupted iterations
normal_day   [  89% ] 140/200 VUs  08m56.8s/10m00.0s

running (08m57.8s), 140/200 VUs, 2978 complete and 11 interrupted iterations
normal_day   [  90% ] 140/200 VUs  08m57.8s/10m00.0s

running (08m58.8s), 136/200 VUs, 2985 complete and 13 interrupted iterations
normal_day   [  90% ] 136/200 VUs  08m58.8s/10m00.0s

running (08m59.8s), 132/200 VUs, 2990 complete and 14 interrupted iterations
normal_day   [  90% ] 132/200 VUs  08m59.8s/10m00.0s

running (09m00.8s), 131/200 VUs, 2996 complete and 14 interrupted iterations
normal_day   [  90% ] 131/200 VUs  09m00.8s/10m00.0s

running (09m01.8s), 131/200 VUs, 2997 complete and 14 interrupted iterations
normal_day   [  90% ] 131/200 VUs  09m01.8s/10m00.0s

running (09m02.8s), 127/200 VUs, 3004 complete and 15 interrupted iterations
normal_day   [  90% ] 127/200 VUs  09m02.8s/10m00.0s

running (09m03.8s), 126/200 VUs, 3006 complete and 16 interrupted iterations
normal_day   [  91% ] 126/200 VUs  09m03.8s/10m00.0s

running (09m04.8s), 124/200 VUs, 3013 complete and 16 interrupted iterations
normal_day   [  91% ] 124/200 VUs  09m04.8s/10m00.0s

running (09m05.8s), 122/200 VUs, 3017 complete and 16 interrupted iterations
normal_day   [  91% ] 122/200 VUs  09m05.8s/10m00.0s

running (09m06.8s), 121/200 VUs, 3020 complete and 17 interrupted iterations
normal_day   [  91% ] 121/200 VUs  09m06.8s/10m00.0s

running (09m07.8s), 120/200 VUs, 3023 complete and 18 interrupted iterations
normal_day   [  91% ] 120/200 VUs  09m07.8s/10m00.0s

running (09m08.8s), 120/200 VUs, 3024 complete and 18 interrupted iterations
normal_day   [  91% ] 120/200 VUs  09m08.8s/10m00.0s

running (09m09.8s), 120/200 VUs, 3025 complete and 18 interrupted iterations
normal_day   [  92% ] 120/200 VUs  09m09.8s/10m00.0s

running (09m10.8s), 118/200 VUs, 3028 complete and 19 interrupted iterations
normal_day   [  92% ] 118/200 VUs  09m10.8s/10m00.0s

running (09m11.8s), 118/200 VUs, 3029 complete and 19 interrupted iterations
normal_day   [  92% ] 118/200 VUs  09m11.8s/10m00.0s

running (09m12.8s), 117/200 VUs, 3031 complete and 19 interrupted iterations
normal_day   [  92% ] 117/200 VUs  09m12.8s/10m00.0s

running (09m13.8s), 115/200 VUs, 3035 complete and 20 interrupted iterations
normal_day   [  92% ] 115/200 VUs  09m13.8s/10m00.0s

running (09m14.8s), 113/200 VUs, 3040 complete and 20 interrupted iterations
normal_day   [  92% ] 113/200 VUs  09m14.8s/10m00.0s

running (09m15.8s), 109/200 VUs, 3046 complete and 21 interrupted iterations
normal_day   [  93% ] 109/200 VUs  09m15.8s/10m00.0s

running (09m16.8s), 108/200 VUs, 3050 complete and 21 interrupted iterations
normal_day   [  93% ] 108/200 VUs  09m16.8s/10m00.0s

running (09m17.8s), 106/200 VUs, 3053 complete and 21 interrupted iterations
normal_day   [  93% ] 106/200 VUs  09m17.8s/10m00.0s

running (09m18.8s), 102/200 VUs, 3060 complete and 22 interrupted iterations
normal_day   [  93% ] 102/200 VUs  09m18.8s/10m00.0s

running (09m19.8s), 102/200 VUs, 3061 complete and 22 interrupted iterations
normal_day   [  93% ] 102/200 VUs  09m19.8s/10m00.0s

running (09m20.8s), 097/200 VUs, 3073 complete and 22 interrupted iterations
normal_day   [  93% ] 097/200 VUs  09m20.8s/10m00.0s

running (09m21.8s), 092/200 VUs, 3079 complete and 22 interrupted iterations
normal_day   [  94% ] 092/200 VUs  09m21.8s/10m00.0s

running (09m22.8s), 090/200 VUs, 3085 complete and 22 interrupted iterations
normal_day   [  94% ] 090/200 VUs  09m22.8s/10m00.0s

running (09m23.8s), 089/200 VUs, 3087 complete and 23 interrupted iterations
normal_day   [  94% ] 089/200 VUs  09m23.8s/10m00.0s

running (09m24.8s), 086/200 VUs, 3093 complete and 23 interrupted iterations
normal_day   [  94% ] 086/200 VUs  09m24.8s/10m00.0s

running (09m25.8s), 084/200 VUs, 3095 complete and 24 interrupted iterations
normal_day   [  94% ] 084/200 VUs  09m25.8s/10m00.0s

running (09m26.8s), 084/200 VUs, 3096 complete and 24 interrupted iterations
normal_day   [  94% ] 084/200 VUs  09m26.8s/10m00.0s

running (09m27.8s), 083/200 VUs, 3096 complete and 25 interrupted iterations
normal_day   [  95% ] 083/200 VUs  09m27.8s/10m00.0s

running (09m28.8s), 081/200 VUs, 3098 complete and 25 interrupted iterations
normal_day   [  95% ] 081/200 VUs  09m28.8s/10m00.0s

running (09m29.8s), 079/200 VUs, 3105 complete and 25 interrupted iterations
normal_day   [  95% ] 079/200 VUs  09m29.8s/10m00.0s

running (09m30.8s), 076/200 VUs, 3110 complete and 25 interrupted iterations
normal_day   [  95% ] 076/200 VUs  09m30.8s/10m00.0s

running (09m31.8s), 072/200 VUs, 3115 complete and 27 interrupted iterations
normal_day   [  95% ] 072/200 VUs  09m31.8s/10m00.0s

running (09m32.8s), 069/200 VUs, 3121 complete and 27 interrupted iterations
normal_day   [  95% ] 069/200 VUs  09m32.8s/10m00.0s

running (09m33.8s), 065/200 VUs, 3128 complete and 29 interrupted iterations
normal_day   [  96% ] 065/200 VUs  09m33.8s/10m00.0s

running (09m34.8s), 064/200 VUs, 3130 complete and 29 interrupted iterations
normal_day   [  96% ] 064/200 VUs  09m34.8s/10m00.0s

running (09m35.8s), 063/200 VUs, 3137 complete and 29 interrupted iterations
normal_day   [  96% ] 063/200 VUs  09m35.8s/10m00.0s

running (09m36.8s), 062/200 VUs, 3140 complete and 29 interrupted iterations
normal_day   [  96% ] 062/200 VUs  09m36.8s/10m00.0s

running (09m37.8s), 057/200 VUs, 3148 complete and 29 interrupted iterations
normal_day   [  96% ] 057/200 VUs  09m37.8s/10m00.0s

running (09m38.8s), 055/200 VUs, 3152 complete and 29 interrupted iterations
normal_day   [  96% ] 055/200 VUs  09m38.8s/10m00.0s

running (09m39.8s), 051/200 VUs, 3159 complete and 29 interrupted iterations
normal_day   [  97% ] 051/200 VUs  09m39.8s/10m00.0s

running (09m40.8s), 050/200 VUs, 3165 complete and 29 interrupted iterations
normal_day   [  97% ] 050/200 VUs  09m40.8s/10m00.0s

running (09m41.8s), 047/200 VUs, 3168 complete and 29 interrupted iterations
normal_day   [  97% ] 047/200 VUs  09m41.8s/10m00.0s

running (09m42.8s), 045/200 VUs, 3173 complete and 29 interrupted iterations
normal_day   [  97% ] 045/200 VUs  09m42.8s/10m00.0s

running (09m43.8s), 043/200 VUs, 3181 complete and 29 interrupted iterations
normal_day   [  97% ] 043/200 VUs  09m43.8s/10m00.0s

running (09m44.8s), 040/200 VUs, 3186 complete and 29 interrupted iterations
normal_day   [  97% ] 040/200 VUs  09m44.8s/10m00.0s

running (09m45.8s), 038/200 VUs, 3188 complete and 29 interrupted iterations
normal_day   [  98% ] 038/200 VUs  09m45.8s/10m00.0s

running (09m46.8s), 033/200 VUs, 3196 complete and 29 interrupted iterations
normal_day   [  98% ] 033/200 VUs  09m46.8s/10m00.0s

running (09m47.8s), 033/200 VUs, 3198 complete and 29 interrupted iterations
normal_day   [  98% ] 033/200 VUs  09m47.8s/10m00.0s

running (09m48.8s), 031/200 VUs, 3202 complete and 29 interrupted iterations
normal_day   [  98% ] 031/200 VUs  09m48.8s/10m00.0s

running (09m49.8s), 030/200 VUs, 3204 complete and 29 interrupted iterations
normal_day   [  98% ] 030/200 VUs  09m49.8s/10m00.0s

running (09m50.8s), 028/200 VUs, 3206 complete and 29 interrupted iterations
normal_day   [  98% ] 028/200 VUs  09m50.8s/10m00.0s

running (09m51.8s), 027/200 VUs, 3208 complete and 29 interrupted iterations
normal_day   [  99% ] 027/200 VUs  09m51.8s/10m00.0s

running (09m52.8s), 027/200 VUs, 3209 complete and 29 interrupted iterations
normal_day   [  99% ] 027/200 VUs  09m52.8s/10m00.0s

running (09m53.8s), 025/200 VUs, 3212 complete and 29 interrupted iterations
normal_day   [  99% ] 025/200 VUs  09m53.8s/10m00.0s

running (09m54.8s), 021/200 VUs, 3218 complete and 29 interrupted iterations
normal_day   [  99% ] 021/200 VUs  09m54.8s/10m00.0s

running (09m55.8s), 020/200 VUs, 3221 complete and 29 interrupted iterations
normal_day   [  99% ] 020/200 VUs  09m55.8s/10m00.0s

running (09m56.8s), 018/200 VUs, 3224 complete and 29 interrupted iterations
normal_day   [  99% ] 018/200 VUs  09m56.8s/10m00.0s

running (09m57.8s), 018/200 VUs, 3225 complete and 29 interrupted iterations
normal_day   [ 100% ] 018/200 VUs  09m57.8s/10m00.0s

running (09m58.8s), 017/200 VUs, 3227 complete and 29 interrupted iterations
normal_day   [ 100% ] 017/200 VUs  09m58.8s/10m00.0s

running (09m59.8s), 016/200 VUs, 3228 complete and 29 interrupted iterations
normal_day   [ 100% ] 016/200 VUs  09m59.8s/10m00.0s

running (10m00.8s), 014/200 VUs, 3230 complete and 29 interrupted iterations
normal_day ↓ [ 100% ] 016/200 VUs  10m0s

running (10m01.8s), 013/200 VUs, 3231 complete and 29 interrupted iterations
normal_day ↓ [ 100% ] 016/200 VUs  10m0s

running (10m02.8s), 011/200 VUs, 3233 complete and 29 interrupted iterations
normal_day ↓ [ 100% ] 016/200 VUs  10m0s

running (10m03.8s), 007/200 VUs, 3237 complete and 29 interrupted iterations
normal_day ↓ [ 100% ] 016/200 VUs  10m0s

running (10m04.8s), 006/200 VUs, 3238 complete and 29 interrupted iterations
normal_day ↓ [ 100% ] 016/200 VUs  10m0s

running (10m05.8s), 006/200 VUs, 3238 complete and 29 interrupted iterations
normal_day ↓ [ 100% ] 016/200 VUs  10m0s

running (10m06.8s), 005/200 VUs, 3239 complete and 29 interrupted iterations
normal_day ↓ [ 100% ] 016/200 VUs  10m0s

running (10m07.8s), 003/200 VUs, 3241 complete and 29 interrupted iterations
normal_day ↓ [ 100% ] 016/200 VUs  10m0s

running (10m08.8s), 002/200 VUs, 3242 complete and 29 interrupted iterations
normal_day ↓ [ 100% ] 016/200 VUs  10m0s

running (10m09.8s), 002/200 VUs, 3242 complete and 29 interrupted iterations
normal_day ↓ [ 100% ] 016/200 VUs  10m0s

running (10m10.8s), 001/200 VUs, 3243 complete and 29 interrupted iterations
normal_day ↓ [ 100% ] 016/200 VUs  10m0s
[32m     ✓ login 200[0m
[32m     ✓ board list 200[0m
[32m     ✓ unread count 200[0m
[32m     ✓ friend list 200[0m
[32m     ✓ notif list 200[0m
[32m     ✓ hot daily 200[0m
[32m     ✓ post create 2xx[0m
[32m     ✓ received reqs 200[0m
[32m     ✓ post update 200[0m
[32m     ✓ user info 200[0m
[32m     ✓ post delete 200[0m
[32m     ✓ post list 200[0m
[32m     ✓ chat rooms 200[0m
[32m     ✓ my posts 200[0m
[32m     ✓ post detail 200[0m
[32m     ✓ comment list 200[0m
[32m     ✓ post reaction 2xx[0m
[32m     ✓ comment create 2xx[0m
[32m     ✓ chat messages 200[0m
[32m     ✓ chat read 200[0m
[32m     ✓ read one 200[0m
[32m     ✓ meal today 200[0m
[32m     ✓ read all 200[0m
[32m     ✓ timetable today 200[0m
[32m     ✓ post search 200[0m
[32m     ✓ logout 200[0m
[32m     ✓ comment reaction 200[0m
[32m     ✓ scrap 2xx[0m
[32m     ✓ ws handshake 101[0m
[32m     ✓ refresh 200[0m
[32m     ✓ meal month 200[0m

     auth_token_refreshes[2m...........:[0m [36m31[0m      [36;2m0.050725/s[0m
     chat_ws_messages_sent[2m..........:[0m [36m864[0m     [36;2m1.413755/s[0m
     chat_ws_rtt[2m....................:[0m avg=[36m2.41s[0m   min=[36m16ms[0m       med=[36m1.91s[0m    max=[36m11.05s[0m   p(90)=[36m5.19s[0m    p(95)=[36m6.14s[0m   p(99)=[36m8.65s[0m   
     checks[2m.........................:[0m [36m100.00%[0m [36;2m✓ 14348[0m     [36;2m✗ 0[0m    
     [32m✓[0m { phase:measure }[2m............:[0m [36m100.00%[0m [36;2m✓ 7803[0m      [36;2m✗ 0[0m    
     [32m✓[0m { phase:rampdown }[2m...........:[0m [36m100.00%[0m [36;2m✓ 2479[0m      [36;2m✗ 0[0m    
     [32m✓[0m { phase:warmup }[2m.............:[0m [36m100.00%[0m [36;2m✓ 4066[0m      [36;2m✗ 0[0m    
     data_received[2m..................:[0m [36m623 MB[0m  [36;2m1.0 MB/s[0m
     data_sent[2m......................:[0m [36m5.8 MB[0m  [36;2m9.5 kB/s[0m
     http_req_blocked[2m...............:[0m avg=[36m16.87µs[0m min=[36m1.72µs[0m     med=[36m6.33µs[0m   max=[36m27.1ms[0m   p(90)=[36m10.39µs[0m  p(95)=[36m13.53µs[0m p(99)=[36m315.7µs[0m 
     http_req_connecting[2m............:[0m avg=[36m7.59µs[0m  min=[36m0s[0m         med=[36m0s[0m       max=[36m26.98ms[0m  p(90)=[36m0s[0m       p(95)=[36m0s[0m      p(99)=[36m207.56µs[0m
     http_req_duration[2m..............:[0m avg=[36m4.26s[0m   min=[36m2.17ms[0m     med=[36m3.8s[0m     max=[36m22.62s[0m   p(90)=[36m8.27s[0m    p(95)=[36m9.72s[0m   p(99)=[36m13.88s[0m  
       { expected_response:true }[2m...:[0m avg=[36m4.26s[0m   min=[36m2.17ms[0m     med=[36m3.8s[0m     max=[36m22.62s[0m   p(90)=[36m8.27s[0m    p(95)=[36m9.72s[0m   p(99)=[36m13.88s[0m  
     [32m✓[0m { feature:auth }[2m.............:[0m avg=[36m1.97s[0m   min=[36m22.67ms[0m    med=[36m1.21s[0m    max=[36m9.31s[0m    p(90)=[36m4.86s[0m    p(95)=[36m6.65s[0m   p(99)=[36m8.29s[0m   
     [32m✓[0m { feature:board }[2m............:[0m avg=[36m4.08s[0m   min=[36m2.17ms[0m     med=[36m3.77s[0m    max=[36m14.33s[0m   p(90)=[36m7.76s[0m    p(95)=[36m9.07s[0m   p(99)=[36m11.51s[0m  
     [32m✓[0m { feature:chat }[2m.............:[0m avg=[36m4.25s[0m   min=[36m3ms[0m        med=[36m4.08s[0m    max=[36m13.33s[0m   p(90)=[36m7.96s[0m    p(95)=[36m9.25s[0m   p(99)=[36m11.99s[0m  
     [32m✓[0m { feature:comment }[2m..........:[0m avg=[36m5.6s[0m    min=[36m2.52ms[0m     med=[36m4.82s[0m    max=[36m22.62s[0m   p(90)=[36m11.62s[0m   p(95)=[36m14s[0m     p(99)=[36m17.71s[0m  
     [32m✓[0m { feature:friend }[2m...........:[0m avg=[36m4.09s[0m   min=[36m2.45ms[0m     med=[36m3.59s[0m    max=[36m13.62s[0m   p(90)=[36m8.41s[0m    p(95)=[36m9.48s[0m   p(99)=[36m10.79s[0m  
     [32m✓[0m { feature:hot }[2m..............:[0m avg=[36m4.18s[0m   min=[36m8.19ms[0m     med=[36m3.82s[0m    max=[36m16.53s[0m   p(90)=[36m7.99s[0m    p(95)=[36m9.11s[0m   p(99)=[36m11.33s[0m  
     [32m✓[0m { feature:mypage }[2m...........:[0m avg=[36m4.37s[0m   min=[36m2.41ms[0m     med=[36m3.89s[0m    max=[36m12.83s[0m   p(90)=[36m8.36s[0m    p(95)=[36m9.56s[0m   p(99)=[36m11.48s[0m  
     [32m✓[0m { feature:notification }[2m.....:[0m avg=[36m4.09s[0m   min=[36m2.88ms[0m     med=[36m3.96s[0m    max=[36m13.68s[0m   p(90)=[36m7.52s[0m    p(95)=[36m8.88s[0m   p(99)=[36m11.9s[0m   
     [32m✓[0m { feature:post }[2m.............:[0m avg=[36m3.91s[0m   min=[36m2.19ms[0m     med=[36m3.56s[0m    max=[36m16.64s[0m   p(90)=[36m7.58s[0m    p(95)=[36m8.9s[0m    p(99)=[36m11.43s[0m  
     [32m✓[0m { feature:reaction }[2m.........:[0m avg=[36m4.19s[0m   min=[36m16.9ms[0m     med=[36m3.93s[0m    max=[36m12.88s[0m   p(90)=[36m7.75s[0m    p(95)=[36m9.57s[0m   p(99)=[36m12.33s[0m  
     [32m✓[0m { feature:school }[2m...........:[0m avg=[36m4.23s[0m   min=[36m3.85ms[0m     med=[36m4.11s[0m    max=[36m10.6s[0m    p(90)=[36m7.63s[0m    p(95)=[36m8.42s[0m   p(99)=[36m10.32s[0m  
     [32m✓[0m { feature:scrap }[2m............:[0m avg=[36m4.38s[0m   min=[36m17.88ms[0m    med=[36m4.24s[0m    max=[36m10.08s[0m   p(90)=[36m8.13s[0m    p(95)=[36m9.19s[0m   p(99)=[36m9.98s[0m   
     [32m✓[0m { feature:timetable }[2m........:[0m avg=[36m3.74s[0m   min=[36m2.47ms[0m     med=[36m3.24s[0m    max=[36m10.27s[0m   p(90)=[36m7.29s[0m    p(95)=[36m8.07s[0m   p(99)=[36m9.29s[0m   
     [32m✓[0m { op:auth }[2m..................:[0m avg=[36m1.97s[0m   min=[36m22.67ms[0m    med=[36m1.21s[0m    max=[36m9.31s[0m    p(90)=[36m4.86s[0m    p(95)=[36m6.65s[0m   p(99)=[36m8.29s[0m   
     [31m✗[0m { op:read,phase:measure }[2m....:[0m avg=[36m5.46s[0m   min=[36m9.72ms[0m     med=[36m5.12s[0m    max=[36m22.62s[0m   p(90)=[36m9.07s[0m    p(95)=[36m10.6s[0m   p(99)=[36m14.57s[0m  
     [31m✗[0m { op:write,phase:measure }[2m...:[0m avg=[36m5.82s[0m   min=[36m38.58ms[0m    med=[36m5.91s[0m    max=[36m16.06s[0m   p(90)=[36m9.56s[0m    p(95)=[36m10.66s[0m  p(99)=[36m12.75s[0m  
     [32m✓[0m { page:0 }[2m...................:[0m avg=[36m2.82s[0m   min=[36m2.19ms[0m     med=[36m2.24s[0m    max=[36m12.88s[0m   p(90)=[36m6.15s[0m    p(95)=[36m7.24s[0m   p(99)=[36m9.47s[0m   
     [32m✓[0m { page:1 }[2m...................:[0m avg=[36m2.76s[0m   min=[36m2.34ms[0m     med=[36m2.38s[0m    max=[36m13.35s[0m   p(90)=[36m5.67s[0m    p(95)=[36m7.21s[0m   p(99)=[36m10.34s[0m  
     [32m✓[0m { page:2 }[2m...................:[0m avg=[36m2.95s[0m   min=[36m2.6ms[0m      med=[36m2.38s[0m    max=[36m13.5s[0m    p(90)=[36m7.05s[0m    p(95)=[36m7.99s[0m   p(99)=[36m10.74s[0m  
     [32m✓[0m { page:3 }[2m...................:[0m avg=[36m3.09s[0m   min=[36m2.83ms[0m     med=[36m2.57s[0m    max=[36m12.9s[0m    p(90)=[36m6.64s[0m    p(95)=[36m7.31s[0m   p(99)=[36m10.45s[0m  
     [32m✓[0m { page:4 }[2m...................:[0m avg=[36m3.19s[0m   min=[36m5.3ms[0m      med=[36m2.97s[0m    max=[36m7.88s[0m    p(90)=[36m5.94s[0m    p(95)=[36m7.16s[0m   p(99)=[36m7.68s[0m   
     [32m✓[0m { phase:measure }[2m............:[0m avg=[36m5.48s[0m   min=[36m9.72ms[0m     med=[36m5.17s[0m    max=[36m22.62s[0m   p(90)=[36m9.09s[0m    p(95)=[36m10.6s[0m   p(99)=[36m14.41s[0m  
     [32m✓[0m { phase:rampdown }[2m...........:[0m avg=[36m3.89s[0m   min=[36m2.17ms[0m     med=[36m3.7s[0m     max=[36m18.49s[0m   p(90)=[36m7.19s[0m    p(95)=[36m8.3s[0m    p(99)=[36m13.5s[0m   
     [32m✓[0m { phase:warmup }[2m.............:[0m avg=[36m2.23s[0m   min=[36m2.44ms[0m     med=[36m1.49s[0m    max=[36m19.56s[0m   p(90)=[36m5.56s[0m    p(95)=[36m7.32s[0m   p(99)=[36m12.53s[0m  
     http_req_failed[2m................:[0m [36m0.00%[0m   [36;2m✓ 0[0m         [36;2m✗ 14196[0m
     [32m✓[0m { phase:measure }[2m............:[0m [36m0.00%[0m   [36;2m✓ 0[0m         [36;2m✗ 7682[0m 
     [32m✓[0m { phase:rampdown }[2m...........:[0m [36m0.00%[0m   [36;2m✓ 0[0m         [36;2m✗ 2343[0m 
     [32m✓[0m { phase:warmup }[2m.............:[0m [36m0.00%[0m   [36;2m✓ 0[0m         [36;2m✗ 4171[0m 
     http_req_receiving[2m.............:[0m avg=[36m1.62ms[0m  min=[36m-2643333ns[0m med=[36m289.49µs[0m max=[36m167.43ms[0m p(90)=[36m745.05µs[0m p(95)=[36m3.09ms[0m  p(99)=[36m65.04ms[0m 
     http_req_sending[2m...............:[0m avg=[36m41.8µs[0m  min=[36m4.4µs[0m      med=[36m34.71µs[0m  max=[36m648.12µs[0m p(90)=[36m66.44µs[0m  p(95)=[36m86.4µs[0m  p(99)=[36m150.56µs[0m
     http_req_tls_handshaking[2m.......:[0m avg=[36m0s[0m      min=[36m0s[0m         med=[36m0s[0m       max=[36m0s[0m       p(90)=[36m0s[0m       p(95)=[36m0s[0m      p(99)=[36m0s[0m      
     http_req_waiting[2m...............:[0m avg=[36m4.26s[0m   min=[36m2ms[0m        med=[36m3.8s[0m     max=[36m22.6s[0m    p(90)=[36m8.27s[0m    p(95)=[36m9.71s[0m   p(99)=[36m13.82s[0m  
     http_reqs[2m......................:[0m [36m14196[0m   [36;2m23.228772/s[0m
     [32m✓[0m { feature:auth }[2m.............:[0m [36m303[0m     [36;2m0.495796/s[0m
     [32m✓[0m { feature:board }[2m............:[0m [36m1309[0m    [36;2m2.141904/s[0m
     [32m✓[0m { feature:chat }[2m.............:[0m [36m1115[0m    [36;2m1.824463/s[0m
     [32m✓[0m { feature:comment }[2m..........:[0m [36m2521[0m    [36;2m4.125087/s[0m
     [32m✓[0m { feature:friend }[2m...........:[0m [36m259[0m     [36;2m0.423799/s[0m
     [32m✓[0m { feature:hot }[2m..............:[0m [36m1309[0m    [36;2m2.141904/s[0m
     [32m✓[0m { feature:mypage }[2m...........:[0m [36m210[0m     [36;2m0.343621/s[0m
     [32m✓[0m { feature:notification }[2m.....:[0m [36m603[0m     [36;2m0.986683/s[0m
     [32m✓[0m { feature:post }[2m.............:[0m [36m6065[0m    [36;2m9.924099/s[0m
     [32m✓[0m { feature:reaction }[2m.........:[0m [36m227[0m     [36;2m0.371438/s[0m
     [32m✓[0m { feature:school }[2m...........:[0m [36m103[0m     [36;2m0.168538/s[0m
     [32m✓[0m { feature:scrap }[2m............:[0m [36m85[0m      [36;2m0.139085/s[0m
     [32m✓[0m { feature:timetable }[2m........:[0m [36m87[0m      [36;2m0.142357/s[0m
     [32m✓[0m { op:auth }[2m..................:[0m [36m303[0m     [36;2m0.495796/s[0m
     [32m✓[0m { op:read }[2m..................:[0m [36m12832[0m   [36;2m20.996873/s[0m
     [32m✓[0m { op:write }[2m.................:[0m [36m1061[0m    [36;2m1.736104/s[0m
     [32m✓[0m { page:0 }[2m...................:[0m [36m711[0m     [36;2m1.163402/s[0m
     [32m✓[0m { page:1 }[2m...................:[0m [36m267[0m     [36;2m0.436889/s[0m
     [32m✓[0m { page:2 }[2m...................:[0m [36m165[0m     [36;2m0.269988/s[0m
     [32m✓[0m { page:3 }[2m...................:[0m [36m107[0m     [36;2m0.175083/s[0m
     [32m✓[0m { page:4 }[2m...................:[0m [36m59[0m      [36;2m0.096541/s[0m
     [32m✓[0m { phase:measure }[2m............:[0m [36m7682[0m    [36;2m12.569979/s[0m
     [32m✓[0m { phase:rampdown }[2m...........:[0m [36m2343[0m    [36;2m3.833827/s[0m
     [32m✓[0m { phase:warmup }[2m.............:[0m [36m4171[0m    [36;2m6.824965/s[0m
     iteration_duration[2m.............:[0m avg=[36m28.2s[0m   min=[36m1.11s[0m      med=[36m21.11s[0m   max=[36m1m42s[0m    p(90)=[36m1m1s[0m     p(95)=[36m1m9s[0m    p(99)=[36m1m22s[0m   
     iterations[2m.....................:[0m [36m3244[0m    [36;2m5.308125/s[0m
     [32m✓[0m { phase:measure }[2m............:[0m [36m0[0m       [36;2m0/s[0m
     [32m✓[0m { phase:rampdown }[2m...........:[0m [36m0[0m       [36;2m0/s[0m
     [32m✓[0m { phase:warmup }[2m.............:[0m [36m0[0m       [36;2m0/s[0m
     phase_iterations[2m...............:[0m [36m3244[0m    [36;2m5.308125/s[0m
     [32m✓[0m { phase:measure }[2m............:[0m [36m1778[0m    [36;2m2.909324/s[0m
     [32m✓[0m { phase:rampdown }[2m...........:[0m [36m583[0m     [36;2m0.953957/s[0m
     [32m✓[0m { phase:warmup }[2m.............:[0m [36m883[0m     [36;2m1.444844/s[0m
     vus[2m............................:[0m [36m1[0m       [36;2mmin=0[0m       [36;2mmax=200[0m
     vus_max[2m........................:[0m [36m200[0m     [36;2mmin=200[0m     [36;2mmax=200[0m
     ws_connecting[2m..................:[0m avg=[36m3.4s[0m    min=[36m2.37ms[0m     med=[36m3.26s[0m    max=[36m11.72s[0m   p(90)=[36m6.78s[0m    p(95)=[36m7.83s[0m   p(99)=[36m9.57s[0m   
     ws_msgs_received[2m...............:[0m [36m924[0m     [36;2m1.511932/s[0m
     ws_msgs_sent[2m...................:[0m [36m1168[0m    [36;2m1.911187/s[0m
     ws_session_duration[2m............:[0m avg=[36m25.51s[0m  min=[36m15.69s[0m     med=[36m25.58s[0m   max=[36m36.46s[0m   p(90)=[36m31.57s[0m   p(95)=[36m33.05s[0m  p(99)=[36m33.87s[0m  
     ws_sessions[2m....................:[0m [36m152[0m     [36;2m0.248716/s[0m
running (10m11.1s), 000/200 VUs, 3244 complete and 29 interrupted iterations
normal_day ✓ [ 100% ] 000/200 VUs  10m0s
  호스트(Windows) 118표본 · CPU 45.7% (max 71.5) · 주파수 116.0% (min 81.6) · 대기스레드 11.86 · 가용메모리 3459MB
  부하 중 벤치(warmup +60초, 3회 중앙값) · single 6276ms (유휴 대비 25.4%) · parallel 5667ms (유휴 대비 -3.6%) · ctxswitch 2903ms (유휴 대비 36.2%)

  실행 후 상태 sha256:497f192b00c2 — chat_messages.count +864, chat_messages.maxId +864, posts.maxId +172, comments.count +150, comments.maxId +150 (외 13개)
    (지문 제외 항목: posts.sumViewCount +3768, daily_hot_post.count +50)
Prometheus 스크레이프 대기 20초...

══════════════════════════════════════════════════════════════════════════
  Performance Report — normal-day   Run #95   ❌ FAIL
══════════════════════════════════════════════════════════════════════════
  환경 perf  |  브랜치 personal/localdocs  |  커밋 3e96d946  |  빌드 local
  시작 2026-08-19 17:47:04 KST  |  수행 10m 11s  |  VU max 200
  데이터셋 medium  |  부하 ramping-vus 0→200@3m0s→200@5m0s→0@2m0s

  ── 성능 (measure 구간) ─────────────────────────────────────────
  평균 5.49s     P95 10.61s    P99 14.41s   
  RPS  25.6      TPS 5.93      오류율 0.00%

  ── 인프라 ────────────────────────────────────────────────────────
  CPU  2.00 core (한계의 100%)   throttled 100.0%
  Heap 746 MB (73%)   GC max 188ms × 120회
  DB   slow 1,096  QPS 7,235  풀 100%  대기 179
  Redis hit 98.4%  ops 153.1/s  evicted 0

  ── 회귀 (기준: normal-day-2026-08-19T08-44-20) ────────────────
  ⚠  기준선은 당시 k6 threshold 미통과 실행입니다, 당시 Node 판정 FAIL.
     아래 증감률은 개선/악화 폭이며 현재 SLO 통과를 뜻하지 않습니다.
  ❌ P95 응답시간                   9.42s → 10.61s (+12.6%)
       10605 > 상한 500
       직전 대비 +12.6% 악화 (경고 10%)
  ❌ P99 응답시간                   13.35s → 14.41s (+7.9%)
       14412 > 상한 1200
  ❌ CPU 포화도 (한계 대비 최대)         100.1% → 100.0% (-0.0%)
       100 > 상한 95.00
  ❌ CPU throttling 비율          99.7% → 100.0% (+0.3%)
       100 > 상한 10.00
  ⚠️  MySQL 동시 실행 스레드 최대         6 → 9 (+50.0%)
       직전 대비 +50.0% 악화 (경고 40%)
  ❌ HikariCP 포화도               100.0% → 100.0% (0.0%)
       100 > 상한 95.00
  ❌ HikariCP 대기 스레드 최대         176 → 179 (+1.7%)
       179 > 상한 5.00
  ❌ 커넥션 획득 p95                 5.65s → 6.11s (+8.2%)
       6108 > 상한 100

  ── 병목 가설 ─────────────────────────────────────────────────────
  • CPU throttling 발생
    cgroup이 CPU를 강제 회수한 주기가 100.0%다. CPU 한계(2 core)를 올리거나 요청당 CPU 사용을 줄여야 p99가 안정된다.
  • DB 커넥션 풀 대기 발생
    최대 179개 스레드가 커넥션을 기다렸다. 풀 크기(10)가 동시성 대비 부족하거나, 커넥션 보유 시간이 긴 쿼리가 있다.
  • DB 커넥션 풀 포화
    풀 사용률이 100%까지 올라갔다. 여유가 거의 없어 부하가 조금만 늘어도 대기가 생긴다.
  • CPU 포화
    CPU 사용이 한계의 100%에 도달했다.

  보고서 : reports\runs\normal-day-2026-08-19T08-57-15\report.html
  Grafana(전체 실행): http://localhost:3001/d/htd-perf-overview/highteenday-performance-overview?from=1787129104178&to=1787129955317
  Grafana(measure) : http://localhost:3001/d/htd-perf-overview/highteenday-performance-overview?from=1787129284178&to=1787129824178
══════════════════════════════════════════════════════════════════════════

  [6/10] p95 10605.3ms · 평균 5487.1ms · 서버측 5404.6ms · 경로 82.5ms

──────── [7/10] 리셋 (restart) ────────

▶ k6 run scenarios/normal-day.js
  브랜치 personal/localdocs · 커밋 3e96d9463207 · 실행자 user@DESKTOP-DJJPASG
  환경 perf · "E-46 우선순위 7 — 예열인가 드리프트인가(연속 10회, 부하 중 벤치 포함) — repeatability 7/10"
  데이터셋 medium · 상태 sha256:497f192b00c2 (169ms)
  캐시 cold (키 0개)
  guard strict — 상태 불일치 시 스냅샷 복원 후 재확인 [perf.config.json]
    guard=strict — 스냅샷으로 복원합니다.
▶ 복원 — medium-20260816-062210 → perf-mysql-data-medium
  앱·MySQL 정지
  MySQL 기동
  Redis FLUSHALL (복원 후 캐시는 cold 다)
  앱 기동
  복원 후 상태 지문 sha256:ffe696d17416 = 스냅샷 일치

✅ 복원 완료 · 소요 5.1초 (압축 해제 구간)

  부하 발생기: 컨테이너 perf-k6 (grafana/k6:2.1.0, CPU 상한 4)
  k6 지표 전송: http://prometheus:9090/api/v1/write (native histogram, 5s 간격)
  환경 대조 벤치 실행 중(3축 3회, 약 40초)... single 4999ms · parallel 5755ms · ctxswitch 2216ms
  부하 중 벤치 예약: k6 시작 +60초 (warmup 구간, 3회)

         /\      Grafana   /‾‾/  
    /\  /  \     |\  __   /  /   
   /  \/    \    | |/ /  /   ‾‾\ 
  /          \   |   (  |  (‾)  |
 / __________ \  |_|\_\  \_____/ 


     execution: local
        script: scenarios/normal-day.js
        output: Prometheus remote write (http://prometheus:9090/api/v1/write)

     scenarios: (100.00%) 1 scenario, 200 max VUs, 10m30s max duration (incl. graceful stop):
              * normal_day: Up to 200 looping VUs for 10m0s over 3 stages (gracefulRampDown: 30s, gracefulStop: 30s)


running (00m00.8s), 000/200 VUs, 0 complete and 0 interrupted iterations
normal_day   [   0% ] 000/200 VUs  00m00.8s/10m00.0s

running (00m01.8s), 002/200 VUs, 0 complete and 0 interrupted iterations
normal_day   [   0% ] 002/200 VUs  00m01.8s/10m00.0s

running (00m02.8s), 003/200 VUs, 0 complete and 0 interrupted iterations
normal_day   [   0% ] 003/200 VUs  00m02.8s/10m00.0s

running (00m03.8s), 004/200 VUs, 0 complete and 0 interrupted iterations
normal_day   [   1% ] 004/200 VUs  00m03.8s/10m00.0s

running (00m04.8s), 005/200 VUs, 0 complete and 0 interrupted iterations
normal_day   [   1% ] 005/200 VUs  00m04.8s/10m00.0s

running (00m05.8s), 006/200 VUs, 0 complete and 0 interrupted iterations
normal_day   [   1% ] 006/200 VUs  00m05.8s/10m00.0s

running (00m06.8s), 007/200 VUs, 0 complete and 0 interrupted iterations
normal_day   [   1% ] 007/200 VUs  00m06.8s/10m00.0s

running (00m07.8s), 008/200 VUs, 1 complete and 0 interrupted iterations
normal_day   [   1% ] 008/200 VUs  00m07.8s/10m00.0s

running (00m08.8s), 009/200 VUs, 2 complete and 0 interrupted iterations
normal_day   [   1% ] 009/200 VUs  00m08.8s/10m00.0s

running (00m09.8s), 010/200 VUs, 2 complete and 0 interrupted iterations
normal_day   [   2% ] 010/200 VUs  00m09.8s/10m00.0s

running (00m10.8s), 012/200 VUs, 5 complete and 0 interrupted iterations
normal_day   [   2% ] 012/200 VUs  00m10.8s/10m00.0s

running (00m11.8s), 013/200 VUs, 7 complete and 0 interrupted iterations
normal_day   [   2% ] 013/200 VUs  00m11.8s/10m00.0s

running (00m12.8s), 014/200 VUs, 7 complete and 0 interrupted iterations
normal_day   [   2% ] 014/200 VUs  00m12.8s/10m00.0s

running (00m13.8s), 015/200 VUs, 8 complete and 0 interrupted iterations
normal_day   [   2% ] 015/200 VUs  00m13.8s/10m00.0s

running (00m14.8s), 016/200 VUs, 8 complete and 0 interrupted iterations
normal_day   [   2% ] 016/200 VUs  00m14.8s/10m00.0s

running (00m15.8s), 017/200 VUs, 9 complete and 0 interrupted iterations
normal_day   [   3% ] 017/200 VUs  00m15.8s/10m00.0s

running (00m16.8s), 018/200 VUs, 10 complete and 0 interrupted iterations
normal_day   [   3% ] 018/200 VUs  00m16.8s/10m00.0s

running (00m17.8s), 019/200 VUs, 10 complete and 0 interrupted iterations
normal_day   [   3% ] 019/200 VUs  00m17.8s/10m00.0s

running (00m18.8s), 020/200 VUs, 10 complete and 0 interrupted iterations
normal_day   [   3% ] 020/200 VUs  00m18.8s/10m00.0s

running (00m19.8s), 022/200 VUs, 12 complete and 0 interrupted iterations
normal_day   [   3% ] 022/200 VUs  00m19.8s/10m00.0s

running (00m20.8s), 023/200 VUs, 12 complete and 0 interrupted iterations
normal_day   [   3% ] 023/200 VUs  00m20.8s/10m00.0s

running (00m21.8s), 024/200 VUs, 13 complete and 0 interrupted iterations
normal_day   [   4% ] 024/200 VUs  00m21.8s/10m00.0s

running (00m22.8s), 025/200 VUs, 16 complete and 0 interrupted iterations
normal_day   [   4% ] 025/200 VUs  00m22.8s/10m00.0s

running (00m23.8s), 026/200 VUs, 17 complete and 0 interrupted iterations
normal_day   [   4% ] 026/200 VUs  00m23.8s/10m00.0s

running (00m24.8s), 027/200 VUs, 18 complete and 0 interrupted iterations
normal_day   [   4% ] 027/200 VUs  00m24.8s/10m00.0s

running (00m25.8s), 028/200 VUs, 21 complete and 0 interrupted iterations
normal_day   [   4% ] 028/200 VUs  00m25.8s/10m00.0s

running (00m26.8s), 029/200 VUs, 23 complete and 0 interrupted iterations
normal_day   [   4% ] 029/200 VUs  00m26.8s/10m00.0s

running (00m27.8s), 030/200 VUs, 25 complete and 0 interrupted iterations
normal_day   [   5% ] 030/200 VUs  00m27.8s/10m00.0s

running (00m28.8s), 032/200 VUs, 25 complete and 0 interrupted iterations
normal_day   [   5% ] 032/200 VUs  00m28.8s/10m00.0s

running (00m29.8s), 033/200 VUs, 28 complete and 0 interrupted iterations
normal_day   [   5% ] 033/200 VUs  00m29.8s/10m00.0s

running (00m30.8s), 034/200 VUs, 29 complete and 0 interrupted iterations
normal_day   [   5% ] 034/200 VUs  00m30.8s/10m00.0s

running (00m31.8s), 035/200 VUs, 29 complete and 0 interrupted iterations
normal_day   [   5% ] 035/200 VUs  00m31.8s/10m00.0s

running (00m32.8s), 036/200 VUs, 30 complete and 0 interrupted iterations
normal_day   [   5% ] 036/200 VUs  00m32.8s/10m00.0s

running (00m33.8s), 037/200 VUs, 31 complete and 0 interrupted iterations
normal_day   [   6% ] 037/200 VUs  00m33.8s/10m00.0s

running (00m34.8s), 038/200 VUs, 35 complete and 0 interrupted iterations
normal_day   [   6% ] 038/200 VUs  00m34.8s/10m00.0s

running (00m35.8s), 039/200 VUs, 39 complete and 0 interrupted iterations
normal_day   [   6% ] 039/200 VUs  00m35.8s/10m00.0s

running (00m36.8s), 040/200 VUs, 42 complete and 0 interrupted iterations
normal_day   [   6% ] 040/200 VUs  00m36.8s/10m00.0s

running (00m37.8s), 042/200 VUs, 44 complete and 0 interrupted iterations
normal_day   [   6% ] 042/200 VUs  00m37.8s/10m00.0s

running (00m38.8s), 043/200 VUs, 45 complete and 0 interrupted iterations
normal_day   [   6% ] 043/200 VUs  00m38.8s/10m00.0s

running (00m39.8s), 044/200 VUs, 45 complete and 0 interrupted iterations
normal_day   [   7% ] 044/200 VUs  00m39.8s/10m00.0s

running (00m40.8s), 045/200 VUs, 48 complete and 0 interrupted iterations
normal_day   [   7% ] 045/200 VUs  00m40.8s/10m00.0s

running (00m41.8s), 046/200 VUs, 54 complete and 0 interrupted iterations
normal_day   [   7% ] 046/200 VUs  00m41.8s/10m00.0s

running (00m42.8s), 047/200 VUs, 56 complete and 0 interrupted iterations
normal_day   [   7% ] 047/200 VUs  00m42.8s/10m00.0s

running (00m43.8s), 048/200 VUs, 61 complete and 0 interrupted iterations
normal_day   [   7% ] 048/200 VUs  00m43.8s/10m00.0s

running (00m44.8s), 049/200 VUs, 63 complete and 0 interrupted iterations
normal_day   [   7% ] 049/200 VUs  00m44.8s/10m00.0s

running (00m45.8s), 050/200 VUs, 66 complete and 0 interrupted iterations
normal_day   [   8% ] 050/200 VUs  00m45.8s/10m00.0s

running (00m46.8s), 052/200 VUs, 66 complete and 0 interrupted iterations
normal_day   [   8% ] 052/200 VUs  00m46.8s/10m00.0s

running (00m47.8s), 053/200 VUs, 69 complete and 0 interrupted iterations
normal_day   [   8% ] 053/200 VUs  00m47.8s/10m00.0s

running (00m48.8s), 054/200 VUs, 74 complete and 0 interrupted iterations
normal_day   [   8% ] 054/200 VUs  00m48.8s/10m00.0s

running (00m49.8s), 055/200 VUs, 82 complete and 0 interrupted iterations
normal_day   [   8% ] 055/200 VUs  00m49.8s/10m00.0s

running (00m50.8s), 056/200 VUs, 87 complete and 0 interrupted iterations
normal_day   [   8% ] 056/200 VUs  00m50.8s/10m00.0s

running (00m51.8s), 057/200 VUs, 90 complete and 0 interrupted iterations
normal_day   [   9% ] 057/200 VUs  00m51.8s/10m00.0s

running (00m52.8s), 058/200 VUs, 97 complete and 0 interrupted iterations
normal_day   [   9% ] 058/200 VUs  00m52.8s/10m00.0s

running (00m53.8s), 059/200 VUs, 101 complete and 0 interrupted iterations
normal_day   [   9% ] 059/200 VUs  00m53.8s/10m00.0s

running (00m54.8s), 060/200 VUs, 106 complete and 0 interrupted iterations
normal_day   [   9% ] 060/200 VUs  00m54.8s/10m00.0s

running (00m55.8s), 062/200 VUs, 111 complete and 0 interrupted iterations
normal_day   [   9% ] 062/200 VUs  00m55.8s/10m00.0s

running (00m56.8s), 063/200 VUs, 119 complete and 0 interrupted iterations
normal_day   [   9% ] 063/200 VUs  00m56.8s/10m00.0s

running (00m57.8s), 064/200 VUs, 122 complete and 0 interrupted iterations
normal_day   [  10% ] 064/200 VUs  00m57.8s/10m00.0s

running (00m58.8s), 065/200 VUs, 126 complete and 0 interrupted iterations
normal_day   [  10% ] 065/200 VUs  00m58.8s/10m00.0s

running (00m59.8s), 066/200 VUs, 134 complete and 0 interrupted iterations
normal_day   [  10% ] 066/200 VUs  00m59.8s/10m00.0s

running (01m00.8s), 067/200 VUs, 144 complete and 0 interrupted iterations
normal_day   [  10% ] 067/200 VUs  01m00.8s/10m00.0s

running (01m01.8s), 068/200 VUs, 148 complete and 0 interrupted iterations
normal_day   [  10% ] 068/200 VUs  01m01.8s/10m00.0s

running (01m02.8s), 069/200 VUs, 157 complete and 0 interrupted iterations
normal_day   [  10% ] 069/200 VUs  01m02.8s/10m00.0s

running (01m03.8s), 070/200 VUs, 162 complete and 0 interrupted iterations
normal_day   [  11% ] 070/200 VUs  01m03.8s/10m00.0s

running (01m04.8s), 072/200 VUs, 165 complete and 0 interrupted iterations
normal_day   [  11% ] 072/200 VUs  01m04.8s/10m00.0s

running (01m05.8s), 073/200 VUs, 170 complete and 0 interrupted iterations
normal_day   [  11% ] 073/200 VUs  01m05.8s/10m00.0s

running (01m06.8s), 074/200 VUs, 179 complete and 0 interrupted iterations
normal_day   [  11% ] 074/200 VUs  01m06.8s/10m00.0s

running (01m07.8s), 075/200 VUs, 183 complete and 0 interrupted iterations
normal_day   [  11% ] 075/200 VUs  01m07.8s/10m00.0s

running (01m08.8s), 076/200 VUs, 187 complete and 0 interrupted iterations
normal_day   [  11% ] 076/200 VUs  01m08.8s/10m00.0s

running (01m09.8s), 077/200 VUs, 193 complete and 0 interrupted iterations
normal_day   [  12% ] 077/200 VUs  01m09.8s/10m00.0s

running (01m10.8s), 078/200 VUs, 196 complete and 0 interrupted iterations
normal_day   [  12% ] 078/200 VUs  01m10.8s/10m00.0s

running (01m11.8s), 079/200 VUs, 203 complete and 0 interrupted iterations
normal_day   [  12% ] 079/200 VUs  01m11.8s/10m00.0s

running (01m12.8s), 080/200 VUs, 211 complete and 0 interrupted iterations
normal_day   [  12% ] 080/200 VUs  01m12.8s/10m00.0s

running (01m13.8s), 082/200 VUs, 218 complete and 0 interrupted iterations
normal_day   [  12% ] 082/200 VUs  01m13.8s/10m00.0s

running (01m14.8s), 083/200 VUs, 220 complete and 0 interrupted iterations
normal_day   [  12% ] 083/200 VUs  01m14.8s/10m00.0s

running (01m15.8s), 084/200 VUs, 228 complete and 0 interrupted iterations
normal_day   [  13% ] 084/200 VUs  01m15.8s/10m00.0s

running (01m16.8s), 085/200 VUs, 233 complete and 0 interrupted iterations
normal_day   [  13% ] 085/200 VUs  01m16.8s/10m00.0s

running (01m18.0s), 086/200 VUs, 236 complete and 0 interrupted iterations
normal_day   [  13% ] 086/200 VUs  01m18.0s/10m00.0s

running (01m18.8s), 087/200 VUs, 245 complete and 0 interrupted iterations
normal_day   [  13% ] 087/200 VUs  01m18.8s/10m00.0s

running (01m19.8s), 088/200 VUs, 248 complete and 0 interrupted iterations
normal_day   [  13% ] 088/200 VUs  01m19.8s/10m00.0s

running (01m20.8s), 089/200 VUs, 253 complete and 0 interrupted iterations
normal_day   [  13% ] 089/200 VUs  01m20.8s/10m00.0s

running (01m21.8s), 090/200 VUs, 254 complete and 0 interrupted iterations
normal_day   [  14% ] 090/200 VUs  01m21.8s/10m00.0s

running (01m22.8s), 092/200 VUs, 257 complete and 0 interrupted iterations
normal_day   [  14% ] 092/200 VUs  01m22.8s/10m00.0s

running (01m23.8s), 093/200 VUs, 261 complete and 0 interrupted iterations
normal_day   [  14% ] 093/200 VUs  01m23.8s/10m00.0s

running (01m24.8s), 094/200 VUs, 267 complete and 0 interrupted iterations
normal_day   [  14% ] 094/200 VUs  01m24.8s/10m00.0s

running (01m25.8s), 095/200 VUs, 270 complete and 0 interrupted iterations
normal_day   [  14% ] 095/200 VUs  01m25.8s/10m00.0s

running (01m26.8s), 096/200 VUs, 272 complete and 0 interrupted iterations
normal_day   [  14% ] 096/200 VUs  01m26.8s/10m00.0s

running (01m27.8s), 097/200 VUs, 275 complete and 0 interrupted iterations
normal_day   [  15% ] 097/200 VUs  01m27.8s/10m00.0s

running (01m28.8s), 098/200 VUs, 276 complete and 0 interrupted iterations
normal_day   [  15% ] 098/200 VUs  01m28.8s/10m00.0s

running (01m29.8s), 099/200 VUs, 282 complete and 0 interrupted iterations
normal_day   [  15% ] 099/200 VUs  01m29.8s/10m00.0s

running (01m30.8s), 100/200 VUs, 290 complete and 0 interrupted iterations
normal_day   [  15% ] 100/200 VUs  01m30.8s/10m00.0s

running (01m31.8s), 102/200 VUs, 296 complete and 0 interrupted iterations
normal_day   [  15% ] 102/200 VUs  01m31.8s/10m00.0s

running (01m32.8s), 103/200 VUs, 296 complete and 0 interrupted iterations
normal_day   [  15% ] 103/200 VUs  01m32.8s/10m00.0s

running (01m33.8s), 104/200 VUs, 296 complete and 0 interrupted iterations
normal_day   [  16% ] 104/200 VUs  01m33.8s/10m00.0s

running (01m34.8s), 105/200 VUs, 299 complete and 0 interrupted iterations
normal_day   [  16% ] 105/200 VUs  01m34.8s/10m00.0s

running (01m35.8s), 106/200 VUs, 301 complete and 0 interrupted iterations
normal_day   [  16% ] 106/200 VUs  01m35.8s/10m00.0s

running (01m36.8s), 107/200 VUs, 305 complete and 0 interrupted iterations
normal_day   [  16% ] 107/200 VUs  01m36.8s/10m00.0s

running (01m37.8s), 108/200 VUs, 308 complete and 0 interrupted iterations
normal_day   [  16% ] 108/200 VUs  01m37.8s/10m00.0s

running (01m38.8s), 109/200 VUs, 311 complete and 0 interrupted iterations
normal_day   [  16% ] 109/200 VUs  01m38.8s/10m00.0s

running (01m39.8s), 110/200 VUs, 320 complete and 0 interrupted iterations
normal_day   [  17% ] 110/200 VUs  01m39.8s/10m00.0s

running (01m40.8s), 112/200 VUs, 332 complete and 0 interrupted iterations
normal_day   [  17% ] 112/200 VUs  01m40.8s/10m00.0s

running (01m41.8s), 113/200 VUs, 341 complete and 0 interrupted iterations
normal_day   [  17% ] 113/200 VUs  01m41.8s/10m00.0s

running (01m42.8s), 114/200 VUs, 351 complete and 0 interrupted iterations
normal_day   [  17% ] 114/200 VUs  01m42.8s/10m00.0s

running (01m43.8s), 115/200 VUs, 359 complete and 0 interrupted iterations
normal_day   [  17% ] 115/200 VUs  01m43.8s/10m00.0s

running (01m44.8s), 116/200 VUs, 364 complete and 0 interrupted iterations
normal_day   [  17% ] 116/200 VUs  01m44.8s/10m00.0s

running (01m45.8s), 117/200 VUs, 365 complete and 0 interrupted iterations
normal_day   [  18% ] 117/200 VUs  01m45.8s/10m00.0s

running (01m46.8s), 118/200 VUs, 366 complete and 0 interrupted iterations
normal_day   [  18% ] 118/200 VUs  01m46.8s/10m00.0s

running (01m47.8s), 119/200 VUs, 369 complete and 0 interrupted iterations
normal_day   [  18% ] 119/200 VUs  01m47.8s/10m00.0s

running (01m48.8s), 120/200 VUs, 372 complete and 0 interrupted iterations
normal_day   [  18% ] 120/200 VUs  01m48.8s/10m00.0s

running (01m49.8s), 122/200 VUs, 376 complete and 0 interrupted iterations
normal_day   [  18% ] 122/200 VUs  01m49.8s/10m00.0s

running (01m50.8s), 123/200 VUs, 388 complete and 0 interrupted iterations
normal_day   [  18% ] 123/200 VUs  01m50.8s/10m00.0s

running (01m51.8s), 124/200 VUs, 392 complete and 0 interrupted iterations
normal_day   [  19% ] 124/200 VUs  01m51.8s/10m00.0s

running (01m52.8s), 125/200 VUs, 402 complete and 0 interrupted iterations
normal_day   [  19% ] 125/200 VUs  01m52.8s/10m00.0s

running (01m53.8s), 126/200 VUs, 411 complete and 0 interrupted iterations
normal_day   [  19% ] 126/200 VUs  01m53.8s/10m00.0s

running (01m54.8s), 127/200 VUs, 416 complete and 0 interrupted iterations
normal_day   [  19% ] 127/200 VUs  01m54.8s/10m00.0s

running (01m55.8s), 128/200 VUs, 421 complete and 0 interrupted iterations
normal_day   [  19% ] 128/200 VUs  01m55.8s/10m00.0s

running (01m56.8s), 129/200 VUs, 433 complete and 0 interrupted iterations
normal_day   [  19% ] 129/200 VUs  01m56.8s/10m00.0s

running (01m57.8s), 130/200 VUs, 442 complete and 0 interrupted iterations
normal_day   [  20% ] 130/200 VUs  01m57.8s/10m00.0s

running (01m58.8s), 132/200 VUs, 453 complete and 0 interrupted iterations
normal_day   [  20% ] 132/200 VUs  01m58.8s/10m00.0s

running (01m59.8s), 133/200 VUs, 459 complete and 0 interrupted iterations
normal_day   [  20% ] 133/200 VUs  01m59.8s/10m00.0s

running (02m00.8s), 134/200 VUs, 461 complete and 0 interrupted iterations
normal_day   [  20% ] 134/200 VUs  02m00.8s/10m00.0s

running (02m01.8s), 135/200 VUs, 465 complete and 0 interrupted iterations
normal_day   [  20% ] 135/200 VUs  02m01.8s/10m00.0s

running (02m02.8s), 136/200 VUs, 468 complete and 0 interrupted iterations
normal_day   [  20% ] 136/200 VUs  02m02.8s/10m00.0s

running (02m03.8s), 137/200 VUs, 473 complete and 0 interrupted iterations
normal_day   [  21% ] 137/200 VUs  02m03.8s/10m00.0s

running (02m04.8s), 138/200 VUs, 475 complete and 0 interrupted iterations
normal_day   [  21% ] 138/200 VUs  02m04.8s/10m00.0s

running (02m05.8s), 139/200 VUs, 481 complete and 0 interrupted iterations
normal_day   [  21% ] 139/200 VUs  02m05.8s/10m00.0s

running (02m06.8s), 140/200 VUs, 490 complete and 0 interrupted iterations
normal_day   [  21% ] 140/200 VUs  02m06.8s/10m00.0s

running (02m07.8s), 142/200 VUs, 503 complete and 0 interrupted iterations
normal_day   [  21% ] 142/200 VUs  02m07.8s/10m00.0s

running (02m08.8s), 143/200 VUs, 504 complete and 0 interrupted iterations
normal_day   [  21% ] 143/200 VUs  02m08.8s/10m00.0s

running (02m09.8s), 144/200 VUs, 505 complete and 0 interrupted iterations
normal_day   [  22% ] 144/200 VUs  02m09.8s/10m00.0s

running (02m10.8s), 145/200 VUs, 506 complete and 0 interrupted iterations
normal_day   [  22% ] 145/200 VUs  02m10.8s/10m00.0s

running (02m11.8s), 146/200 VUs, 514 complete and 0 interrupted iterations
normal_day   [  22% ] 146/200 VUs  02m11.8s/10m00.0s

running (02m12.8s), 147/200 VUs, 525 complete and 0 interrupted iterations
normal_day   [  22% ] 147/200 VUs  02m12.8s/10m00.0s

running (02m13.8s), 148/200 VUs, 533 complete and 0 interrupted iterations
normal_day   [  22% ] 148/200 VUs  02m13.8s/10m00.0s

running (02m14.8s), 149/200 VUs, 538 complete and 0 interrupted iterations
normal_day   [  22% ] 149/200 VUs  02m14.8s/10m00.0s

running (02m15.8s), 150/200 VUs, 547 complete and 0 interrupted iterations
normal_day   [  23% ] 150/200 VUs  02m15.8s/10m00.0s

running (02m16.8s), 152/200 VUs, 557 complete and 0 interrupted iterations
normal_day   [  23% ] 152/200 VUs  02m16.8s/10m00.0s

running (02m17.8s), 153/200 VUs, 564 complete and 0 interrupted iterations
normal_day   [  23% ] 153/200 VUs  02m17.8s/10m00.0s

running (02m18.8s), 154/200 VUs, 567 complete and 0 interrupted iterations
normal_day   [  23% ] 154/200 VUs  02m18.8s/10m00.0s

running (02m19.8s), 155/200 VUs, 567 complete and 0 interrupted iterations
normal_day   [  23% ] 155/200 VUs  02m19.8s/10m00.0s

running (02m20.8s), 156/200 VUs, 569 complete and 0 interrupted iterations
normal_day   [  23% ] 156/200 VUs  02m20.8s/10m00.0s

running (02m21.8s), 157/200 VUs, 574 complete and 0 interrupted iterations
normal_day   [  24% ] 157/200 VUs  02m21.8s/10m00.0s

running (02m22.8s), 158/200 VUs, 580 complete and 0 interrupted iterations
normal_day   [  24% ] 158/200 VUs  02m22.8s/10m00.0s

running (02m23.8s), 159/200 VUs, 587 complete and 0 interrupted iterations
normal_day   [  24% ] 159/200 VUs  02m23.8s/10m00.0s

running (02m24.8s), 160/200 VUs, 593 complete and 0 interrupted iterations
normal_day   [  24% ] 160/200 VUs  02m24.8s/10m00.0s

running (02m25.8s), 162/200 VUs, 601 complete and 0 interrupted iterations
normal_day   [  24% ] 162/200 VUs  02m25.8s/10m00.0s

running (02m26.8s), 163/200 VUs, 611 complete and 0 interrupted iterations
normal_day   [  24% ] 163/200 VUs  02m26.8s/10m00.0s

running (02m27.8s), 164/200 VUs, 614 complete and 0 interrupted iterations
normal_day   [  25% ] 164/200 VUs  02m27.8s/10m00.0s

running (02m28.8s), 165/200 VUs, 618 complete and 0 interrupted iterations
normal_day   [  25% ] 165/200 VUs  02m28.8s/10m00.0s

running (02m29.8s), 166/200 VUs, 621 complete and 0 interrupted iterations
normal_day   [  25% ] 166/200 VUs  02m29.8s/10m00.0s

running (02m30.8s), 167/200 VUs, 623 complete and 0 interrupted iterations
normal_day   [  25% ] 167/200 VUs  02m30.8s/10m00.0s

running (02m31.8s), 168/200 VUs, 632 complete and 0 interrupted iterations
normal_day   [  25% ] 168/200 VUs  02m31.8s/10m00.0s

running (02m32.8s), 169/200 VUs, 636 complete and 0 interrupted iterations
normal_day   [  25% ] 169/200 VUs  02m32.8s/10m00.0s

running (02m33.8s), 170/200 VUs, 642 complete and 0 interrupted iterations
normal_day   [  26% ] 170/200 VUs  02m33.8s/10m00.0s

running (02m34.8s), 172/200 VUs, 645 complete and 0 interrupted iterations
normal_day   [  26% ] 172/200 VUs  02m34.8s/10m00.0s

running (02m35.8s), 173/200 VUs, 648 complete and 0 interrupted iterations
normal_day   [  26% ] 173/200 VUs  02m35.8s/10m00.0s

running (02m36.8s), 174/200 VUs, 652 complete and 0 interrupted iterations
normal_day   [  26% ] 174/200 VUs  02m36.8s/10m00.0s

running (02m37.8s), 175/200 VUs, 653 complete and 0 interrupted iterations
normal_day   [  26% ] 175/200 VUs  02m37.8s/10m00.0s

running (02m38.8s), 176/200 VUs, 659 complete and 0 interrupted iterations
normal_day   [  26% ] 176/200 VUs  02m38.8s/10m00.0s

running (02m39.8s), 177/200 VUs, 666 complete and 0 interrupted iterations
normal_day   [  27% ] 177/200 VUs  02m39.8s/10m00.0s

running (02m40.8s), 178/200 VUs, 670 complete and 0 interrupted iterations
normal_day   [  27% ] 178/200 VUs  02m40.8s/10m00.0s

running (02m41.8s), 179/200 VUs, 674 complete and 0 interrupted iterations
normal_day   [  27% ] 179/200 VUs  02m41.8s/10m00.0s

running (02m42.8s), 180/200 VUs, 677 complete and 0 interrupted iterations
normal_day   [  27% ] 180/200 VUs  02m42.8s/10m00.0s

running (02m43.8s), 182/200 VUs, 680 complete and 0 interrupted iterations
normal_day   [  27% ] 182/200 VUs  02m43.8s/10m00.0s

running (02m44.8s), 183/200 VUs, 685 complete and 0 interrupted iterations
normal_day   [  27% ] 183/200 VUs  02m44.8s/10m00.0s

running (02m45.8s), 184/200 VUs, 687 complete and 0 interrupted iterations
normal_day   [  28% ] 184/200 VUs  02m45.8s/10m00.0s

running (02m46.8s), 185/200 VUs, 688 complete and 0 interrupted iterations
normal_day   [  28% ] 185/200 VUs  02m46.8s/10m00.0s

running (02m47.8s), 186/200 VUs, 693 complete and 0 interrupted iterations
normal_day   [  28% ] 186/200 VUs  02m47.8s/10m00.0s

running (02m48.8s), 187/200 VUs, 696 complete and 0 interrupted iterations
normal_day   [  28% ] 187/200 VUs  02m48.8s/10m00.0s

running (02m49.8s), 188/200 VUs, 700 complete and 0 interrupted iterations
normal_day   [  28% ] 188/200 VUs  02m49.8s/10m00.0s

running (02m50.8s), 189/200 VUs, 704 complete and 0 interrupted iterations
normal_day   [  28% ] 189/200 VUs  02m50.8s/10m00.0s

running (02m51.8s), 190/200 VUs, 710 complete and 0 interrupted iterations
normal_day   [  29% ] 190/200 VUs  02m51.8s/10m00.0s

running (02m52.8s), 192/200 VUs, 717 complete and 0 interrupted iterations
normal_day   [  29% ] 192/200 VUs  02m52.8s/10m00.0s

running (02m53.8s), 193/200 VUs, 730 complete and 0 interrupted iterations
normal_day   [  29% ] 193/200 VUs  02m53.8s/10m00.0s

running (02m54.8s), 194/200 VUs, 736 complete and 0 interrupted iterations
normal_day   [  29% ] 194/200 VUs  02m54.8s/10m00.0s

running (02m55.8s), 195/200 VUs, 745 complete and 0 interrupted iterations
normal_day   [  29% ] 195/200 VUs  02m55.8s/10m00.0s

running (02m56.8s), 196/200 VUs, 759 complete and 0 interrupted iterations
normal_day   [  29% ] 196/200 VUs  02m56.8s/10m00.0s

running (02m57.8s), 197/200 VUs, 762 complete and 0 interrupted iterations
normal_day   [  30% ] 197/200 VUs  02m57.8s/10m00.0s

running (02m58.8s), 198/200 VUs, 775 complete and 0 interrupted iterations
normal_day   [  30% ] 198/200 VUs  02m58.8s/10m00.0s

running (02m59.8s), 199/200 VUs, 782 complete and 0 interrupted iterations
normal_day   [  30% ] 199/200 VUs  02m59.8s/10m00.0s

running (03m00.8s), 200/200 VUs, 791 complete and 0 interrupted iterations
normal_day   [  30% ] 200/200 VUs  03m00.8s/10m00.0s

running (03m01.8s), 200/200 VUs, 798 complete and 0 interrupted iterations
normal_day   [  30% ] 200/200 VUs  03m01.8s/10m00.0s

running (03m02.8s), 200/200 VUs, 803 complete and 0 interrupted iterations
normal_day   [  30% ] 200/200 VUs  03m02.8s/10m00.0s

running (03m03.8s), 200/200 VUs, 804 complete and 0 interrupted iterations
normal_day   [  31% ] 200/200 VUs  03m03.8s/10m00.0s

running (03m04.8s), 200/200 VUs, 806 complete and 0 interrupted iterations
normal_day   [  31% ] 200/200 VUs  03m04.8s/10m00.0s

running (03m05.8s), 200/200 VUs, 812 complete and 0 interrupted iterations
normal_day   [  31% ] 200/200 VUs  03m05.8s/10m00.0s

running (03m06.8s), 200/200 VUs, 815 complete and 0 interrupted iterations
normal_day   [  31% ] 200/200 VUs  03m06.8s/10m00.0s

running (03m07.8s), 200/200 VUs, 823 complete and 0 interrupted iterations
normal_day   [  31% ] 200/200 VUs  03m07.8s/10m00.0s

running (03m08.8s), 200/200 VUs, 826 complete and 0 interrupted iterations
normal_day   [  31% ] 200/200 VUs  03m08.8s/10m00.0s

running (03m09.8s), 200/200 VUs, 830 complete and 0 interrupted iterations
normal_day   [  32% ] 200/200 VUs  03m09.8s/10m00.0s

running (03m10.8s), 200/200 VUs, 839 complete and 0 interrupted iterations
normal_day   [  32% ] 200/200 VUs  03m10.8s/10m00.0s

running (03m11.8s), 200/200 VUs, 845 complete and 0 interrupted iterations
normal_day   [  32% ] 200/200 VUs  03m11.8s/10m00.0s

running (03m12.8s), 200/200 VUs, 851 complete and 0 interrupted iterations
normal_day   [  32% ] 200/200 VUs  03m12.8s/10m00.0s

running (03m13.8s), 200/200 VUs, 853 complete and 0 interrupted iterations
normal_day   [  32% ] 200/200 VUs  03m13.8s/10m00.0s

running (03m14.8s), 200/200 VUs, 861 complete and 0 interrupted iterations
normal_day   [  32% ] 200/200 VUs  03m14.8s/10m00.0s

running (03m15.8s), 200/200 VUs, 868 complete and 0 interrupted iterations
normal_day   [  33% ] 200/200 VUs  03m15.8s/10m00.0s

running (03m16.8s), 200/200 VUs, 876 complete and 0 interrupted iterations
normal_day   [  33% ] 200/200 VUs  03m16.8s/10m00.0s

running (03m17.8s), 200/200 VUs, 882 complete and 0 interrupted iterations
normal_day   [  33% ] 200/200 VUs  03m17.8s/10m00.0s

running (03m18.8s), 200/200 VUs, 892 complete and 0 interrupted iterations
normal_day   [  33% ] 200/200 VUs  03m18.8s/10m00.0s

running (03m19.8s), 200/200 VUs, 902 complete and 0 interrupted iterations
normal_day   [  33% ] 200/200 VUs  03m19.8s/10m00.0s

running (03m20.8s), 200/200 VUs, 911 complete and 0 interrupted iterations
normal_day   [  33% ] 200/200 VUs  03m20.8s/10m00.0s

running (03m21.8s), 200/200 VUs, 926 complete and 0 interrupted iterations
normal_day   [  34% ] 200/200 VUs  03m21.8s/10m00.0s

running (03m22.8s), 200/200 VUs, 934 complete and 0 interrupted iterations
normal_day   [  34% ] 200/200 VUs  03m22.8s/10m00.0s

running (03m23.8s), 200/200 VUs, 943 complete and 0 interrupted iterations
normal_day   [  34% ] 200/200 VUs  03m23.8s/10m00.0s

running (03m24.8s), 200/200 VUs, 948 complete and 0 interrupted iterations
normal_day   [  34% ] 200/200 VUs  03m24.8s/10m00.0s

running (03m25.8s), 200/200 VUs, 957 complete and 0 interrupted iterations
normal_day   [  34% ] 200/200 VUs  03m25.8s/10m00.0s

running (03m26.8s), 200/200 VUs, 962 complete and 0 interrupted iterations
normal_day   [  34% ] 200/200 VUs  03m26.8s/10m00.0s

running (03m27.8s), 200/200 VUs, 966 complete and 0 interrupted iterations
normal_day   [  35% ] 200/200 VUs  03m27.8s/10m00.0s

running (03m28.8s), 200/200 VUs, 974 complete and 0 interrupted iterations
normal_day   [  35% ] 200/200 VUs  03m28.8s/10m00.0s

running (03m29.8s), 200/200 VUs, 984 complete and 0 interrupted iterations
normal_day   [  35% ] 200/200 VUs  03m29.8s/10m00.0s

running (03m30.8s), 200/200 VUs, 994 complete and 0 interrupted iterations
normal_day   [  35% ] 200/200 VUs  03m30.8s/10m00.0s

running (03m31.8s), 200/200 VUs, 1001 complete and 0 interrupted iterations
normal_day   [  35% ] 200/200 VUs  03m31.8s/10m00.0s

running (03m32.8s), 200/200 VUs, 1007 complete and 0 interrupted iterations
normal_day   [  35% ] 200/200 VUs  03m32.8s/10m00.0s

running (03m33.8s), 200/200 VUs, 1008 complete and 0 interrupted iterations
normal_day   [  36% ] 200/200 VUs  03m33.8s/10m00.0s

running (03m34.8s), 200/200 VUs, 1010 complete and 0 interrupted iterations
normal_day   [  36% ] 200/200 VUs  03m34.8s/10m00.0s

running (03m35.8s), 200/200 VUs, 1022 complete and 0 interrupted iterations
normal_day   [  36% ] 200/200 VUs  03m35.8s/10m00.0s

running (03m36.8s), 200/200 VUs, 1030 complete and 0 interrupted iterations
normal_day   [  36% ] 200/200 VUs  03m36.8s/10m00.0s

running (03m37.8s), 200/200 VUs, 1040 complete and 0 interrupted iterations
normal_day   [  36% ] 200/200 VUs  03m37.8s/10m00.0s

running (03m38.8s), 200/200 VUs, 1049 complete and 0 interrupted iterations
normal_day   [  36% ] 200/200 VUs  03m38.8s/10m00.0s

running (03m39.8s), 200/200 VUs, 1056 complete and 0 interrupted iterations
normal_day   [  37% ] 200/200 VUs  03m39.8s/10m00.0s

running (03m40.8s), 200/200 VUs, 1057 complete and 0 interrupted iterations
normal_day   [  37% ] 200/200 VUs  03m40.8s/10m00.0s

running (03m41.8s), 200/200 VUs, 1061 complete and 0 interrupted iterations
normal_day   [  37% ] 200/200 VUs  03m41.8s/10m00.0s

running (03m42.8s), 200/200 VUs, 1069 complete and 0 interrupted iterations
normal_day   [  37% ] 200/200 VUs  03m42.8s/10m00.0s

running (03m43.8s), 200/200 VUs, 1076 complete and 0 interrupted iterations
normal_day   [  37% ] 200/200 VUs  03m43.8s/10m00.0s

running (03m44.8s), 200/200 VUs, 1094 complete and 0 interrupted iterations
normal_day   [  37% ] 200/200 VUs  03m44.8s/10m00.0s

running (03m45.8s), 200/200 VUs, 1105 complete and 0 interrupted iterations
normal_day   [  38% ] 200/200 VUs  03m45.8s/10m00.0s

running (03m46.8s), 200/200 VUs, 1113 complete and 0 interrupted iterations
normal_day   [  38% ] 200/200 VUs  03m46.8s/10m00.0s

running (03m47.8s), 200/200 VUs, 1116 complete and 0 interrupted iterations
normal_day   [  38% ] 200/200 VUs  03m47.8s/10m00.0s

running (03m48.8s), 200/200 VUs, 1120 complete and 0 interrupted iterations
normal_day   [  38% ] 200/200 VUs  03m48.8s/10m00.0s

running (03m49.8s), 200/200 VUs, 1121 complete and 0 interrupted iterations
normal_day   [  38% ] 200/200 VUs  03m49.8s/10m00.0s

running (03m50.8s), 200/200 VUs, 1123 complete and 0 interrupted iterations
normal_day   [  38% ] 200/200 VUs  03m50.8s/10m00.0s

running (03m51.8s), 200/200 VUs, 1124 complete and 0 interrupted iterations
normal_day   [  39% ] 200/200 VUs  03m51.8s/10m00.0s

running (03m52.8s), 200/200 VUs, 1126 complete and 0 interrupted iterations
normal_day   [  39% ] 200/200 VUs  03m52.8s/10m00.0s

running (03m53.8s), 200/200 VUs, 1131 complete and 0 interrupted iterations
normal_day   [  39% ] 200/200 VUs  03m53.8s/10m00.0s

running (03m54.8s), 200/200 VUs, 1138 complete and 0 interrupted iterations
normal_day   [  39% ] 200/200 VUs  03m54.8s/10m00.0s

running (03m55.8s), 200/200 VUs, 1141 complete and 0 interrupted iterations
normal_day   [  39% ] 200/200 VUs  03m55.8s/10m00.0s

running (03m56.8s), 200/200 VUs, 1143 complete and 0 interrupted iterations
normal_day   [  39% ] 200/200 VUs  03m56.8s/10m00.0s

running (03m57.8s), 200/200 VUs, 1150 complete and 0 interrupted iterations
normal_day   [  40% ] 200/200 VUs  03m57.8s/10m00.0s

running (03m58.8s), 200/200 VUs, 1154 complete and 0 interrupted iterations
normal_day   [  40% ] 200/200 VUs  03m58.8s/10m00.0s

running (03m59.8s), 200/200 VUs, 1160 complete and 0 interrupted iterations
normal_day   [  40% ] 200/200 VUs  03m59.8s/10m00.0s

running (04m00.8s), 200/200 VUs, 1162 complete and 0 interrupted iterations
normal_day   [  40% ] 200/200 VUs  04m00.8s/10m00.0s

running (04m01.8s), 200/200 VUs, 1168 complete and 0 interrupted iterations
normal_day   [  40% ] 200/200 VUs  04m01.8s/10m00.0s

running (04m02.8s), 200/200 VUs, 1171 complete and 0 interrupted iterations
normal_day   [  40% ] 200/200 VUs  04m02.8s/10m00.0s

running (04m03.8s), 200/200 VUs, 1175 complete and 0 interrupted iterations
normal_day   [  41% ] 200/200 VUs  04m03.8s/10m00.0s

running (04m04.8s), 200/200 VUs, 1177 complete and 0 interrupted iterations
normal_day   [  41% ] 200/200 VUs  04m04.8s/10m00.0s

running (04m05.8s), 200/200 VUs, 1177 complete and 0 interrupted iterations
normal_day   [  41% ] 200/200 VUs  04m05.8s/10m00.0s

running (04m06.8s), 200/200 VUs, 1181 complete and 0 interrupted iterations
normal_day   [  41% ] 200/200 VUs  04m06.8s/10m00.0s

running (04m07.8s), 200/200 VUs, 1183 complete and 0 interrupted iterations
normal_day   [  41% ] 200/200 VUs  04m07.8s/10m00.0s

running (04m08.8s), 200/200 VUs, 1185 complete and 0 interrupted iterations
normal_day   [  41% ] 200/200 VUs  04m08.8s/10m00.0s

running (04m09.8s), 200/200 VUs, 1194 complete and 0 interrupted iterations
normal_day   [  42% ] 200/200 VUs  04m09.8s/10m00.0s

running (04m10.8s), 200/200 VUs, 1202 complete and 0 interrupted iterations
normal_day   [  42% ] 200/200 VUs  04m10.8s/10m00.0s

running (04m11.8s), 200/200 VUs, 1214 complete and 0 interrupted iterations
normal_day   [  42% ] 200/200 VUs  04m11.8s/10m00.0s

running (04m12.8s), 200/200 VUs, 1220 complete and 0 interrupted iterations
normal_day   [  42% ] 200/200 VUs  04m12.8s/10m00.0s

running (04m13.8s), 200/200 VUs, 1225 complete and 0 interrupted iterations
normal_day   [  42% ] 200/200 VUs  04m13.8s/10m00.0s

running (04m14.8s), 200/200 VUs, 1231 complete and 0 interrupted iterations
normal_day   [  42% ] 200/200 VUs  04m14.8s/10m00.0s

running (04m15.8s), 200/200 VUs, 1236 complete and 0 interrupted iterations
normal_day   [  43% ] 200/200 VUs  04m15.8s/10m00.0s

running (04m16.8s), 200/200 VUs, 1249 complete and 0 interrupted iterations
normal_day   [  43% ] 200/200 VUs  04m16.8s/10m00.0s

running (04m17.8s), 200/200 VUs, 1254 complete and 0 interrupted iterations
normal_day   [  43% ] 200/200 VUs  04m17.8s/10m00.0s

running (04m18.8s), 200/200 VUs, 1270 complete and 0 interrupted iterations
normal_day   [  43% ] 200/200 VUs  04m18.8s/10m00.0s

running (04m19.8s), 200/200 VUs, 1273 complete and 0 interrupted iterations
normal_day   [  43% ] 200/200 VUs  04m19.8s/10m00.0s

running (04m20.8s), 200/200 VUs, 1278 complete and 0 interrupted iterations
normal_day   [  43% ] 200/200 VUs  04m20.8s/10m00.0s

running (04m21.8s), 200/200 VUs, 1283 complete and 0 interrupted iterations
normal_day   [  44% ] 200/200 VUs  04m21.8s/10m00.0s

running (04m22.8s), 200/200 VUs, 1290 complete and 0 interrupted iterations
normal_day   [  44% ] 200/200 VUs  04m22.8s/10m00.0s

running (04m23.8s), 200/200 VUs, 1298 complete and 0 interrupted iterations
normal_day   [  44% ] 200/200 VUs  04m23.8s/10m00.0s

running (04m24.8s), 200/200 VUs, 1308 complete and 0 interrupted iterations
normal_day   [  44% ] 200/200 VUs  04m24.8s/10m00.0s

running (04m25.8s), 200/200 VUs, 1316 complete and 0 interrupted iterations
normal_day   [  44% ] 200/200 VUs  04m25.8s/10m00.0s

running (04m26.8s), 200/200 VUs, 1325 complete and 0 interrupted iterations
normal_day   [  44% ] 200/200 VUs  04m26.8s/10m00.0s

running (04m27.8s), 200/200 VUs, 1335 complete and 0 interrupted iterations
normal_day   [  45% ] 200/200 VUs  04m27.8s/10m00.0s

running (04m28.8s), 200/200 VUs, 1347 complete and 0 interrupted iterations
normal_day   [  45% ] 200/200 VUs  04m28.8s/10m00.0s

running (04m29.8s), 200/200 VUs, 1364 complete and 0 interrupted iterations
normal_day   [  45% ] 200/200 VUs  04m29.8s/10m00.0s

running (04m30.8s), 200/200 VUs, 1372 complete and 0 interrupted iterations
normal_day   [  45% ] 200/200 VUs  04m30.8s/10m00.0s

running (04m31.8s), 200/200 VUs, 1381 complete and 0 interrupted iterations
normal_day   [  45% ] 200/200 VUs  04m31.8s/10m00.0s

running (04m32.8s), 200/200 VUs, 1385 complete and 0 interrupted iterations
normal_day   [  45% ] 200/200 VUs  04m32.8s/10m00.0s

running (04m33.8s), 200/200 VUs, 1391 complete and 0 interrupted iterations
normal_day   [  46% ] 200/200 VUs  04m33.8s/10m00.0s

running (04m34.8s), 200/200 VUs, 1400 complete and 0 interrupted iterations
normal_day   [  46% ] 200/200 VUs  04m34.8s/10m00.0s

running (04m35.8s), 200/200 VUs, 1404 complete and 0 interrupted iterations
normal_day   [  46% ] 200/200 VUs  04m35.8s/10m00.0s

running (04m36.8s), 200/200 VUs, 1412 complete and 0 interrupted iterations
normal_day   [  46% ] 200/200 VUs  04m36.8s/10m00.0s

running (04m37.8s), 200/200 VUs, 1417 complete and 0 interrupted iterations
normal_day   [  46% ] 200/200 VUs  04m37.8s/10m00.0s

running (04m38.8s), 200/200 VUs, 1419 complete and 0 interrupted iterations
normal_day   [  46% ] 200/200 VUs  04m38.8s/10m00.0s

running (04m39.8s), 200/200 VUs, 1427 complete and 0 interrupted iterations
normal_day   [  47% ] 200/200 VUs  04m39.8s/10m00.0s

running (04m40.8s), 200/200 VUs, 1432 complete and 0 interrupted iterations
normal_day   [  47% ] 200/200 VUs  04m40.8s/10m00.0s

running (04m41.8s), 200/200 VUs, 1439 complete and 0 interrupted iterations
normal_day   [  47% ] 200/200 VUs  04m41.8s/10m00.0s

running (04m42.8s), 200/200 VUs, 1447 complete and 0 interrupted iterations
normal_day   [  47% ] 200/200 VUs  04m42.8s/10m00.0s

running (04m43.8s), 200/200 VUs, 1457 complete and 0 interrupted iterations
normal_day   [  47% ] 200/200 VUs  04m43.8s/10m00.0s

running (04m44.8s), 200/200 VUs, 1470 complete and 0 interrupted iterations
normal_day   [  47% ] 200/200 VUs  04m44.8s/10m00.0s

running (04m45.8s), 200/200 VUs, 1481 complete and 0 interrupted iterations
normal_day   [  48% ] 200/200 VUs  04m45.8s/10m00.0s

running (04m46.8s), 200/200 VUs, 1489 complete and 0 interrupted iterations
normal_day   [  48% ] 200/200 VUs  04m46.8s/10m00.0s

running (04m47.8s), 200/200 VUs, 1494 complete and 0 interrupted iterations
normal_day   [  48% ] 200/200 VUs  04m47.8s/10m00.0s

running (04m48.8s), 200/200 VUs, 1502 complete and 0 interrupted iterations
normal_day   [  48% ] 200/200 VUs  04m48.8s/10m00.0s

running (04m49.8s), 200/200 VUs, 1506 complete and 0 interrupted iterations
normal_day   [  48% ] 200/200 VUs  04m49.8s/10m00.0s

running (04m50.8s), 200/200 VUs, 1514 complete and 0 interrupted iterations
normal_day   [  48% ] 200/200 VUs  04m50.8s/10m00.0s

running (04m51.8s), 200/200 VUs, 1518 complete and 0 interrupted iterations
normal_day   [  49% ] 200/200 VUs  04m51.8s/10m00.0s

running (04m52.8s), 200/200 VUs, 1522 complete and 0 interrupted iterations
normal_day   [  49% ] 200/200 VUs  04m52.8s/10m00.0s

running (04m53.8s), 200/200 VUs, 1529 complete and 0 interrupted iterations
normal_day   [  49% ] 200/200 VUs  04m53.8s/10m00.0s

running (04m54.8s), 200/200 VUs, 1538 complete and 0 interrupted iterations
normal_day   [  49% ] 200/200 VUs  04m54.8s/10m00.0s

running (04m55.8s), 200/200 VUs, 1544 complete and 0 interrupted iterations
normal_day   [  49% ] 200/200 VUs  04m55.8s/10m00.0s

running (04m56.8s), 200/200 VUs, 1556 complete and 0 interrupted iterations
normal_day   [  49% ] 200/200 VUs  04m56.8s/10m00.0s

running (04m57.8s), 200/200 VUs, 1568 complete and 0 interrupted iterations
normal_day   [  50% ] 200/200 VUs  04m57.8s/10m00.0s

running (04m58.8s), 200/200 VUs, 1582 complete and 0 interrupted iterations
normal_day   [  50% ] 200/200 VUs  04m58.8s/10m00.0s

running (04m59.8s), 200/200 VUs, 1586 complete and 0 interrupted iterations
normal_day   [  50% ] 200/200 VUs  04m59.8s/10m00.0s

running (05m00.8s), 200/200 VUs, 1589 complete and 0 interrupted iterations
normal_day   [  50% ] 200/200 VUs  05m00.8s/10m00.0s

running (05m01.8s), 200/200 VUs, 1598 complete and 0 interrupted iterations
normal_day   [  50% ] 200/200 VUs  05m01.8s/10m00.0s

running (05m02.8s), 200/200 VUs, 1603 complete and 0 interrupted iterations
normal_day   [  50% ] 200/200 VUs  05m02.8s/10m00.0s

running (05m03.8s), 200/200 VUs, 1614 complete and 0 interrupted iterations
normal_day   [  51% ] 200/200 VUs  05m03.8s/10m00.0s

running (05m04.8s), 200/200 VUs, 1622 complete and 0 interrupted iterations
normal_day   [  51% ] 200/200 VUs  05m04.8s/10m00.0s

running (05m05.8s), 200/200 VUs, 1628 complete and 0 interrupted iterations
normal_day   [  51% ] 200/200 VUs  05m05.8s/10m00.0s

running (05m06.8s), 200/200 VUs, 1639 complete and 0 interrupted iterations
normal_day   [  51% ] 200/200 VUs  05m06.8s/10m00.0s

running (05m07.8s), 200/200 VUs, 1645 complete and 0 interrupted iterations
normal_day   [  51% ] 200/200 VUs  05m07.8s/10m00.0s

running (05m08.8s), 200/200 VUs, 1651 complete and 0 interrupted iterations
normal_day   [  51% ] 200/200 VUs  05m08.8s/10m00.0s

running (05m09.8s), 200/200 VUs, 1662 complete and 0 interrupted iterations
normal_day   [  52% ] 200/200 VUs  05m09.8s/10m00.0s

running (05m10.8s), 200/200 VUs, 1667 complete and 0 interrupted iterations
normal_day   [  52% ] 200/200 VUs  05m10.8s/10m00.0s

running (05m11.8s), 200/200 VUs, 1672 complete and 0 interrupted iterations
normal_day   [  52% ] 200/200 VUs  05m11.8s/10m00.0s

running (05m12.8s), 200/200 VUs, 1676 complete and 0 interrupted iterations
normal_day   [  52% ] 200/200 VUs  05m12.8s/10m00.0s

running (05m13.8s), 200/200 VUs, 1682 complete and 0 interrupted iterations
normal_day   [  52% ] 200/200 VUs  05m13.8s/10m00.0s

running (05m14.8s), 200/200 VUs, 1685 complete and 0 interrupted iterations
normal_day   [  52% ] 200/200 VUs  05m14.8s/10m00.0s

running (05m15.8s), 200/200 VUs, 1688 complete and 0 interrupted iterations
normal_day   [  53% ] 200/200 VUs  05m15.8s/10m00.0s

running (05m16.8s), 200/200 VUs, 1692 complete and 0 interrupted iterations
normal_day   [  53% ] 200/200 VUs  05m16.8s/10m00.0s

running (05m17.8s), 200/200 VUs, 1704 complete and 0 interrupted iterations
normal_day   [  53% ] 200/200 VUs  05m17.8s/10m00.0s

running (05m18.8s), 200/200 VUs, 1717 complete and 0 interrupted iterations
normal_day   [  53% ] 200/200 VUs  05m18.8s/10m00.0s

running (05m19.8s), 200/200 VUs, 1730 complete and 0 interrupted iterations
normal_day   [  53% ] 200/200 VUs  05m19.8s/10m00.0s

running (05m20.8s), 200/200 VUs, 1740 complete and 0 interrupted iterations
normal_day   [  53% ] 200/200 VUs  05m20.8s/10m00.0s

running (05m21.8s), 200/200 VUs, 1746 complete and 0 interrupted iterations
normal_day   [  54% ] 200/200 VUs  05m21.8s/10m00.0s

running (05m22.8s), 200/200 VUs, 1757 complete and 0 interrupted iterations
normal_day   [  54% ] 200/200 VUs  05m22.8s/10m00.0s

running (05m23.8s), 200/200 VUs, 1766 complete and 0 interrupted iterations
normal_day   [  54% ] 200/200 VUs  05m23.8s/10m00.0s

running (05m24.8s), 200/200 VUs, 1773 complete and 0 interrupted iterations
normal_day   [  54% ] 200/200 VUs  05m24.8s/10m00.0s

running (05m25.8s), 200/200 VUs, 1783 complete and 0 interrupted iterations
normal_day   [  54% ] 200/200 VUs  05m25.8s/10m00.0s

running (05m26.8s), 200/200 VUs, 1791 complete and 0 interrupted iterations
normal_day   [  54% ] 200/200 VUs  05m26.8s/10m00.0s

running (05m27.8s), 200/200 VUs, 1802 complete and 0 interrupted iterations
normal_day   [  55% ] 200/200 VUs  05m27.8s/10m00.0s

running (05m28.8s), 200/200 VUs, 1808 complete and 0 interrupted iterations
normal_day   [  55% ] 200/200 VUs  05m28.8s/10m00.0s

running (05m29.8s), 200/200 VUs, 1811 complete and 0 interrupted iterations
normal_day   [  55% ] 200/200 VUs  05m29.8s/10m00.0s

running (05m30.8s), 200/200 VUs, 1814 complete and 0 interrupted iterations
normal_day   [  55% ] 200/200 VUs  05m30.8s/10m00.0s

running (05m31.8s), 200/200 VUs, 1816 complete and 0 interrupted iterations
normal_day   [  55% ] 200/200 VUs  05m31.8s/10m00.0s

running (05m32.8s), 200/200 VUs, 1818 complete and 0 interrupted iterations
normal_day   [  55% ] 200/200 VUs  05m32.8s/10m00.0s

running (05m33.8s), 200/200 VUs, 1821 complete and 0 interrupted iterations
normal_day   [  56% ] 200/200 VUs  05m33.8s/10m00.0s

running (05m34.8s), 200/200 VUs, 1822 complete and 0 interrupted iterations
normal_day   [  56% ] 200/200 VUs  05m34.8s/10m00.0s

running (05m35.8s), 200/200 VUs, 1826 complete and 0 interrupted iterations
normal_day   [  56% ] 200/200 VUs  05m35.8s/10m00.0s

running (05m36.8s), 200/200 VUs, 1829 complete and 0 interrupted iterations
normal_day   [  56% ] 200/200 VUs  05m36.8s/10m00.0s

running (05m37.8s), 200/200 VUs, 1840 complete and 0 interrupted iterations
normal_day   [  56% ] 200/200 VUs  05m37.8s/10m00.0s

running (05m38.8s), 200/200 VUs, 1850 complete and 0 interrupted iterations
normal_day   [  56% ] 200/200 VUs  05m38.8s/10m00.0s

running (05m39.8s), 200/200 VUs, 1856 complete and 0 interrupted iterations
normal_day   [  57% ] 200/200 VUs  05m39.8s/10m00.0s

running (05m40.8s), 200/200 VUs, 1864 complete and 0 interrupted iterations
normal_day   [  57% ] 200/200 VUs  05m40.8s/10m00.0s

running (05m41.8s), 200/200 VUs, 1868 complete and 0 interrupted iterations
normal_day   [  57% ] 200/200 VUs  05m41.8s/10m00.0s

running (05m42.8s), 200/200 VUs, 1875 complete and 0 interrupted iterations
normal_day   [  57% ] 200/200 VUs  05m42.8s/10m00.0s

running (05m43.8s), 200/200 VUs, 1878 complete and 0 interrupted iterations
normal_day   [  57% ] 200/200 VUs  05m43.8s/10m00.0s

running (05m44.8s), 200/200 VUs, 1879 complete and 0 interrupted iterations
normal_day   [  57% ] 200/200 VUs  05m44.8s/10m00.0s

running (05m45.8s), 200/200 VUs, 1881 complete and 0 interrupted iterations
normal_day   [  58% ] 200/200 VUs  05m45.8s/10m00.0s

running (05m46.8s), 200/200 VUs, 1883 complete and 0 interrupted iterations
normal_day   [  58% ] 200/200 VUs  05m46.8s/10m00.0s

running (05m47.8s), 200/200 VUs, 1889 complete and 0 interrupted iterations
normal_day   [  58% ] 200/200 VUs  05m47.8s/10m00.0s

running (05m48.8s), 200/200 VUs, 1891 complete and 0 interrupted iterations
normal_day   [  58% ] 200/200 VUs  05m48.8s/10m00.0s

running (05m49.8s), 200/200 VUs, 1897 complete and 0 interrupted iterations
normal_day   [  58% ] 200/200 VUs  05m49.8s/10m00.0s

running (05m50.8s), 200/200 VUs, 1908 complete and 0 interrupted iterations
normal_day   [  58% ] 200/200 VUs  05m50.8s/10m00.0s

running (05m51.8s), 200/200 VUs, 1922 complete and 0 interrupted iterations
normal_day   [  59% ] 200/200 VUs  05m51.8s/10m00.0s

running (05m52.8s), 200/200 VUs, 1935 complete and 0 interrupted iterations
normal_day   [  59% ] 200/200 VUs  05m52.8s/10m00.0s

running (05m53.8s), 200/200 VUs, 1937 complete and 0 interrupted iterations
normal_day   [  59% ] 200/200 VUs  05m53.8s/10m00.0s

running (05m54.8s), 200/200 VUs, 1937 complete and 0 interrupted iterations
normal_day   [  59% ] 200/200 VUs  05m54.8s/10m00.0s

running (05m55.8s), 200/200 VUs, 1937 complete and 0 interrupted iterations
normal_day   [  59% ] 200/200 VUs  05m55.8s/10m00.0s

running (05m56.8s), 200/200 VUs, 1941 complete and 0 interrupted iterations
normal_day   [  59% ] 200/200 VUs  05m56.8s/10m00.0s

running (05m57.8s), 200/200 VUs, 1951 complete and 0 interrupted iterations
normal_day   [  60% ] 200/200 VUs  05m57.8s/10m00.0s

running (05m58.8s), 200/200 VUs, 1957 complete and 0 interrupted iterations
normal_day   [  60% ] 200/200 VUs  05m58.8s/10m00.0s

running (05m59.8s), 200/200 VUs, 1962 complete and 0 interrupted iterations
normal_day   [  60% ] 200/200 VUs  05m59.8s/10m00.0s

running (06m00.8s), 200/200 VUs, 1969 complete and 0 interrupted iterations
normal_day   [  60% ] 200/200 VUs  06m00.8s/10m00.0s

running (06m01.8s), 200/200 VUs, 1974 complete and 0 interrupted iterations
normal_day   [  60% ] 200/200 VUs  06m01.8s/10m00.0s

running (06m02.8s), 200/200 VUs, 1978 complete and 0 interrupted iterations
normal_day   [  60% ] 200/200 VUs  06m02.8s/10m00.0s

running (06m03.8s), 200/200 VUs, 1981 complete and 0 interrupted iterations
normal_day   [  61% ] 200/200 VUs  06m03.8s/10m00.0s

running (06m04.8s), 200/200 VUs, 1984 complete and 0 interrupted iterations
normal_day   [  61% ] 200/200 VUs  06m04.8s/10m00.0s

running (06m05.8s), 200/200 VUs, 1987 complete and 0 interrupted iterations
normal_day   [  61% ] 200/200 VUs  06m05.8s/10m00.0s

running (06m06.8s), 200/200 VUs, 1994 complete and 0 interrupted iterations
normal_day   [  61% ] 200/200 VUs  06m06.8s/10m00.0s

running (06m07.8s), 200/200 VUs, 1999 complete and 0 interrupted iterations
normal_day   [  61% ] 200/200 VUs  06m07.8s/10m00.0s

running (06m08.8s), 200/200 VUs, 2005 complete and 0 interrupted iterations
normal_day   [  61% ] 200/200 VUs  06m08.8s/10m00.0s

running (06m09.8s), 200/200 VUs, 2011 complete and 0 interrupted iterations
normal_day   [  62% ] 200/200 VUs  06m09.8s/10m00.0s

running (06m10.8s), 200/200 VUs, 2016 complete and 0 interrupted iterations
normal_day   [  62% ] 200/200 VUs  06m10.8s/10m00.0s

running (06m11.8s), 200/200 VUs, 2021 complete and 0 interrupted iterations
normal_day   [  62% ] 200/200 VUs  06m11.8s/10m00.0s

running (06m12.8s), 200/200 VUs, 2033 complete and 0 interrupted iterations
normal_day   [  62% ] 200/200 VUs  06m12.8s/10m00.0s

running (06m13.8s), 200/200 VUs, 2038 complete and 0 interrupted iterations
normal_day   [  62% ] 200/200 VUs  06m13.8s/10m00.0s

running (06m14.8s), 200/200 VUs, 2041 complete and 0 interrupted iterations
normal_day   [  62% ] 200/200 VUs  06m14.8s/10m00.0s

running (06m15.8s), 200/200 VUs, 2043 complete and 0 interrupted iterations
normal_day   [  63% ] 200/200 VUs  06m15.8s/10m00.0s

running (06m16.8s), 200/200 VUs, 2045 complete and 0 interrupted iterations
normal_day   [  63% ] 200/200 VUs  06m16.8s/10m00.0s

running (06m17.8s), 200/200 VUs, 2048 complete and 0 interrupted iterations
normal_day   [  63% ] 200/200 VUs  06m17.8s/10m00.0s

running (06m18.8s), 200/200 VUs, 2051 complete and 0 interrupted iterations
normal_day   [  63% ] 200/200 VUs  06m18.8s/10m00.0s

running (06m19.8s), 200/200 VUs, 2058 complete and 0 interrupted iterations
normal_day   [  63% ] 200/200 VUs  06m19.8s/10m00.0s

running (06m20.8s), 200/200 VUs, 2062 complete and 0 interrupted iterations
normal_day   [  63% ] 200/200 VUs  06m20.8s/10m00.0s

running (06m21.8s), 200/200 VUs, 2066 complete and 0 interrupted iterations
normal_day   [  64% ] 200/200 VUs  06m21.8s/10m00.0s

running (06m22.8s), 200/200 VUs, 2069 complete and 0 interrupted iterations
normal_day   [  64% ] 200/200 VUs  06m22.8s/10m00.0s

running (06m23.8s), 200/200 VUs, 2080 complete and 0 interrupted iterations
normal_day   [  64% ] 200/200 VUs  06m23.8s/10m00.0s

running (06m24.8s), 200/200 VUs, 2092 complete and 0 interrupted iterations
normal_day   [  64% ] 200/200 VUs  06m24.8s/10m00.0s

running (06m25.8s), 200/200 VUs, 2102 complete and 0 interrupted iterations
normal_day   [  64% ] 200/200 VUs  06m25.8s/10m00.0s

running (06m26.8s), 200/200 VUs, 2102 complete and 0 interrupted iterations
normal_day   [  64% ] 200/200 VUs  06m26.8s/10m00.0s

running (06m27.8s), 200/200 VUs, 2109 complete and 0 interrupted iterations
normal_day   [  65% ] 200/200 VUs  06m27.8s/10m00.0s

running (06m28.8s), 200/200 VUs, 2120 complete and 0 interrupted iterations
normal_day   [  65% ] 200/200 VUs  06m28.8s/10m00.0s

running (06m29.8s), 200/200 VUs, 2125 complete and 0 interrupted iterations
normal_day   [  65% ] 200/200 VUs  06m29.8s/10m00.0s

running (06m30.8s), 200/200 VUs, 2134 complete and 0 interrupted iterations
normal_day   [  65% ] 200/200 VUs  06m30.8s/10m00.0s

running (06m31.8s), 200/200 VUs, 2144 complete and 0 interrupted iterations
normal_day   [  65% ] 200/200 VUs  06m31.8s/10m00.0s

running (06m32.8s), 200/200 VUs, 2151 complete and 0 interrupted iterations
normal_day   [  65% ] 200/200 VUs  06m32.8s/10m00.0s

running (06m33.8s), 200/200 VUs, 2158 complete and 0 interrupted iterations
normal_day   [  66% ] 200/200 VUs  06m33.8s/10m00.0s

running (06m34.8s), 200/200 VUs, 2165 complete and 0 interrupted iterations
normal_day   [  66% ] 200/200 VUs  06m34.8s/10m00.0s

running (06m35.8s), 200/200 VUs, 2170 complete and 0 interrupted iterations
normal_day   [  66% ] 200/200 VUs  06m35.8s/10m00.0s

running (06m36.8s), 200/200 VUs, 2173 complete and 0 interrupted iterations
normal_day   [  66% ] 200/200 VUs  06m36.8s/10m00.0s

running (06m37.8s), 200/200 VUs, 2182 complete and 0 interrupted iterations
normal_day   [  66% ] 200/200 VUs  06m37.8s/10m00.0s

running (06m38.8s), 200/200 VUs, 2188 complete and 0 interrupted iterations
normal_day   [  66% ] 200/200 VUs  06m38.8s/10m00.0s

running (06m39.8s), 200/200 VUs, 2196 complete and 0 interrupted iterations
normal_day   [  67% ] 200/200 VUs  06m39.8s/10m00.0s

running (06m40.8s), 200/200 VUs, 2200 complete and 0 interrupted iterations
normal_day   [  67% ] 200/200 VUs  06m40.8s/10m00.0s

running (06m41.8s), 200/200 VUs, 2205 complete and 0 interrupted iterations
normal_day   [  67% ] 200/200 VUs  06m41.8s/10m00.0s

running (06m42.8s), 200/200 VUs, 2209 complete and 0 interrupted iterations
normal_day   [  67% ] 200/200 VUs  06m42.8s/10m00.0s

running (06m43.8s), 200/200 VUs, 2215 complete and 0 interrupted iterations
normal_day   [  67% ] 200/200 VUs  06m43.8s/10m00.0s

running (06m44.8s), 200/200 VUs, 2221 complete and 0 interrupted iterations
normal_day   [  67% ] 200/200 VUs  06m44.8s/10m00.0s

running (06m45.8s), 200/200 VUs, 2237 complete and 0 interrupted iterations
normal_day   [  68% ] 200/200 VUs  06m45.8s/10m00.0s

running (06m46.8s), 200/200 VUs, 2247 complete and 0 interrupted iterations
normal_day   [  68% ] 200/200 VUs  06m46.8s/10m00.0s

running (06m47.8s), 200/200 VUs, 2261 complete and 0 interrupted iterations
normal_day   [  68% ] 200/200 VUs  06m47.8s/10m00.0s

running (06m48.8s), 200/200 VUs, 2268 complete and 0 interrupted iterations
normal_day   [  68% ] 200/200 VUs  06m48.8s/10m00.0s

running (06m49.8s), 200/200 VUs, 2282 complete and 0 interrupted iterations
normal_day   [  68% ] 200/200 VUs  06m49.8s/10m00.0s

running (06m50.8s), 200/200 VUs, 2292 complete and 0 interrupted iterations
normal_day   [  68% ] 200/200 VUs  06m50.8s/10m00.0s

running (06m51.8s), 200/200 VUs, 2298 complete and 0 interrupted iterations
normal_day   [  69% ] 200/200 VUs  06m51.8s/10m00.0s

running (06m52.8s), 200/200 VUs, 2301 complete and 0 interrupted iterations
normal_day   [  69% ] 200/200 VUs  06m52.8s/10m00.0s

running (06m53.8s), 200/200 VUs, 2302 complete and 0 interrupted iterations
normal_day   [  69% ] 200/200 VUs  06m53.8s/10m00.0s

running (06m54.8s), 200/200 VUs, 2306 complete and 0 interrupted iterations
normal_day   [  69% ] 200/200 VUs  06m54.8s/10m00.0s

running (06m55.8s), 200/200 VUs, 2309 complete and 0 interrupted iterations
normal_day   [  69% ] 200/200 VUs  06m55.8s/10m00.0s

running (06m56.8s), 200/200 VUs, 2310 complete and 0 interrupted iterations
normal_day   [  69% ] 200/200 VUs  06m56.8s/10m00.0s

running (06m57.8s), 200/200 VUs, 2313 complete and 0 interrupted iterations
normal_day   [  70% ] 200/200 VUs  06m57.8s/10m00.0s

running (06m58.8s), 200/200 VUs, 2322 complete and 0 interrupted iterations
normal_day   [  70% ] 200/200 VUs  06m58.8s/10m00.0s

running (06m59.8s), 200/200 VUs, 2328 complete and 0 interrupted iterations
normal_day   [  70% ] 200/200 VUs  06m59.8s/10m00.0s

running (07m00.8s), 200/200 VUs, 2332 complete and 0 interrupted iterations
normal_day   [  70% ] 200/200 VUs  07m00.8s/10m00.0s

running (07m01.8s), 200/200 VUs, 2342 complete and 0 interrupted iterations
normal_day   [  70% ] 200/200 VUs  07m01.8s/10m00.0s

running (07m02.8s), 200/200 VUs, 2350 complete and 0 interrupted iterations
normal_day   [  70% ] 200/200 VUs  07m02.8s/10m00.0s

running (07m03.8s), 200/200 VUs, 2357 complete and 0 interrupted iterations
normal_day   [  71% ] 200/200 VUs  07m03.8s/10m00.0s

running (07m04.8s), 200/200 VUs, 2370 complete and 0 interrupted iterations
normal_day   [  71% ] 200/200 VUs  07m04.8s/10m00.0s

running (07m05.8s), 200/200 VUs, 2374 complete and 0 interrupted iterations
normal_day   [  71% ] 200/200 VUs  07m05.8s/10m00.0s

running (07m06.8s), 200/200 VUs, 2376 complete and 0 interrupted iterations
normal_day   [  71% ] 200/200 VUs  07m06.8s/10m00.0s

running (07m07.8s), 200/200 VUs, 2383 complete and 0 interrupted iterations
normal_day   [  71% ] 200/200 VUs  07m07.8s/10m00.0s

running (07m08.8s), 200/200 VUs, 2386 complete and 0 interrupted iterations
normal_day   [  71% ] 200/200 VUs  07m08.8s/10m00.0s

running (07m09.8s), 200/200 VUs, 2390 complete and 0 interrupted iterations
normal_day   [  72% ] 200/200 VUs  07m09.8s/10m00.0s

running (07m10.8s), 200/200 VUs, 2393 complete and 0 interrupted iterations
normal_day   [  72% ] 200/200 VUs  07m10.8s/10m00.0s

running (07m11.8s), 200/200 VUs, 2395 complete and 0 interrupted iterations
normal_day   [  72% ] 200/200 VUs  07m11.8s/10m00.0s

running (07m12.8s), 200/200 VUs, 2401 complete and 0 interrupted iterations
normal_day   [  72% ] 200/200 VUs  07m12.8s/10m00.0s

running (07m13.8s), 200/200 VUs, 2407 complete and 0 interrupted iterations
normal_day   [  72% ] 200/200 VUs  07m13.8s/10m00.0s

running (07m14.8s), 200/200 VUs, 2411 complete and 0 interrupted iterations
normal_day   [  72% ] 200/200 VUs  07m14.8s/10m00.0s

running (07m15.8s), 200/200 VUs, 2421 complete and 0 interrupted iterations
normal_day   [  73% ] 200/200 VUs  07m15.8s/10m00.0s

running (07m16.8s), 200/200 VUs, 2429 complete and 0 interrupted iterations
normal_day   [  73% ] 200/200 VUs  07m16.8s/10m00.0s

running (07m17.8s), 200/200 VUs, 2437 complete and 0 interrupted iterations
normal_day   [  73% ] 200/200 VUs  07m17.8s/10m00.0s

running (07m18.8s), 200/200 VUs, 2445 complete and 0 interrupted iterations
normal_day   [  73% ] 200/200 VUs  07m18.8s/10m00.0s

running (07m19.8s), 200/200 VUs, 2457 complete and 0 interrupted iterations
normal_day   [  73% ] 200/200 VUs  07m19.8s/10m00.0s

running (07m20.8s), 200/200 VUs, 2469 complete and 0 interrupted iterations
normal_day   [  73% ] 200/200 VUs  07m20.8s/10m00.0s

running (07m21.8s), 200/200 VUs, 2475 complete and 0 interrupted iterations
normal_day   [  74% ] 200/200 VUs  07m21.8s/10m00.0s

running (07m22.8s), 200/200 VUs, 2481 complete and 0 interrupted iterations
normal_day   [  74% ] 200/200 VUs  07m22.8s/10m00.0s

running (07m23.8s), 200/200 VUs, 2488 complete and 0 interrupted iterations
normal_day   [  74% ] 200/200 VUs  07m23.8s/10m00.0s

running (07m24.8s), 200/200 VUs, 2499 complete and 0 interrupted iterations
normal_day   [  74% ] 200/200 VUs  07m24.8s/10m00.0s

running (07m25.8s), 200/200 VUs, 2512 complete and 0 interrupted iterations
normal_day   [  74% ] 200/200 VUs  07m25.8s/10m00.0s

running (07m26.8s), 200/200 VUs, 2520 complete and 0 interrupted iterations
normal_day   [  74% ] 200/200 VUs  07m26.8s/10m00.0s

running (07m27.8s), 200/200 VUs, 2525 complete and 0 interrupted iterations
normal_day   [  75% ] 200/200 VUs  07m27.8s/10m00.0s

running (07m28.8s), 200/200 VUs, 2532 complete and 0 interrupted iterations
normal_day   [  75% ] 200/200 VUs  07m28.8s/10m00.0s

running (07m29.8s), 200/200 VUs, 2540 complete and 0 interrupted iterations
normal_day   [  75% ] 200/200 VUs  07m29.8s/10m00.0s

running (07m30.8s), 200/200 VUs, 2560 complete and 0 interrupted iterations
normal_day   [  75% ] 200/200 VUs  07m30.8s/10m00.0s

running (07m31.8s), 200/200 VUs, 2570 complete and 0 interrupted iterations
normal_day   [  75% ] 200/200 VUs  07m31.8s/10m00.0s

running (07m32.8s), 200/200 VUs, 2582 complete and 0 interrupted iterations
normal_day   [  75% ] 200/200 VUs  07m32.8s/10m00.0s

running (07m33.8s), 200/200 VUs, 2583 complete and 0 interrupted iterations
normal_day   [  76% ] 200/200 VUs  07m33.8s/10m00.0s

running (07m34.8s), 200/200 VUs, 2593 complete and 0 interrupted iterations
normal_day   [  76% ] 200/200 VUs  07m34.8s/10m00.0s

running (07m35.8s), 200/200 VUs, 2604 complete and 0 interrupted iterations
normal_day   [  76% ] 200/200 VUs  07m35.8s/10m00.0s

running (07m36.8s), 200/200 VUs, 2617 complete and 0 interrupted iterations
normal_day   [  76% ] 200/200 VUs  07m36.8s/10m00.0s

running (07m37.8s), 200/200 VUs, 2627 complete and 0 interrupted iterations
normal_day   [  76% ] 200/200 VUs  07m37.8s/10m00.0s

running (07m38.8s), 200/200 VUs, 2636 complete and 0 interrupted iterations
normal_day   [  76% ] 200/200 VUs  07m38.8s/10m00.0s

running (07m39.8s), 200/200 VUs, 2641 complete and 0 interrupted iterations
normal_day   [  77% ] 200/200 VUs  07m39.8s/10m00.0s

running (07m40.8s), 200/200 VUs, 2645 complete and 0 interrupted iterations
normal_day   [  77% ] 200/200 VUs  07m40.8s/10m00.0s

running (07m41.8s), 200/200 VUs, 2651 complete and 0 interrupted iterations
normal_day   [  77% ] 200/200 VUs  07m41.8s/10m00.0s

running (07m42.8s), 200/200 VUs, 2661 complete and 0 interrupted iterations
normal_day   [  77% ] 200/200 VUs  07m42.8s/10m00.0s

running (07m43.8s), 200/200 VUs, 2672 complete and 0 interrupted iterations
normal_day   [  77% ] 200/200 VUs  07m43.8s/10m00.0s

running (07m44.8s), 200/200 VUs, 2686 complete and 0 interrupted iterations
normal_day   [  77% ] 200/200 VUs  07m44.8s/10m00.0s

running (07m45.8s), 200/200 VUs, 2690 complete and 0 interrupted iterations
normal_day   [  78% ] 200/200 VUs  07m45.8s/10m00.0s

running (07m46.8s), 200/200 VUs, 2698 complete and 0 interrupted iterations
normal_day   [  78% ] 200/200 VUs  07m46.8s/10m00.0s

running (07m47.8s), 200/200 VUs, 2716 complete and 0 interrupted iterations
normal_day   [  78% ] 200/200 VUs  07m47.8s/10m00.0s

running (07m48.8s), 200/200 VUs, 2730 complete and 0 interrupted iterations
normal_day   [  78% ] 200/200 VUs  07m48.8s/10m00.0s

running (07m49.8s), 200/200 VUs, 2739 complete and 0 interrupted iterations
normal_day   [  78% ] 200/200 VUs  07m49.8s/10m00.0s

running (07m50.8s), 200/200 VUs, 2746 complete and 0 interrupted iterations
normal_day   [  78% ] 200/200 VUs  07m50.8s/10m00.0s

running (07m51.8s), 200/200 VUs, 2751 complete and 0 interrupted iterations
normal_day   [  79% ] 200/200 VUs  07m51.8s/10m00.0s

running (07m52.8s), 200/200 VUs, 2756 complete and 0 interrupted iterations
normal_day   [  79% ] 200/200 VUs  07m52.8s/10m00.0s

running (07m53.8s), 200/200 VUs, 2763 complete and 0 interrupted iterations
normal_day   [  79% ] 200/200 VUs  07m53.8s/10m00.0s

running (07m54.8s), 200/200 VUs, 2769 complete and 0 interrupted iterations
normal_day   [  79% ] 200/200 VUs  07m54.8s/10m00.0s

running (07m55.8s), 200/200 VUs, 2774 complete and 0 interrupted iterations
normal_day   [  79% ] 200/200 VUs  07m55.8s/10m00.0s

running (07m56.8s), 200/200 VUs, 2778 complete and 0 interrupted iterations
normal_day   [  79% ] 200/200 VUs  07m56.8s/10m00.0s

running (07m57.8s), 200/200 VUs, 2784 complete and 0 interrupted iterations
normal_day   [  80% ] 200/200 VUs  07m57.8s/10m00.0s

running (07m58.8s), 200/200 VUs, 2793 complete and 0 interrupted iterations
normal_day   [  80% ] 200/200 VUs  07m58.8s/10m00.0s

running (07m59.8s), 200/200 VUs, 2800 complete and 0 interrupted iterations
normal_day   [  80% ] 200/200 VUs  07m59.8s/10m00.0s

running (08m00.8s), 200/200 VUs, 2808 complete and 0 interrupted iterations
normal_day   [  80% ] 200/200 VUs  08m00.8s/10m00.0s

running (08m01.8s), 200/200 VUs, 2811 complete and 0 interrupted iterations
normal_day   [  80% ] 200/200 VUs  08m01.8s/10m00.0s

running (08m02.8s), 200/200 VUs, 2817 complete and 0 interrupted iterations
normal_day   [  80% ] 200/200 VUs  08m02.8s/10m00.0s

running (08m03.8s), 198/200 VUs, 2823 complete and 0 interrupted iterations
normal_day   [  81% ] 198/200 VUs  08m03.8s/10m00.0s

running (08m04.8s), 198/200 VUs, 2828 complete and 0 interrupted iterations
normal_day   [  81% ] 198/200 VUs  08m04.8s/10m00.0s

running (08m05.8s), 198/200 VUs, 2832 complete and 0 interrupted iterations
normal_day   [  81% ] 198/200 VUs  08m05.8s/10m00.0s

running (08m06.8s), 198/200 VUs, 2838 complete and 0 interrupted iterations
normal_day   [  81% ] 198/200 VUs  08m06.8s/10m00.0s

running (08m07.8s), 198/200 VUs, 2846 complete and 0 interrupted iterations
normal_day   [  81% ] 198/200 VUs  08m07.8s/10m00.0s

running (08m08.8s), 198/200 VUs, 2852 complete and 0 interrupted iterations
normal_day   [  81% ] 198/200 VUs  08m08.8s/10m00.0s

running (08m09.8s), 197/200 VUs, 2859 complete and 0 interrupted iterations
normal_day   [  82% ] 197/200 VUs  08m09.8s/10m00.0s

running (08m10.8s), 196/200 VUs, 2869 complete and 0 interrupted iterations
normal_day   [  82% ] 196/200 VUs  08m10.8s/10m00.0s

running (08m11.8s), 196/200 VUs, 2875 complete and 0 interrupted iterations
normal_day   [  82% ] 196/200 VUs  08m11.8s/10m00.0s

running (08m12.8s), 195/200 VUs, 2878 complete and 0 interrupted iterations
normal_day   [  82% ] 195/200 VUs  08m12.8s/10m00.0s

running (08m13.8s), 195/200 VUs, 2880 complete and 0 interrupted iterations
normal_day   [  82% ] 195/200 VUs  08m13.8s/10m00.0s

running (08m14.8s), 194/200 VUs, 2883 complete and 0 interrupted iterations
normal_day   [  82% ] 194/200 VUs  08m14.8s/10m00.0s

running (08m15.8s), 194/200 VUs, 2890 complete and 0 interrupted iterations
normal_day   [  83% ] 194/200 VUs  08m15.8s/10m00.0s

running (08m16.8s), 194/200 VUs, 2895 complete and 0 interrupted iterations
normal_day   [  83% ] 194/200 VUs  08m16.8s/10m00.0s

running (08m17.8s), 193/200 VUs, 2900 complete and 0 interrupted iterations
normal_day   [  83% ] 193/200 VUs  08m17.8s/10m00.0s

running (08m18.8s), 192/200 VUs, 2905 complete and 0 interrupted iterations
normal_day   [  83% ] 192/200 VUs  08m18.8s/10m00.0s

running (08m19.8s), 192/200 VUs, 2906 complete and 0 interrupted iterations
normal_day   [  83% ] 192/200 VUs  08m19.8s/10m00.0s

running (08m20.8s), 191/200 VUs, 2912 complete and 0 interrupted iterations
normal_day   [  83% ] 191/200 VUs  08m20.8s/10m00.0s

running (08m21.8s), 191/200 VUs, 2918 complete and 0 interrupted iterations
normal_day   [  84% ] 191/200 VUs  08m21.8s/10m00.0s

running (08m22.8s), 190/200 VUs, 2927 complete and 0 interrupted iterations
normal_day   [  84% ] 190/200 VUs  08m22.8s/10m00.0s

running (08m23.8s), 188/200 VUs, 2931 complete and 0 interrupted iterations
normal_day   [  84% ] 188/200 VUs  08m23.8s/10m00.0s

running (08m24.8s), 187/200 VUs, 2935 complete and 0 interrupted iterations
normal_day   [  84% ] 187/200 VUs  08m24.8s/10m00.0s

running (08m25.8s), 186/200 VUs, 2942 complete and 0 interrupted iterations
normal_day   [  84% ] 186/200 VUs  08m25.8s/10m00.0s

running (08m26.8s), 185/200 VUs, 2948 complete and 0 interrupted iterations
normal_day   [  84% ] 185/200 VUs  08m26.8s/10m00.0s

running (08m27.8s), 181/200 VUs, 2958 complete and 0 interrupted iterations
normal_day   [  85% ] 181/200 VUs  08m27.8s/10m00.0s

running (08m28.8s), 180/200 VUs, 2962 complete and 0 interrupted iterations
normal_day   [  85% ] 180/200 VUs  08m28.8s/10m00.0s

running (08m29.8s), 178/200 VUs, 2972 complete and 0 interrupted iterations
normal_day   [  85% ] 178/200 VUs  08m29.8s/10m00.0s

running (08m30.8s), 176/200 VUs, 2981 complete and 0 interrupted iterations
normal_day   [  85% ] 176/200 VUs  08m30.8s/10m00.0s

running (08m31.8s), 173/200 VUs, 2987 complete and 1 interrupted iterations
normal_day   [  85% ] 173/200 VUs  08m31.8s/10m00.0s

running (08m32.8s), 172/200 VUs, 2990 complete and 1 interrupted iterations
normal_day   [  85% ] 172/200 VUs  08m32.8s/10m00.0s

running (08m33.8s), 171/200 VUs, 2994 complete and 1 interrupted iterations
normal_day   [  86% ] 171/200 VUs  08m33.8s/10m00.0s

running (08m34.8s), 168/200 VUs, 2997 complete and 2 interrupted iterations
normal_day   [  86% ] 168/200 VUs  08m34.8s/10m00.0s

running (08m35.8s), 166/200 VUs, 3003 complete and 2 interrupted iterations
normal_day   [  86% ] 166/200 VUs  08m35.8s/10m00.0s

running (08m36.8s), 164/200 VUs, 3007 complete and 3 interrupted iterations
normal_day   [  86% ] 164/200 VUs  08m36.8s/10m00.0s

running (08m37.8s), 162/200 VUs, 3013 complete and 4 interrupted iterations
normal_day   [  86% ] 162/200 VUs  08m37.8s/10m00.0s

running (08m38.8s), 161/200 VUs, 3017 complete and 4 interrupted iterations
normal_day   [  86% ] 161/200 VUs  08m38.8s/10m00.0s

running (08m39.8s), 160/200 VUs, 3017 complete and 5 interrupted iterations
normal_day   [  87% ] 160/200 VUs  08m39.8s/10m00.0s

running (08m40.8s), 158/200 VUs, 3023 complete and 5 interrupted iterations
normal_day   [  87% ] 158/200 VUs  08m40.8s/10m00.0s

running (08m41.8s), 157/200 VUs, 3030 complete and 5 interrupted iterations
normal_day   [  87% ] 157/200 VUs  08m41.8s/10m00.0s

running (08m42.8s), 155/200 VUs, 3041 complete and 6 interrupted iterations
normal_day   [  87% ] 155/200 VUs  08m42.8s/10m00.0s

running (08m43.8s), 155/200 VUs, 3043 complete and 6 interrupted iterations
normal_day   [  87% ] 155/200 VUs  08m43.8s/10m00.0s

running (08m44.8s), 154/200 VUs, 3047 complete and 6 interrupted iterations
normal_day   [  87% ] 154/200 VUs  08m44.8s/10m00.0s

running (08m45.8s), 152/200 VUs, 3053 complete and 8 interrupted iterations
normal_day   [  88% ] 152/200 VUs  08m45.8s/10m00.0s

running (08m46.8s), 151/200 VUs, 3054 complete and 8 interrupted iterations
normal_day   [  88% ] 151/200 VUs  08m46.8s/10m00.0s

running (08m47.8s), 151/200 VUs, 3057 complete and 8 interrupted iterations
normal_day   [  88% ] 151/200 VUs  08m47.8s/10m00.0s

running (08m48.8s), 150/200 VUs, 3060 complete and 8 interrupted iterations
normal_day   [  88% ] 150/200 VUs  08m48.8s/10m00.0s

running (08m49.8s), 148/200 VUs, 3067 complete and 9 interrupted iterations
normal_day   [  88% ] 148/200 VUs  08m49.8s/10m00.0s

running (08m50.8s), 145/200 VUs, 3072 complete and 9 interrupted iterations
normal_day   [  88% ] 145/200 VUs  08m50.8s/10m00.0s

running (08m51.8s), 144/200 VUs, 3080 complete and 9 interrupted iterations
normal_day   [  89% ] 144/200 VUs  08m51.8s/10m00.0s

running (08m52.8s), 143/200 VUs, 3088 complete and 10 interrupted iterations
normal_day   [  89% ] 143/200 VUs  08m52.8s/10m00.0s

running (08m53.8s), 142/200 VUs, 3095 complete and 10 interrupted iterations
normal_day   [  89% ] 142/200 VUs  08m53.8s/10m00.0s

running (08m54.8s), 142/200 VUs, 3097 complete and 10 interrupted iterations
normal_day   [  89% ] 142/200 VUs  08m54.8s/10m00.0s

running (08m55.8s), 139/200 VUs, 3103 complete and 11 interrupted iterations
normal_day   [  89% ] 139/200 VUs  08m55.8s/10m00.0s

running (08m56.8s), 139/200 VUs, 3111 complete and 11 interrupted iterations
normal_day   [  89% ] 139/200 VUs  08m56.8s/10m00.0s

running (08m57.8s), 133/200 VUs, 3122 complete and 11 interrupted iterations
normal_day   [  90% ] 133/200 VUs  08m57.8s/10m00.0s

running (08m58.8s), 131/200 VUs, 3124 complete and 13 interrupted iterations
normal_day   [  90% ] 131/200 VUs  08m58.8s/10m00.0s

running (08m59.8s), 131/200 VUs, 3130 complete and 13 interrupted iterations
normal_day   [  90% ] 131/200 VUs  08m59.8s/10m00.0s

running (09m00.8s), 128/200 VUs, 3136 complete and 14 interrupted iterations
normal_day   [  90% ] 128/200 VUs  09m00.8s/10m00.0s

running (09m01.8s), 127/200 VUs, 3142 complete and 15 interrupted iterations
normal_day   [  90% ] 127/200 VUs  09m01.8s/10m00.0s

running (09m02.8s), 123/200 VUs, 3154 complete and 15 interrupted iterations
normal_day   [  90% ] 123/200 VUs  09m02.8s/10m00.0s

running (09m03.8s), 121/200 VUs, 3156 complete and 16 interrupted iterations
normal_day   [  91% ] 121/200 VUs  09m03.8s/10m00.0s

running (09m04.8s), 121/200 VUs, 3159 complete and 16 interrupted iterations
normal_day   [  91% ] 121/200 VUs  09m04.8s/10m00.0s

running (09m05.8s), 117/200 VUs, 3168 complete and 16 interrupted iterations
normal_day   [  91% ] 117/200 VUs  09m05.8s/10m00.0s

running (09m06.8s), 116/200 VUs, 3176 complete and 17 interrupted iterations
normal_day   [  91% ] 116/200 VUs  09m06.8s/10m00.0s

running (09m07.8s), 115/200 VUs, 3183 complete and 17 interrupted iterations
normal_day   [  91% ] 115/200 VUs  09m07.8s/10m00.0s

running (09m08.8s), 113/200 VUs, 3186 complete and 17 interrupted iterations
normal_day   [  91% ] 113/200 VUs  09m08.8s/10m00.0s

running (09m09.8s), 111/200 VUs, 3187 complete and 18 interrupted iterations
normal_day   [  92% ] 111/200 VUs  09m09.8s/10m00.0s

running (09m10.8s), 111/200 VUs, 3189 complete and 18 interrupted iterations
normal_day   [  92% ] 111/200 VUs  09m10.8s/10m00.0s

running (09m11.8s), 110/200 VUs, 3193 complete and 18 interrupted iterations
normal_day   [  92% ] 110/200 VUs  09m11.8s/10m00.0s

running (09m12.8s), 109/200 VUs, 3196 complete and 19 interrupted iterations
normal_day   [  92% ] 109/200 VUs  09m12.8s/10m00.0s

running (09m13.8s), 105/200 VUs, 3204 complete and 19 interrupted iterations
normal_day   [  92% ] 105/200 VUs  09m13.8s/10m00.0s

running (09m14.8s), 103/200 VUs, 3207 complete and 19 interrupted iterations
normal_day   [  92% ] 103/200 VUs  09m14.8s/10m00.0s

running (09m15.8s), 103/200 VUs, 3208 complete and 19 interrupted iterations
normal_day   [  93% ] 103/200 VUs  09m15.8s/10m00.0s

running (09m16.8s), 102/200 VUs, 3210 complete and 20 interrupted iterations
normal_day   [  93% ] 102/200 VUs  09m16.8s/10m00.0s

running (09m17.8s), 101/200 VUs, 3215 complete and 20 interrupted iterations
normal_day   [  93% ] 101/200 VUs  09m17.8s/10m00.0s

running (09m18.8s), 098/200 VUs, 3220 complete and 20 interrupted iterations
normal_day   [  93% ] 098/200 VUs  09m18.8s/10m00.0s

running (09m19.8s), 097/200 VUs, 3223 complete and 20 interrupted iterations
normal_day   [  93% ] 097/200 VUs  09m19.8s/10m00.0s

running (09m20.8s), 096/200 VUs, 3227 complete and 20 interrupted iterations
normal_day   [  93% ] 096/200 VUs  09m20.8s/10m00.0s

running (09m21.8s), 095/200 VUs, 3231 complete and 20 interrupted iterations
normal_day   [  94% ] 095/200 VUs  09m21.8s/10m00.0s

running (09m22.8s), 089/200 VUs, 3241 complete and 20 interrupted iterations
normal_day   [  94% ] 089/200 VUs  09m22.8s/10m00.0s

running (09m23.8s), 087/200 VUs, 3245 complete and 21 interrupted iterations
normal_day   [  94% ] 087/200 VUs  09m23.8s/10m00.0s

running (09m24.8s), 083/200 VUs, 3253 complete and 22 interrupted iterations
normal_day   [  94% ] 083/200 VUs  09m24.8s/10m00.0s

running (09m25.8s), 080/200 VUs, 3258 complete and 22 interrupted iterations
normal_day   [  94% ] 080/200 VUs  09m25.8s/10m00.0s

running (09m26.8s), 078/200 VUs, 3265 complete and 22 interrupted iterations
normal_day   [  94% ] 078/200 VUs  09m26.8s/10m00.0s

running (09m27.8s), 076/200 VUs, 3269 complete and 22 interrupted iterations
normal_day   [  95% ] 076/200 VUs  09m27.8s/10m00.0s

running (09m28.8s), 074/200 VUs, 3273 complete and 23 interrupted iterations
normal_day   [  95% ] 074/200 VUs  09m28.8s/10m00.0s

running (09m29.8s), 072/200 VUs, 3280 complete and 23 interrupted iterations
normal_day   [  95% ] 072/200 VUs  09m29.8s/10m00.0s

running (09m30.8s), 070/200 VUs, 3286 complete and 24 interrupted iterations
normal_day   [  95% ] 070/200 VUs  09m30.8s/10m00.0s

running (09m31.8s), 068/200 VUs, 3294 complete and 24 interrupted iterations
normal_day   [  95% ] 068/200 VUs  09m31.8s/10m00.0s

running (09m32.8s), 066/200 VUs, 3298 complete and 24 interrupted iterations
normal_day   [  95% ] 066/200 VUs  09m32.8s/10m00.0s

running (09m33.8s), 064/200 VUs, 3303 complete and 24 interrupted iterations
normal_day   [  96% ] 064/200 VUs  09m33.8s/10m00.0s

running (09m34.8s), 060/200 VUs, 3311 complete and 24 interrupted iterations
normal_day   [  96% ] 060/200 VUs  09m34.8s/10m00.0s

running (09m35.8s), 057/200 VUs, 3315 complete and 24 interrupted iterations
normal_day   [  96% ] 057/200 VUs  09m35.8s/10m00.0s

running (09m36.8s), 056/200 VUs, 3318 complete and 24 interrupted iterations
normal_day   [  96% ] 056/200 VUs  09m36.8s/10m00.0s

running (09m37.8s), 055/200 VUs, 3320 complete and 24 interrupted iterations
normal_day   [  96% ] 055/200 VUs  09m37.8s/10m00.0s

running (09m38.8s), 054/200 VUs, 3323 complete and 24 interrupted iterations
normal_day   [  96% ] 054/200 VUs  09m38.8s/10m00.0s

running (09m39.8s), 054/200 VUs, 3324 complete and 24 interrupted iterations
normal_day   [  97% ] 054/200 VUs  09m39.8s/10m00.0s

running (09m40.8s), 053/200 VUs, 3327 complete and 24 interrupted iterations
normal_day   [  97% ] 053/200 VUs  09m40.8s/10m00.0s

running (09m41.8s), 048/200 VUs, 3335 complete and 24 interrupted iterations
normal_day   [  97% ] 048/200 VUs  09m41.8s/10m00.0s

running (09m42.8s), 046/200 VUs, 3338 complete and 24 interrupted iterations
normal_day   [  97% ] 046/200 VUs  09m42.8s/10m00.0s

running (09m43.8s), 044/200 VUs, 3341 complete and 24 interrupted iterations
normal_day   [  97% ] 044/200 VUs  09m43.8s/10m00.0s

running (09m44.8s), 039/200 VUs, 3350 complete and 24 interrupted iterations
normal_day   [  97% ] 039/200 VUs  09m44.8s/10m00.0s

running (09m45.8s), 039/200 VUs, 3351 complete and 24 interrupted iterations
normal_day   [  98% ] 039/200 VUs  09m45.8s/10m00.0s

running (09m46.8s), 037/200 VUs, 3353 complete and 24 interrupted iterations
normal_day   [  98% ] 037/200 VUs  09m46.8s/10m00.0s

running (09m47.8s), 037/200 VUs, 3353 complete and 24 interrupted iterations
normal_day   [  98% ] 037/200 VUs  09m47.8s/10m00.0s

running (09m48.8s), 035/200 VUs, 3359 complete and 24 interrupted iterations
normal_day   [  98% ] 035/200 VUs  09m48.8s/10m00.0s

running (09m49.8s), 035/200 VUs, 3361 complete and 24 interrupted iterations
normal_day   [  98% ] 035/200 VUs  09m49.8s/10m00.0s

running (09m50.8s), 034/200 VUs, 3363 complete and 24 interrupted iterations
normal_day   [  98% ] 034/200 VUs  09m50.8s/10m00.0s

running (09m51.8s), 032/200 VUs, 3365 complete and 24 interrupted iterations
normal_day   [  99% ] 032/200 VUs  09m51.8s/10m00.0s

running (09m52.8s), 030/200 VUs, 3369 complete and 24 interrupted iterations
normal_day   [  99% ] 030/200 VUs  09m52.8s/10m00.0s

running (09m53.8s), 028/200 VUs, 3372 complete and 24 interrupted iterations
normal_day   [  99% ] 028/200 VUs  09m53.8s/10m00.0s

running (09m54.8s), 027/200 VUs, 3373 complete and 24 interrupted iterations
normal_day   [  99% ] 027/200 VUs  09m54.8s/10m00.0s

running (09m55.8s), 024/200 VUs, 3376 complete and 24 interrupted iterations
normal_day   [  99% ] 024/200 VUs  09m55.8s/10m00.0s

running (09m56.8s), 021/200 VUs, 3381 complete and 24 interrupted iterations
normal_day   [  99% ] 021/200 VUs  09m56.8s/10m00.0s

running (09m57.8s), 020/200 VUs, 3382 complete and 24 interrupted iterations
normal_day   [ 100% ] 020/200 VUs  09m57.8s/10m00.0s

running (09m58.8s), 017/200 VUs, 3385 complete and 24 interrupted iterations
normal_day   [ 100% ] 017/200 VUs  09m58.8s/10m00.0s

running (09m59.8s), 014/200 VUs, 3388 complete and 24 interrupted iterations
normal_day   [ 100% ] 014/200 VUs  09m59.8s/10m00.0s

running (10m00.8s), 012/200 VUs, 3390 complete and 24 interrupted iterations
normal_day ↓ [ 100% ] 013/200 VUs  10m0s

running (10m01.8s), 009/200 VUs, 3393 complete and 24 interrupted iterations
normal_day ↓ [ 100% ] 013/200 VUs  10m0s

running (10m02.8s), 008/200 VUs, 3394 complete and 24 interrupted iterations
normal_day ↓ [ 100% ] 013/200 VUs  10m0s

running (10m03.8s), 008/200 VUs, 3394 complete and 24 interrupted iterations
normal_day ↓ [ 100% ] 013/200 VUs  10m0s

running (10m04.8s), 008/200 VUs, 3394 complete and 24 interrupted iterations
normal_day ↓ [ 100% ] 013/200 VUs  10m0s

running (10m05.8s), 007/200 VUs, 3395 complete and 24 interrupted iterations
normal_day ↓ [ 100% ] 013/200 VUs  10m0s

running (10m06.8s), 005/200 VUs, 3397 complete and 24 interrupted iterations
normal_day ↓ [ 100% ] 013/200 VUs  10m0s

running (10m07.8s), 002/200 VUs, 3400 complete and 24 interrupted iterations
normal_day ↓ [ 100% ] 013/200 VUs  10m0s

running (10m08.7s), 000/200 VUs, 3402 complete and 24 interrupted iterations
normal_day ✓ [ 100% ] 000/200 VUs  10m0s
[32m     ✓ login 200[0m
[32m     ✓ board list 200[0m
[32m     ✓ post detail 200[0m
[32m     ✓ post create 2xx[0m
[32m     ✓ hot daily 200[0m
[32m     ✓ scrap 2xx[0m
[32m     ✓ unread count 200[0m
[32m     ✓ user info 200[0m
[32m     ✓ comment create 2xx[0m
[32m     ✓ post list 200[0m
[32m     ✓ post search 200[0m
[32m     ✓ my posts 200[0m
[32m     ✓ friend list 200[0m
[32m     ✓ chat rooms 200[0m
[32m     ✓ post reaction 2xx[0m
[32m     ✓ meal today 200[0m
[32m     ✓ comment list 200[0m
[32m     ✓ notif list 200[0m
[32m     ✓ received reqs 200[0m
[32m     ✓ chat messages 200[0m
[32m     ✓ read all 200[0m
[32m     ✓ timetable today 200[0m
[32m     ✓ chat read 200[0m
[32m     ✓ comment reaction 200[0m
[32m     ✓ logout 200[0m
[32m     ✓ ws handshake 101[0m
[32m     ✓ refresh 200[0m
[32m     ✓ read one 200[0m
[32m     ✓ post update 200[0m
[32m     ✓ post delete 200[0m
[32m     ✓ meal month 200[0m

     auth_token_refreshes[2m...........:[0m [36m34[0m      [36;2m0.055854/s[0m
     chat_ws_messages_sent[2m..........:[0m [36m928[0m     [36;2m1.524476/s[0m
     chat_ws_rtt[2m....................:[0m avg=[36m2.33s[0m   min=[36m19ms[0m    med=[36m2.02s[0m    max=[36m13.34s[0m   p(90)=[36m4.62s[0m    p(95)=[36m5.82s[0m   p(99)=[36m7.68s[0m   
     checks[2m.........................:[0m [36m100.00%[0m [36;2m✓ 14642[0m     [36;2m✗ 0[0m    
     [32m✓[0m { phase:measure }[2m............:[0m [36m100.00%[0m [36;2m✓ 8425[0m      [36;2m✗ 0[0m    
     [32m✓[0m { phase:rampdown }[2m...........:[0m [36m100.00%[0m [36;2m✓ 2443[0m      [36;2m✗ 0[0m    
     [32m✓[0m { phase:warmup }[2m.............:[0m [36m100.00%[0m [36;2m✓ 3774[0m      [36;2m✗ 0[0m    
     data_received[2m..................:[0m [36m650 MB[0m  [36;2m1.1 MB/s[0m
     data_sent[2m......................:[0m [36m5.9 MB[0m  [36;2m9.8 kB/s[0m
     http_req_blocked[2m...............:[0m avg=[36m17.08µs[0m min=[36m1.51µs[0m  med=[36m5.97µs[0m   max=[36m42.74ms[0m  p(90)=[36m9.73µs[0m   p(95)=[36m12.81µs[0m p(99)=[36m306.71µs[0m
     http_req_connecting[2m............:[0m avg=[36m7.07µs[0m  min=[36m0s[0m      med=[36m0s[0m       max=[36m42.63ms[0m  p(90)=[36m0s[0m       p(95)=[36m0s[0m      p(99)=[36m206.87µs[0m
     http_req_duration[2m..............:[0m avg=[36m4.1s[0m    min=[36m2.35ms[0m  med=[36m3.61s[0m    max=[36m29.37s[0m   p(90)=[36m7.88s[0m    p(95)=[36m9.31s[0m   p(99)=[36m13.65s[0m  
       { expected_response:true }[2m...:[0m avg=[36m4.1s[0m    min=[36m2.35ms[0m  med=[36m3.61s[0m    max=[36m29.37s[0m   p(90)=[36m7.88s[0m    p(95)=[36m9.31s[0m   p(99)=[36m13.65s[0m  
     [32m✓[0m { feature:auth }[2m.............:[0m avg=[36m2.16s[0m   min=[36m23.91ms[0m med=[36m1.58s[0m    max=[36m10.42s[0m   p(90)=[36m4.99s[0m    p(95)=[36m6.3s[0m    p(99)=[36m8.15s[0m   
     [32m✓[0m { feature:board }[2m............:[0m avg=[36m3.86s[0m   min=[36m2.62ms[0m  med=[36m3.49s[0m    max=[36m14.68s[0m   p(90)=[36m7.29s[0m    p(95)=[36m8.54s[0m   p(99)=[36m10.88s[0m  
     [32m✓[0m { feature:chat }[2m.............:[0m avg=[36m4.11s[0m   min=[36m2.88ms[0m  med=[36m3.73s[0m    max=[36m15.41s[0m   p(90)=[36m7.43s[0m    p(95)=[36m8.74s[0m   p(99)=[36m10.87s[0m  
     [32m✓[0m { feature:comment }[2m..........:[0m avg=[36m5.62s[0m   min=[36m2.64ms[0m  med=[36m4.89s[0m    max=[36m29.37s[0m   p(90)=[36m11.42s[0m   p(95)=[36m13.72s[0m  p(99)=[36m17.29s[0m  
     [32m✓[0m { feature:friend }[2m...........:[0m avg=[36m3.97s[0m   min=[36m5.83ms[0m  med=[36m3.84s[0m    max=[36m13.26s[0m   p(90)=[36m6.94s[0m    p(95)=[36m7.97s[0m   p(99)=[36m9.14s[0m   
     [32m✓[0m { feature:hot }[2m..............:[0m avg=[36m3.94s[0m   min=[36m10.16ms[0m med=[36m3.64s[0m    max=[36m16.64s[0m   p(90)=[36m7.38s[0m    p(95)=[36m8.75s[0m   p(99)=[36m10.35s[0m  
     [32m✓[0m { feature:mypage }[2m...........:[0m avg=[36m4.23s[0m   min=[36m4.67ms[0m  med=[36m3.66s[0m    max=[36m13.58s[0m   p(90)=[36m8.46s[0m    p(95)=[36m9.37s[0m   p(99)=[36m11.13s[0m  
     [32m✓[0m { feature:notification }[2m.....:[0m avg=[36m4.01s[0m   min=[36m3.36ms[0m  med=[36m3.71s[0m    max=[36m12.74s[0m   p(90)=[36m7.25s[0m    p(95)=[36m8.65s[0m   p(99)=[36m10.32s[0m  
     [32m✓[0m { feature:post }[2m.............:[0m avg=[36m3.67s[0m   min=[36m2.35ms[0m  med=[36m3.29s[0m    max=[36m15.37s[0m   p(90)=[36m7.19s[0m    p(95)=[36m8.51s[0m   p(99)=[36m10.42s[0m  
     [32m✓[0m { feature:reaction }[2m.........:[0m avg=[36m3.99s[0m   min=[36m19.53ms[0m med=[36m3.5s[0m     max=[36m17.48s[0m   p(90)=[36m7.31s[0m    p(95)=[36m8.56s[0m   p(99)=[36m11.2s[0m   
     [32m✓[0m { feature:school }[2m...........:[0m avg=[36m4.01s[0m   min=[36m4.98ms[0m  med=[36m3.59s[0m    max=[36m14.35s[0m   p(90)=[36m7.75s[0m    p(95)=[36m8.84s[0m   p(99)=[36m10.42s[0m  
     [32m✓[0m { feature:scrap }[2m............:[0m avg=[36m4s[0m      min=[36m22.78ms[0m med=[36m4.42s[0m    max=[36m9.77s[0m    p(90)=[36m7.38s[0m    p(95)=[36m7.88s[0m   p(99)=[36m9.06s[0m   
     [32m✓[0m { feature:timetable }[2m........:[0m avg=[36m4.47s[0m   min=[36m4.6ms[0m   med=[36m4.28s[0m    max=[36m11.6s[0m    p(90)=[36m8.43s[0m    p(95)=[36m9.74s[0m   p(99)=[36m10.98s[0m  
     [32m✓[0m { op:auth }[2m..................:[0m avg=[36m2.16s[0m   min=[36m23.91ms[0m med=[36m1.58s[0m    max=[36m10.42s[0m   p(90)=[36m4.99s[0m    p(95)=[36m6.3s[0m    p(99)=[36m8.15s[0m   
     [31m✗[0m { op:read,phase:measure }[2m....:[0m avg=[36m4.8s[0m    min=[36m2.64ms[0m  med=[36m4.2s[0m     max=[36m22.9s[0m    p(90)=[36m8.57s[0m    p(95)=[36m9.73s[0m   p(99)=[36m13.57s[0m  
     [31m✗[0m { op:write,phase:measure }[2m...:[0m avg=[36m5.23s[0m   min=[36m30.2ms[0m  med=[36m4.91s[0m    max=[36m17.48s[0m   p(90)=[36m8.75s[0m    p(95)=[36m9.75s[0m   p(99)=[36m12.8s[0m   
     [32m✓[0m { page:0 }[2m...................:[0m avg=[36m2.52s[0m   min=[36m2.35ms[0m  med=[36m2.22s[0m    max=[36m11.65s[0m   p(90)=[36m5.16s[0m    p(95)=[36m6.77s[0m   p(99)=[36m9.18s[0m   
     [32m✓[0m { page:1 }[2m...................:[0m avg=[36m2.63s[0m   min=[36m2.57ms[0m  med=[36m2.14s[0m    max=[36m11.44s[0m   p(90)=[36m5.63s[0m    p(95)=[36m6.83s[0m   p(99)=[36m9.36s[0m   
     [32m✓[0m { page:2 }[2m...................:[0m avg=[36m2.6s[0m    min=[36m2.91ms[0m  med=[36m2.42s[0m    max=[36m8.75s[0m    p(90)=[36m4.7s[0m     p(95)=[36m5.83s[0m   p(99)=[36m7.28s[0m   
     [32m✓[0m { page:3 }[2m...................:[0m avg=[36m2.84s[0m   min=[36m4.25ms[0m  med=[36m2.61s[0m    max=[36m11.78s[0m   p(90)=[36m5.39s[0m    p(95)=[36m5.94s[0m   p(99)=[36m10.8s[0m   
     [32m✓[0m { page:4 }[2m...................:[0m avg=[36m2.48s[0m   min=[36m10.88ms[0m med=[36m2.07s[0m    max=[36m8.52s[0m    p(90)=[36m4.86s[0m    p(95)=[36m6.01s[0m   p(99)=[36m7.36s[0m   
     [32m✓[0m { phase:measure }[2m............:[0m avg=[36m4.83s[0m   min=[36m2.64ms[0m  med=[36m4.23s[0m    max=[36m22.9s[0m    p(90)=[36m8.59s[0m    p(95)=[36m9.73s[0m   p(99)=[36m13.51s[0m  
     [32m✓[0m { phase:rampdown }[2m...........:[0m avg=[36m3.93s[0m   min=[36m2.35ms[0m  med=[36m3.48s[0m    max=[36m20.9s[0m    p(90)=[36m7.5s[0m     p(95)=[36m8.86s[0m   p(99)=[36m13.77s[0m  
     [32m✓[0m { phase:warmup }[2m.............:[0m avg=[36m2.62s[0m   min=[36m2.88ms[0m  med=[36m1.8s[0m     max=[36m29.37s[0m   p(90)=[36m6.39s[0m    p(95)=[36m7.31s[0m   p(99)=[36m13.75s[0m  
     http_req_failed[2m................:[0m [36m0.00%[0m   [36;2m✓ 0[0m         [36;2m✗ 14474[0m
     [32m✓[0m { phase:measure }[2m............:[0m [36m0.00%[0m   [36;2m✓ 0[0m         [36;2m✗ 8380[0m 
     [32m✓[0m { phase:rampdown }[2m...........:[0m [36m0.00%[0m   [36;2m✓ 0[0m         [36;2m✗ 2241[0m 
     [32m✓[0m { phase:warmup }[2m.............:[0m [36m0.00%[0m   [36;2m✓ 0[0m         [36;2m✗ 3853[0m 
     http_req_receiving[2m.............:[0m avg=[36m1.69ms[0m  min=[36m12.38µs[0m med=[36m252.77µs[0m max=[36m711.46ms[0m p(90)=[36m882.87µs[0m p(95)=[36m3.19ms[0m  p(99)=[36m62.7ms[0m  
     http_req_sending[2m...............:[0m avg=[36m38.48µs[0m min=[36m5.25µs[0m  med=[36m31.92µs[0m  max=[36m2.11ms[0m   p(90)=[36m65.53µs[0m  p(95)=[36m80.23µs[0m p(99)=[36m136.24µs[0m
     http_req_tls_handshaking[2m.......:[0m avg=[36m0s[0m      min=[36m0s[0m      med=[36m0s[0m       max=[36m0s[0m       p(90)=[36m0s[0m       p(95)=[36m0s[0m      p(99)=[36m0s[0m      
     http_req_waiting[2m...............:[0m avg=[36m4.1s[0m    min=[36m2.09ms[0m  med=[36m3.61s[0m    max=[36m29.27s[0m   p(90)=[36m7.88s[0m    p(95)=[36m9.31s[0m   p(99)=[36m13.58s[0m  
     http_reqs[2m......................:[0m [36m14474[0m   [36;2m23.77723/s[0m
     [32m✓[0m { feature:auth }[2m.............:[0m [36m306[0m     [36;2m0.502683/s[0m
     [32m✓[0m { feature:board }[2m............:[0m [36m1325[0m    [36;2m2.17665/s[0m
     [32m✓[0m { feature:chat }[2m.............:[0m [36m1173[0m    [36;2m1.926951/s[0m
     [32m✓[0m { feature:comment }[2m..........:[0m [36m2515[0m    [36;2m4.131528/s[0m
     [32m✓[0m { feature:friend }[2m...........:[0m [36m261[0m     [36;2m0.428759/s[0m
     [32m✓[0m { feature:hot }[2m..............:[0m [36m1325[0m    [36;2m2.17665/s[0m
     [32m✓[0m { feature:mypage }[2m...........:[0m [36m204[0m     [36;2m0.335122/s[0m
     [32m✓[0m { feature:notification }[2m.....:[0m [36m640[0m     [36;2m1.051363/s[0m
     [32m✓[0m { feature:post }[2m.............:[0m [36m6079[0m    [36;2m9.986305/s[0m
     [32m✓[0m { feature:reaction }[2m.........:[0m [36m284[0m     [36;2m0.466542/s[0m
     [32m✓[0m { feature:school }[2m...........:[0m [36m157[0m     [36;2m0.257912/s[0m
     [32m✓[0m { feature:scrap }[2m............:[0m [36m70[0m      [36;2m0.114993/s[0m
     [32m✓[0m { feature:timetable }[2m........:[0m [36m135[0m     [36;2m0.221772/s[0m
     [32m✓[0m { op:auth }[2m..................:[0m [36m306[0m     [36;2m0.502683/s[0m
     [32m✓[0m { op:read }[2m..................:[0m [36m13106[0m   [36;2m21.529942/s[0m
     [32m✓[0m { op:write }[2m.................:[0m [36m1062[0m    [36;2m1.744605/s[0m
     [32m✓[0m { page:0 }[2m...................:[0m [36m698[0m     [36;2m1.146643/s[0m
     [32m✓[0m { page:1 }[2m...................:[0m [36m284[0m     [36;2m0.466542/s[0m
     [32m✓[0m { page:2 }[2m...................:[0m [36m153[0m     [36;2m0.251341/s[0m
     [32m✓[0m { page:3 }[2m...................:[0m [36m115[0m     [36;2m0.188917/s[0m
     [32m✓[0m { page:4 }[2m...................:[0m [36m75[0m      [36;2m0.123207/s[0m
     [32m✓[0m { phase:measure }[2m............:[0m [36m8380[0m    [36;2m13.766284/s[0m
     [32m✓[0m { phase:rampdown }[2m...........:[0m [36m2241[0m    [36;2m3.681413/s[0m
     [32m✓[0m { phase:warmup }[2m.............:[0m [36m3853[0m    [36;2m6.329534/s[0m
     iteration_duration[2m.............:[0m avg=[36m26.96s[0m  min=[36m1.1s[0m    med=[36m20.31s[0m   max=[36m1m41s[0m    p(90)=[36m57.27s[0m   p(95)=[36m1m4s[0m    p(99)=[36m1m17s[0m   
     iterations[2m.....................:[0m [36m3402[0m    [36;2m5.588651/s[0m
     [32m✓[0m { phase:measure }[2m............:[0m [36m0[0m       [36;2m0/s[0m
     [32m✓[0m { phase:rampdown }[2m...........:[0m [36m0[0m       [36;2m0/s[0m
     [32m✓[0m { phase:warmup }[2m.............:[0m [36m0[0m       [36;2m0/s[0m
     phase_iterations[2m...............:[0m [36m3402[0m    [36;2m5.588651/s[0m
     [32m✓[0m { phase:measure }[2m............:[0m [36m2016[0m    [36;2m3.311793/s[0m
     [32m✓[0m { phase:rampdown }[2m...........:[0m [36m600[0m     [36;2m0.985653/s[0m
     [32m✓[0m { phase:warmup }[2m.............:[0m [36m786[0m     [36;2m1.291205/s[0m
     vus[2m............................:[0m [36m2[0m       [36;2mmin=0[0m       [36;2mmax=200[0m
     vus_max[2m........................:[0m [36m200[0m     [36;2mmin=200[0m     [36;2mmax=200[0m
     ws_connecting[2m..................:[0m avg=[36m3.38s[0m   min=[36m2.88ms[0m  med=[36m3.09s[0m    max=[36m10.9s[0m    p(90)=[36m6.55s[0m    p(95)=[36m7.4s[0m    p(99)=[36m9.59s[0m   
     ws_msgs_received[2m...............:[0m [36m985[0m     [36;2m1.618113/s[0m
     ws_msgs_sent[2m...................:[0m [36m1264[0m    [36;2m2.076442/s[0m
     ws_session_duration[2m............:[0m avg=[36m25.59s[0m  min=[36m16.07s[0m  med=[36m25.1s[0m    max=[36m36.53s[0m   p(90)=[36m32.19s[0m   p(95)=[36m33.63s[0m  p(99)=[36m35.3s[0m   
     ws_sessions[2m....................:[0m [36m168[0m     [36;2m0.275983/s[0m
running (10m08.7s), 000/200 VUs, 3402 complete and 24 interrupted iterations
normal_day ✓ [ 100% ] 000/200 VUs  10m0s
  호스트(Windows) 117표본 · CPU 42.5% (max 57.3) · 주파수 113.8% (min 87.6) · 대기스레드 16.25 · 가용메모리 4091MB
  부하 중 벤치(warmup +60초, 3회 중앙값) · single 6191ms (유휴 대비 23.8%) · parallel 5154ms (유휴 대비 -10.4%) · ctxswitch 3101ms (유휴 대비 39.9%)

  실행 후 상태 sha256:28061685cc05 — chat_messages.maxId +928, chat_messages.count +923, posts.maxId +160, comments.count +144, comments.maxId +144 (외 13개)
    (지문 제외 항목: posts.sumViewCount +3577, daily_hot_post.count +51)
Prometheus 스크레이프 대기 20초...

══════════════════════════════════════════════════════════════════════════
  Performance Report — normal-day   Run #96   ❌ FAIL
══════════════════════════════════════════════════════════════════════════
  환경 perf  |  브랜치 personal/localdocs  |  커밋 3e96d946  |  빌드 local
  시작 2026-08-19 17:59:58 KST  |  수행 10m 9s  |  VU max 200
  데이터셋 medium  |  부하 ramping-vus 0→200@3m0s→200@5m0s→0@2m0s

  ── 성능 (measure 구간) ─────────────────────────────────────────
  평균 4.83s     P95 9.73s     P99 13.52s   
  RPS  27.9      TPS 6.72      오류율 0.00%

  ── 인프라 ────────────────────────────────────────────────────────
  CPU  2.00 core (한계의 100%)   throttled 99.9%
  Heap 769 MB (75%)   GC max 414ms × 121회
  DB   slow 1,202  QPS 7,351  풀 100%  대기 179
  Redis hit 98.6%  ops 148.1/s  evicted 0

  ── 회귀 (기준: normal-day-2026-08-19T08-57-15) ────────────────
  ⚠  기준선은 당시 k6 threshold 미통과 실행입니다, 당시 Node 판정 FAIL.
     아래 증감률은 개선/악화 폭이며 현재 SLO 통과를 뜻하지 않습니다.
  ❌ P95 응답시간                   10.61s → 9.73s (-8.2%)
       9735 > 상한 500
  ❌ P99 응답시간                   14.41s → 13.52s (-6.2%)
       13517 > 상한 1200
  ❌ CPU 포화도 (한계 대비 최대)         100.0% → 100.1% (+0.0%)
       100 > 상한 95.00
  ❌ CPU throttling 비율          100.0% → 99.9% (-0.1%)
       99.86 > 상한 10.00
  ⚠️  GC 최대 정지시간                 188ms → 414ms (+120.2%)
       414 > 상한 200
       직전 대비 +120.2% 악화 (경고 30%)
  ❌ HikariCP 포화도               100.0% → 100.0% (0.0%)
       100 > 상한 95.00
  ❌ HikariCP 대기 스레드 최대         179 → 179 (0.0%)
       179 > 상한 5.00
  ❌ 커넥션 획득 p95                 6.11s → 5.49s (-10.1%)
       5491 > 상한 100

  ── 병목 가설 ─────────────────────────────────────────────────────
  • CPU throttling 발생
    cgroup이 CPU를 강제 회수한 주기가 99.9%다. CPU 한계(2 core)를 올리거나 요청당 CPU 사용을 줄여야 p99가 안정된다.
  • DB 커넥션 풀 대기 발생
    최대 179개 스레드가 커넥션을 기다렸다. 풀 크기(10)가 동시성 대비 부족하거나, 커넥션 보유 시간이 긴 쿼리가 있다.
  • DB 커넥션 풀 포화
    풀 사용률이 100%까지 올라갔다. 여유가 거의 없어 부하가 조금만 늘어도 대기가 생긴다.
  • CPU 포화
    CPU 사용이 한계의 100%에 도달했다.

  보고서 : reports\runs\normal-day-2026-08-19T09-10-07\report.html
  Grafana(전체 실행): http://localhost:3001/d/htd-perf-overview/highteenday-performance-overview?from=1787129878623&to=1787130727357
  Grafana(measure) : http://localhost:3001/d/htd-perf-overview/highteenday-performance-overview?from=1787130058623&to=1787130598623
══════════════════════════════════════════════════════════════════════════

  [7/10] p95 9735.0ms · 평균 4830.4ms · 서버측 4792.8ms · 경로 37.6ms

──────── [8/10] 리셋 (restart) ────────

▶ k6 run scenarios/normal-day.js
  브랜치 personal/localdocs · 커밋 3e96d9463207 · 실행자 user@DESKTOP-DJJPASG
  환경 perf · "E-46 우선순위 7 — 예열인가 드리프트인가(연속 10회, 부하 중 벤치 포함) — repeatability 8/10"
  데이터셋 medium · 상태 sha256:28061685cc05 (158ms)
  캐시 cold (키 0개)
  guard strict — 상태 불일치 시 스냅샷 복원 후 재확인 [perf.config.json]
    guard=strict — 스냅샷으로 복원합니다.
▶ 복원 — medium-20260816-062210 → perf-mysql-data-medium
  앱·MySQL 정지
  MySQL 기동
  Redis FLUSHALL (복원 후 캐시는 cold 다)
  앱 기동
  복원 후 상태 지문 sha256:ffe696d17416 = 스냅샷 일치

✅ 복원 완료 · 소요 5.6초 (압축 해제 구간)

  부하 발생기: 컨테이너 perf-k6 (grafana/k6:2.1.0, CPU 상한 4)
  k6 지표 전송: http://prometheus:9090/api/v1/write (native histogram, 5s 간격)
  환경 대조 벤치 실행 중(3축 3회, 약 40초)... single 5753ms · parallel 4990ms · ctxswitch 2510ms
  부하 중 벤치 예약: k6 시작 +60초 (warmup 구간, 3회)

         /\      Grafana   /‾‾/  
    /\  /  \     |\  __   /  /   
   /  \/    \    | |/ /  /   ‾‾\ 
  /          \   |   (  |  (‾)  |
 / __________ \  |_|\_\  \_____/ 


     execution: local
        script: scenarios/normal-day.js
        output: Prometheus remote write (http://prometheus:9090/api/v1/write)

     scenarios: (100.00%) 1 scenario, 200 max VUs, 10m30s max duration (incl. graceful stop):
              * normal_day: Up to 200 looping VUs for 10m0s over 3 stages (gracefulRampDown: 30s, gracefulStop: 30s)


running (00m00.8s), 000/200 VUs, 0 complete and 0 interrupted iterations
normal_day   [   0% ] 000/200 VUs  00m00.8s/10m00.0s

running (00m01.8s), 001/200 VUs, 0 complete and 0 interrupted iterations
normal_day   [   0% ] 001/200 VUs  00m01.8s/10m00.0s

running (00m02.8s), 003/200 VUs, 0 complete and 0 interrupted iterations
normal_day   [   0% ] 003/200 VUs  00m02.8s/10m00.0s

running (00m03.8s), 004/200 VUs, 0 complete and 0 interrupted iterations
normal_day   [   1% ] 004/200 VUs  00m03.8s/10m00.0s

running (00m04.8s), 005/200 VUs, 0 complete and 0 interrupted iterations
normal_day   [   1% ] 005/200 VUs  00m04.8s/10m00.0s

running (00m05.8s), 006/200 VUs, 0 complete and 0 interrupted iterations
normal_day   [   1% ] 006/200 VUs  00m05.8s/10m00.0s

running (00m06.8s), 007/200 VUs, 1 complete and 0 interrupted iterations
normal_day   [   1% ] 007/200 VUs  00m06.8s/10m00.0s

running (00m07.8s), 008/200 VUs, 1 complete and 0 interrupted iterations
normal_day   [   1% ] 008/200 VUs  00m07.8s/10m00.0s

running (00m08.8s), 009/200 VUs, 1 complete and 0 interrupted iterations
normal_day   [   1% ] 009/200 VUs  00m08.8s/10m00.0s

running (00m09.8s), 010/200 VUs, 2 complete and 0 interrupted iterations
normal_day   [   2% ] 010/200 VUs  00m09.8s/10m00.0s

running (00m10.8s), 011/200 VUs, 3 complete and 0 interrupted iterations
normal_day   [   2% ] 011/200 VUs  00m10.8s/10m00.0s

running (00m11.8s), 013/200 VUs, 4 complete and 0 interrupted iterations
normal_day   [   2% ] 013/200 VUs  00m11.8s/10m00.0s

running (00m12.8s), 014/200 VUs, 4 complete and 0 interrupted iterations
normal_day   [   2% ] 014/200 VUs  00m12.8s/10m00.0s

running (00m13.8s), 015/200 VUs, 6 complete and 0 interrupted iterations
normal_day   [   2% ] 015/200 VUs  00m13.8s/10m00.0s

running (00m14.8s), 016/200 VUs, 7 complete and 0 interrupted iterations
normal_day   [   2% ] 016/200 VUs  00m14.8s/10m00.0s

running (00m15.8s), 017/200 VUs, 9 complete and 0 interrupted iterations
normal_day   [   3% ] 017/200 VUs  00m15.8s/10m00.0s

running (00m16.8s), 018/200 VUs, 11 complete and 0 interrupted iterations
normal_day   [   3% ] 018/200 VUs  00m16.8s/10m00.0s

running (00m17.8s), 019/200 VUs, 13 complete and 0 interrupted iterations
normal_day   [   3% ] 019/200 VUs  00m17.8s/10m00.0s

running (00m18.8s), 020/200 VUs, 14 complete and 0 interrupted iterations
normal_day   [   3% ] 020/200 VUs  00m18.8s/10m00.0s

running (00m19.8s), 021/200 VUs, 16 complete and 0 interrupted iterations
normal_day   [   3% ] 021/200 VUs  00m19.8s/10m00.0s

running (00m20.8s), 023/200 VUs, 19 complete and 0 interrupted iterations
normal_day   [   3% ] 023/200 VUs  00m20.8s/10m00.0s

running (00m21.8s), 024/200 VUs, 19 complete and 0 interrupted iterations
normal_day   [   4% ] 024/200 VUs  00m21.8s/10m00.0s

running (00m22.8s), 025/200 VUs, 23 complete and 0 interrupted iterations
normal_day   [   4% ] 025/200 VUs  00m22.8s/10m00.0s

running (00m23.8s), 026/200 VUs, 25 complete and 0 interrupted iterations
normal_day   [   4% ] 026/200 VUs  00m23.8s/10m00.0s

running (00m24.8s), 027/200 VUs, 28 complete and 0 interrupted iterations
normal_day   [   4% ] 027/200 VUs  00m24.8s/10m00.0s

running (00m25.8s), 028/200 VUs, 29 complete and 0 interrupted iterations
normal_day   [   4% ] 028/200 VUs  00m25.8s/10m00.0s

running (00m26.8s), 029/200 VUs, 30 complete and 0 interrupted iterations
normal_day   [   4% ] 029/200 VUs  00m26.8s/10m00.0s

running (00m27.8s), 030/200 VUs, 31 complete and 0 interrupted iterations
normal_day   [   5% ] 030/200 VUs  00m27.8s/10m00.0s

running (00m28.8s), 031/200 VUs, 31 complete and 0 interrupted iterations
normal_day   [   5% ] 031/200 VUs  00m28.8s/10m00.0s

running (00m29.8s), 033/200 VUs, 32 complete and 0 interrupted iterations
normal_day   [   5% ] 033/200 VUs  00m29.8s/10m00.0s

running (00m30.8s), 034/200 VUs, 36 complete and 0 interrupted iterations
normal_day   [   5% ] 034/200 VUs  00m30.8s/10m00.0s

running (00m31.8s), 035/200 VUs, 37 complete and 0 interrupted iterations
normal_day   [   5% ] 035/200 VUs  00m31.8s/10m00.0s

running (00m32.8s), 036/200 VUs, 37 complete and 0 interrupted iterations
normal_day   [   5% ] 036/200 VUs  00m32.8s/10m00.0s

running (00m33.8s), 037/200 VUs, 37 complete and 0 interrupted iterations
normal_day   [   6% ] 037/200 VUs  00m33.8s/10m00.0s

running (00m34.8s), 038/200 VUs, 39 complete and 0 interrupted iterations
normal_day   [   6% ] 038/200 VUs  00m34.8s/10m00.0s

running (00m35.8s), 039/200 VUs, 40 complete and 0 interrupted iterations
normal_day   [   6% ] 039/200 VUs  00m35.8s/10m00.0s

running (00m36.8s), 040/200 VUs, 44 complete and 0 interrupted iterations
normal_day   [   6% ] 040/200 VUs  00m36.8s/10m00.0s

running (00m37.8s), 041/200 VUs, 47 complete and 0 interrupted iterations
normal_day   [   6% ] 041/200 VUs  00m37.8s/10m00.0s

running (00m38.8s), 043/200 VUs, 53 complete and 0 interrupted iterations
normal_day   [   6% ] 043/200 VUs  00m38.8s/10m00.0s

running (00m39.8s), 044/200 VUs, 54 complete and 0 interrupted iterations
normal_day   [   7% ] 044/200 VUs  00m39.8s/10m00.0s

running (00m40.8s), 045/200 VUs, 56 complete and 0 interrupted iterations
normal_day   [   7% ] 045/200 VUs  00m40.8s/10m00.0s

running (00m41.8s), 046/200 VUs, 62 complete and 0 interrupted iterations
normal_day   [   7% ] 046/200 VUs  00m41.8s/10m00.0s

running (00m42.8s), 047/200 VUs, 68 complete and 0 interrupted iterations
normal_day   [   7% ] 047/200 VUs  00m42.8s/10m00.0s

running (00m43.8s), 048/200 VUs, 73 complete and 0 interrupted iterations
normal_day   [   7% ] 048/200 VUs  00m43.8s/10m00.0s

running (00m44.8s), 049/200 VUs, 76 complete and 0 interrupted iterations
normal_day   [   7% ] 049/200 VUs  00m44.8s/10m00.0s

running (00m45.8s), 050/200 VUs, 82 complete and 0 interrupted iterations
normal_day   [   8% ] 050/200 VUs  00m45.8s/10m00.0s

running (00m46.8s), 051/200 VUs, 88 complete and 0 interrupted iterations
normal_day   [   8% ] 051/200 VUs  00m46.8s/10m00.0s

running (00m47.8s), 053/200 VUs, 91 complete and 0 interrupted iterations
normal_day   [   8% ] 053/200 VUs  00m47.8s/10m00.0s

running (00m48.8s), 054/200 VUs, 96 complete and 0 interrupted iterations
normal_day   [   8% ] 054/200 VUs  00m48.8s/10m00.0s

running (00m49.8s), 055/200 VUs, 102 complete and 0 interrupted iterations
normal_day   [   8% ] 055/200 VUs  00m49.8s/10m00.0s

running (00m50.8s), 056/200 VUs, 108 complete and 0 interrupted iterations
normal_day   [   8% ] 056/200 VUs  00m50.8s/10m00.0s

running (00m51.8s), 057/200 VUs, 115 complete and 0 interrupted iterations
normal_day   [   9% ] 057/200 VUs  00m51.8s/10m00.0s

running (00m52.8s), 058/200 VUs, 120 complete and 0 interrupted iterations
normal_day   [   9% ] 058/200 VUs  00m52.8s/10m00.0s

running (00m53.8s), 059/200 VUs, 126 complete and 0 interrupted iterations
normal_day   [   9% ] 059/200 VUs  00m53.8s/10m00.0s

running (00m54.8s), 060/200 VUs, 138 complete and 0 interrupted iterations
normal_day   [   9% ] 060/200 VUs  00m54.8s/10m00.0s

running (00m55.8s), 061/200 VUs, 140 complete and 0 interrupted iterations
normal_day   [   9% ] 061/200 VUs  00m55.8s/10m00.0s

running (00m56.8s), 063/200 VUs, 147 complete and 0 interrupted iterations
normal_day   [   9% ] 063/200 VUs  00m56.8s/10m00.0s

running (00m57.8s), 064/200 VUs, 153 complete and 0 interrupted iterations
normal_day   [  10% ] 064/200 VUs  00m57.8s/10m00.0s

running (00m58.8s), 065/200 VUs, 155 complete and 0 interrupted iterations
normal_day   [  10% ] 065/200 VUs  00m58.8s/10m00.0s

running (00m59.8s), 066/200 VUs, 161 complete and 0 interrupted iterations
normal_day   [  10% ] 066/200 VUs  00m59.8s/10m00.0s

running (01m00.8s), 067/200 VUs, 168 complete and 0 interrupted iterations
normal_day   [  10% ] 067/200 VUs  01m00.8s/10m00.0s

running (01m01.8s), 068/200 VUs, 178 complete and 0 interrupted iterations
normal_day   [  10% ] 068/200 VUs  01m01.8s/10m00.0s

running (01m02.8s), 069/200 VUs, 184 complete and 0 interrupted iterations
normal_day   [  10% ] 069/200 VUs  01m02.8s/10m00.0s

running (01m03.8s), 070/200 VUs, 192 complete and 0 interrupted iterations
normal_day   [  11% ] 070/200 VUs  01m03.8s/10m00.0s

running (01m04.8s), 071/200 VUs, 198 complete and 0 interrupted iterations
normal_day   [  11% ] 071/200 VUs  01m04.8s/10m00.0s

running (01m05.8s), 073/200 VUs, 203 complete and 0 interrupted iterations
normal_day   [  11% ] 073/200 VUs  01m05.8s/10m00.0s

running (01m06.8s), 074/200 VUs, 207 complete and 0 interrupted iterations
normal_day   [  11% ] 074/200 VUs  01m06.8s/10m00.0s

running (01m07.8s), 075/200 VUs, 219 complete and 0 interrupted iterations
normal_day   [  11% ] 075/200 VUs  01m07.8s/10m00.0s

running (01m08.8s), 076/200 VUs, 225 complete and 0 interrupted iterations
normal_day   [  11% ] 076/200 VUs  01m08.8s/10m00.0s

running (01m09.8s), 077/200 VUs, 230 complete and 0 interrupted iterations
normal_day   [  12% ] 077/200 VUs  01m09.8s/10m00.0s

running (01m10.8s), 078/200 VUs, 234 complete and 0 interrupted iterations
normal_day   [  12% ] 078/200 VUs  01m10.8s/10m00.0s

running (01m11.8s), 079/200 VUs, 239 complete and 0 interrupted iterations
normal_day   [  12% ] 079/200 VUs  01m11.8s/10m00.0s

running (01m12.8s), 080/200 VUs, 246 complete and 0 interrupted iterations
normal_day   [  12% ] 080/200 VUs  01m12.8s/10m00.0s

running (01m13.8s), 081/200 VUs, 254 complete and 0 interrupted iterations
normal_day   [  12% ] 081/200 VUs  01m13.8s/10m00.0s

running (01m14.8s), 083/200 VUs, 261 complete and 0 interrupted iterations
normal_day   [  12% ] 083/200 VUs  01m14.8s/10m00.0s

running (01m15.8s), 084/200 VUs, 264 complete and 0 interrupted iterations
normal_day   [  13% ] 084/200 VUs  01m15.8s/10m00.0s

running (01m16.8s), 085/200 VUs, 269 complete and 0 interrupted iterations
normal_day   [  13% ] 085/200 VUs  01m16.8s/10m00.0s

running (01m17.8s), 086/200 VUs, 272 complete and 0 interrupted iterations
normal_day   [  13% ] 086/200 VUs  01m17.8s/10m00.0s

running (01m18.8s), 087/200 VUs, 283 complete and 0 interrupted iterations
normal_day   [  13% ] 087/200 VUs  01m18.8s/10m00.0s

running (01m19.8s), 088/200 VUs, 292 complete and 0 interrupted iterations
normal_day   [  13% ] 088/200 VUs  01m19.8s/10m00.0s

running (01m20.8s), 089/200 VUs, 296 complete and 0 interrupted iterations
normal_day   [  13% ] 089/200 VUs  01m20.8s/10m00.0s

running (01m21.8s), 090/200 VUs, 300 complete and 0 interrupted iterations
normal_day   [  14% ] 090/200 VUs  01m21.8s/10m00.0s

running (01m22.8s), 091/200 VUs, 303 complete and 0 interrupted iterations
normal_day   [  14% ] 091/200 VUs  01m22.8s/10m00.0s

running (01m23.8s), 093/200 VUs, 306 complete and 0 interrupted iterations
normal_day   [  14% ] 093/200 VUs  01m23.8s/10m00.0s

running (01m24.8s), 094/200 VUs, 314 complete and 0 interrupted iterations
normal_day   [  14% ] 094/200 VUs  01m24.8s/10m00.0s

running (01m25.8s), 095/200 VUs, 319 complete and 0 interrupted iterations
normal_day   [  14% ] 095/200 VUs  01m25.8s/10m00.0s

running (01m26.8s), 096/200 VUs, 326 complete and 0 interrupted iterations
normal_day   [  14% ] 096/200 VUs  01m26.8s/10m00.0s

running (01m27.8s), 097/200 VUs, 331 complete and 0 interrupted iterations
normal_day   [  15% ] 097/200 VUs  01m27.8s/10m00.0s

running (01m28.8s), 098/200 VUs, 332 complete and 0 interrupted iterations
normal_day   [  15% ] 098/200 VUs  01m28.8s/10m00.0s

running (01m29.8s), 099/200 VUs, 342 complete and 0 interrupted iterations
normal_day   [  15% ] 099/200 VUs  01m29.8s/10m00.0s

running (01m30.8s), 100/200 VUs, 347 complete and 0 interrupted iterations
normal_day   [  15% ] 100/200 VUs  01m30.8s/10m00.0s

running (01m31.8s), 101/200 VUs, 347 complete and 0 interrupted iterations
normal_day   [  15% ] 101/200 VUs  01m31.8s/10m00.0s

running (01m32.8s), 103/200 VUs, 351 complete and 0 interrupted iterations
normal_day   [  15% ] 103/200 VUs  01m32.8s/10m00.0s

running (01m33.8s), 104/200 VUs, 355 complete and 0 interrupted iterations
normal_day   [  16% ] 104/200 VUs  01m33.8s/10m00.0s

running (01m34.8s), 105/200 VUs, 358 complete and 0 interrupted iterations
normal_day   [  16% ] 105/200 VUs  01m34.8s/10m00.0s

running (01m35.8s), 106/200 VUs, 365 complete and 0 interrupted iterations
normal_day   [  16% ] 106/200 VUs  01m35.8s/10m00.0s

running (01m36.8s), 107/200 VUs, 368 complete and 0 interrupted iterations
normal_day   [  16% ] 107/200 VUs  01m36.8s/10m00.0s

running (01m37.8s), 108/200 VUs, 372 complete and 0 interrupted iterations
normal_day   [  16% ] 108/200 VUs  01m37.8s/10m00.0s

running (01m38.8s), 109/200 VUs, 381 complete and 0 interrupted iterations
normal_day   [  16% ] 109/200 VUs  01m38.8s/10m00.0s

running (01m39.8s), 110/200 VUs, 389 complete and 0 interrupted iterations
normal_day   [  17% ] 110/200 VUs  01m39.8s/10m00.0s

running (01m40.8s), 111/200 VUs, 397 complete and 0 interrupted iterations
normal_day   [  17% ] 111/200 VUs  01m40.8s/10m00.0s

running (01m41.8s), 113/200 VUs, 406 complete and 0 interrupted iterations
normal_day   [  17% ] 113/200 VUs  01m41.8s/10m00.0s

running (01m42.8s), 114/200 VUs, 409 complete and 0 interrupted iterations
normal_day   [  17% ] 114/200 VUs  01m42.8s/10m00.0s

running (01m43.8s), 115/200 VUs, 412 complete and 0 interrupted iterations
normal_day   [  17% ] 115/200 VUs  01m43.8s/10m00.0s

running (01m44.8s), 116/200 VUs, 413 complete and 0 interrupted iterations
normal_day   [  17% ] 116/200 VUs  01m44.8s/10m00.0s

running (01m45.8s), 117/200 VUs, 415 complete and 0 interrupted iterations
normal_day   [  18% ] 117/200 VUs  01m45.8s/10m00.0s

running (01m46.8s), 118/200 VUs, 416 complete and 0 interrupted iterations
normal_day   [  18% ] 118/200 VUs  01m46.8s/10m00.0s

running (01m47.8s), 119/200 VUs, 418 complete and 0 interrupted iterations
normal_day   [  18% ] 119/200 VUs  01m47.8s/10m00.0s

running (01m48.8s), 120/200 VUs, 422 complete and 0 interrupted iterations
normal_day   [  18% ] 120/200 VUs  01m48.8s/10m00.0s

running (01m49.8s), 121/200 VUs, 436 complete and 0 interrupted iterations
normal_day   [  18% ] 121/200 VUs  01m49.8s/10m00.0s

running (01m50.8s), 123/200 VUs, 451 complete and 0 interrupted iterations
normal_day   [  18% ] 123/200 VUs  01m50.8s/10m00.0s

running (01m51.8s), 124/200 VUs, 453 complete and 0 interrupted iterations
normal_day   [  19% ] 124/200 VUs  01m51.8s/10m00.0s

running (01m52.8s), 125/200 VUs, 458 complete and 0 interrupted iterations
normal_day   [  19% ] 125/200 VUs  01m52.8s/10m00.0s

running (01m53.8s), 126/200 VUs, 464 complete and 0 interrupted iterations
normal_day   [  19% ] 126/200 VUs  01m53.8s/10m00.0s

running (01m54.8s), 127/200 VUs, 471 complete and 0 interrupted iterations
normal_day   [  19% ] 127/200 VUs  01m54.8s/10m00.0s

running (01m55.8s), 128/200 VUs, 476 complete and 0 interrupted iterations
normal_day   [  19% ] 128/200 VUs  01m55.8s/10m00.0s

running (01m56.8s), 129/200 VUs, 486 complete and 0 interrupted iterations
normal_day   [  19% ] 129/200 VUs  01m56.8s/10m00.0s

running (01m57.8s), 130/200 VUs, 488 complete and 0 interrupted iterations
normal_day   [  20% ] 130/200 VUs  01m57.8s/10m00.0s

running (01m58.8s), 131/200 VUs, 497 complete and 0 interrupted iterations
normal_day   [  20% ] 131/200 VUs  01m58.8s/10m00.0s

running (01m59.8s), 133/200 VUs, 510 complete and 0 interrupted iterations
normal_day   [  20% ] 133/200 VUs  01m59.8s/10m00.0s

running (02m00.8s), 134/200 VUs, 519 complete and 0 interrupted iterations
normal_day   [  20% ] 134/200 VUs  02m00.8s/10m00.0s

running (02m01.8s), 135/200 VUs, 524 complete and 0 interrupted iterations
normal_day   [  20% ] 135/200 VUs  02m01.8s/10m00.0s

running (02m02.8s), 136/200 VUs, 531 complete and 0 interrupted iterations
normal_day   [  20% ] 136/200 VUs  02m02.8s/10m00.0s

running (02m03.8s), 137/200 VUs, 543 complete and 0 interrupted iterations
normal_day   [  21% ] 137/200 VUs  02m03.8s/10m00.0s

running (02m04.8s), 138/200 VUs, 546 complete and 0 interrupted iterations
normal_day   [  21% ] 138/200 VUs  02m04.8s/10m00.0s

running (02m05.8s), 139/200 VUs, 554 complete and 0 interrupted iterations
normal_day   [  21% ] 139/200 VUs  02m05.8s/10m00.0s

running (02m06.8s), 140/200 VUs, 562 complete and 0 interrupted iterations
normal_day   [  21% ] 140/200 VUs  02m06.8s/10m00.0s

running (02m07.8s), 141/200 VUs, 569 complete and 0 interrupted iterations
normal_day   [  21% ] 141/200 VUs  02m07.8s/10m00.0s

running (02m08.8s), 143/200 VUs, 578 complete and 0 interrupted iterations
normal_day   [  21% ] 143/200 VUs  02m08.8s/10m00.0s

running (02m09.8s), 144/200 VUs, 582 complete and 0 interrupted iterations
normal_day   [  22% ] 144/200 VUs  02m09.8s/10m00.0s

running (02m10.8s), 145/200 VUs, 586 complete and 0 interrupted iterations
normal_day   [  22% ] 145/200 VUs  02m10.8s/10m00.0s

running (02m11.8s), 146/200 VUs, 589 complete and 0 interrupted iterations
normal_day   [  22% ] 146/200 VUs  02m11.8s/10m00.0s

running (02m12.8s), 147/200 VUs, 590 complete and 0 interrupted iterations
normal_day   [  22% ] 147/200 VUs  02m12.8s/10m00.0s

running (02m13.8s), 148/200 VUs, 593 complete and 0 interrupted iterations
normal_day   [  22% ] 148/200 VUs  02m13.8s/10m00.0s

running (02m14.8s), 149/200 VUs, 598 complete and 0 interrupted iterations
normal_day   [  22% ] 149/200 VUs  02m14.8s/10m00.0s

running (02m15.8s), 150/200 VUs, 603 complete and 0 interrupted iterations
normal_day   [  23% ] 150/200 VUs  02m15.8s/10m00.0s

running (02m16.8s), 151/200 VUs, 609 complete and 0 interrupted iterations
normal_day   [  23% ] 151/200 VUs  02m16.8s/10m00.0s

running (02m17.8s), 153/200 VUs, 615 complete and 0 interrupted iterations
normal_day   [  23% ] 153/200 VUs  02m17.8s/10m00.0s

running (02m18.8s), 154/200 VUs, 617 complete and 0 interrupted iterations
normal_day   [  23% ] 154/200 VUs  02m18.8s/10m00.0s

running (02m19.8s), 155/200 VUs, 622 complete and 0 interrupted iterations
normal_day   [  23% ] 155/200 VUs  02m19.8s/10m00.0s

running (02m20.8s), 156/200 VUs, 623 complete and 0 interrupted iterations
normal_day   [  23% ] 156/200 VUs  02m20.8s/10m00.0s

running (02m21.8s), 157/200 VUs, 630 complete and 0 interrupted iterations
normal_day   [  24% ] 157/200 VUs  02m21.8s/10m00.0s

running (02m22.8s), 158/200 VUs, 634 complete and 0 interrupted iterations
normal_day   [  24% ] 158/200 VUs  02m22.8s/10m00.0s

running (02m23.8s), 159/200 VUs, 639 complete and 0 interrupted iterations
normal_day   [  24% ] 159/200 VUs  02m23.8s/10m00.0s

running (02m24.8s), 160/200 VUs, 642 complete and 0 interrupted iterations
normal_day   [  24% ] 160/200 VUs  02m24.8s/10m00.0s

running (02m25.8s), 161/200 VUs, 650 complete and 0 interrupted iterations
normal_day   [  24% ] 161/200 VUs  02m25.8s/10m00.0s

running (02m26.8s), 163/200 VUs, 656 complete and 0 interrupted iterations
normal_day   [  24% ] 163/200 VUs  02m26.8s/10m00.0s

running (02m27.8s), 164/200 VUs, 661 complete and 0 interrupted iterations
normal_day   [  25% ] 164/200 VUs  02m27.8s/10m00.0s

running (02m28.8s), 165/200 VUs, 663 complete and 0 interrupted iterations
normal_day   [  25% ] 165/200 VUs  02m28.8s/10m00.0s

running (02m29.8s), 166/200 VUs, 668 complete and 0 interrupted iterations
normal_day   [  25% ] 166/200 VUs  02m29.8s/10m00.0s

running (02m30.8s), 167/200 VUs, 672 complete and 0 interrupted iterations
normal_day   [  25% ] 167/200 VUs  02m30.8s/10m00.0s

running (02m31.8s), 168/200 VUs, 676 complete and 0 interrupted iterations
normal_day   [  25% ] 168/200 VUs  02m31.8s/10m00.0s

running (02m32.8s), 169/200 VUs, 676 complete and 0 interrupted iterations
normal_day   [  25% ] 169/200 VUs  02m32.8s/10m00.0s

running (02m33.8s), 170/200 VUs, 678 complete and 0 interrupted iterations
normal_day   [  26% ] 170/200 VUs  02m33.8s/10m00.0s

running (02m34.8s), 171/200 VUs, 681 complete and 0 interrupted iterations
normal_day   [  26% ] 171/200 VUs  02m34.8s/10m00.0s

running (02m35.8s), 173/200 VUs, 689 complete and 0 interrupted iterations
normal_day   [  26% ] 173/200 VUs  02m35.8s/10m00.0s

running (02m36.8s), 174/200 VUs, 701 complete and 0 interrupted iterations
normal_day   [  26% ] 174/200 VUs  02m36.8s/10m00.0s

running (02m37.8s), 175/200 VUs, 709 complete and 0 interrupted iterations
normal_day   [  26% ] 175/200 VUs  02m37.8s/10m00.0s

running (02m38.8s), 176/200 VUs, 718 complete and 0 interrupted iterations
normal_day   [  26% ] 176/200 VUs  02m38.8s/10m00.0s

running (02m39.8s), 177/200 VUs, 723 complete and 0 interrupted iterations
normal_day   [  27% ] 177/200 VUs  02m39.8s/10m00.0s

running (02m40.8s), 178/200 VUs, 730 complete and 0 interrupted iterations
normal_day   [  27% ] 178/200 VUs  02m40.8s/10m00.0s

running (02m41.8s), 179/200 VUs, 736 complete and 0 interrupted iterations
normal_day   [  27% ] 179/200 VUs  02m41.8s/10m00.0s

running (02m42.8s), 180/200 VUs, 744 complete and 0 interrupted iterations
normal_day   [  27% ] 180/200 VUs  02m42.8s/10m00.0s

running (02m43.8s), 181/200 VUs, 749 complete and 0 interrupted iterations
normal_day   [  27% ] 181/200 VUs  02m43.8s/10m00.0s

running (02m44.8s), 183/200 VUs, 755 complete and 0 interrupted iterations
normal_day   [  27% ] 183/200 VUs  02m44.8s/10m00.0s

running (02m45.8s), 184/200 VUs, 757 complete and 0 interrupted iterations
normal_day   [  28% ] 184/200 VUs  02m45.8s/10m00.0s

running (02m46.8s), 185/200 VUs, 768 complete and 0 interrupted iterations
normal_day   [  28% ] 185/200 VUs  02m46.8s/10m00.0s

running (02m47.8s), 186/200 VUs, 774 complete and 0 interrupted iterations
normal_day   [  28% ] 186/200 VUs  02m47.8s/10m00.0s

running (02m48.8s), 187/200 VUs, 780 complete and 0 interrupted iterations
normal_day   [  28% ] 187/200 VUs  02m48.8s/10m00.0s

running (02m49.8s), 188/200 VUs, 788 complete and 0 interrupted iterations
normal_day   [  28% ] 188/200 VUs  02m49.8s/10m00.0s

running (02m50.8s), 189/200 VUs, 794 complete and 0 interrupted iterations
normal_day   [  28% ] 189/200 VUs  02m50.8s/10m00.0s

running (02m51.8s), 190/200 VUs, 800 complete and 0 interrupted iterations
normal_day   [  29% ] 190/200 VUs  02m51.8s/10m00.0s

running (02m52.8s), 191/200 VUs, 802 complete and 0 interrupted iterations
normal_day   [  29% ] 191/200 VUs  02m52.8s/10m00.0s

running (02m53.8s), 193/200 VUs, 805 complete and 0 interrupted iterations
normal_day   [  29% ] 193/200 VUs  02m53.8s/10m00.0s

running (02m54.8s), 194/200 VUs, 811 complete and 0 interrupted iterations
normal_day   [  29% ] 194/200 VUs  02m54.8s/10m00.0s

running (02m55.8s), 195/200 VUs, 817 complete and 0 interrupted iterations
normal_day   [  29% ] 195/200 VUs  02m55.8s/10m00.0s

running (02m56.8s), 196/200 VUs, 826 complete and 0 interrupted iterations
normal_day   [  29% ] 196/200 VUs  02m56.8s/10m00.0s

running (02m57.8s), 197/200 VUs, 837 complete and 0 interrupted iterations
normal_day   [  30% ] 197/200 VUs  02m57.8s/10m00.0s

running (02m58.8s), 198/200 VUs, 843 complete and 0 interrupted iterations
normal_day   [  30% ] 198/200 VUs  02m58.8s/10m00.0s

running (02m59.8s), 199/200 VUs, 854 complete and 0 interrupted iterations
normal_day   [  30% ] 199/200 VUs  02m59.8s/10m00.0s

running (03m00.8s), 200/200 VUs, 861 complete and 0 interrupted iterations
normal_day   [  30% ] 200/200 VUs  03m00.8s/10m00.0s

running (03m01.8s), 200/200 VUs, 869 complete and 0 interrupted iterations
normal_day   [  30% ] 200/200 VUs  03m01.8s/10m00.0s

running (03m02.8s), 200/200 VUs, 876 complete and 0 interrupted iterations
normal_day   [  30% ] 200/200 VUs  03m02.8s/10m00.0s

running (03m03.8s), 200/200 VUs, 882 complete and 0 interrupted iterations
normal_day   [  31% ] 200/200 VUs  03m03.8s/10m00.0s

running (03m04.8s), 200/200 VUs, 890 complete and 0 interrupted iterations
normal_day   [  31% ] 200/200 VUs  03m04.8s/10m00.0s

running (03m05.8s), 200/200 VUs, 892 complete and 0 interrupted iterations
normal_day   [  31% ] 200/200 VUs  03m05.8s/10m00.0s

running (03m06.8s), 200/200 VUs, 897 complete and 0 interrupted iterations
normal_day   [  31% ] 200/200 VUs  03m06.8s/10m00.0s

running (03m07.8s), 200/200 VUs, 905 complete and 0 interrupted iterations
normal_day   [  31% ] 200/200 VUs  03m07.8s/10m00.0s

running (03m08.8s), 200/200 VUs, 908 complete and 0 interrupted iterations
normal_day   [  31% ] 200/200 VUs  03m08.8s/10m00.0s

running (03m09.8s), 200/200 VUs, 913 complete and 0 interrupted iterations
normal_day   [  32% ] 200/200 VUs  03m09.8s/10m00.0s

running (03m10.8s), 200/200 VUs, 920 complete and 0 interrupted iterations
normal_day   [  32% ] 200/200 VUs  03m10.8s/10m00.0s

running (03m11.8s), 200/200 VUs, 928 complete and 0 interrupted iterations
normal_day   [  32% ] 200/200 VUs  03m11.8s/10m00.0s

running (03m12.8s), 200/200 VUs, 933 complete and 0 interrupted iterations
normal_day   [  32% ] 200/200 VUs  03m12.8s/10m00.0s

running (03m13.8s), 200/200 VUs, 941 complete and 0 interrupted iterations
normal_day   [  32% ] 200/200 VUs  03m13.8s/10m00.0s

running (03m14.8s), 200/200 VUs, 952 complete and 0 interrupted iterations
normal_day   [  32% ] 200/200 VUs  03m14.8s/10m00.0s

running (03m15.8s), 200/200 VUs, 956 complete and 0 interrupted iterations
normal_day   [  33% ] 200/200 VUs  03m15.8s/10m00.0s

running (03m16.8s), 200/200 VUs, 962 complete and 0 interrupted iterations
normal_day   [  33% ] 200/200 VUs  03m16.8s/10m00.0s

running (03m17.8s), 200/200 VUs, 974 complete and 0 interrupted iterations
normal_day   [  33% ] 200/200 VUs  03m17.8s/10m00.0s

running (03m18.8s), 200/200 VUs, 985 complete and 0 interrupted iterations
normal_day   [  33% ] 200/200 VUs  03m18.8s/10m00.0s

running (03m19.8s), 200/200 VUs, 991 complete and 0 interrupted iterations
normal_day   [  33% ] 200/200 VUs  03m19.8s/10m00.0s

running (03m20.8s), 200/200 VUs, 996 complete and 0 interrupted iterations
normal_day   [  33% ] 200/200 VUs  03m20.8s/10m00.0s

running (03m21.8s), 200/200 VUs, 1001 complete and 0 interrupted iterations
normal_day   [  34% ] 200/200 VUs  03m21.8s/10m00.0s

running (03m22.8s), 200/200 VUs, 1004 complete and 0 interrupted iterations
normal_day   [  34% ] 200/200 VUs  03m22.8s/10m00.0s

running (03m23.8s), 200/200 VUs, 1007 complete and 0 interrupted iterations
normal_day   [  34% ] 200/200 VUs  03m23.8s/10m00.0s

running (03m24.8s), 200/200 VUs, 1010 complete and 0 interrupted iterations
normal_day   [  34% ] 200/200 VUs  03m24.8s/10m00.0s

running (03m25.8s), 200/200 VUs, 1021 complete and 0 interrupted iterations
normal_day   [  34% ] 200/200 VUs  03m25.8s/10m00.0s

running (03m26.8s), 200/200 VUs, 1029 complete and 0 interrupted iterations
normal_day   [  34% ] 200/200 VUs  03m26.8s/10m00.0s

running (03m27.8s), 200/200 VUs, 1038 complete and 0 interrupted iterations
normal_day   [  35% ] 200/200 VUs  03m27.8s/10m00.0s

running (03m28.8s), 200/200 VUs, 1048 complete and 0 interrupted iterations
normal_day   [  35% ] 200/200 VUs  03m28.8s/10m00.0s

running (03m29.8s), 200/200 VUs, 1051 complete and 0 interrupted iterations
normal_day   [  35% ] 200/200 VUs  03m29.8s/10m00.0s

running (03m30.8s), 200/200 VUs, 1052 complete and 0 interrupted iterations
normal_day   [  35% ] 200/200 VUs  03m30.8s/10m00.0s

running (03m31.8s), 200/200 VUs, 1053 complete and 0 interrupted iterations
normal_day   [  35% ] 200/200 VUs  03m31.8s/10m00.0s

running (03m32.8s), 200/200 VUs, 1054 complete and 0 interrupted iterations
normal_day   [  35% ] 200/200 VUs  03m32.8s/10m00.0s

running (03m33.8s), 200/200 VUs, 1060 complete and 0 interrupted iterations
normal_day   [  36% ] 200/200 VUs  03m33.8s/10m00.0s

running (03m34.8s), 200/200 VUs, 1063 complete and 0 interrupted iterations
normal_day   [  36% ] 200/200 VUs  03m34.8s/10m00.0s

running (03m35.8s), 200/200 VUs, 1067 complete and 0 interrupted iterations
normal_day   [  36% ] 200/200 VUs  03m35.8s/10m00.0s

running (03m36.8s), 200/200 VUs, 1071 complete and 0 interrupted iterations
normal_day   [  36% ] 200/200 VUs  03m36.8s/10m00.0s

running (03m37.8s), 200/200 VUs, 1076 complete and 0 interrupted iterations
normal_day   [  36% ] 200/200 VUs  03m37.8s/10m00.0s

running (03m38.8s), 200/200 VUs, 1086 complete and 0 interrupted iterations
normal_day   [  36% ] 200/200 VUs  03m38.8s/10m00.0s

running (03m39.8s), 200/200 VUs, 1093 complete and 0 interrupted iterations
normal_day   [  37% ] 200/200 VUs  03m39.8s/10m00.0s

running (03m40.8s), 200/200 VUs, 1100 complete and 0 interrupted iterations
normal_day   [  37% ] 200/200 VUs  03m40.8s/10m00.0s

running (03m41.8s), 200/200 VUs, 1106 complete and 0 interrupted iterations
normal_day   [  37% ] 200/200 VUs  03m41.8s/10m00.0s

running (03m42.8s), 200/200 VUs, 1112 complete and 0 interrupted iterations
normal_day   [  37% ] 200/200 VUs  03m42.8s/10m00.0s

running (03m43.8s), 200/200 VUs, 1115 complete and 0 interrupted iterations
normal_day   [  37% ] 200/200 VUs  03m43.8s/10m00.0s

running (03m44.8s), 200/200 VUs, 1118 complete and 0 interrupted iterations
normal_day   [  37% ] 200/200 VUs  03m44.8s/10m00.0s

running (03m45.8s), 200/200 VUs, 1122 complete and 0 interrupted iterations
normal_day   [  38% ] 200/200 VUs  03m45.8s/10m00.0s

running (03m46.8s), 200/200 VUs, 1126 complete and 0 interrupted iterations
normal_day   [  38% ] 200/200 VUs  03m46.8s/10m00.0s

running (03m47.8s), 200/200 VUs, 1130 complete and 0 interrupted iterations
normal_day   [  38% ] 200/200 VUs  03m47.8s/10m00.0s

running (03m48.8s), 200/200 VUs, 1144 complete and 0 interrupted iterations
normal_day   [  38% ] 200/200 VUs  03m48.8s/10m00.0s

running (03m49.8s), 200/200 VUs, 1151 complete and 0 interrupted iterations
normal_day   [  38% ] 200/200 VUs  03m49.8s/10m00.0s

running (03m50.8s), 200/200 VUs, 1162 complete and 0 interrupted iterations
normal_day   [  38% ] 200/200 VUs  03m50.8s/10m00.0s

running (03m51.8s), 200/200 VUs, 1168 complete and 0 interrupted iterations
normal_day   [  39% ] 200/200 VUs  03m51.8s/10m00.0s

running (03m52.8s), 200/200 VUs, 1172 complete and 0 interrupted iterations
normal_day   [  39% ] 200/200 VUs  03m52.8s/10m00.0s

running (03m53.8s), 200/200 VUs, 1179 complete and 0 interrupted iterations
normal_day   [  39% ] 200/200 VUs  03m53.8s/10m00.0s

running (03m54.8s), 200/200 VUs, 1180 complete and 0 interrupted iterations
normal_day   [  39% ] 200/200 VUs  03m54.8s/10m00.0s

running (03m55.8s), 200/200 VUs, 1188 complete and 0 interrupted iterations
normal_day   [  39% ] 200/200 VUs  03m55.8s/10m00.0s

running (03m56.8s), 200/200 VUs, 1193 complete and 0 interrupted iterations
normal_day   [  39% ] 200/200 VUs  03m56.8s/10m00.0s

running (03m57.8s), 200/200 VUs, 1209 complete and 0 interrupted iterations
normal_day   [  40% ] 200/200 VUs  03m57.8s/10m00.0s

running (03m58.8s), 200/200 VUs, 1216 complete and 0 interrupted iterations
normal_day   [  40% ] 200/200 VUs  03m58.8s/10m00.0s

running (03m59.8s), 200/200 VUs, 1224 complete and 0 interrupted iterations
normal_day   [  40% ] 200/200 VUs  03m59.8s/10m00.0s

running (04m00.8s), 200/200 VUs, 1234 complete and 0 interrupted iterations
normal_day   [  40% ] 200/200 VUs  04m00.8s/10m00.0s

running (04m01.8s), 200/200 VUs, 1240 complete and 0 interrupted iterations
normal_day   [  40% ] 200/200 VUs  04m01.8s/10m00.0s

running (04m02.8s), 200/200 VUs, 1250 complete and 0 interrupted iterations
normal_day   [  40% ] 200/200 VUs  04m02.8s/10m00.0s

running (04m03.8s), 200/200 VUs, 1254 complete and 0 interrupted iterations
normal_day   [  41% ] 200/200 VUs  04m03.8s/10m00.0s

running (04m04.8s), 200/200 VUs, 1266 complete and 0 interrupted iterations
normal_day   [  41% ] 200/200 VUs  04m04.8s/10m00.0s

running (04m05.8s), 200/200 VUs, 1279 complete and 0 interrupted iterations
normal_day   [  41% ] 200/200 VUs  04m05.8s/10m00.0s

running (04m06.8s), 200/200 VUs, 1288 complete and 0 interrupted iterations
normal_day   [  41% ] 200/200 VUs  04m06.8s/10m00.0s

running (04m07.8s), 200/200 VUs, 1291 complete and 0 interrupted iterations
normal_day   [  41% ] 200/200 VUs  04m07.8s/10m00.0s

running (04m08.8s), 200/200 VUs, 1296 complete and 0 interrupted iterations
normal_day   [  41% ] 200/200 VUs  04m08.8s/10m00.0s

running (04m09.8s), 200/200 VUs, 1303 complete and 0 interrupted iterations
normal_day   [  42% ] 200/200 VUs  04m09.8s/10m00.0s

running (04m10.8s), 200/200 VUs, 1307 complete and 0 interrupted iterations
normal_day   [  42% ] 200/200 VUs  04m10.8s/10m00.0s

running (04m11.8s), 200/200 VUs, 1308 complete and 0 interrupted iterations
normal_day   [  42% ] 200/200 VUs  04m11.8s/10m00.0s

running (04m12.8s), 200/200 VUs, 1311 complete and 0 interrupted iterations
normal_day   [  42% ] 200/200 VUs  04m12.8s/10m00.0s

running (04m13.8s), 200/200 VUs, 1312 complete and 0 interrupted iterations
normal_day   [  42% ] 200/200 VUs  04m13.8s/10m00.0s

running (04m14.8s), 200/200 VUs, 1314 complete and 0 interrupted iterations
normal_day   [  42% ] 200/200 VUs  04m14.8s/10m00.0s

running (04m15.8s), 200/200 VUs, 1320 complete and 0 interrupted iterations
normal_day   [  43% ] 200/200 VUs  04m15.8s/10m00.0s

running (04m16.8s), 200/200 VUs, 1324 complete and 0 interrupted iterations
normal_day   [  43% ] 200/200 VUs  04m16.8s/10m00.0s

running (04m17.8s), 200/200 VUs, 1329 complete and 0 interrupted iterations
normal_day   [  43% ] 200/200 VUs  04m17.8s/10m00.0s

running (04m18.8s), 200/200 VUs, 1332 complete and 0 interrupted iterations
normal_day   [  43% ] 200/200 VUs  04m18.8s/10m00.0s

running (04m19.8s), 200/200 VUs, 1337 complete and 0 interrupted iterations
normal_day   [  43% ] 200/200 VUs  04m19.8s/10m00.0s

running (04m20.8s), 200/200 VUs, 1345 complete and 0 interrupted iterations
normal_day   [  43% ] 200/200 VUs  04m20.8s/10m00.0s

running (04m21.8s), 200/200 VUs, 1346 complete and 0 interrupted iterations
normal_day   [  44% ] 200/200 VUs  04m21.8s/10m00.0s

running (04m22.8s), 200/200 VUs, 1357 complete and 0 interrupted iterations
normal_day   [  44% ] 200/200 VUs  04m22.8s/10m00.0s

running (04m23.8s), 200/200 VUs, 1361 complete and 0 interrupted iterations
normal_day   [  44% ] 200/200 VUs  04m23.8s/10m00.0s

running (04m24.8s), 200/200 VUs, 1368 complete and 0 interrupted iterations
normal_day   [  44% ] 200/200 VUs  04m24.8s/10m00.0s

running (04m25.8s), 200/200 VUs, 1371 complete and 0 interrupted iterations
normal_day   [  44% ] 200/200 VUs  04m25.8s/10m00.0s

running (04m26.8s), 200/200 VUs, 1375 complete and 0 interrupted iterations
normal_day   [  44% ] 200/200 VUs  04m26.8s/10m00.0s

running (04m27.8s), 200/200 VUs, 1378 complete and 0 interrupted iterations
normal_day   [  45% ] 200/200 VUs  04m27.8s/10m00.0s

running (04m28.8s), 200/200 VUs, 1383 complete and 0 interrupted iterations
normal_day   [  45% ] 200/200 VUs  04m28.8s/10m00.0s

running (04m29.8s), 200/200 VUs, 1394 complete and 0 interrupted iterations
normal_day   [  45% ] 200/200 VUs  04m29.8s/10m00.0s

running (04m30.8s), 200/200 VUs, 1404 complete and 0 interrupted iterations
normal_day   [  45% ] 200/200 VUs  04m30.8s/10m00.0s

running (04m31.8s), 200/200 VUs, 1408 complete and 0 interrupted iterations
normal_day   [  45% ] 200/200 VUs  04m31.8s/10m00.0s

running (04m32.8s), 200/200 VUs, 1409 complete and 0 interrupted iterations
normal_day   [  45% ] 200/200 VUs  04m32.8s/10m00.0s

running (04m33.8s), 200/200 VUs, 1414 complete and 0 interrupted iterations
normal_day   [  46% ] 200/200 VUs  04m33.8s/10m00.0s

running (04m34.8s), 200/200 VUs, 1417 complete and 0 interrupted iterations
normal_day   [  46% ] 200/200 VUs  04m34.8s/10m00.0s

running (04m35.8s), 200/200 VUs, 1423 complete and 0 interrupted iterations
normal_day   [  46% ] 200/200 VUs  04m35.8s/10m00.0s

running (04m36.8s), 200/200 VUs, 1427 complete and 0 interrupted iterations
normal_day   [  46% ] 200/200 VUs  04m36.8s/10m00.0s

running (04m37.8s), 200/200 VUs, 1433 complete and 0 interrupted iterations
normal_day   [  46% ] 200/200 VUs  04m37.8s/10m00.0s

running (04m38.8s), 200/200 VUs, 1441 complete and 0 interrupted iterations
normal_day   [  46% ] 200/200 VUs  04m38.8s/10m00.0s

running (04m39.8s), 200/200 VUs, 1456 complete and 0 interrupted iterations
normal_day   [  47% ] 200/200 VUs  04m39.8s/10m00.0s

running (04m40.8s), 200/200 VUs, 1463 complete and 0 interrupted iterations
normal_day   [  47% ] 200/200 VUs  04m40.8s/10m00.0s

running (04m41.8s), 200/200 VUs, 1467 complete and 0 interrupted iterations
normal_day   [  47% ] 200/200 VUs  04m41.8s/10m00.0s

running (04m42.8s), 200/200 VUs, 1472 complete and 0 interrupted iterations
normal_day   [  47% ] 200/200 VUs  04m42.8s/10m00.0s

running (04m43.8s), 200/200 VUs, 1477 complete and 0 interrupted iterations
normal_day   [  47% ] 200/200 VUs  04m43.8s/10m00.0s

running (04m44.8s), 200/200 VUs, 1478 complete and 0 interrupted iterations
normal_day   [  47% ] 200/200 VUs  04m44.8s/10m00.0s

running (04m45.8s), 200/200 VUs, 1480 complete and 0 interrupted iterations
normal_day   [  48% ] 200/200 VUs  04m45.8s/10m00.0s

running (04m46.8s), 200/200 VUs, 1487 complete and 0 interrupted iterations
normal_day   [  48% ] 200/200 VUs  04m46.8s/10m00.0s

running (04m47.8s), 200/200 VUs, 1493 complete and 0 interrupted iterations
normal_day   [  48% ] 200/200 VUs  04m47.8s/10m00.0s

running (04m48.8s), 200/200 VUs, 1494 complete and 0 interrupted iterations
normal_day   [  48% ] 200/200 VUs  04m48.8s/10m00.0s

running (04m49.8s), 200/200 VUs, 1501 complete and 0 interrupted iterations
normal_day   [  48% ] 200/200 VUs  04m49.8s/10m00.0s

running (04m50.8s), 200/200 VUs, 1510 complete and 0 interrupted iterations
normal_day   [  48% ] 200/200 VUs  04m50.8s/10m00.0s

running (04m51.8s), 200/200 VUs, 1517 complete and 0 interrupted iterations
normal_day   [  49% ] 200/200 VUs  04m51.8s/10m00.0s

running (04m52.8s), 200/200 VUs, 1524 complete and 0 interrupted iterations
normal_day   [  49% ] 200/200 VUs  04m52.8s/10m00.0s

running (04m53.8s), 200/200 VUs, 1526 complete and 0 interrupted iterations
normal_day   [  49% ] 200/200 VUs  04m53.8s/10m00.0s

running (04m54.8s), 200/200 VUs, 1533 complete and 0 interrupted iterations
normal_day   [  49% ] 200/200 VUs  04m54.8s/10m00.0s

running (04m55.8s), 200/200 VUs, 1542 complete and 0 interrupted iterations
normal_day   [  49% ] 200/200 VUs  04m55.8s/10m00.0s

running (04m56.8s), 200/200 VUs, 1545 complete and 0 interrupted iterations
normal_day   [  49% ] 200/200 VUs  04m56.8s/10m00.0s

running (04m57.8s), 200/200 VUs, 1548 complete and 0 interrupted iterations
normal_day   [  50% ] 200/200 VUs  04m57.8s/10m00.0s

running (04m58.8s), 200/200 VUs, 1550 complete and 0 interrupted iterations
normal_day   [  50% ] 200/200 VUs  04m58.8s/10m00.0s

running (04m59.8s), 200/200 VUs, 1555 complete and 0 interrupted iterations
normal_day   [  50% ] 200/200 VUs  04m59.8s/10m00.0s

running (05m00.8s), 200/200 VUs, 1562 complete and 0 interrupted iterations
normal_day   [  50% ] 200/200 VUs  05m00.8s/10m00.0s

running (05m01.8s), 200/200 VUs, 1570 complete and 0 interrupted iterations
normal_day   [  50% ] 200/200 VUs  05m01.8s/10m00.0s

running (05m02.8s), 200/200 VUs, 1595 complete and 0 interrupted iterations
normal_day   [  50% ] 200/200 VUs  05m02.8s/10m00.0s

running (05m03.8s), 200/200 VUs, 1603 complete and 0 interrupted iterations
normal_day   [  51% ] 200/200 VUs  05m03.8s/10m00.0s

running (05m04.8s), 200/200 VUs, 1603 complete and 0 interrupted iterations
normal_day   [  51% ] 200/200 VUs  05m04.8s/10m00.0s

running (05m05.8s), 200/200 VUs, 1605 complete and 0 interrupted iterations
normal_day   [  51% ] 200/200 VUs  05m05.8s/10m00.0s

running (05m06.8s), 200/200 VUs, 1608 complete and 0 interrupted iterations
normal_day   [  51% ] 200/200 VUs  05m06.8s/10m00.0s

running (05m07.8s), 200/200 VUs, 1614 complete and 0 interrupted iterations
normal_day   [  51% ] 200/200 VUs  05m07.8s/10m00.0s

running (05m08.8s), 200/200 VUs, 1614 complete and 0 interrupted iterations
normal_day   [  51% ] 200/200 VUs  05m08.8s/10m00.0s

running (05m09.8s), 200/200 VUs, 1615 complete and 0 interrupted iterations
normal_day   [  52% ] 200/200 VUs  05m09.8s/10m00.0s

running (05m10.8s), 200/200 VUs, 1628 complete and 0 interrupted iterations
normal_day   [  52% ] 200/200 VUs  05m10.8s/10m00.0s

running (05m11.8s), 200/200 VUs, 1642 complete and 0 interrupted iterations
normal_day   [  52% ] 200/200 VUs  05m11.8s/10m00.0s

running (05m12.8s), 200/200 VUs, 1654 complete and 0 interrupted iterations
normal_day   [  52% ] 200/200 VUs  05m12.8s/10m00.0s

running (05m13.8s), 200/200 VUs, 1660 complete and 0 interrupted iterations
normal_day   [  52% ] 200/200 VUs  05m13.8s/10m00.0s

running (05m14.8s), 200/200 VUs, 1661 complete and 0 interrupted iterations
normal_day   [  52% ] 200/200 VUs  05m14.8s/10m00.0s

running (05m15.8s), 200/200 VUs, 1664 complete and 0 interrupted iterations
normal_day   [  53% ] 200/200 VUs  05m15.8s/10m00.0s

running (05m16.8s), 200/200 VUs, 1668 complete and 0 interrupted iterations
normal_day   [  53% ] 200/200 VUs  05m16.8s/10m00.0s

running (05m17.8s), 200/200 VUs, 1671 complete and 0 interrupted iterations
normal_day   [  53% ] 200/200 VUs  05m17.8s/10m00.0s

running (05m18.8s), 200/200 VUs, 1674 complete and 0 interrupted iterations
normal_day   [  53% ] 200/200 VUs  05m18.8s/10m00.0s

running (05m19.8s), 200/200 VUs, 1676 complete and 0 interrupted iterations
normal_day   [  53% ] 200/200 VUs  05m19.8s/10m00.0s

running (05m20.8s), 200/200 VUs, 1681 complete and 0 interrupted iterations
normal_day   [  53% ] 200/200 VUs  05m20.8s/10m00.0s

running (05m21.8s), 200/200 VUs, 1690 complete and 0 interrupted iterations
normal_day   [  54% ] 200/200 VUs  05m21.8s/10m00.0s

running (05m22.8s), 200/200 VUs, 1706 complete and 0 interrupted iterations
normal_day   [  54% ] 200/200 VUs  05m22.8s/10m00.0s

running (05m23.8s), 200/200 VUs, 1721 complete and 0 interrupted iterations
normal_day   [  54% ] 200/200 VUs  05m23.8s/10m00.0s

running (05m24.8s), 200/200 VUs, 1729 complete and 0 interrupted iterations
normal_day   [  54% ] 200/200 VUs  05m24.8s/10m00.0s

running (05m25.8s), 200/200 VUs, 1731 complete and 0 interrupted iterations
normal_day   [  54% ] 200/200 VUs  05m25.8s/10m00.0s

running (05m26.8s), 200/200 VUs, 1735 complete and 0 interrupted iterations
normal_day   [  54% ] 200/200 VUs  05m26.8s/10m00.0s

running (05m27.8s), 200/200 VUs, 1735 complete and 0 interrupted iterations
normal_day   [  55% ] 200/200 VUs  05m27.8s/10m00.0s

running (05m28.8s), 200/200 VUs, 1736 complete and 0 interrupted iterations
normal_day   [  55% ] 200/200 VUs  05m28.8s/10m00.0s

running (05m29.8s), 200/200 VUs, 1740 complete and 0 interrupted iterations
normal_day   [  55% ] 200/200 VUs  05m29.8s/10m00.0s

running (05m30.8s), 200/200 VUs, 1746 complete and 0 interrupted iterations
normal_day   [  55% ] 200/200 VUs  05m30.8s/10m00.0s

running (05m31.8s), 200/200 VUs, 1760 complete and 0 interrupted iterations
normal_day   [  55% ] 200/200 VUs  05m31.8s/10m00.0s

running (05m32.8s), 200/200 VUs, 1771 complete and 0 interrupted iterations
normal_day   [  55% ] 200/200 VUs  05m32.8s/10m00.0s

running (05m33.8s), 200/200 VUs, 1781 complete and 0 interrupted iterations
normal_day   [  56% ] 200/200 VUs  05m33.8s/10m00.0s

running (05m34.8s), 200/200 VUs, 1784 complete and 0 interrupted iterations
normal_day   [  56% ] 200/200 VUs  05m34.8s/10m00.0s

running (05m35.8s), 200/200 VUs, 1788 complete and 0 interrupted iterations
normal_day   [  56% ] 200/200 VUs  05m35.8s/10m00.0s

running (05m36.8s), 200/200 VUs, 1790 complete and 0 interrupted iterations
normal_day   [  56% ] 200/200 VUs  05m36.8s/10m00.0s

running (05m37.8s), 200/200 VUs, 1793 complete and 0 interrupted iterations
normal_day   [  56% ] 200/200 VUs  05m37.8s/10m00.0s

running (05m38.8s), 200/200 VUs, 1797 complete and 0 interrupted iterations
normal_day   [  56% ] 200/200 VUs  05m38.8s/10m00.0s

running (05m39.8s), 200/200 VUs, 1808 complete and 0 interrupted iterations
normal_day   [  57% ] 200/200 VUs  05m39.8s/10m00.0s

running (05m40.8s), 200/200 VUs, 1817 complete and 0 interrupted iterations
normal_day   [  57% ] 200/200 VUs  05m40.8s/10m00.0s

running (05m41.8s), 200/200 VUs, 1822 complete and 0 interrupted iterations
normal_day   [  57% ] 200/200 VUs  05m41.8s/10m00.0s

running (05m42.8s), 200/200 VUs, 1824 complete and 0 interrupted iterations
normal_day   [  57% ] 200/200 VUs  05m42.8s/10m00.0s

running (05m43.8s), 200/200 VUs, 1828 complete and 0 interrupted iterations
normal_day   [  57% ] 200/200 VUs  05m43.8s/10m00.0s

running (05m44.8s), 200/200 VUs, 1830 complete and 0 interrupted iterations
normal_day   [  57% ] 200/200 VUs  05m44.8s/10m00.0s

running (05m45.8s), 200/200 VUs, 1835 complete and 0 interrupted iterations
normal_day   [  58% ] 200/200 VUs  05m45.8s/10m00.0s

running (05m46.8s), 200/200 VUs, 1838 complete and 0 interrupted iterations
normal_day   [  58% ] 200/200 VUs  05m46.8s/10m00.0s

running (05m47.8s), 200/200 VUs, 1844 complete and 0 interrupted iterations
normal_day   [  58% ] 200/200 VUs  05m47.8s/10m00.0s

running (05m48.8s), 200/200 VUs, 1852 complete and 0 interrupted iterations
normal_day   [  58% ] 200/200 VUs  05m48.8s/10m00.0s

running (05m49.8s), 200/200 VUs, 1861 complete and 0 interrupted iterations
normal_day   [  58% ] 200/200 VUs  05m49.8s/10m00.0s

running (05m50.8s), 200/200 VUs, 1867 complete and 0 interrupted iterations
normal_day   [  58% ] 200/200 VUs  05m50.8s/10m00.0s

running (05m51.8s), 200/200 VUs, 1873 complete and 0 interrupted iterations
normal_day   [  59% ] 200/200 VUs  05m51.8s/10m00.0s

running (05m52.8s), 200/200 VUs, 1878 complete and 0 interrupted iterations
normal_day   [  59% ] 200/200 VUs  05m52.8s/10m00.0s

running (05m53.8s), 200/200 VUs, 1889 complete and 0 interrupted iterations
normal_day   [  59% ] 200/200 VUs  05m53.8s/10m00.0s

running (05m54.8s), 200/200 VUs, 1895 complete and 0 interrupted iterations
normal_day   [  59% ] 200/200 VUs  05m54.8s/10m00.0s

running (05m55.8s), 200/200 VUs, 1902 complete and 0 interrupted iterations
normal_day   [  59% ] 200/200 VUs  05m55.8s/10m00.0s

running (05m56.8s), 200/200 VUs, 1903 complete and 0 interrupted iterations
normal_day   [  59% ] 200/200 VUs  05m56.8s/10m00.0s

running (05m57.8s), 200/200 VUs, 1906 complete and 0 interrupted iterations
normal_day   [  60% ] 200/200 VUs  05m57.8s/10m00.0s

running (05m58.8s), 200/200 VUs, 1908 complete and 0 interrupted iterations
normal_day   [  60% ] 200/200 VUs  05m58.8s/10m00.0s

running (05m59.8s), 200/200 VUs, 1910 complete and 0 interrupted iterations
normal_day   [  60% ] 200/200 VUs  05m59.8s/10m00.0s

running (06m00.8s), 200/200 VUs, 1915 complete and 0 interrupted iterations
normal_day   [  60% ] 200/200 VUs  06m00.8s/10m00.0s

running (06m01.8s), 200/200 VUs, 1919 complete and 0 interrupted iterations
normal_day   [  60% ] 200/200 VUs  06m01.8s/10m00.0s

running (06m02.8s), 200/200 VUs, 1925 complete and 0 interrupted iterations
normal_day   [  60% ] 200/200 VUs  06m02.8s/10m00.0s

running (06m03.8s), 200/200 VUs, 1932 complete and 0 interrupted iterations
normal_day   [  61% ] 200/200 VUs  06m03.8s/10m00.0s

running (06m04.8s), 200/200 VUs, 1941 complete and 0 interrupted iterations
normal_day   [  61% ] 200/200 VUs  06m04.8s/10m00.0s

running (06m05.8s), 200/200 VUs, 1943 complete and 0 interrupted iterations
normal_day   [  61% ] 200/200 VUs  06m05.8s/10m00.0s

running (06m06.8s), 200/200 VUs, 1952 complete and 0 interrupted iterations
normal_day   [  61% ] 200/200 VUs  06m06.8s/10m00.0s

running (06m07.8s), 200/200 VUs, 1957 complete and 0 interrupted iterations
normal_day   [  61% ] 200/200 VUs  06m07.8s/10m00.0s

running (06m08.8s), 200/200 VUs, 1960 complete and 0 interrupted iterations
normal_day   [  61% ] 200/200 VUs  06m08.8s/10m00.0s

running (06m09.8s), 200/200 VUs, 1965 complete and 0 interrupted iterations
normal_day   [  62% ] 200/200 VUs  06m09.8s/10m00.0s

running (06m10.8s), 200/200 VUs, 1966 complete and 0 interrupted iterations
normal_day   [  62% ] 200/200 VUs  06m10.8s/10m00.0s

running (06m11.8s), 200/200 VUs, 1971 complete and 0 interrupted iterations
normal_day   [  62% ] 200/200 VUs  06m11.8s/10m00.0s

running (06m12.8s), 200/200 VUs, 1973 complete and 0 interrupted iterations
normal_day   [  62% ] 200/200 VUs  06m12.8s/10m00.0s

running (06m13.8s), 200/200 VUs, 1975 complete and 0 interrupted iterations
normal_day   [  62% ] 200/200 VUs  06m13.8s/10m00.0s

running (06m14.8s), 200/200 VUs, 1975 complete and 0 interrupted iterations
normal_day   [  62% ] 200/200 VUs  06m14.8s/10m00.0s

running (06m15.8s), 200/200 VUs, 1977 complete and 0 interrupted iterations
normal_day   [  63% ] 200/200 VUs  06m15.8s/10m00.0s

running (06m16.8s), 200/200 VUs, 1981 complete and 0 interrupted iterations
normal_day   [  63% ] 200/200 VUs  06m16.8s/10m00.0s

running (06m17.8s), 200/200 VUs, 1992 complete and 0 interrupted iterations
normal_day   [  63% ] 200/200 VUs  06m17.8s/10m00.0s

running (06m18.8s), 200/200 VUs, 2001 complete and 0 interrupted iterations
normal_day   [  63% ] 200/200 VUs  06m18.8s/10m00.0s

running (06m19.8s), 200/200 VUs, 2007 complete and 0 interrupted iterations
normal_day   [  63% ] 200/200 VUs  06m19.8s/10m00.0s

running (06m20.8s), 200/200 VUs, 2015 complete and 0 interrupted iterations
normal_day   [  63% ] 200/200 VUs  06m20.8s/10m00.0s

running (06m21.8s), 200/200 VUs, 2024 complete and 0 interrupted iterations
normal_day   [  64% ] 200/200 VUs  06m21.8s/10m00.0s

running (06m22.8s), 200/200 VUs, 2027 complete and 0 interrupted iterations
normal_day   [  64% ] 200/200 VUs  06m22.8s/10m00.0s

running (06m23.8s), 200/200 VUs, 2029 complete and 0 interrupted iterations
normal_day   [  64% ] 200/200 VUs  06m23.8s/10m00.0s

running (06m24.8s), 200/200 VUs, 2034 complete and 0 interrupted iterations
normal_day   [  64% ] 200/200 VUs  06m24.8s/10m00.0s

running (06m25.8s), 200/200 VUs, 2037 complete and 0 interrupted iterations
normal_day   [  64% ] 200/200 VUs  06m25.8s/10m00.0s

running (06m26.8s), 200/200 VUs, 2037 complete and 0 interrupted iterations
normal_day   [  64% ] 200/200 VUs  06m26.8s/10m00.0s

running (06m27.8s), 200/200 VUs, 2040 complete and 0 interrupted iterations
normal_day   [  65% ] 200/200 VUs  06m27.8s/10m00.0s

running (06m28.8s), 200/200 VUs, 2043 complete and 0 interrupted iterations
normal_day   [  65% ] 200/200 VUs  06m28.8s/10m00.0s

running (06m29.8s), 200/200 VUs, 2046 complete and 0 interrupted iterations
normal_day   [  65% ] 200/200 VUs  06m29.8s/10m00.0s

running (06m30.8s), 200/200 VUs, 2049 complete and 0 interrupted iterations
normal_day   [  65% ] 200/200 VUs  06m30.8s/10m00.0s

running (06m31.8s), 200/200 VUs, 2061 complete and 0 interrupted iterations
normal_day   [  65% ] 200/200 VUs  06m31.8s/10m00.0s

running (06m32.8s), 200/200 VUs, 2079 complete and 0 interrupted iterations
normal_day   [  65% ] 200/200 VUs  06m32.8s/10m00.0s

running (06m33.8s), 200/200 VUs, 2092 complete and 0 interrupted iterations
normal_day   [  66% ] 200/200 VUs  06m33.8s/10m00.0s

running (06m34.8s), 200/200 VUs, 2095 complete and 0 interrupted iterations
normal_day   [  66% ] 200/200 VUs  06m34.8s/10m00.0s

running (06m35.8s), 200/200 VUs, 2098 complete and 0 interrupted iterations
normal_day   [  66% ] 200/200 VUs  06m35.8s/10m00.0s

running (06m36.8s), 200/200 VUs, 2099 complete and 0 interrupted iterations
normal_day   [  66% ] 200/200 VUs  06m36.8s/10m00.0s

running (06m37.8s), 200/200 VUs, 2100 complete and 0 interrupted iterations
normal_day   [  66% ] 200/200 VUs  06m37.8s/10m00.0s

running (06m38.8s), 200/200 VUs, 2103 complete and 0 interrupted iterations
normal_day   [  66% ] 200/200 VUs  06m38.8s/10m00.0s

running (06m39.8s), 200/200 VUs, 2110 complete and 0 interrupted iterations
normal_day   [  67% ] 200/200 VUs  06m39.8s/10m00.0s

running (06m40.8s), 200/200 VUs, 2116 complete and 0 interrupted iterations
normal_day   [  67% ] 200/200 VUs  06m40.8s/10m00.0s

running (06m41.8s), 200/200 VUs, 2126 complete and 0 interrupted iterations
normal_day   [  67% ] 200/200 VUs  06m41.8s/10m00.0s

running (06m42.8s), 200/200 VUs, 2140 complete and 0 interrupted iterations
normal_day   [  67% ] 200/200 VUs  06m42.8s/10m00.0s

running (06m43.8s), 200/200 VUs, 2144 complete and 0 interrupted iterations
normal_day   [  67% ] 200/200 VUs  06m43.8s/10m00.0s

running (06m44.8s), 200/200 VUs, 2148 complete and 0 interrupted iterations
normal_day   [  67% ] 200/200 VUs  06m44.8s/10m00.0s

running (06m45.8s), 200/200 VUs, 2150 complete and 0 interrupted iterations
normal_day   [  68% ] 200/200 VUs  06m45.8s/10m00.0s

running (06m46.8s), 200/200 VUs, 2152 complete and 0 interrupted iterations
normal_day   [  68% ] 200/200 VUs  06m46.8s/10m00.0s

running (06m47.8s), 200/200 VUs, 2154 complete and 0 interrupted iterations
normal_day   [  68% ] 200/200 VUs  06m47.8s/10m00.0s

running (06m48.8s), 200/200 VUs, 2157 complete and 0 interrupted iterations
normal_day   [  68% ] 200/200 VUs  06m48.8s/10m00.0s

running (06m49.8s), 200/200 VUs, 2168 complete and 0 interrupted iterations
normal_day   [  68% ] 200/200 VUs  06m49.8s/10m00.0s

running (06m50.8s), 200/200 VUs, 2176 complete and 0 interrupted iterations
normal_day   [  68% ] 200/200 VUs  06m50.8s/10m00.0s

running (06m51.8s), 200/200 VUs, 2181 complete and 0 interrupted iterations
normal_day   [  69% ] 200/200 VUs  06m51.8s/10m00.0s

running (06m52.8s), 200/200 VUs, 2184 complete and 0 interrupted iterations
normal_day   [  69% ] 200/200 VUs  06m52.8s/10m00.0s

running (06m53.8s), 200/200 VUs, 2192 complete and 0 interrupted iterations
normal_day   [  69% ] 200/200 VUs  06m53.8s/10m00.0s

running (06m54.8s), 200/200 VUs, 2198 complete and 0 interrupted iterations
normal_day   [  69% ] 200/200 VUs  06m54.8s/10m00.0s

running (06m55.8s), 200/200 VUs, 2202 complete and 0 interrupted iterations
normal_day   [  69% ] 200/200 VUs  06m55.8s/10m00.0s

running (06m56.8s), 200/200 VUs, 2206 complete and 0 interrupted iterations
normal_day   [  69% ] 200/200 VUs  06m56.8s/10m00.0s

running (06m57.8s), 200/200 VUs, 2207 complete and 0 interrupted iterations
normal_day   [  70% ] 200/200 VUs  06m57.8s/10m00.0s

running (06m58.8s), 200/200 VUs, 2211 complete and 0 interrupted iterations
normal_day   [  70% ] 200/200 VUs  06m58.8s/10m00.0s

running (06m59.8s), 200/200 VUs, 2213 complete and 0 interrupted iterations
normal_day   [  70% ] 200/200 VUs  06m59.8s/10m00.0s

running (07m00.8s), 200/200 VUs, 2213 complete and 0 interrupted iterations
normal_day   [  70% ] 200/200 VUs  07m00.8s/10m00.0s

running (07m01.8s), 200/200 VUs, 2214 complete and 0 interrupted iterations
normal_day   [  70% ] 200/200 VUs  07m01.8s/10m00.0s

running (07m02.8s), 200/200 VUs, 2222 complete and 0 interrupted iterations
normal_day   [  70% ] 200/200 VUs  07m02.8s/10m00.0s

running (07m03.8s), 200/200 VUs, 2229 complete and 0 interrupted iterations
normal_day   [  71% ] 200/200 VUs  07m03.8s/10m00.0s

running (07m04.8s), 200/200 VUs, 2233 complete and 0 interrupted iterations
normal_day   [  71% ] 200/200 VUs  07m04.8s/10m00.0s

running (07m05.8s), 200/200 VUs, 2243 complete and 0 interrupted iterations
normal_day   [  71% ] 200/200 VUs  07m05.8s/10m00.0s

running (07m06.8s), 200/200 VUs, 2252 complete and 0 interrupted iterations
normal_day   [  71% ] 200/200 VUs  07m06.8s/10m00.0s

running (07m07.8s), 200/200 VUs, 2257 complete and 0 interrupted iterations
normal_day   [  71% ] 200/200 VUs  07m07.8s/10m00.0s

running (07m08.8s), 200/200 VUs, 2263 complete and 0 interrupted iterations
normal_day   [  71% ] 200/200 VUs  07m08.8s/10m00.0s

running (07m09.8s), 200/200 VUs, 2263 complete and 0 interrupted iterations
normal_day   [  72% ] 200/200 VUs  07m09.8s/10m00.0s

running (07m10.8s), 200/200 VUs, 2266 complete and 0 interrupted iterations
normal_day   [  72% ] 200/200 VUs  07m10.8s/10m00.0s

running (07m11.8s), 200/200 VUs, 2275 complete and 0 interrupted iterations
normal_day   [  72% ] 200/200 VUs  07m11.8s/10m00.0s

running (07m12.8s), 200/200 VUs, 2284 complete and 0 interrupted iterations
normal_day   [  72% ] 200/200 VUs  07m12.8s/10m00.0s

running (07m13.8s), 200/200 VUs, 2286 complete and 0 interrupted iterations
normal_day   [  72% ] 200/200 VUs  07m13.8s/10m00.0s

running (07m14.8s), 200/200 VUs, 2287 complete and 0 interrupted iterations
normal_day   [  72% ] 200/200 VUs  07m14.8s/10m00.0s

running (07m15.8s), 200/200 VUs, 2290 complete and 0 interrupted iterations
normal_day   [  73% ] 200/200 VUs  07m15.8s/10m00.0s

running (07m16.8s), 200/200 VUs, 2290 complete and 0 interrupted iterations
normal_day   [  73% ] 200/200 VUs  07m16.8s/10m00.0s

running (07m17.8s), 200/200 VUs, 2294 complete and 0 interrupted iterations
normal_day   [  73% ] 200/200 VUs  07m17.8s/10m00.0s

running (07m18.8s), 200/200 VUs, 2297 complete and 0 interrupted iterations
normal_day   [  73% ] 200/200 VUs  07m18.8s/10m00.0s

running (07m19.8s), 200/200 VUs, 2299 complete and 0 interrupted iterations
normal_day   [  73% ] 200/200 VUs  07m19.8s/10m00.0s

running (07m20.8s), 200/200 VUs, 2301 complete and 0 interrupted iterations
normal_day   [  73% ] 200/200 VUs  07m20.8s/10m00.0s

running (07m21.8s), 200/200 VUs, 2303 complete and 0 interrupted iterations
normal_day   [  74% ] 200/200 VUs  07m21.8s/10m00.0s

running (07m22.8s), 200/200 VUs, 2306 complete and 0 interrupted iterations
normal_day   [  74% ] 200/200 VUs  07m22.8s/10m00.0s

running (07m23.8s), 200/200 VUs, 2307 complete and 0 interrupted iterations
normal_day   [  74% ] 200/200 VUs  07m23.8s/10m00.0s

running (07m24.8s), 200/200 VUs, 2310 complete and 0 interrupted iterations
normal_day   [  74% ] 200/200 VUs  07m24.8s/10m00.0s

running (07m25.8s), 200/200 VUs, 2316 complete and 0 interrupted iterations
normal_day   [  74% ] 200/200 VUs  07m25.8s/10m00.0s

running (07m26.8s), 200/200 VUs, 2325 complete and 0 interrupted iterations
normal_day   [  74% ] 200/200 VUs  07m26.8s/10m00.0s

running (07m27.8s), 200/200 VUs, 2327 complete and 0 interrupted iterations
normal_day   [  75% ] 200/200 VUs  07m27.8s/10m00.0s

running (07m28.8s), 200/200 VUs, 2328 complete and 0 interrupted iterations
normal_day   [  75% ] 200/200 VUs  07m28.8s/10m00.0s

running (07m29.8s), 200/200 VUs, 2335 complete and 0 interrupted iterations
normal_day   [  75% ] 200/200 VUs  07m29.8s/10m00.0s

running (07m30.8s), 200/200 VUs, 2344 complete and 0 interrupted iterations
normal_day   [  75% ] 200/200 VUs  07m30.8s/10m00.0s

running (07m31.8s), 200/200 VUs, 2352 complete and 0 interrupted iterations
normal_day   [  75% ] 200/200 VUs  07m31.8s/10m00.0s

running (07m32.8s), 200/200 VUs, 2361 complete and 0 interrupted iterations
normal_day   [  75% ] 200/200 VUs  07m32.8s/10m00.0s

running (07m33.8s), 200/200 VUs, 2371 complete and 0 interrupted iterations
normal_day   [  76% ] 200/200 VUs  07m33.8s/10m00.0s

running (07m34.8s), 200/200 VUs, 2379 complete and 0 interrupted iterations
normal_day   [  76% ] 200/200 VUs  07m34.8s/10m00.0s

running (07m35.8s), 200/200 VUs, 2384 complete and 0 interrupted iterations
normal_day   [  76% ] 200/200 VUs  07m35.8s/10m00.0s

running (07m36.8s), 200/200 VUs, 2394 complete and 0 interrupted iterations
normal_day   [  76% ] 200/200 VUs  07m36.8s/10m00.0s

running (07m37.8s), 200/200 VUs, 2399 complete and 0 interrupted iterations
normal_day   [  76% ] 200/200 VUs  07m37.8s/10m00.0s

running (07m38.8s), 200/200 VUs, 2401 complete and 0 interrupted iterations
normal_day   [  76% ] 200/200 VUs  07m38.8s/10m00.0s

running (07m39.8s), 200/200 VUs, 2405 complete and 0 interrupted iterations
normal_day   [  77% ] 200/200 VUs  07m39.8s/10m00.0s

running (07m40.8s), 200/200 VUs, 2413 complete and 0 interrupted iterations
normal_day   [  77% ] 200/200 VUs  07m40.8s/10m00.0s

running (07m41.8s), 200/200 VUs, 2422 complete and 0 interrupted iterations
normal_day   [  77% ] 200/200 VUs  07m41.8s/10m00.0s

running (07m42.8s), 200/200 VUs, 2430 complete and 0 interrupted iterations
normal_day   [  77% ] 200/200 VUs  07m42.8s/10m00.0s

running (07m43.8s), 200/200 VUs, 2438 complete and 0 interrupted iterations
normal_day   [  77% ] 200/200 VUs  07m43.8s/10m00.0s

running (07m44.8s), 200/200 VUs, 2448 complete and 0 interrupted iterations
normal_day   [  77% ] 200/200 VUs  07m44.8s/10m00.0s

running (07m45.8s), 200/200 VUs, 2453 complete and 0 interrupted iterations
normal_day   [  78% ] 200/200 VUs  07m45.8s/10m00.0s

running (07m46.8s), 200/200 VUs, 2457 complete and 0 interrupted iterations
normal_day   [  78% ] 200/200 VUs  07m46.8s/10m00.0s

running (07m47.8s), 200/200 VUs, 2462 complete and 0 interrupted iterations
normal_day   [  78% ] 200/200 VUs  07m47.8s/10m00.0s

running (07m48.8s), 200/200 VUs, 2465 complete and 0 interrupted iterations
normal_day   [  78% ] 200/200 VUs  07m48.8s/10m00.0s

running (07m49.8s), 200/200 VUs, 2467 complete and 0 interrupted iterations
normal_day   [  78% ] 200/200 VUs  07m49.8s/10m00.0s

running (07m50.8s), 200/200 VUs, 2477 complete and 0 interrupted iterations
normal_day   [  78% ] 200/200 VUs  07m50.8s/10m00.0s

running (07m51.8s), 200/200 VUs, 2486 complete and 0 interrupted iterations
normal_day   [  79% ] 200/200 VUs  07m51.8s/10m00.0s

running (07m52.8s), 200/200 VUs, 2500 complete and 0 interrupted iterations
normal_day   [  79% ] 200/200 VUs  07m52.8s/10m00.0s

running (07m53.8s), 200/200 VUs, 2506 complete and 0 interrupted iterations
normal_day   [  79% ] 200/200 VUs  07m53.8s/10m00.0s

running (07m54.8s), 200/200 VUs, 2508 complete and 0 interrupted iterations
normal_day   [  79% ] 200/200 VUs  07m54.8s/10m00.0s

running (07m55.8s), 200/200 VUs, 2508 complete and 0 interrupted iterations
normal_day   [  79% ] 200/200 VUs  07m55.8s/10m00.0s

running (07m56.8s), 200/200 VUs, 2510 complete and 0 interrupted iterations
normal_day   [  79% ] 200/200 VUs  07m56.8s/10m00.0s

running (07m57.8s), 200/200 VUs, 2512 complete and 0 interrupted iterations
normal_day   [  80% ] 200/200 VUs  07m57.8s/10m00.0s

running (07m58.8s), 200/200 VUs, 2515 complete and 0 interrupted iterations
normal_day   [  80% ] 200/200 VUs  07m58.8s/10m00.0s

running (07m59.8s), 200/200 VUs, 2527 complete and 0 interrupted iterations
normal_day   [  80% ] 200/200 VUs  07m59.8s/10m00.0s

running (08m00.8s), 200/200 VUs, 2535 complete and 0 interrupted iterations
normal_day   [  80% ] 200/200 VUs  08m00.8s/10m00.0s

running (08m01.8s), 200/200 VUs, 2538 complete and 0 interrupted iterations
normal_day   [  80% ] 200/200 VUs  08m01.8s/10m00.0s

running (08m02.8s), 200/200 VUs, 2544 complete and 0 interrupted iterations
normal_day   [  80% ] 200/200 VUs  08m02.8s/10m00.0s

running (08m03.8s), 200/200 VUs, 2553 complete and 0 interrupted iterations
normal_day   [  81% ] 200/200 VUs  08m03.8s/10m00.0s

running (08m04.8s), 199/200 VUs, 2568 complete and 0 interrupted iterations
normal_day   [  81% ] 199/200 VUs  08m04.8s/10m00.0s

running (08m05.8s), 199/200 VUs, 2572 complete and 0 interrupted iterations
normal_day   [  81% ] 199/200 VUs  08m05.8s/10m00.0s

running (08m06.8s), 199/200 VUs, 2579 complete and 0 interrupted iterations
normal_day   [  81% ] 199/200 VUs  08m06.8s/10m00.0s

running (08m07.8s), 199/200 VUs, 2584 complete and 0 interrupted iterations
normal_day   [  81% ] 199/200 VUs  08m07.8s/10m00.0s

running (08m08.8s), 199/200 VUs, 2590 complete and 0 interrupted iterations
normal_day   [  81% ] 199/200 VUs  08m08.8s/10m00.0s

running (08m09.8s), 199/200 VUs, 2591 complete and 0 interrupted iterations
normal_day   [  82% ] 199/200 VUs  08m09.8s/10m00.0s

running (08m10.8s), 197/200 VUs, 2594 complete and 0 interrupted iterations
normal_day   [  82% ] 197/200 VUs  08m10.8s/10m00.0s

running (08m11.8s), 196/200 VUs, 2600 complete and 0 interrupted iterations
normal_day   [  82% ] 196/200 VUs  08m11.8s/10m00.0s

running (08m12.8s), 196/200 VUs, 2615 complete and 0 interrupted iterations
normal_day   [  82% ] 196/200 VUs  08m12.8s/10m00.0s

running (08m13.8s), 196/200 VUs, 2627 complete and 0 interrupted iterations
normal_day   [  82% ] 196/200 VUs  08m13.8s/10m00.0s

running (08m14.8s), 194/200 VUs, 2636 complete and 0 interrupted iterations
normal_day   [  82% ] 194/200 VUs  08m14.8s/10m00.0s

running (08m15.8s), 193/200 VUs, 2645 complete and 0 interrupted iterations
normal_day   [  83% ] 193/200 VUs  08m15.8s/10m00.0s

running (08m16.8s), 193/200 VUs, 2647 complete and 0 interrupted iterations
normal_day   [  83% ] 193/200 VUs  08m16.8s/10m00.0s

running (08m17.8s), 192/200 VUs, 2649 complete and 0 interrupted iterations
normal_day   [  83% ] 192/200 VUs  08m17.8s/10m00.0s

running (08m18.8s), 192/200 VUs, 2649 complete and 0 interrupted iterations
normal_day   [  83% ] 192/200 VUs  08m18.8s/10m00.0s

running (08m19.8s), 192/200 VUs, 2649 complete and 0 interrupted iterations
normal_day   [  83% ] 192/200 VUs  08m19.8s/10m00.0s

running (08m20.8s), 192/200 VUs, 2649 complete and 0 interrupted iterations
normal_day   [  83% ] 192/200 VUs  08m20.8s/10m00.0s

running (08m21.8s), 192/200 VUs, 2652 complete and 0 interrupted iterations
normal_day   [  84% ] 192/200 VUs  08m21.8s/10m00.0s

running (08m22.8s), 189/200 VUs, 2660 complete and 0 interrupted iterations
normal_day   [  84% ] 189/200 VUs  08m22.8s/10m00.0s

running (08m23.8s), 188/200 VUs, 2669 complete and 0 interrupted iterations
normal_day   [  84% ] 188/200 VUs  08m23.8s/10m00.0s

running (08m24.8s), 183/200 VUs, 2681 complete and 0 interrupted iterations
normal_day   [  84% ] 183/200 VUs  08m24.8s/10m00.0s

running (08m25.8s), 181/200 VUs, 2691 complete and 0 interrupted iterations
normal_day   [  84% ] 181/200 VUs  08m25.8s/10m00.0s

running (08m26.8s), 177/200 VUs, 2702 complete and 0 interrupted iterations
normal_day   [  84% ] 177/200 VUs  08m26.8s/10m00.0s

running (08m27.8s), 176/200 VUs, 2713 complete and 0 interrupted iterations
normal_day   [  85% ] 176/200 VUs  08m27.8s/10m00.0s

running (08m28.8s), 175/200 VUs, 2717 complete and 0 interrupted iterations
normal_day   [  85% ] 175/200 VUs  08m28.8s/10m00.0s

running (08m29.8s), 175/200 VUs, 2718 complete and 0 interrupted iterations
normal_day   [  85% ] 175/200 VUs  08m29.8s/10m00.0s

running (08m30.8s), 174/200 VUs, 2719 complete and 0 interrupted iterations
normal_day   [  85% ] 174/200 VUs  08m30.8s/10m00.0s

running (08m31.8s), 173/200 VUs, 2720 complete and 1 interrupted iterations
normal_day   [  85% ] 173/200 VUs  08m31.8s/10m00.0s

running (08m32.8s), 172/200 VUs, 2723 complete and 1 interrupted iterations
normal_day   [  85% ] 172/200 VUs  08m32.8s/10m00.0s

running (08m33.8s), 171/200 VUs, 2727 complete and 2 interrupted iterations
normal_day   [  86% ] 171/200 VUs  08m33.8s/10m00.0s

running (08m34.8s), 169/200 VUs, 2735 complete and 2 interrupted iterations
normal_day   [  86% ] 169/200 VUs  08m34.8s/10m00.0s

running (08m35.8s), 167/200 VUs, 2742 complete and 3 interrupted iterations
normal_day   [  86% ] 167/200 VUs  08m35.8s/10m00.0s

running (08m36.8s), 166/200 VUs, 2749 complete and 3 interrupted iterations
normal_day   [  86% ] 166/200 VUs  08m36.8s/10m00.0s

running (08m37.8s), 164/200 VUs, 2755 complete and 4 interrupted iterations
normal_day   [  86% ] 164/200 VUs  08m37.8s/10m00.0s

running (08m38.8s), 164/200 VUs, 2759 complete and 4 interrupted iterations
normal_day   [  86% ] 164/200 VUs  08m38.8s/10m00.0s

running (08m39.8s), 163/200 VUs, 2762 complete and 5 interrupted iterations
normal_day   [  87% ] 163/200 VUs  08m39.8s/10m00.0s

running (08m40.8s), 161/200 VUs, 2765 complete and 6 interrupted iterations
normal_day   [  87% ] 161/200 VUs  08m40.8s/10m00.0s

running (08m41.8s), 160/200 VUs, 2767 complete and 6 interrupted iterations
normal_day   [  87% ] 160/200 VUs  08m41.8s/10m00.0s

running (08m42.8s), 158/200 VUs, 2770 complete and 6 interrupted iterations
normal_day   [  87% ] 158/200 VUs  08m42.8s/10m00.0s

running (08m43.8s), 155/200 VUs, 2773 complete and 7 interrupted iterations
normal_day   [  87% ] 155/200 VUs  08m43.8s/10m00.0s

running (08m44.8s), 155/200 VUs, 2776 complete and 7 interrupted iterations
normal_day   [  87% ] 155/200 VUs  08m44.8s/10m00.0s

running (08m45.8s), 154/200 VUs, 2781 complete and 7 interrupted iterations
normal_day   [  88% ] 154/200 VUs  08m45.8s/10m00.0s

running (08m46.8s), 152/200 VUs, 2795 complete and 7 interrupted iterations
normal_day   [  88% ] 152/200 VUs  08m46.8s/10m00.0s

running (08m47.8s), 148/200 VUs, 2802 complete and 7 interrupted iterations
normal_day   [  88% ] 148/200 VUs  08m47.8s/10m00.0s

running (08m48.8s), 147/200 VUs, 2808 complete and 7 interrupted iterations
normal_day   [  88% ] 147/200 VUs  08m48.8s/10m00.0s

running (08m49.8s), 147/200 VUs, 2810 complete and 7 interrupted iterations
normal_day   [  88% ] 147/200 VUs  08m49.8s/10m00.0s

running (08m50.8s), 147/200 VUs, 2810 complete and 7 interrupted iterations
normal_day   [  88% ] 147/200 VUs  08m50.8s/10m00.0s

running (08m51.8s), 144/200 VUs, 2819 complete and 7 interrupted iterations
normal_day   [  89% ] 144/200 VUs  08m51.8s/10m00.0s

running (08m52.8s), 144/200 VUs, 2824 complete and 7 interrupted iterations
normal_day   [  89% ] 144/200 VUs  08m52.8s/10m00.0s

running (08m53.8s), 142/200 VUs, 2830 complete and 9 interrupted iterations
normal_day   [  89% ] 142/200 VUs  08m53.8s/10m00.0s

running (08m54.8s), 139/200 VUs, 2837 complete and 10 interrupted iterations
normal_day   [  89% ] 139/200 VUs  08m54.8s/10m00.0s

running (08m55.8s), 137/200 VUs, 2845 complete and 10 interrupted iterations
normal_day   [  89% ] 137/200 VUs  08m55.8s/10m00.0s

running (08m56.8s), 137/200 VUs, 2846 complete and 10 interrupted iterations
normal_day   [  89% ] 137/200 VUs  08m56.8s/10m00.0s

running (08m57.8s), 135/200 VUs, 2848 complete and 12 interrupted iterations
normal_day   [  90% ] 135/200 VUs  08m57.8s/10m00.0s

running (08m58.8s), 134/200 VUs, 2853 complete and 12 interrupted iterations
normal_day   [  90% ] 134/200 VUs  08m58.8s/10m00.0s

running (08m59.8s), 134/200 VUs, 2855 complete and 12 interrupted iterations
normal_day   [  90% ] 134/200 VUs  08m59.8s/10m00.0s

running (09m00.8s), 133/200 VUs, 2855 complete and 13 interrupted iterations
normal_day   [  90% ] 133/200 VUs  09m00.8s/10m00.0s

running (09m01.8s), 132/200 VUs, 2855 complete and 14 interrupted iterations
normal_day   [  90% ] 132/200 VUs  09m01.8s/10m00.0s

running (09m02.8s), 131/200 VUs, 2856 complete and 15 interrupted iterations
normal_day   [  90% ] 131/200 VUs  09m02.8s/10m00.0s

running (09m03.8s), 128/200 VUs, 2859 complete and 16 interrupted iterations
normal_day   [  91% ] 128/200 VUs  09m03.8s/10m00.0s

running (09m04.8s), 125/200 VUs, 2869 complete and 16 interrupted iterations
normal_day   [  91% ] 125/200 VUs  09m04.8s/10m00.0s

running (09m05.8s), 123/200 VUs, 2877 complete and 16 interrupted iterations
normal_day   [  91% ] 123/200 VUs  09m05.8s/10m00.0s

running (09m06.8s), 120/200 VUs, 2885 complete and 17 interrupted iterations
normal_day   [  91% ] 120/200 VUs  09m06.8s/10m00.0s

running (09m07.8s), 119/200 VUs, 2888 complete and 17 interrupted iterations
normal_day   [  91% ] 119/200 VUs  09m07.8s/10m00.0s

running (09m08.8s), 118/200 VUs, 2890 complete and 18 interrupted iterations
normal_day   [  91% ] 118/200 VUs  09m08.8s/10m00.0s

running (09m09.8s), 117/200 VUs, 2892 complete and 19 interrupted iterations
normal_day   [  92% ] 117/200 VUs  09m09.8s/10m00.0s

running (09m10.8s), 115/200 VUs, 2897 complete and 19 interrupted iterations
normal_day   [  92% ] 115/200 VUs  09m10.8s/10m00.0s

running (09m11.8s), 110/200 VUs, 2905 complete and 21 interrupted iterations
normal_day   [  92% ] 110/200 VUs  09m11.8s/10m00.0s

running (09m12.8s), 107/200 VUs, 2911 complete and 21 interrupted iterations
normal_day   [  92% ] 107/200 VUs  09m12.8s/10m00.0s

running (09m13.8s), 105/200 VUs, 2914 complete and 21 interrupted iterations
normal_day   [  92% ] 105/200 VUs  09m13.8s/10m00.0s

running (09m14.8s), 103/200 VUs, 2918 complete and 21 interrupted iterations
normal_day   [  92% ] 103/200 VUs  09m14.8s/10m00.0s

running (09m15.8s), 100/200 VUs, 2926 complete and 22 interrupted iterations
normal_day   [  93% ] 100/200 VUs  09m15.8s/10m00.0s

running (09m16.8s), 099/200 VUs, 2932 complete and 22 interrupted iterations
normal_day   [  93% ] 099/200 VUs  09m16.8s/10m00.0s

running (09m17.8s), 095/200 VUs, 2936 complete and 24 interrupted iterations
normal_day   [  93% ] 095/200 VUs  09m17.8s/10m00.0s

running (09m18.8s), 092/200 VUs, 2940 complete and 25 interrupted iterations
normal_day   [  93% ] 092/200 VUs  09m18.8s/10m00.0s

running (09m19.8s), 089/200 VUs, 2946 complete and 26 interrupted iterations
normal_day   [  93% ] 089/200 VUs  09m19.8s/10m00.0s

running (09m20.8s), 086/200 VUs, 2952 complete and 27 interrupted iterations
normal_day   [  93% ] 086/200 VUs  09m20.8s/10m00.0s

running (09m21.8s), 086/200 VUs, 2957 complete and 27 interrupted iterations
normal_day   [  94% ] 086/200 VUs  09m21.8s/10m00.0s

running (09m22.8s), 085/200 VUs, 2958 complete and 28 interrupted iterations
normal_day   [  94% ] 085/200 VUs  09m22.8s/10m00.0s

running (09m23.8s), 084/200 VUs, 2963 complete and 28 interrupted iterations
normal_day   [  94% ] 084/200 VUs  09m23.8s/10m00.0s

running (09m24.8s), 083/200 VUs, 2966 complete and 28 interrupted iterations
normal_day   [  94% ] 083/200 VUs  09m24.8s/10m00.0s

running (09m25.8s), 083/200 VUs, 2968 complete and 28 interrupted iterations
normal_day   [  94% ] 083/200 VUs  09m25.8s/10m00.0s

running (09m26.8s), 082/200 VUs, 2969 complete and 29 interrupted iterations
normal_day   [  94% ] 082/200 VUs  09m26.8s/10m00.0s

running (09m27.8s), 078/200 VUs, 2978 complete and 29 interrupted iterations
normal_day   [  95% ] 078/200 VUs  09m27.8s/10m00.0s

running (09m28.8s), 074/200 VUs, 2988 complete and 29 interrupted iterations
normal_day   [  95% ] 074/200 VUs  09m28.8s/10m00.0s

running (09m29.8s), 070/200 VUs, 2993 complete and 29 interrupted iterations
normal_day   [  95% ] 070/200 VUs  09m29.8s/10m00.0s

running (09m30.8s), 070/200 VUs, 2998 complete and 29 interrupted iterations
normal_day   [  95% ] 070/200 VUs  09m30.8s/10m00.0s

running (09m31.8s), 070/200 VUs, 2999 complete and 29 interrupted iterations
normal_day   [  95% ] 070/200 VUs  09m31.8s/10m00.0s

running (09m32.8s), 068/200 VUs, 3002 complete and 29 interrupted iterations
normal_day   [  95% ] 068/200 VUs  09m32.8s/10m00.0s

running (09m33.8s), 068/200 VUs, 3006 complete and 29 interrupted iterations
normal_day   [  96% ] 068/200 VUs  09m33.8s/10m00.0s

running (09m34.8s), 067/200 VUs, 3011 complete and 29 interrupted iterations
normal_day   [  96% ] 067/200 VUs  09m34.8s/10m00.0s

running (09m35.8s), 063/200 VUs, 3017 complete and 29 interrupted iterations
normal_day   [  96% ] 063/200 VUs  09m35.8s/10m00.0s

running (09m36.8s), 062/200 VUs, 3019 complete and 29 interrupted iterations
normal_day   [  96% ] 062/200 VUs  09m36.8s/10m00.0s

running (09m37.8s), 060/200 VUs, 3022 complete and 29 interrupted iterations
normal_day   [  96% ] 060/200 VUs  09m37.8s/10m00.0s

running (09m38.8s), 058/200 VUs, 3026 complete and 29 interrupted iterations
normal_day   [  96% ] 058/200 VUs  09m38.8s/10m00.0s

running (09m39.8s), 056/200 VUs, 3029 complete and 29 interrupted iterations
normal_day   [  97% ] 056/200 VUs  09m39.8s/10m00.0s

running (09m40.8s), 054/200 VUs, 3034 complete and 29 interrupted iterations
normal_day   [  97% ] 054/200 VUs  09m40.8s/10m00.0s

running (09m41.8s), 052/200 VUs, 3038 complete and 29 interrupted iterations
normal_day   [  97% ] 052/200 VUs  09m41.8s/10m00.0s

running (09m42.8s), 051/200 VUs, 3041 complete and 30 interrupted iterations
normal_day   [  97% ] 051/200 VUs  09m42.8s/10m00.0s

running (09m43.8s), 048/200 VUs, 3046 complete and 30 interrupted iterations
normal_day   [  97% ] 048/200 VUs  09m43.8s/10m00.0s

running (09m44.8s), 047/200 VUs, 3048 complete and 30 interrupted iterations
normal_day   [  97% ] 047/200 VUs  09m44.8s/10m00.0s

running (09m45.8s), 045/200 VUs, 3049 complete and 31 interrupted iterations
normal_day   [  98% ] 045/200 VUs  09m45.8s/10m00.0s

running (09m46.8s), 045/200 VUs, 3049 complete and 31 interrupted iterations
normal_day   [  98% ] 045/200 VUs  09m46.8s/10m00.0s

running (09m47.8s), 045/200 VUs, 3052 complete and 31 interrupted iterations
normal_day   [  98% ] 045/200 VUs  09m47.8s/10m00.0s

running (09m48.8s), 044/200 VUs, 3055 complete and 31 interrupted iterations
normal_day   [  98% ] 044/200 VUs  09m48.8s/10m00.0s

running (09m49.8s), 040/200 VUs, 3060 complete and 31 interrupted iterations
normal_day   [  98% ] 040/200 VUs  09m49.8s/10m00.0s

running (09m50.8s), 038/200 VUs, 3063 complete and 31 interrupted iterations
normal_day   [  98% ] 038/200 VUs  09m50.8s/10m00.0s

running (09m51.8s), 034/200 VUs, 3069 complete and 31 interrupted iterations
normal_day   [  99% ] 034/200 VUs  09m51.8s/10m00.0s

running (09m52.8s), 032/200 VUs, 3071 complete and 31 interrupted iterations
normal_day   [  99% ] 032/200 VUs  09m52.8s/10m00.0s

running (09m53.8s), 031/200 VUs, 3072 complete and 31 interrupted iterations
normal_day   [  99% ] 031/200 VUs  09m53.8s/10m00.0s

running (09m54.8s), 029/200 VUs, 3078 complete and 31 interrupted iterations
normal_day   [  99% ] 029/200 VUs  09m54.8s/10m00.0s

running (09m55.8s), 026/200 VUs, 3081 complete and 31 interrupted iterations
normal_day   [  99% ] 026/200 VUs  09m55.8s/10m00.0s

running (09m56.8s), 021/200 VUs, 3086 complete and 31 interrupted iterations
normal_day   [  99% ] 021/200 VUs  09m56.8s/10m00.0s

running (09m57.8s), 021/200 VUs, 3087 complete and 31 interrupted iterations
normal_day   [ 100% ] 021/200 VUs  09m57.8s/10m00.0s

running (09m58.8s), 017/200 VUs, 3092 complete and 31 interrupted iterations
normal_day   [ 100% ] 017/200 VUs  09m58.8s/10m00.0s

running (09m59.8s), 011/200 VUs, 3098 complete and 31 interrupted iterations
normal_day   [ 100% ] 011/200 VUs  09m59.8s/10m00.0s

running (10m00.8s), 010/200 VUs, 3099 complete and 31 interrupted iterations
normal_day ↓ [ 100% ] 011/200 VUs  10m0s

running (10m01.8s), 008/200 VUs, 3101 complete and 31 interrupted iterations
normal_day ↓ [ 100% ] 011/200 VUs  10m0s

running (10m02.8s), 006/200 VUs, 3103 complete and 31 interrupted iterations
normal_day ↓ [ 100% ] 011/200 VUs  10m0s

running (10m03.8s), 005/200 VUs, 3104 complete and 31 interrupted iterations
normal_day ↓ [ 100% ] 011/200 VUs  10m0s

running (10m04.8s), 004/200 VUs, 3105 complete and 31 interrupted iterations
normal_day ↓ [ 100% ] 011/200 VUs  10m0s

running (10m05.8s), 003/200 VUs, 3106 complete and 31 interrupted iterations
normal_day ↓ [ 100% ] 011/200 VUs  10m0s

running (10m06.8s), 002/200 VUs, 3107 complete and 31 interrupted iterations
normal_day ↓ [ 100% ] 011/200 VUs  10m0s

running (10m07.8s), 002/200 VUs, 3107 complete and 31 interrupted iterations
normal_day ↓ [ 100% ] 011/200 VUs  10m0s

running (10m08.8s), 002/200 VUs, 3107 complete and 31 interrupted iterations
normal_day ↓ [ 100% ] 011/200 VUs  10m0s

running (10m09.8s), 002/200 VUs, 3107 complete and 31 interrupted iterations
normal_day ↓ [ 100% ] 011/200 VUs  10m0s

running (10m10.8s), 002/200 VUs, 3107 complete and 31 interrupted iterations
normal_day ↓ [ 100% ] 011/200 VUs  10m0s

running (10m11.3s), 000/200 VUs, 3109 complete and 31 interrupted iterations
normal_day ✓ [ 100% ] 000/200 VUs  10m0s
[32m     ✓ login 200[0m
[32m     ✓ board list 200[0m
[32m     ✓ hot daily 200[0m
[32m     ✓ meal today 200[0m
[32m     ✓ friend list 200[0m
[32m     ✓ post list 200[0m
[32m     ✓ timetable today 200[0m
[32m     ✓ post detail 200[0m
[32m     ✓ chat rooms 200[0m
[32m     ✓ user info 200[0m
[32m     ✓ unread count 200[0m
[32m     ✓ post reaction 2xx[0m
[32m     ✓ chat messages 200[0m
[32m     ✓ comment list 200[0m
[32m     ✓ my posts 200[0m
[32m     ✓ notif list 200[0m
[32m     ✓ comment create 2xx[0m
[32m     ✓ chat read 200[0m
[32m     ✓ post create 2xx[0m
[32m     ✓ refresh 200[0m
[32m     ✓ read all 200[0m
[32m     ✓ post search 200[0m
[32m     ✓ read one 200[0m
[32m     ✓ logout 200[0m
[32m     ✓ scrap 2xx[0m
[32m     ✓ ws handshake 101[0m
[32m     ✓ post update 200[0m
[32m     ✓ post delete 200[0m
[32m     ✓ received reqs 200[0m
[32m     ✓ meal month 200[0m
[32m     ✓ comment reaction 200[0m

     auth_token_refreshes[2m...........:[0m [36m26[0m      [36;2m0.042534/s[0m
     chat_ws_messages_sent[2m..........:[0m [36m804[0m     [36;2m1.315288/s[0m
     chat_ws_rtt[2m....................:[0m avg=[36m2.61s[0m   min=[36m18ms[0m       med=[36m2.32s[0m    max=[36m13.47s[0m   p(90)=[36m5.27s[0m    p(95)=[36m6.16s[0m   p(99)=[36m8.79s[0m   
     checks[2m.........................:[0m [36m100.00%[0m [36;2m✓ 13756[0m     [36;2m✗ 0[0m    
     [32m✓[0m { phase:measure }[2m............:[0m [36m100.00%[0m [36;2m✓ 7296[0m      [36;2m✗ 0[0m    
     [32m✓[0m { phase:rampdown }[2m...........:[0m [36m100.00%[0m [36;2m✓ 2386[0m      [36;2m✗ 0[0m    
     [32m✓[0m { phase:warmup }[2m.............:[0m [36m100.00%[0m [36;2m✓ 4074[0m      [36;2m✗ 0[0m    
     data_received[2m..................:[0m [36m635 MB[0m  [36;2m1.0 MB/s[0m
     data_sent[2m......................:[0m [36m5.6 MB[0m  [36;2m9.1 kB/s[0m
     http_req_blocked[2m...............:[0m avg=[36m14.28µs[0m min=[36m1.38µs[0m     med=[36m5.94µs[0m   max=[36m12.97ms[0m  p(90)=[36m9.6µs[0m    p(95)=[36m12.36µs[0m p(99)=[36m289.79µs[0m
     http_req_connecting[2m............:[0m avg=[36m5.08µs[0m  min=[36m0s[0m         med=[36m0s[0m       max=[36m12.83ms[0m  p(90)=[36m0s[0m       p(95)=[36m0s[0m      p(99)=[36m189.36µs[0m
     http_req_duration[2m..............:[0m avg=[36m4.55s[0m   min=[36m2.45ms[0m     med=[36m4.28s[0m    max=[36m25.14s[0m   p(90)=[36m8.46s[0m    p(95)=[36m10.31s[0m  p(99)=[36m14.6s[0m   
       { expected_response:true }[2m...:[0m avg=[36m4.55s[0m   min=[36m2.45ms[0m     med=[36m4.28s[0m    max=[36m25.14s[0m   p(90)=[36m8.46s[0m    p(95)=[36m10.31s[0m  p(99)=[36m14.6s[0m   
     [32m✓[0m { feature:auth }[2m.............:[0m avg=[36m2.01s[0m   min=[36m17.48ms[0m    med=[36m1.3s[0m     max=[36m10.18s[0m   p(90)=[36m5.1s[0m     p(95)=[36m6.56s[0m   p(99)=[36m8.93s[0m   
     [32m✓[0m { feature:board }[2m............:[0m avg=[36m4.52s[0m   min=[36m2.51ms[0m     med=[36m4.5s[0m     max=[36m16.17s[0m   p(90)=[36m8.14s[0m    p(95)=[36m9.49s[0m   p(99)=[36m11.7s[0m   
     [32m✓[0m { feature:chat }[2m.............:[0m avg=[36m4.21s[0m   min=[36m2.45ms[0m     med=[36m4.13s[0m    max=[36m13.99s[0m   p(90)=[36m7.95s[0m    p(95)=[36m9.35s[0m   p(99)=[36m12.07s[0m  
     [32m✓[0m { feature:comment }[2m..........:[0m avg=[36m5.94s[0m   min=[36m2.61ms[0m     med=[36m5.23s[0m    max=[36m25.14s[0m   p(90)=[36m12.01s[0m   p(95)=[36m14.44s[0m  p(99)=[36m18.69s[0m  
     [32m✓[0m { feature:friend }[2m...........:[0m avg=[36m4.36s[0m   min=[36m2.61ms[0m     med=[36m4.4s[0m     max=[36m15.85s[0m   p(90)=[36m8.67s[0m    p(95)=[36m10.21s[0m  p(99)=[36m12.14s[0m  
     [32m✓[0m { feature:hot }[2m..............:[0m avg=[36m4.54s[0m   min=[36m10.22ms[0m    med=[36m4.53s[0m    max=[36m19.97s[0m   p(90)=[36m8.23s[0m    p(95)=[36m9.56s[0m   p(99)=[36m11.86s[0m  
     [32m✓[0m { feature:mypage }[2m...........:[0m avg=[36m4.13s[0m   min=[36m3.79ms[0m     med=[36m4.09s[0m    max=[36m12.05s[0m   p(90)=[36m8.03s[0m    p(95)=[36m9.1s[0m    p(99)=[36m10.98s[0m  
     [32m✓[0m { feature:notification }[2m.....:[0m avg=[36m4.24s[0m   min=[36m3.48ms[0m     med=[36m4.13s[0m    max=[36m17.4s[0m    p(90)=[36m8.12s[0m    p(95)=[36m9.09s[0m   p(99)=[36m11.82s[0m  
     [32m✓[0m { feature:post }[2m.............:[0m avg=[36m4.19s[0m   min=[36m2.48ms[0m     med=[36m4.01s[0m    max=[36m22.93s[0m   p(90)=[36m7.78s[0m    p(95)=[36m8.99s[0m   p(99)=[36m11.65s[0m  
     [32m✓[0m { feature:reaction }[2m.........:[0m avg=[36m4.39s[0m   min=[36m19.43ms[0m    med=[36m4.26s[0m    max=[36m11.98s[0m   p(90)=[36m8.1s[0m     p(95)=[36m9.94s[0m   p(99)=[36m11.54s[0m  
     [32m✓[0m { feature:school }[2m...........:[0m avg=[36m4.55s[0m   min=[36m3.59ms[0m     med=[36m4.4s[0m     max=[36m17.03s[0m   p(90)=[36m8.84s[0m    p(95)=[36m10.73s[0m  p(99)=[36m13.13s[0m  
     [32m✓[0m { feature:scrap }[2m............:[0m avg=[36m4.96s[0m   min=[36m21.1ms[0m     med=[36m4.95s[0m    max=[36m11.1s[0m    p(90)=[36m8.53s[0m    p(95)=[36m9.63s[0m   p(99)=[36m10.75s[0m  
     [32m✓[0m { feature:timetable }[2m........:[0m avg=[36m4.44s[0m   min=[36m2.58ms[0m     med=[36m4.78s[0m    max=[36m9.61s[0m    p(90)=[36m7.81s[0m    p(95)=[36m8.26s[0m   p(99)=[36m9.4s[0m    
     [32m✓[0m { op:auth }[2m..................:[0m avg=[36m2.01s[0m   min=[36m17.48ms[0m    med=[36m1.3s[0m     max=[36m10.18s[0m   p(90)=[36m5.1s[0m     p(95)=[36m6.56s[0m   p(99)=[36m8.93s[0m   
     [31m✗[0m { op:read,phase:measure }[2m....:[0m avg=[36m5.92s[0m   min=[36m7.58ms[0m     med=[36m5.63s[0m    max=[36m25.14s[0m   p(90)=[36m9.45s[0m    p(95)=[36m11.38s[0m  p(99)=[36m15.61s[0m  
     [31m✗[0m { op:write,phase:measure }[2m...:[0m avg=[36m6.38s[0m   min=[36m601.14ms[0m   med=[36m6.31s[0m    max=[36m22.13s[0m   p(90)=[36m10.14s[0m   p(95)=[36m11.07s[0m  p(99)=[36m13.35s[0m  
     [32m✓[0m { page:0 }[2m...................:[0m avg=[36m3.12s[0m   min=[36m2.48ms[0m     med=[36m2.74s[0m    max=[36m16.42s[0m   p(90)=[36m6.46s[0m    p(95)=[36m7.36s[0m   p(99)=[36m9.22s[0m   
     [32m✓[0m { page:1 }[2m...................:[0m avg=[36m3.11s[0m   min=[36m3.29ms[0m     med=[36m2.68s[0m    max=[36m12.76s[0m   p(90)=[36m6.75s[0m    p(95)=[36m7.49s[0m   p(99)=[36m9.58s[0m   
     [32m✓[0m { page:2 }[2m...................:[0m avg=[36m3.06s[0m   min=[36m4.12ms[0m     med=[36m2.71s[0m    max=[36m16.09s[0m   p(90)=[36m5.97s[0m    p(95)=[36m7.62s[0m   p(99)=[36m10.43s[0m  
     [32m✓[0m { page:3 }[2m...................:[0m avg=[36m2.97s[0m   min=[36m3.8ms[0m      med=[36m2.75s[0m    max=[36m8.13s[0m    p(90)=[36m6.14s[0m    p(95)=[36m6.85s[0m   p(99)=[36m7.61s[0m   
     [32m✓[0m { page:4 }[2m...................:[0m avg=[36m3.23s[0m   min=[36m3.52ms[0m     med=[36m3.13s[0m    max=[36m9.9s[0m     p(90)=[36m5.97s[0m    p(95)=[36m7.14s[0m   p(99)=[36m9.66s[0m   
     [32m✓[0m { phase:measure }[2m............:[0m avg=[36m5.95s[0m   min=[36m7.58ms[0m     med=[36m5.68s[0m    max=[36m25.14s[0m   p(90)=[36m9.55s[0m    p(95)=[36m11.34s[0m  p(99)=[36m15.6s[0m   
     [32m✓[0m { phase:rampdown }[2m...........:[0m avg=[36m4.25s[0m   min=[36m2.45ms[0m     med=[36m3.59s[0m    max=[36m19.9s[0m    p(90)=[36m8.37s[0m    p(95)=[36m9.6s[0m    p(99)=[36m13.38s[0m  
     [32m✓[0m { phase:warmup }[2m.............:[0m avg=[36m2.26s[0m   min=[36m2.86ms[0m     med=[36m1.62s[0m    max=[36m22.64s[0m   p(90)=[36m5.21s[0m    p(95)=[36m6.11s[0m   p(99)=[36m12.12s[0m  
     http_req_failed[2m................:[0m [36m0.00%[0m   [36;2m✓ 0[0m         [36;2m✗ 13617[0m
     [32m✓[0m { phase:measure }[2m............:[0m [36m0.00%[0m   [36;2m✓ 0[0m         [36;2m✗ 7235[0m 
     [32m✓[0m { phase:rampdown }[2m...........:[0m [36m0.00%[0m   [36;2m✓ 0[0m         [36;2m✗ 2207[0m 
     [32m✓[0m { phase:warmup }[2m.............:[0m [36m0.00%[0m   [36;2m✓ 0[0m         [36;2m✗ 4175[0m 
     http_req_receiving[2m.............:[0m avg=[36m1.49ms[0m  min=[36m-1820027ns[0m med=[36m250.19µs[0m max=[36m148.39ms[0m p(90)=[36m840.03µs[0m p(95)=[36m3.19ms[0m  p(99)=[36m59.95ms[0m 
     http_req_sending[2m...............:[0m avg=[36m39.16µs[0m min=[36m5.14µs[0m     med=[36m31.9µs[0m   max=[36m7.43ms[0m   p(90)=[36m65.89µs[0m  p(95)=[36m78.68µs[0m p(99)=[36m127.68µs[0m
     http_req_tls_handshaking[2m.......:[0m avg=[36m0s[0m      min=[36m0s[0m         med=[36m0s[0m       max=[36m0s[0m       p(90)=[36m0s[0m       p(95)=[36m0s[0m      p(99)=[36m0s[0m      
     http_req_waiting[2m...............:[0m avg=[36m4.55s[0m   min=[36m2.27ms[0m     med=[36m4.28s[0m    max=[36m25.08s[0m   p(90)=[36m8.46s[0m    p(95)=[36m10.31s[0m  p(99)=[36m14.58s[0m  
     http_reqs[2m......................:[0m [36m13617[0m   [36;2m22.276465/s[0m
     [32m✓[0m { feature:auth }[2m.............:[0m [36m272[0m     [36;2m0.444973/s[0m
     [32m✓[0m { feature:board }[2m............:[0m [36m1267[0m    [36;2m2.072724/s[0m
     [32m✓[0m { feature:chat }[2m.............:[0m [36m1049[0m    [36;2m1.716091/s[0m
     [32m✓[0m { feature:comment }[2m..........:[0m [36m2478[0m    [36;2m4.053836/s[0m
     [32m✓[0m { feature:friend }[2m...........:[0m [36m225[0m     [36;2m0.368084/s[0m
     [32m✓[0m { feature:hot }[2m..............:[0m [36m1267[0m    [36;2m2.072724/s[0m
     [32m✓[0m { feature:mypage }[2m...........:[0m [36m152[0m     [36;2m0.248661/s[0m
     [32m✓[0m { feature:notification }[2m.....:[0m [36m558[0m     [36;2m0.912849/s[0m
     [32m✓[0m { feature:post }[2m.............:[0m [36m5847[0m    [36;2m9.565286/s[0m
     [32m✓[0m { feature:reaction }[2m.........:[0m [36m246[0m     [36;2m0.402439/s[0m
     [32m✓[0m { feature:school }[2m...........:[0m [36m96[0m      [36;2m0.157049/s[0m
     [32m✓[0m { feature:scrap }[2m............:[0m [36m77[0m      [36;2m0.125967/s[0m
     [32m✓[0m { feature:timetable }[2m........:[0m [36m83[0m      [36;2m0.135782/s[0m
     [32m✓[0m { op:auth }[2m..................:[0m [36m272[0m     [36;2m0.444973/s[0m
     [32m✓[0m { op:read }[2m..................:[0m [36m12297[0m   [36;2m20.117037/s[0m
     [32m✓[0m { op:write }[2m.................:[0m [36m1048[0m    [36;2m1.714455/s[0m
     [32m✓[0m { page:0 }[2m...................:[0m [36m685[0m     [36;2m1.120612/s[0m
     [32m✓[0m { page:1 }[2m...................:[0m [36m266[0m     [36;2m0.435158/s[0m
     [32m✓[0m { page:2 }[2m...................:[0m [36m161[0m     [36;2m0.263385/s[0m
     [32m✓[0m { page:3 }[2m...................:[0m [36m96[0m      [36;2m0.157049/s[0m
     [32m✓[0m { page:4 }[2m...................:[0m [36m59[0m      [36;2m0.09652/s[0m
     [32m✓[0m { phase:measure }[2m............:[0m [36m7235[0m    [36;2m11.835957/s[0m
     [32m✓[0m { phase:rampdown }[2m...........:[0m [36m2207[0m    [36;2m3.610499/s[0m
     [32m✓[0m { phase:warmup }[2m.............:[0m [36m4175[0m    [36;2m6.83001/s[0m
     iteration_duration[2m.............:[0m avg=[36m29.4s[0m   min=[36m1.14s[0m      med=[36m21.53s[0m   max=[36m1m49s[0m    p(90)=[36m1m4s[0m     p(95)=[36m1m12s[0m   p(99)=[36m1m25s[0m   
     iterations[2m.....................:[0m [36m3109[0m    [36;2m5.086108/s[0m
     [32m✓[0m { phase:measure }[2m............:[0m [36m0[0m       [36;2m0/s[0m
     [32m✓[0m { phase:rampdown }[2m...........:[0m [36m0[0m       [36;2m0/s[0m
     [32m✓[0m { phase:warmup }[2m.............:[0m [36m0[0m       [36;2m0/s[0m
     phase_iterations[2m...............:[0m [36m3109[0m    [36;2m5.086108/s[0m
     [32m✓[0m { phase:measure }[2m............:[0m [36m1675[0m    [36;2m2.740184/s[0m
     [32m✓[0m { phase:rampdown }[2m...........:[0m [36m579[0m     [36;2m0.947204/s[0m
     [32m✓[0m { phase:warmup }[2m.............:[0m [36m855[0m     [36;2m1.398721/s[0m
     vus[2m............................:[0m [36m2[0m       [36;2mmin=0[0m       [36;2mmax=200[0m
     vus_max[2m........................:[0m [36m200[0m     [36;2mmin=200[0m     [36;2mmax=200[0m
     ws_connecting[2m..................:[0m avg=[36m3.82s[0m   min=[36m3.11ms[0m     med=[36m3.7s[0m     max=[36m11.7s[0m    p(90)=[36m7.19s[0m    p(95)=[36m7.9s[0m    p(99)=[36m10.63s[0m  
     ws_msgs_received[2m...............:[0m [36m841[0m     [36;2m1.375818/s[0m
     ws_msgs_sent[2m...................:[0m [36m1082[0m    [36;2m1.770077/s[0m
     ws_session_duration[2m............:[0m avg=[36m26.4s[0m   min=[36m15.1s[0m      med=[36m26.54s[0m   max=[36m39.3s[0m    p(90)=[36m33.14s[0m   p(95)=[36m35.43s[0m  p(99)=[36m37.78s[0m  
     ws_sessions[2m....................:[0m [36m139[0m     [36;2m0.227394/s[0m
running (10m11.3s), 000/200 VUs, 3109 complete and 31 interrupted iterations
normal_day ✓ [ 100% ] 000/200 VUs  10m0s
  호스트(Windows) 117표본 · CPU 40.4% (max 54.1) · 주파수 114.3% (min 103.4) · 대기스레드 14.16 · 가용메모리 3962MB
  부하 중 벤치(warmup +60초, 3회 중앙값) · single 6938ms (유휴 대비 20.6%) · parallel 5435ms (유휴 대비 8.9%) · ctxswitch 3023ms (유휴 대비 20.4%)

  실행 후 상태 sha256:8a17f27c0654 — chat_messages.maxId +804, chat_messages.count +800, comments.count +171, comments.maxId +171, notifications.count +171 (외 13개)
    (지문 제외 항목: posts.sumViewCount +3609, daily_hot_post.count +50)
Prometheus 스크레이프 대기 20초...

══════════════════════════════════════════════════════════════════════════
  Performance Report — normal-day   Run #97   ❌ FAIL
══════════════════════════════════════════════════════════════════════════
  환경 perf  |  브랜치 personal/localdocs  |  커밋 3e96d946  |  빌드 local
  시작 2026-08-19 18:12:46 KST  |  수행 10m 11s  |  VU max 200
  데이터셋 medium  |  부하 ramping-vus 0→200@3m0s→200@5m0s→0@2m0s

  ── 성능 (measure 구간) ─────────────────────────────────────────
  평균 5.96s     P95 11.35s    P99 15.61s   
  RPS  24.1      TPS 5.58      오류율 0.00%

  ── 인프라 ────────────────────────────────────────────────────────
  CPU  2.00 core (한계의 100%)   throttled 99.9%
  Heap 817 MB (80%)   GC max 402ms × 120회
  DB   slow 1,029  QPS 7,340  풀 100%  대기 199
  Redis hit 98.3%  ops 157.9/s  evicted 0

  ── 회귀 (기준: normal-day-2026-08-19T09-10-07) ────────────────
  ⚠  기준선은 당시 k6 threshold 미통과 실행입니다, 당시 Node 판정 FAIL.
     아래 증감률은 개선/악화 폭이며 현재 SLO 통과를 뜻하지 않습니다.
  ❌ P95 응답시간                   9.73s → 11.35s (+16.5%)
       11346 > 상한 500
       직전 대비 +16.5% 악화 (경고 10%)
  ❌ P99 응답시간                   13.52s → 15.61s (+15.5%)
       15606 > 상한 1200
       직전 대비 +15.5% 악화 (경고 15%)
  ⚠️  평균 응답시간                    4.83s → 5.96s (+23.4%)
       직전 대비 +23.4% 악화 (경고 10%)
  ⚠️  TPS (초당 트랜잭션)              6.7/s → 5.6/s (-16.9%)
       직전 대비 +16.9% 악화 (경고 10%)
  ⚠️  RPS (초당 요청)                27.9/s → 24.1/s (-13.7%)
       직전 대비 +13.7% 악화 (경고 10%)
  ❌ CPU 포화도 (한계 대비 최대)         100.1% → 100.1% (-0.0%)
       100 > 상한 95.00
  ❌ CPU throttling 비율          99.9% → 99.9% (+0.0%)
       99.90 > 상한 10.00
  ⚠️  GC 최대 정지시간                 414ms → 402ms (-2.9%)
       402 > 상한 200
  ❌ HikariCP 포화도               100.0% → 100.0% (0.0%)
       100 > 상한 95.00
  ❌ HikariCP 대기 스레드 최대         179 → 199 (+11.2%)
       199 > 상한 5.00
  ❌ 커넥션 획득 p95                 5.49s → 6.24s (+13.6%)
       6238 > 상한 100

  ── 병목 가설 ─────────────────────────────────────────────────────
  • CPU throttling 발생
    cgroup이 CPU를 강제 회수한 주기가 99.9%다. CPU 한계(2 core)를 올리거나 요청당 CPU 사용을 줄여야 p99가 안정된다.
  • DB 커넥션 풀 대기 발생
    최대 199개 스레드가 커넥션을 기다렸다. 풀 크기(10)가 동시성 대비 부족하거나, 커넥션 보유 시간이 긴 쿼리가 있다.
  • DB 커넥션 풀 포화
    풀 사용률이 100%까지 올라갔다. 여유가 거의 없어 부하가 조금만 늘어도 대기가 생긴다.
  • CPU 포화
    CPU 사용이 한계의 100%에 도달했다.

  보고서 : reports\runs\normal-day-2026-08-19T09-22-57\report.html
  Grafana(전체 실행): http://localhost:3001/d/htd-perf-overview/highteenday-performance-overview?from=1787130646212&to=1787131497485
  Grafana(measure) : http://localhost:3001/d/htd-perf-overview/highteenday-performance-overview?from=1787130826212&to=1787131366212
══════════════════════════════════════════════════════════════════════════

  [8/10] p95 11345.6ms · 평균 5959.7ms · 서버측 5872.0ms · 경로 87.7ms

──────── [9/10] 리셋 (restart) ────────

▶ k6 run scenarios/normal-day.js
  브랜치 personal/localdocs · 커밋 3e96d9463207 · 실행자 user@DESKTOP-DJJPASG
  환경 perf · "E-46 우선순위 7 — 예열인가 드리프트인가(연속 10회, 부하 중 벤치 포함) — repeatability 9/10"
  데이터셋 medium · 상태 sha256:8a17f27c0654 (176ms)
  캐시 cold (키 0개)
  guard strict — 상태 불일치 시 스냅샷 복원 후 재확인 [perf.config.json]
    guard=strict — 스냅샷으로 복원합니다.
▶ 복원 — medium-20260816-062210 → perf-mysql-data-medium
  앱·MySQL 정지
  MySQL 기동
  Redis FLUSHALL (복원 후 캐시는 cold 다)
  앱 기동
  복원 후 상태 지문 sha256:ffe696d17416 = 스냅샷 일치

✅ 복원 완료 · 소요 9.2초 (압축 해제 구간)

  부하 발생기: 컨테이너 perf-k6 (grafana/k6:2.1.0, CPU 상한 4)
  k6 지표 전송: http://prometheus:9090/api/v1/write (native histogram, 5s 간격)
  환경 대조 벤치 실행 중(3축 3회, 약 40초)... single 5712ms · parallel 5129ms · ctxswitch 2457ms
  부하 중 벤치 예약: k6 시작 +60초 (warmup 구간, 3회)

         /\      Grafana   /‾‾/  
    /\  /  \     |\  __   /  /   
   /  \/    \    | |/ /  /   ‾‾\ 
  /          \   |   (  |  (‾)  |
 / __________ \  |_|\_\  \_____/ 


     execution: local
        script: scenarios/normal-day.js
        output: Prometheus remote write (http://prometheus:9090/api/v1/write)

     scenarios: (100.00%) 1 scenario, 200 max VUs, 10m30s max duration (incl. graceful stop):
              * normal_day: Up to 200 looping VUs for 10m0s over 3 stages (gracefulRampDown: 30s, gracefulStop: 30s)


running (00m00.8s), 000/200 VUs, 0 complete and 0 interrupted iterations
normal_day   [   0% ] 000/200 VUs  00m00.8s/10m00.0s

running (00m01.8s), 002/200 VUs, 0 complete and 0 interrupted iterations
normal_day   [   0% ] 002/200 VUs  00m01.8s/10m00.0s

running (00m02.8s), 003/200 VUs, 0 complete and 0 interrupted iterations
normal_day   [   0% ] 003/200 VUs  00m02.8s/10m00.0s

running (00m03.8s), 004/200 VUs, 0 complete and 0 interrupted iterations
normal_day   [   1% ] 004/200 VUs  00m03.8s/10m00.0s

running (00m04.8s), 005/200 VUs, 0 complete and 0 interrupted iterations
normal_day   [   1% ] 005/200 VUs  00m04.8s/10m00.0s

running (00m05.8s), 006/200 VUs, 0 complete and 0 interrupted iterations
normal_day   [   1% ] 006/200 VUs  00m05.8s/10m00.0s

running (00m06.8s), 007/200 VUs, 3 complete and 0 interrupted iterations
normal_day   [   1% ] 007/200 VUs  00m06.8s/10m00.0s

running (00m07.8s), 008/200 VUs, 5 complete and 0 interrupted iterations
normal_day   [   1% ] 008/200 VUs  00m07.8s/10m00.0s

running (00m08.8s), 009/200 VUs, 5 complete and 0 interrupted iterations
normal_day   [   1% ] 009/200 VUs  00m08.8s/10m00.0s

running (00m09.8s), 010/200 VUs, 5 complete and 0 interrupted iterations
normal_day   [   2% ] 010/200 VUs  00m09.8s/10m00.0s

running (00m10.8s), 012/200 VUs, 6 complete and 0 interrupted iterations
normal_day   [   2% ] 012/200 VUs  00m10.8s/10m00.0s

running (00m11.8s), 013/200 VUs, 7 complete and 0 interrupted iterations
normal_day   [   2% ] 013/200 VUs  00m11.8s/10m00.0s

running (00m12.8s), 014/200 VUs, 8 complete and 0 interrupted iterations
normal_day   [   2% ] 014/200 VUs  00m12.8s/10m00.0s

running (00m13.8s), 015/200 VUs, 11 complete and 0 interrupted iterations
normal_day   [   2% ] 015/200 VUs  00m13.8s/10m00.0s

running (00m14.8s), 016/200 VUs, 12 complete and 0 interrupted iterations
normal_day   [   2% ] 016/200 VUs  00m14.8s/10m00.0s

running (00m15.8s), 017/200 VUs, 12 complete and 0 interrupted iterations
normal_day   [   3% ] 017/200 VUs  00m15.8s/10m00.0s

running (00m16.8s), 018/200 VUs, 13 complete and 0 interrupted iterations
normal_day   [   3% ] 018/200 VUs  00m16.8s/10m00.0s

running (00m17.8s), 019/200 VUs, 15 complete and 0 interrupted iterations
normal_day   [   3% ] 019/200 VUs  00m17.8s/10m00.0s

running (00m18.8s), 020/200 VUs, 16 complete and 0 interrupted iterations
normal_day   [   3% ] 020/200 VUs  00m18.8s/10m00.0s

running (00m19.8s), 022/200 VUs, 17 complete and 0 interrupted iterations
normal_day   [   3% ] 022/200 VUs  00m19.8s/10m00.0s

running (00m20.8s), 023/200 VUs, 18 complete and 0 interrupted iterations
normal_day   [   3% ] 023/200 VUs  00m20.8s/10m00.0s

running (00m21.8s), 024/200 VUs, 21 complete and 0 interrupted iterations
normal_day   [   4% ] 024/200 VUs  00m21.8s/10m00.0s

running (00m22.8s), 025/200 VUs, 21 complete and 0 interrupted iterations
normal_day   [   4% ] 025/200 VUs  00m22.8s/10m00.0s

running (00m23.8s), 026/200 VUs, 22 complete and 0 interrupted iterations
normal_day   [   4% ] 026/200 VUs  00m23.8s/10m00.0s

running (00m24.8s), 027/200 VUs, 23 complete and 0 interrupted iterations
normal_day   [   4% ] 027/200 VUs  00m24.8s/10m00.0s

running (00m25.8s), 028/200 VUs, 26 complete and 0 interrupted iterations
normal_day   [   4% ] 028/200 VUs  00m25.8s/10m00.0s

running (00m26.8s), 029/200 VUs, 27 complete and 0 interrupted iterations
normal_day   [   4% ] 029/200 VUs  00m26.8s/10m00.0s

running (00m27.8s), 030/200 VUs, 29 complete and 0 interrupted iterations
normal_day   [   5% ] 030/200 VUs  00m27.8s/10m00.0s

running (00m28.8s), 032/200 VUs, 31 complete and 0 interrupted iterations
normal_day   [   5% ] 032/200 VUs  00m28.8s/10m00.0s

running (00m29.8s), 033/200 VUs, 32 complete and 0 interrupted iterations
normal_day   [   5% ] 033/200 VUs  00m29.8s/10m00.0s

running (00m30.8s), 034/200 VUs, 35 complete and 0 interrupted iterations
normal_day   [   5% ] 034/200 VUs  00m30.8s/10m00.0s

running (00m31.8s), 035/200 VUs, 37 complete and 0 interrupted iterations
normal_day   [   5% ] 035/200 VUs  00m31.8s/10m00.0s

running (00m32.8s), 036/200 VUs, 38 complete and 0 interrupted iterations
normal_day   [   5% ] 036/200 VUs  00m32.8s/10m00.0s

running (00m33.8s), 037/200 VUs, 40 complete and 0 interrupted iterations
normal_day   [   6% ] 037/200 VUs  00m33.8s/10m00.0s

running (00m34.8s), 038/200 VUs, 43 complete and 0 interrupted iterations
normal_day   [   6% ] 038/200 VUs  00m34.8s/10m00.0s

running (00m35.8s), 039/200 VUs, 46 complete and 0 interrupted iterations
normal_day   [   6% ] 039/200 VUs  00m35.8s/10m00.0s

running (00m36.8s), 040/200 VUs, 51 complete and 0 interrupted iterations
normal_day   [   6% ] 040/200 VUs  00m36.8s/10m00.0s

running (00m37.8s), 042/200 VUs, 59 complete and 0 interrupted iterations
normal_day   [   6% ] 042/200 VUs  00m37.8s/10m00.0s

running (00m38.8s), 043/200 VUs, 63 complete and 0 interrupted iterations
normal_day   [   6% ] 043/200 VUs  00m38.8s/10m00.0s

running (00m39.8s), 044/200 VUs, 68 complete and 0 interrupted iterations
normal_day   [   7% ] 044/200 VUs  00m39.8s/10m00.0s

running (00m40.8s), 045/200 VUs, 71 complete and 0 interrupted iterations
normal_day   [   7% ] 045/200 VUs  00m40.8s/10m00.0s

running (00m41.8s), 046/200 VUs, 71 complete and 0 interrupted iterations
normal_day   [   7% ] 046/200 VUs  00m41.8s/10m00.0s

running (00m42.8s), 047/200 VUs, 75 complete and 0 interrupted iterations
normal_day   [   7% ] 047/200 VUs  00m42.8s/10m00.0s

running (00m43.8s), 048/200 VUs, 80 complete and 0 interrupted iterations
normal_day   [   7% ] 048/200 VUs  00m43.8s/10m00.0s

running (00m44.8s), 049/200 VUs, 87 complete and 0 interrupted iterations
normal_day   [   7% ] 049/200 VUs  00m44.8s/10m00.0s

running (00m45.8s), 050/200 VUs, 90 complete and 0 interrupted iterations
normal_day   [   8% ] 050/200 VUs  00m45.8s/10m00.0s

running (00m46.8s), 052/200 VUs, 96 complete and 0 interrupted iterations
normal_day   [   8% ] 052/200 VUs  00m46.8s/10m00.0s

running (00m47.8s), 053/200 VUs, 102 complete and 0 interrupted iterations
normal_day   [   8% ] 053/200 VUs  00m47.8s/10m00.0s

running (00m48.8s), 054/200 VUs, 106 complete and 0 interrupted iterations
normal_day   [   8% ] 054/200 VUs  00m48.8s/10m00.0s

running (00m49.8s), 055/200 VUs, 111 complete and 0 interrupted iterations
normal_day   [   8% ] 055/200 VUs  00m49.8s/10m00.0s

running (00m50.8s), 056/200 VUs, 119 complete and 0 interrupted iterations
normal_day   [   8% ] 056/200 VUs  00m50.8s/10m00.0s

running (00m51.8s), 057/200 VUs, 126 complete and 0 interrupted iterations
normal_day   [   9% ] 057/200 VUs  00m51.8s/10m00.0s

running (00m52.8s), 058/200 VUs, 133 complete and 0 interrupted iterations
normal_day   [   9% ] 058/200 VUs  00m52.8s/10m00.0s

running (00m53.8s), 059/200 VUs, 137 complete and 0 interrupted iterations
normal_day   [   9% ] 059/200 VUs  00m53.8s/10m00.0s

running (00m54.8s), 060/200 VUs, 142 complete and 0 interrupted iterations
normal_day   [   9% ] 060/200 VUs  00m54.8s/10m00.0s

running (00m55.8s), 062/200 VUs, 149 complete and 0 interrupted iterations
normal_day   [   9% ] 062/200 VUs  00m55.8s/10m00.0s

running (00m56.8s), 063/200 VUs, 156 complete and 0 interrupted iterations
normal_day   [   9% ] 063/200 VUs  00m56.8s/10m00.0s

running (00m57.8s), 064/200 VUs, 159 complete and 0 interrupted iterations
normal_day   [  10% ] 064/200 VUs  00m57.8s/10m00.0s

running (00m58.8s), 065/200 VUs, 165 complete and 0 interrupted iterations
normal_day   [  10% ] 065/200 VUs  00m58.8s/10m00.0s

running (00m59.8s), 066/200 VUs, 172 complete and 0 interrupted iterations
normal_day   [  10% ] 066/200 VUs  00m59.8s/10m00.0s

running (01m00.8s), 067/200 VUs, 180 complete and 0 interrupted iterations
normal_day   [  10% ] 067/200 VUs  01m00.8s/10m00.0s

running (01m01.8s), 068/200 VUs, 188 complete and 0 interrupted iterations
normal_day   [  10% ] 068/200 VUs  01m01.8s/10m00.0s

running (01m02.8s), 069/200 VUs, 196 complete and 0 interrupted iterations
normal_day   [  10% ] 069/200 VUs  01m02.8s/10m00.0s

running (01m03.8s), 070/200 VUs, 202 complete and 0 interrupted iterations
normal_day   [  11% ] 070/200 VUs  01m03.8s/10m00.0s

running (01m04.8s), 072/200 VUs, 208 complete and 0 interrupted iterations
normal_day   [  11% ] 072/200 VUs  01m04.8s/10m00.0s

running (01m05.8s), 073/200 VUs, 217 complete and 0 interrupted iterations
normal_day   [  11% ] 073/200 VUs  01m05.8s/10m00.0s

running (01m06.8s), 074/200 VUs, 223 complete and 0 interrupted iterations
normal_day   [  11% ] 074/200 VUs  01m06.8s/10m00.0s

running (01m07.8s), 075/200 VUs, 227 complete and 0 interrupted iterations
normal_day   [  11% ] 075/200 VUs  01m07.8s/10m00.0s

running (01m08.8s), 076/200 VUs, 235 complete and 0 interrupted iterations
normal_day   [  11% ] 076/200 VUs  01m08.8s/10m00.0s

running (01m09.8s), 077/200 VUs, 245 complete and 0 interrupted iterations
normal_day   [  12% ] 077/200 VUs  01m09.8s/10m00.0s

running (01m10.8s), 078/200 VUs, 256 complete and 0 interrupted iterations
normal_day   [  12% ] 078/200 VUs  01m10.8s/10m00.0s

running (01m11.8s), 079/200 VUs, 264 complete and 0 interrupted iterations
normal_day   [  12% ] 079/200 VUs  01m11.8s/10m00.0s

running (01m12.8s), 080/200 VUs, 269 complete and 0 interrupted iterations
normal_day   [  12% ] 080/200 VUs  01m12.8s/10m00.0s

running (01m13.8s), 082/200 VUs, 278 complete and 0 interrupted iterations
normal_day   [  12% ] 082/200 VUs  01m13.8s/10m00.0s

running (01m14.8s), 083/200 VUs, 286 complete and 0 interrupted iterations
normal_day   [  12% ] 083/200 VUs  01m14.8s/10m00.0s

running (01m15.8s), 084/200 VUs, 296 complete and 0 interrupted iterations
normal_day   [  13% ] 084/200 VUs  01m15.8s/10m00.0s

running (01m16.8s), 085/200 VUs, 300 complete and 0 interrupted iterations
normal_day   [  13% ] 085/200 VUs  01m16.8s/10m00.0s

running (01m17.8s), 086/200 VUs, 305 complete and 0 interrupted iterations
normal_day   [  13% ] 086/200 VUs  01m17.8s/10m00.0s

running (01m18.8s), 087/200 VUs, 312 complete and 0 interrupted iterations
normal_day   [  13% ] 087/200 VUs  01m18.8s/10m00.0s

running (01m19.8s), 088/200 VUs, 316 complete and 0 interrupted iterations
normal_day   [  13% ] 088/200 VUs  01m19.8s/10m00.0s

running (01m20.8s), 089/200 VUs, 321 complete and 0 interrupted iterations
normal_day   [  13% ] 089/200 VUs  01m20.8s/10m00.0s

running (01m21.8s), 090/200 VUs, 322 complete and 0 interrupted iterations
normal_day   [  14% ] 090/200 VUs  01m21.8s/10m00.0s

running (01m22.8s), 092/200 VUs, 326 complete and 0 interrupted iterations
normal_day   [  14% ] 092/200 VUs  01m22.8s/10m00.0s

running (01m23.8s), 093/200 VUs, 327 complete and 0 interrupted iterations
normal_day   [  14% ] 093/200 VUs  01m23.8s/10m00.0s

running (01m24.8s), 094/200 VUs, 330 complete and 0 interrupted iterations
normal_day   [  14% ] 094/200 VUs  01m24.8s/10m00.0s

running (01m25.8s), 095/200 VUs, 339 complete and 0 interrupted iterations
normal_day   [  14% ] 095/200 VUs  01m25.8s/10m00.0s

running (01m26.8s), 096/200 VUs, 346 complete and 0 interrupted iterations
normal_day   [  14% ] 096/200 VUs  01m26.8s/10m00.0s

running (01m27.8s), 097/200 VUs, 353 complete and 0 interrupted iterations
normal_day   [  15% ] 097/200 VUs  01m27.8s/10m00.0s

running (01m28.8s), 098/200 VUs, 358 complete and 0 interrupted iterations
normal_day   [  15% ] 098/200 VUs  01m28.8s/10m00.0s

running (01m29.8s), 099/200 VUs, 362 complete and 0 interrupted iterations
normal_day   [  15% ] 099/200 VUs  01m29.8s/10m00.0s

running (01m30.8s), 100/200 VUs, 370 complete and 0 interrupted iterations
normal_day   [  15% ] 100/200 VUs  01m30.8s/10m00.0s

running (01m31.8s), 102/200 VUs, 370 complete and 0 interrupted iterations
normal_day   [  15% ] 102/200 VUs  01m31.8s/10m00.0s

running (01m32.8s), 103/200 VUs, 375 complete and 0 interrupted iterations
normal_day   [  15% ] 103/200 VUs  01m32.8s/10m00.0s

running (01m33.8s), 104/200 VUs, 380 complete and 0 interrupted iterations
normal_day   [  16% ] 104/200 VUs  01m33.8s/10m00.0s

running (01m34.8s), 105/200 VUs, 387 complete and 0 interrupted iterations
normal_day   [  16% ] 105/200 VUs  01m34.8s/10m00.0s

running (01m35.8s), 106/200 VUs, 393 complete and 0 interrupted iterations
normal_day   [  16% ] 106/200 VUs  01m35.8s/10m00.0s

running (01m36.8s), 107/200 VUs, 396 complete and 0 interrupted iterations
normal_day   [  16% ] 107/200 VUs  01m36.8s/10m00.0s

running (01m37.8s), 108/200 VUs, 399 complete and 0 interrupted iterations
normal_day   [  16% ] 108/200 VUs  01m37.8s/10m00.0s

running (01m38.8s), 109/200 VUs, 402 complete and 0 interrupted iterations
normal_day   [  16% ] 109/200 VUs  01m38.8s/10m00.0s

running (01m39.8s), 110/200 VUs, 405 complete and 0 interrupted iterations
normal_day   [  17% ] 110/200 VUs  01m39.8s/10m00.0s

running (01m40.8s), 112/200 VUs, 406 complete and 0 interrupted iterations
normal_day   [  17% ] 112/200 VUs  01m40.8s/10m00.0s

running (01m41.8s), 113/200 VUs, 406 complete and 0 interrupted iterations
normal_day   [  17% ] 113/200 VUs  01m41.8s/10m00.0s

running (01m42.8s), 114/200 VUs, 407 complete and 0 interrupted iterations
normal_day   [  17% ] 114/200 VUs  01m42.8s/10m00.0s

running (01m43.8s), 115/200 VUs, 409 complete and 0 interrupted iterations
normal_day   [  17% ] 115/200 VUs  01m43.8s/10m00.0s

running (01m44.8s), 116/200 VUs, 413 complete and 0 interrupted iterations
normal_day   [  17% ] 116/200 VUs  01m44.8s/10m00.0s

running (01m45.8s), 117/200 VUs, 419 complete and 0 interrupted iterations
normal_day   [  18% ] 117/200 VUs  01m45.8s/10m00.0s

running (01m46.8s), 118/200 VUs, 423 complete and 0 interrupted iterations
normal_day   [  18% ] 118/200 VUs  01m46.8s/10m00.0s

running (01m47.8s), 119/200 VUs, 428 complete and 0 interrupted iterations
normal_day   [  18% ] 119/200 VUs  01m47.8s/10m00.0s

running (01m48.8s), 120/200 VUs, 433 complete and 0 interrupted iterations
normal_day   [  18% ] 120/200 VUs  01m48.8s/10m00.0s

running (01m49.8s), 122/200 VUs, 444 complete and 0 interrupted iterations
normal_day   [  18% ] 122/200 VUs  01m49.8s/10m00.0s

running (01m50.8s), 123/200 VUs, 453 complete and 0 interrupted iterations
normal_day   [  18% ] 123/200 VUs  01m50.8s/10m00.0s

running (01m51.8s), 124/200 VUs, 457 complete and 0 interrupted iterations
normal_day   [  19% ] 124/200 VUs  01m51.8s/10m00.0s

running (01m52.8s), 125/200 VUs, 460 complete and 0 interrupted iterations
normal_day   [  19% ] 125/200 VUs  01m52.8s/10m00.0s

running (01m53.8s), 126/200 VUs, 467 complete and 0 interrupted iterations
normal_day   [  19% ] 126/200 VUs  01m53.8s/10m00.0s

running (01m54.8s), 127/200 VUs, 472 complete and 0 interrupted iterations
normal_day   [  19% ] 127/200 VUs  01m54.8s/10m00.0s

running (01m55.8s), 128/200 VUs, 482 complete and 0 interrupted iterations
normal_day   [  19% ] 128/200 VUs  01m55.8s/10m00.0s

running (01m56.8s), 129/200 VUs, 487 complete and 0 interrupted iterations
normal_day   [  19% ] 129/200 VUs  01m56.8s/10m00.0s

running (01m57.8s), 130/200 VUs, 489 complete and 0 interrupted iterations
normal_day   [  20% ] 130/200 VUs  01m57.8s/10m00.0s

running (01m58.8s), 132/200 VUs, 490 complete and 0 interrupted iterations
normal_day   [  20% ] 132/200 VUs  01m58.8s/10m00.0s

running (01m59.8s), 133/200 VUs, 490 complete and 0 interrupted iterations
normal_day   [  20% ] 133/200 VUs  01m59.8s/10m00.0s

running (02m00.8s), 134/200 VUs, 491 complete and 0 interrupted iterations
normal_day   [  20% ] 134/200 VUs  02m00.8s/10m00.0s

running (02m01.8s), 135/200 VUs, 497 complete and 0 interrupted iterations
normal_day   [  20% ] 135/200 VUs  02m01.8s/10m00.0s

running (02m02.8s), 136/200 VUs, 503 complete and 0 interrupted iterations
normal_day   [  20% ] 136/200 VUs  02m02.8s/10m00.0s

running (02m03.8s), 137/200 VUs, 508 complete and 0 interrupted iterations
normal_day   [  21% ] 137/200 VUs  02m03.8s/10m00.0s

running (02m04.8s), 138/200 VUs, 515 complete and 0 interrupted iterations
normal_day   [  21% ] 138/200 VUs  02m04.8s/10m00.0s

running (02m05.8s), 139/200 VUs, 520 complete and 0 interrupted iterations
normal_day   [  21% ] 139/200 VUs  02m05.8s/10m00.0s

running (02m06.8s), 140/200 VUs, 523 complete and 0 interrupted iterations
normal_day   [  21% ] 140/200 VUs  02m06.8s/10m00.0s

running (02m07.8s), 142/200 VUs, 528 complete and 0 interrupted iterations
normal_day   [  21% ] 142/200 VUs  02m07.8s/10m00.0s

running (02m08.8s), 143/200 VUs, 532 complete and 0 interrupted iterations
normal_day   [  21% ] 143/200 VUs  02m08.8s/10m00.0s

running (02m09.8s), 144/200 VUs, 538 complete and 0 interrupted iterations
normal_day   [  22% ] 144/200 VUs  02m09.8s/10m00.0s

running (02m10.8s), 145/200 VUs, 547 complete and 0 interrupted iterations
normal_day   [  22% ] 145/200 VUs  02m10.8s/10m00.0s

running (02m11.8s), 146/200 VUs, 556 complete and 0 interrupted iterations
normal_day   [  22% ] 146/200 VUs  02m11.8s/10m00.0s

running (02m12.8s), 147/200 VUs, 559 complete and 0 interrupted iterations
normal_day   [  22% ] 147/200 VUs  02m12.8s/10m00.0s

running (02m13.8s), 148/200 VUs, 562 complete and 0 interrupted iterations
normal_day   [  22% ] 148/200 VUs  02m13.8s/10m00.0s

running (02m14.8s), 149/200 VUs, 563 complete and 0 interrupted iterations
normal_day   [  22% ] 149/200 VUs  02m14.8s/10m00.0s

running (02m15.8s), 150/200 VUs, 565 complete and 0 interrupted iterations
normal_day   [  23% ] 150/200 VUs  02m15.8s/10m00.0s

running (02m16.8s), 152/200 VUs, 568 complete and 0 interrupted iterations
normal_day   [  23% ] 152/200 VUs  02m16.8s/10m00.0s

running (02m17.8s), 153/200 VUs, 579 complete and 0 interrupted iterations
normal_day   [  23% ] 153/200 VUs  02m17.8s/10m00.0s

running (02m18.8s), 154/200 VUs, 585 complete and 0 interrupted iterations
normal_day   [  23% ] 154/200 VUs  02m18.8s/10m00.0s

running (02m19.8s), 155/200 VUs, 598 complete and 0 interrupted iterations
normal_day   [  23% ] 155/200 VUs  02m19.8s/10m00.0s

running (02m20.8s), 156/200 VUs, 607 complete and 0 interrupted iterations
normal_day   [  23% ] 156/200 VUs  02m20.8s/10m00.0s

running (02m21.8s), 157/200 VUs, 617 complete and 0 interrupted iterations
normal_day   [  24% ] 157/200 VUs  02m21.8s/10m00.0s

running (02m22.8s), 158/200 VUs, 625 complete and 0 interrupted iterations
normal_day   [  24% ] 158/200 VUs  02m22.8s/10m00.0s

running (02m23.8s), 159/200 VUs, 630 complete and 0 interrupted iterations
normal_day   [  24% ] 159/200 VUs  02m23.8s/10m00.0s

running (02m24.8s), 160/200 VUs, 631 complete and 0 interrupted iterations
normal_day   [  24% ] 160/200 VUs  02m24.8s/10m00.0s

running (02m25.8s), 162/200 VUs, 635 complete and 0 interrupted iterations
normal_day   [  24% ] 162/200 VUs  02m25.8s/10m00.0s

running (02m26.8s), 163/200 VUs, 639 complete and 0 interrupted iterations
normal_day   [  24% ] 163/200 VUs  02m26.8s/10m00.0s

running (02m27.8s), 164/200 VUs, 646 complete and 0 interrupted iterations
normal_day   [  25% ] 164/200 VUs  02m27.8s/10m00.0s

running (02m28.8s), 165/200 VUs, 654 complete and 0 interrupted iterations
normal_day   [  25% ] 165/200 VUs  02m28.8s/10m00.0s

running (02m29.8s), 166/200 VUs, 656 complete and 0 interrupted iterations
normal_day   [  25% ] 166/200 VUs  02m29.8s/10m00.0s

running (02m30.8s), 167/200 VUs, 664 complete and 0 interrupted iterations
normal_day   [  25% ] 167/200 VUs  02m30.8s/10m00.0s

running (02m31.8s), 168/200 VUs, 665 complete and 0 interrupted iterations
normal_day   [  25% ] 168/200 VUs  02m31.8s/10m00.0s

running (02m32.8s), 169/200 VUs, 671 complete and 0 interrupted iterations
normal_day   [  25% ] 169/200 VUs  02m32.8s/10m00.0s

running (02m33.8s), 170/200 VUs, 681 complete and 0 interrupted iterations
normal_day   [  26% ] 170/200 VUs  02m33.8s/10m00.0s

running (02m34.8s), 172/200 VUs, 685 complete and 0 interrupted iterations
normal_day   [  26% ] 172/200 VUs  02m34.8s/10m00.0s

running (02m35.8s), 173/200 VUs, 692 complete and 0 interrupted iterations
normal_day   [  26% ] 173/200 VUs  02m35.8s/10m00.0s

running (02m36.8s), 174/200 VUs, 702 complete and 0 interrupted iterations
normal_day   [  26% ] 174/200 VUs  02m36.8s/10m00.0s

running (02m37.8s), 175/200 VUs, 711 complete and 0 interrupted iterations
normal_day   [  26% ] 175/200 VUs  02m37.8s/10m00.0s

running (02m38.8s), 176/200 VUs, 719 complete and 0 interrupted iterations
normal_day   [  26% ] 176/200 VUs  02m38.8s/10m00.0s

running (02m39.8s), 177/200 VUs, 729 complete and 0 interrupted iterations
normal_day   [  27% ] 177/200 VUs  02m39.8s/10m00.0s

running (02m40.8s), 178/200 VUs, 736 complete and 0 interrupted iterations
normal_day   [  27% ] 178/200 VUs  02m40.8s/10m00.0s

running (02m41.8s), 179/200 VUs, 743 complete and 0 interrupted iterations
normal_day   [  27% ] 179/200 VUs  02m41.8s/10m00.0s

running (02m42.8s), 180/200 VUs, 749 complete and 0 interrupted iterations
normal_day   [  27% ] 180/200 VUs  02m42.8s/10m00.0s

running (02m43.8s), 182/200 VUs, 760 complete and 0 interrupted iterations
normal_day   [  27% ] 182/200 VUs  02m43.8s/10m00.0s

running (02m44.8s), 183/200 VUs, 773 complete and 0 interrupted iterations
normal_day   [  27% ] 183/200 VUs  02m44.8s/10m00.0s

running (02m45.8s), 184/200 VUs, 783 complete and 0 interrupted iterations
normal_day   [  28% ] 184/200 VUs  02m45.8s/10m00.0s

running (02m46.8s), 185/200 VUs, 786 complete and 0 interrupted iterations
normal_day   [  28% ] 185/200 VUs  02m46.8s/10m00.0s

running (02m47.8s), 186/200 VUs, 792 complete and 0 interrupted iterations
normal_day   [  28% ] 186/200 VUs  02m47.8s/10m00.0s

running (02m48.8s), 187/200 VUs, 796 complete and 0 interrupted iterations
normal_day   [  28% ] 187/200 VUs  02m48.8s/10m00.0s

running (02m49.8s), 188/200 VUs, 802 complete and 0 interrupted iterations
normal_day   [  28% ] 188/200 VUs  02m49.8s/10m00.0s

running (02m50.8s), 189/200 VUs, 805 complete and 0 interrupted iterations
normal_day   [  28% ] 189/200 VUs  02m50.8s/10m00.0s

running (02m51.8s), 190/200 VUs, 809 complete and 0 interrupted iterations
normal_day   [  29% ] 190/200 VUs  02m51.8s/10m00.0s

running (02m52.8s), 192/200 VUs, 814 complete and 0 interrupted iterations
normal_day   [  29% ] 192/200 VUs  02m52.8s/10m00.0s

running (02m53.8s), 193/200 VUs, 818 complete and 0 interrupted iterations
normal_day   [  29% ] 193/200 VUs  02m53.8s/10m00.0s

running (02m54.8s), 194/200 VUs, 820 complete and 0 interrupted iterations
normal_day   [  29% ] 194/200 VUs  02m54.8s/10m00.0s

running (02m55.8s), 195/200 VUs, 822 complete and 0 interrupted iterations
normal_day   [  29% ] 195/200 VUs  02m55.8s/10m00.0s

running (02m56.8s), 196/200 VUs, 833 complete and 0 interrupted iterations
normal_day   [  29% ] 196/200 VUs  02m56.8s/10m00.0s

running (02m57.8s), 197/200 VUs, 837 complete and 0 interrupted iterations
normal_day   [  30% ] 197/200 VUs  02m57.8s/10m00.0s

running (02m58.8s), 198/200 VUs, 842 complete and 0 interrupted iterations
normal_day   [  30% ] 198/200 VUs  02m58.8s/10m00.0s

running (02m59.8s), 199/200 VUs, 851 complete and 0 interrupted iterations
normal_day   [  30% ] 199/200 VUs  02m59.8s/10m00.0s

running (03m00.8s), 200/200 VUs, 858 complete and 0 interrupted iterations
normal_day   [  30% ] 200/200 VUs  03m00.8s/10m00.0s

running (03m01.8s), 200/200 VUs, 863 complete and 0 interrupted iterations
normal_day   [  30% ] 200/200 VUs  03m01.8s/10m00.0s

running (03m02.8s), 200/200 VUs, 864 complete and 0 interrupted iterations
normal_day   [  30% ] 200/200 VUs  03m02.8s/10m00.0s

running (03m03.8s), 200/200 VUs, 870 complete and 0 interrupted iterations
normal_day   [  31% ] 200/200 VUs  03m03.8s/10m00.0s

running (03m04.8s), 200/200 VUs, 877 complete and 0 interrupted iterations
normal_day   [  31% ] 200/200 VUs  03m04.8s/10m00.0s

running (03m05.8s), 200/200 VUs, 890 complete and 0 interrupted iterations
normal_day   [  31% ] 200/200 VUs  03m05.8s/10m00.0s

running (03m06.8s), 200/200 VUs, 900 complete and 0 interrupted iterations
normal_day   [  31% ] 200/200 VUs  03m06.8s/10m00.0s

running (03m07.8s), 200/200 VUs, 909 complete and 0 interrupted iterations
normal_day   [  31% ] 200/200 VUs  03m07.8s/10m00.0s

running (03m08.8s), 200/200 VUs, 915 complete and 0 interrupted iterations
normal_day   [  31% ] 200/200 VUs  03m08.8s/10m00.0s

running (03m09.8s), 200/200 VUs, 926 complete and 0 interrupted iterations
normal_day   [  32% ] 200/200 VUs  03m09.8s/10m00.0s

running (03m10.8s), 200/200 VUs, 932 complete and 0 interrupted iterations
normal_day   [  32% ] 200/200 VUs  03m10.8s/10m00.0s

running (03m11.8s), 200/200 VUs, 940 complete and 0 interrupted iterations
normal_day   [  32% ] 200/200 VUs  03m11.8s/10m00.0s

running (03m12.8s), 200/200 VUs, 945 complete and 0 interrupted iterations
normal_day   [  32% ] 200/200 VUs  03m12.8s/10m00.0s

running (03m13.8s), 200/200 VUs, 951 complete and 0 interrupted iterations
normal_day   [  32% ] 200/200 VUs  03m13.8s/10m00.0s

running (03m14.8s), 200/200 VUs, 957 complete and 0 interrupted iterations
normal_day   [  32% ] 200/200 VUs  03m14.8s/10m00.0s

running (03m15.8s), 200/200 VUs, 957 complete and 0 interrupted iterations
normal_day   [  33% ] 200/200 VUs  03m15.8s/10m00.0s

running (03m16.8s), 200/200 VUs, 964 complete and 0 interrupted iterations
normal_day   [  33% ] 200/200 VUs  03m16.8s/10m00.0s

running (03m17.8s), 200/200 VUs, 969 complete and 0 interrupted iterations
normal_day   [  33% ] 200/200 VUs  03m17.8s/10m00.0s

running (03m18.8s), 200/200 VUs, 984 complete and 0 interrupted iterations
normal_day   [  33% ] 200/200 VUs  03m18.8s/10m00.0s

running (03m19.8s), 200/200 VUs, 993 complete and 0 interrupted iterations
normal_day   [  33% ] 200/200 VUs  03m19.8s/10m00.0s

running (03m20.8s), 200/200 VUs, 1003 complete and 0 interrupted iterations
normal_day   [  33% ] 200/200 VUs  03m20.8s/10m00.0s

running (03m21.8s), 200/200 VUs, 1012 complete and 0 interrupted iterations
normal_day   [  34% ] 200/200 VUs  03m21.8s/10m00.0s

running (03m22.8s), 200/200 VUs, 1020 complete and 0 interrupted iterations
normal_day   [  34% ] 200/200 VUs  03m22.8s/10m00.0s

running (03m23.8s), 200/200 VUs, 1024 complete and 0 interrupted iterations
normal_day   [  34% ] 200/200 VUs  03m23.8s/10m00.0s

running (03m24.8s), 200/200 VUs, 1032 complete and 0 interrupted iterations
normal_day   [  34% ] 200/200 VUs  03m24.8s/10m00.0s

running (03m25.8s), 200/200 VUs, 1034 complete and 0 interrupted iterations
normal_day   [  34% ] 200/200 VUs  03m25.8s/10m00.0s

running (03m26.8s), 200/200 VUs, 1036 complete and 0 interrupted iterations
normal_day   [  34% ] 200/200 VUs  03m26.8s/10m00.0s

running (03m27.8s), 200/200 VUs, 1039 complete and 0 interrupted iterations
normal_day   [  35% ] 200/200 VUs  03m27.8s/10m00.0s

running (03m28.8s), 200/200 VUs, 1040 complete and 0 interrupted iterations
normal_day   [  35% ] 200/200 VUs  03m28.8s/10m00.0s

running (03m29.8s), 200/200 VUs, 1040 complete and 0 interrupted iterations
normal_day   [  35% ] 200/200 VUs  03m29.8s/10m00.0s

running (03m30.8s), 200/200 VUs, 1042 complete and 0 interrupted iterations
normal_day   [  35% ] 200/200 VUs  03m30.8s/10m00.0s

running (03m31.8s), 200/200 VUs, 1048 complete and 0 interrupted iterations
normal_day   [  35% ] 200/200 VUs  03m31.8s/10m00.0s

running (03m32.8s), 200/200 VUs, 1058 complete and 0 interrupted iterations
normal_day   [  35% ] 200/200 VUs  03m32.8s/10m00.0s

running (03m33.8s), 200/200 VUs, 1066 complete and 0 interrupted iterations
normal_day   [  36% ] 200/200 VUs  03m33.8s/10m00.0s

running (03m34.8s), 200/200 VUs, 1080 complete and 0 interrupted iterations
normal_day   [  36% ] 200/200 VUs  03m34.8s/10m00.0s

running (03m35.8s), 200/200 VUs, 1087 complete and 0 interrupted iterations
normal_day   [  36% ] 200/200 VUs  03m35.8s/10m00.0s

running (03m36.8s), 200/200 VUs, 1090 complete and 0 interrupted iterations
normal_day   [  36% ] 200/200 VUs  03m36.8s/10m00.0s

running (03m37.8s), 200/200 VUs, 1094 complete and 0 interrupted iterations
normal_day   [  36% ] 200/200 VUs  03m37.8s/10m00.0s

running (03m38.8s), 200/200 VUs, 1096 complete and 0 interrupted iterations
normal_day   [  36% ] 200/200 VUs  03m38.8s/10m00.0s

running (03m39.8s), 200/200 VUs, 1098 complete and 0 interrupted iterations
normal_day   [  37% ] 200/200 VUs  03m39.8s/10m00.0s

running (03m40.8s), 200/200 VUs, 1102 complete and 0 interrupted iterations
normal_day   [  37% ] 200/200 VUs  03m40.8s/10m00.0s

running (03m41.8s), 200/200 VUs, 1104 complete and 0 interrupted iterations
normal_day   [  37% ] 200/200 VUs  03m41.8s/10m00.0s

running (03m42.8s), 200/200 VUs, 1108 complete and 0 interrupted iterations
normal_day   [  37% ] 200/200 VUs  03m42.8s/10m00.0s

running (03m43.8s), 200/200 VUs, 1117 complete and 0 interrupted iterations
normal_day   [  37% ] 200/200 VUs  03m43.8s/10m00.0s

running (03m44.8s), 200/200 VUs, 1119 complete and 0 interrupted iterations
normal_day   [  37% ] 200/200 VUs  03m44.8s/10m00.0s

running (03m45.8s), 200/200 VUs, 1126 complete and 0 interrupted iterations
normal_day   [  38% ] 200/200 VUs  03m45.8s/10m00.0s

running (03m46.8s), 200/200 VUs, 1134 complete and 0 interrupted iterations
normal_day   [  38% ] 200/200 VUs  03m46.8s/10m00.0s

running (03m47.8s), 200/200 VUs, 1141 complete and 0 interrupted iterations
normal_day   [  38% ] 200/200 VUs  03m47.8s/10m00.0s

running (03m48.8s), 200/200 VUs, 1145 complete and 0 interrupted iterations
normal_day   [  38% ] 200/200 VUs  03m48.8s/10m00.0s

running (03m49.8s), 200/200 VUs, 1148 complete and 0 interrupted iterations
normal_day   [  38% ] 200/200 VUs  03m49.8s/10m00.0s

running (03m50.8s), 200/200 VUs, 1155 complete and 0 interrupted iterations
normal_day   [  38% ] 200/200 VUs  03m50.8s/10m00.0s

running (03m51.8s), 200/200 VUs, 1161 complete and 0 interrupted iterations
normal_day   [  39% ] 200/200 VUs  03m51.8s/10m00.0s

running (03m52.8s), 200/200 VUs, 1166 complete and 0 interrupted iterations
normal_day   [  39% ] 200/200 VUs  03m52.8s/10m00.0s

running (03m53.8s), 200/200 VUs, 1168 complete and 0 interrupted iterations
normal_day   [  39% ] 200/200 VUs  03m53.8s/10m00.0s

running (03m54.8s), 200/200 VUs, 1172 complete and 0 interrupted iterations
normal_day   [  39% ] 200/200 VUs  03m54.8s/10m00.0s

running (03m55.8s), 200/200 VUs, 1180 complete and 0 interrupted iterations
normal_day   [  39% ] 200/200 VUs  03m55.8s/10m00.0s

running (03m56.8s), 200/200 VUs, 1191 complete and 0 interrupted iterations
normal_day   [  39% ] 200/200 VUs  03m56.8s/10m00.0s

running (03m57.8s), 200/200 VUs, 1202 complete and 0 interrupted iterations
normal_day   [  40% ] 200/200 VUs  03m57.8s/10m00.0s

running (03m58.8s), 200/200 VUs, 1202 complete and 0 interrupted iterations
normal_day   [  40% ] 200/200 VUs  03m58.8s/10m00.0s

running (03m59.8s), 200/200 VUs, 1203 complete and 0 interrupted iterations
normal_day   [  40% ] 200/200 VUs  03m59.8s/10m00.0s

running (04m00.8s), 200/200 VUs, 1210 complete and 0 interrupted iterations
normal_day   [  40% ] 200/200 VUs  04m00.8s/10m00.0s

running (04m01.8s), 200/200 VUs, 1217 complete and 0 interrupted iterations
normal_day   [  40% ] 200/200 VUs  04m01.8s/10m00.0s

running (04m02.8s), 200/200 VUs, 1229 complete and 0 interrupted iterations
normal_day   [  40% ] 200/200 VUs  04m02.8s/10m00.0s

running (04m03.8s), 200/200 VUs, 1237 complete and 0 interrupted iterations
normal_day   [  41% ] 200/200 VUs  04m03.8s/10m00.0s

running (04m04.8s), 200/200 VUs, 1244 complete and 0 interrupted iterations
normal_day   [  41% ] 200/200 VUs  04m04.8s/10m00.0s

running (04m05.8s), 200/200 VUs, 1255 complete and 0 interrupted iterations
normal_day   [  41% ] 200/200 VUs  04m05.8s/10m00.0s

running (04m06.8s), 200/200 VUs, 1260 complete and 0 interrupted iterations
normal_day   [  41% ] 200/200 VUs  04m06.8s/10m00.0s

running (04m07.8s), 200/200 VUs, 1265 complete and 0 interrupted iterations
normal_day   [  41% ] 200/200 VUs  04m07.8s/10m00.0s

running (04m08.8s), 200/200 VUs, 1277 complete and 0 interrupted iterations
normal_day   [  41% ] 200/200 VUs  04m08.8s/10m00.0s

running (04m09.9s), 200/200 VUs, 1285 complete and 0 interrupted iterations
normal_day   [  42% ] 200/200 VUs  04m09.9s/10m00.0s

running (04m10.8s), 200/200 VUs, 1292 complete and 0 interrupted iterations
normal_day   [  42% ] 200/200 VUs  04m10.8s/10m00.0s

running (04m11.8s), 200/200 VUs, 1294 complete and 0 interrupted iterations
normal_day   [  42% ] 200/200 VUs  04m11.8s/10m00.0s

running (04m12.8s), 200/200 VUs, 1296 complete and 0 interrupted iterations
normal_day   [  42% ] 200/200 VUs  04m12.8s/10m00.0s

running (04m13.8s), 200/200 VUs, 1298 complete and 0 interrupted iterations
normal_day   [  42% ] 200/200 VUs  04m13.8s/10m00.0s

running (04m14.8s), 200/200 VUs, 1303 complete and 0 interrupted iterations
normal_day   [  42% ] 200/200 VUs  04m14.8s/10m00.0s

running (04m15.8s), 200/200 VUs, 1310 complete and 0 interrupted iterations
normal_day   [  43% ] 200/200 VUs  04m15.8s/10m00.0s

running (04m16.8s), 200/200 VUs, 1315 complete and 0 interrupted iterations
normal_day   [  43% ] 200/200 VUs  04m16.8s/10m00.0s

running (04m17.8s), 200/200 VUs, 1325 complete and 0 interrupted iterations
normal_day   [  43% ] 200/200 VUs  04m17.8s/10m00.0s

running (04m18.8s), 200/200 VUs, 1334 complete and 0 interrupted iterations
normal_day   [  43% ] 200/200 VUs  04m18.8s/10m00.0s

running (04m19.8s), 200/200 VUs, 1343 complete and 0 interrupted iterations
normal_day   [  43% ] 200/200 VUs  04m19.8s/10m00.0s

running (04m20.8s), 200/200 VUs, 1353 complete and 0 interrupted iterations
normal_day   [  43% ] 200/200 VUs  04m20.8s/10m00.0s

running (04m21.8s), 200/200 VUs, 1357 complete and 0 interrupted iterations
normal_day   [  44% ] 200/200 VUs  04m21.8s/10m00.0s

running (04m22.8s), 200/200 VUs, 1359 complete and 0 interrupted iterations
normal_day   [  44% ] 200/200 VUs  04m22.8s/10m00.0s

running (04m23.8s), 200/200 VUs, 1363 complete and 0 interrupted iterations
normal_day   [  44% ] 200/200 VUs  04m23.8s/10m00.0s

running (04m24.8s), 200/200 VUs, 1369 complete and 0 interrupted iterations
normal_day   [  44% ] 200/200 VUs  04m24.8s/10m00.0s

running (04m25.8s), 200/200 VUs, 1375 complete and 0 interrupted iterations
normal_day   [  44% ] 200/200 VUs  04m25.8s/10m00.0s

running (04m26.8s), 200/200 VUs, 1380 complete and 0 interrupted iterations
normal_day   [  44% ] 200/200 VUs  04m26.8s/10m00.0s

running (04m27.8s), 200/200 VUs, 1387 complete and 0 interrupted iterations
normal_day   [  45% ] 200/200 VUs  04m27.8s/10m00.0s

running (04m28.8s), 200/200 VUs, 1393 complete and 0 interrupted iterations
normal_day   [  45% ] 200/200 VUs  04m28.8s/10m00.0s

running (04m29.8s), 200/200 VUs, 1400 complete and 0 interrupted iterations
normal_day   [  45% ] 200/200 VUs  04m29.8s/10m00.0s

running (04m30.8s), 200/200 VUs, 1407 complete and 0 interrupted iterations
normal_day   [  45% ] 200/200 VUs  04m30.8s/10m00.0s

running (04m31.8s), 200/200 VUs, 1408 complete and 0 interrupted iterations
normal_day   [  45% ] 200/200 VUs  04m31.8s/10m00.0s

running (04m32.8s), 200/200 VUs, 1415 complete and 0 interrupted iterations
normal_day   [  45% ] 200/200 VUs  04m32.8s/10m00.0s

running (04m33.8s), 200/200 VUs, 1422 complete and 0 interrupted iterations
normal_day   [  46% ] 200/200 VUs  04m33.8s/10m00.0s

running (04m34.8s), 200/200 VUs, 1429 complete and 0 interrupted iterations
normal_day   [  46% ] 200/200 VUs  04m34.8s/10m00.0s

running (04m35.8s), 200/200 VUs, 1440 complete and 0 interrupted iterations
normal_day   [  46% ] 200/200 VUs  04m35.8s/10m00.0s

running (04m36.8s), 200/200 VUs, 1443 complete and 0 interrupted iterations
normal_day   [  46% ] 200/200 VUs  04m36.8s/10m00.0s

running (04m37.8s), 200/200 VUs, 1453 complete and 0 interrupted iterations
normal_day   [  46% ] 200/200 VUs  04m37.8s/10m00.0s

running (04m38.8s), 200/200 VUs, 1456 complete and 0 interrupted iterations
normal_day   [  46% ] 200/200 VUs  04m38.8s/10m00.0s

running (04m39.8s), 200/200 VUs, 1463 complete and 0 interrupted iterations
normal_day   [  47% ] 200/200 VUs  04m39.8s/10m00.0s

running (04m40.8s), 200/200 VUs, 1469 complete and 0 interrupted iterations
normal_day   [  47% ] 200/200 VUs  04m40.8s/10m00.0s

running (04m41.8s), 200/200 VUs, 1473 complete and 0 interrupted iterations
normal_day   [  47% ] 200/200 VUs  04m41.8s/10m00.0s

running (04m42.8s), 200/200 VUs, 1481 complete and 0 interrupted iterations
normal_day   [  47% ] 200/200 VUs  04m42.8s/10m00.0s

running (04m43.8s), 200/200 VUs, 1489 complete and 0 interrupted iterations
normal_day   [  47% ] 200/200 VUs  04m43.8s/10m00.0s

running (04m44.8s), 200/200 VUs, 1499 complete and 0 interrupted iterations
normal_day   [  47% ] 200/200 VUs  04m44.8s/10m00.0s

running (04m45.8s), 200/200 VUs, 1505 complete and 0 interrupted iterations
normal_day   [  48% ] 200/200 VUs  04m45.8s/10m00.0s

running (04m46.8s), 200/200 VUs, 1511 complete and 0 interrupted iterations
normal_day   [  48% ] 200/200 VUs  04m46.8s/10m00.0s

running (04m47.8s), 200/200 VUs, 1512 complete and 0 interrupted iterations
normal_day   [  48% ] 200/200 VUs  04m47.8s/10m00.0s

running (04m48.8s), 200/200 VUs, 1515 complete and 0 interrupted iterations
normal_day   [  48% ] 200/200 VUs  04m48.8s/10m00.0s

running (04m49.8s), 200/200 VUs, 1517 complete and 0 interrupted iterations
normal_day   [  48% ] 200/200 VUs  04m49.8s/10m00.0s

running (04m50.8s), 200/200 VUs, 1518 complete and 0 interrupted iterations
normal_day   [  48% ] 200/200 VUs  04m50.8s/10m00.0s

running (04m51.8s), 200/200 VUs, 1521 complete and 0 interrupted iterations
normal_day   [  49% ] 200/200 VUs  04m51.8s/10m00.0s

running (04m52.8s), 200/200 VUs, 1522 complete and 0 interrupted iterations
normal_day   [  49% ] 200/200 VUs  04m52.8s/10m00.0s

running (04m53.8s), 200/200 VUs, 1526 complete and 0 interrupted iterations
normal_day   [  49% ] 200/200 VUs  04m53.8s/10m00.0s

running (04m54.8s), 200/200 VUs, 1531 complete and 0 interrupted iterations
normal_day   [  49% ] 200/200 VUs  04m54.8s/10m00.0s

running (04m55.8s), 200/200 VUs, 1536 complete and 0 interrupted iterations
normal_day   [  49% ] 200/200 VUs  04m55.8s/10m00.0s

running (04m56.8s), 200/200 VUs, 1539 complete and 0 interrupted iterations
normal_day   [  49% ] 200/200 VUs  04m56.8s/10m00.0s

running (04m57.8s), 200/200 VUs, 1544 complete and 0 interrupted iterations
normal_day   [  50% ] 200/200 VUs  04m57.8s/10m00.0s

running (04m58.8s), 200/200 VUs, 1554 complete and 0 interrupted iterations
normal_day   [  50% ] 200/200 VUs  04m58.8s/10m00.0s

running (04m59.8s), 200/200 VUs, 1559 complete and 0 interrupted iterations
normal_day   [  50% ] 200/200 VUs  04m59.8s/10m00.0s

running (05m00.8s), 200/200 VUs, 1563 complete and 0 interrupted iterations
normal_day   [  50% ] 200/200 VUs  05m00.8s/10m00.0s

running (05m01.8s), 200/200 VUs, 1568 complete and 0 interrupted iterations
normal_day   [  50% ] 200/200 VUs  05m01.8s/10m00.0s

running (05m02.8s), 200/200 VUs, 1574 complete and 0 interrupted iterations
normal_day   [  50% ] 200/200 VUs  05m02.8s/10m00.0s

running (05m03.8s), 200/200 VUs, 1581 complete and 0 interrupted iterations
normal_day   [  51% ] 200/200 VUs  05m03.8s/10m00.0s

running (05m04.8s), 200/200 VUs, 1588 complete and 0 interrupted iterations
normal_day   [  51% ] 200/200 VUs  05m04.8s/10m00.0s

running (05m05.8s), 200/200 VUs, 1596 complete and 0 interrupted iterations
normal_day   [  51% ] 200/200 VUs  05m05.8s/10m00.0s

running (05m06.8s), 200/200 VUs, 1609 complete and 0 interrupted iterations
normal_day   [  51% ] 200/200 VUs  05m06.8s/10m00.0s

running (05m07.8s), 200/200 VUs, 1616 complete and 0 interrupted iterations
normal_day   [  51% ] 200/200 VUs  05m07.8s/10m00.0s

running (05m08.8s), 200/200 VUs, 1622 complete and 0 interrupted iterations
normal_day   [  51% ] 200/200 VUs  05m08.8s/10m00.0s

running (05m09.8s), 200/200 VUs, 1625 complete and 0 interrupted iterations
normal_day   [  52% ] 200/200 VUs  05m09.8s/10m00.0s

running (05m10.8s), 200/200 VUs, 1632 complete and 0 interrupted iterations
normal_day   [  52% ] 200/200 VUs  05m10.8s/10m00.0s

running (05m11.8s), 200/200 VUs, 1641 complete and 0 interrupted iterations
normal_day   [  52% ] 200/200 VUs  05m11.8s/10m00.0s

running (05m12.8s), 200/200 VUs, 1645 complete and 0 interrupted iterations
normal_day   [  52% ] 200/200 VUs  05m12.8s/10m00.0s

running (05m13.8s), 200/200 VUs, 1646 complete and 0 interrupted iterations
normal_day   [  52% ] 200/200 VUs  05m13.8s/10m00.0s

running (05m14.8s), 200/200 VUs, 1648 complete and 0 interrupted iterations
normal_day   [  52% ] 200/200 VUs  05m14.8s/10m00.0s

running (05m15.8s), 200/200 VUs, 1649 complete and 0 interrupted iterations
normal_day   [  53% ] 200/200 VUs  05m15.8s/10m00.0s

running (05m16.8s), 200/200 VUs, 1653 complete and 0 interrupted iterations
normal_day   [  53% ] 200/200 VUs  05m16.8s/10m00.0s

running (05m17.8s), 200/200 VUs, 1657 complete and 0 interrupted iterations
normal_day   [  53% ] 200/200 VUs  05m17.8s/10m00.0s

running (05m18.8s), 200/200 VUs, 1665 complete and 0 interrupted iterations
normal_day   [  53% ] 200/200 VUs  05m18.8s/10m00.0s

running (05m19.8s), 200/200 VUs, 1671 complete and 0 interrupted iterations
normal_day   [  53% ] 200/200 VUs  05m19.8s/10m00.0s

running (05m20.8s), 200/200 VUs, 1683 complete and 0 interrupted iterations
normal_day   [  53% ] 200/200 VUs  05m20.8s/10m00.0s

running (05m21.8s), 200/200 VUs, 1690 complete and 0 interrupted iterations
normal_day   [  54% ] 200/200 VUs  05m21.8s/10m00.0s

running (05m22.8s), 200/200 VUs, 1696 complete and 0 interrupted iterations
normal_day   [  54% ] 200/200 VUs  05m22.8s/10m00.0s

running (05m23.8s), 200/200 VUs, 1702 complete and 0 interrupted iterations
normal_day   [  54% ] 200/200 VUs  05m23.8s/10m00.0s

running (05m24.8s), 200/200 VUs, 1703 complete and 0 interrupted iterations
normal_day   [  54% ] 200/200 VUs  05m24.8s/10m00.0s

running (05m25.8s), 200/200 VUs, 1703 complete and 0 interrupted iterations
normal_day   [  54% ] 200/200 VUs  05m25.8s/10m00.0s

running (05m26.8s), 200/200 VUs, 1715 complete and 0 interrupted iterations
normal_day   [  54% ] 200/200 VUs  05m26.8s/10m00.0s

running (05m27.8s), 200/200 VUs, 1724 complete and 0 interrupted iterations
normal_day   [  55% ] 200/200 VUs  05m27.8s/10m00.0s

running (05m28.8s), 200/200 VUs, 1735 complete and 0 interrupted iterations
normal_day   [  55% ] 200/200 VUs  05m28.8s/10m00.0s

running (05m29.8s), 200/200 VUs, 1749 complete and 0 interrupted iterations
normal_day   [  55% ] 200/200 VUs  05m29.8s/10m00.0s

running (05m30.8s), 200/200 VUs, 1750 complete and 0 interrupted iterations
normal_day   [  55% ] 200/200 VUs  05m30.8s/10m00.0s

running (05m31.8s), 200/200 VUs, 1754 complete and 0 interrupted iterations
normal_day   [  55% ] 200/200 VUs  05m31.8s/10m00.0s

running (05m32.8s), 200/200 VUs, 1757 complete and 0 interrupted iterations
normal_day   [  55% ] 200/200 VUs  05m32.8s/10m00.0s

running (05m33.8s), 200/200 VUs, 1762 complete and 0 interrupted iterations
normal_day   [  56% ] 200/200 VUs  05m33.8s/10m00.0s

running (05m34.8s), 200/200 VUs, 1772 complete and 0 interrupted iterations
normal_day   [  56% ] 200/200 VUs  05m34.8s/10m00.0s

running (05m35.8s), 200/200 VUs, 1789 complete and 0 interrupted iterations
normal_day   [  56% ] 200/200 VUs  05m35.8s/10m00.0s

running (05m36.8s), 200/200 VUs, 1801 complete and 0 interrupted iterations
normal_day   [  56% ] 200/200 VUs  05m36.8s/10m00.0s

running (05m37.8s), 200/200 VUs, 1805 complete and 0 interrupted iterations
normal_day   [  56% ] 200/200 VUs  05m37.8s/10m00.0s

running (05m38.8s), 200/200 VUs, 1807 complete and 0 interrupted iterations
normal_day   [  56% ] 200/200 VUs  05m38.8s/10m00.0s

running (05m39.8s), 200/200 VUs, 1810 complete and 0 interrupted iterations
normal_day   [  57% ] 200/200 VUs  05m39.8s/10m00.0s

running (05m40.8s), 200/200 VUs, 1813 complete and 0 interrupted iterations
normal_day   [  57% ] 200/200 VUs  05m40.8s/10m00.0s

running (05m41.8s), 200/200 VUs, 1815 complete and 0 interrupted iterations
normal_day   [  57% ] 200/200 VUs  05m41.8s/10m00.0s

running (05m42.8s), 200/200 VUs, 1819 complete and 0 interrupted iterations
normal_day   [  57% ] 200/200 VUs  05m42.8s/10m00.0s

running (05m43.8s), 200/200 VUs, 1821 complete and 0 interrupted iterations
normal_day   [  57% ] 200/200 VUs  05m43.8s/10m00.0s

running (05m44.8s), 200/200 VUs, 1825 complete and 0 interrupted iterations
normal_day   [  57% ] 200/200 VUs  05m44.8s/10m00.0s

running (05m45.8s), 200/200 VUs, 1828 complete and 0 interrupted iterations
normal_day   [  58% ] 200/200 VUs  05m45.8s/10m00.0s

running (05m46.8s), 200/200 VUs, 1834 complete and 0 interrupted iterations
normal_day   [  58% ] 200/200 VUs  05m46.8s/10m00.0s

running (05m47.8s), 200/200 VUs, 1839 complete and 0 interrupted iterations
normal_day   [  58% ] 200/200 VUs  05m47.8s/10m00.0s

running (05m48.8s), 200/200 VUs, 1848 complete and 0 interrupted iterations
normal_day   [  58% ] 200/200 VUs  05m48.8s/10m00.0s

running (05m49.8s), 200/200 VUs, 1851 complete and 0 interrupted iterations
normal_day   [  58% ] 200/200 VUs  05m49.8s/10m00.0s

running (05m50.8s), 200/200 VUs, 1853 complete and 0 interrupted iterations
normal_day   [  58% ] 200/200 VUs  05m50.8s/10m00.0s

running (05m51.8s), 200/200 VUs, 1863 complete and 0 interrupted iterations
normal_day   [  59% ] 200/200 VUs  05m51.8s/10m00.0s

running (05m52.8s), 200/200 VUs, 1871 complete and 0 interrupted iterations
normal_day   [  59% ] 200/200 VUs  05m52.8s/10m00.0s

running (05m53.8s), 200/200 VUs, 1876 complete and 0 interrupted iterations
normal_day   [  59% ] 200/200 VUs  05m53.8s/10m00.0s

running (05m54.8s), 200/200 VUs, 1885 complete and 0 interrupted iterations
normal_day   [  59% ] 200/200 VUs  05m54.8s/10m00.0s

running (05m55.8s), 200/200 VUs, 1892 complete and 0 interrupted iterations
normal_day   [  59% ] 200/200 VUs  05m55.8s/10m00.0s

running (05m56.8s), 200/200 VUs, 1899 complete and 0 interrupted iterations
normal_day   [  59% ] 200/200 VUs  05m56.8s/10m00.0s

running (05m57.8s), 200/200 VUs, 1900 complete and 0 interrupted iterations
normal_day   [  60% ] 200/200 VUs  05m57.8s/10m00.0s

running (05m58.8s), 200/200 VUs, 1905 complete and 0 interrupted iterations
normal_day   [  60% ] 200/200 VUs  05m58.8s/10m00.0s

running (05m59.8s), 200/200 VUs, 1907 complete and 0 interrupted iterations
normal_day   [  60% ] 200/200 VUs  05m59.8s/10m00.0s

running (06m00.8s), 200/200 VUs, 1915 complete and 0 interrupted iterations
normal_day   [  60% ] 200/200 VUs  06m00.8s/10m00.0s

running (06m01.8s), 200/200 VUs, 1925 complete and 0 interrupted iterations
normal_day   [  60% ] 200/200 VUs  06m01.8s/10m00.0s

running (06m02.8s), 200/200 VUs, 1934 complete and 0 interrupted iterations
normal_day   [  60% ] 200/200 VUs  06m02.8s/10m00.0s

running (06m03.8s), 200/200 VUs, 1939 complete and 0 interrupted iterations
normal_day   [  61% ] 200/200 VUs  06m03.8s/10m00.0s

running (06m04.8s), 200/200 VUs, 1946 complete and 0 interrupted iterations
normal_day   [  61% ] 200/200 VUs  06m04.8s/10m00.0s

running (06m05.8s), 200/200 VUs, 1956 complete and 0 interrupted iterations
normal_day   [  61% ] 200/200 VUs  06m05.8s/10m00.0s

running (06m06.8s), 200/200 VUs, 1966 complete and 0 interrupted iterations
normal_day   [  61% ] 200/200 VUs  06m06.8s/10m00.0s

running (06m07.8s), 200/200 VUs, 1973 complete and 0 interrupted iterations
normal_day   [  61% ] 200/200 VUs  06m07.8s/10m00.0s

running (06m08.8s), 200/200 VUs, 1975 complete and 0 interrupted iterations
normal_day   [  61% ] 200/200 VUs  06m08.8s/10m00.0s

running (06m09.8s), 200/200 VUs, 1977 complete and 0 interrupted iterations
normal_day   [  62% ] 200/200 VUs  06m09.8s/10m00.0s

running (06m10.8s), 200/200 VUs, 1985 complete and 0 interrupted iterations
normal_day   [  62% ] 200/200 VUs  06m10.8s/10m00.0s

running (06m11.8s), 200/200 VUs, 1997 complete and 0 interrupted iterations
normal_day   [  62% ] 200/200 VUs  06m11.8s/10m00.0s

running (06m12.8s), 200/200 VUs, 2010 complete and 0 interrupted iterations
normal_day   [  62% ] 200/200 VUs  06m12.8s/10m00.0s

running (06m13.8s), 200/200 VUs, 2018 complete and 0 interrupted iterations
normal_day   [  62% ] 200/200 VUs  06m13.8s/10m00.0s

running (06m14.8s), 200/200 VUs, 2020 complete and 0 interrupted iterations
normal_day   [  62% ] 200/200 VUs  06m14.8s/10m00.0s

running (06m15.8s), 200/200 VUs, 2023 complete and 0 interrupted iterations
normal_day   [  63% ] 200/200 VUs  06m15.8s/10m00.0s

running (06m16.8s), 200/200 VUs, 2024 complete and 0 interrupted iterations
normal_day   [  63% ] 200/200 VUs  06m16.8s/10m00.0s

running (06m17.8s), 200/200 VUs, 2025 complete and 0 interrupted iterations
normal_day   [  63% ] 200/200 VUs  06m17.8s/10m00.0s

running (06m18.8s), 200/200 VUs, 2029 complete and 0 interrupted iterations
normal_day   [  63% ] 200/200 VUs  06m18.8s/10m00.0s

running (06m19.8s), 200/200 VUs, 2033 complete and 0 interrupted iterations
normal_day   [  63% ] 200/200 VUs  06m19.8s/10m00.0s

running (06m20.8s), 200/200 VUs, 2036 complete and 0 interrupted iterations
normal_day   [  63% ] 200/200 VUs  06m20.8s/10m00.0s

running (06m21.8s), 200/200 VUs, 2036 complete and 0 interrupted iterations
normal_day   [  64% ] 200/200 VUs  06m21.8s/10m00.0s

running (06m22.8s), 200/200 VUs, 2040 complete and 0 interrupted iterations
normal_day   [  64% ] 200/200 VUs  06m22.8s/10m00.0s

running (06m23.8s), 200/200 VUs, 2044 complete and 0 interrupted iterations
normal_day   [  64% ] 200/200 VUs  06m23.8s/10m00.0s

running (06m24.8s), 200/200 VUs, 2047 complete and 0 interrupted iterations
normal_day   [  64% ] 200/200 VUs  06m24.8s/10m00.0s

running (06m25.8s), 200/200 VUs, 2057 complete and 0 interrupted iterations
normal_day   [  64% ] 200/200 VUs  06m25.8s/10m00.0s

running (06m26.8s), 200/200 VUs, 2075 complete and 0 interrupted iterations
normal_day   [  64% ] 200/200 VUs  06m26.8s/10m00.0s

running (06m27.8s), 200/200 VUs, 2090 complete and 0 interrupted iterations
normal_day   [  65% ] 200/200 VUs  06m27.8s/10m00.0s

running (06m28.8s), 200/200 VUs, 2097 complete and 0 interrupted iterations
normal_day   [  65% ] 200/200 VUs  06m28.8s/10m00.0s

running (06m29.8s), 200/200 VUs, 2105 complete and 0 interrupted iterations
normal_day   [  65% ] 200/200 VUs  06m29.8s/10m00.0s

running (06m30.8s), 200/200 VUs, 2109 complete and 0 interrupted iterations
normal_day   [  65% ] 200/200 VUs  06m30.8s/10m00.0s

running (06m31.8s), 200/200 VUs, 2117 complete and 0 interrupted iterations
normal_day   [  65% ] 200/200 VUs  06m31.8s/10m00.0s

running (06m32.8s), 200/200 VUs, 2126 complete and 0 interrupted iterations
normal_day   [  65% ] 200/200 VUs  06m32.8s/10m00.0s

running (06m33.8s), 200/200 VUs, 2132 complete and 0 interrupted iterations
normal_day   [  66% ] 200/200 VUs  06m33.8s/10m00.0s

running (06m34.8s), 200/200 VUs, 2144 complete and 0 interrupted iterations
normal_day   [  66% ] 200/200 VUs  06m34.8s/10m00.0s

running (06m35.8s), 200/200 VUs, 2146 complete and 0 interrupted iterations
normal_day   [  66% ] 200/200 VUs  06m35.8s/10m00.0s

running (06m36.8s), 200/200 VUs, 2148 complete and 0 interrupted iterations
normal_day   [  66% ] 200/200 VUs  06m36.8s/10m00.0s

running (06m37.8s), 200/200 VUs, 2152 complete and 0 interrupted iterations
normal_day   [  66% ] 200/200 VUs  06m37.8s/10m00.0s

running (06m38.8s), 200/200 VUs, 2157 complete and 0 interrupted iterations
normal_day   [  66% ] 200/200 VUs  06m38.8s/10m00.0s

running (06m39.8s), 200/200 VUs, 2161 complete and 0 interrupted iterations
normal_day   [  67% ] 200/200 VUs  06m39.8s/10m00.0s

running (06m40.8s), 200/200 VUs, 2164 complete and 0 interrupted iterations
normal_day   [  67% ] 200/200 VUs  06m40.8s/10m00.0s

running (06m41.8s), 200/200 VUs, 2167 complete and 0 interrupted iterations
normal_day   [  67% ] 200/200 VUs  06m41.8s/10m00.0s

running (06m42.8s), 200/200 VUs, 2175 complete and 0 interrupted iterations
normal_day   [  67% ] 200/200 VUs  06m42.8s/10m00.0s

running (06m43.8s), 200/200 VUs, 2184 complete and 0 interrupted iterations
normal_day   [  67% ] 200/200 VUs  06m43.8s/10m00.0s

running (06m44.8s), 200/200 VUs, 2191 complete and 0 interrupted iterations
normal_day   [  67% ] 200/200 VUs  06m44.8s/10m00.0s

running (06m45.8s), 200/200 VUs, 2201 complete and 0 interrupted iterations
normal_day   [  68% ] 200/200 VUs  06m45.8s/10m00.0s

running (06m46.8s), 200/200 VUs, 2210 complete and 0 interrupted iterations
normal_day   [  68% ] 200/200 VUs  06m46.8s/10m00.0s

running (06m47.8s), 200/200 VUs, 2212 complete and 0 interrupted iterations
normal_day   [  68% ] 200/200 VUs  06m47.8s/10m00.0s

running (06m48.8s), 200/200 VUs, 2213 complete and 0 interrupted iterations
normal_day   [  68% ] 200/200 VUs  06m48.8s/10m00.0s

running (06m49.8s), 200/200 VUs, 2220 complete and 0 interrupted iterations
normal_day   [  68% ] 200/200 VUs  06m49.8s/10m00.0s

running (06m50.8s), 200/200 VUs, 2224 complete and 0 interrupted iterations
normal_day   [  68% ] 200/200 VUs  06m50.8s/10m00.0s

running (06m51.8s), 200/200 VUs, 2227 complete and 0 interrupted iterations
normal_day   [  69% ] 200/200 VUs  06m51.8s/10m00.0s

running (06m52.8s), 200/200 VUs, 2231 complete and 0 interrupted iterations
normal_day   [  69% ] 200/200 VUs  06m52.8s/10m00.0s

running (06m53.8s), 200/200 VUs, 2233 complete and 0 interrupted iterations
normal_day   [  69% ] 200/200 VUs  06m53.8s/10m00.0s

running (06m54.8s), 200/200 VUs, 2245 complete and 0 interrupted iterations
normal_day   [  69% ] 200/200 VUs  06m54.8s/10m00.0s

running (06m55.8s), 200/200 VUs, 2247 complete and 0 interrupted iterations
normal_day   [  69% ] 200/200 VUs  06m55.8s/10m00.0s

running (06m56.8s), 200/200 VUs, 2254 complete and 0 interrupted iterations
normal_day   [  69% ] 200/200 VUs  06m56.8s/10m00.0s

running (06m57.8s), 200/200 VUs, 2259 complete and 0 interrupted iterations
normal_day   [  70% ] 200/200 VUs  06m57.8s/10m00.0s

running (06m58.8s), 200/200 VUs, 2265 complete and 0 interrupted iterations
normal_day   [  70% ] 200/200 VUs  06m58.8s/10m00.0s

running (06m59.8s), 200/200 VUs, 2273 complete and 0 interrupted iterations
normal_day   [  70% ] 200/200 VUs  06m59.8s/10m00.0s

running (07m00.8s), 200/200 VUs, 2279 complete and 0 interrupted iterations
normal_day   [  70% ] 200/200 VUs  07m00.8s/10m00.0s

running (07m01.8s), 200/200 VUs, 2280 complete and 0 interrupted iterations
normal_day   [  70% ] 200/200 VUs  07m01.8s/10m00.0s

running (07m02.8s), 200/200 VUs, 2283 complete and 0 interrupted iterations
normal_day   [  70% ] 200/200 VUs  07m02.8s/10m00.0s

running (07m03.8s), 200/200 VUs, 2292 complete and 0 interrupted iterations
normal_day   [  71% ] 200/200 VUs  07m03.8s/10m00.0s

running (07m04.8s), 200/200 VUs, 2297 complete and 0 interrupted iterations
normal_day   [  71% ] 200/200 VUs  07m04.8s/10m00.0s

running (07m05.8s), 200/200 VUs, 2307 complete and 0 interrupted iterations
normal_day   [  71% ] 200/200 VUs  07m05.8s/10m00.0s

running (07m06.8s), 200/200 VUs, 2315 complete and 0 interrupted iterations
normal_day   [  71% ] 200/200 VUs  07m06.8s/10m00.0s

running (07m07.8s), 200/200 VUs, 2321 complete and 0 interrupted iterations
normal_day   [  71% ] 200/200 VUs  07m07.8s/10m00.0s

running (07m08.8s), 200/200 VUs, 2326 complete and 0 interrupted iterations
normal_day   [  71% ] 200/200 VUs  07m08.8s/10m00.0s

running (07m09.8s), 200/200 VUs, 2336 complete and 0 interrupted iterations
normal_day   [  72% ] 200/200 VUs  07m09.8s/10m00.0s

running (07m10.8s), 200/200 VUs, 2342 complete and 0 interrupted iterations
normal_day   [  72% ] 200/200 VUs  07m10.8s/10m00.0s

running (07m11.8s), 200/200 VUs, 2348 complete and 0 interrupted iterations
normal_day   [  72% ] 200/200 VUs  07m11.8s/10m00.0s

running (07m12.8s), 200/200 VUs, 2352 complete and 0 interrupted iterations
normal_day   [  72% ] 200/200 VUs  07m12.8s/10m00.0s

running (07m13.8s), 200/200 VUs, 2354 complete and 0 interrupted iterations
normal_day   [  72% ] 200/200 VUs  07m13.8s/10m00.0s

running (07m14.8s), 200/200 VUs, 2364 complete and 0 interrupted iterations
normal_day   [  72% ] 200/200 VUs  07m14.8s/10m00.0s

running (07m15.8s), 200/200 VUs, 2368 complete and 0 interrupted iterations
normal_day   [  73% ] 200/200 VUs  07m15.8s/10m00.0s

running (07m16.8s), 200/200 VUs, 2372 complete and 0 interrupted iterations
normal_day   [  73% ] 200/200 VUs  07m16.8s/10m00.0s

running (07m17.8s), 200/200 VUs, 2383 complete and 0 interrupted iterations
normal_day   [  73% ] 200/200 VUs  07m17.8s/10m00.0s

running (07m18.8s), 200/200 VUs, 2389 complete and 0 interrupted iterations
normal_day   [  73% ] 200/200 VUs  07m18.8s/10m00.0s

running (07m19.8s), 200/200 VUs, 2395 complete and 0 interrupted iterations
normal_day   [  73% ] 200/200 VUs  07m19.8s/10m00.0s

running (07m20.8s), 200/200 VUs, 2401 complete and 0 interrupted iterations
normal_day   [  73% ] 200/200 VUs  07m20.8s/10m00.0s

running (07m21.8s), 200/200 VUs, 2411 complete and 0 interrupted iterations
normal_day   [  74% ] 200/200 VUs  07m21.8s/10m00.0s

running (07m22.8s), 200/200 VUs, 2425 complete and 0 interrupted iterations
normal_day   [  74% ] 200/200 VUs  07m22.8s/10m00.0s

running (07m23.8s), 200/200 VUs, 2436 complete and 0 interrupted iterations
normal_day   [  74% ] 200/200 VUs  07m23.8s/10m00.0s

running (07m24.8s), 200/200 VUs, 2440 complete and 0 interrupted iterations
normal_day   [  74% ] 200/200 VUs  07m24.8s/10m00.0s

running (07m25.8s), 200/200 VUs, 2444 complete and 0 interrupted iterations
normal_day   [  74% ] 200/200 VUs  07m25.8s/10m00.0s

running (07m26.8s), 200/200 VUs, 2446 complete and 0 interrupted iterations
normal_day   [  74% ] 200/200 VUs  07m26.8s/10m00.0s

running (07m27.8s), 200/200 VUs, 2450 complete and 0 interrupted iterations
normal_day   [  75% ] 200/200 VUs  07m27.8s/10m00.0s

running (07m28.8s), 200/200 VUs, 2456 complete and 0 interrupted iterations
normal_day   [  75% ] 200/200 VUs  07m28.8s/10m00.0s

running (07m29.8s), 200/200 VUs, 2462 complete and 0 interrupted iterations
normal_day   [  75% ] 200/200 VUs  07m29.8s/10m00.0s

running (07m30.8s), 200/200 VUs, 2465 complete and 0 interrupted iterations
normal_day   [  75% ] 200/200 VUs  07m30.8s/10m00.0s

running (07m31.8s), 200/200 VUs, 2468 complete and 0 interrupted iterations
normal_day   [  75% ] 200/200 VUs  07m31.8s/10m00.0s

running (07m32.8s), 200/200 VUs, 2475 complete and 0 interrupted iterations
normal_day   [  75% ] 200/200 VUs  07m32.8s/10m00.0s

running (07m33.8s), 200/200 VUs, 2476 complete and 0 interrupted iterations
normal_day   [  76% ] 200/200 VUs  07m33.8s/10m00.0s

running (07m34.8s), 200/200 VUs, 2483 complete and 0 interrupted iterations
normal_day   [  76% ] 200/200 VUs  07m34.8s/10m00.0s

running (07m35.8s), 200/200 VUs, 2489 complete and 0 interrupted iterations
normal_day   [  76% ] 200/200 VUs  07m35.8s/10m00.0s

running (07m36.8s), 200/200 VUs, 2498 complete and 0 interrupted iterations
normal_day   [  76% ] 200/200 VUs  07m36.8s/10m00.0s

running (07m37.8s), 200/200 VUs, 2505 complete and 0 interrupted iterations
normal_day   [  76% ] 200/200 VUs  07m37.8s/10m00.0s

running (07m38.8s), 200/200 VUs, 2510 complete and 0 interrupted iterations
normal_day   [  76% ] 200/200 VUs  07m38.8s/10m00.0s

running (07m39.8s), 200/200 VUs, 2511 complete and 0 interrupted iterations
normal_day   [  77% ] 200/200 VUs  07m39.8s/10m00.0s

running (07m40.8s), 200/200 VUs, 2512 complete and 0 interrupted iterations
normal_day   [  77% ] 200/200 VUs  07m40.8s/10m00.0s

running (07m41.8s), 200/200 VUs, 2515 complete and 0 interrupted iterations
normal_day   [  77% ] 200/200 VUs  07m41.8s/10m00.0s

running (07m42.8s), 200/200 VUs, 2520 complete and 0 interrupted iterations
normal_day   [  77% ] 200/200 VUs  07m42.8s/10m00.0s

running (07m43.8s), 200/200 VUs, 2523 complete and 0 interrupted iterations
normal_day   [  77% ] 200/200 VUs  07m43.8s/10m00.0s

running (07m44.8s), 200/200 VUs, 2532 complete and 0 interrupted iterations
normal_day   [  77% ] 200/200 VUs  07m44.8s/10m00.0s

running (07m45.8s), 200/200 VUs, 2546 complete and 0 interrupted iterations
normal_day   [  78% ] 200/200 VUs  07m45.8s/10m00.0s

running (07m46.8s), 200/200 VUs, 2557 complete and 0 interrupted iterations
normal_day   [  78% ] 200/200 VUs  07m46.8s/10m00.0s

running (07m47.8s), 200/200 VUs, 2569 complete and 0 interrupted iterations
normal_day   [  78% ] 200/200 VUs  07m47.8s/10m00.0s

running (07m48.8s), 200/200 VUs, 2573 complete and 0 interrupted iterations
normal_day   [  78% ] 200/200 VUs  07m48.8s/10m00.0s

running (07m49.8s), 200/200 VUs, 2579 complete and 0 interrupted iterations
normal_day   [  78% ] 200/200 VUs  07m49.8s/10m00.0s

running (07m50.8s), 200/200 VUs, 2582 complete and 0 interrupted iterations
normal_day   [  78% ] 200/200 VUs  07m50.8s/10m00.0s

running (07m51.8s), 200/200 VUs, 2588 complete and 0 interrupted iterations
normal_day   [  79% ] 200/200 VUs  07m51.8s/10m00.0s

running (07m52.8s), 200/200 VUs, 2591 complete and 0 interrupted iterations
normal_day   [  79% ] 200/200 VUs  07m52.8s/10m00.0s

running (07m53.8s), 200/200 VUs, 2596 complete and 0 interrupted iterations
normal_day   [  79% ] 200/200 VUs  07m53.8s/10m00.0s

running (07m54.8s), 200/200 VUs, 2610 complete and 0 interrupted iterations
normal_day   [  79% ] 200/200 VUs  07m54.8s/10m00.0s

running (07m55.8s), 200/200 VUs, 2616 complete and 0 interrupted iterations
normal_day   [  79% ] 200/200 VUs  07m55.8s/10m00.0s

running (07m56.8s), 200/200 VUs, 2621 complete and 0 interrupted iterations
normal_day   [  79% ] 200/200 VUs  07m56.8s/10m00.0s

running (07m57.8s), 200/200 VUs, 2624 complete and 0 interrupted iterations
normal_day   [  80% ] 200/200 VUs  07m57.8s/10m00.0s

running (07m58.8s), 200/200 VUs, 2631 complete and 0 interrupted iterations
normal_day   [  80% ] 200/200 VUs  07m58.8s/10m00.0s

running (07m59.8s), 200/200 VUs, 2633 complete and 0 interrupted iterations
normal_day   [  80% ] 200/200 VUs  07m59.8s/10m00.0s

running (08m00.8s), 200/200 VUs, 2637 complete and 0 interrupted iterations
normal_day   [  80% ] 200/200 VUs  08m00.8s/10m00.0s

running (08m01.8s), 200/200 VUs, 2640 complete and 0 interrupted iterations
normal_day   [  80% ] 200/200 VUs  08m01.8s/10m00.0s

running (08m02.8s), 200/200 VUs, 2645 complete and 0 interrupted iterations
normal_day   [  80% ] 200/200 VUs  08m02.8s/10m00.0s

running (08m03.8s), 200/200 VUs, 2645 complete and 0 interrupted iterations
normal_day   [  81% ] 200/200 VUs  08m03.8s/10m00.0s

running (08m04.8s), 200/200 VUs, 2651 complete and 0 interrupted iterations
normal_day   [  81% ] 200/200 VUs  08m04.8s/10m00.0s

running (08m05.8s), 200/200 VUs, 2655 complete and 0 interrupted iterations
normal_day   [  81% ] 200/200 VUs  08m05.8s/10m00.0s

running (08m06.8s), 200/200 VUs, 2660 complete and 0 interrupted iterations
normal_day   [  81% ] 200/200 VUs  08m06.8s/10m00.0s

running (08m07.8s), 200/200 VUs, 2663 complete and 0 interrupted iterations
normal_day   [  81% ] 200/200 VUs  08m07.8s/10m00.0s

running (08m08.8s), 200/200 VUs, 2667 complete and 0 interrupted iterations
normal_day   [  81% ] 200/200 VUs  08m08.8s/10m00.0s

running (08m09.8s), 199/200 VUs, 2670 complete and 0 interrupted iterations
normal_day   [  82% ] 199/200 VUs  08m09.8s/10m00.0s

running (08m10.8s), 199/200 VUs, 2681 complete and 0 interrupted iterations
normal_day   [  82% ] 199/200 VUs  08m10.8s/10m00.0s

running (08m11.8s), 199/200 VUs, 2682 complete and 0 interrupted iterations
normal_day   [  82% ] 199/200 VUs  08m11.8s/10m00.0s

running (08m12.8s), 199/200 VUs, 2689 complete and 0 interrupted iterations
normal_day   [  82% ] 199/200 VUs  08m12.8s/10m00.0s

running (08m13.8s), 199/200 VUs, 2693 complete and 0 interrupted iterations
normal_day   [  82% ] 199/200 VUs  08m13.8s/10m00.0s

running (08m14.8s), 199/200 VUs, 2696 complete and 0 interrupted iterations
normal_day   [  82% ] 199/200 VUs  08m14.8s/10m00.0s

running (08m15.8s), 199/200 VUs, 2701 complete and 0 interrupted iterations
normal_day   [  83% ] 199/200 VUs  08m15.8s/10m00.0s

running (08m16.8s), 199/200 VUs, 2701 complete and 0 interrupted iterations
normal_day   [  83% ] 199/200 VUs  08m16.8s/10m00.0s

running (08m17.8s), 198/200 VUs, 2706 complete and 0 interrupted iterations
normal_day   [  83% ] 198/200 VUs  08m17.8s/10m00.0s

running (08m18.8s), 198/200 VUs, 2714 complete and 0 interrupted iterations
normal_day   [  83% ] 198/200 VUs  08m18.8s/10m00.0s

running (08m19.8s), 197/200 VUs, 2719 complete and 0 interrupted iterations
normal_day   [  83% ] 197/200 VUs  08m19.8s/10m00.0s

running (08m20.8s), 196/200 VUs, 2723 complete and 0 interrupted iterations
normal_day   [  83% ] 196/200 VUs  08m20.8s/10m00.0s

running (08m21.8s), 195/200 VUs, 2726 complete and 0 interrupted iterations
normal_day   [  84% ] 195/200 VUs  08m21.8s/10m00.0s

running (08m22.8s), 194/200 VUs, 2732 complete and 0 interrupted iterations
normal_day   [  84% ] 194/200 VUs  08m22.8s/10m00.0s

running (08m23.8s), 194/200 VUs, 2734 complete and 0 interrupted iterations
normal_day   [  84% ] 194/200 VUs  08m23.8s/10m00.0s

running (08m24.8s), 194/200 VUs, 2738 complete and 0 interrupted iterations
normal_day   [  84% ] 194/200 VUs  08m24.8s/10m00.0s

running (08m25.8s), 194/200 VUs, 2745 complete and 0 interrupted iterations
normal_day   [  84% ] 194/200 VUs  08m25.8s/10m00.0s

running (08m26.8s), 192/200 VUs, 2752 complete and 0 interrupted iterations
normal_day   [  84% ] 192/200 VUs  08m26.8s/10m00.0s

running (08m27.8s), 191/200 VUs, 2759 complete and 0 interrupted iterations
normal_day   [  85% ] 191/200 VUs  08m27.8s/10m00.0s

running (08m28.8s), 191/200 VUs, 2763 complete and 0 interrupted iterations
normal_day   [  85% ] 191/200 VUs  08m28.8s/10m00.0s

running (08m29.8s), 190/200 VUs, 2765 complete and 0 interrupted iterations
normal_day   [  85% ] 190/200 VUs  08m29.8s/10m00.0s

running (08m30.8s), 189/200 VUs, 2765 complete and 1 interrupted iterations
normal_day   [  85% ] 189/200 VUs  08m30.8s/10m00.0s

running (08m31.8s), 189/200 VUs, 2768 complete and 1 interrupted iterations
normal_day   [  85% ] 189/200 VUs  08m31.8s/10m00.0s

running (08m32.8s), 187/200 VUs, 2772 complete and 2 interrupted iterations
normal_day   [  85% ] 187/200 VUs  08m32.8s/10m00.0s

running (08m33.8s), 184/200 VUs, 2778 complete and 4 interrupted iterations
normal_day   [  86% ] 184/200 VUs  08m33.8s/10m00.0s

running (08m34.8s), 182/200 VUs, 2781 complete and 5 interrupted iterations
normal_day   [  86% ] 182/200 VUs  08m34.8s/10m00.0s

running (08m35.8s), 179/200 VUs, 2785 complete and 6 interrupted iterations
normal_day   [  86% ] 179/200 VUs  08m35.8s/10m00.0s

running (08m36.8s), 179/200 VUs, 2788 complete and 6 interrupted iterations
normal_day   [  86% ] 179/200 VUs  08m36.8s/10m00.0s

running (08m37.8s), 178/200 VUs, 2789 complete and 7 interrupted iterations
normal_day   [  86% ] 178/200 VUs  08m37.8s/10m00.0s

running (08m38.8s), 176/200 VUs, 2790 complete and 8 interrupted iterations
normal_day   [  86% ] 176/200 VUs  08m38.8s/10m00.0s

running (08m39.8s), 174/200 VUs, 2798 complete and 10 interrupted iterations
normal_day   [  87% ] 174/200 VUs  08m39.8s/10m00.0s

running (08m40.8s), 172/200 VUs, 2802 complete and 12 interrupted iterations
normal_day   [  87% ] 172/200 VUs  08m40.8s/10m00.0s

running (08m41.8s), 168/200 VUs, 2817 complete and 13 interrupted iterations
normal_day   [  87% ] 168/200 VUs  08m41.8s/10m00.0s

running (08m42.8s), 164/200 VUs, 2825 complete and 14 interrupted iterations
normal_day   [  87% ] 164/200 VUs  08m42.8s/10m00.0s

running (08m43.8s), 161/200 VUs, 2830 complete and 15 interrupted iterations
normal_day   [  87% ] 161/200 VUs  08m43.8s/10m00.0s

running (08m44.8s), 160/200 VUs, 2833 complete and 15 interrupted iterations
normal_day   [  87% ] 160/200 VUs  08m44.8s/10m00.0s

running (08m45.8s), 159/200 VUs, 2836 complete and 15 interrupted iterations
normal_day   [  88% ] 159/200 VUs  08m45.8s/10m00.0s

running (08m46.8s), 159/200 VUs, 2838 complete and 15 interrupted iterations
normal_day   [  88% ] 159/200 VUs  08m46.8s/10m00.0s

running (08m47.8s), 158/200 VUs, 2839 complete and 15 interrupted iterations
normal_day   [  88% ] 158/200 VUs  08m47.8s/10m00.0s

running (08m48.8s), 156/200 VUs, 2842 complete and 17 interrupted iterations
normal_day   [  88% ] 156/200 VUs  08m48.8s/10m00.0s

running (08m49.8s), 153/200 VUs, 2846 complete and 19 interrupted iterations
normal_day   [  88% ] 153/200 VUs  08m49.8s/10m00.0s

running (08m50.8s), 151/200 VUs, 2852 complete and 19 interrupted iterations
normal_day   [  88% ] 151/200 VUs  08m50.8s/10m00.0s

running (08m51.8s), 147/200 VUs, 2860 complete and 20 interrupted iterations
normal_day   [  89% ] 147/200 VUs  08m51.8s/10m00.0s

running (08m52.8s), 144/200 VUs, 2865 complete and 22 interrupted iterations
normal_day   [  89% ] 144/200 VUs  08m52.8s/10m00.0s

running (08m53.8s), 142/200 VUs, 2869 complete and 23 interrupted iterations
normal_day   [  89% ] 142/200 VUs  08m53.8s/10m00.0s

running (08m54.8s), 141/200 VUs, 2874 complete and 24 interrupted iterations
normal_day   [  89% ] 141/200 VUs  08m54.8s/10m00.0s

running (08m55.8s), 141/200 VUs, 2874 complete and 24 interrupted iterations
normal_day   [  89% ] 141/200 VUs  08m55.8s/10m00.0s

running (08m56.8s), 138/200 VUs, 2878 complete and 25 interrupted iterations
normal_day   [  89% ] 138/200 VUs  08m56.8s/10m00.0s

running (08m57.8s), 137/200 VUs, 2882 complete and 26 interrupted iterations
normal_day   [  90% ] 137/200 VUs  08m57.8s/10m00.0s

running (08m58.8s), 134/200 VUs, 2886 complete and 27 interrupted iterations
normal_day   [  90% ] 134/200 VUs  08m58.8s/10m00.0s

running (08m59.8s), 134/200 VUs, 2889 complete and 27 interrupted iterations
normal_day   [  90% ] 134/200 VUs  08m59.8s/10m00.0s

running (09m00.8s), 133/200 VUs, 2898 complete and 27 interrupted iterations
normal_day   [  90% ] 133/200 VUs  09m00.8s/10m00.0s

running (09m01.8s), 130/200 VUs, 2902 complete and 28 interrupted iterations
normal_day   [  90% ] 130/200 VUs  09m01.8s/10m00.0s

running (09m02.8s), 129/200 VUs, 2904 complete and 28 interrupted iterations
normal_day   [  90% ] 129/200 VUs  09m02.8s/10m00.0s

running (09m03.8s), 127/200 VUs, 2907 complete and 30 interrupted iterations
normal_day   [  91% ] 127/200 VUs  09m03.8s/10m00.0s

running (09m04.8s), 125/200 VUs, 2908 complete and 31 interrupted iterations
normal_day   [  91% ] 125/200 VUs  09m04.8s/10m00.0s

running (09m05.8s), 124/200 VUs, 2911 complete and 31 interrupted iterations
normal_day   [  91% ] 124/200 VUs  09m05.8s/10m00.0s

running (09m06.8s), 122/200 VUs, 2915 complete and 32 interrupted iterations
normal_day   [  91% ] 122/200 VUs  09m06.8s/10m00.0s

running (09m07.8s), 119/200 VUs, 2926 complete and 33 interrupted iterations
normal_day   [  91% ] 119/200 VUs  09m07.8s/10m00.0s

running (09m08.8s), 117/200 VUs, 2935 complete and 34 interrupted iterations
normal_day   [  91% ] 117/200 VUs  09m08.8s/10m00.0s

running (09m09.8s), 115/200 VUs, 2940 complete and 34 interrupted iterations
normal_day   [  92% ] 115/200 VUs  09m09.8s/10m00.0s

running (09m10.8s), 114/200 VUs, 2943 complete and 34 interrupted iterations
normal_day   [  92% ] 114/200 VUs  09m10.8s/10m00.0s

running (09m11.8s), 112/200 VUs, 2945 complete and 35 interrupted iterations
normal_day   [  92% ] 112/200 VUs  09m11.8s/10m00.0s

running (09m12.8s), 107/200 VUs, 2954 complete and 36 interrupted iterations
normal_day   [  92% ] 107/200 VUs  09m12.8s/10m00.0s

running (09m13.8s), 105/200 VUs, 2958 complete and 36 interrupted iterations
normal_day   [  92% ] 105/200 VUs  09m13.8s/10m00.0s

running (09m14.8s), 104/200 VUs, 2962 complete and 36 interrupted iterations
normal_day   [  92% ] 104/200 VUs  09m14.8s/10m00.0s

running (09m15.8s), 102/200 VUs, 2967 complete and 37 interrupted iterations
normal_day   [  93% ] 102/200 VUs  09m15.8s/10m00.0s

running (09m16.8s), 101/200 VUs, 2969 complete and 38 interrupted iterations
normal_day   [  93% ] 101/200 VUs  09m16.8s/10m00.0s

running (09m17.8s), 099/200 VUs, 2973 complete and 39 interrupted iterations
normal_day   [  93% ] 099/200 VUs  09m17.8s/10m00.0s

running (09m18.8s), 097/200 VUs, 2983 complete and 39 interrupted iterations
normal_day   [  93% ] 097/200 VUs  09m18.8s/10m00.0s

running (09m19.8s), 096/200 VUs, 2988 complete and 39 interrupted iterations
normal_day   [  93% ] 096/200 VUs  09m19.8s/10m00.0s

running (09m20.8s), 091/200 VUs, 2997 complete and 40 interrupted iterations
normal_day   [  93% ] 091/200 VUs  09m20.8s/10m00.0s

running (09m21.8s), 089/200 VUs, 3002 complete and 40 interrupted iterations
normal_day   [  94% ] 089/200 VUs  09m21.8s/10m00.0s

running (09m22.8s), 087/200 VUs, 3004 complete and 41 interrupted iterations
normal_day   [  94% ] 087/200 VUs  09m22.8s/10m00.0s

running (09m23.8s), 087/200 VUs, 3005 complete and 41 interrupted iterations
normal_day   [  94% ] 087/200 VUs  09m23.8s/10m00.0s

running (09m24.8s), 087/200 VUs, 3009 complete and 41 interrupted iterations
normal_day   [  94% ] 087/200 VUs  09m24.8s/10m00.0s

running (09m25.8s), 084/200 VUs, 3020 complete and 41 interrupted iterations
normal_day   [  94% ] 084/200 VUs  09m25.8s/10m00.0s

running (09m26.8s), 083/200 VUs, 3027 complete and 41 interrupted iterations
normal_day   [  94% ] 083/200 VUs  09m26.8s/10m00.0s

running (09m27.8s), 079/200 VUs, 3036 complete and 42 interrupted iterations
normal_day   [  95% ] 079/200 VUs  09m27.8s/10m00.0s

running (09m28.8s), 077/200 VUs, 3042 complete and 42 interrupted iterations
normal_day   [  95% ] 077/200 VUs  09m28.8s/10m00.0s

running (09m29.8s), 076/200 VUs, 3044 complete and 42 interrupted iterations
normal_day   [  95% ] 076/200 VUs  09m29.8s/10m00.0s

running (09m30.8s), 074/200 VUs, 3048 complete and 42 interrupted iterations
normal_day   [  95% ] 074/200 VUs  09m30.8s/10m00.0s

running (09m31.8s), 071/200 VUs, 3051 complete and 43 interrupted iterations
normal_day   [  95% ] 071/200 VUs  09m31.8s/10m00.0s

running (09m32.8s), 069/200 VUs, 3054 complete and 43 interrupted iterations
normal_day   [  95% ] 069/200 VUs  09m32.8s/10m00.0s

running (09m33.8s), 068/200 VUs, 3057 complete and 44 interrupted iterations
normal_day   [  96% ] 068/200 VUs  09m33.8s/10m00.0s

running (09m34.8s), 066/200 VUs, 3062 complete and 44 interrupted iterations
normal_day   [  96% ] 066/200 VUs  09m34.8s/10m00.0s

running (09m35.8s), 062/200 VUs, 3068 complete and 44 interrupted iterations
normal_day   [  96% ] 062/200 VUs  09m35.8s/10m00.0s

running (09m36.8s), 060/200 VUs, 3071 complete and 44 interrupted iterations
normal_day   [  96% ] 060/200 VUs  09m36.8s/10m00.0s

running (09m37.8s), 060/200 VUs, 3079 complete and 44 interrupted iterations
normal_day   [  96% ] 060/200 VUs  09m37.8s/10m00.0s

running (09m38.8s), 059/200 VUs, 3081 complete and 44 interrupted iterations
normal_day   [  96% ] 059/200 VUs  09m38.8s/10m00.0s

running (09m39.8s), 059/200 VUs, 3082 complete and 44 interrupted iterations
normal_day   [  97% ] 059/200 VUs  09m39.8s/10m00.0s

running (09m40.8s), 059/200 VUs, 3087 complete and 44 interrupted iterations
normal_day   [  97% ] 059/200 VUs  09m40.8s/10m00.0s

running (09m41.8s), 052/200 VUs, 3094 complete and 44 interrupted iterations
normal_day   [  97% ] 052/200 VUs  09m41.8s/10m00.0s

running (09m42.8s), 050/200 VUs, 3096 complete and 45 interrupted iterations
normal_day   [  97% ] 050/200 VUs  09m42.8s/10m00.0s

running (09m43.8s), 047/200 VUs, 3098 complete and 47 interrupted iterations
normal_day   [  97% ] 047/200 VUs  09m43.8s/10m00.0s

running (09m44.8s), 045/200 VUs, 3101 complete and 47 interrupted iterations
normal_day   [  97% ] 045/200 VUs  09m44.8s/10m00.0s

running (09m45.8s), 044/200 VUs, 3103 complete and 47 interrupted iterations
normal_day   [  98% ] 044/200 VUs  09m45.8s/10m00.0s

running (09m46.8s), 041/200 VUs, 3110 complete and 47 interrupted iterations
normal_day   [  98% ] 041/200 VUs  09m46.8s/10m00.0s

running (09m47.8s), 039/200 VUs, 3114 complete and 47 interrupted iterations
normal_day   [  98% ] 039/200 VUs  09m47.8s/10m00.0s

running (09m48.8s), 036/200 VUs, 3117 complete and 47 interrupted iterations
normal_day   [  98% ] 036/200 VUs  09m48.8s/10m00.0s

running (09m49.8s), 031/200 VUs, 3124 complete and 47 interrupted iterations
normal_day   [  98% ] 031/200 VUs  09m49.8s/10m00.0s

running (09m50.8s), 028/200 VUs, 3127 complete and 47 interrupted iterations
normal_day   [  98% ] 028/200 VUs  09m50.8s/10m00.0s

running (09m51.8s), 026/200 VUs, 3131 complete and 47 interrupted iterations
normal_day   [  99% ] 026/200 VUs  09m51.8s/10m00.0s

running (09m52.8s), 023/200 VUs, 3136 complete and 47 interrupted iterations
normal_day   [  99% ] 023/200 VUs  09m52.8s/10m00.0s

running (09m53.8s), 021/200 VUs, 3139 complete and 47 interrupted iterations
normal_day   [  99% ] 021/200 VUs  09m53.8s/10m00.0s

running (09m54.8s), 019/200 VUs, 3142 complete and 47 interrupted iterations
normal_day   [  99% ] 019/200 VUs  09m54.8s/10m00.0s

running (09m55.8s), 017/200 VUs, 3144 complete and 47 interrupted iterations
normal_day   [  99% ] 017/200 VUs  09m55.8s/10m00.0s

running (09m56.8s), 014/200 VUs, 3149 complete and 47 interrupted iterations
normal_day   [  99% ] 014/200 VUs  09m56.8s/10m00.0s

running (09m57.8s), 013/200 VUs, 3150 complete and 47 interrupted iterations
normal_day   [ 100% ] 013/200 VUs  09m57.8s/10m00.0s

running (09m58.8s), 011/200 VUs, 3153 complete and 47 interrupted iterations
normal_day   [ 100% ] 011/200 VUs  09m58.8s/10m00.0s

running (09m59.8s), 008/200 VUs, 3157 complete and 47 interrupted iterations
normal_day   [ 100% ] 008/200 VUs  09m59.8s/10m00.0s

running (10m00.8s), 008/200 VUs, 3157 complete and 47 interrupted iterations
normal_day ↓ [ 100% ] 008/200 VUs  10m0s

running (10m01.8s), 008/200 VUs, 3157 complete and 47 interrupted iterations
normal_day ↓ [ 100% ] 008/200 VUs  10m0s

running (10m02.8s), 007/200 VUs, 3158 complete and 47 interrupted iterations
normal_day ↓ [ 100% ] 008/200 VUs  10m0s

running (10m03.8s), 006/200 VUs, 3159 complete and 47 interrupted iterations
normal_day ↓ [ 100% ] 008/200 VUs  10m0s

running (10m04.8s), 004/200 VUs, 3161 complete and 47 interrupted iterations
normal_day ↓ [ 100% ] 008/200 VUs  10m0s

running (10m05.8s), 003/200 VUs, 3162 complete and 47 interrupted iterations
normal_day ↓ [ 100% ] 008/200 VUs  10m0s

running (10m06.8s), 003/200 VUs, 3162 complete and 47 interrupted iterations
normal_day ↓ [ 100% ] 008/200 VUs  10m0s

running (10m07.8s), 003/200 VUs, 3162 complete and 47 interrupted iterations
normal_day ↓ [ 100% ] 008/200 VUs  10m0s

running (10m08.8s), 002/200 VUs, 3163 complete and 47 interrupted iterations
normal_day ↓ [ 100% ] 008/200 VUs  10m0s

running (10m09.8s), 002/200 VUs, 3163 complete and 47 interrupted iterations
normal_day ↓ [ 100% ] 008/200 VUs  10m0s

running (10m10.8s), 002/200 VUs, 3163 complete and 47 interrupted iterations
normal_day ↓ [ 100% ] 008/200 VUs  10m0s

running (10m11.8s), 002/200 VUs, 3163 complete and 47 interrupted iterations
normal_day ↓ [ 100% ] 008/200 VUs  10m0s

running (10m12.8s), 001/200 VUs, 3164 complete and 47 interrupted iterations
normal_day ↓ [ 100% ] 008/200 VUs  10m0s

running (10m13.8s), 001/200 VUs, 3164 complete and 47 interrupted iterations
normal_day ↓ [ 100% ] 008/200 VUs  10m0s

running (10m14.8s), 001/200 VUs, 3164 complete and 47 interrupted iterations
normal_day ↓ [ 100% ] 008/200 VUs  10m0s

running (10m15.8s), 001/200 VUs, 3164 complete and 47 interrupted iterations
normal_day ↓ [ 100% ] 008/200 VUs  10m0s

running (10m16.8s), 001/200 VUs, 3164 complete and 47 interrupted iterations
normal_day ↓ [ 100% ] 008/200 VUs  10m0s

running (10m17.8s), 001/200 VUs, 3164 complete and 47 interrupted iterations
normal_day ↓ [ 100% ] 008/200 VUs  10m0s

running (10m18.8s), 001/200 VUs, 3164 complete and 47 interrupted iterations
normal_day ↓ [ 100% ] 008/200 VUs  10m0s
[32m     ✓ login 200[0m
[32m     ✓ chat rooms 200[0m
[32m     ✓ post search 200[0m
[32m     ✓ chat messages 200[0m
[32m     ✓ board list 200[0m
[32m     ✓ user info 200[0m
[32m     ✓ chat read 200[0m
[32m     ✓ my posts 200[0m
[32m     ✓ hot daily 200[0m
[32m     ✓ friend list 200[0m
[32m     ✓ unread count 200[0m
[32m     ✓ post create 2xx[0m
[32m     ✓ post list 200[0m
[32m     ✓ notif list 200[0m
[32m     ✓ post update 200[0m
[32m     ✓ post delete 200[0m
[32m     ✓ post detail 200[0m
[32m     ✓ read all 200[0m
[32m     ✓ post reaction 2xx[0m
[32m     ✓ read one 200[0m
[32m     ✓ comment list 200[0m
[32m     ✓ comment create 2xx[0m
[32m     ✓ received reqs 200[0m
[32m     ✓ logout 200[0m
[32m     ✓ meal today 200[0m
[32m     ✓ scrap 2xx[0m
[32m     ✓ timetable today 200[0m
[32m     ✓ refresh 200[0m
[32m     ✓ ws handshake 101[0m
[32m     ✓ comment reaction 200[0m
[32m     ✓ meal month 200[0m

     auth_token_refreshes[2m...........:[0m [36m31[0m      [36;2m0.050051/s[0m
     chat_ws_messages_sent[2m..........:[0m [36m827[0m     [36;2m1.335241/s[0m
     chat_ws_rtt[2m....................:[0m avg=[36m2.45s[0m   min=[36m16ms[0m    med=[36m2s[0m       max=[36m11.14s[0m  p(90)=[36m5.16s[0m    p(95)=[36m6.55s[0m   p(99)=[36m8.42s[0m   
     checks[2m.........................:[0m [36m100.00%[0m [36;2m✓ 14084[0m     [36;2m✗ 0[0m    
     [32m✓[0m { phase:measure }[2m............:[0m [36m100.00%[0m [36;2m✓ 7798[0m      [36;2m✗ 0[0m    
     [32m✓[0m { phase:rampdown }[2m...........:[0m [36m100.00%[0m [36;2m✓ 2275[0m      [36;2m✗ 0[0m    
     [32m✓[0m { phase:warmup }[2m.............:[0m [36m100.00%[0m [36;2m✓ 4011[0m      [36;2m✗ 0[0m    
     data_received[2m..................:[0m [36m622 MB[0m  [36;2m1.0 MB/s[0m
     data_sent[2m......................:[0m [36m5.7 MB[0m  [36;2m9.2 kB/s[0m
     http_req_blocked[2m...............:[0m avg=[36m15.12µs[0m min=[36m1.86µs[0m  med=[36m5.91µs[0m   max=[36m31.13ms[0m p(90)=[36m9.75µs[0m   p(95)=[36m13.5µs[0m  p(99)=[36m288.52µs[0m
     http_req_connecting[2m............:[0m avg=[36m5.91µs[0m  min=[36m0s[0m      med=[36m0s[0m       max=[36m31.03ms[0m p(90)=[36m0s[0m       p(95)=[36m0s[0m      p(99)=[36m190.84µs[0m
     http_req_duration[2m..............:[0m avg=[36m4.43s[0m   min=[36m2.34ms[0m  med=[36m4.09s[0m    max=[36m22.99s[0m  p(90)=[36m8.62s[0m    p(95)=[36m10.3s[0m   p(99)=[36m14.41s[0m  
       { expected_response:true }[2m...:[0m avg=[36m4.43s[0m   min=[36m2.34ms[0m  med=[36m4.09s[0m    max=[36m22.99s[0m  p(90)=[36m8.62s[0m    p(95)=[36m10.3s[0m   p(99)=[36m14.41s[0m  
     [32m✓[0m { feature:auth }[2m.............:[0m avg=[36m2.29s[0m   min=[36m24.08ms[0m med=[36m1.58s[0m    max=[36m14.34s[0m  p(90)=[36m5.22s[0m    p(95)=[36m7.29s[0m   p(99)=[36m10.85s[0m  
     [32m✓[0m { feature:board }[2m............:[0m avg=[36m4.33s[0m   min=[36m2.45ms[0m  med=[36m4.15s[0m    max=[36m15.57s[0m  p(90)=[36m8.23s[0m    p(95)=[36m9.54s[0m   p(99)=[36m12.25s[0m  
     [32m✓[0m { feature:chat }[2m.............:[0m avg=[36m4.17s[0m   min=[36m3.09ms[0m  med=[36m4.07s[0m    max=[36m14.03s[0m  p(90)=[36m8.14s[0m    p(95)=[36m9.37s[0m   p(99)=[36m12.31s[0m  
     [32m✓[0m { feature:comment }[2m..........:[0m avg=[36m5.81s[0m   min=[36m3.16ms[0m  med=[36m5.07s[0m    max=[36m22.99s[0m  p(90)=[36m11.99s[0m   p(95)=[36m14.57s[0m  p(99)=[36m18.6s[0m   
     [32m✓[0m { feature:friend }[2m...........:[0m avg=[36m4.3s[0m    min=[36m2.55ms[0m  med=[36m4.16s[0m    max=[36m16.43s[0m  p(90)=[36m8s[0m       p(95)=[36m9.8s[0m    p(99)=[36m12.55s[0m  
     [32m✓[0m { feature:hot }[2m..............:[0m avg=[36m4.28s[0m   min=[36m10ms[0m    med=[36m4.19s[0m    max=[36m13.89s[0m  p(90)=[36m7.9s[0m     p(95)=[36m9.34s[0m   p(99)=[36m12.33s[0m  
     [32m✓[0m { feature:mypage }[2m...........:[0m avg=[36m4.61s[0m   min=[36m3.89ms[0m  med=[36m4.59s[0m    max=[36m12.19s[0m  p(90)=[36m8.46s[0m    p(95)=[36m9.23s[0m   p(99)=[36m10.63s[0m  
     [32m✓[0m { feature:notification }[2m.....:[0m avg=[36m4.22s[0m   min=[36m3.01ms[0m  med=[36m3.97s[0m    max=[36m14.41s[0m  p(90)=[36m8.4s[0m     p(95)=[36m9.38s[0m   p(99)=[36m12.25s[0m  
     [32m✓[0m { feature:post }[2m.............:[0m avg=[36m4.08s[0m   min=[36m2.34ms[0m  med=[36m3.83s[0m    max=[36m17.43s[0m  p(90)=[36m8.06s[0m    p(95)=[36m9.46s[0m   p(99)=[36m12.68s[0m  
     [32m✓[0m { feature:reaction }[2m.........:[0m avg=[36m4.5s[0m    min=[36m17.29ms[0m med=[36m4.55s[0m    max=[36m13.14s[0m  p(90)=[36m7.88s[0m    p(95)=[36m9.11s[0m   p(99)=[36m12.83s[0m  
     [32m✓[0m { feature:school }[2m...........:[0m avg=[36m4.83s[0m   min=[36m3.46ms[0m  med=[36m4.44s[0m    max=[36m14.12s[0m  p(90)=[36m7.98s[0m    p(95)=[36m9.3s[0m    p(99)=[36m10.71s[0m  
     [32m✓[0m { feature:scrap }[2m............:[0m avg=[36m4.07s[0m   min=[36m18.52ms[0m med=[36m3.96s[0m    max=[36m11.75s[0m  p(90)=[36m8.21s[0m    p(95)=[36m8.8s[0m    p(99)=[36m11.43s[0m  
     [32m✓[0m { feature:timetable }[2m........:[0m avg=[36m4.25s[0m   min=[36m3.89ms[0m  med=[36m4.43s[0m    max=[36m10.55s[0m  p(90)=[36m7.51s[0m    p(95)=[36m8.91s[0m   p(99)=[36m9.57s[0m   
     [32m✓[0m { op:auth }[2m..................:[0m avg=[36m2.29s[0m   min=[36m24.08ms[0m med=[36m1.58s[0m    max=[36m14.34s[0m  p(90)=[36m5.22s[0m    p(95)=[36m7.29s[0m   p(99)=[36m10.85s[0m  
     [31m✗[0m { op:read,phase:measure }[2m....:[0m avg=[36m5.53s[0m   min=[36m2.52ms[0m  med=[36m5.04s[0m    max=[36m22.99s[0m  p(90)=[36m9.29s[0m    p(95)=[36m11.22s[0m  p(99)=[36m15.22s[0m  
     [31m✗[0m { op:write,phase:measure }[2m...:[0m avg=[36m5.74s[0m   min=[36m23.97ms[0m med=[36m5.28s[0m    max=[36m18.91s[0m  p(90)=[36m9.03s[0m    p(95)=[36m11.37s[0m  p(99)=[36m12.97s[0m  
     [32m✓[0m { page:0 }[2m...................:[0m avg=[36m3.06s[0m   min=[36m2.34ms[0m  med=[36m2.42s[0m    max=[36m13.84s[0m  p(90)=[36m6.52s[0m    p(95)=[36m8.52s[0m   p(99)=[36m11.41s[0m  
     [32m✓[0m { page:1 }[2m...................:[0m avg=[36m3.29s[0m   min=[36m2.36ms[0m  med=[36m2.81s[0m    max=[36m13.19s[0m  p(90)=[36m6.45s[0m    p(95)=[36m8.95s[0m   p(99)=[36m11.07s[0m  
     [32m✓[0m { page:2 }[2m...................:[0m avg=[36m3.23s[0m   min=[36m2.61ms[0m  med=[36m3.22s[0m    max=[36m11.5s[0m   p(90)=[36m6.11s[0m    p(95)=[36m7.25s[0m   p(99)=[36m11.22s[0m  
     [32m✓[0m { page:3 }[2m...................:[0m avg=[36m3.52s[0m   min=[36m2.4ms[0m   med=[36m2.88s[0m    max=[36m12.47s[0m  p(90)=[36m6.84s[0m    p(95)=[36m8.11s[0m   p(99)=[36m10.48s[0m  
     [32m✓[0m { page:4 }[2m...................:[0m avg=[36m2.58s[0m   min=[36m3.54ms[0m  med=[36m2.55s[0m    max=[36m8s[0m      p(90)=[36m4.82s[0m    p(95)=[36m5.35s[0m   p(99)=[36m7.6s[0m    
     [32m✓[0m { phase:measure }[2m............:[0m avg=[36m5.54s[0m   min=[36m2.52ms[0m  med=[36m5.05s[0m    max=[36m22.99s[0m  p(90)=[36m9.29s[0m    p(95)=[36m11.24s[0m  p(99)=[36m15.06s[0m  
     [32m✓[0m { phase:rampdown }[2m...........:[0m avg=[36m4.53s[0m   min=[36m2.34ms[0m  med=[36m4.15s[0m    max=[36m21.48s[0m  p(90)=[36m9.37s[0m    p(95)=[36m10.39s[0m  p(99)=[36m15.28s[0m  
     [32m✓[0m { phase:warmup }[2m.............:[0m avg=[36m2.32s[0m   min=[36m2.93ms[0m  med=[36m1.78s[0m    max=[36m20.2s[0m   p(90)=[36m5.77s[0m    p(95)=[36m6.69s[0m   p(99)=[36m11.7s[0m   
     http_req_failed[2m................:[0m [36m0.00%[0m   [36;2m✓ 0[0m         [36;2m✗ 13942[0m
     [32m✓[0m { phase:measure }[2m............:[0m [36m0.00%[0m   [36;2m✓ 0[0m         [36;2m✗ 7728[0m 
     [32m✓[0m { phase:rampdown }[2m...........:[0m [36m0.00%[0m   [36;2m✓ 0[0m         [36;2m✗ 2073[0m 
     [32m✓[0m { phase:warmup }[2m.............:[0m [36m0.00%[0m   [36;2m✓ 0[0m         [36;2m✗ 4141[0m 
     http_req_receiving[2m.............:[0m avg=[36m1.61ms[0m  min=[36m15.99µs[0m med=[36m244.09µs[0m max=[36m410ms[0m   p(90)=[36m859.49µs[0m p(95)=[36m3.39ms[0m  p(99)=[36m60.76ms[0m 
     http_req_sending[2m...............:[0m avg=[36m45.63µs[0m min=[36m5.38µs[0m  med=[36m31.42µs[0m  max=[36m43.78ms[0m p(90)=[36m65.51µs[0m  p(95)=[36m78.84µs[0m p(99)=[36m145.68µs[0m
     http_req_tls_handshaking[2m.......:[0m avg=[36m0s[0m      min=[36m0s[0m      med=[36m0s[0m       max=[36m0s[0m      p(90)=[36m0s[0m       p(95)=[36m0s[0m      p(99)=[36m0s[0m      
     http_req_waiting[2m...............:[0m avg=[36m4.43s[0m   min=[36m2.16ms[0m  med=[36m4.09s[0m    max=[36m22.91s[0m  p(90)=[36m8.62s[0m    p(95)=[36m10.29s[0m  p(99)=[36m14.39s[0m  
     http_reqs[2m......................:[0m [36m13942[0m   [36;2m22.510195/s[0m
     [32m✓[0m { feature:auth }[2m.............:[0m [36m289[0m     [36;2m0.466608/s[0m
     [32m✓[0m { feature:board }[2m............:[0m [36m1305[0m    [36;2m2.107001/s[0m
     [32m✓[0m { feature:chat }[2m.............:[0m [36m1018[0m    [36;2m1.643622/s[0m
     [32m✓[0m { feature:comment }[2m..........:[0m [36m2504[0m    [36;2m4.042858/s[0m
     [32m✓[0m { feature:friend }[2m...........:[0m [36m249[0m     [36;2m0.402025/s[0m
     [32m✓[0m { feature:hot }[2m..............:[0m [36m1305[0m    [36;2m2.107001/s[0m
     [32m✓[0m { feature:mypage }[2m...........:[0m [36m152[0m     [36;2m0.245413/s[0m
     [32m✓[0m { feature:notification }[2m.....:[0m [36m538[0m     [36;2m0.868633/s[0m
     [32m✓[0m { feature:post }[2m.............:[0m [36m6058[0m    [36;2m9.781004/s[0m
     [32m✓[0m { feature:reaction }[2m.........:[0m [36m255[0m     [36;2m0.411713/s[0m
     [32m✓[0m { feature:school }[2m...........:[0m [36m98[0m      [36;2m0.158227/s[0m
     [32m✓[0m { feature:scrap }[2m............:[0m [36m89[0m      [36;2m0.143696/s[0m
     [32m✓[0m { feature:timetable }[2m........:[0m [36m82[0m      [36;2m0.132394/s[0m
     [32m✓[0m { op:auth }[2m..................:[0m [36m289[0m     [36;2m0.466608/s[0m
     [32m✓[0m { op:read }[2m..................:[0m [36m12601[0m   [36;2m20.34507/s[0m
     [32m✓[0m { op:write }[2m.................:[0m [36m1052[0m    [36;2m1.698517/s[0m
     [32m✓[0m { page:0 }[2m...................:[0m [36m702[0m     [36;2m1.133421/s[0m
     [32m✓[0m { page:1 }[2m...................:[0m [36m260[0m     [36;2m0.419786/s[0m
     [32m✓[0m { page:2 }[2m...................:[0m [36m155[0m     [36;2m0.250257/s[0m
     [32m✓[0m { page:3 }[2m...................:[0m [36m117[0m     [36;2m0.188904/s[0m
     [32m✓[0m { page:4 }[2m...................:[0m [36m71[0m      [36;2m0.114634/s[0m
     [32m✓[0m { phase:measure }[2m............:[0m [36m7728[0m    [36;2m12.47732/s[0m
     [32m✓[0m { phase:rampdown }[2m...........:[0m [36m2073[0m    [36;2m3.346983/s[0m
     [32m✓[0m { phase:warmup }[2m.............:[0m [36m4141[0m    [36;2m6.685893/s[0m
     iteration_duration[2m.............:[0m avg=[36m28.73s[0m  min=[36m1.05s[0m   med=[36m20.86s[0m   max=[36m1m45s[0m   p(90)=[36m1m2s[0m     p(95)=[36m1m11s[0m   p(99)=[36m1m26s[0m   
     iterations[2m.....................:[0m [36m3165[0m    [36;2m5.110082/s[0m
     [32m✓[0m { phase:measure }[2m............:[0m [36m0[0m       [36;2m0/s[0m
     [32m✓[0m { phase:rampdown }[2m...........:[0m [36m0[0m       [36;2m0/s[0m
     [32m✓[0m { phase:warmup }[2m.............:[0m [36m0[0m       [36;2m0/s[0m
     phase_iterations[2m...............:[0m [36m3165[0m    [36;2m5.110082/s[0m
     [32m✓[0m { phase:measure }[2m............:[0m [36m1783[0m    [36;2m2.87876/s[0m
     [32m✓[0m { phase:rampdown }[2m...........:[0m [36m531[0m     [36;2m0.857331/s[0m
     [32m✓[0m { phase:warmup }[2m.............:[0m [36m851[0m     [36;2m1.373991/s[0m
     vus[2m............................:[0m [36m1[0m       [36;2mmin=0[0m       [36;2mmax=200[0m
     vus_max[2m........................:[0m [36m200[0m     [36;2mmin=200[0m     [36;2mmax=200[0m
     ws_connecting[2m..................:[0m avg=[36m3.48s[0m   min=[36m3.27ms[0m  med=[36m3.1s[0m     max=[36m10.01s[0m  p(90)=[36m6.68s[0m    p(95)=[36m7.29s[0m   p(99)=[36m9.33s[0m   
     ws_msgs_received[2m...............:[0m [36m869[0m     [36;2m1.403053/s[0m
     ws_msgs_sent[2m...................:[0m [36m1111[0m    [36;2m1.793776/s[0m
     ws_session_duration[2m............:[0m avg=[36m25.81s[0m  min=[36m15.99s[0m  med=[36m25.86s[0m   max=[36m36.81s[0m  p(90)=[36m32.4s[0m    p(95)=[36m33.15s[0m  p(99)=[36m34.84s[0m  
     ws_sessions[2m....................:[0m [36m142[0m     [36;2m0.229268/s[0m
running (10m19.4s), 000/200 VUs, 3165 complete and 47 interrupted iterations
normal_day ✓ [ 100% ] 000/200 VUs  10m0s

running (10m19.4s), 000/200 VUs, 3165 complete and 47 interrupted iterations
normal_day ✓ [ 100% ] 000/200 VUs  10m0s
  호스트(Windows) 118표본 · CPU 39.8% (max 60.6) · 주파수 113.9% (min 100.5) · 대기스레드 18.13 · 가용메모리 3594MB
  부하 중 벤치(warmup +60초, 3회 중앙값) · single 7088ms (유휴 대비 24.1%) · parallel 5238ms (유휴 대비 2.1%) · ctxswitch 3047ms (유휴 대비 24.0%)

  실행 후 상태 sha256:22bf4b9a3977 — chat_messages.maxId +827, chat_messages.count +823, posts.maxId +187, posts.count +145, comments.count +131 (외 13개)
    (지문 제외 항목: posts.sumViewCount +3744, daily_hot_post.count +50)
Prometheus 스크레이프 대기 20초...

══════════════════════════════════════════════════════════════════════════
  Performance Report — normal-day   Run #98   ❌ FAIL
══════════════════════════════════════════════════════════════════════════
  환경 perf  |  브랜치 personal/localdocs  |  커밋 3e96d946  |  빌드 local
  시작 2026-08-19 18:25:46 KST  |  수행 10m 19s  |  VU max 200
  데이터셋 medium  |  부하 ramping-vus 0→200@3m0s→200@5m0s→0@2m0s

  ── 성능 (measure 구간) ─────────────────────────────────────────
  평균 5.54s     P95 11.25s    P99 15.07s   
  RPS  25.8      TPS 5.94      오류율 0.00%

  ── 인프라 ────────────────────────────────────────────────────────
  CPU  2.00 core (한계의 100%)   throttled 99.9%
  Heap 775 MB (76%)   GC max 163ms × 119회
  DB   slow 1,080  QPS 7,206  풀 100%  대기 180
  Redis hit 98.4%  ops 159.4/s  evicted 0

  ── 회귀 (기준: normal-day-2026-08-19T09-22-57) ────────────────
  ⚠  기준선은 당시 k6 threshold 미통과 실행입니다, 당시 Node 판정 FAIL.
     아래 증감률은 개선/악화 폭이며 현재 SLO 통과를 뜻하지 않습니다.
  ❌ P95 응답시간                   11.35s → 11.25s (-0.9%)
       11247 > 상한 500
  ❌ P99 응답시간                   15.61s → 15.07s (-3.4%)
       15068 > 상한 1200
  ❌ CPU 포화도 (한계 대비 최대)         100.1% → 100.1% (+0.0%)
       100 > 상한 95.00
  ❌ CPU throttling 비율          99.9% → 99.9% (+0.0%)
       99.93 > 상한 10.00
  ⚠️  MySQL 동시 실행 스레드 최대         3 → 8 (+166.7%)
       직전 대비 +166.7% 악화 (경고 40%)
  ❌ HikariCP 포화도               100.0% → 100.0% (0.0%)
       100 > 상한 95.00
  ❌ HikariCP 대기 스레드 최대         199 → 180 (-9.5%)
       180 > 상한 5.00
  ❌ 커넥션 획득 p95                 6.24s → 6.14s (-1.6%)
       6140 > 상한 100

  ── 병목 가설 ─────────────────────────────────────────────────────
  • CPU throttling 발생
    cgroup이 CPU를 강제 회수한 주기가 99.9%다. CPU 한계(2 core)를 올리거나 요청당 CPU 사용을 줄여야 p99가 안정된다.
  • DB 커넥션 풀 대기 발생
    최대 180개 스레드가 커넥션을 기다렸다. 풀 크기(10)가 동시성 대비 부족하거나, 커넥션 보유 시간이 긴 쿼리가 있다.
  • DB 커넥션 풀 포화
    풀 사용률이 100%까지 올라갔다. 여유가 거의 없어 부하가 조금만 늘어도 대기가 생긴다.
  • CPU 포화
    CPU 사용이 한계의 100%에 도달했다.

  보고서 : reports\runs\normal-day-2026-08-19T09-36-05\report.html
  Grafana(전체 실행): http://localhost:3001/d/htd-perf-overview/highteenday-performance-overview?from=1787131426150&to=1787132285514
  Grafana(measure) : http://localhost:3001/d/htd-perf-overview/highteenday-performance-overview?from=1787131606150&to=1787132146150
══════════════════════════════════════════════════════════════════════════

  [9/10] p95 11246.8ms · 평균 5544.7ms · 서버측 5420.1ms · 경로 124.5ms

──────── [10/10] 리셋 (restart) ────────

▶ k6 run scenarios/normal-day.js
  브랜치 personal/localdocs · 커밋 3e96d9463207 · 실행자 user@DESKTOP-DJJPASG
  환경 perf · "E-46 우선순위 7 — 예열인가 드리프트인가(연속 10회, 부하 중 벤치 포함) — repeatability 10/10"
  데이터셋 medium · 상태 sha256:22bf4b9a3977 (144ms)
  캐시 warm (키 1개)
  guard strict — 상태 불일치 시 스냅샷 복원 후 재확인 [perf.config.json]
    guard=strict — 스냅샷으로 복원합니다.
▶ 복원 — medium-20260816-062210 → perf-mysql-data-medium
  앱·MySQL 정지
  MySQL 기동
  Redis FLUSHALL (복원 후 캐시는 cold 다)
  앱 기동
  복원 후 상태 지문 sha256:ffe696d17416 = 스냅샷 일치

✅ 복원 완료 · 소요 5.5초 (압축 해제 구간)

  부하 발생기: 컨테이너 perf-k6 (grafana/k6:2.1.0, CPU 상한 4)
  k6 지표 전송: http://prometheus:9090/api/v1/write (native histogram, 5s 간격)
  환경 대조 벤치 실행 중(3축 3회, 약 40초)... single 5922ms · parallel 5039ms · ctxswitch 2463ms
  부하 중 벤치 예약: k6 시작 +60초 (warmup 구간, 3회)

         /\      Grafana   /‾‾/  
    /\  /  \     |\  __   /  /   
   /  \/    \    | |/ /  /   ‾‾\ 
  /          \   |   (  |  (‾)  |
 / __________ \  |_|\_\  \_____/ 


     execution: local
        script: scenarios/normal-day.js
        output: Prometheus remote write (http://prometheus:9090/api/v1/write)

     scenarios: (100.00%) 1 scenario, 200 max VUs, 10m30s max duration (incl. graceful stop):
              * normal_day: Up to 200 looping VUs for 10m0s over 3 stages (gracefulRampDown: 30s, gracefulStop: 30s)


running (00m00.8s), 000/200 VUs, 0 complete and 0 interrupted iterations
normal_day   [   0% ] 000/200 VUs  00m00.8s/10m00.0s

running (00m01.8s), 002/200 VUs, 0 complete and 0 interrupted iterations
normal_day   [   0% ] 002/200 VUs  00m01.8s/10m00.0s

running (00m02.8s), 003/200 VUs, 0 complete and 0 interrupted iterations
normal_day   [   0% ] 003/200 VUs  00m02.8s/10m00.0s

running (00m03.8s), 004/200 VUs, 1 complete and 0 interrupted iterations
normal_day   [   1% ] 004/200 VUs  00m03.8s/10m00.0s

running (00m04.8s), 005/200 VUs, 1 complete and 0 interrupted iterations
normal_day   [   1% ] 005/200 VUs  00m04.8s/10m00.0s

running (00m05.8s), 006/200 VUs, 1 complete and 0 interrupted iterations
normal_day   [   1% ] 006/200 VUs  00m05.8s/10m00.0s

running (00m06.8s), 007/200 VUs, 1 complete and 0 interrupted iterations
normal_day   [   1% ] 007/200 VUs  00m06.8s/10m00.0s

running (00m07.8s), 008/200 VUs, 1 complete and 0 interrupted iterations
normal_day   [   1% ] 008/200 VUs  00m07.8s/10m00.0s

running (00m08.8s), 009/200 VUs, 1 complete and 0 interrupted iterations
normal_day   [   1% ] 009/200 VUs  00m08.8s/10m00.0s

running (00m09.8s), 010/200 VUs, 2 complete and 0 interrupted iterations
normal_day   [   2% ] 010/200 VUs  00m09.8s/10m00.0s

running (00m10.8s), 012/200 VUs, 2 complete and 0 interrupted iterations
normal_day   [   2% ] 012/200 VUs  00m10.8s/10m00.0s

running (00m11.8s), 013/200 VUs, 2 complete and 0 interrupted iterations
normal_day   [   2% ] 013/200 VUs  00m11.8s/10m00.0s

running (00m12.8s), 014/200 VUs, 2 complete and 0 interrupted iterations
normal_day   [   2% ] 014/200 VUs  00m12.8s/10m00.0s

running (00m13.8s), 015/200 VUs, 2 complete and 0 interrupted iterations
normal_day   [   2% ] 015/200 VUs  00m13.8s/10m00.0s

running (00m14.8s), 016/200 VUs, 3 complete and 0 interrupted iterations
normal_day   [   2% ] 016/200 VUs  00m14.8s/10m00.0s

running (00m15.8s), 017/200 VUs, 3 complete and 0 interrupted iterations
normal_day   [   3% ] 017/200 VUs  00m15.8s/10m00.0s

running (00m16.8s), 018/200 VUs, 4 complete and 0 interrupted iterations
normal_day   [   3% ] 018/200 VUs  00m16.8s/10m00.0s

running (00m17.8s), 019/200 VUs, 4 complete and 0 interrupted iterations
normal_day   [   3% ] 019/200 VUs  00m17.8s/10m00.0s

running (00m18.8s), 020/200 VUs, 6 complete and 0 interrupted iterations
normal_day   [   3% ] 020/200 VUs  00m18.8s/10m00.0s

running (00m19.8s), 022/200 VUs, 7 complete and 0 interrupted iterations
normal_day   [   3% ] 022/200 VUs  00m19.8s/10m00.0s

running (00m20.8s), 023/200 VUs, 9 complete and 0 interrupted iterations
normal_day   [   3% ] 023/200 VUs  00m20.8s/10m00.0s

running (00m21.8s), 024/200 VUs, 9 complete and 0 interrupted iterations
normal_day   [   4% ] 024/200 VUs  00m21.8s/10m00.0s

running (00m22.8s), 025/200 VUs, 11 complete and 0 interrupted iterations
normal_day   [   4% ] 025/200 VUs  00m22.8s/10m00.0s

running (00m23.8s), 026/200 VUs, 14 complete and 0 interrupted iterations
normal_day   [   4% ] 026/200 VUs  00m23.8s/10m00.0s

running (00m24.8s), 027/200 VUs, 19 complete and 0 interrupted iterations
normal_day   [   4% ] 027/200 VUs  00m24.8s/10m00.0s

running (00m25.8s), 028/200 VUs, 19 complete and 0 interrupted iterations
normal_day   [   4% ] 028/200 VUs  00m25.8s/10m00.0s

running (00m26.8s), 029/200 VUs, 22 complete and 0 interrupted iterations
normal_day   [   4% ] 029/200 VUs  00m26.8s/10m00.0s

running (00m27.8s), 030/200 VUs, 23 complete and 0 interrupted iterations
normal_day   [   5% ] 030/200 VUs  00m27.8s/10m00.0s

running (00m28.8s), 032/200 VUs, 25 complete and 0 interrupted iterations
normal_day   [   5% ] 032/200 VUs  00m28.8s/10m00.0s

running (00m29.8s), 033/200 VUs, 30 complete and 0 interrupted iterations
normal_day   [   5% ] 033/200 VUs  00m29.8s/10m00.0s

running (00m30.8s), 034/200 VUs, 32 complete and 0 interrupted iterations
normal_day   [   5% ] 034/200 VUs  00m30.8s/10m00.0s

running (00m31.8s), 035/200 VUs, 34 complete and 0 interrupted iterations
normal_day   [   5% ] 035/200 VUs  00m31.8s/10m00.0s

running (00m32.8s), 036/200 VUs, 35 complete and 0 interrupted iterations
normal_day   [   5% ] 036/200 VUs  00m32.8s/10m00.0s

running (00m33.8s), 037/200 VUs, 36 complete and 0 interrupted iterations
normal_day   [   6% ] 037/200 VUs  00m33.8s/10m00.0s

running (00m34.8s), 038/200 VUs, 38 complete and 0 interrupted iterations
normal_day   [   6% ] 038/200 VUs  00m34.8s/10m00.0s

running (00m35.8s), 039/200 VUs, 41 complete and 0 interrupted iterations
normal_day   [   6% ] 039/200 VUs  00m35.8s/10m00.0s

running (00m36.8s), 040/200 VUs, 44 complete and 0 interrupted iterations
normal_day   [   6% ] 040/200 VUs  00m36.8s/10m00.0s

running (00m37.8s), 042/200 VUs, 48 complete and 0 interrupted iterations
normal_day   [   6% ] 042/200 VUs  00m37.8s/10m00.0s

running (00m38.8s), 043/200 VUs, 51 complete and 0 interrupted iterations
normal_day   [   6% ] 043/200 VUs  00m38.8s/10m00.0s

running (00m39.8s), 044/200 VUs, 54 complete and 0 interrupted iterations
normal_day   [   7% ] 044/200 VUs  00m39.8s/10m00.0s

running (00m40.8s), 045/200 VUs, 56 complete and 0 interrupted iterations
normal_day   [   7% ] 045/200 VUs  00m40.8s/10m00.0s

running (00m41.8s), 046/200 VUs, 59 complete and 0 interrupted iterations
normal_day   [   7% ] 046/200 VUs  00m41.8s/10m00.0s

running (00m42.8s), 047/200 VUs, 64 complete and 0 interrupted iterations
normal_day   [   7% ] 047/200 VUs  00m42.8s/10m00.0s

running (00m43.8s), 048/200 VUs, 66 complete and 0 interrupted iterations
normal_day   [   7% ] 048/200 VUs  00m43.8s/10m00.0s

running (00m44.8s), 049/200 VUs, 70 complete and 0 interrupted iterations
normal_day   [   7% ] 049/200 VUs  00m44.8s/10m00.0s

running (00m45.8s), 050/200 VUs, 75 complete and 0 interrupted iterations
normal_day   [   8% ] 050/200 VUs  00m45.8s/10m00.0s

running (00m46.8s), 052/200 VUs, 81 complete and 0 interrupted iterations
normal_day   [   8% ] 052/200 VUs  00m46.8s/10m00.0s

running (00m47.8s), 053/200 VUs, 88 complete and 0 interrupted iterations
normal_day   [   8% ] 053/200 VUs  00m47.8s/10m00.0s

running (00m48.8s), 054/200 VUs, 91 complete and 0 interrupted iterations
normal_day   [   8% ] 054/200 VUs  00m48.8s/10m00.0s

running (00m49.8s), 055/200 VUs, 94 complete and 0 interrupted iterations
normal_day   [   8% ] 055/200 VUs  00m49.8s/10m00.0s

running (00m50.8s), 056/200 VUs, 100 complete and 0 interrupted iterations
normal_day   [   8% ] 056/200 VUs  00m50.8s/10m00.0s

running (00m51.8s), 057/200 VUs, 106 complete and 0 interrupted iterations
normal_day   [   9% ] 057/200 VUs  00m51.8s/10m00.0s

running (00m52.8s), 058/200 VUs, 111 complete and 0 interrupted iterations
normal_day   [   9% ] 058/200 VUs  00m52.8s/10m00.0s

running (00m53.8s), 059/200 VUs, 117 complete and 0 interrupted iterations
normal_day   [   9% ] 059/200 VUs  00m53.8s/10m00.0s

running (00m54.8s), 060/200 VUs, 123 complete and 0 interrupted iterations
normal_day   [   9% ] 060/200 VUs  00m54.8s/10m00.0s

running (00m55.8s), 062/200 VUs, 129 complete and 0 interrupted iterations
normal_day   [   9% ] 062/200 VUs  00m55.8s/10m00.0s

running (00m56.8s), 063/200 VUs, 132 complete and 0 interrupted iterations
normal_day   [   9% ] 063/200 VUs  00m56.8s/10m00.0s

running (00m57.8s), 064/200 VUs, 136 complete and 0 interrupted iterations
normal_day   [  10% ] 064/200 VUs  00m57.8s/10m00.0s

running (00m58.8s), 065/200 VUs, 140 complete and 0 interrupted iterations
normal_day   [  10% ] 065/200 VUs  00m58.8s/10m00.0s

running (00m59.8s), 066/200 VUs, 148 complete and 0 interrupted iterations
normal_day   [  10% ] 066/200 VUs  00m59.8s/10m00.0s

running (01m00.8s), 067/200 VUs, 159 complete and 0 interrupted iterations
normal_day   [  10% ] 067/200 VUs  01m00.8s/10m00.0s

running (01m01.8s), 068/200 VUs, 160 complete and 0 interrupted iterations
normal_day   [  10% ] 068/200 VUs  01m01.8s/10m00.0s

running (01m02.8s), 069/200 VUs, 165 complete and 0 interrupted iterations
normal_day   [  10% ] 069/200 VUs  01m02.8s/10m00.0s

running (01m03.8s), 070/200 VUs, 172 complete and 0 interrupted iterations
normal_day   [  11% ] 070/200 VUs  01m03.8s/10m00.0s

running (01m04.8s), 072/200 VUs, 179 complete and 0 interrupted iterations
normal_day   [  11% ] 072/200 VUs  01m04.8s/10m00.0s

running (01m05.8s), 073/200 VUs, 182 complete and 0 interrupted iterations
normal_day   [  11% ] 073/200 VUs  01m05.8s/10m00.0s

running (01m06.8s), 074/200 VUs, 190 complete and 0 interrupted iterations
normal_day   [  11% ] 074/200 VUs  01m06.8s/10m00.0s

running (01m07.8s), 075/200 VUs, 198 complete and 0 interrupted iterations
normal_day   [  11% ] 075/200 VUs  01m07.8s/10m00.0s

running (01m08.8s), 076/200 VUs, 208 complete and 0 interrupted iterations
normal_day   [  11% ] 076/200 VUs  01m08.8s/10m00.0s

running (01m09.8s), 077/200 VUs, 216 complete and 0 interrupted iterations
normal_day   [  12% ] 077/200 VUs  01m09.8s/10m00.0s

running (01m10.8s), 078/200 VUs, 225 complete and 0 interrupted iterations
normal_day   [  12% ] 078/200 VUs  01m10.8s/10m00.0s

running (01m11.8s), 079/200 VUs, 231 complete and 0 interrupted iterations
normal_day   [  12% ] 079/200 VUs  01m11.8s/10m00.0s

running (01m12.8s), 080/200 VUs, 240 complete and 0 interrupted iterations
normal_day   [  12% ] 080/200 VUs  01m12.8s/10m00.0s

running (01m13.8s), 082/200 VUs, 250 complete and 0 interrupted iterations
normal_day   [  12% ] 082/200 VUs  01m13.8s/10m00.0s

running (01m14.8s), 083/200 VUs, 257 complete and 0 interrupted iterations
normal_day   [  12% ] 083/200 VUs  01m14.8s/10m00.0s

running (01m15.8s), 084/200 VUs, 267 complete and 0 interrupted iterations
normal_day   [  13% ] 084/200 VUs  01m15.8s/10m00.0s

running (01m16.8s), 085/200 VUs, 273 complete and 0 interrupted iterations
normal_day   [  13% ] 085/200 VUs  01m16.8s/10m00.0s

running (01m17.8s), 086/200 VUs, 277 complete and 0 interrupted iterations
normal_day   [  13% ] 086/200 VUs  01m17.8s/10m00.0s

running (01m18.8s), 087/200 VUs, 281 complete and 0 interrupted iterations
normal_day   [  13% ] 087/200 VUs  01m18.8s/10m00.0s

running (01m19.8s), 088/200 VUs, 284 complete and 0 interrupted iterations
normal_day   [  13% ] 088/200 VUs  01m19.8s/10m00.0s

running (01m20.8s), 089/200 VUs, 289 complete and 0 interrupted iterations
normal_day   [  13% ] 089/200 VUs  01m20.8s/10m00.0s

running (01m21.8s), 090/200 VUs, 291 complete and 0 interrupted iterations
normal_day   [  14% ] 090/200 VUs  01m21.8s/10m00.0s

running (01m22.8s), 092/200 VUs, 291 complete and 0 interrupted iterations
normal_day   [  14% ] 092/200 VUs  01m22.8s/10m00.0s

running (01m23.8s), 093/200 VUs, 291 complete and 0 interrupted iterations
normal_day   [  14% ] 093/200 VUs  01m23.8s/10m00.0s

running (01m24.8s), 094/200 VUs, 293 complete and 0 interrupted iterations
normal_day   [  14% ] 094/200 VUs  01m24.8s/10m00.0s

running (01m25.8s), 095/200 VUs, 296 complete and 0 interrupted iterations
normal_day   [  14% ] 095/200 VUs  01m25.8s/10m00.0s

running (01m26.8s), 096/200 VUs, 300 complete and 0 interrupted iterations
normal_day   [  14% ] 096/200 VUs  01m26.8s/10m00.0s

running (01m27.8s), 097/200 VUs, 305 complete and 0 interrupted iterations
normal_day   [  15% ] 097/200 VUs  01m27.8s/10m00.0s

running (01m28.8s), 098/200 VUs, 306 complete and 0 interrupted iterations
normal_day   [  15% ] 098/200 VUs  01m28.8s/10m00.0s

running (01m29.8s), 099/200 VUs, 307 complete and 0 interrupted iterations
normal_day   [  15% ] 099/200 VUs  01m29.8s/10m00.0s

running (01m30.8s), 100/200 VUs, 309 complete and 0 interrupted iterations
normal_day   [  15% ] 100/200 VUs  01m30.8s/10m00.0s

running (01m31.8s), 102/200 VUs, 312 complete and 0 interrupted iterations
normal_day   [  15% ] 102/200 VUs  01m31.8s/10m00.0s

running (01m32.8s), 103/200 VUs, 318 complete and 0 interrupted iterations
normal_day   [  15% ] 103/200 VUs  01m32.8s/10m00.0s

running (01m33.8s), 104/200 VUs, 322 complete and 0 interrupted iterations
normal_day   [  16% ] 104/200 VUs  01m33.8s/10m00.0s

running (01m34.8s), 105/200 VUs, 331 complete and 0 interrupted iterations
normal_day   [  16% ] 105/200 VUs  01m34.8s/10m00.0s

running (01m35.8s), 106/200 VUs, 335 complete and 0 interrupted iterations
normal_day   [  16% ] 106/200 VUs  01m35.8s/10m00.0s

running (01m36.8s), 107/200 VUs, 342 complete and 0 interrupted iterations
normal_day   [  16% ] 107/200 VUs  01m36.8s/10m00.0s

running (01m37.5s), 108/200 VUs, 345 complete and 0 interrupted iterations
normal_day   [  16% ] 108/200 VUs  01m37.8s/10m00.0s

running (01m38.5s), 109/200 VUs, 347 complete and 0 interrupted iterations
normal_day   [  16% ] 109/200 VUs  01m38.8s/10m00.0s

running (01m39.5s), 110/200 VUs, 349 complete and 0 interrupted iterations
normal_day   [  17% ] 110/200 VUs  01m39.8s/10m00.0s

running (01m40.5s), 112/200 VUs, 353 complete and 0 interrupted iterations
normal_day   [  17% ] 112/200 VUs  01m40.8s/10m00.0s

running (01m41.5s), 113/200 VUs, 357 complete and 0 interrupted iterations
normal_day   [  17% ] 113/200 VUs  01m41.8s/10m00.0s

running (01m42.5s), 114/200 VUs, 366 complete and 0 interrupted iterations
normal_day   [  17% ] 114/200 VUs  01m42.8s/10m00.0s

running (01m43.5s), 115/200 VUs, 371 complete and 0 interrupted iterations
normal_day   [  17% ] 115/200 VUs  01m43.8s/10m00.0s

running (01m44.5s), 116/200 VUs, 375 complete and 0 interrupted iterations
normal_day   [  17% ] 116/200 VUs  01m44.8s/10m00.0s

running (01m45.5s), 117/200 VUs, 383 complete and 0 interrupted iterations
normal_day   [  18% ] 117/200 VUs  01m45.8s/10m00.0s

running (01m46.5s), 118/200 VUs, 391 complete and 0 interrupted iterations
normal_day   [  18% ] 118/200 VUs  01m46.8s/10m00.0s

running (01m47.5s), 119/200 VUs, 398 complete and 0 interrupted iterations
normal_day   [  18% ] 119/200 VUs  01m47.8s/10m00.0s

running (01m48.5s), 120/200 VUs, 400 complete and 0 interrupted iterations
normal_day   [  18% ] 120/200 VUs  01m48.8s/10m00.0s

running (01m49.5s), 122/200 VUs, 402 complete and 0 interrupted iterations
normal_day   [  18% ] 122/200 VUs  01m49.8s/10m00.0s

running (01m50.5s), 123/200 VUs, 410 complete and 0 interrupted iterations
normal_day   [  18% ] 123/200 VUs  01m50.8s/10m00.0s

running (01m51.5s), 124/200 VUs, 417 complete and 0 interrupted iterations
normal_day   [  19% ] 124/200 VUs  01m51.8s/10m00.0s

running (01m52.5s), 125/200 VUs, 419 complete and 0 interrupted iterations
normal_day   [  19% ] 125/200 VUs  01m52.8s/10m00.0s

running (01m53.5s), 126/200 VUs, 424 complete and 0 interrupted iterations
normal_day   [  19% ] 126/200 VUs  01m53.8s/10m00.0s

running (01m54.5s), 127/200 VUs, 425 complete and 0 interrupted iterations
normal_day   [  19% ] 127/200 VUs  01m54.8s/10m00.0s

running (01m55.5s), 128/200 VUs, 429 complete and 0 interrupted iterations
normal_day   [  19% ] 128/200 VUs  01m55.8s/10m00.0s

running (01m56.5s), 129/200 VUs, 429 complete and 0 interrupted iterations
normal_day   [  19% ] 129/200 VUs  01m56.8s/10m00.0s

running (01m57.5s), 130/200 VUs, 429 complete and 0 interrupted iterations
normal_day   [  20% ] 130/200 VUs  01m57.8s/10m00.0s

running (01m58.5s), 132/200 VUs, 430 complete and 0 interrupted iterations
normal_day   [  20% ] 132/200 VUs  01m58.8s/10m00.0s

running (01m59.5s), 133/200 VUs, 434 complete and 0 interrupted iterations
normal_day   [  20% ] 133/200 VUs  01m59.8s/10m00.0s

running (02m00.5s), 134/200 VUs, 442 complete and 0 interrupted iterations
normal_day   [  20% ] 134/200 VUs  02m00.8s/10m00.0s

running (02m01.5s), 135/200 VUs, 453 complete and 0 interrupted iterations
normal_day   [  20% ] 135/200 VUs  02m01.8s/10m00.0s

running (02m02.5s), 136/200 VUs, 459 complete and 0 interrupted iterations
normal_day   [  20% ] 136/200 VUs  02m02.8s/10m00.0s

running (02m03.5s), 137/200 VUs, 461 complete and 0 interrupted iterations
normal_day   [  21% ] 137/200 VUs  02m03.8s/10m00.0s

running (02m04.5s), 138/200 VUs, 462 complete and 0 interrupted iterations
normal_day   [  21% ] 138/200 VUs  02m04.8s/10m00.0s

running (02m05.5s), 139/200 VUs, 464 complete and 0 interrupted iterations
normal_day   [  21% ] 139/200 VUs  02m05.8s/10m00.0s

running (02m06.5s), 140/200 VUs, 468 complete and 0 interrupted iterations
normal_day   [  21% ] 140/200 VUs  02m06.8s/10m00.0s

running (02m07.8s), 142/200 VUs, 475 complete and 0 interrupted iterations
normal_day   [  21% ] 142/200 VUs  02m07.8s/10m00.0s

running (02m08.8s), 143/200 VUs, 483 complete and 0 interrupted iterations
normal_day   [  21% ] 143/200 VUs  02m08.8s/10m00.0s

running (02m09.8s), 144/200 VUs, 491 complete and 0 interrupted iterations
normal_day   [  22% ] 144/200 VUs  02m09.8s/10m00.0s

running (02m10.8s), 145/200 VUs, 500 complete and 0 interrupted iterations
normal_day   [  22% ] 145/200 VUs  02m10.8s/10m00.0s

running (02m11.8s), 146/200 VUs, 504 complete and 0 interrupted iterations
normal_day   [  22% ] 146/200 VUs  02m11.8s/10m00.0s

running (02m12.8s), 147/200 VUs, 509 complete and 0 interrupted iterations
normal_day   [  22% ] 147/200 VUs  02m12.8s/10m00.0s

running (02m13.8s), 148/200 VUs, 514 complete and 0 interrupted iterations
normal_day   [  22% ] 148/200 VUs  02m13.8s/10m00.0s

running (02m14.8s), 149/200 VUs, 522 complete and 0 interrupted iterations
normal_day   [  22% ] 149/200 VUs  02m14.8s/10m00.0s

running (02m15.8s), 150/200 VUs, 530 complete and 0 interrupted iterations
normal_day   [  23% ] 150/200 VUs  02m15.8s/10m00.0s

running (02m16.8s), 152/200 VUs, 534 complete and 0 interrupted iterations
normal_day   [  23% ] 152/200 VUs  02m16.8s/10m00.0s

running (02m17.8s), 153/200 VUs, 535 complete and 0 interrupted iterations
normal_day   [  23% ] 153/200 VUs  02m17.8s/10m00.0s

running (02m18.8s), 154/200 VUs, 538 complete and 0 interrupted iterations
normal_day   [  23% ] 154/200 VUs  02m18.8s/10m00.0s

running (02m19.8s), 155/200 VUs, 541 complete and 0 interrupted iterations
normal_day   [  23% ] 155/200 VUs  02m19.8s/10m00.0s

running (02m20.8s), 156/200 VUs, 543 complete and 0 interrupted iterations
normal_day   [  23% ] 156/200 VUs  02m20.8s/10m00.0s

running (02m21.8s), 157/200 VUs, 546 complete and 0 interrupted iterations
normal_day   [  24% ] 157/200 VUs  02m21.8s/10m00.0s

running (02m22.8s), 158/200 VUs, 548 complete and 0 interrupted iterations
normal_day   [  24% ] 158/200 VUs  02m22.8s/10m00.0s

running (02m23.8s), 159/200 VUs, 552 complete and 0 interrupted iterations
normal_day   [  24% ] 159/200 VUs  02m23.8s/10m00.0s

running (02m24.8s), 160/200 VUs, 561 complete and 0 interrupted iterations
normal_day   [  24% ] 160/200 VUs  02m24.8s/10m00.0s

running (02m25.8s), 162/200 VUs, 568 complete and 0 interrupted iterations
normal_day   [  24% ] 162/200 VUs  02m25.8s/10m00.0s

running (02m26.8s), 163/200 VUs, 575 complete and 0 interrupted iterations
normal_day   [  24% ] 163/200 VUs  02m26.8s/10m00.0s

running (02m27.8s), 164/200 VUs, 581 complete and 0 interrupted iterations
normal_day   [  25% ] 164/200 VUs  02m27.8s/10m00.0s

running (02m28.8s), 165/200 VUs, 591 complete and 0 interrupted iterations
normal_day   [  25% ] 165/200 VUs  02m28.8s/10m00.0s

running (02m29.8s), 166/200 VUs, 596 complete and 0 interrupted iterations
normal_day   [  25% ] 166/200 VUs  02m29.8s/10m00.0s

running (02m30.8s), 167/200 VUs, 604 complete and 0 interrupted iterations
normal_day   [  25% ] 167/200 VUs  02m30.8s/10m00.0s

running (02m31.8s), 168/200 VUs, 608 complete and 0 interrupted iterations
normal_day   [  25% ] 168/200 VUs  02m31.8s/10m00.0s

running (02m32.8s), 169/200 VUs, 615 complete and 0 interrupted iterations
normal_day   [  25% ] 169/200 VUs  02m32.8s/10m00.0s

running (02m33.8s), 170/200 VUs, 619 complete and 0 interrupted iterations
normal_day   [  26% ] 170/200 VUs  02m33.8s/10m00.0s

running (02m34.8s), 172/200 VUs, 624 complete and 0 interrupted iterations
normal_day   [  26% ] 172/200 VUs  02m34.8s/10m00.0s

running (02m35.8s), 173/200 VUs, 633 complete and 0 interrupted iterations
normal_day   [  26% ] 173/200 VUs  02m35.8s/10m00.0s

running (02m36.8s), 174/200 VUs, 639 complete and 0 interrupted iterations
normal_day   [  26% ] 174/200 VUs  02m36.8s/10m00.0s

running (02m37.8s), 175/200 VUs, 643 complete and 0 interrupted iterations
normal_day   [  26% ] 175/200 VUs  02m37.8s/10m00.0s

running (02m38.8s), 176/200 VUs, 649 complete and 0 interrupted iterations
normal_day   [  26% ] 176/200 VUs  02m38.8s/10m00.0s

running (02m39.8s), 177/200 VUs, 658 complete and 0 interrupted iterations
normal_day   [  27% ] 177/200 VUs  02m39.8s/10m00.0s

running (02m40.8s), 178/200 VUs, 661 complete and 0 interrupted iterations
normal_day   [  27% ] 178/200 VUs  02m40.8s/10m00.0s

running (02m41.8s), 179/200 VUs, 668 complete and 0 interrupted iterations
normal_day   [  27% ] 179/200 VUs  02m41.8s/10m00.0s

running (02m42.8s), 180/200 VUs, 673 complete and 0 interrupted iterations
normal_day   [  27% ] 180/200 VUs  02m42.8s/10m00.0s

running (02m43.8s), 182/200 VUs, 675 complete and 0 interrupted iterations
normal_day   [  27% ] 182/200 VUs  02m43.8s/10m00.0s

running (02m44.8s), 183/200 VUs, 683 complete and 0 interrupted iterations
normal_day   [  27% ] 183/200 VUs  02m44.8s/10m00.0s

running (02m45.8s), 184/200 VUs, 691 complete and 0 interrupted iterations
normal_day   [  28% ] 184/200 VUs  02m45.8s/10m00.0s

running (02m46.8s), 185/200 VUs, 700 complete and 0 interrupted iterations
normal_day   [  28% ] 185/200 VUs  02m46.8s/10m00.0s

running (02m47.8s), 186/200 VUs, 711 complete and 0 interrupted iterations
normal_day   [  28% ] 186/200 VUs  02m47.8s/10m00.0s

running (02m48.8s), 187/200 VUs, 720 complete and 0 interrupted iterations
normal_day   [  28% ] 187/200 VUs  02m48.8s/10m00.0s

running (02m49.8s), 188/200 VUs, 731 complete and 0 interrupted iterations
normal_day   [  28% ] 188/200 VUs  02m49.8s/10m00.0s

running (02m50.8s), 189/200 VUs, 737 complete and 0 interrupted iterations
normal_day   [  28% ] 189/200 VUs  02m50.8s/10m00.0s

running (02m51.8s), 190/200 VUs, 752 complete and 0 interrupted iterations
normal_day   [  29% ] 190/200 VUs  02m51.8s/10m00.0s

running (02m52.8s), 192/200 VUs, 762 complete and 0 interrupted iterations
normal_day   [  29% ] 192/200 VUs  02m52.8s/10m00.0s

running (02m53.8s), 193/200 VUs, 771 complete and 0 interrupted iterations
normal_day   [  29% ] 193/200 VUs  02m53.8s/10m00.0s

running (02m54.8s), 194/200 VUs, 783 complete and 0 interrupted iterations
normal_day   [  29% ] 194/200 VUs  02m54.8s/10m00.0s

running (02m55.8s), 195/200 VUs, 791 complete and 0 interrupted iterations
normal_day   [  29% ] 195/200 VUs  02m55.8s/10m00.0s

running (02m56.8s), 196/200 VUs, 794 complete and 0 interrupted iterations
normal_day   [  29% ] 196/200 VUs  02m56.8s/10m00.0s

running (02m57.8s), 197/200 VUs, 800 complete and 0 interrupted iterations
normal_day   [  30% ] 197/200 VUs  02m57.8s/10m00.0s

running (02m58.8s), 198/200 VUs, 808 complete and 0 interrupted iterations
normal_day   [  30% ] 198/200 VUs  02m58.8s/10m00.0s

running (02m59.8s), 199/200 VUs, 819 complete and 0 interrupted iterations
normal_day   [  30% ] 199/200 VUs  02m59.8s/10m00.0s

running (03m00.8s), 200/200 VUs, 831 complete and 0 interrupted iterations
normal_day   [  30% ] 200/200 VUs  03m00.8s/10m00.0s

running (03m01.8s), 200/200 VUs, 840 complete and 0 interrupted iterations
normal_day   [  30% ] 200/200 VUs  03m01.8s/10m00.0s

running (03m02.8s), 200/200 VUs, 846 complete and 0 interrupted iterations
normal_day   [  30% ] 200/200 VUs  03m02.8s/10m00.0s

running (03m03.8s), 200/200 VUs, 852 complete and 0 interrupted iterations
normal_day   [  31% ] 200/200 VUs  03m03.8s/10m00.0s

running (03m04.8s), 200/200 VUs, 855 complete and 0 interrupted iterations
normal_day   [  31% ] 200/200 VUs  03m04.8s/10m00.0s

running (03m05.8s), 200/200 VUs, 858 complete and 0 interrupted iterations
normal_day   [  31% ] 200/200 VUs  03m05.8s/10m00.0s

running (03m06.8s), 200/200 VUs, 867 complete and 0 interrupted iterations
normal_day   [  31% ] 200/200 VUs  03m06.8s/10m00.0s

running (03m07.8s), 200/200 VUs, 874 complete and 0 interrupted iterations
normal_day   [  31% ] 200/200 VUs  03m07.8s/10m00.0s

running (03m08.8s), 200/200 VUs, 890 complete and 0 interrupted iterations
normal_day   [  31% ] 200/200 VUs  03m08.8s/10m00.0s

running (03m09.8s), 200/200 VUs, 896 complete and 0 interrupted iterations
normal_day   [  32% ] 200/200 VUs  03m09.8s/10m00.0s

running (03m10.8s), 200/200 VUs, 899 complete and 0 interrupted iterations
normal_day   [  32% ] 200/200 VUs  03m10.8s/10m00.0s

running (03m11.8s), 200/200 VUs, 902 complete and 0 interrupted iterations
normal_day   [  32% ] 200/200 VUs  03m11.8s/10m00.0s

running (03m12.8s), 200/200 VUs, 909 complete and 0 interrupted iterations
normal_day   [  32% ] 200/200 VUs  03m12.8s/10m00.0s

running (03m13.8s), 200/200 VUs, 914 complete and 0 interrupted iterations
normal_day   [  32% ] 200/200 VUs  03m13.8s/10m00.0s

running (03m14.8s), 200/200 VUs, 921 complete and 0 interrupted iterations
normal_day   [  32% ] 200/200 VUs  03m14.8s/10m00.0s

running (03m15.8s), 200/200 VUs, 932 complete and 0 interrupted iterations
normal_day   [  33% ] 200/200 VUs  03m15.8s/10m00.0s

running (03m16.8s), 200/200 VUs, 933 complete and 0 interrupted iterations
normal_day   [  33% ] 200/200 VUs  03m16.8s/10m00.0s

running (03m17.8s), 200/200 VUs, 936 complete and 0 interrupted iterations
normal_day   [  33% ] 200/200 VUs  03m17.8s/10m00.0s

running (03m18.8s), 200/200 VUs, 938 complete and 0 interrupted iterations
normal_day   [  33% ] 200/200 VUs  03m18.8s/10m00.0s

running (03m19.8s), 200/200 VUs, 940 complete and 0 interrupted iterations
normal_day   [  33% ] 200/200 VUs  03m19.8s/10m00.0s

running (03m20.8s), 200/200 VUs, 942 complete and 0 interrupted iterations
normal_day   [  33% ] 200/200 VUs  03m20.8s/10m00.0s

running (03m21.8s), 200/200 VUs, 948 complete and 0 interrupted iterations
normal_day   [  34% ] 200/200 VUs  03m21.8s/10m00.0s

running (03m22.8s), 200/200 VUs, 957 complete and 0 interrupted iterations
normal_day   [  34% ] 200/200 VUs  03m22.8s/10m00.0s

running (03m23.8s), 200/200 VUs, 970 complete and 0 interrupted iterations
normal_day   [  34% ] 200/200 VUs  03m23.8s/10m00.0s

running (03m24.8s), 200/200 VUs, 983 complete and 0 interrupted iterations
normal_day   [  34% ] 200/200 VUs  03m24.8s/10m00.0s

running (03m25.8s), 200/200 VUs, 989 complete and 0 interrupted iterations
normal_day   [  34% ] 200/200 VUs  03m25.8s/10m00.0s

running (03m26.8s), 200/200 VUs, 993 complete and 0 interrupted iterations
normal_day   [  34% ] 200/200 VUs  03m26.8s/10m00.0s

running (03m27.8s), 200/200 VUs, 995 complete and 0 interrupted iterations
normal_day   [  35% ] 200/200 VUs  03m27.8s/10m00.0s

running (03m28.8s), 200/200 VUs, 996 complete and 0 interrupted iterations
normal_day   [  35% ] 200/200 VUs  03m28.8s/10m00.0s

running (03m29.8s), 200/200 VUs, 1001 complete and 0 interrupted iterations
normal_day   [  35% ] 200/200 VUs  03m29.8s/10m00.0s

running (03m30.8s), 200/200 VUs, 1003 complete and 0 interrupted iterations
normal_day   [  35% ] 200/200 VUs  03m30.8s/10m00.0s

running (03m31.8s), 200/200 VUs, 1007 complete and 0 interrupted iterations
normal_day   [  35% ] 200/200 VUs  03m31.8s/10m00.0s

running (03m32.8s), 200/200 VUs, 1017 complete and 0 interrupted iterations
normal_day   [  35% ] 200/200 VUs  03m32.8s/10m00.0s

running (03m33.8s), 200/200 VUs, 1025 complete and 0 interrupted iterations
normal_day   [  36% ] 200/200 VUs  03m33.8s/10m00.0s

running (03m34.8s), 200/200 VUs, 1034 complete and 0 interrupted iterations
normal_day   [  36% ] 200/200 VUs  03m34.8s/10m00.0s

running (03m35.8s), 200/200 VUs, 1044 complete and 0 interrupted iterations
normal_day   [  36% ] 200/200 VUs  03m35.8s/10m00.0s

running (03m36.8s), 200/200 VUs, 1057 complete and 0 interrupted iterations
normal_day   [  36% ] 200/200 VUs  03m36.8s/10m00.0s

running (03m37.8s), 200/200 VUs, 1061 complete and 0 interrupted iterations
normal_day   [  36% ] 200/200 VUs  03m37.8s/10m00.0s

running (03m38.8s), 200/200 VUs, 1067 complete and 0 interrupted iterations
normal_day   [  36% ] 200/200 VUs  03m38.8s/10m00.0s

running (03m39.8s), 200/200 VUs, 1070 complete and 0 interrupted iterations
normal_day   [  37% ] 200/200 VUs  03m39.8s/10m00.0s

running (03m40.8s), 200/200 VUs, 1072 complete and 0 interrupted iterations
normal_day   [  37% ] 200/200 VUs  03m40.8s/10m00.0s

running (03m41.8s), 200/200 VUs, 1079 complete and 0 interrupted iterations
normal_day   [  37% ] 200/200 VUs  03m41.8s/10m00.0s

running (03m42.8s), 200/200 VUs, 1088 complete and 0 interrupted iterations
normal_day   [  37% ] 200/200 VUs  03m42.8s/10m00.0s

running (03m43.8s), 200/200 VUs, 1095 complete and 0 interrupted iterations
normal_day   [  37% ] 200/200 VUs  03m43.8s/10m00.0s

running (03m44.8s), 200/200 VUs, 1103 complete and 0 interrupted iterations
normal_day   [  37% ] 200/200 VUs  03m44.8s/10m00.0s

running (03m45.8s), 200/200 VUs, 1107 complete and 0 interrupted iterations
normal_day   [  38% ] 200/200 VUs  03m45.8s/10m00.0s

running (03m46.8s), 200/200 VUs, 1111 complete and 0 interrupted iterations
normal_day   [  38% ] 200/200 VUs  03m46.8s/10m00.0s

running (03m47.8s), 200/200 VUs, 1115 complete and 0 interrupted iterations
normal_day   [  38% ] 200/200 VUs  03m47.8s/10m00.0s

running (03m48.8s), 200/200 VUs, 1119 complete and 0 interrupted iterations
normal_day   [  38% ] 200/200 VUs  03m48.8s/10m00.0s

running (03m49.8s), 200/200 VUs, 1125 complete and 0 interrupted iterations
normal_day   [  38% ] 200/200 VUs  03m49.8s/10m00.0s

running (03m50.8s), 200/200 VUs, 1126 complete and 0 interrupted iterations
normal_day   [  38% ] 200/200 VUs  03m50.8s/10m00.0s

running (03m51.8s), 200/200 VUs, 1128 complete and 0 interrupted iterations
normal_day   [  39% ] 200/200 VUs  03m51.8s/10m00.0s

running (03m52.8s), 200/200 VUs, 1134 complete and 0 interrupted iterations
normal_day   [  39% ] 200/200 VUs  03m52.8s/10m00.0s

running (03m53.8s), 200/200 VUs, 1138 complete and 0 interrupted iterations
normal_day   [  39% ] 200/200 VUs  03m53.8s/10m00.0s

running (03m54.8s), 200/200 VUs, 1145 complete and 0 interrupted iterations
normal_day   [  39% ] 200/200 VUs  03m54.8s/10m00.0s

running (03m55.8s), 200/200 VUs, 1148 complete and 0 interrupted iterations
normal_day   [  39% ] 200/200 VUs  03m55.8s/10m00.0s

running (03m56.8s), 200/200 VUs, 1149 complete and 0 interrupted iterations
normal_day   [  39% ] 200/200 VUs  03m56.8s/10m00.0s

running (03m57.8s), 200/200 VUs, 1152 complete and 0 interrupted iterations
normal_day   [  40% ] 200/200 VUs  03m57.8s/10m00.0s

running (03m58.8s), 200/200 VUs, 1153 complete and 0 interrupted iterations
normal_day   [  40% ] 200/200 VUs  03m58.8s/10m00.0s

running (03m59.8s), 200/200 VUs, 1155 complete and 0 interrupted iterations
normal_day   [  40% ] 200/200 VUs  03m59.8s/10m00.0s

running (04m00.8s), 200/200 VUs, 1160 complete and 0 interrupted iterations
normal_day   [  40% ] 200/200 VUs  04m00.8s/10m00.0s

running (04m01.8s), 200/200 VUs, 1162 complete and 0 interrupted iterations
normal_day   [  40% ] 200/200 VUs  04m01.8s/10m00.0s

running (04m02.8s), 200/200 VUs, 1169 complete and 0 interrupted iterations
normal_day   [  40% ] 200/200 VUs  04m02.8s/10m00.0s

running (04m03.8s), 200/200 VUs, 1174 complete and 0 interrupted iterations
normal_day   [  41% ] 200/200 VUs  04m03.8s/10m00.0s

running (04m04.8s), 200/200 VUs, 1175 complete and 0 interrupted iterations
normal_day   [  41% ] 200/200 VUs  04m04.8s/10m00.0s

running (04m05.8s), 200/200 VUs, 1179 complete and 0 interrupted iterations
normal_day   [  41% ] 200/200 VUs  04m05.8s/10m00.0s

running (04m06.8s), 200/200 VUs, 1186 complete and 0 interrupted iterations
normal_day   [  41% ] 200/200 VUs  04m06.8s/10m00.0s

running (04m07.8s), 200/200 VUs, 1192 complete and 0 interrupted iterations
normal_day   [  41% ] 200/200 VUs  04m07.8s/10m00.0s

running (04m08.8s), 200/200 VUs, 1198 complete and 0 interrupted iterations
normal_day   [  41% ] 200/200 VUs  04m08.8s/10m00.0s

running (04m09.8s), 200/200 VUs, 1203 complete and 0 interrupted iterations
normal_day   [  42% ] 200/200 VUs  04m09.8s/10m00.0s

running (04m10.8s), 200/200 VUs, 1210 complete and 0 interrupted iterations
normal_day   [  42% ] 200/200 VUs  04m10.8s/10m00.0s

running (04m11.8s), 200/200 VUs, 1212 complete and 0 interrupted iterations
normal_day   [  42% ] 200/200 VUs  04m11.8s/10m00.0s

running (04m12.8s), 200/200 VUs, 1215 complete and 0 interrupted iterations
normal_day   [  42% ] 200/200 VUs  04m12.8s/10m00.0s

running (04m13.8s), 200/200 VUs, 1229 complete and 0 interrupted iterations
normal_day   [  42% ] 200/200 VUs  04m13.8s/10m00.0s

running (04m14.8s), 200/200 VUs, 1241 complete and 0 interrupted iterations
normal_day   [  42% ] 200/200 VUs  04m14.8s/10m00.0s

running (04m15.8s), 200/200 VUs, 1247 complete and 0 interrupted iterations
normal_day   [  43% ] 200/200 VUs  04m15.8s/10m00.0s

running (04m16.8s), 200/200 VUs, 1258 complete and 0 interrupted iterations
normal_day   [  43% ] 200/200 VUs  04m16.8s/10m00.0s

running (04m17.8s), 200/200 VUs, 1267 complete and 0 interrupted iterations
normal_day   [  43% ] 200/200 VUs  04m17.8s/10m00.0s

running (04m18.8s), 200/200 VUs, 1275 complete and 0 interrupted iterations
normal_day   [  43% ] 200/200 VUs  04m18.8s/10m00.0s

running (04m19.8s), 200/200 VUs, 1278 complete and 0 interrupted iterations
normal_day   [  43% ] 200/200 VUs  04m19.8s/10m00.0s

running (04m20.8s), 200/200 VUs, 1287 complete and 0 interrupted iterations
normal_day   [  43% ] 200/200 VUs  04m20.8s/10m00.0s

running (04m21.8s), 200/200 VUs, 1292 complete and 0 interrupted iterations
normal_day   [  44% ] 200/200 VUs  04m21.8s/10m00.0s

running (04m22.8s), 200/200 VUs, 1296 complete and 0 interrupted iterations
normal_day   [  44% ] 200/200 VUs  04m22.8s/10m00.0s

running (04m23.8s), 200/200 VUs, 1301 complete and 0 interrupted iterations
normal_day   [  44% ] 200/200 VUs  04m23.8s/10m00.0s

running (04m24.8s), 200/200 VUs, 1306 complete and 0 interrupted iterations
normal_day   [  44% ] 200/200 VUs  04m24.8s/10m00.0s

running (04m25.8s), 200/200 VUs, 1312 complete and 0 interrupted iterations
normal_day   [  44% ] 200/200 VUs  04m25.8s/10m00.0s

running (04m26.8s), 200/200 VUs, 1320 complete and 0 interrupted iterations
normal_day   [  44% ] 200/200 VUs  04m26.8s/10m00.0s

running (04m27.8s), 200/200 VUs, 1327 complete and 0 interrupted iterations
normal_day   [  45% ] 200/200 VUs  04m27.8s/10m00.0s

running (04m28.8s), 200/200 VUs, 1333 complete and 0 interrupted iterations
normal_day   [  45% ] 200/200 VUs  04m28.8s/10m00.0s

running (04m29.8s), 200/200 VUs, 1336 complete and 0 interrupted iterations
normal_day   [  45% ] 200/200 VUs  04m29.8s/10m00.0s

running (04m30.8s), 200/200 VUs, 1343 complete and 0 interrupted iterations
normal_day   [  45% ] 200/200 VUs  04m30.8s/10m00.0s

running (04m31.8s), 200/200 VUs, 1349 complete and 0 interrupted iterations
normal_day   [  45% ] 200/200 VUs  04m31.8s/10m00.0s

running (04m32.8s), 200/200 VUs, 1355 complete and 0 interrupted iterations
normal_day   [  45% ] 200/200 VUs  04m32.8s/10m00.0s

running (04m33.8s), 200/200 VUs, 1356 complete and 0 interrupted iterations
normal_day   [  46% ] 200/200 VUs  04m33.8s/10m00.0s

running (04m34.8s), 200/200 VUs, 1358 complete and 0 interrupted iterations
normal_day   [  46% ] 200/200 VUs  04m34.8s/10m00.0s

running (04m35.8s), 200/200 VUs, 1362 complete and 0 interrupted iterations
normal_day   [  46% ] 200/200 VUs  04m35.8s/10m00.0s

running (04m36.8s), 200/200 VUs, 1367 complete and 0 interrupted iterations
normal_day   [  46% ] 200/200 VUs  04m36.8s/10m00.0s

running (04m37.8s), 200/200 VUs, 1379 complete and 0 interrupted iterations
normal_day   [  46% ] 200/200 VUs  04m37.8s/10m00.0s

running (04m38.8s), 200/200 VUs, 1392 complete and 0 interrupted iterations
normal_day   [  46% ] 200/200 VUs  04m38.8s/10m00.0s

running (04m39.8s), 200/200 VUs, 1401 complete and 0 interrupted iterations
normal_day   [  47% ] 200/200 VUs  04m39.8s/10m00.0s

running (04m40.8s), 200/200 VUs, 1403 complete and 0 interrupted iterations
normal_day   [  47% ] 200/200 VUs  04m40.8s/10m00.0s

running (04m41.8s), 200/200 VUs, 1406 complete and 0 interrupted iterations
normal_day   [  47% ] 200/200 VUs  04m41.8s/10m00.0s

running (04m42.8s), 200/200 VUs, 1407 complete and 0 interrupted iterations
normal_day   [  47% ] 200/200 VUs  04m42.8s/10m00.0s

running (04m43.8s), 200/200 VUs, 1411 complete and 0 interrupted iterations
normal_day   [  47% ] 200/200 VUs  04m43.8s/10m00.0s

running (04m44.8s), 200/200 VUs, 1417 complete and 0 interrupted iterations
normal_day   [  47% ] 200/200 VUs  04m44.8s/10m00.0s

running (04m45.8s), 200/200 VUs, 1420 complete and 0 interrupted iterations
normal_day   [  48% ] 200/200 VUs  04m45.8s/10m00.0s

running (04m46.8s), 200/200 VUs, 1423 complete and 0 interrupted iterations
normal_day   [  48% ] 200/200 VUs  04m46.8s/10m00.0s

running (04m47.8s), 200/200 VUs, 1431 complete and 0 interrupted iterations
normal_day   [  48% ] 200/200 VUs  04m47.8s/10m00.0s

running (04m48.8s), 200/200 VUs, 1438 complete and 0 interrupted iterations
normal_day   [  48% ] 200/200 VUs  04m48.8s/10m00.0s

running (04m49.8s), 200/200 VUs, 1452 complete and 0 interrupted iterations
normal_day   [  48% ] 200/200 VUs  04m49.8s/10m00.0s

running (04m50.8s), 200/200 VUs, 1458 complete and 0 interrupted iterations
normal_day   [  48% ] 200/200 VUs  04m50.8s/10m00.0s

running (04m51.8s), 200/200 VUs, 1464 complete and 0 interrupted iterations
normal_day   [  49% ] 200/200 VUs  04m51.8s/10m00.0s

running (04m52.8s), 200/200 VUs, 1471 complete and 0 interrupted iterations
normal_day   [  49% ] 200/200 VUs  04m52.8s/10m00.0s

running (04m53.8s), 200/200 VUs, 1476 complete and 0 interrupted iterations
normal_day   [  49% ] 200/200 VUs  04m53.8s/10m00.0s

running (04m54.8s), 200/200 VUs, 1484 complete and 0 interrupted iterations
normal_day   [  49% ] 200/200 VUs  04m54.8s/10m00.0s

running (04m55.8s), 200/200 VUs, 1489 complete and 0 interrupted iterations
normal_day   [  49% ] 200/200 VUs  04m55.8s/10m00.0s

running (04m56.8s), 200/200 VUs, 1495 complete and 0 interrupted iterations
normal_day   [  49% ] 200/200 VUs  04m56.8s/10m00.0s

running (04m57.8s), 200/200 VUs, 1501 complete and 0 interrupted iterations
normal_day   [  50% ] 200/200 VUs  04m57.8s/10m00.0s

running (04m58.8s), 200/200 VUs, 1511 complete and 0 interrupted iterations
normal_day   [  50% ] 200/200 VUs  04m58.8s/10m00.0s

running (04m59.8s), 200/200 VUs, 1526 complete and 0 interrupted iterations
normal_day   [  50% ] 200/200 VUs  04m59.8s/10m00.0s

running (05m00.8s), 200/200 VUs, 1535 complete and 0 interrupted iterations
normal_day   [  50% ] 200/200 VUs  05m00.8s/10m00.0s

running (05m01.8s), 200/200 VUs, 1542 complete and 0 interrupted iterations
normal_day   [  50% ] 200/200 VUs  05m01.8s/10m00.0s

running (05m02.8s), 200/200 VUs, 1545 complete and 0 interrupted iterations
normal_day   [  50% ] 200/200 VUs  05m02.8s/10m00.0s

running (05m03.8s), 200/200 VUs, 1549 complete and 0 interrupted iterations
normal_day   [  51% ] 200/200 VUs  05m03.8s/10m00.0s

running (05m04.8s), 200/200 VUs, 1552 complete and 0 interrupted iterations
normal_day   [  51% ] 200/200 VUs  05m04.8s/10m00.0s

running (05m05.8s), 200/200 VUs, 1552 complete and 0 interrupted iterations
normal_day   [  51% ] 200/200 VUs  05m05.8s/10m00.0s

running (05m06.8s), 200/200 VUs, 1553 complete and 0 interrupted iterations
normal_day   [  51% ] 200/200 VUs  05m06.8s/10m00.0s

running (05m07.8s), 200/200 VUs, 1554 complete and 0 interrupted iterations
normal_day   [  51% ] 200/200 VUs  05m07.8s/10m00.0s

running (05m08.8s), 200/200 VUs, 1558 complete and 0 interrupted iterations
normal_day   [  51% ] 200/200 VUs  05m08.8s/10m00.0s

running (05m09.8s), 200/200 VUs, 1560 complete and 0 interrupted iterations
normal_day   [  52% ] 200/200 VUs  05m09.8s/10m00.0s

running (05m10.8s), 200/200 VUs, 1568 complete and 0 interrupted iterations
normal_day   [  52% ] 200/200 VUs  05m10.8s/10m00.0s

running (05m11.8s), 200/200 VUs, 1578 complete and 0 interrupted iterations
normal_day   [  52% ] 200/200 VUs  05m11.8s/10m00.0s

running (05m12.8s), 200/200 VUs, 1587 complete and 0 interrupted iterations
normal_day   [  52% ] 200/200 VUs  05m12.8s/10m00.0s

running (05m13.8s), 200/200 VUs, 1603 complete and 0 interrupted iterations
normal_day   [  52% ] 200/200 VUs  05m13.8s/10m00.0s

running (05m14.8s), 200/200 VUs, 1609 complete and 0 interrupted iterations
normal_day   [  52% ] 200/200 VUs  05m14.8s/10m00.0s

running (05m15.8s), 200/200 VUs, 1619 complete and 0 interrupted iterations
normal_day   [  53% ] 200/200 VUs  05m15.8s/10m00.0s

running (05m16.8s), 200/200 VUs, 1625 complete and 0 interrupted iterations
normal_day   [  53% ] 200/200 VUs  05m16.8s/10m00.0s

running (05m17.8s), 200/200 VUs, 1631 complete and 0 interrupted iterations
normal_day   [  53% ] 200/200 VUs  05m17.8s/10m00.0s

running (05m18.8s), 200/200 VUs, 1636 complete and 0 interrupted iterations
normal_day   [  53% ] 200/200 VUs  05m18.8s/10m00.0s

running (05m19.8s), 200/200 VUs, 1638 complete and 0 interrupted iterations
normal_day   [  53% ] 200/200 VUs  05m19.8s/10m00.0s

running (05m20.8s), 200/200 VUs, 1651 complete and 0 interrupted iterations
normal_day   [  53% ] 200/200 VUs  05m20.8s/10m00.0s

running (05m21.8s), 200/200 VUs, 1664 complete and 0 interrupted iterations
normal_day   [  54% ] 200/200 VUs  05m21.8s/10m00.0s

running (05m22.8s), 200/200 VUs, 1668 complete and 0 interrupted iterations
normal_day   [  54% ] 200/200 VUs  05m22.8s/10m00.0s

running (05m23.8s), 200/200 VUs, 1673 complete and 0 interrupted iterations
normal_day   [  54% ] 200/200 VUs  05m23.8s/10m00.0s

running (05m24.8s), 200/200 VUs, 1678 complete and 0 interrupted iterations
normal_day   [  54% ] 200/200 VUs  05m24.8s/10m00.0s

running (05m25.8s), 200/200 VUs, 1689 complete and 0 interrupted iterations
normal_day   [  54% ] 200/200 VUs  05m25.8s/10m00.0s

running (05m26.8s), 200/200 VUs, 1698 complete and 0 interrupted iterations
normal_day   [  54% ] 200/200 VUs  05m26.8s/10m00.0s

running (05m27.8s), 200/200 VUs, 1706 complete and 0 interrupted iterations
normal_day   [  55% ] 200/200 VUs  05m27.8s/10m00.0s

running (05m28.8s), 200/200 VUs, 1716 complete and 0 interrupted iterations
normal_day   [  55% ] 200/200 VUs  05m28.8s/10m00.0s

running (05m29.8s), 200/200 VUs, 1724 complete and 0 interrupted iterations
normal_day   [  55% ] 200/200 VUs  05m29.8s/10m00.0s

running (05m30.8s), 200/200 VUs, 1725 complete and 0 interrupted iterations
normal_day   [  55% ] 200/200 VUs  05m30.8s/10m00.0s

running (05m31.8s), 200/200 VUs, 1728 complete and 0 interrupted iterations
normal_day   [  55% ] 200/200 VUs  05m31.8s/10m00.0s

running (05m32.8s), 200/200 VUs, 1730 complete and 0 interrupted iterations
normal_day   [  55% ] 200/200 VUs  05m32.8s/10m00.0s

running (05m33.8s), 200/200 VUs, 1731 complete and 0 interrupted iterations
normal_day   [  56% ] 200/200 VUs  05m33.8s/10m00.0s

running (05m34.8s), 200/200 VUs, 1736 complete and 0 interrupted iterations
normal_day   [  56% ] 200/200 VUs  05m34.8s/10m00.0s

running (05m35.8s), 200/200 VUs, 1748 complete and 0 interrupted iterations
normal_day   [  56% ] 200/200 VUs  05m35.8s/10m00.0s

running (05m36.8s), 200/200 VUs, 1757 complete and 0 interrupted iterations
normal_day   [  56% ] 200/200 VUs  05m36.8s/10m00.0s

running (05m37.8s), 200/200 VUs, 1765 complete and 0 interrupted iterations
normal_day   [  56% ] 200/200 VUs  05m37.8s/10m00.0s

running (05m38.8s), 200/200 VUs, 1770 complete and 0 interrupted iterations
normal_day   [  56% ] 200/200 VUs  05m38.8s/10m00.0s

running (05m39.8s), 200/200 VUs, 1774 complete and 0 interrupted iterations
normal_day   [  57% ] 200/200 VUs  05m39.8s/10m00.0s

running (05m40.8s), 200/200 VUs, 1776 complete and 0 interrupted iterations
normal_day   [  57% ] 200/200 VUs  05m40.8s/10m00.0s

running (05m41.8s), 200/200 VUs, 1778 complete and 0 interrupted iterations
normal_day   [  57% ] 200/200 VUs  05m41.8s/10m00.0s

running (05m42.8s), 200/200 VUs, 1783 complete and 0 interrupted iterations
normal_day   [  57% ] 200/200 VUs  05m42.8s/10m00.0s

running (05m43.8s), 200/200 VUs, 1785 complete and 0 interrupted iterations
normal_day   [  57% ] 200/200 VUs  05m43.8s/10m00.0s

running (05m44.8s), 200/200 VUs, 1786 complete and 0 interrupted iterations
normal_day   [  57% ] 200/200 VUs  05m44.8s/10m00.0s

running (05m45.8s), 200/200 VUs, 1787 complete and 0 interrupted iterations
normal_day   [  58% ] 200/200 VUs  05m45.8s/10m00.0s

running (05m46.8s), 200/200 VUs, 1789 complete and 0 interrupted iterations
normal_day   [  58% ] 200/200 VUs  05m46.8s/10m00.0s

running (05m47.8s), 200/200 VUs, 1795 complete and 0 interrupted iterations
normal_day   [  58% ] 200/200 VUs  05m47.8s/10m00.0s

running (05m48.8s), 200/200 VUs, 1801 complete and 0 interrupted iterations
normal_day   [  58% ] 200/200 VUs  05m48.8s/10m00.0s

running (05m49.8s), 200/200 VUs, 1808 complete and 0 interrupted iterations
normal_day   [  58% ] 200/200 VUs  05m49.8s/10m00.0s

running (05m50.8s), 200/200 VUs, 1818 complete and 0 interrupted iterations
normal_day   [  58% ] 200/200 VUs  05m50.8s/10m00.0s

running (05m51.8s), 200/200 VUs, 1819 complete and 0 interrupted iterations
normal_day   [  59% ] 200/200 VUs  05m51.8s/10m00.0s

running (05m52.8s), 200/200 VUs, 1827 complete and 0 interrupted iterations
normal_day   [  59% ] 200/200 VUs  05m52.8s/10m00.0s

running (05m53.8s), 200/200 VUs, 1832 complete and 0 interrupted iterations
normal_day   [  59% ] 200/200 VUs  05m53.8s/10m00.0s

running (05m54.8s), 200/200 VUs, 1834 complete and 0 interrupted iterations
normal_day   [  59% ] 200/200 VUs  05m54.8s/10m00.0s

running (05m55.8s), 200/200 VUs, 1839 complete and 0 interrupted iterations
normal_day   [  59% ] 200/200 VUs  05m55.8s/10m00.0s

running (05m56.8s), 200/200 VUs, 1846 complete and 0 interrupted iterations
normal_day   [  59% ] 200/200 VUs  05m56.8s/10m00.0s

running (05m57.8s), 200/200 VUs, 1847 complete and 0 interrupted iterations
normal_day   [  60% ] 200/200 VUs  05m57.8s/10m00.0s

running (05m58.8s), 200/200 VUs, 1848 complete and 0 interrupted iterations
normal_day   [  60% ] 200/200 VUs  05m58.8s/10m00.0s

running (05m59.8s), 200/200 VUs, 1850 complete and 0 interrupted iterations
normal_day   [  60% ] 200/200 VUs  05m59.8s/10m00.0s

running (06m00.8s), 200/200 VUs, 1855 complete and 0 interrupted iterations
normal_day   [  60% ] 200/200 VUs  06m00.8s/10m00.0s

running (06m01.8s), 200/200 VUs, 1861 complete and 0 interrupted iterations
normal_day   [  60% ] 200/200 VUs  06m01.8s/10m00.0s

running (06m02.8s), 200/200 VUs, 1866 complete and 0 interrupted iterations
normal_day   [  60% ] 200/200 VUs  06m02.8s/10m00.0s

running (06m03.8s), 200/200 VUs, 1883 complete and 0 interrupted iterations
normal_day   [  61% ] 200/200 VUs  06m03.8s/10m00.0s

running (06m04.8s), 200/200 VUs, 1892 complete and 0 interrupted iterations
normal_day   [  61% ] 200/200 VUs  06m04.8s/10m00.0s

running (06m05.8s), 200/200 VUs, 1897 complete and 0 interrupted iterations
normal_day   [  61% ] 200/200 VUs  06m05.8s/10m00.0s

running (06m06.8s), 200/200 VUs, 1898 complete and 0 interrupted iterations
normal_day   [  61% ] 200/200 VUs  06m06.8s/10m00.0s

running (06m07.8s), 200/200 VUs, 1900 complete and 0 interrupted iterations
normal_day   [  61% ] 200/200 VUs  06m07.8s/10m00.0s

running (06m08.8s), 200/200 VUs, 1908 complete and 0 interrupted iterations
normal_day   [  61% ] 200/200 VUs  06m08.8s/10m00.0s

running (06m09.8s), 200/200 VUs, 1913 complete and 0 interrupted iterations
normal_day   [  62% ] 200/200 VUs  06m09.8s/10m00.0s
