══════════════════════════════════════════════════════════════════════════
  반복 정밀도 측정 — scenarios/normal-day.js
  반복 3회 · 도착률 4/s (open model) · 기본 · 데이터셋 medium
  환경 perf · 리셋 restart · 스크레이프 대기 20s
══════════════════════════════════════════════════════════════════════════

──────── [1/3] 리셋 (restart) ────────

▶ k6 run scenarios/normal-day.js
  브랜치 personal/localdocs · 커밋 3e96d9463207 · 실행자 user@DESKTOP-DJJPASG
  환경 perf · "KI-27 Before-A (open model RATE=4) — repeatability 1/3"
  데이터셋 medium · 상태 sha256:1346c5a54784 (178ms)
  캐시 cold (키 0개)
  guard strict — 상태 불일치 시 스냅샷 복원 후 재확인 [perf.config.json]
    guard=strict — 스냅샷으로 복원합니다.
▶ 복원 — medium-20260816-062210 → perf-mysql-data-medium
  앱·MySQL 정지
  MySQL 기동
  Redis FLUSHALL (복원 후 캐시는 cold 다)
  앱 기동
  복원 후 상태 지문 sha256:ffe696d17416 = 스냅샷 일치

✅ 복원 완료 · 소요 6.7초 (압축 해제 구간)

  부하 발생기: 컨테이너 perf-k6 (grafana/k6:2.1.0, CPU 상한 4)
  k6 지표 전송: http://prometheus:9090/api/v1/write (native histogram, 5s 간격)
  환경 대조 벤치 실행 중(3축 3회, 약 40초)... single 4962ms · parallel 6189ms · ctxswitch 2132ms
  부하 중 벤치 예약: k6 시작 +60초 (warmup 구간, 3회)

         /\      Grafana   /‾‾/  
    /\  /  \     |\  __   /  /   
   /  \/    \    | |/ /  /   ‾‾\ 
  /          \   |   (  |  (‾)  |
 / __________ \  |_|\_\  \_____/ 


     execution: local
        script: scenarios/normal-day.js
        output: Prometheus remote write (http://prometheus:9090/api/v1/write)

     scenarios: (100.00%) 1 scenario, 600 max VUs, 10m30s max duration (incl. graceful stop):
              * normal_day: Up to 4.00 iterations/s for 10m0s over 3 stages (maxVUs: 100-600, gracefulStop: 30s)


running (00m00.9s), 000/100 VUs, 0 complete and 0 interrupted iterations
normal_day   [   0% ] 000/100 VUs  00m00.9s/10m0s  0.11 iters/s

running (00m01.9s), 000/100 VUs, 0 complete and 0 interrupted iterations
normal_day   [   0% ] 000/100 VUs  00m01.9s/10m0s  0.11 iters/s

running (00m02.9s), 000/100 VUs, 0 complete and 0 interrupted iterations
normal_day   [   0% ] 000/100 VUs  00m02.9s/10m0s  0.11 iters/s

running (00m03.9s), 000/100 VUs, 0 complete and 0 interrupted iterations
normal_day   [   1% ] 000/100 VUs  00m03.9s/10m0s  0.11 iters/s

running (00m04.9s), 000/100 VUs, 0 complete and 0 interrupted iterations
normal_day   [   1% ] 000/100 VUs  00m04.9s/10m0s  0.11 iters/s

running (00m05.9s), 000/100 VUs, 0 complete and 0 interrupted iterations
normal_day   [   1% ] 000/100 VUs  00m05.9s/10m0s  0.11 iters/s

running (00m06.9s), 000/100 VUs, 0 complete and 0 interrupted iterations
normal_day   [   1% ] 000/100 VUs  00m06.9s/10m0s  0.11 iters/s

running (00m07.9s), 000/100 VUs, 0 complete and 0 interrupted iterations
normal_day   [   1% ] 000/100 VUs  00m07.9s/10m0s  0.11 iters/s

running (00m08.9s), 000/100 VUs, 0 complete and 0 interrupted iterations
normal_day   [   1% ] 000/100 VUs  00m08.9s/10m0s  0.11 iters/s

running (00m09.9s), 001/100 VUs, 0 complete and 0 interrupted iterations
normal_day   [   2% ] 001/100 VUs  00m09.9s/10m0s  0.25 iters/s

running (00m10.9s), 001/100 VUs, 0 complete and 0 interrupted iterations
normal_day   [   2% ] 001/100 VUs  00m10.9s/10m0s  0.25 iters/s

running (00m11.9s), 001/100 VUs, 0 complete and 0 interrupted iterations
normal_day   [   2% ] 001/100 VUs  00m11.9s/10m0s  0.25 iters/s

running (00m12.9s), 001/100 VUs, 0 complete and 0 interrupted iterations
normal_day   [   2% ] 001/100 VUs  00m12.9s/10m0s  0.25 iters/s

running (00m13.9s), 002/100 VUs, 0 complete and 0 interrupted iterations
normal_day   [   2% ] 002/100 VUs  00m13.9s/10m0s  0.33 iters/s

running (00m14.9s), 002/100 VUs, 0 complete and 0 interrupted iterations
normal_day   [   2% ] 002/100 VUs  00m14.9s/10m0s  0.33 iters/s

running (00m15.9s), 002/100 VUs, 0 complete and 0 interrupted iterations
normal_day   [   3% ] 002/100 VUs  00m15.9s/10m0s  0.33 iters/s

running (00m16.9s), 003/100 VUs, 0 complete and 0 interrupted iterations
normal_day   [   3% ] 003/100 VUs  00m16.9s/10m0s  0.39 iters/s

running (00m17.9s), 003/100 VUs, 0 complete and 0 interrupted iterations
normal_day   [   3% ] 003/100 VUs  00m17.9s/10m0s  0.39 iters/s

running (00m18.9s), 003/100 VUs, 0 complete and 0 interrupted iterations
normal_day   [   3% ] 003/100 VUs  00m18.9s/10m0s  0.39 iters/s

running (00m19.9s), 004/100 VUs, 0 complete and 0 interrupted iterations
normal_day   [   3% ] 004/100 VUs  00m19.9s/10m0s  0.45 iters/s

running (00m20.9s), 004/100 VUs, 0 complete and 0 interrupted iterations
normal_day   [   3% ] 004/100 VUs  00m20.9s/10m0s  0.45 iters/s

running (00m21.9s), 005/100 VUs, 0 complete and 0 interrupted iterations
normal_day   [   4% ] 005/100 VUs  00m21.9s/10m0s  0.49 iters/s

running (00m22.9s), 005/100 VUs, 0 complete and 0 interrupted iterations
normal_day   [   4% ] 005/100 VUs  00m22.9s/10m0s  0.49 iters/s

running (00m23.9s), 004/100 VUs, 2 complete and 0 interrupted iterations
normal_day   [   4% ] 004/100 VUs  00m23.9s/10m0s  0.54 iters/s

running (00m24.9s), 004/100 VUs, 2 complete and 0 interrupted iterations
normal_day   [   4% ] 004/100 VUs  00m24.9s/10m0s  0.54 iters/s

running (00m25.9s), 005/100 VUs, 2 complete and 0 interrupted iterations
normal_day   [   4% ] 005/100 VUs  00m25.9s/10m0s  0.58 iters/s

running (00m26.9s), 005/100 VUs, 3 complete and 0 interrupted iterations
normal_day   [   4% ] 005/100 VUs  00m26.9s/10m0s  0.61 iters/s

running (00m27.9s), 004/100 VUs, 4 complete and 0 interrupted iterations
normal_day   [   5% ] 004/100 VUs  00m27.9s/10m0s  0.61 iters/s

running (00m28.9s), 005/100 VUs, 4 complete and 0 interrupted iterations
normal_day   [   5% ] 005/100 VUs  00m28.9s/10m0s  0.65 iters/s

running (00m29.9s), 005/100 VUs, 4 complete and 0 interrupted iterations
normal_day   [   5% ] 005/100 VUs  00m29.9s/10m0s  0.65 iters/s

running (00m30.9s), 006/100 VUs, 4 complete and 0 interrupted iterations
normal_day   [   5% ] 006/100 VUs  00m30.9s/10m0s  0.68 iters/s

running (00m31.9s), 006/100 VUs, 5 complete and 0 interrupted iterations
normal_day   [   5% ] 006/100 VUs  00m31.9s/10m0s  0.71 iters/s

running (00m32.9s), 006/100 VUs, 6 complete and 0 interrupted iterations
normal_day   [   5% ] 006/100 VUs  00m32.9s/10m0s  0.75 iters/s

running (00m33.9s), 005/100 VUs, 7 complete and 0 interrupted iterations
normal_day   [   6% ] 005/100 VUs  00m33.9s/10m0s  0.75 iters/s

running (00m34.9s), 006/100 VUs, 7 complete and 0 interrupted iterations
normal_day   [   6% ] 006/100 VUs  00m34.9s/10m0s  0.77 iters/s

running (00m35.9s), 007/100 VUs, 7 complete and 0 interrupted iterations
normal_day   [   6% ] 007/100 VUs  00m35.9s/10m0s  0.80 iters/s

running (00m36.9s), 006/100 VUs, 9 complete and 0 interrupted iterations
normal_day   [   6% ] 006/100 VUs  00m36.9s/10m0s  0.83 iters/s

running (00m37.9s), 006/100 VUs, 9 complete and 0 interrupted iterations
normal_day   [   6% ] 006/100 VUs  00m37.9s/10m0s  0.83 iters/s

running (00m38.9s), 007/100 VUs, 9 complete and 0 interrupted iterations
normal_day   [   6% ] 007/100 VUs  00m38.9s/10m0s  0.86 iters/s

running (00m39.9s), 007/100 VUs, 10 complete and 0 interrupted iterations
normal_day   [   7% ] 007/100 VUs  00m39.9s/10m0s  0.88 iters/s

running (00m40.9s), 008/100 VUs, 10 complete and 0 interrupted iterations
normal_day   [   7% ] 008/100 VUs  00m40.9s/10m0s  0.91 iters/s

running (00m41.9s), 009/100 VUs, 10 complete and 0 interrupted iterations
normal_day   [   7% ] 009/100 VUs  00m41.9s/10m0s  0.93 iters/s

running (00m42.9s), 009/100 VUs, 11 complete and 0 interrupted iterations
normal_day   [   7% ] 009/100 VUs  00m42.9s/10m0s  0.95 iters/s

running (00m43.9s), 008/100 VUs, 13 complete and 0 interrupted iterations
normal_day   [   7% ] 008/100 VUs  00m43.9s/10m0s  0.98 iters/s

running (00m44.9s), 008/100 VUs, 14 complete and 0 interrupted iterations
normal_day   [   7% ] 008/100 VUs  00m44.9s/10m0s  1.00 iters/s

running (00m45.9s), 007/100 VUs, 16 complete and 0 interrupted iterations
normal_day   [   8% ] 007/100 VUs  00m45.9s/10m0s  1.02 iters/s

running (00m46.9s), 004/100 VUs, 20 complete and 0 interrupted iterations
normal_day   [   8% ] 004/100 VUs  00m46.9s/10m0s  1.04 iters/s

running (00m47.9s), 005/100 VUs, 20 complete and 0 interrupted iterations
normal_day   [   8% ] 005/100 VUs  00m47.9s/10m0s  1.06 iters/s

running (00m48.9s), 006/100 VUs, 20 complete and 0 interrupted iterations
normal_day   [   8% ] 006/100 VUs  00m48.9s/10m0s  1.09 iters/s

running (00m49.9s), 006/100 VUs, 21 complete and 0 interrupted iterations
normal_day   [   8% ] 006/100 VUs  00m49.9s/10m0s  1.11 iters/s

running (00m50.9s), 007/100 VUs, 21 complete and 0 interrupted iterations
normal_day   [   8% ] 007/100 VUs  00m50.9s/10m0s  1.13 iters/s

running (00m51.9s), 008/100 VUs, 21 complete and 0 interrupted iterations
normal_day   [   9% ] 008/100 VUs  00m51.9s/10m0s  1.14 iters/s

running (00m52.9s), 009/100 VUs, 22 complete and 0 interrupted iterations
normal_day   [   9% ] 009/100 VUs  00m52.9s/10m0s  1.18 iters/s

running (00m53.9s), 010/100 VUs, 22 complete and 0 interrupted iterations
normal_day   [   9% ] 010/100 VUs  00m53.9s/10m0s  1.20 iters/s

running (00m54.9s), 011/100 VUs, 22 complete and 0 interrupted iterations
normal_day   [   9% ] 011/100 VUs  00m54.9s/10m0s  1.22 iters/s

running (00m55.9s), 010/100 VUs, 24 complete and 0 interrupted iterations
normal_day   [   9% ] 010/100 VUs  00m55.9s/10m0s  1.24 iters/s

running (00m56.9s), 009/100 VUs, 26 complete and 0 interrupted iterations
normal_day   [   9% ] 009/100 VUs  00m56.9s/10m0s  1.26 iters/s

running (00m57.9s), 011/100 VUs, 26 complete and 0 interrupted iterations
normal_day   [  10% ] 011/100 VUs  00m57.9s/10m0s  1.29 iters/s

running (00m58.9s), 011/100 VUs, 27 complete and 0 interrupted iterations
normal_day   [  10% ] 011/100 VUs  00m58.9s/10m0s  1.31 iters/s

running (00m59.9s), 012/100 VUs, 27 complete and 0 interrupted iterations
normal_day   [  10% ] 012/100 VUs  00m59.9s/10m0s  1.32 iters/s

running (01m00.9s), 012/100 VUs, 29 complete and 0 interrupted iterations
normal_day   [  10% ] 012/100 VUs  01m00.9s/10m0s  1.36 iters/s

running (01m01.9s), 011/100 VUs, 31 complete and 0 interrupted iterations
normal_day   [  10% ] 011/100 VUs  01m01.9s/10m0s  1.37 iters/s

running (01m02.9s), 010/100 VUs, 33 complete and 0 interrupted iterations
normal_day   [  10% ] 010/100 VUs  01m02.9s/10m0s  1.39 iters/s

running (01m03.9s), 011/100 VUs, 34 complete and 0 interrupted iterations
normal_day   [  11% ] 011/100 VUs  01m03.9s/10m0s  1.42 iters/s

running (01m04.9s), 011/100 VUs, 35 complete and 0 interrupted iterations
normal_day   [  11% ] 011/100 VUs  01m04.9s/10m0s  1.44 iters/s

running (01m05.9s), 012/100 VUs, 36 complete and 0 interrupted iterations
normal_day   [  11% ] 012/100 VUs  01m05.9s/10m0s  1.47 iters/s

running (01m06.9s), 012/100 VUs, 37 complete and 0 interrupted iterations
normal_day   [  11% ] 012/100 VUs  01m06.9s/10m0s  1.48 iters/s

running (01m07.9s), 014/100 VUs, 37 complete and 0 interrupted iterations
normal_day   [  11% ] 014/100 VUs  01m07.9s/10m0s  1.51 iters/s

running (01m08.9s), 015/100 VUs, 37 complete and 0 interrupted iterations
normal_day   [  11% ] 015/100 VUs  01m08.9s/10m0s  1.53 iters/s

running (01m09.9s), 017/100 VUs, 37 complete and 0 interrupted iterations
normal_day   [  12% ] 017/100 VUs  01m09.9s/10m0s  1.56 iters/s

running (01m10.9s), 016/100 VUs, 39 complete and 0 interrupted iterations
normal_day   [  12% ] 016/100 VUs  01m10.9s/10m0s  1.57 iters/s

running (01m11.9s), 016/100 VUs, 41 complete and 0 interrupted iterations
normal_day   [  12% ] 016/100 VUs  01m11.9s/10m0s  1.60 iters/s

running (01m12.9s), 017/100 VUs, 42 complete and 0 interrupted iterations
normal_day   [  12% ] 017/100 VUs  01m12.9s/10m0s  1.63 iters/s

running (01m13.9s), 016/100 VUs, 44 complete and 0 interrupted iterations
normal_day   [  12% ] 016/100 VUs  01m13.9s/10m0s  1.64 iters/s

running (01m14.9s), 013/100 VUs, 49 complete and 0 interrupted iterations
normal_day   [  12% ] 013/100 VUs  01m14.9s/10m0s  1.67 iters/s

running (01m15.9s), 013/100 VUs, 51 complete and 0 interrupted iterations
normal_day   [  13% ] 013/100 VUs  01m15.9s/10m0s  1.69 iters/s

running (01m16.9s), 013/100 VUs, 52 complete and 0 interrupted iterations
normal_day   [  13% ] 013/100 VUs  01m16.9s/10m0s  1.71 iters/s

running (01m17.9s), 013/100 VUs, 54 complete and 0 interrupted iterations
normal_day   [  13% ] 013/100 VUs  01m17.9s/10m0s  1.73 iters/s

running (01m18.9s), 014/100 VUs, 55 complete and 0 interrupted iterations
normal_day   [  13% ] 014/100 VUs  01m18.9s/10m0s  1.76 iters/s

running (01m19.9s), 012/100 VUs, 58 complete and 0 interrupted iterations
normal_day   [  13% ] 012/100 VUs  01m19.9s/10m0s  1.77 iters/s

running (01m20.9s), 012/100 VUs, 60 complete and 0 interrupted iterations
normal_day   [  13% ] 012/100 VUs  01m20.9s/10m0s  1.80 iters/s

running (01m21.9s), 013/100 VUs, 61 complete and 0 interrupted iterations
normal_day   [  14% ] 013/100 VUs  01m21.9s/10m0s  1.82 iters/s

running (01m22.9s), 013/100 VUs, 63 complete and 0 interrupted iterations
normal_day   [  14% ] 013/100 VUs  01m22.9s/10m0s  1.84 iters/s

running (01m23.9s), 014/100 VUs, 64 complete and 0 interrupted iterations
normal_day   [  14% ] 014/100 VUs  01m23.9s/10m0s  1.87 iters/s

running (01m24.9s), 014/100 VUs, 66 complete and 0 interrupted iterations
normal_day   [  14% ] 014/100 VUs  01m24.9s/10m0s  1.89 iters/s

running (01m25.9s), 013/100 VUs, 68 complete and 0 interrupted iterations
normal_day   [  14% ] 013/100 VUs  01m25.9s/10m0s  1.90 iters/s

running (01m26.9s), 014/100 VUs, 69 complete and 0 interrupted iterations
normal_day   [  14% ] 014/100 VUs  01m26.9s/10m0s  1.93 iters/s

running (01m27.9s), 016/100 VUs, 69 complete and 0 interrupted iterations
normal_day   [  15% ] 016/100 VUs  01m27.9s/10m0s  1.95 iters/s

running (01m28.9s), 018/100 VUs, 69 complete and 0 interrupted iterations
normal_day   [  15% ] 018/100 VUs  01m28.9s/10m0s  1.97 iters/s

running (01m29.9s), 017/100 VUs, 72 complete and 0 interrupted iterations
normal_day   [  15% ] 017/100 VUs  01m29.9s/10m0s  1.99 iters/s

running (01m30.9s), 019/100 VUs, 72 complete and 0 interrupted iterations
normal_day   [  15% ] 019/100 VUs  01m30.9s/10m0s  2.02 iters/s

running (01m31.9s), 021/100 VUs, 72 complete and 0 interrupted iterations
normal_day   [  15% ] 021/100 VUs  01m31.9s/10m0s  2.04 iters/s

running (01m32.9s), 021/100 VUs, 74 complete and 0 interrupted iterations
normal_day   [  15% ] 021/100 VUs  01m32.9s/10m0s  2.06 iters/s

running (01m33.9s), 022/100 VUs, 75 complete and 0 interrupted iterations
normal_day   [  16% ] 022/100 VUs  01m33.9s/10m0s  2.08 iters/s

running (01m34.9s), 023/100 VUs, 77 complete and 0 interrupted iterations
normal_day   [  16% ] 023/100 VUs  01m34.9s/10m0s  2.11 iters/s

running (01m35.9s), 022/100 VUs, 80 complete and 0 interrupted iterations
normal_day   [  16% ] 022/100 VUs  01m35.9s/10m0s  2.13 iters/s

running (01m36.9s), 020/100 VUs, 84 complete and 0 interrupted iterations
normal_day   [  16% ] 020/100 VUs  01m36.9s/10m0s  2.16 iters/s

running (01m37.9s), 018/100 VUs, 88 complete and 0 interrupted iterations
normal_day   [  16% ] 018/100 VUs  01m37.9s/10m0s  2.18 iters/s

running (01m38.9s), 018/100 VUs, 90 complete and 0 interrupted iterations
normal_day   [  16% ] 018/100 VUs  01m38.9s/10m0s  2.20 iters/s

running (01m39.9s), 017/100 VUs, 93 complete and 0 interrupted iterations
normal_day   [  17% ] 017/100 VUs  01m39.9s/10m0s  2.22 iters/s

running (01m40.9s), 019/100 VUs, 94 complete and 0 interrupted iterations
normal_day   [  17% ] 019/100 VUs  01m40.9s/10m0s  2.25 iters/s

running (01m41.9s), 018/100 VUs, 97 complete and 0 interrupted iterations
normal_day   [  17% ] 018/100 VUs  01m41.9s/10m0s  2.27 iters/s

running (01m42.9s), 016/100 VUs, 101 complete and 0 interrupted iterations
normal_day   [  17% ] 016/100 VUs  01m42.9s/10m0s  2.29 iters/s

running (01m43.9s), 017/100 VUs, 102 complete and 0 interrupted iterations
normal_day   [  17% ] 017/100 VUs  01m43.9s/10m0s  2.30 iters/s

running (01m44.9s), 018/100 VUs, 104 complete and 0 interrupted iterations
normal_day   [  17% ] 018/100 VUs  01m44.9s/10m0s  2.33 iters/s

running (01m45.9s), 016/100 VUs, 108 complete and 0 interrupted iterations
normal_day   [  18% ] 016/100 VUs  01m45.9s/10m0s  2.35 iters/s

running (01m46.9s), 017/100 VUs, 109 complete and 0 interrupted iterations
normal_day   [  18% ] 017/100 VUs  01m46.9s/10m0s  2.37 iters/s

running (01m47.9s), 019/100 VUs, 110 complete and 0 interrupted iterations
normal_day   [  18% ] 019/100 VUs  01m47.9s/10m0s  2.40 iters/s

running (01m48.9s), 020/100 VUs, 111 complete and 0 interrupted iterations
normal_day   [  18% ] 020/100 VUs  01m48.9s/10m0s  2.42 iters/s

running (01m49.9s), 019/100 VUs, 115 complete and 0 interrupted iterations
normal_day   [  18% ] 019/100 VUs  01m49.9s/10m0s  2.44 iters/s

running (01m50.9s), 019/100 VUs, 117 complete and 0 interrupted iterations
normal_day   [  18% ] 019/100 VUs  01m50.9s/10m0s  2.46 iters/s

running (01m51.9s), 021/100 VUs, 118 complete and 0 interrupted iterations
normal_day   [  19% ] 021/100 VUs  01m51.9s/10m0s  2.49 iters/s

running (01m52.9s), 021/100 VUs, 120 complete and 0 interrupted iterations
normal_day   [  19% ] 021/100 VUs  01m52.9s/10m0s  2.51 iters/s

running (01m53.9s), 022/100 VUs, 122 complete and 0 interrupted iterations
normal_day   [  19% ] 022/100 VUs  01m53.9s/10m0s  2.53 iters/s

running (01m54.9s), 023/100 VUs, 123 complete and 0 interrupted iterations
normal_day   [  19% ] 023/100 VUs  01m54.9s/10m0s  2.55 iters/s

running (01m55.9s), 024/100 VUs, 125 complete and 0 interrupted iterations
normal_day   [  19% ] 024/100 VUs  01m55.9s/10m0s  2.58 iters/s

running (01m56.9s), 023/100 VUs, 128 complete and 0 interrupted iterations
normal_day   [  19% ] 023/100 VUs  01m56.9s/10m0s  2.59 iters/s

running (01m57.9s), 025/100 VUs, 129 complete and 0 interrupted iterations
normal_day   [  20% ] 025/100 VUs  01m57.9s/10m0s  2.62 iters/s

running (01m58.9s), 027/100 VUs, 130 complete and 0 interrupted iterations
normal_day   [  20% ] 027/100 VUs  01m58.9s/10m0s  2.65 iters/s

running (01m59.9s), 024/100 VUs, 135 complete and 0 interrupted iterations
normal_day   [  20% ] 024/100 VUs  01m59.9s/10m0s  2.66 iters/s

running (02m00.9s), 026/100 VUs, 136 complete and 0 interrupted iterations
normal_day   [  20% ] 026/100 VUs  02m00.9s/10m0s  2.69 iters/s

running (02m01.9s), 026/100 VUs, 139 complete and 0 interrupted iterations
normal_day   [  20% ] 026/100 VUs  02m01.9s/10m0s  2.71 iters/s

running (02m02.9s), 026/100 VUs, 141 complete and 0 interrupted iterations
normal_day   [  20% ] 026/100 VUs  02m02.9s/10m0s  2.73 iters/s

running (02m03.9s), 028/100 VUs, 142 complete and 0 interrupted iterations
normal_day   [  21% ] 028/100 VUs  02m03.9s/10m0s  2.75 iters/s

running (02m04.9s), 027/100 VUs, 146 complete and 0 interrupted iterations
normal_day   [  21% ] 027/100 VUs  02m04.9s/10m0s  2.78 iters/s

running (02m05.9s), 030/100 VUs, 146 complete and 0 interrupted iterations
normal_day   [  21% ] 030/100 VUs  02m05.9s/10m0s  2.80 iters/s

running (02m06.9s), 029/100 VUs, 149 complete and 0 interrupted iterations
normal_day   [  21% ] 029/100 VUs  02m06.9s/10m0s  2.82 iters/s

running (02m07.9s), 025/100 VUs, 156 complete and 0 interrupted iterations
normal_day   [  21% ] 025/100 VUs  02m07.9s/10m0s  2.84 iters/s

running (02m08.9s), 025/100 VUs, 159 complete and 0 interrupted iterations
normal_day   [  21% ] 025/100 VUs  02m08.9s/10m0s  2.86 iters/s

running (02m09.9s), 026/100 VUs, 161 complete and 0 interrupted iterations
normal_day   [  22% ] 026/100 VUs  02m09.9s/10m0s  2.89 iters/s

running (02m10.9s), 028/100 VUs, 162 complete and 0 interrupted iterations
normal_day   [  22% ] 028/100 VUs  02m10.9s/10m0s  2.91 iters/s

running (02m11.9s), 026/100 VUs, 167 complete and 0 interrupted iterations
normal_day   [  22% ] 026/100 VUs  02m11.9s/10m0s  2.93 iters/s

running (02m12.9s), 027/100 VUs, 169 complete and 0 interrupted iterations
normal_day   [  22% ] 027/100 VUs  02m12.9s/10m0s  2.96 iters/s

running (02m13.9s), 029/100 VUs, 170 complete and 0 interrupted iterations
normal_day   [  22% ] 029/100 VUs  02m13.9s/10m0s  2.98 iters/s

running (02m14.9s), 027/100 VUs, 175 complete and 0 interrupted iterations
normal_day   [  22% ] 027/100 VUs  02m14.9s/10m0s  3.00 iters/s

running (02m15.9s), 030/100 VUs, 175 complete and 0 interrupted iterations
normal_day   [  23% ] 030/100 VUs  02m15.9s/10m0s  3.02 iters/s

running (02m16.9s), 031/100 VUs, 177 complete and 0 interrupted iterations
normal_day   [  23% ] 031/100 VUs  02m16.9s/10m0s  3.04 iters/s

running (02m17.9s), 030/100 VUs, 181 complete and 0 interrupted iterations
normal_day   [  23% ] 030/100 VUs  02m17.9s/10m0s  3.07 iters/s

running (02m18.9s), 030/100 VUs, 184 complete and 0 interrupted iterations
normal_day   [  23% ] 030/100 VUs  02m18.9s/10m0s  3.09 iters/s

running (02m19.9s), 028/100 VUs, 189 complete and 0 interrupted iterations
normal_day   [  23% ] 028/100 VUs  02m19.9s/10m0s  3.11 iters/s

running (02m20.9s), 027/100 VUs, 193 complete and 0 interrupted iterations
normal_day   [  23% ] 027/100 VUs  02m20.9s/10m0s  3.13 iters/s

running (02m21.9s), 027/100 VUs, 196 complete and 0 interrupted iterations
normal_day   [  24% ] 027/100 VUs  02m21.9s/10m0s  3.15 iters/s

running (02m22.9s), 026/100 VUs, 200 complete and 0 interrupted iterations
normal_day   [  24% ] 026/100 VUs  02m22.9s/10m0s  3.17 iters/s

running (02m23.9s), 030/100 VUs, 200 complete and 0 interrupted iterations
normal_day   [  24% ] 030/100 VUs  02m23.9s/10m0s  3.20 iters/s

running (02m24.9s), 028/100 VUs, 205 complete and 0 interrupted iterations
normal_day   [  24% ] 028/100 VUs  02m24.9s/10m0s  3.22 iters/s

running (02m25.9s), 028/100 VUs, 208 complete and 0 interrupted iterations
normal_day   [  24% ] 028/100 VUs  02m25.9s/10m0s  3.24 iters/s

running (02m26.9s), 027/100 VUs, 212 complete and 0 interrupted iterations
normal_day   [  24% ] 027/100 VUs  02m26.9s/10m0s  3.26 iters/s

running (02m27.9s), 027/100 VUs, 216 complete and 0 interrupted iterations
normal_day   [  25% ] 027/100 VUs  02m27.9s/10m0s  3.29 iters/s

running (02m28.9s), 027/100 VUs, 219 complete and 0 interrupted iterations
normal_day   [  25% ] 027/100 VUs  02m28.9s/10m0s  3.31 iters/s

running (02m29.9s), 026/100 VUs, 223 complete and 0 interrupted iterations
normal_day   [  25% ] 026/100 VUs  02m29.9s/10m0s  3.33 iters/s

running (02m30.9s), 028/100 VUs, 225 complete and 0 interrupted iterations
normal_day   [  25% ] 028/100 VUs  02m30.9s/10m0s  3.36 iters/s

running (02m31.9s), 029/100 VUs, 227 complete and 0 interrupted iterations
normal_day   [  25% ] 029/100 VUs  02m31.9s/10m0s  3.38 iters/s

running (02m32.9s), 030/100 VUs, 229 complete and 0 interrupted iterations
normal_day   [  25% ] 030/100 VUs  02m32.9s/10m0s  3.40 iters/s

running (02m33.9s), 030/100 VUs, 233 complete and 0 interrupted iterations
normal_day   [  26% ] 030/100 VUs  02m33.9s/10m0s  3.42 iters/s

running (02m34.9s), 032/100 VUs, 234 complete and 0 interrupted iterations
normal_day   [  26% ] 032/100 VUs  02m34.9s/10m0s  3.44 iters/s

running (02m35.9s), 031/100 VUs, 239 complete and 0 interrupted iterations
normal_day   [  26% ] 031/100 VUs  02m35.9s/10m0s  3.47 iters/s

running (02m36.9s), 030/100 VUs, 243 complete and 0 interrupted iterations
normal_day   [  26% ] 030/100 VUs  02m36.9s/10m0s  3.49 iters/s

running (02m37.9s), 033/100 VUs, 244 complete and 0 interrupted iterations
normal_day   [  26% ] 033/100 VUs  02m37.9s/10m0s  3.51 iters/s

running (02m38.9s), 034/100 VUs, 246 complete and 0 interrupted iterations
normal_day   [  26% ] 034/100 VUs  02m38.9s/10m0s  3.53 iters/s

running (02m39.9s), 035/100 VUs, 249 complete and 0 interrupted iterations
normal_day   [  27% ] 035/100 VUs  02m39.9s/10m0s  3.56 iters/s

running (02m40.9s), 035/100 VUs, 252 complete and 0 interrupted iterations
normal_day   [  27% ] 035/100 VUs  02m40.9s/10m0s  3.57 iters/s

running (02m41.9s), 038/100 VUs, 253 complete and 0 interrupted iterations
normal_day   [  27% ] 038/100 VUs  02m41.9s/10m0s  3.60 iters/s

running (02m42.9s), 035/100 VUs, 259 complete and 0 interrupted iterations
normal_day   [  27% ] 035/100 VUs  02m42.9s/10m0s  3.62 iters/s

running (02m43.9s), 038/100 VUs, 260 complete and 0 interrupted iterations
normal_day   [  27% ] 038/100 VUs  02m43.9s/10m0s  3.64 iters/s

running (02m44.9s), 040/100 VUs, 262 complete and 0 interrupted iterations
normal_day   [  27% ] 040/100 VUs  02m44.9s/10m0s  3.67 iters/s

running (02m45.9s), 042/100 VUs, 263 complete and 0 interrupted iterations
normal_day   [  28% ] 042/100 VUs  02m45.9s/10m0s  3.68 iters/s

running (02m46.9s), 042/100 VUs, 267 complete and 0 interrupted iterations
normal_day   [  28% ] 042/100 VUs  02m46.9s/10m0s  3.71 iters/s

running (02m47.9s), 044/100 VUs, 269 complete and 0 interrupted iterations
normal_day   [  28% ] 044/100 VUs  02m47.9s/10m0s  3.73 iters/s

running (02m48.9s), 043/100 VUs, 273 complete and 0 interrupted iterations
normal_day   [  28% ] 043/100 VUs  02m48.9s/10m0s  3.75 iters/s

running (02m49.9s), 043/100 VUs, 277 complete and 0 interrupted iterations
normal_day   [  28% ] 043/100 VUs  02m49.9s/10m0s  3.77 iters/s

running (02m50.9s), 044/100 VUs, 280 complete and 0 interrupted iterations
normal_day   [  28% ] 044/100 VUs  02m50.9s/10m0s  3.80 iters/s

running (02m51.9s), 042/100 VUs, 286 complete and 0 interrupted iterations
normal_day   [  29% ] 042/100 VUs  02m51.9s/10m0s  3.82 iters/s

running (02m52.9s), 043/100 VUs, 289 complete and 0 interrupted iterations
normal_day   [  29% ] 043/100 VUs  02m52.9s/10m0s  3.84 iters/s

running (02m53.9s), 041/100 VUs, 295 complete and 0 interrupted iterations
normal_day   [  29% ] 041/100 VUs  02m53.9s/10m0s  3.87 iters/s

running (02m54.9s), 040/100 VUs, 299 complete and 0 interrupted iterations
normal_day   [  29% ] 040/100 VUs  02m54.9s/10m0s  3.88 iters/s

running (02m55.9s), 042/100 VUs, 301 complete and 0 interrupted iterations
normal_day   [  29% ] 042/100 VUs  02m55.9s/10m0s  3.91 iters/s

running (02m56.9s), 041/100 VUs, 306 complete and 0 interrupted iterations
normal_day   [  29% ] 041/100 VUs  02m56.9s/10m0s  3.93 iters/s

running (02m57.9s), 041/100 VUs, 310 complete and 0 interrupted iterations
normal_day   [  30% ] 041/100 VUs  02m57.9s/10m0s  3.95 iters/s

running (02m58.9s), 040/100 VUs, 315 complete and 0 interrupted iterations
normal_day   [  30% ] 040/100 VUs  02m58.9s/10m0s  3.97 iters/s

running (02m59.9s), 042/100 VUs, 317 complete and 0 interrupted iterations
normal_day   [  30% ] 042/100 VUs  02m59.9s/10m0s  4.00 iters/s

running (03m00.9s), 042/100 VUs, 321 complete and 0 interrupted iterations
normal_day   [  30% ] 042/100 VUs  03m00.9s/10m0s  4.00 iters/s

running (03m01.9s), 042/100 VUs, 325 complete and 0 interrupted iterations
normal_day   [  30% ] 042/100 VUs  03m01.9s/10m0s  4.00 iters/s

running (03m02.9s), 043/100 VUs, 328 complete and 0 interrupted iterations
normal_day   [  30% ] 043/100 VUs  03m02.9s/10m0s  4.00 iters/s

running (03m03.9s), 044/100 VUs, 331 complete and 0 interrupted iterations
normal_day   [  31% ] 044/100 VUs  03m03.9s/10m0s  4.00 iters/s

running (03m04.9s), 046/100 VUs, 333 complete and 0 interrupted iterations
normal_day   [  31% ] 046/100 VUs  03m04.9s/10m0s  4.00 iters/s

running (03m05.9s), 044/100 VUs, 339 complete and 0 interrupted iterations
normal_day   [  31% ] 044/100 VUs  03m05.9s/10m0s  4.00 iters/s

running (03m06.9s), 046/100 VUs, 341 complete and 0 interrupted iterations
normal_day   [  31% ] 046/100 VUs  03m06.9s/10m0s  4.00 iters/s

running (03m07.9s), 045/100 VUs, 346 complete and 0 interrupted iterations
normal_day   [  31% ] 045/100 VUs  03m07.9s/10m0s  4.00 iters/s

running (03m08.9s), 047/100 VUs, 348 complete and 0 interrupted iterations
normal_day   [  31% ] 047/100 VUs  03m08.9s/10m0s  4.00 iters/s

running (03m09.9s), 049/100 VUs, 350 complete and 0 interrupted iterations
normal_day   [  32% ] 049/100 VUs  03m09.9s/10m0s  4.00 iters/s

running (03m10.9s), 051/100 VUs, 352 complete and 0 interrupted iterations
normal_day   [  32% ] 051/100 VUs  03m10.9s/10m0s  4.00 iters/s

running (03m11.9s), 047/100 VUs, 360 complete and 0 interrupted iterations
normal_day   [  32% ] 047/100 VUs  03m11.9s/10m0s  4.00 iters/s

running (03m12.9s), 050/100 VUs, 361 complete and 0 interrupted iterations
normal_day   [  32% ] 050/100 VUs  03m12.9s/10m0s  4.00 iters/s

running (03m13.9s), 045/100 VUs, 370 complete and 0 interrupted iterations
normal_day   [  32% ] 045/100 VUs  03m13.9s/10m0s  4.00 iters/s

running (03m14.9s), 043/100 VUs, 376 complete and 0 interrupted iterations
normal_day   [  32% ] 043/100 VUs  03m14.9s/10m0s  4.00 iters/s

running (03m15.9s), 044/100 VUs, 379 complete and 0 interrupted iterations
normal_day   [  33% ] 044/100 VUs  03m15.9s/10m0s  4.00 iters/s

running (03m16.9s), 043/100 VUs, 384 complete and 0 interrupted iterations
normal_day   [  33% ] 043/100 VUs  03m16.9s/10m0s  4.00 iters/s

running (03m17.9s), 042/100 VUs, 389 complete and 0 interrupted iterations
normal_day   [  33% ] 042/100 VUs  03m17.9s/10m0s  4.00 iters/s

running (03m18.9s), 039/100 VUs, 396 complete and 0 interrupted iterations
normal_day   [  33% ] 039/100 VUs  03m18.9s/10m0s  4.00 iters/s

running (03m19.9s), 037/100 VUs, 402 complete and 0 interrupted iterations
normal_day   [  33% ] 037/100 VUs  03m19.9s/10m0s  4.00 iters/s

running (03m20.9s), 036/100 VUs, 407 complete and 0 interrupted iterations
normal_day   [  33% ] 036/100 VUs  03m20.9s/10m0s  4.00 iters/s

running (03m21.9s), 035/100 VUs, 412 complete and 0 interrupted iterations
normal_day   [  34% ] 035/100 VUs  03m21.9s/10m0s  4.00 iters/s

running (03m22.9s), 036/100 VUs, 415 complete and 0 interrupted iterations
normal_day   [  34% ] 036/100 VUs  03m22.9s/10m0s  4.00 iters/s

running (03m23.9s), 037/100 VUs, 418 complete and 0 interrupted iterations
normal_day   [  34% ] 037/100 VUs  03m23.9s/10m0s  4.00 iters/s

running (03m24.9s), 036/100 VUs, 423 complete and 0 interrupted iterations
normal_day   [  34% ] 036/100 VUs  03m24.9s/10m0s  4.00 iters/s

running (03m25.9s), 034/100 VUs, 429 complete and 0 interrupted iterations
normal_day   [  34% ] 034/100 VUs  03m25.9s/10m0s  4.00 iters/s

running (03m26.9s), 035/100 VUs, 432 complete and 0 interrupted iterations
normal_day   [  34% ] 035/100 VUs  03m26.9s/10m0s  4.00 iters/s

running (03m27.9s), 035/100 VUs, 436 complete and 0 interrupted iterations
normal_day   [  35% ] 035/100 VUs  03m27.9s/10m0s  4.00 iters/s

running (03m28.9s), 039/100 VUs, 436 complete and 0 interrupted iterations
normal_day   [  35% ] 039/100 VUs  03m28.9s/10m0s  4.00 iters/s

running (03m29.9s), 039/100 VUs, 440 complete and 0 interrupted iterations
normal_day   [  35% ] 039/100 VUs  03m29.9s/10m0s  4.00 iters/s

running (03m30.9s), 040/100 VUs, 443 complete and 0 interrupted iterations
normal_day   [  35% ] 040/100 VUs  03m30.9s/10m0s  4.00 iters/s

running (03m31.9s), 037/100 VUs, 450 complete and 0 interrupted iterations
normal_day   [  35% ] 037/100 VUs  03m31.9s/10m0s  4.00 iters/s

running (03m32.9s), 040/100 VUs, 451 complete and 0 interrupted iterations
normal_day   [  35% ] 040/100 VUs  03m32.9s/10m0s  4.00 iters/s

running (03m33.9s), 040/100 VUs, 455 complete and 0 interrupted iterations
normal_day   [  36% ] 040/100 VUs  03m33.9s/10m0s  4.00 iters/s

running (03m34.9s), 040/100 VUs, 459 complete and 0 interrupted iterations
normal_day   [  36% ] 040/100 VUs  03m34.9s/10m0s  4.00 iters/s

running (03m35.9s), 040/100 VUs, 463 complete and 0 interrupted iterations
normal_day   [  36% ] 040/100 VUs  03m35.9s/10m0s  4.00 iters/s

running (03m36.9s), 036/100 VUs, 471 complete and 0 interrupted iterations
normal_day   [  36% ] 036/100 VUs  03m36.9s/10m0s  4.00 iters/s

running (03m37.9s), 036/100 VUs, 475 complete and 0 interrupted iterations
normal_day   [  36% ] 036/100 VUs  03m37.9s/10m0s  4.00 iters/s

running (03m38.9s), 036/100 VUs, 479 complete and 0 interrupted iterations
normal_day   [  36% ] 036/100 VUs  03m38.9s/10m0s  4.00 iters/s

running (03m39.9s), 040/100 VUs, 479 complete and 0 interrupted iterations
normal_day   [  37% ] 040/100 VUs  03m39.9s/10m0s  4.00 iters/s

running (03m40.9s), 041/100 VUs, 482 complete and 0 interrupted iterations
normal_day   [  37% ] 041/100 VUs  03m40.9s/10m0s  4.00 iters/s

running (03m41.9s), 042/100 VUs, 485 complete and 0 interrupted iterations
normal_day   [  37% ] 042/100 VUs  03m41.9s/10m0s  4.00 iters/s

running (03m42.9s), 041/100 VUs, 490 complete and 0 interrupted iterations
normal_day   [  37% ] 041/100 VUs  03m42.9s/10m0s  4.00 iters/s

running (03m43.9s), 040/100 VUs, 495 complete and 0 interrupted iterations
normal_day   [  37% ] 040/100 VUs  03m43.9s/10m0s  4.00 iters/s

running (03m44.9s), 042/100 VUs, 497 complete and 0 interrupted iterations
normal_day   [  37% ] 042/100 VUs  03m44.9s/10m0s  4.00 iters/s

running (03m45.9s), 042/100 VUs, 501 complete and 0 interrupted iterations
normal_day   [  38% ] 042/100 VUs  03m45.9s/10m0s  4.00 iters/s

running (03m46.9s), 043/100 VUs, 504 complete and 0 interrupted iterations
normal_day   [  38% ] 043/100 VUs  03m46.9s/10m0s  4.00 iters/s

running (03m47.9s), 041/100 VUs, 510 complete and 0 interrupted iterations
normal_day   [  38% ] 041/100 VUs  03m47.9s/10m0s  4.00 iters/s

running (03m48.9s), 042/100 VUs, 513 complete and 0 interrupted iterations
normal_day   [  38% ] 042/100 VUs  03m48.9s/10m0s  4.00 iters/s

running (03m49.9s), 043/100 VUs, 516 complete and 0 interrupted iterations
normal_day   [  38% ] 043/100 VUs  03m49.9s/10m0s  4.00 iters/s

running (03m50.9s), 038/100 VUs, 525 complete and 0 interrupted iterations
normal_day   [  38% ] 038/100 VUs  03m50.9s/10m0s  4.00 iters/s

running (03m51.9s), 037/100 VUs, 530 complete and 0 interrupted iterations
normal_day   [  39% ] 037/100 VUs  03m51.9s/10m0s  4.00 iters/s

running (03m52.9s), 036/100 VUs, 535 complete and 0 interrupted iterations
normal_day   [  39% ] 036/100 VUs  03m52.9s/10m0s  4.00 iters/s

running (03m53.9s), 034/100 VUs, 541 complete and 0 interrupted iterations
normal_day   [  39% ] 034/100 VUs  03m53.9s/10m0s  4.00 iters/s

running (03m54.9s), 035/100 VUs, 544 complete and 0 interrupted iterations
normal_day   [  39% ] 035/100 VUs  03m54.9s/10m0s  4.00 iters/s

running (03m55.9s), 036/100 VUs, 547 complete and 0 interrupted iterations
normal_day   [  39% ] 036/100 VUs  03m55.9s/10m0s  4.00 iters/s

running (03m56.9s), 034/100 VUs, 553 complete and 0 interrupted iterations
normal_day   [  39% ] 034/100 VUs  03m56.9s/10m0s  4.00 iters/s

running (03m57.9s), 036/100 VUs, 555 complete and 0 interrupted iterations
normal_day   [  40% ] 036/100 VUs  03m57.9s/10m0s  4.00 iters/s

running (03m58.9s), 032/100 VUs, 563 complete and 0 interrupted iterations
normal_day   [  40% ] 032/100 VUs  03m58.9s/10m0s  4.00 iters/s

running (03m59.9s), 032/100 VUs, 567 complete and 0 interrupted iterations
normal_day   [  40% ] 032/100 VUs  03m59.9s/10m0s  4.00 iters/s

running (04m00.9s), 034/100 VUs, 569 complete and 0 interrupted iterations
normal_day   [  40% ] 034/100 VUs  04m00.9s/10m0s  4.00 iters/s

running (04m01.9s), 036/100 VUs, 571 complete and 0 interrupted iterations
normal_day   [  40% ] 036/100 VUs  04m01.9s/10m0s  4.00 iters/s

running (04m02.9s), 036/100 VUs, 575 complete and 0 interrupted iterations
normal_day   [  40% ] 036/100 VUs  04m02.9s/10m0s  4.00 iters/s

running (04m03.9s), 037/100 VUs, 578 complete and 0 interrupted iterations
normal_day   [  41% ] 037/100 VUs  04m03.9s/10m0s  4.00 iters/s

running (04m04.9s), 038/100 VUs, 581 complete and 0 interrupted iterations
normal_day   [  41% ] 038/100 VUs  04m04.9s/10m0s  4.00 iters/s

running (04m05.9s), 039/100 VUs, 584 complete and 0 interrupted iterations
normal_day   [  41% ] 039/100 VUs  04m05.9s/10m0s  4.00 iters/s

running (04m06.9s), 037/100 VUs, 590 complete and 0 interrupted iterations
normal_day   [  41% ] 037/100 VUs  04m06.9s/10m0s  4.00 iters/s

running (04m07.9s), 036/100 VUs, 595 complete and 0 interrupted iterations
normal_day   [  41% ] 036/100 VUs  04m07.9s/10m0s  4.00 iters/s

running (04m08.9s), 037/100 VUs, 598 complete and 0 interrupted iterations
normal_day   [  41% ] 037/100 VUs  04m08.9s/10m0s  4.00 iters/s

running (04m09.9s), 038/100 VUs, 601 complete and 0 interrupted iterations
normal_day   [  42% ] 038/100 VUs  04m09.9s/10m0s  4.00 iters/s

running (04m10.9s), 041/100 VUs, 602 complete and 0 interrupted iterations
normal_day   [  42% ] 041/100 VUs  04m10.9s/10m0s  4.00 iters/s

running (04m11.9s), 042/100 VUs, 605 complete and 0 interrupted iterations
normal_day   [  42% ] 042/100 VUs  04m11.9s/10m0s  4.00 iters/s

running (04m12.9s), 043/100 VUs, 608 complete and 0 interrupted iterations
normal_day   [  42% ] 043/100 VUs  04m12.9s/10m0s  4.00 iters/s

running (04m13.9s), 039/100 VUs, 616 complete and 0 interrupted iterations
normal_day   [  42% ] 039/100 VUs  04m13.9s/10m0s  4.00 iters/s

running (04m14.9s), 036/100 VUs, 623 complete and 0 interrupted iterations
normal_day   [  42% ] 036/100 VUs  04m14.9s/10m0s  4.00 iters/s

running (04m15.9s), 038/100 VUs, 625 complete and 0 interrupted iterations
normal_day   [  43% ] 038/100 VUs  04m15.9s/10m0s  4.00 iters/s

running (04m16.9s), 037/100 VUs, 630 complete and 0 interrupted iterations
normal_day   [  43% ] 037/100 VUs  04m16.9s/10m0s  4.00 iters/s

running (04m17.9s), 038/100 VUs, 633 complete and 0 interrupted iterations
normal_day   [  43% ] 038/100 VUs  04m17.9s/10m0s  4.00 iters/s

running (04m18.9s), 037/100 VUs, 638 complete and 0 interrupted iterations
normal_day   [  43% ] 037/100 VUs  04m18.9s/10m0s  4.00 iters/s

running (04m19.9s), 036/100 VUs, 643 complete and 0 interrupted iterations
normal_day   [  43% ] 036/100 VUs  04m19.9s/10m0s  4.00 iters/s

running (04m20.9s), 039/100 VUs, 644 complete and 0 interrupted iterations
normal_day   [  43% ] 039/100 VUs  04m20.9s/10m0s  4.00 iters/s

running (04m21.9s), 038/100 VUs, 649 complete and 0 interrupted iterations
normal_day   [  44% ] 038/100 VUs  04m21.9s/10m0s  4.00 iters/s

running (04m22.9s), 041/100 VUs, 650 complete and 0 interrupted iterations
normal_day   [  44% ] 041/100 VUs  04m22.9s/10m0s  4.00 iters/s

running (04m23.9s), 040/100 VUs, 655 complete and 0 interrupted iterations
normal_day   [  44% ] 040/100 VUs  04m23.9s/10m0s  4.00 iters/s

running (04m24.9s), 041/100 VUs, 658 complete and 0 interrupted iterations
normal_day   [  44% ] 041/100 VUs  04m24.9s/10m0s  4.00 iters/s

running (04m25.9s), 039/100 VUs, 664 complete and 0 interrupted iterations
normal_day   [  44% ] 039/100 VUs  04m25.9s/10m0s  4.00 iters/s

running (04m26.9s), 039/100 VUs, 668 complete and 0 interrupted iterations
normal_day   [  44% ] 039/100 VUs  04m26.9s/10m0s  4.00 iters/s

running (04m27.9s), 038/100 VUs, 673 complete and 0 interrupted iterations
normal_day   [  45% ] 038/100 VUs  04m27.9s/10m0s  4.00 iters/s

running (04m28.9s), 038/100 VUs, 677 complete and 0 interrupted iterations
normal_day   [  45% ] 038/100 VUs  04m28.9s/10m0s  4.00 iters/s

running (04m29.9s), 037/100 VUs, 682 complete and 0 interrupted iterations
normal_day   [  45% ] 037/100 VUs  04m29.9s/10m0s  4.00 iters/s

running (04m30.9s), 038/100 VUs, 685 complete and 0 interrupted iterations
normal_day   [  45% ] 038/100 VUs  04m30.9s/10m0s  4.00 iters/s

running (04m31.9s), 040/100 VUs, 687 complete and 0 interrupted iterations
normal_day   [  45% ] 040/100 VUs  04m31.9s/10m0s  4.00 iters/s

running (04m32.9s), 039/100 VUs, 692 complete and 0 interrupted iterations
normal_day   [  45% ] 039/100 VUs  04m32.9s/10m0s  4.00 iters/s

running (04m33.9s), 036/100 VUs, 699 complete and 0 interrupted iterations
normal_day   [  46% ] 036/100 VUs  04m33.9s/10m0s  4.00 iters/s

running (04m34.9s), 039/100 VUs, 700 complete and 0 interrupted iterations
normal_day   [  46% ] 039/100 VUs  04m34.9s/10m0s  4.00 iters/s

running (04m35.9s), 040/100 VUs, 703 complete and 0 interrupted iterations
normal_day   [  46% ] 040/100 VUs  04m35.9s/10m0s  4.00 iters/s

running (04m36.9s), 040/100 VUs, 707 complete and 0 interrupted iterations
normal_day   [  46% ] 040/100 VUs  04m36.9s/10m0s  4.00 iters/s

running (04m37.9s), 039/100 VUs, 712 complete and 0 interrupted iterations
normal_day   [  46% ] 039/100 VUs  04m37.9s/10m0s  4.00 iters/s

running (04m38.9s), 041/100 VUs, 714 complete and 0 interrupted iterations
normal_day   [  46% ] 041/100 VUs  04m38.9s/10m0s  4.00 iters/s

running (04m39.9s), 040/100 VUs, 719 complete and 0 interrupted iterations
normal_day   [  47% ] 040/100 VUs  04m39.9s/10m0s  4.00 iters/s

running (04m40.9s), 041/100 VUs, 722 complete and 0 interrupted iterations
normal_day   [  47% ] 041/100 VUs  04m40.9s/10m0s  4.00 iters/s

running (04m41.9s), 038/100 VUs, 729 complete and 0 interrupted iterations
normal_day   [  47% ] 038/100 VUs  04m41.9s/10m0s  4.00 iters/s

running (04m42.9s), 038/100 VUs, 733 complete and 0 interrupted iterations
normal_day   [  47% ] 038/100 VUs  04m42.9s/10m0s  4.00 iters/s

running (04m43.9s), 034/100 VUs, 741 complete and 0 interrupted iterations
normal_day   [  47% ] 034/100 VUs  04m43.9s/10m0s  4.00 iters/s

running (04m44.9s), 035/100 VUs, 744 complete and 0 interrupted iterations
normal_day   [  47% ] 035/100 VUs  04m44.9s/10m0s  4.00 iters/s

running (04m45.9s), 036/100 VUs, 747 complete and 0 interrupted iterations
normal_day   [  48% ] 036/100 VUs  04m45.9s/10m0s  4.00 iters/s

running (04m46.9s), 039/100 VUs, 748 complete and 0 interrupted iterations
normal_day   [  48% ] 039/100 VUs  04m46.9s/10m0s  4.00 iters/s

running (04m47.9s), 037/100 VUs, 754 complete and 0 interrupted iterations
normal_day   [  48% ] 037/100 VUs  04m47.9s/10m0s  4.00 iters/s

running (04m48.9s), 038/100 VUs, 757 complete and 0 interrupted iterations
normal_day   [  48% ] 038/100 VUs  04m48.9s/10m0s  4.00 iters/s

running (04m49.9s), 040/100 VUs, 759 complete and 0 interrupted iterations
normal_day   [  48% ] 040/100 VUs  04m49.9s/10m0s  4.00 iters/s

running (04m50.9s), 040/100 VUs, 763 complete and 0 interrupted iterations
normal_day   [  48% ] 040/100 VUs  04m50.9s/10m0s  4.00 iters/s

running (04m51.9s), 041/100 VUs, 766 complete and 0 interrupted iterations
normal_day   [  49% ] 041/100 VUs  04m51.9s/10m0s  4.00 iters/s

running (04m52.9s), 042/100 VUs, 769 complete and 0 interrupted iterations
normal_day   [  49% ] 042/100 VUs  04m52.9s/10m0s  4.00 iters/s

running (04m53.9s), 040/100 VUs, 775 complete and 0 interrupted iterations
normal_day   [  49% ] 040/100 VUs  04m53.9s/10m0s  4.00 iters/s

running (04m54.9s), 038/100 VUs, 781 complete and 0 interrupted iterations
normal_day   [  49% ] 038/100 VUs  04m54.9s/10m0s  4.00 iters/s

running (04m55.9s), 041/100 VUs, 782 complete and 0 interrupted iterations
normal_day   [  49% ] 041/100 VUs  04m55.9s/10m0s  4.00 iters/s

running (04m56.9s), 041/100 VUs, 786 complete and 0 interrupted iterations
normal_day   [  49% ] 041/100 VUs  04m56.9s/10m0s  4.00 iters/s

running (04m57.9s), 039/100 VUs, 792 complete and 0 interrupted iterations
normal_day   [  50% ] 039/100 VUs  04m57.9s/10m0s  4.00 iters/s

running (04m58.9s), 040/100 VUs, 795 complete and 0 interrupted iterations
normal_day   [  50% ] 040/100 VUs  04m58.9s/10m0s  4.00 iters/s

running (04m59.9s), 039/100 VUs, 800 complete and 0 interrupted iterations
normal_day   [  50% ] 039/100 VUs  04m59.9s/10m0s  4.00 iters/s

running (05m00.9s), 038/100 VUs, 805 complete and 0 interrupted iterations
normal_day   [  50% ] 038/100 VUs  05m00.9s/10m0s  4.00 iters/s

running (05m01.9s), 039/100 VUs, 808 complete and 0 interrupted iterations
normal_day   [  50% ] 039/100 VUs  05m01.9s/10m0s  4.00 iters/s

running (05m02.9s), 039/100 VUs, 812 complete and 0 interrupted iterations
normal_day   [  50% ] 039/100 VUs  05m02.9s/10m0s  4.00 iters/s

running (05m03.9s), 040/100 VUs, 815 complete and 0 interrupted iterations
normal_day   [  51% ] 040/100 VUs  05m03.9s/10m0s  4.00 iters/s

running (05m04.9s), 042/100 VUs, 817 complete and 0 interrupted iterations
normal_day   [  51% ] 042/100 VUs  05m04.9s/10m0s  4.00 iters/s

running (05m05.9s), 045/100 VUs, 818 complete and 0 interrupted iterations
normal_day   [  51% ] 045/100 VUs  05m05.9s/10m0s  4.00 iters/s

running (05m06.9s), 040/100 VUs, 827 complete and 0 interrupted iterations
normal_day   [  51% ] 040/100 VUs  05m06.9s/10m0s  4.00 iters/s

running (05m07.9s), 039/100 VUs, 832 complete and 0 interrupted iterations
normal_day   [  51% ] 039/100 VUs  05m07.9s/10m0s  4.00 iters/s

running (05m08.9s), 041/100 VUs, 834 complete and 0 interrupted iterations
normal_day   [  51% ] 041/100 VUs  05m08.9s/10m0s  4.00 iters/s

running (05m09.9s), 044/100 VUs, 835 complete and 0 interrupted iterations
normal_day   [  52% ] 044/100 VUs  05m09.9s/10m0s  4.00 iters/s

running (05m10.9s), 041/100 VUs, 842 complete and 0 interrupted iterations
normal_day   [  52% ] 041/100 VUs  05m10.9s/10m0s  4.00 iters/s

running (05m11.9s), 037/100 VUs, 850 complete and 0 interrupted iterations
normal_day   [  52% ] 037/100 VUs  05m11.9s/10m0s  4.00 iters/s

running (05m12.9s), 037/100 VUs, 854 complete and 0 interrupted iterations
normal_day   [  52% ] 037/100 VUs  05m12.9s/10m0s  4.00 iters/s

running (05m13.9s), 039/100 VUs, 856 complete and 0 interrupted iterations
normal_day   [  52% ] 039/100 VUs  05m13.9s/10m0s  4.00 iters/s

running (05m14.9s), 039/100 VUs, 860 complete and 0 interrupted iterations
normal_day   [  52% ] 039/100 VUs  05m14.9s/10m0s  4.00 iters/s

running (05m15.9s), 039/100 VUs, 864 complete and 0 interrupted iterations
normal_day   [  53% ] 039/100 VUs  05m15.9s/10m0s  4.00 iters/s

running (05m16.9s), 040/100 VUs, 867 complete and 0 interrupted iterations
normal_day   [  53% ] 040/100 VUs  05m16.9s/10m0s  4.00 iters/s

running (05m17.9s), 037/100 VUs, 874 complete and 0 interrupted iterations
normal_day   [  53% ] 037/100 VUs  05m17.9s/10m0s  4.00 iters/s

running (05m18.9s), 035/100 VUs, 880 complete and 0 interrupted iterations
normal_day   [  53% ] 035/100 VUs  05m18.9s/10m0s  4.00 iters/s

running (05m19.9s), 036/100 VUs, 883 complete and 0 interrupted iterations
normal_day   [  53% ] 036/100 VUs  05m19.9s/10m0s  4.00 iters/s

running (05m20.9s), 038/100 VUs, 885 complete and 0 interrupted iterations
normal_day   [  53% ] 038/100 VUs  05m20.9s/10m0s  4.00 iters/s

running (05m21.9s), 039/100 VUs, 888 complete and 0 interrupted iterations
normal_day   [  54% ] 039/100 VUs  05m21.9s/10m0s  4.00 iters/s

running (05m22.9s), 040/100 VUs, 891 complete and 0 interrupted iterations
normal_day   [  54% ] 040/100 VUs  05m22.9s/10m0s  4.00 iters/s

running (05m23.9s), 040/100 VUs, 895 complete and 0 interrupted iterations
normal_day   [  54% ] 040/100 VUs  05m23.9s/10m0s  4.00 iters/s

running (05m24.9s), 036/100 VUs, 903 complete and 0 interrupted iterations
normal_day   [  54% ] 036/100 VUs  05m24.9s/10m0s  4.00 iters/s

running (05m25.9s), 037/100 VUs, 906 complete and 0 interrupted iterations
normal_day   [  54% ] 037/100 VUs  05m25.9s/10m0s  4.00 iters/s

running (05m26.9s), 039/100 VUs, 908 complete and 0 interrupted iterations
normal_day   [  54% ] 039/100 VUs  05m26.9s/10m0s  4.00 iters/s

running (05m27.9s), 039/100 VUs, 912 complete and 0 interrupted iterations
normal_day   [  55% ] 039/100 VUs  05m27.9s/10m0s  4.00 iters/s

running (05m28.9s), 036/100 VUs, 919 complete and 0 interrupted iterations
normal_day   [  55% ] 036/100 VUs  05m28.9s/10m0s  4.00 iters/s

running (05m29.9s), 036/100 VUs, 923 complete and 0 interrupted iterations
normal_day   [  55% ] 036/100 VUs  05m29.9s/10m0s  4.00 iters/s

running (05m30.9s), 036/100 VUs, 927 complete and 0 interrupted iterations
normal_day   [  55% ] 036/100 VUs  05m30.9s/10m0s  4.00 iters/s

running (05m31.9s), 037/100 VUs, 930 complete and 0 interrupted iterations
normal_day   [  55% ] 037/100 VUs  05m31.9s/10m0s  4.00 iters/s

running (05m32.9s), 036/100 VUs, 935 complete and 0 interrupted iterations
normal_day   [  55% ] 036/100 VUs  05m32.9s/10m0s  4.00 iters/s

running (05m33.9s), 037/100 VUs, 938 complete and 0 interrupted iterations
normal_day   [  56% ] 037/100 VUs  05m33.9s/10m0s  4.00 iters/s

running (05m34.9s), 036/100 VUs, 943 complete and 0 interrupted iterations
normal_day   [  56% ] 036/100 VUs  05m34.9s/10m0s  4.00 iters/s

running (05m35.9s), 035/100 VUs, 948 complete and 0 interrupted iterations
normal_day   [  56% ] 035/100 VUs  05m35.9s/10m0s  4.00 iters/s

running (05m36.9s), 034/100 VUs, 953 complete and 0 interrupted iterations
normal_day   [  56% ] 034/100 VUs  05m36.9s/10m0s  4.00 iters/s

running (05m37.9s), 036/100 VUs, 955 complete and 0 interrupted iterations
normal_day   [  56% ] 036/100 VUs  05m37.9s/10m0s  4.00 iters/s

running (05m38.9s), 040/100 VUs, 955 complete and 0 interrupted iterations
normal_day   [  56% ] 040/100 VUs  05m38.9s/10m0s  4.00 iters/s

running (05m39.9s), 042/100 VUs, 957 complete and 0 interrupted iterations
normal_day   [  57% ] 042/100 VUs  05m39.9s/10m0s  4.00 iters/s

running (05m40.9s), 043/100 VUs, 960 complete and 0 interrupted iterations
normal_day   [  57% ] 043/100 VUs  05m40.9s/10m0s  4.00 iters/s

running (05m41.9s), 042/100 VUs, 965 complete and 0 interrupted iterations
normal_day   [  57% ] 042/100 VUs  05m41.9s/10m0s  4.00 iters/s

running (05m42.9s), 040/100 VUs, 971 complete and 0 interrupted iterations
normal_day   [  57% ] 040/100 VUs  05m42.9s/10m0s  4.00 iters/s

running (05m43.9s), 039/100 VUs, 976 complete and 0 interrupted iterations
normal_day   [  57% ] 039/100 VUs  05m43.9s/10m0s  4.00 iters/s

running (05m44.9s), 038/100 VUs, 981 complete and 0 interrupted iterations
normal_day   [  57% ] 038/100 VUs  05m44.9s/10m0s  4.00 iters/s

running (05m45.9s), 041/100 VUs, 982 complete and 0 interrupted iterations
normal_day   [  58% ] 041/100 VUs  05m45.9s/10m0s  4.00 iters/s

running (05m46.9s), 040/100 VUs, 987 complete and 0 interrupted iterations
normal_day   [  58% ] 040/100 VUs  05m46.9s/10m0s  4.00 iters/s

running (05m47.9s), 039/100 VUs, 992 complete and 0 interrupted iterations
normal_day   [  58% ] 039/100 VUs  05m47.9s/10m0s  4.00 iters/s

running (05m48.9s), 039/100 VUs, 996 complete and 0 interrupted iterations
normal_day   [  58% ] 039/100 VUs  05m48.9s/10m0s  4.00 iters/s

running (05m49.9s), 038/100 VUs, 1001 complete and 0 interrupted iterations
normal_day   [  58% ] 038/100 VUs  05m49.9s/10m0s  4.00 iters/s

running (05m50.9s), 041/100 VUs, 1002 complete and 0 interrupted iterations
normal_day   [  58% ] 041/100 VUs  05m50.9s/10m0s  4.00 iters/s

running (05m51.9s), 043/100 VUs, 1004 complete and 0 interrupted iterations
normal_day   [  59% ] 043/100 VUs  05m51.9s/10m0s  4.00 iters/s

running (05m52.9s), 042/100 VUs, 1009 complete and 0 interrupted iterations
normal_day   [  59% ] 042/100 VUs  05m52.9s/10m0s  4.00 iters/s

running (05m53.9s), 039/100 VUs, 1016 complete and 0 interrupted iterations
normal_day   [  59% ] 039/100 VUs  05m53.9s/10m0s  4.00 iters/s

running (05m54.9s), 043/100 VUs, 1016 complete and 0 interrupted iterations
normal_day   [  59% ] 043/100 VUs  05m54.9s/10m0s  4.00 iters/s

running (05m55.9s), 042/100 VUs, 1021 complete and 0 interrupted iterations
normal_day   [  59% ] 042/100 VUs  05m55.9s/10m0s  4.00 iters/s

running (05m56.9s), 041/100 VUs, 1026 complete and 0 interrupted iterations
normal_day   [  59% ] 041/100 VUs  05m56.9s/10m0s  4.00 iters/s

running (05m57.9s), 041/100 VUs, 1030 complete and 0 interrupted iterations
normal_day   [  60% ] 041/100 VUs  05m57.9s/10m0s  4.00 iters/s

running (05m58.9s), 041/100 VUs, 1034 complete and 0 interrupted iterations
normal_day   [  60% ] 041/100 VUs  05m58.9s/10m0s  4.00 iters/s

running (05m59.9s), 044/100 VUs, 1035 complete and 0 interrupted iterations
normal_day   [  60% ] 044/100 VUs  05m59.9s/10m0s  4.00 iters/s

running (06m00.9s), 045/100 VUs, 1038 complete and 0 interrupted iterations
normal_day   [  60% ] 045/100 VUs  06m00.9s/10m0s  4.00 iters/s

running (06m01.9s), 046/100 VUs, 1041 complete and 0 interrupted iterations
normal_day   [  60% ] 046/100 VUs  06m01.9s/10m0s  4.00 iters/s

running (06m02.9s), 046/100 VUs, 1045 complete and 0 interrupted iterations
normal_day   [  60% ] 046/100 VUs  06m02.9s/10m0s  4.00 iters/s

running (06m03.9s), 045/100 VUs, 1050 complete and 0 interrupted iterations
normal_day   [  61% ] 045/100 VUs  06m03.9s/10m0s  4.00 iters/s

running (06m04.9s), 043/100 VUs, 1056 complete and 0 interrupted iterations
normal_day   [  61% ] 043/100 VUs  06m04.9s/10m0s  4.00 iters/s

running (06m05.9s), 043/100 VUs, 1060 complete and 0 interrupted iterations
normal_day   [  61% ] 043/100 VUs  06m05.9s/10m0s  4.00 iters/s

running (06m06.9s), 045/100 VUs, 1062 complete and 0 interrupted iterations
normal_day   [  61% ] 045/100 VUs  06m06.9s/10m0s  4.00 iters/s

running (06m07.9s), 044/100 VUs, 1067 complete and 0 interrupted iterations
normal_day   [  61% ] 044/100 VUs  06m07.9s/10m0s  4.00 iters/s

running (06m08.9s), 044/100 VUs, 1071 complete and 0 interrupted iterations
normal_day   [  61% ] 044/100 VUs  06m08.9s/10m0s  4.00 iters/s

running (06m09.9s), 047/100 VUs, 1072 complete and 0 interrupted iterations
normal_day   [  62% ] 047/100 VUs  06m09.9s/10m0s  4.00 iters/s

running (06m10.9s), 046/100 VUs, 1077 complete and 0 interrupted iterations
normal_day   [  62% ] 046/100 VUs  06m10.9s/10m0s  4.00 iters/s

running (06m11.9s), 048/100 VUs, 1079 complete and 0 interrupted iterations
normal_day   [  62% ] 048/100 VUs  06m11.9s/10m0s  4.00 iters/s

running (06m12.9s), 050/100 VUs, 1081 complete and 0 interrupted iterations
normal_day   [  62% ] 050/100 VUs  06m12.9s/10m0s  4.00 iters/s

running (06m13.9s), 047/100 VUs, 1088 complete and 0 interrupted iterations
normal_day   [  62% ] 047/100 VUs  06m13.9s/10m0s  4.00 iters/s

running (06m14.9s), 042/100 VUs, 1097 complete and 0 interrupted iterations
normal_day   [  62% ] 042/100 VUs  06m14.9s/10m0s  4.00 iters/s

running (06m15.9s), 040/100 VUs, 1103 complete and 0 interrupted iterations
normal_day   [  63% ] 040/100 VUs  06m15.9s/10m0s  4.00 iters/s

running (06m16.9s), 041/100 VUs, 1106 complete and 0 interrupted iterations
normal_day   [  63% ] 041/100 VUs  06m16.9s/10m0s  4.00 iters/s

running (06m17.9s), 037/100 VUs, 1114 complete and 0 interrupted iterations
normal_day   [  63% ] 037/100 VUs  06m17.9s/10m0s  4.00 iters/s

running (06m18.9s), 038/100 VUs, 1117 complete and 0 interrupted iterations
normal_day   [  63% ] 038/100 VUs  06m18.9s/10m0s  4.00 iters/s

running (06m19.9s), 036/100 VUs, 1123 complete and 0 interrupted iterations
normal_day   [  63% ] 036/100 VUs  06m19.9s/10m0s  4.00 iters/s

running (06m20.9s), 039/100 VUs, 1124 complete and 0 interrupted iterations
normal_day   [  63% ] 039/100 VUs  06m20.9s/10m0s  4.00 iters/s

running (06m21.9s), 038/100 VUs, 1129 complete and 0 interrupted iterations
normal_day   [  64% ] 038/100 VUs  06m21.9s/10m0s  4.00 iters/s

running (06m22.9s), 035/100 VUs, 1136 complete and 0 interrupted iterations
normal_day   [  64% ] 035/100 VUs  06m22.9s/10m0s  4.00 iters/s

running (06m23.9s), 035/100 VUs, 1140 complete and 0 interrupted iterations
normal_day   [  64% ] 035/100 VUs  06m23.9s/10m0s  4.00 iters/s

running (06m24.9s), 035/100 VUs, 1144 complete and 0 interrupted iterations
normal_day   [  64% ] 035/100 VUs  06m24.9s/10m0s  4.00 iters/s

running (06m25.9s), 035/100 VUs, 1148 complete and 0 interrupted iterations
normal_day   [  64% ] 035/100 VUs  06m25.9s/10m0s  4.00 iters/s

running (06m26.9s), 034/100 VUs, 1153 complete and 0 interrupted iterations
normal_day   [  64% ] 034/100 VUs  06m26.9s/10m0s  4.00 iters/s

running (06m27.9s), 035/100 VUs, 1156 complete and 0 interrupted iterations
normal_day   [  65% ] 035/100 VUs  06m27.9s/10m0s  4.00 iters/s

running (06m28.9s), 035/100 VUs, 1160 complete and 0 interrupted iterations
normal_day   [  65% ] 035/100 VUs  06m28.9s/10m0s  4.00 iters/s

running (06m29.9s), 036/100 VUs, 1163 complete and 0 interrupted iterations
normal_day   [  65% ] 036/100 VUs  06m29.9s/10m0s  4.00 iters/s

running (06m30.9s), 034/100 VUs, 1169 complete and 0 interrupted iterations
normal_day   [  65% ] 034/100 VUs  06m30.9s/10m0s  4.00 iters/s

running (06m31.9s), 035/100 VUs, 1172 complete and 0 interrupted iterations
normal_day   [  65% ] 035/100 VUs  06m31.9s/10m0s  4.00 iters/s

running (06m32.9s), 035/100 VUs, 1176 complete and 0 interrupted iterations
normal_day   [  65% ] 035/100 VUs  06m32.9s/10m0s  4.00 iters/s

running (06m33.9s), 034/100 VUs, 1181 complete and 0 interrupted iterations
normal_day   [  66% ] 034/100 VUs  06m33.9s/10m0s  4.00 iters/s

running (06m34.9s), 034/100 VUs, 1185 complete and 0 interrupted iterations
normal_day   [  66% ] 034/100 VUs  06m34.9s/10m0s  4.00 iters/s

running (06m35.9s), 034/100 VUs, 1189 complete and 0 interrupted iterations
normal_day   [  66% ] 034/100 VUs  06m35.9s/10m0s  4.00 iters/s

running (06m36.9s), 033/100 VUs, 1194 complete and 0 interrupted iterations
normal_day   [  66% ] 033/100 VUs  06m36.9s/10m0s  4.00 iters/s

running (06m37.9s), 035/100 VUs, 1196 complete and 0 interrupted iterations
normal_day   [  66% ] 035/100 VUs  06m37.9s/10m0s  4.00 iters/s

running (06m38.9s), 037/100 VUs, 1198 complete and 0 interrupted iterations
normal_day   [  66% ] 037/100 VUs  06m38.9s/10m0s  4.00 iters/s

running (06m39.9s), 038/100 VUs, 1201 complete and 0 interrupted iterations
normal_day   [  67% ] 038/100 VUs  06m39.9s/10m0s  4.00 iters/s

running (06m40.9s), 040/100 VUs, 1203 complete and 0 interrupted iterations
normal_day   [  67% ] 040/100 VUs  06m40.9s/10m0s  4.00 iters/s

running (06m41.9s), 039/100 VUs, 1208 complete and 0 interrupted iterations
normal_day   [  67% ] 039/100 VUs  06m41.9s/10m0s  4.00 iters/s

running (06m42.9s), 038/100 VUs, 1213 complete and 0 interrupted iterations
normal_day   [  67% ] 038/100 VUs  06m42.9s/10m0s  4.00 iters/s

running (06m43.9s), 037/100 VUs, 1218 complete and 0 interrupted iterations
normal_day   [  67% ] 037/100 VUs  06m43.9s/10m0s  4.00 iters/s

running (06m44.9s), 038/100 VUs, 1221 complete and 0 interrupted iterations
normal_day   [  67% ] 038/100 VUs  06m44.9s/10m0s  4.00 iters/s

running (06m45.9s), 039/100 VUs, 1224 complete and 0 interrupted iterations
normal_day   [  68% ] 039/100 VUs  06m45.9s/10m0s  4.00 iters/s

running (06m46.9s), 035/100 VUs, 1232 complete and 0 interrupted iterations
normal_day   [  68% ] 035/100 VUs  06m46.9s/10m0s  4.00 iters/s

running (06m47.9s), 035/100 VUs, 1236 complete and 0 interrupted iterations
normal_day   [  68% ] 035/100 VUs  06m47.9s/10m0s  4.00 iters/s

running (06m48.9s), 032/100 VUs, 1243 complete and 0 interrupted iterations
normal_day   [  68% ] 032/100 VUs  06m48.9s/10m0s  4.00 iters/s

running (06m49.9s), 033/100 VUs, 1246 complete and 0 interrupted iterations
normal_day   [  68% ] 033/100 VUs  06m49.9s/10m0s  4.00 iters/s

running (06m50.9s), 036/100 VUs, 1247 complete and 0 interrupted iterations
normal_day   [  68% ] 036/100 VUs  06m50.9s/10m0s  4.00 iters/s

running (06m51.9s), 036/100 VUs, 1251 complete and 0 interrupted iterations
normal_day   [  69% ] 036/100 VUs  06m51.9s/10m0s  4.00 iters/s

running (06m52.9s), 034/100 VUs, 1257 complete and 0 interrupted iterations
normal_day   [  69% ] 034/100 VUs  06m52.9s/10m0s  4.00 iters/s

running (06m53.9s), 037/100 VUs, 1258 complete and 0 interrupted iterations
normal_day   [  69% ] 037/100 VUs  06m53.9s/10m0s  4.00 iters/s

running (06m54.9s), 036/100 VUs, 1263 complete and 0 interrupted iterations
normal_day   [  69% ] 036/100 VUs  06m54.9s/10m0s  4.00 iters/s

running (06m55.9s), 038/100 VUs, 1265 complete and 0 interrupted iterations
normal_day   [  69% ] 038/100 VUs  06m55.9s/10m0s  4.00 iters/s

running (06m56.9s), 039/100 VUs, 1268 complete and 0 interrupted iterations
normal_day   [  69% ] 039/100 VUs  06m56.9s/10m0s  4.00 iters/s

running (06m57.9s), 040/100 VUs, 1271 complete and 0 interrupted iterations
normal_day   [  70% ] 040/100 VUs  06m57.9s/10m0s  4.00 iters/s

running (06m58.9s), 043/100 VUs, 1272 complete and 0 interrupted iterations
normal_day   [  70% ] 043/100 VUs  06m58.9s/10m0s  4.00 iters/s

running (06m59.9s), 041/100 VUs, 1278 complete and 0 interrupted iterations
normal_day   [  70% ] 041/100 VUs  06m59.9s/10m0s  4.00 iters/s

running (07m00.9s), 042/100 VUs, 1281 complete and 0 interrupted iterations
normal_day   [  70% ] 042/100 VUs  07m00.9s/10m0s  4.00 iters/s

running (07m01.9s), 045/100 VUs, 1282 complete and 0 interrupted iterations
normal_day   [  70% ] 045/100 VUs  07m01.9s/10m0s  4.00 iters/s

running (07m02.9s), 048/100 VUs, 1283 complete and 0 interrupted iterations
normal_day   [  70% ] 048/100 VUs  07m02.9s/10m0s  4.00 iters/s

running (07m03.9s), 052/100 VUs, 1283 complete and 0 interrupted iterations
normal_day   [  71% ] 052/100 VUs  07m03.9s/10m0s  4.00 iters/s

running (07m04.9s), 054/100 VUs, 1285 complete and 0 interrupted iterations
normal_day   [  71% ] 054/100 VUs  07m04.9s/10m0s  4.00 iters/s

running (07m05.9s), 055/100 VUs, 1288 complete and 0 interrupted iterations
normal_day   [  71% ] 055/100 VUs  07m05.9s/10m0s  4.00 iters/s

running (07m06.9s), 057/100 VUs, 1290 complete and 0 interrupted iterations
normal_day   [  71% ] 057/100 VUs  07m06.9s/10m0s  4.00 iters/s

running (07m07.9s), 054/100 VUs, 1297 complete and 0 interrupted iterations
normal_day   [  71% ] 054/100 VUs  07m07.9s/10m0s  4.00 iters/s

running (07m08.9s), 056/100 VUs, 1299 complete and 0 interrupted iterations
normal_day   [  71% ] 056/100 VUs  07m08.9s/10m0s  4.00 iters/s

running (07m09.9s), 057/100 VUs, 1302 complete and 0 interrupted iterations
normal_day   [  72% ] 057/100 VUs  07m09.9s/10m0s  4.00 iters/s

running (07m10.9s), 056/100 VUs, 1307 complete and 0 interrupted iterations
normal_day   [  72% ] 056/100 VUs  07m10.9s/10m0s  4.00 iters/s

running (07m11.9s), 056/100 VUs, 1311 complete and 0 interrupted iterations
normal_day   [  72% ] 056/100 VUs  07m11.9s/10m0s  4.00 iters/s

running (07m12.9s), 057/100 VUs, 1314 complete and 0 interrupted iterations
normal_day   [  72% ] 057/100 VUs  07m12.9s/10m0s  4.00 iters/s

running (07m13.9s), 053/100 VUs, 1322 complete and 0 interrupted iterations
normal_day   [  72% ] 053/100 VUs  07m13.9s/10m0s  4.00 iters/s

running (07m14.9s), 052/100 VUs, 1327 complete and 0 interrupted iterations
normal_day   [  72% ] 052/100 VUs  07m14.9s/10m0s  4.00 iters/s

running (07m15.9s), 050/100 VUs, 1333 complete and 0 interrupted iterations
normal_day   [  73% ] 050/100 VUs  07m15.9s/10m0s  4.00 iters/s

running (07m16.9s), 049/100 VUs, 1338 complete and 0 interrupted iterations
normal_day   [  73% ] 049/100 VUs  07m16.9s/10m0s  4.00 iters/s

running (07m17.9s), 049/100 VUs, 1342 complete and 0 interrupted iterations
normal_day   [  73% ] 049/100 VUs  07m17.9s/10m0s  4.00 iters/s

running (07m18.9s), 046/100 VUs, 1349 complete and 0 interrupted iterations
normal_day   [  73% ] 046/100 VUs  07m18.9s/10m0s  4.00 iters/s

running (07m19.9s), 048/100 VUs, 1351 complete and 0 interrupted iterations
normal_day   [  73% ] 048/100 VUs  07m19.9s/10m0s  4.00 iters/s

running (07m20.9s), 049/100 VUs, 1354 complete and 0 interrupted iterations
normal_day   [  73% ] 049/100 VUs  07m20.9s/10m0s  4.00 iters/s

running (07m21.9s), 046/100 VUs, 1361 complete and 0 interrupted iterations
normal_day   [  74% ] 046/100 VUs  07m21.9s/10m0s  4.00 iters/s

running (07m22.9s), 046/100 VUs, 1365 complete and 0 interrupted iterations
normal_day   [  74% ] 046/100 VUs  07m22.9s/10m0s  4.00 iters/s

running (07m23.9s), 045/100 VUs, 1370 complete and 0 interrupted iterations
normal_day   [  74% ] 045/100 VUs  07m23.9s/10m0s  4.00 iters/s

running (07m24.9s), 043/100 VUs, 1376 complete and 0 interrupted iterations
normal_day   [  74% ] 043/100 VUs  07m24.9s/10m0s  4.00 iters/s

running (07m25.9s), 045/100 VUs, 1378 complete and 0 interrupted iterations
normal_day   [  74% ] 045/100 VUs  07m25.9s/10m0s  4.00 iters/s

running (07m26.9s), 045/100 VUs, 1382 complete and 0 interrupted iterations
normal_day   [  74% ] 045/100 VUs  07m26.9s/10m0s  4.00 iters/s

running (07m27.9s), 042/100 VUs, 1389 complete and 0 interrupted iterations
normal_day   [  75% ] 042/100 VUs  07m27.9s/10m0s  4.00 iters/s

running (07m28.9s), 038/100 VUs, 1397 complete and 0 interrupted iterations
normal_day   [  75% ] 038/100 VUs  07m28.9s/10m0s  4.00 iters/s

running (07m29.9s), 036/100 VUs, 1403 complete and 0 interrupted iterations
normal_day   [  75% ] 036/100 VUs  07m29.9s/10m0s  4.00 iters/s

running (07m30.9s), 033/100 VUs, 1410 complete and 0 interrupted iterations
normal_day   [  75% ] 033/100 VUs  07m30.9s/10m0s  4.00 iters/s

running (07m31.9s), 034/100 VUs, 1413 complete and 0 interrupted iterations
normal_day   [  75% ] 034/100 VUs  07m31.9s/10m0s  4.00 iters/s

running (07m32.9s), 035/100 VUs, 1416 complete and 0 interrupted iterations
normal_day   [  75% ] 035/100 VUs  07m32.9s/10m0s  4.00 iters/s

running (07m33.9s), 034/100 VUs, 1421 complete and 0 interrupted iterations
normal_day   [  76% ] 034/100 VUs  07m33.9s/10m0s  4.00 iters/s

running (07m34.9s), 032/100 VUs, 1427 complete and 0 interrupted iterations
normal_day   [  76% ] 032/100 VUs  07m34.9s/10m0s  4.00 iters/s

running (07m35.9s), 032/100 VUs, 1431 complete and 0 interrupted iterations
normal_day   [  76% ] 032/100 VUs  07m35.9s/10m0s  4.00 iters/s

running (07m36.9s), 032/100 VUs, 1435 complete and 0 interrupted iterations
normal_day   [  76% ] 032/100 VUs  07m36.9s/10m0s  4.00 iters/s

running (07m37.9s), 033/100 VUs, 1438 complete and 0 interrupted iterations
normal_day   [  76% ] 033/100 VUs  07m37.9s/10m0s  4.00 iters/s

running (07m38.9s), 035/100 VUs, 1440 complete and 0 interrupted iterations
normal_day   [  76% ] 035/100 VUs  07m38.9s/10m0s  4.00 iters/s

running (07m39.9s), 033/100 VUs, 1446 complete and 0 interrupted iterations
normal_day   [  77% ] 033/100 VUs  07m39.9s/10m0s  4.00 iters/s

running (07m40.9s), 034/100 VUs, 1449 complete and 0 interrupted iterations
normal_day   [  77% ] 034/100 VUs  07m40.9s/10m0s  4.00 iters/s

running (07m41.9s), 036/100 VUs, 1451 complete and 0 interrupted iterations
normal_day   [  77% ] 036/100 VUs  07m41.9s/10m0s  4.00 iters/s

running (07m42.9s), 038/100 VUs, 1453 complete and 0 interrupted iterations
normal_day   [  77% ] 038/100 VUs  07m42.9s/10m0s  4.00 iters/s

running (07m43.9s), 041/100 VUs, 1454 complete and 0 interrupted iterations
normal_day   [  77% ] 041/100 VUs  07m43.9s/10m0s  4.00 iters/s

running (07m44.9s), 038/100 VUs, 1461 complete and 0 interrupted iterations
normal_day   [  77% ] 038/100 VUs  07m44.9s/10m0s  4.00 iters/s

running (07m45.9s), 042/100 VUs, 1461 complete and 0 interrupted iterations
normal_day   [  78% ] 042/100 VUs  07m45.9s/10m0s  4.00 iters/s

running (07m46.9s), 038/100 VUs, 1469 complete and 0 interrupted iterations
normal_day   [  78% ] 038/100 VUs  07m46.9s/10m0s  4.00 iters/s

running (07m47.9s), 038/100 VUs, 1473 complete and 0 interrupted iterations
normal_day   [  78% ] 038/100 VUs  07m47.9s/10m0s  4.00 iters/s

running (07m48.9s), 041/100 VUs, 1474 complete and 0 interrupted iterations
normal_day   [  78% ] 041/100 VUs  07m48.9s/10m0s  4.00 iters/s

running (07m49.9s), 037/100 VUs, 1482 complete and 0 interrupted iterations
normal_day   [  78% ] 037/100 VUs  07m49.9s/10m0s  4.00 iters/s

running (07m50.9s), 038/100 VUs, 1485 complete and 0 interrupted iterations
normal_day   [  78% ] 038/100 VUs  07m50.9s/10m0s  4.00 iters/s

running (07m51.9s), 041/100 VUs, 1486 complete and 0 interrupted iterations
normal_day   [  79% ] 041/100 VUs  07m51.9s/10m0s  4.00 iters/s

running (07m52.9s), 038/100 VUs, 1493 complete and 0 interrupted iterations
normal_day   [  79% ] 038/100 VUs  07m52.9s/10m0s  4.00 iters/s

running (07m53.9s), 037/100 VUs, 1498 complete and 0 interrupted iterations
normal_day   [  79% ] 037/100 VUs  07m53.9s/10m0s  4.00 iters/s

running (07m54.9s), 036/100 VUs, 1503 complete and 0 interrupted iterations
normal_day   [  79% ] 036/100 VUs  07m54.9s/10m0s  4.00 iters/s

running (07m55.9s), 033/100 VUs, 1510 complete and 0 interrupted iterations
normal_day   [  79% ] 033/100 VUs  07m55.9s/10m0s  4.00 iters/s

running (07m56.9s), 030/100 VUs, 1517 complete and 0 interrupted iterations
normal_day   [  79% ] 030/100 VUs  07m56.9s/10m0s  4.00 iters/s

running (07m57.9s), 032/100 VUs, 1519 complete and 0 interrupted iterations
normal_day   [  80% ] 032/100 VUs  07m57.9s/10m0s  4.00 iters/s

running (07m58.9s), 033/100 VUs, 1522 complete and 0 interrupted iterations
normal_day   [  80% ] 033/100 VUs  07m58.9s/10m0s  4.00 iters/s

running (07m59.9s), 032/100 VUs, 1527 complete and 0 interrupted iterations
normal_day   [  80% ] 032/100 VUs  07m59.9s/10m0s  4.00 iters/s

running (08m00.9s), 032/100 VUs, 1531 complete and 0 interrupted iterations
normal_day   [  80% ] 032/100 VUs  08m00.9s/10m0s  3.97 iters/s

running (08m01.9s), 034/100 VUs, 1533 complete and 0 interrupted iterations
normal_day   [  80% ] 034/100 VUs  08m01.9s/10m0s  3.94 iters/s

running (08m02.9s), 034/100 VUs, 1537 complete and 0 interrupted iterations
normal_day   [  80% ] 034/100 VUs  08m02.9s/10m0s  3.90 iters/s

running (08m03.9s), 036/100 VUs, 1539 complete and 0 interrupted iterations
normal_day   [  81% ] 036/100 VUs  08m03.9s/10m0s  3.87 iters/s

running (08m04.9s), 037/100 VUs, 1542 complete and 0 interrupted iterations
normal_day   [  81% ] 037/100 VUs  08m04.9s/10m0s  3.83 iters/s

running (08m05.9s), 036/100 VUs, 1547 complete and 0 interrupted iterations
normal_day   [  81% ] 036/100 VUs  08m05.9s/10m0s  3.80 iters/s

running (08m06.9s), 036/100 VUs, 1550 complete and 0 interrupted iterations
normal_day   [  81% ] 036/100 VUs  08m06.9s/10m0s  3.77 iters/s

running (08m07.9s), 036/100 VUs, 1554 complete and 0 interrupted iterations
normal_day   [  81% ] 036/100 VUs  08m07.9s/10m0s  3.74 iters/s

running (08m08.9s), 039/100 VUs, 1555 complete and 0 interrupted iterations
normal_day   [  81% ] 039/100 VUs  08m08.9s/10m0s  3.70 iters/s

running (08m09.9s), 039/100 VUs, 1558 complete and 0 interrupted iterations
normal_day   [  82% ] 039/100 VUs  08m09.9s/10m0s  3.67 iters/s

running (08m10.9s), 041/100 VUs, 1560 complete and 0 interrupted iterations
normal_day   [  82% ] 041/100 VUs  08m10.9s/10m0s  3.64 iters/s

running (08m11.9s), 043/100 VUs, 1562 complete and 0 interrupted iterations
normal_day   [  82% ] 043/100 VUs  08m11.9s/10m0s  3.60 iters/s

running (08m12.9s), 039/100 VUs, 1569 complete and 0 interrupted iterations
normal_day   [  82% ] 039/100 VUs  08m12.9s/10m0s  3.57 iters/s

running (08m13.9s), 041/100 VUs, 1571 complete and 0 interrupted iterations
normal_day   [  82% ] 041/100 VUs  08m13.9s/10m0s  3.54 iters/s

running (08m14.9s), 043/100 VUs, 1572 complete and 0 interrupted iterations
normal_day   [  82% ] 043/100 VUs  08m14.9s/10m0s  3.51 iters/s

running (08m15.9s), 043/100 VUs, 1576 complete and 0 interrupted iterations
normal_day   [  83% ] 043/100 VUs  08m15.9s/10m0s  3.47 iters/s

running (08m16.9s), 044/100 VUs, 1578 complete and 0 interrupted iterations
normal_day   [  83% ] 044/100 VUs  08m16.9s/10m0s  3.44 iters/s

running (08m17.9s), 045/100 VUs, 1581 complete and 0 interrupted iterations
normal_day   [  83% ] 045/100 VUs  08m17.9s/10m0s  3.40 iters/s

running (08m18.9s), 043/100 VUs, 1586 complete and 0 interrupted iterations
normal_day   [  83% ] 043/100 VUs  08m18.9s/10m0s  3.37 iters/s

running (08m19.9s), 043/100 VUs, 1590 complete and 0 interrupted iterations
normal_day   [  83% ] 043/100 VUs  08m19.9s/10m0s  3.33 iters/s

running (08m20.9s), 039/100 VUs, 1597 complete and 0 interrupted iterations
normal_day   [  83% ] 039/100 VUs  08m20.9s/10m0s  3.30 iters/s

running (08m21.9s), 037/100 VUs, 1602 complete and 0 interrupted iterations
normal_day   [  84% ] 037/100 VUs  08m21.9s/10m0s  3.27 iters/s

running (08m22.9s), 035/100 VUs, 1607 complete and 0 interrupted iterations
normal_day   [  84% ] 035/100 VUs  08m22.9s/10m0s  3.24 iters/s

running (08m23.9s), 037/100 VUs, 1609 complete and 0 interrupted iterations
normal_day   [  84% ] 037/100 VUs  08m23.9s/10m0s  3.20 iters/s

running (08m24.9s), 038/100 VUs, 1611 complete and 0 interrupted iterations
normal_day   [  84% ] 038/100 VUs  08m24.9s/10m0s  3.17 iters/s

running (08m25.9s), 037/100 VUs, 1615 complete and 0 interrupted iterations
normal_day   [  84% ] 037/100 VUs  08m25.9s/10m0s  3.14 iters/s

running (08m26.9s), 035/100 VUs, 1620 complete and 0 interrupted iterations
normal_day   [  84% ] 035/100 VUs  08m26.9s/10m0s  3.10 iters/s

running (08m27.9s), 036/100 VUs, 1622 complete and 0 interrupted iterations
normal_day   [  85% ] 036/100 VUs  08m27.9s/10m0s  3.07 iters/s

running (08m28.9s), 034/100 VUs, 1627 complete and 0 interrupted iterations
normal_day   [  85% ] 034/100 VUs  08m28.9s/10m0s  3.04 iters/s

running (08m29.9s), 033/100 VUs, 1631 complete and 0 interrupted iterations
normal_day   [  85% ] 033/100 VUs  08m29.9s/10m0s  3.01 iters/s

running (08m30.9s), 034/100 VUs, 1633 complete and 0 interrupted iterations
normal_day   [  85% ] 034/100 VUs  08m30.9s/10m0s  2.97 iters/s

running (08m31.9s), 035/100 VUs, 1635 complete and 0 interrupted iterations
normal_day   [  85% ] 035/100 VUs  08m31.9s/10m0s  2.94 iters/s

running (08m32.9s), 032/100 VUs, 1641 complete and 0 interrupted iterations
normal_day   [  85% ] 032/100 VUs  08m32.9s/10m0s  2.90 iters/s

running (08m33.9s), 034/100 VUs, 1642 complete and 0 interrupted iterations
normal_day   [  86% ] 034/100 VUs  08m33.9s/10m0s  2.87 iters/s

running (08m34.9s), 034/100 VUs, 1645 complete and 0 interrupted iterations
normal_day   [  86% ] 034/100 VUs  08m34.9s/10m0s  2.83 iters/s

running (08m35.9s), 034/100 VUs, 1648 complete and 0 interrupted iterations
normal_day   [  86% ] 034/100 VUs  08m35.9s/10m0s  2.80 iters/s

running (08m36.9s), 031/100 VUs, 1653 complete and 0 interrupted iterations
normal_day   [  86% ] 031/100 VUs  08m36.9s/10m0s  2.77 iters/s

running (08m37.9s), 032/100 VUs, 1655 complete and 0 interrupted iterations
normal_day   [  86% ] 032/100 VUs  08m37.9s/10m0s  2.74 iters/s

running (08m38.9s), 033/100 VUs, 1657 complete and 0 interrupted iterations
normal_day   [  86% ] 033/100 VUs  08m38.9s/10m0s  2.70 iters/s

running (08m39.9s), 035/100 VUs, 1658 complete and 0 interrupted iterations
normal_day   [  87% ] 035/100 VUs  08m39.9s/10m0s  2.66 iters/s

running (08m40.9s), 032/100 VUs, 1663 complete and 0 interrupted iterations
normal_day   [  87% ] 032/100 VUs  08m40.9s/10m0s  2.64 iters/s

running (08m41.9s), 030/100 VUs, 1668 complete and 0 interrupted iterations
normal_day   [  87% ] 030/100 VUs  08m41.9s/10m0s  2.60 iters/s

running (08m42.9s), 032/100 VUs, 1668 complete and 0 interrupted iterations
normal_day   [  87% ] 032/100 VUs  08m42.9s/10m0s  2.58 iters/s

running (08m43.9s), 032/100 VUs, 1671 complete and 0 interrupted iterations
normal_day   [  87% ] 032/100 VUs  08m43.9s/10m0s  2.54 iters/s

running (08m44.9s), 033/100 VUs, 1673 complete and 0 interrupted iterations
normal_day   [  87% ] 033/100 VUs  08m44.9s/10m0s  2.50 iters/s

running (08m45.9s), 032/100 VUs, 1676 complete and 0 interrupted iterations
normal_day   [  88% ] 032/100 VUs  08m45.9s/10m0s  2.47 iters/s

running (08m46.9s), 030/100 VUs, 1680 complete and 0 interrupted iterations
normal_day   [  88% ] 030/100 VUs  08m46.9s/10m0s  2.44 iters/s

running (08m47.9s), 028/100 VUs, 1685 complete and 0 interrupted iterations
normal_day   [  88% ] 028/100 VUs  08m47.9s/10m0s  2.40 iters/s

running (08m48.9s), 026/100 VUs, 1689 complete and 0 interrupted iterations
normal_day   [  88% ] 026/100 VUs  08m48.9s/10m0s  2.37 iters/s

running (08m49.9s), 023/100 VUs, 1695 complete and 0 interrupted iterations
normal_day   [  88% ] 023/100 VUs  08m49.9s/10m0s  2.33 iters/s

running (08m50.9s), 023/100 VUs, 1697 complete and 0 interrupted iterations
normal_day   [  88% ] 023/100 VUs  08m50.9s/10m0s  2.30 iters/s

running (08m51.9s), 022/100 VUs, 1700 complete and 0 interrupted iterations
normal_day   [  89% ] 022/100 VUs  08m51.9s/10m0s  2.27 iters/s

running (08m52.9s), 019/100 VUs, 1705 complete and 0 interrupted iterations
normal_day   [  89% ] 019/100 VUs  08m52.9s/10m0s  2.24 iters/s

running (08m53.9s), 020/100 VUs, 1707 complete and 0 interrupted iterations
normal_day   [  89% ] 020/100 VUs  08m53.9s/10m0s  2.20 iters/s

running (08m54.9s), 021/100 VUs, 1708 complete and 0 interrupted iterations
normal_day   [  89% ] 021/100 VUs  08m54.9s/10m0s  2.17 iters/s

running (08m55.9s), 020/100 VUs, 1711 complete and 0 interrupted iterations
normal_day   [  89% ] 020/100 VUs  08m55.9s/10m0s  2.14 iters/s

running (08m56.9s), 021/100 VUs, 1712 complete and 0 interrupted iterations
normal_day   [  89% ] 021/100 VUs  08m56.9s/10m0s  2.11 iters/s

running (08m57.9s), 021/100 VUs, 1714 complete and 0 interrupted iterations
normal_day   [  90% ] 021/100 VUs  08m57.9s/10m0s  2.07 iters/s

running (08m58.9s), 022/100 VUs, 1715 complete and 0 interrupted iterations
normal_day   [  90% ] 022/100 VUs  08m58.9s/10m0s  2.04 iters/s

running (08m59.9s), 021/100 VUs, 1718 complete and 0 interrupted iterations
normal_day   [  90% ] 021/100 VUs  08m59.9s/10m0s  2.01 iters/s

running (09m00.9s), 023/100 VUs, 1718 complete and 0 interrupted iterations
normal_day   [  90% ] 023/100 VUs  09m00.9s/10m0s  1.97 iters/s

running (09m01.9s), 023/100 VUs, 1720 complete and 0 interrupted iterations
normal_day   [  90% ] 023/100 VUs  09m01.9s/10m0s  1.94 iters/s

running (09m02.9s), 023/100 VUs, 1722 complete and 0 interrupted iterations
normal_day   [  90% ] 023/100 VUs  09m02.9s/10m0s  1.91 iters/s

running (09m03.9s), 025/100 VUs, 1722 complete and 0 interrupted iterations
normal_day   [  91% ] 025/100 VUs  09m03.9s/10m0s  1.87 iters/s

running (09m04.9s), 023/100 VUs, 1726 complete and 0 interrupted iterations
normal_day   [  91% ] 023/100 VUs  09m04.9s/10m0s  1.83 iters/s

running (09m05.9s), 023/100 VUs, 1728 complete and 0 interrupted iterations
normal_day   [  91% ] 023/100 VUs  09m05.9s/10m0s  1.80 iters/s

running (09m06.9s), 019/100 VUs, 1734 complete and 0 interrupted iterations
normal_day   [  91% ] 019/100 VUs  09m06.9s/10m0s  1.76 iters/s

running (09m07.9s), 018/100 VUs, 1736 complete and 0 interrupted iterations
normal_day   [  91% ] 018/100 VUs  09m07.9s/10m0s  1.74 iters/s

running (09m08.9s), 020/100 VUs, 1736 complete and 0 interrupted iterations
normal_day   [  91% ] 020/100 VUs  09m08.9s/10m0s  1.70 iters/s

running (09m09.9s), 020/100 VUs, 1738 complete and 0 interrupted iterations
normal_day   [  92% ] 020/100 VUs  09m09.9s/10m0s  1.66 iters/s

running (09m10.9s), 020/100 VUs, 1739 complete and 0 interrupted iterations
normal_day   [  92% ] 020/100 VUs  09m10.9s/10m0s  1.64 iters/s

running (09m11.9s), 019/100 VUs, 1742 complete and 0 interrupted iterations
normal_day   [  92% ] 019/100 VUs  09m11.9s/10m0s  1.60 iters/s

running (09m12.9s), 017/100 VUs, 1746 complete and 0 interrupted iterations
normal_day   [  92% ] 017/100 VUs  09m12.9s/10m0s  1.56 iters/s

running (09m13.9s), 016/100 VUs, 1748 complete and 0 interrupted iterations
normal_day   [  92% ] 016/100 VUs  09m13.9s/10m0s  1.54 iters/s

running (09m14.9s), 017/100 VUs, 1749 complete and 0 interrupted iterations
normal_day   [  92% ] 017/100 VUs  09m14.9s/10m0s  1.49 iters/s

running (09m15.9s), 017/100 VUs, 1750 complete and 0 interrupted iterations
normal_day   [  93% ] 017/100 VUs  09m15.9s/10m0s  1.47 iters/s

running (09m16.9s), 017/100 VUs, 1752 complete and 0 interrupted iterations
normal_day   [  93% ] 017/100 VUs  09m16.9s/10m0s  1.43 iters/s

running (09m17.9s), 017/100 VUs, 1753 complete and 0 interrupted iterations
normal_day   [  93% ] 017/100 VUs  09m17.9s/10m0s  1.40 iters/s

running (09m18.9s), 018/100 VUs, 1753 complete and 0 interrupted iterations
normal_day   [  93% ] 018/100 VUs  09m18.9s/10m0s  1.38 iters/s

running (09m19.9s), 018/100 VUs, 1755 complete and 0 interrupted iterations
normal_day   [  93% ] 018/100 VUs  09m19.9s/10m0s  1.33 iters/s

running (09m20.9s), 019/100 VUs, 1755 complete and 0 interrupted iterations
normal_day   [  93% ] 019/100 VUs  09m20.9s/10m0s  1.30 iters/s

running (09m21.9s), 018/100 VUs, 1757 complete and 0 interrupted iterations
normal_day   [  94% ] 018/100 VUs  09m21.9s/10m0s  1.28 iters/s

running (09m22.9s), 020/100 VUs, 1757 complete and 0 interrupted iterations
normal_day   [  94% ] 020/100 VUs  09m22.9s/10m0s  1.22 iters/s

running (09m23.9s), 019/100 VUs, 1759 complete and 0 interrupted iterations
normal_day   [  94% ] 019/100 VUs  09m23.9s/10m0s  1.20 iters/s

running (09m24.9s), 019/100 VUs, 1760 complete and 0 interrupted iterations
normal_day   [  94% ] 019/100 VUs  09m24.9s/10m0s  1.17 iters/s

running (09m25.9s), 015/100 VUs, 1765 complete and 0 interrupted iterations
normal_day   [  94% ] 015/100 VUs  09m25.9s/10m0s  1.14 iters/s

running (09m26.9s), 013/100 VUs, 1768 complete and 0 interrupted iterations
normal_day   [  94% ] 013/100 VUs  09m26.9s/10m0s  1.11 iters/s

running (09m27.9s), 012/100 VUs, 1770 complete and 0 interrupted iterations
normal_day   [  95% ] 012/100 VUs  09m27.9s/10m0s  1.08 iters/s

running (09m28.9s), 012/100 VUs, 1771 complete and 0 interrupted iterations
normal_day   [  95% ] 012/100 VUs  09m28.9s/10m0s  1.05 iters/s

running (09m29.9s), 012/100 VUs, 1772 complete and 0 interrupted iterations
normal_day   [  95% ] 012/100 VUs  09m29.9s/10m0s  1.02 iters/s

running (09m30.9s), 011/100 VUs, 1774 complete and 0 interrupted iterations
normal_day   [  95% ] 011/100 VUs  09m30.9s/10m0s  0.98 iters/s

running (09m31.9s), 010/100 VUs, 1776 complete and 0 interrupted iterations
normal_day   [  95% ] 010/100 VUs  09m31.9s/10m0s  0.95 iters/s

running (09m32.9s), 011/100 VUs, 1776 complete and 0 interrupted iterations
normal_day   [  95% ] 011/100 VUs  09m32.9s/10m0s  0.91 iters/s

running (09m33.9s), 012/100 VUs, 1776 complete and 0 interrupted iterations
normal_day   [  96% ] 012/100 VUs  09m33.9s/10m0s  0.88 iters/s

running (09m34.9s), 012/100 VUs, 1777 complete and 0 interrupted iterations
normal_day   [  96% ] 012/100 VUs  09m34.9s/10m0s  0.84 iters/s

running (09m35.9s), 012/100 VUs, 1778 complete and 0 interrupted iterations
normal_day   [  96% ] 012/100 VUs  09m35.9s/10m0s  0.80 iters/s

running (09m36.9s), 012/100 VUs, 1779 complete and 0 interrupted iterations
normal_day   [  96% ] 012/100 VUs  09m36.9s/10m0s  0.75 iters/s

running (09m37.9s), 009/100 VUs, 1782 complete and 0 interrupted iterations
normal_day   [  96% ] 009/100 VUs  09m37.9s/10m0s  0.75 iters/s

running (09m38.9s), 010/100 VUs, 1782 complete and 0 interrupted iterations
normal_day   [  96% ] 010/100 VUs  09m38.9s/10m0s  0.71 iters/s

running (09m39.9s), 011/100 VUs, 1782 complete and 0 interrupted iterations
normal_day   [  97% ] 011/100 VUs  09m39.9s/10m0s  0.66 iters/s

running (09m40.9s), 009/100 VUs, 1784 complete and 0 interrupted iterations
normal_day   [  97% ] 009/100 VUs  09m40.9s/10m0s  0.66 iters/s

running (09m41.9s), 010/100 VUs, 1784 complete and 0 interrupted iterations
normal_day   [  97% ] 010/100 VUs  09m41.9s/10m0s  0.60 iters/s

running (09m42.9s), 010/100 VUs, 1785 complete and 0 interrupted iterations
normal_day   [  97% ] 010/100 VUs  09m42.9s/10m0s  0.55 iters/s

running (09m43.9s), 010/100 VUs, 1785 complete and 0 interrupted iterations
normal_day   [  97% ] 010/100 VUs  09m43.9s/10m0s  0.55 iters/s

running (09m44.9s), 010/100 VUs, 1786 complete and 0 interrupted iterations
normal_day   [  97% ] 010/100 VUs  09m44.9s/10m0s  0.48 iters/s

running (09m45.9s), 010/100 VUs, 1786 complete and 0 interrupted iterations
normal_day   [  98% ] 010/100 VUs  09m45.9s/10m0s  0.48 iters/s

running (09m46.9s), 010/100 VUs, 1787 complete and 0 interrupted iterations
normal_day   [  98% ] 010/100 VUs  09m46.9s/10m0s  0.41 iters/s

running (09m47.9s), 008/100 VUs, 1789 complete and 0 interrupted iterations
normal_day   [  98% ] 008/100 VUs  09m47.9s/10m0s  0.41 iters/s

running (09m48.9s), 008/100 VUs, 1789 complete and 0 interrupted iterations
normal_day   [  98% ] 008/100 VUs  09m48.9s/10m0s  0.41 iters/s

running (09m49.9s), 008/100 VUs, 1790 complete and 0 interrupted iterations
normal_day   [  98% ] 008/100 VUs  09m49.9s/10m0s  0.31 iters/s

running (09m50.9s), 007/100 VUs, 1791 complete and 0 interrupted iterations
normal_day   [  98% ] 007/100 VUs  09m50.9s/10m0s  0.31 iters/s

running (09m51.9s), 005/100 VUs, 1793 complete and 0 interrupted iterations
normal_day   [  99% ] 005/100 VUs  09m51.9s/10m0s  0.31 iters/s

running (09m52.9s), 006/100 VUs, 1793 complete and 0 interrupted iterations
normal_day   [  99% ] 006/100 VUs  09m52.9s/10m0s  0.13 iters/s

running (09m53.9s), 003/100 VUs, 1796 complete and 0 interrupted iterations
normal_day   [  99% ] 003/100 VUs  09m53.9s/10m0s  0.13 iters/s

running (09m54.9s), 003/100 VUs, 1796 complete and 0 interrupted iterations
normal_day   [  99% ] 003/100 VUs  09m54.9s/10m0s  0.13 iters/s

running (09m55.9s), 002/100 VUs, 1797 complete and 0 interrupted iterations
normal_day   [  99% ] 002/100 VUs  09m55.9s/10m0s  0.13 iters/s

running (09m56.9s), 002/100 VUs, 1797 complete and 0 interrupted iterations
normal_day   [  99% ] 002/100 VUs  09m56.9s/10m0s  0.13 iters/s

running (09m57.9s), 002/100 VUs, 1797 complete and 0 interrupted iterations
normal_day   [ 100% ] 002/100 VUs  09m57.9s/10m0s  0.13 iters/s

running (09m58.9s), 002/100 VUs, 1797 complete and 0 interrupted iterations
normal_day   [ 100% ] 002/100 VUs  09m58.9s/10m0s  0.13 iters/s

running (09m59.9s), 001/100 VUs, 1798 complete and 0 interrupted iterations
normal_day   [ 100% ] 001/100 VUs  09m59.9s/10m0s  0.13 iters/s

running (10m00.9s), 001/100 VUs, 1798 complete and 0 interrupted iterations
normal_day ↓ [ 100% ] 001/100 VUs  10m0s  0.13 iters/s

running (10m01.9s), 001/100 VUs, 1798 complete and 0 interrupted iterations
normal_day ↓ [ 100% ] 001/100 VUs  10m0s  0.13 iters/s

running (10m02.9s), 001/100 VUs, 1798 complete and 0 interrupted iterations
normal_day ↓ [ 100% ] 001/100 VUs  10m0s  0.13 iters/s

running (10m03.9s), 001/100 VUs, 1798 complete and 0 interrupted iterations
normal_day ↓ [ 100% ] 001/100 VUs  10m0s  0.13 iters/s
[32m     ✓ login 200[0m
[32m     ✓ chat rooms 200[0m
[32m     ✓ board list 200[0m
[32m     ✓ hot daily 200[0m
[32m     ✓ post detail 200[0m
[32m     ✓ post list 200[0m
[32m     ✓ post create 2xx[0m
[32m     ✓ post update 200[0m
[32m     ✓ post delete 200[0m
[32m     ✓ comment list 200[0m
[32m     ✓ comment create 2xx[0m
[32m     ✓ unread count 200[0m
[32m     ✓ ws handshake 101[0m
[32m     ✓ post reaction 2xx[0m
[32m     ✓ chat messages 200[0m
[32m     ✓ refresh 200[0m
[32m     ✓ notif list 200[0m
[32m     ✓ chat read 200[0m
[32m     ✓ post search 200[0m
[32m     ✓ friend list 200[0m
[32m     ✓ received reqs 200[0m
[32m     ✓ user info 200[0m
[32m     ✓ my posts 200[0m
[32m     ✓ logout 200[0m
[32m     ✓ scrap 2xx[0m
[32m     ✓ read one 200[0m
[32m     ✓ meal today 200[0m
[32m     ✓ timetable today 200[0m
[32m     ✓ meal month 200[0m
[32m     ✓ comment reaction 200[0m
[32m     ✓ read all 200[0m

     auth_token_refreshes[2m...........:[0m [36m17[0m      [36;2m0.028139/s[0m
     chat_ws_messages_sent[2m..........:[0m [36m369[0m     [36;2m0.610791/s[0m
     chat_ws_rtt[2m....................:[0m avg=[36m62.35ms[0m  min=[36m15ms[0m    med=[36m21ms[0m     max=[36m2.61s[0m    p(90)=[36m46.4ms[0m   p(95)=[36m174.99ms[0m p(99)=[36m1.12s[0m   
     checks[2m.........................:[0m [36m100.00%[0m [36;2m✓ 7884[0m      [36;2m✗ 0[0m    
     [32m✓[0m { phase:measure }[2m............:[0m [36m100.00%[0m [36;2m✓ 5146[0m      [36;2m✗ 0[0m    
     [32m✓[0m { phase:rampdown }[2m...........:[0m [36m100.00%[0m [36;2m✓ 1220[0m      [36;2m✗ 0[0m    
     [32m✓[0m { phase:warmup }[2m.............:[0m [36m100.00%[0m [36;2m✓ 1518[0m      [36;2m✗ 0[0m    
     data_received[2m..................:[0m [36m401 MB[0m  [36;2m663 kB/s[0m
     data_sent[2m......................:[0m [36m3.2 MB[0m  [36;2m5.2 kB/s[0m
     http_req_blocked[2m...............:[0m avg=[36m19.72µs[0m  min=[36m1.71µs[0m  med=[36m5.35µs[0m   max=[36m48.41ms[0m  p(90)=[36m10.84µs[0m  p(95)=[36m14.88µs[0m  p(99)=[36m275.44µs[0m
     http_req_connecting[2m............:[0m avg=[36m11.22µs[0m  min=[36m0s[0m      med=[36m0s[0m       max=[36m48.32ms[0m  p(90)=[36m0s[0m       p(95)=[36m0s[0m       p(99)=[36m194µs[0m   
     http_req_duration[2m..............:[0m avg=[36m132.59ms[0m min=[36m1.62ms[0m  med=[36m6.69ms[0m   max=[36m12.14s[0m   p(90)=[36m150.96ms[0m p(95)=[36m745.48ms[0m p(99)=[36m2.37s[0m   
       { expected_response:true }[2m...:[0m avg=[36m132.59ms[0m min=[36m1.62ms[0m  med=[36m6.69ms[0m   max=[36m12.14s[0m   p(90)=[36m150.96ms[0m p(95)=[36m745.48ms[0m p(99)=[36m2.37s[0m   
     [32m✓[0m { feature:auth }[2m.............:[0m avg=[36m106.44ms[0m min=[36m13.64ms[0m med=[36m82.33ms[0m  max=[36m678.15ms[0m p(90)=[36m239.98ms[0m p(95)=[36m310.58ms[0m p(99)=[36m632.32ms[0m
     [32m✓[0m { feature:board }[2m............:[0m avg=[36m37.86ms[0m  min=[36m2.04ms[0m  med=[36m3.35ms[0m   max=[36m2.27s[0m    p(90)=[36m10.69ms[0m  p(95)=[36m67.21ms[0m  p(99)=[36m1.16s[0m   
     [32m✓[0m { feature:chat }[2m.............:[0m avg=[36m19.92ms[0m  min=[36m2.02ms[0m  med=[36m5ms[0m      max=[36m1.11s[0m    p(90)=[36m12.79ms[0m  p(95)=[36m17.15ms[0m  p(99)=[36m549.03ms[0m
     [32m✓[0m { feature:comment }[2m..........:[0m avg=[36m576.91ms[0m min=[36m2.07ms[0m  med=[36m69.28ms[0m  max=[36m12.14s[0m   p(90)=[36m1.85s[0m    p(95)=[36m2.46s[0m    p(99)=[36m6.8s[0m    
     [32m✓[0m { feature:friend }[2m...........:[0m avg=[36m28.48ms[0m  min=[36m2.31ms[0m  med=[36m4.07ms[0m   max=[36m1.62s[0m    p(90)=[36m10.57ms[0m  p(95)=[36m14.06ms[0m  p(99)=[36m991.13ms[0m
     [32m✓[0m { feature:hot }[2m..............:[0m avg=[36m38.94ms[0m  min=[36m7.67ms[0m  med=[36m12.12ms[0m  max=[36m1.68s[0m    p(90)=[36m24.78ms[0m  p(95)=[36m53.68ms[0m  p(99)=[36m884.35ms[0m
     [32m✓[0m { feature:mypage }[2m...........:[0m avg=[36m27.13ms[0m  min=[36m2.14ms[0m  med=[36m4.02ms[0m   max=[36m661.89ms[0m p(90)=[36m11.32ms[0m  p(95)=[36m155.32ms[0m p(99)=[36m456.08ms[0m
     [32m✓[0m { feature:notification }[2m.....:[0m avg=[36m26.48ms[0m  min=[36m2.15ms[0m  med=[36m7.36ms[0m   max=[36m2.36s[0m    p(90)=[36m19.88ms[0m  p(95)=[36m28.32ms[0m  p(99)=[36m188.63ms[0m
     [32m✓[0m { feature:post }[2m.............:[0m avg=[36m29.03ms[0m  min=[36m1.62ms[0m  med=[36m5.25ms[0m   max=[36m2.89s[0m    p(90)=[36m19.52ms[0m  p(95)=[36m38.04ms[0m  p(99)=[36m801.36ms[0m
     [32m✓[0m { feature:reaction }[2m.........:[0m avg=[36m72.19ms[0m  min=[36m16.25ms[0m med=[36m22.52ms[0m  max=[36m2.47s[0m    p(90)=[36m50.26ms[0m  p(95)=[36m94.68ms[0m  p(99)=[36m1.32s[0m   
     [32m✓[0m { feature:school }[2m...........:[0m avg=[36m15.11ms[0m  min=[36m2.69ms[0m  med=[36m3.99ms[0m   max=[36m361.91ms[0m p(90)=[36m11.68ms[0m  p(95)=[36m21.21ms[0m  p(99)=[36m360.22ms[0m
     [32m✓[0m { feature:scrap }[2m............:[0m avg=[36m34.43ms[0m  min=[36m14.34ms[0m med=[36m20.04ms[0m  max=[36m351.15ms[0m p(90)=[36m41.33ms[0m  p(95)=[36m60.5ms[0m   p(99)=[36m279.74ms[0m
     [32m✓[0m { feature:timetable }[2m........:[0m avg=[36m22.9ms[0m   min=[36m2.22ms[0m  med=[36m3.35ms[0m   max=[36m607.66ms[0m p(90)=[36m6.3ms[0m    p(95)=[36m10.44ms[0m  p(99)=[36m602.68ms[0m
     [32m✓[0m { op:auth }[2m..................:[0m avg=[36m106.44ms[0m min=[36m13.64ms[0m med=[36m82.33ms[0m  max=[36m678.15ms[0m p(90)=[36m239.98ms[0m p(95)=[36m310.58ms[0m p(99)=[36m632.32ms[0m
     [31m✗[0m { op:read,phase:measure }[2m....:[0m avg=[36m142.45ms[0m min=[36m1.62ms[0m  med=[36m5.7ms[0m    max=[36m12.14s[0m   p(90)=[36m200.03ms[0m p(95)=[36m826.64ms[0m p(99)=[36m2.47s[0m   
     [32m✓[0m { op:write,phase:measure }[2m...:[0m avg=[36m54.69ms[0m  min=[36m2.7ms[0m   med=[36m18.95ms[0m  max=[36m3.14s[0m    p(90)=[36m43.22ms[0m  p(95)=[36m93.33ms[0m  p(99)=[36m846.41ms[0m
     [32m✓[0m { page:0 }[2m...................:[0m avg=[36m31.06ms[0m  min=[36m1.62ms[0m  med=[36m3.44ms[0m   max=[36m1.59s[0m    p(90)=[36m31.45ms[0m  p(95)=[36m45.76ms[0m  p(99)=[36m817.5ms[0m 
     [32m✓[0m { page:1 }[2m...................:[0m avg=[36m22.39ms[0m  min=[36m2.14ms[0m  med=[36m3.51ms[0m   max=[36m533.86ms[0m p(90)=[36m36.68ms[0m  p(95)=[36m45.54ms[0m  p(99)=[36m401.89ms[0m
     [32m✓[0m { page:2 }[2m...................:[0m avg=[36m13.02ms[0m  min=[36m2.01ms[0m  med=[36m3.66ms[0m   max=[36m441.76ms[0m p(90)=[36m10.56ms[0m  p(95)=[36m39.29ms[0m  p(99)=[36m147.98ms[0m
     [32m✓[0m { page:3 }[2m...................:[0m avg=[36m12.92ms[0m  min=[36m1.72ms[0m  med=[36m3.38ms[0m   max=[36m179.46ms[0m p(90)=[36m33.31ms[0m  p(95)=[36m40.69ms[0m  p(99)=[36m127.17ms[0m
     [32m✓[0m { page:4 }[2m...................:[0m avg=[36m16.1ms[0m   min=[36m2ms[0m     med=[36m3.42ms[0m   max=[36m174.79ms[0m p(90)=[36m43.54ms[0m  p(95)=[36m91.99ms[0m  p(99)=[36m144.61ms[0m
     [32m✓[0m { phase:measure }[2m............:[0m avg=[36m134.96ms[0m min=[36m1.62ms[0m  med=[36m6.17ms[0m   max=[36m12.14s[0m   p(90)=[36m170.56ms[0m p(95)=[36m784.31ms[0m p(99)=[36m2.43s[0m   
     [32m✓[0m { phase:rampdown }[2m...........:[0m avg=[36m120.45ms[0m min=[36m1.95ms[0m  med=[36m6.25ms[0m   max=[36m4.15s[0m    p(90)=[36m155.87ms[0m p(95)=[36m821.05ms[0m p(99)=[36m2.36s[0m   
     [32m✓[0m { phase:warmup }[2m.............:[0m avg=[36m134.32ms[0m min=[36m2.42ms[0m  med=[36m10.22ms[0m  max=[36m10.98s[0m   p(90)=[36m116.57ms[0m p(95)=[36m538.21ms[0m p(99)=[36m2.26s[0m   
     http_req_failed[2m................:[0m [36m0.00%[0m   [36;2m✓ 0[0m         [36;2m✗ 7819[0m 
     [32m✓[0m { phase:measure }[2m............:[0m [36m0.00%[0m   [36;2m✓ 0[0m         [36;2m✗ 5098[0m 
     [32m✓[0m { phase:rampdown }[2m...........:[0m [36m0.00%[0m   [36;2m✓ 0[0m         [36;2m✗ 1207[0m 
     [32m✓[0m { phase:warmup }[2m.............:[0m [36m0.00%[0m   [36;2m✓ 0[0m         [36;2m✗ 1514[0m 
     http_req_receiving[2m.............:[0m avg=[36m673.57µs[0m min=[36m20.32µs[0m med=[36m184.13µs[0m max=[36m99.63ms[0m  p(90)=[36m634.58µs[0m p(95)=[36m2.25ms[0m   p(99)=[36m9.88ms[0m  
     http_req_sending[2m...............:[0m avg=[36m37.95µs[0m  min=[36m5.62µs[0m  med=[36m28.61µs[0m  max=[36m1.34ms[0m   p(90)=[36m68.64µs[0m  p(95)=[36m91.96µs[0m  p(99)=[36m165.21µs[0m
     http_req_tls_handshaking[2m.......:[0m avg=[36m0s[0m       min=[36m0s[0m      med=[36m0s[0m       max=[36m0s[0m       p(90)=[36m0s[0m       p(95)=[36m0s[0m       p(99)=[36m0s[0m      
     http_req_waiting[2m...............:[0m avg=[36m131.88ms[0m min=[36m1.55ms[0m  med=[36m6.44ms[0m   max=[36m12.13s[0m   p(90)=[36m149.83ms[0m p(95)=[36m744.12ms[0m p(99)=[36m2.36s[0m   
     http_reqs[2m......................:[0m [36m7819[0m    [36;2m12.942482/s[0m
     [32m✓[0m { feature:auth }[2m.............:[0m [36m157[0m     [36;2m0.259876/s[0m
     [32m✓[0m { feature:board }[2m............:[0m [36m718[0m     [36;2m1.188477/s[0m
     [32m✓[0m { feature:chat }[2m.............:[0m [36m568[0m     [36;2m0.940188/s[0m
     [32m✓[0m { feature:comment }[2m..........:[0m [36m1434[0m    [36;2m2.373644/s[0m
     [32m✓[0m { feature:friend }[2m...........:[0m [36m160[0m     [36;2m0.264842/s[0m
     [32m✓[0m { feature:hot }[2m..............:[0m [36m718[0m     [36;2m1.188477/s[0m
     [32m✓[0m { feature:mypage }[2m...........:[0m [36m72[0m      [36;2m0.119179/s[0m
     [32m✓[0m { feature:notification }[2m.....:[0m [36m343[0m     [36;2m0.567754/s[0m
     [32m✓[0m { feature:post }[2m.............:[0m [36m3333[0m    [36;2m5.516983/s[0m
     [32m✓[0m { feature:reaction }[2m.........:[0m [36m139[0m     [36;2m0.230081/s[0m
     [32m✓[0m { feature:school }[2m...........:[0m [36m75[0m      [36;2m0.124145/s[0m
     [32m✓[0m { feature:scrap }[2m............:[0m [36m38[0m      [36;2m0.0629/s[0m
     [32m✓[0m { feature:timetable }[2m........:[0m [36m64[0m      [36;2m0.105937/s[0m
     [32m✓[0m { op:auth }[2m..................:[0m [36m157[0m     [36;2m0.259876/s[0m
     [32m✓[0m { op:read }[2m..................:[0m [36m7083[0m    [36;2m11.72421/s[0m
     [32m✓[0m { op:write }[2m.................:[0m [36m579[0m     [36;2m0.958396/s[0m
     [32m✓[0m { page:0 }[2m...................:[0m [36m404[0m     [36;2m0.668725/s[0m
     [32m✓[0m { page:1 }[2m...................:[0m [36m128[0m     [36;2m0.211873/s[0m
     [32m✓[0m { page:2 }[2m...................:[0m [36m83[0m      [36;2m0.137387/s[0m
     [32m✓[0m { page:3 }[2m...................:[0m [36m65[0m      [36;2m0.107592/s[0m
     [32m✓[0m { page:4 }[2m...................:[0m [36m38[0m      [36;2m0.0629/s[0m
     [32m✓[0m { phase:measure }[2m............:[0m [36m5098[0m    [36;2m8.438518/s[0m
     [32m✓[0m { phase:rampdown }[2m...........:[0m [36m1207[0m    [36;2m1.997899/s[0m
     [32m✓[0m { phase:warmup }[2m.............:[0m [36m1514[0m    [36;2m2.506064/s[0m
     iteration_duration[2m.............:[0m avg=[36m10s[0m      min=[36m1.02s[0m   med=[36m7.38s[0m    max=[36m31.18s[0m   p(90)=[36m19.47s[0m   p(95)=[36m21.69s[0m   p(99)=[36m27.14s[0m  
     iterations[2m.....................:[0m [36m1799[0m    [36;2m2.977814/s[0m
     [32m✓[0m { phase:measure }[2m............:[0m [36m0[0m       [36;2m0/s[0m
     [32m✓[0m { phase:rampdown }[2m...........:[0m [36m0[0m       [36;2m0/s[0m
     [32m✓[0m { phase:warmup }[2m.............:[0m [36m0[0m       [36;2m0/s[0m
     phase_iterations[2m...............:[0m [36m1799[0m    [36;2m2.977814/s[0m
     [32m✓[0m { phase:measure }[2m............:[0m [36m1210[0m    [36;2m2.002865/s[0m
     [32m✓[0m { phase:rampdown }[2m...........:[0m [36m271[0m     [36;2m0.448576/s[0m
     [32m✓[0m { phase:warmup }[2m.............:[0m [36m318[0m     [36;2m0.526373/s[0m
     vus[2m............................:[0m [36m1[0m       [36;2mmin=0[0m       [36;2mmax=57[0m 
     vus_max[2m........................:[0m [36m100[0m     [36;2mmin=100[0m     [36;2mmax=100[0m
     ws_connecting[2m..................:[0m avg=[36m9.85ms[0m   min=[36m2.11ms[0m  med=[36m3.09ms[0m   max=[36m390.18ms[0m p(90)=[36m5.7ms[0m    p(95)=[36m7.64ms[0m   p(99)=[36m160.58ms[0m
     ws_msgs_received[2m...............:[0m [36m432[0m     [36;2m0.715073/s[0m
     ws_msgs_sent[2m...................:[0m [36m499[0m     [36;2m0.825975/s[0m
     ws_session_duration[2m............:[0m avg=[36m22.12s[0m   min=[36m15.09s[0m  med=[36m21.8s[0m    max=[36m29.69s[0m   p(90)=[36m28.33s[0m   p(95)=[36m28.97s[0m   p(99)=[36m29.61s[0m  
     ws_sessions[2m....................:[0m [36m65[0m      [36;2m0.107592/s[0m
running (10m04.1s), 000/100 VUs, 1799 complete and 0 interrupted iterations
normal_day ✓ [ 100% ] 000/100 VUs  10m0s  0.13 iters/s
  호스트(Windows) 583표본 · CPU 17.6% (max 94.4) · 정규화성능 122.0% · vmmem 159.4% · 바쁜코어 2.3개 · 가용메모리 3423MB
  부하 중 벤치(warmup +60초, 3회 중앙값) · single 5473ms (유휴 대비 10.3%) · parallel 5176ms (유휴 대비 -16.4%) · ctxswitch 2278ms (유휴 대비 6.8%)

  실행 후 상태 sha256:3e6084e81f91 — chat_messages.count +369, chat_messages.maxId +369, posts.maxId +93, comments.count +90, comments.maxId +90 (외 13개)
    (지문 제외 항목: posts.sumViewCount +2018, daily_hot_post.count +54)
Prometheus 스크레이프 대기 20초...

══════════════════════════════════════════════════════════════════════════
  Performance Report — normal-day   Run #113   ❌ FAIL
══════════════════════════════════════════════════════════════════════════
  ⚠  한계 근처 — 큐가 생기기 시작했습니다. p95 에 대기 시간이 섞여 있습니다.
     · DB 커넥션 대기 스레드 1.05 — 커넥션 풀 앞에 대기줄이 생겼다. 요청 지연에 대기 시간이 포함된다.
  환경 perf  |  브랜치 personal/localdocs  |  커밋 3e96d946  |  빌드 local
  시작 2026-08-20 16:06:25 KST  |  수행 10m 4s  |  VU max 100
  데이터셋 medium  |  부하 ramping-arrival-rate 0→4@3m0s→4@5m0s→0@2m0s maxVU 600

  ── 성능 (measure 구간) ─────────────────────────────────────────
  평균 135ms     P95 784ms     P99 2.44s    
  RPS  17.0      TPS 4.03      오류율 0.00%

  ── 인프라 ────────────────────────────────────────────────────────
  CPU  1.30 core (한계의 65%)   throttled 14.5%
  Heap 759 MB (74%)   GC max 90ms × 82회
  DB   slow 745  QPS 5,273  풀 100%  대기 21
  Redis hit 99.2%  ops 65.2/s  evicted 0

  ── 회귀 (기준: normal-day-2026-08-20T05-14-54) ────────────────
  ⚠  기준선은 당시 k6 threshold 미통과 실행입니다, 당시 Node 판정 FAIL.
     아래 증감률은 개선/악화 폭이며 현재 SLO 통과를 뜻하지 않습니다.
  ❌ P95 응답시간                   276ms → 784ms (+184.5%)
       784 > 상한 500
       직전 대비 +184.5% 악화 (허용 20%)
  ❌ P99 응답시간                   1.84s → 2.44s (+32.7%)
       2438 > 상한 1200
       직전 대비 +32.7% 악화 (허용 30%)
  ❌ 평균 응답시간                    73ms → 135ms (+83.8%)
       직전 대비 +83.8% 악화 (허용 25%)
  ⚠️  CPU 포화도 (한계 대비 최대)         46.0% → 65.1% (+41.6%)
       직전 대비 +41.6% 악화 (경고 30%)
  ❌ CPU throttling 비율          5.2% → 14.5% (+180.0%)
       14.45 > 상한 10.00
  ⚠️  GC 최대 정지시간                 30ms → 90ms (+200.0%)
       직전 대비 +200.0% 악화 (경고 30%)
  ❌ HikariCP 포화도               70.0% → 100.0% (+42.9%)
       100 > 상한 95.00
  ❌ HikariCP 대기 스레드 최대         
       21.00 > 상한 5.00

  ── 병목 가설 ─────────────────────────────────────────────────────
  • CPU throttling 발생
    cgroup이 CPU를 강제 회수한 주기가 14.5%다. CPU 한계(2 core)를 올리거나 요청당 CPU 사용을 줄여야 p99가 안정된다.
  • DB 커넥션 풀 대기 발생
    최대 21개 스레드가 커넥션을 기다렸다. 풀 크기(10)가 동시성 대비 부족하거나, 커넥션 보유 시간이 긴 쿼리가 있다.
  • DB 커넥션 풀 포화
    풀 사용률이 100%까지 올라갔다. 여유가 거의 없어 부하가 조금만 늘어도 대기가 생긴다.
  • HTTP 요청당 쿼리 수 과다
    요청 1건당 평균 310.3개 쿼리가 실행됐다. N+1 패턴 가능성이 높다.

  보고서 : reports\runs\normal-day-2026-08-20T07-16-29\report.html
  Grafana(전체 실행): http://localhost:3001/d/htd-perf-overview/highteenday-performance-overview?from=1787209465359&to=1787210309494
  Grafana(measure) : http://localhost:3001/d/htd-perf-overview/highteenday-performance-overview?from=1787209645359&to=1787210185359
══════════════════════════════════════════════════════════════════════════

  [1/3] p95 784.3ms · 평균 135.0ms · 서버측 141.3ms · 경로 -6.3ms

──────── [2/3] 리셋 (restart) ────────

▶ k6 run scenarios/normal-day.js
  브랜치 personal/localdocs · 커밋 3e96d9463207 · 실행자 user@DESKTOP-DJJPASG
  환경 perf · "KI-27 Before-A (open model RATE=4) — repeatability 2/3"
  데이터셋 medium · 상태 sha256:3e6084e81f91 (173ms)
  캐시 cold (키 0개)
  guard strict — 상태 불일치 시 스냅샷 복원 후 재확인 [perf.config.json]
    guard=strict — 스냅샷으로 복원합니다.
▶ 복원 — medium-20260816-062210 → perf-mysql-data-medium
  앱·MySQL 정지
  MySQL 기동
  Redis FLUSHALL (복원 후 캐시는 cold 다)
  앱 기동
  복원 후 상태 지문 sha256:ffe696d17416 = 스냅샷 일치

✅ 복원 완료 · 소요 5.8초 (압축 해제 구간)

  부하 발생기: 컨테이너 perf-k6 (grafana/k6:2.1.0, CPU 상한 4)
  k6 지표 전송: http://prometheus:9090/api/v1/write (native histogram, 5s 간격)
  환경 대조 벤치 실행 중(3축 3회, 약 40초)... single 5062ms · parallel 5565ms · ctxswitch 2157ms
  부하 중 벤치 예약: k6 시작 +60초 (warmup 구간, 3회)

         /\      Grafana   /‾‾/  
    /\  /  \     |\  __   /  /   
   /  \/    \    | |/ /  /   ‾‾\ 
  /          \   |   (  |  (‾)  |
 / __________ \  |_|\_\  \_____/ 


     execution: local
        script: scenarios/normal-day.js
        output: Prometheus remote write (http://prometheus:9090/api/v1/write)

     scenarios: (100.00%) 1 scenario, 600 max VUs, 10m30s max duration (incl. graceful stop):
              * normal_day: Up to 4.00 iterations/s for 10m0s over 3 stages (maxVUs: 100-600, gracefulStop: 30s)


running (00m00.9s), 000/100 VUs, 0 complete and 0 interrupted iterations
normal_day   [   0% ] 000/100 VUs  00m00.9s/10m0s  0.11 iters/s

running (00m01.9s), 000/100 VUs, 0 complete and 0 interrupted iterations
normal_day   [   0% ] 000/100 VUs  00m01.9s/10m0s  0.11 iters/s

running (00m02.9s), 000/100 VUs, 0 complete and 0 interrupted iterations
normal_day   [   0% ] 000/100 VUs  00m02.9s/10m0s  0.11 iters/s

running (00m03.9s), 000/100 VUs, 0 complete and 0 interrupted iterations
normal_day   [   1% ] 000/100 VUs  00m03.9s/10m0s  0.11 iters/s

running (00m04.9s), 000/100 VUs, 0 complete and 0 interrupted iterations
normal_day   [   1% ] 000/100 VUs  00m04.9s/10m0s  0.11 iters/s

running (00m05.9s), 000/100 VUs, 0 complete and 0 interrupted iterations
normal_day   [   1% ] 000/100 VUs  00m05.9s/10m0s  0.11 iters/s

running (00m06.9s), 000/100 VUs, 0 complete and 0 interrupted iterations
normal_day   [   1% ] 000/100 VUs  00m06.9s/10m0s  0.11 iters/s

running (00m07.9s), 000/100 VUs, 0 complete and 0 interrupted iterations
normal_day   [   1% ] 000/100 VUs  00m07.9s/10m0s  0.11 iters/s

running (00m08.9s), 000/100 VUs, 0 complete and 0 interrupted iterations
normal_day   [   1% ] 000/100 VUs  00m08.9s/10m0s  0.11 iters/s

running (00m09.9s), 001/100 VUs, 0 complete and 0 interrupted iterations
normal_day   [   2% ] 001/100 VUs  00m09.9s/10m0s  0.25 iters/s

running (00m10.9s), 001/100 VUs, 0 complete and 0 interrupted iterations
normal_day   [   2% ] 001/100 VUs  00m10.9s/10m0s  0.25 iters/s

running (00m11.9s), 000/100 VUs, 1 complete and 0 interrupted iterations
normal_day   [   2% ] 000/100 VUs  00m11.9s/10m0s  0.25 iters/s

running (00m12.9s), 000/100 VUs, 1 complete and 0 interrupted iterations
normal_day   [   2% ] 000/100 VUs  00m12.9s/10m0s  0.25 iters/s

running (00m13.9s), 001/100 VUs, 1 complete and 0 interrupted iterations
normal_day   [   2% ] 001/100 VUs  00m13.9s/10m0s  0.33 iters/s

running (00m14.9s), 001/100 VUs, 1 complete and 0 interrupted iterations
normal_day   [   2% ] 001/100 VUs  00m14.9s/10m0s  0.33 iters/s

running (00m15.9s), 000/100 VUs, 2 complete and 0 interrupted iterations
normal_day   [   3% ] 000/100 VUs  00m15.9s/10m0s  0.33 iters/s

running (00m16.9s), 001/100 VUs, 2 complete and 0 interrupted iterations
normal_day   [   3% ] 001/100 VUs  00m16.9s/10m0s  0.39 iters/s

running (00m17.9s), 001/100 VUs, 2 complete and 0 interrupted iterations
normal_day   [   3% ] 001/100 VUs  00m17.9s/10m0s  0.39 iters/s

running (00m18.9s), 001/100 VUs, 2 complete and 0 interrupted iterations
normal_day   [   3% ] 001/100 VUs  00m18.9s/10m0s  0.39 iters/s

running (00m19.9s), 002/100 VUs, 2 complete and 0 interrupted iterations
normal_day   [   3% ] 002/100 VUs  00m19.9s/10m0s  0.45 iters/s

running (00m20.9s), 001/100 VUs, 3 complete and 0 interrupted iterations
normal_day   [   3% ] 001/100 VUs  00m20.9s/10m0s  0.45 iters/s

running (00m21.9s), 002/100 VUs, 3 complete and 0 interrupted iterations
normal_day   [   4% ] 002/100 VUs  00m21.9s/10m0s  0.49 iters/s

running (00m22.9s), 002/100 VUs, 3 complete and 0 interrupted iterations
normal_day   [   4% ] 002/100 VUs  00m22.9s/10m0s  0.49 iters/s

running (00m23.9s), 003/100 VUs, 3 complete and 0 interrupted iterations
normal_day   [   4% ] 003/100 VUs  00m23.9s/10m0s  0.54 iters/s

running (00m24.9s), 002/100 VUs, 4 complete and 0 interrupted iterations
normal_day   [   4% ] 002/100 VUs  00m24.9s/10m0s  0.54 iters/s

running (00m25.9s), 003/100 VUs, 4 complete and 0 interrupted iterations
normal_day   [   4% ] 003/100 VUs  00m25.9s/10m0s  0.58 iters/s

running (00m26.9s), 004/100 VUs, 4 complete and 0 interrupted iterations
normal_day   [   4% ] 004/100 VUs  00m26.9s/10m0s  0.61 iters/s

running (00m27.9s), 004/100 VUs, 4 complete and 0 interrupted iterations
normal_day   [   5% ] 004/100 VUs  00m27.9s/10m0s  0.61 iters/s

running (00m28.9s), 004/100 VUs, 5 complete and 0 interrupted iterations
normal_day   [   5% ] 004/100 VUs  00m28.9s/10m0s  0.65 iters/s

running (00m29.9s), 004/100 VUs, 5 complete and 0 interrupted iterations
normal_day   [   5% ] 004/100 VUs  00m29.9s/10m0s  0.65 iters/s

running (00m30.9s), 005/100 VUs, 5 complete and 0 interrupted iterations
normal_day   [   5% ] 005/100 VUs  00m30.9s/10m0s  0.68 iters/s

running (00m31.9s), 005/100 VUs, 6 complete and 0 interrupted iterations
normal_day   [   5% ] 005/100 VUs  00m31.9s/10m0s  0.71 iters/s

running (00m32.9s), 004/100 VUs, 8 complete and 0 interrupted iterations
normal_day   [   5% ] 004/100 VUs  00m32.9s/10m0s  0.75 iters/s

running (00m33.9s), 004/100 VUs, 8 complete and 0 interrupted iterations
normal_day   [   6% ] 004/100 VUs  00m33.9s/10m0s  0.75 iters/s

running (00m34.9s), 005/100 VUs, 8 complete and 0 interrupted iterations
normal_day   [   6% ] 005/100 VUs  00m34.9s/10m0s  0.77 iters/s

running (00m35.9s), 005/100 VUs, 9 complete and 0 interrupted iterations
normal_day   [   6% ] 005/100 VUs  00m35.9s/10m0s  0.80 iters/s

running (00m36.9s), 006/100 VUs, 9 complete and 0 interrupted iterations
normal_day   [   6% ] 006/100 VUs  00m36.9s/10m0s  0.83 iters/s

running (00m37.9s), 006/100 VUs, 9 complete and 0 interrupted iterations
normal_day   [   6% ] 006/100 VUs  00m37.9s/10m0s  0.83 iters/s

running (00m38.9s), 006/100 VUs, 10 complete and 0 interrupted iterations
normal_day   [   6% ] 006/100 VUs  00m38.9s/10m0s  0.86 iters/s

running (00m39.9s), 005/100 VUs, 12 complete and 0 interrupted iterations
normal_day   [   7% ] 005/100 VUs  00m39.9s/10m0s  0.88 iters/s

running (00m40.9s), 006/100 VUs, 12 complete and 0 interrupted iterations
normal_day   [   7% ] 006/100 VUs  00m40.9s/10m0s  0.91 iters/s

running (00m41.9s), 007/100 VUs, 12 complete and 0 interrupted iterations
normal_day   [   7% ] 007/100 VUs  00m41.9s/10m0s  0.93 iters/s

running (00m42.9s), 008/100 VUs, 12 complete and 0 interrupted iterations
normal_day   [   7% ] 008/100 VUs  00m42.9s/10m0s  0.95 iters/s

running (00m43.9s), 009/100 VUs, 12 complete and 0 interrupted iterations
normal_day   [   7% ] 009/100 VUs  00m43.9s/10m0s  0.98 iters/s

running (00m44.9s), 010/100 VUs, 12 complete and 0 interrupted iterations
normal_day   [   7% ] 010/100 VUs  00m44.9s/10m0s  1.00 iters/s

running (00m45.9s), 010/100 VUs, 13 complete and 0 interrupted iterations
normal_day   [   8% ] 010/100 VUs  00m45.9s/10m0s  1.02 iters/s

running (00m46.9s), 011/100 VUs, 13 complete and 0 interrupted iterations
normal_day   [   8% ] 011/100 VUs  00m46.9s/10m0s  1.04 iters/s

running (00m47.9s), 011/100 VUs, 14 complete and 0 interrupted iterations
normal_day   [   8% ] 011/100 VUs  00m47.9s/10m0s  1.06 iters/s

running (00m48.9s), 011/100 VUs, 15 complete and 0 interrupted iterations
normal_day   [   8% ] 011/100 VUs  00m48.9s/10m0s  1.09 iters/s

running (00m49.9s), 012/100 VUs, 15 complete and 0 interrupted iterations
normal_day   [   8% ] 012/100 VUs  00m49.9s/10m0s  1.11 iters/s

running (00m50.9s), 013/100 VUs, 15 complete and 0 interrupted iterations
normal_day   [   8% ] 013/100 VUs  00m50.9s/10m0s  1.13 iters/s

running (00m51.9s), 012/100 VUs, 17 complete and 0 interrupted iterations
normal_day   [   9% ] 012/100 VUs  00m51.9s/10m0s  1.14 iters/s

running (00m52.9s), 012/100 VUs, 19 complete and 0 interrupted iterations
normal_day   [   9% ] 012/100 VUs  00m52.9s/10m0s  1.18 iters/s

running (00m53.9s), 013/100 VUs, 19 complete and 0 interrupted iterations
normal_day   [   9% ] 013/100 VUs  00m53.9s/10m0s  1.20 iters/s

running (00m54.9s), 013/100 VUs, 20 complete and 0 interrupted iterations
normal_day   [   9% ] 013/100 VUs  00m54.9s/10m0s  1.22 iters/s

running (00m55.9s), 014/100 VUs, 20 complete and 0 interrupted iterations
normal_day   [   9% ] 014/100 VUs  00m55.9s/10m0s  1.24 iters/s

running (00m56.9s), 015/100 VUs, 20 complete and 0 interrupted iterations
normal_day   [   9% ] 015/100 VUs  00m56.9s/10m0s  1.26 iters/s

running (00m57.9s), 016/100 VUs, 21 complete and 0 interrupted iterations
normal_day   [  10% ] 016/100 VUs  00m57.9s/10m0s  1.29 iters/s

running (00m58.9s), 016/100 VUs, 22 complete and 0 interrupted iterations
normal_day   [  10% ] 016/100 VUs  00m58.9s/10m0s  1.31 iters/s

running (00m59.9s), 017/100 VUs, 22 complete and 0 interrupted iterations
normal_day   [  10% ] 017/100 VUs  00m59.9s/10m0s  1.32 iters/s

running (01m00.9s), 018/100 VUs, 23 complete and 0 interrupted iterations
normal_day   [  10% ] 018/100 VUs  01m00.9s/10m0s  1.36 iters/s

running (01m01.9s), 018/100 VUs, 24 complete and 0 interrupted iterations
normal_day   [  10% ] 018/100 VUs  01m01.9s/10m0s  1.37 iters/s

running (01m02.9s), 017/100 VUs, 26 complete and 0 interrupted iterations
normal_day   [  10% ] 017/100 VUs  01m02.9s/10m0s  1.39 iters/s

running (01m03.9s), 018/100 VUs, 27 complete and 0 interrupted iterations
normal_day   [  11% ] 018/100 VUs  01m03.9s/10m0s  1.42 iters/s

running (01m04.9s), 018/100 VUs, 28 complete and 0 interrupted iterations
normal_day   [  11% ] 018/100 VUs  01m04.9s/10m0s  1.44 iters/s

running (01m05.9s), 018/100 VUs, 30 complete and 0 interrupted iterations
normal_day   [  11% ] 018/100 VUs  01m05.9s/10m0s  1.47 iters/s

running (01m06.9s), 019/100 VUs, 30 complete and 0 interrupted iterations
normal_day   [  11% ] 019/100 VUs  01m06.9s/10m0s  1.48 iters/s

running (01m07.9s), 021/100 VUs, 30 complete and 0 interrupted iterations
normal_day   [  11% ] 021/100 VUs  01m07.9s/10m0s  1.51 iters/s

running (01m08.9s), 021/100 VUs, 31 complete and 0 interrupted iterations
normal_day   [  11% ] 021/100 VUs  01m08.9s/10m0s  1.53 iters/s

running (01m09.9s), 022/100 VUs, 32 complete and 0 interrupted iterations
normal_day   [  12% ] 022/100 VUs  01m09.9s/10m0s  1.56 iters/s

running (01m10.9s), 020/100 VUs, 35 complete and 0 interrupted iterations
normal_day   [  12% ] 020/100 VUs  01m10.9s/10m0s  1.57 iters/s

running (01m11.9s), 021/100 VUs, 36 complete and 0 interrupted iterations
normal_day   [  12% ] 021/100 VUs  01m11.9s/10m0s  1.60 iters/s

running (01m12.9s), 021/100 VUs, 38 complete and 0 interrupted iterations
normal_day   [  12% ] 021/100 VUs  01m12.9s/10m0s  1.63 iters/s

running (01m13.9s), 021/100 VUs, 39 complete and 0 interrupted iterations
normal_day   [  12% ] 021/100 VUs  01m13.9s/10m0s  1.64 iters/s

running (01m14.9s), 020/100 VUs, 42 complete and 0 interrupted iterations
normal_day   [  12% ] 020/100 VUs  01m14.9s/10m0s  1.67 iters/s

running (01m15.9s), 020/100 VUs, 44 complete and 0 interrupted iterations
normal_day   [  13% ] 020/100 VUs  01m15.9s/10m0s  1.69 iters/s

running (01m16.9s), 017/100 VUs, 48 complete and 0 interrupted iterations
normal_day   [  13% ] 017/100 VUs  01m16.9s/10m0s  1.71 iters/s

running (01m17.9s), 016/100 VUs, 51 complete and 0 interrupted iterations
normal_day   [  13% ] 016/100 VUs  01m17.9s/10m0s  1.73 iters/s

running (01m18.9s), 015/100 VUs, 54 complete and 0 interrupted iterations
normal_day   [  13% ] 015/100 VUs  01m18.9s/10m0s  1.76 iters/s

running (01m19.9s), 014/100 VUs, 56 complete and 0 interrupted iterations
normal_day   [  13% ] 014/100 VUs  01m19.9s/10m0s  1.77 iters/s

running (01m20.9s), 014/100 VUs, 58 complete and 0 interrupted iterations
normal_day   [  13% ] 014/100 VUs  01m20.9s/10m0s  1.80 iters/s

running (01m21.9s), 014/100 VUs, 60 complete and 0 interrupted iterations
normal_day   [  14% ] 014/100 VUs  01m21.9s/10m0s  1.82 iters/s

running (01m22.9s), 016/100 VUs, 60 complete and 0 interrupted iterations
normal_day   [  14% ] 016/100 VUs  01m22.9s/10m0s  1.84 iters/s

running (01m23.9s), 017/100 VUs, 61 complete and 0 interrupted iterations
normal_day   [  14% ] 017/100 VUs  01m23.9s/10m0s  1.87 iters/s

running (01m24.9s), 016/100 VUs, 64 complete and 0 interrupted iterations
normal_day   [  14% ] 016/100 VUs  01m24.9s/10m0s  1.89 iters/s

running (01m25.9s), 017/100 VUs, 64 complete and 0 interrupted iterations
normal_day   [  14% ] 017/100 VUs  01m25.9s/10m0s  1.90 iters/s

running (01m26.9s), 017/100 VUs, 66 complete and 0 interrupted iterations
normal_day   [  14% ] 017/100 VUs  01m26.9s/10m0s  1.93 iters/s

running (01m27.9s), 018/100 VUs, 67 complete and 0 interrupted iterations
normal_day   [  15% ] 018/100 VUs  01m27.9s/10m0s  1.95 iters/s

running (01m28.9s), 018/100 VUs, 69 complete and 0 interrupted iterations
normal_day   [  15% ] 018/100 VUs  01m28.9s/10m0s  1.97 iters/s

running (01m29.9s), 017/100 VUs, 72 complete and 0 interrupted iterations
normal_day   [  15% ] 017/100 VUs  01m29.9s/10m0s  1.99 iters/s

running (01m30.9s), 017/100 VUs, 74 complete and 0 interrupted iterations
normal_day   [  15% ] 017/100 VUs  01m30.9s/10m0s  2.02 iters/s

running (01m31.9s), 018/100 VUs, 75 complete and 0 interrupted iterations
normal_day   [  15% ] 018/100 VUs  01m31.9s/10m0s  2.04 iters/s

running (01m32.9s), 019/100 VUs, 76 complete and 0 interrupted iterations
normal_day   [  15% ] 019/100 VUs  01m32.9s/10m0s  2.06 iters/s

running (01m33.9s), 021/100 VUs, 76 complete and 0 interrupted iterations
normal_day   [  16% ] 021/100 VUs  01m33.9s/10m0s  2.08 iters/s

running (01m34.9s), 021/100 VUs, 79 complete and 0 interrupted iterations
normal_day   [  16% ] 021/100 VUs  01m34.9s/10m0s  2.11 iters/s

running (01m35.9s), 021/100 VUs, 81 complete and 0 interrupted iterations
normal_day   [  16% ] 021/100 VUs  01m35.9s/10m0s  2.13 iters/s

running (01m36.9s), 023/100 VUs, 81 complete and 0 interrupted iterations
normal_day   [  16% ] 023/100 VUs  01m36.9s/10m0s  2.16 iters/s

running (01m37.9s), 023/100 VUs, 83 complete and 0 interrupted iterations
normal_day   [  16% ] 023/100 VUs  01m37.9s/10m0s  2.18 iters/s

running (01m38.9s), 020/100 VUs, 88 complete and 0 interrupted iterations
normal_day   [  16% ] 020/100 VUs  01m38.9s/10m0s  2.20 iters/s

running (01m39.9s), 019/100 VUs, 91 complete and 0 interrupted iterations
normal_day   [  17% ] 019/100 VUs  01m39.9s/10m0s  2.22 iters/s

running (01m40.9s), 020/100 VUs, 93 complete and 0 interrupted iterations
normal_day   [  17% ] 020/100 VUs  01m40.9s/10m0s  2.25 iters/s

running (01m41.9s), 021/100 VUs, 94 complete and 0 interrupted iterations
normal_day   [  17% ] 021/100 VUs  01m41.9s/10m0s  2.27 iters/s

running (01m42.9s), 022/100 VUs, 95 complete and 0 interrupted iterations
normal_day   [  17% ] 022/100 VUs  01m42.9s/10m0s  2.29 iters/s

running (01m43.9s), 022/100 VUs, 97 complete and 0 interrupted iterations
normal_day   [  17% ] 022/100 VUs  01m43.9s/10m0s  2.30 iters/s

running (01m44.9s), 023/100 VUs, 99 complete and 0 interrupted iterations
normal_day   [  17% ] 023/100 VUs  01m44.9s/10m0s  2.33 iters/s

running (01m45.9s), 024/100 VUs, 100 complete and 0 interrupted iterations
normal_day   [  18% ] 024/100 VUs  01m45.9s/10m0s  2.35 iters/s

running (01m46.9s), 024/100 VUs, 102 complete and 0 interrupted iterations
normal_day   [  18% ] 024/100 VUs  01m46.9s/10m0s  2.37 iters/s

running (01m47.9s), 025/100 VUs, 104 complete and 0 interrupted iterations
normal_day   [  18% ] 025/100 VUs  01m47.9s/10m0s  2.40 iters/s

running (01m48.9s), 024/100 VUs, 107 complete and 0 interrupted iterations
normal_day   [  18% ] 024/100 VUs  01m48.9s/10m0s  2.42 iters/s

running (01m49.9s), 023/100 VUs, 111 complete and 0 interrupted iterations
normal_day   [  18% ] 023/100 VUs  01m49.9s/10m0s  2.44 iters/s

running (01m50.9s), 020/100 VUs, 116 complete and 0 interrupted iterations
normal_day   [  18% ] 020/100 VUs  01m50.9s/10m0s  2.46 iters/s

running (01m51.9s), 020/100 VUs, 119 complete and 0 interrupted iterations
normal_day   [  19% ] 020/100 VUs  01m51.9s/10m0s  2.49 iters/s

running (01m52.9s), 019/100 VUs, 122 complete and 0 interrupted iterations
normal_day   [  19% ] 019/100 VUs  01m52.9s/10m0s  2.51 iters/s

running (01m53.9s), 021/100 VUs, 123 complete and 0 interrupted iterations
normal_day   [  19% ] 021/100 VUs  01m53.9s/10m0s  2.53 iters/s

running (01m54.9s), 021/100 VUs, 125 complete and 0 interrupted iterations
normal_day   [  19% ] 021/100 VUs  01m54.9s/10m0s  2.55 iters/s

running (01m55.9s), 023/100 VUs, 126 complete and 0 interrupted iterations
normal_day   [  19% ] 023/100 VUs  01m55.9s/10m0s  2.58 iters/s

running (01m56.9s), 023/100 VUs, 128 complete and 0 interrupted iterations
normal_day   [  19% ] 023/100 VUs  01m56.9s/10m0s  2.59 iters/s

running (01m57.9s), 023/100 VUs, 131 complete and 0 interrupted iterations
normal_day   [  20% ] 023/100 VUs  01m57.9s/10m0s  2.62 iters/s

running (01m58.9s), 024/100 VUs, 133 complete and 0 interrupted iterations
normal_day   [  20% ] 024/100 VUs  01m58.9s/10m0s  2.65 iters/s

running (01m59.9s), 024/100 VUs, 135 complete and 0 interrupted iterations
normal_day   [  20% ] 024/100 VUs  01m59.9s/10m0s  2.66 iters/s

running (02m00.9s), 024/100 VUs, 138 complete and 0 interrupted iterations
normal_day   [  20% ] 024/100 VUs  02m00.9s/10m0s  2.69 iters/s

running (02m01.9s), 025/100 VUs, 140 complete and 0 interrupted iterations
normal_day   [  20% ] 025/100 VUs  02m01.9s/10m0s  2.71 iters/s

running (02m02.9s), 024/100 VUs, 143 complete and 0 interrupted iterations
normal_day   [  20% ] 024/100 VUs  02m02.9s/10m0s  2.73 iters/s

running (02m03.9s), 025/100 VUs, 145 complete and 0 interrupted iterations
normal_day   [  21% ] 025/100 VUs  02m03.9s/10m0s  2.75 iters/s

running (02m04.9s), 027/100 VUs, 146 complete and 0 interrupted iterations
normal_day   [  21% ] 027/100 VUs  02m04.9s/10m0s  2.78 iters/s

running (02m05.9s), 026/100 VUs, 150 complete and 0 interrupted iterations
normal_day   [  21% ] 026/100 VUs  02m05.9s/10m0s  2.80 iters/s

running (02m06.9s), 024/100 VUs, 154 complete and 0 interrupted iterations
normal_day   [  21% ] 024/100 VUs  02m06.9s/10m0s  2.82 iters/s

running (02m07.9s), 026/100 VUs, 155 complete and 0 interrupted iterations
normal_day   [  21% ] 026/100 VUs  02m07.9s/10m0s  2.84 iters/s

running (02m08.9s), 027/100 VUs, 157 complete and 0 interrupted iterations
normal_day   [  21% ] 027/100 VUs  02m08.9s/10m0s  2.86 iters/s

running (02m09.9s), 025/100 VUs, 162 complete and 0 interrupted iterations
normal_day   [  22% ] 025/100 VUs  02m09.9s/10m0s  2.89 iters/s

running (02m10.9s), 024/100 VUs, 166 complete and 0 interrupted iterations
normal_day   [  22% ] 024/100 VUs  02m10.9s/10m0s  2.91 iters/s

running (02m11.9s), 025/100 VUs, 168 complete and 0 interrupted iterations
normal_day   [  22% ] 025/100 VUs  02m11.9s/10m0s  2.93 iters/s

running (02m12.9s), 024/100 VUs, 172 complete and 0 interrupted iterations
normal_day   [  22% ] 024/100 VUs  02m12.9s/10m0s  2.96 iters/s

running (02m13.9s), 023/100 VUs, 176 complete and 0 interrupted iterations
normal_day   [  22% ] 023/100 VUs  02m13.9s/10m0s  2.98 iters/s

running (02m14.9s), 022/100 VUs, 180 complete and 0 interrupted iterations
normal_day   [  22% ] 022/100 VUs  02m14.9s/10m0s  3.00 iters/s

running (02m15.9s), 022/100 VUs, 183 complete and 0 interrupted iterations
normal_day   [  23% ] 022/100 VUs  02m15.9s/10m0s  3.02 iters/s

running (02m16.9s), 022/100 VUs, 186 complete and 0 interrupted iterations
normal_day   [  23% ] 022/100 VUs  02m16.9s/10m0s  3.04 iters/s

running (02m17.9s), 022/100 VUs, 189 complete and 0 interrupted iterations
normal_day   [  23% ] 022/100 VUs  02m17.9s/10m0s  3.07 iters/s

running (02m18.9s), 024/100 VUs, 190 complete and 0 interrupted iterations
normal_day   [  23% ] 024/100 VUs  02m18.9s/10m0s  3.09 iters/s

running (02m19.9s), 023/100 VUs, 194 complete and 0 interrupted iterations
normal_day   [  23% ] 023/100 VUs  02m19.9s/10m0s  3.11 iters/s

running (02m20.9s), 023/100 VUs, 197 complete and 0 interrupted iterations
normal_day   [  23% ] 023/100 VUs  02m20.9s/10m0s  3.13 iters/s

running (02m21.9s), 025/100 VUs, 198 complete and 0 interrupted iterations
normal_day   [  24% ] 025/100 VUs  02m21.9s/10m0s  3.15 iters/s

running (02m22.9s), 028/100 VUs, 198 complete and 0 interrupted iterations
normal_day   [  24% ] 028/100 VUs  02m22.9s/10m0s  3.17 iters/s

running (02m23.9s), 030/100 VUs, 200 complete and 0 interrupted iterations
normal_day   [  24% ] 030/100 VUs  02m23.9s/10m0s  3.20 iters/s

running (02m24.9s), 030/100 VUs, 203 complete and 0 interrupted iterations
normal_day   [  24% ] 030/100 VUs  02m24.9s/10m0s  3.22 iters/s

running (02m25.9s), 030/100 VUs, 206 complete and 0 interrupted iterations
normal_day   [  24% ] 030/100 VUs  02m25.9s/10m0s  3.24 iters/s

running (02m26.9s), 030/100 VUs, 209 complete and 0 interrupted iterations
normal_day   [  24% ] 030/100 VUs  02m26.9s/10m0s  3.26 iters/s

running (02m27.9s), 033/100 VUs, 210 complete and 0 interrupted iterations
normal_day   [  25% ] 033/100 VUs  02m27.9s/10m0s  3.29 iters/s

running (02m28.9s), 032/100 VUs, 214 complete and 0 interrupted iterations
normal_day   [  25% ] 032/100 VUs  02m28.9s/10m0s  3.31 iters/s

running (02m29.9s), 035/100 VUs, 214 complete and 0 interrupted iterations
normal_day   [  25% ] 035/100 VUs  02m29.9s/10m0s  3.33 iters/s

running (02m30.9s), 037/100 VUs, 216 complete and 0 interrupted iterations
normal_day   [  25% ] 037/100 VUs  02m30.9s/10m0s  3.36 iters/s

running (02m31.9s), 035/100 VUs, 221 complete and 0 interrupted iterations
normal_day   [  25% ] 035/100 VUs  02m31.9s/10m0s  3.38 iters/s

running (02m32.9s), 030/100 VUs, 229 complete and 0 interrupted iterations
normal_day   [  25% ] 030/100 VUs  02m32.9s/10m0s  3.40 iters/s

running (02m33.9s), 029/100 VUs, 234 complete and 0 interrupted iterations
normal_day   [  26% ] 029/100 VUs  02m33.9s/10m0s  3.42 iters/s

running (02m34.9s), 028/100 VUs, 238 complete and 0 interrupted iterations
normal_day   [  26% ] 028/100 VUs  02m34.9s/10m0s  3.44 iters/s

running (02m35.9s), 030/100 VUs, 240 complete and 0 interrupted iterations
normal_day   [  26% ] 030/100 VUs  02m35.9s/10m0s  3.47 iters/s

running (02m36.9s), 030/100 VUs, 243 complete and 0 interrupted iterations
normal_day   [  26% ] 030/100 VUs  02m36.9s/10m0s  3.49 iters/s

running (02m37.9s), 031/100 VUs, 246 complete and 0 interrupted iterations
normal_day   [  26% ] 031/100 VUs  02m37.9s/10m0s  3.51 iters/s

running (02m38.9s), 032/100 VUs, 248 complete and 0 interrupted iterations
normal_day   [  26% ] 032/100 VUs  02m38.9s/10m0s  3.53 iters/s

running (02m39.9s), 030/100 VUs, 254 complete and 0 interrupted iterations
normal_day   [  27% ] 030/100 VUs  02m39.9s/10m0s  3.56 iters/s

running (02m40.9s), 030/100 VUs, 257 complete and 0 interrupted iterations
normal_day   [  27% ] 030/100 VUs  02m40.9s/10m0s  3.57 iters/s

running (02m41.9s), 032/100 VUs, 259 complete and 0 interrupted iterations
normal_day   [  27% ] 032/100 VUs  02m41.9s/10m0s  3.60 iters/s

running (02m42.9s), 033/100 VUs, 261 complete and 0 interrupted iterations
normal_day   [  27% ] 033/100 VUs  02m42.9s/10m0s  3.62 iters/s

running (02m43.9s), 034/100 VUs, 264 complete and 0 interrupted iterations
normal_day   [  27% ] 034/100 VUs  02m43.9s/10m0s  3.64 iters/s

running (02m44.9s), 036/100 VUs, 266 complete and 0 interrupted iterations
normal_day   [  27% ] 036/100 VUs  02m44.9s/10m0s  3.67 iters/s

running (02m45.9s), 034/100 VUs, 271 complete and 0 interrupted iterations
normal_day   [  28% ] 034/100 VUs  02m45.9s/10m0s  3.68 iters/s

running (02m46.9s), 033/100 VUs, 276 complete and 0 interrupted iterations
normal_day   [  28% ] 033/100 VUs  02m46.9s/10m0s  3.71 iters/s

running (02m47.9s), 035/100 VUs, 278 complete and 0 interrupted iterations
normal_day   [  28% ] 035/100 VUs  02m47.9s/10m0s  3.73 iters/s

running (02m48.9s), 037/100 VUs, 279 complete and 0 interrupted iterations
normal_day   [  28% ] 037/100 VUs  02m48.9s/10m0s  3.75 iters/s

running (02m49.9s), 041/100 VUs, 279 complete and 0 interrupted iterations
normal_day   [  28% ] 041/100 VUs  02m49.9s/10m0s  3.77 iters/s

running (02m50.9s), 037/100 VUs, 287 complete and 0 interrupted iterations
normal_day   [  28% ] 037/100 VUs  02m50.9s/10m0s  3.80 iters/s

running (02m51.9s), 036/100 VUs, 292 complete and 0 interrupted iterations
normal_day   [  29% ] 036/100 VUs  02m51.9s/10m0s  3.82 iters/s

running (02m52.9s), 035/100 VUs, 297 complete and 0 interrupted iterations
normal_day   [  29% ] 035/100 VUs  02m52.9s/10m0s  3.84 iters/s

running (02m53.9s), 034/100 VUs, 302 complete and 0 interrupted iterations
normal_day   [  29% ] 034/100 VUs  02m53.9s/10m0s  3.87 iters/s

running (02m54.9s), 033/100 VUs, 306 complete and 0 interrupted iterations
normal_day   [  29% ] 033/100 VUs  02m54.9s/10m0s  3.88 iters/s

running (02m55.9s), 036/100 VUs, 307 complete and 0 interrupted iterations
normal_day   [  29% ] 036/100 VUs  02m55.9s/10m0s  3.91 iters/s

running (02m56.9s), 039/100 VUs, 308 complete and 0 interrupted iterations
normal_day   [  29% ] 039/100 VUs  02m56.9s/10m0s  3.93 iters/s

running (02m57.9s), 041/100 VUs, 310 complete and 0 interrupted iterations
normal_day   [  30% ] 041/100 VUs  02m57.9s/10m0s  3.95 iters/s

running (02m58.9s), 043/100 VUs, 312 complete and 0 interrupted iterations
normal_day   [  30% ] 043/100 VUs  02m58.9s/10m0s  3.97 iters/s

running (02m59.9s), 041/100 VUs, 318 complete and 0 interrupted iterations
normal_day   [  30% ] 041/100 VUs  02m59.9s/10m0s  4.00 iters/s

running (03m00.9s), 042/100 VUs, 321 complete and 0 interrupted iterations
normal_day   [  30% ] 042/100 VUs  03m00.9s/10m0s  4.00 iters/s

running (03m01.9s), 040/100 VUs, 327 complete and 0 interrupted iterations
normal_day   [  30% ] 040/100 VUs  03m01.9s/10m0s  4.00 iters/s

running (03m02.9s), 041/100 VUs, 330 complete and 0 interrupted iterations
normal_day   [  30% ] 041/100 VUs  03m02.9s/10m0s  4.00 iters/s

running (03m03.9s), 039/100 VUs, 336 complete and 0 interrupted iterations
normal_day   [  31% ] 039/100 VUs  03m03.9s/10m0s  4.00 iters/s

running (03m04.9s), 039/100 VUs, 340 complete and 0 interrupted iterations
normal_day   [  31% ] 039/100 VUs  03m04.9s/10m0s  4.00 iters/s

running (03m05.9s), 042/100 VUs, 341 complete and 0 interrupted iterations
normal_day   [  31% ] 042/100 VUs  03m05.9s/10m0s  4.00 iters/s

running (03m06.9s), 041/100 VUs, 346 complete and 0 interrupted iterations
normal_day   [  31% ] 041/100 VUs  03m06.9s/10m0s  4.00 iters/s

running (03m07.9s), 038/100 VUs, 353 complete and 0 interrupted iterations
normal_day   [  31% ] 038/100 VUs  03m07.9s/10m0s  4.00 iters/s

running (03m08.9s), 037/100 VUs, 358 complete and 0 interrupted iterations
normal_day   [  31% ] 037/100 VUs  03m08.9s/10m0s  4.00 iters/s

running (03m09.9s), 038/100 VUs, 361 complete and 0 interrupted iterations
normal_day   [  32% ] 038/100 VUs  03m09.9s/10m0s  4.00 iters/s

running (03m10.9s), 035/100 VUs, 368 complete and 0 interrupted iterations
normal_day   [  32% ] 035/100 VUs  03m10.9s/10m0s  4.00 iters/s

running (03m11.9s), 037/100 VUs, 370 complete and 0 interrupted iterations
normal_day   [  32% ] 037/100 VUs  03m11.9s/10m0s  4.00 iters/s

running (03m12.9s), 036/100 VUs, 375 complete and 0 interrupted iterations
normal_day   [  32% ] 036/100 VUs  03m12.9s/10m0s  4.00 iters/s

running (03m13.9s), 036/100 VUs, 379 complete and 0 interrupted iterations
normal_day   [  32% ] 036/100 VUs  03m13.9s/10m0s  4.00 iters/s

running (03m14.9s), 034/100 VUs, 385 complete and 0 interrupted iterations
normal_day   [  32% ] 034/100 VUs  03m14.9s/10m0s  4.00 iters/s

running (03m15.9s), 034/100 VUs, 389 complete and 0 interrupted iterations
normal_day   [  33% ] 034/100 VUs  03m15.9s/10m0s  4.00 iters/s

running (03m16.9s), 038/100 VUs, 389 complete and 0 interrupted iterations
normal_day   [  33% ] 038/100 VUs  03m16.9s/10m0s  4.00 iters/s

running (03m17.9s), 040/100 VUs, 391 complete and 0 interrupted iterations
normal_day   [  33% ] 040/100 VUs  03m17.9s/10m0s  4.00 iters/s

running (03m18.9s), 043/100 VUs, 392 complete and 0 interrupted iterations
normal_day   [  33% ] 043/100 VUs  03m18.9s/10m0s  4.00 iters/s

running (03m19.9s), 044/100 VUs, 395 complete and 0 interrupted iterations
normal_day   [  33% ] 044/100 VUs  03m19.9s/10m0s  4.00 iters/s

running (03m20.9s), 045/100 VUs, 398 complete and 0 interrupted iterations
normal_day   [  33% ] 045/100 VUs  03m20.9s/10m0s  4.00 iters/s

running (03m21.9s), 043/100 VUs, 404 complete and 0 interrupted iterations
normal_day   [  34% ] 043/100 VUs  03m21.9s/10m0s  4.00 iters/s

running (03m22.9s), 042/100 VUs, 409 complete and 0 interrupted iterations
normal_day   [  34% ] 042/100 VUs  03m22.9s/10m0s  4.00 iters/s

running (03m23.9s), 042/100 VUs, 413 complete and 0 interrupted iterations
normal_day   [  34% ] 042/100 VUs  03m23.9s/10m0s  4.00 iters/s

running (03m24.9s), 040/100 VUs, 419 complete and 0 interrupted iterations
normal_day   [  34% ] 040/100 VUs  03m24.9s/10m0s  4.00 iters/s

running (03m25.9s), 041/100 VUs, 422 complete and 0 interrupted iterations
normal_day   [  34% ] 041/100 VUs  03m25.9s/10m0s  4.00 iters/s

running (03m26.9s), 039/100 VUs, 428 complete and 0 interrupted iterations
normal_day   [  34% ] 039/100 VUs  03m26.9s/10m0s  4.00 iters/s

running (03m27.9s), 039/100 VUs, 432 complete and 0 interrupted iterations
normal_day   [  35% ] 039/100 VUs  03m27.9s/10m0s  4.00 iters/s

running (03m28.9s), 039/100 VUs, 436 complete and 0 interrupted iterations
normal_day   [  35% ] 039/100 VUs  03m28.9s/10m0s  4.00 iters/s

running (03m29.9s), 040/100 VUs, 439 complete and 0 interrupted iterations
normal_day   [  35% ] 040/100 VUs  03m29.9s/10m0s  4.00 iters/s

running (03m30.9s), 040/100 VUs, 443 complete and 0 interrupted iterations
normal_day   [  35% ] 040/100 VUs  03m30.9s/10m0s  4.00 iters/s

running (03m31.9s), 042/100 VUs, 445 complete and 0 interrupted iterations
normal_day   [  35% ] 042/100 VUs  03m31.9s/10m0s  4.00 iters/s

running (03m32.9s), 042/100 VUs, 449 complete and 0 interrupted iterations
normal_day   [  35% ] 042/100 VUs  03m32.9s/10m0s  4.00 iters/s

running (03m33.9s), 044/100 VUs, 451 complete and 0 interrupted iterations
normal_day   [  36% ] 044/100 VUs  03m33.9s/10m0s  4.00 iters/s

running (03m34.9s), 042/100 VUs, 457 complete and 0 interrupted iterations
normal_day   [  36% ] 042/100 VUs  03m34.9s/10m0s  4.00 iters/s

running (03m35.9s), 042/100 VUs, 461 complete and 0 interrupted iterations
normal_day   [  36% ] 042/100 VUs  03m35.9s/10m0s  4.00 iters/s

running (03m36.9s), 041/100 VUs, 466 complete and 0 interrupted iterations
normal_day   [  36% ] 041/100 VUs  03m36.9s/10m0s  4.00 iters/s

running (03m37.9s), 041/100 VUs, 470 complete and 0 interrupted iterations
normal_day   [  36% ] 041/100 VUs  03m37.9s/10m0s  4.00 iters/s

running (03m38.9s), 042/100 VUs, 473 complete and 0 interrupted iterations
normal_day   [  36% ] 042/100 VUs  03m38.9s/10m0s  4.00 iters/s

running (03m39.9s), 040/100 VUs, 479 complete and 0 interrupted iterations
normal_day   [  37% ] 040/100 VUs  03m39.9s/10m0s  4.00 iters/s

running (03m40.9s), 039/100 VUs, 484 complete and 0 interrupted iterations
normal_day   [  37% ] 039/100 VUs  03m40.9s/10m0s  4.00 iters/s

running (03m41.9s), 038/100 VUs, 489 complete and 0 interrupted iterations
normal_day   [  37% ] 038/100 VUs  03m41.9s/10m0s  4.00 iters/s

running (03m42.9s), 036/100 VUs, 495 complete and 0 interrupted iterations
normal_day   [  37% ] 036/100 VUs  03m42.9s/10m0s  4.00 iters/s

running (03m43.9s), 036/100 VUs, 499 complete and 0 interrupted iterations
normal_day   [  37% ] 036/100 VUs  03m43.9s/10m0s  4.00 iters/s

running (03m44.9s), 038/100 VUs, 501 complete and 0 interrupted iterations
normal_day   [  37% ] 038/100 VUs  03m44.9s/10m0s  4.00 iters/s

running (03m45.9s), 037/100 VUs, 506 complete and 0 interrupted iterations
normal_day   [  38% ] 037/100 VUs  03m45.9s/10m0s  4.00 iters/s

running (03m46.9s), 037/100 VUs, 510 complete and 0 interrupted iterations
normal_day   [  38% ] 037/100 VUs  03m46.9s/10m0s  4.00 iters/s

running (03m47.9s), 039/100 VUs, 512 complete and 0 interrupted iterations
normal_day   [  38% ] 039/100 VUs  03m47.9s/10m0s  4.00 iters/s

running (03m48.9s), 039/100 VUs, 516 complete and 0 interrupted iterations
normal_day   [  38% ] 039/100 VUs  03m48.9s/10m0s  4.00 iters/s

running (03m49.9s), 040/100 VUs, 519 complete and 0 interrupted iterations
normal_day   [  38% ] 040/100 VUs  03m49.9s/10m0s  4.00 iters/s

running (03m50.9s), 041/100 VUs, 522 complete and 0 interrupted iterations
normal_day   [  38% ] 041/100 VUs  03m50.9s/10m0s  4.00 iters/s

running (03m51.9s), 043/100 VUs, 524 complete and 0 interrupted iterations
normal_day   [  39% ] 043/100 VUs  03m51.9s/10m0s  4.00 iters/s

running (03m52.9s), 042/100 VUs, 529 complete and 0 interrupted iterations
normal_day   [  39% ] 042/100 VUs  03m52.9s/10m0s  4.00 iters/s

running (03m53.9s), 044/100 VUs, 531 complete and 0 interrupted iterations
normal_day   [  39% ] 044/100 VUs  03m53.9s/10m0s  4.00 iters/s

running (03m54.9s), 044/100 VUs, 535 complete and 0 interrupted iterations
normal_day   [  39% ] 044/100 VUs  03m54.9s/10m0s  4.00 iters/s

running (03m55.9s), 044/100 VUs, 539 complete and 0 interrupted iterations
normal_day   [  39% ] 044/100 VUs  03m55.9s/10m0s  4.00 iters/s

running (03m56.9s), 044/100 VUs, 543 complete and 0 interrupted iterations
normal_day   [  39% ] 044/100 VUs  03m56.9s/10m0s  4.00 iters/s

running (03m57.9s), 042/100 VUs, 549 complete and 0 interrupted iterations
normal_day   [  40% ] 042/100 VUs  03m57.9s/10m0s  4.00 iters/s

running (03m58.9s), 044/100 VUs, 551 complete and 0 interrupted iterations
normal_day   [  40% ] 044/100 VUs  03m58.9s/10m0s  4.00 iters/s

running (03m59.9s), 045/100 VUs, 554 complete and 0 interrupted iterations
normal_day   [  40% ] 045/100 VUs  03m59.9s/10m0s  4.00 iters/s

running (04m00.9s), 045/100 VUs, 558 complete and 0 interrupted iterations
normal_day   [  40% ] 045/100 VUs  04m00.9s/10m0s  4.00 iters/s

running (04m01.9s), 046/100 VUs, 561 complete and 0 interrupted iterations
normal_day   [  40% ] 046/100 VUs  04m01.9s/10m0s  4.00 iters/s

running (04m02.9s), 044/100 VUs, 567 complete and 0 interrupted iterations
normal_day   [  40% ] 044/100 VUs  04m02.9s/10m0s  4.00 iters/s

running (04m03.9s), 042/100 VUs, 573 complete and 0 interrupted iterations
normal_day   [  41% ] 042/100 VUs  04m03.9s/10m0s  4.00 iters/s

running (04m04.9s), 040/100 VUs, 579 complete and 0 interrupted iterations
normal_day   [  41% ] 040/100 VUs  04m04.9s/10m0s  4.00 iters/s

running (04m05.9s), 042/100 VUs, 581 complete and 0 interrupted iterations
normal_day   [  41% ] 042/100 VUs  04m05.9s/10m0s  4.00 iters/s

running (04m06.9s), 043/100 VUs, 584 complete and 0 interrupted iterations
normal_day   [  41% ] 043/100 VUs  04m06.9s/10m0s  4.00 iters/s

running (04m07.9s), 043/100 VUs, 588 complete and 0 interrupted iterations
normal_day   [  41% ] 043/100 VUs  04m07.9s/10m0s  4.00 iters/s

running (04m08.9s), 041/100 VUs, 594 complete and 0 interrupted iterations
normal_day   [  41% ] 041/100 VUs  04m08.9s/10m0s  4.00 iters/s

running (04m09.9s), 040/100 VUs, 599 complete and 0 interrupted iterations
normal_day   [  42% ] 040/100 VUs  04m09.9s/10m0s  4.00 iters/s

running (04m10.9s), 040/100 VUs, 603 complete and 0 interrupted iterations
normal_day   [  42% ] 040/100 VUs  04m10.9s/10m0s  4.00 iters/s

running (04m11.9s), 038/100 VUs, 609 complete and 0 interrupted iterations
normal_day   [  42% ] 038/100 VUs  04m11.9s/10m0s  4.00 iters/s

running (04m12.9s), 038/100 VUs, 613 complete and 0 interrupted iterations
normal_day   [  42% ] 038/100 VUs  04m12.9s/10m0s  4.00 iters/s

running (04m13.9s), 039/100 VUs, 616 complete and 0 interrupted iterations
normal_day   [  42% ] 039/100 VUs  04m13.9s/10m0s  4.00 iters/s

running (04m14.9s), 040/100 VUs, 619 complete and 0 interrupted iterations
normal_day   [  42% ] 040/100 VUs  04m14.9s/10m0s  4.00 iters/s

running (04m15.9s), 041/100 VUs, 622 complete and 0 interrupted iterations
normal_day   [  43% ] 041/100 VUs  04m15.9s/10m0s  4.00 iters/s

running (04m16.9s), 039/100 VUs, 628 complete and 0 interrupted iterations
normal_day   [  43% ] 039/100 VUs  04m16.9s/10m0s  4.00 iters/s

running (04m17.9s), 037/100 VUs, 634 complete and 0 interrupted iterations
normal_day   [  43% ] 037/100 VUs  04m17.9s/10m0s  4.00 iters/s

running (04m18.9s), 035/100 VUs, 640 complete and 0 interrupted iterations
normal_day   [  43% ] 035/100 VUs  04m18.9s/10m0s  4.00 iters/s

running (04m19.9s), 034/100 VUs, 645 complete and 0 interrupted iterations
normal_day   [  43% ] 034/100 VUs  04m19.9s/10m0s  4.00 iters/s

running (04m20.9s), 034/100 VUs, 649 complete and 0 interrupted iterations
normal_day   [  43% ] 034/100 VUs  04m20.9s/10m0s  4.00 iters/s

running (04m21.9s), 036/100 VUs, 651 complete and 0 interrupted iterations
normal_day   [  44% ] 036/100 VUs  04m21.9s/10m0s  4.00 iters/s

running (04m22.9s), 037/100 VUs, 654 complete and 0 interrupted iterations
normal_day   [  44% ] 037/100 VUs  04m22.9s/10m0s  4.00 iters/s

running (04m23.9s), 040/100 VUs, 655 complete and 0 interrupted iterations
normal_day   [  44% ] 040/100 VUs  04m23.9s/10m0s  4.00 iters/s

running (04m24.9s), 042/100 VUs, 657 complete and 0 interrupted iterations
normal_day   [  44% ] 042/100 VUs  04m24.9s/10m0s  4.00 iters/s

running (04m25.9s), 039/100 VUs, 664 complete and 0 interrupted iterations
normal_day   [  44% ] 039/100 VUs  04m25.9s/10m0s  4.00 iters/s

running (04m26.9s), 035/100 VUs, 672 complete and 0 interrupted iterations
normal_day   [  44% ] 035/100 VUs  04m26.9s/10m0s  4.00 iters/s

running (04m27.9s), 037/100 VUs, 674 complete and 0 interrupted iterations
normal_day   [  45% ] 037/100 VUs  04m27.9s/10m0s  4.00 iters/s

running (04m28.9s), 033/100 VUs, 682 complete and 0 interrupted iterations
normal_day   [  45% ] 033/100 VUs  04m28.9s/10m0s  4.00 iters/s

running (04m29.9s), 036/100 VUs, 683 complete and 0 interrupted iterations
normal_day   [  45% ] 036/100 VUs  04m29.9s/10m0s  4.00 iters/s

running (04m30.9s), 036/100 VUs, 687 complete and 0 interrupted iterations
normal_day   [  45% ] 036/100 VUs  04m30.9s/10m0s  4.00 iters/s

running (04m31.9s), 038/100 VUs, 689 complete and 0 interrupted iterations
normal_day   [  45% ] 038/100 VUs  04m31.9s/10m0s  4.00 iters/s

running (04m32.9s), 039/100 VUs, 692 complete and 0 interrupted iterations
normal_day   [  45% ] 039/100 VUs  04m32.9s/10m0s  4.00 iters/s

running (04m33.9s), 037/100 VUs, 698 complete and 0 interrupted iterations
normal_day   [  46% ] 037/100 VUs  04m33.9s/10m0s  4.00 iters/s

running (04m34.9s), 039/100 VUs, 700 complete and 0 interrupted iterations
normal_day   [  46% ] 039/100 VUs  04m34.9s/10m0s  4.00 iters/s

running (04m35.9s), 037/100 VUs, 706 complete and 0 interrupted iterations
normal_day   [  46% ] 037/100 VUs  04m35.9s/10m0s  4.00 iters/s

running (04m36.9s), 037/100 VUs, 710 complete and 0 interrupted iterations
normal_day   [  46% ] 037/100 VUs  04m36.9s/10m0s  4.00 iters/s

running (04m37.9s), 036/100 VUs, 715 complete and 0 interrupted iterations
normal_day   [  46% ] 036/100 VUs  04m37.9s/10m0s  4.00 iters/s

running (04m38.9s), 036/100 VUs, 719 complete and 0 interrupted iterations
normal_day   [  46% ] 036/100 VUs  04m38.9s/10m0s  4.00 iters/s

running (04m39.9s), 037/100 VUs, 722 complete and 0 interrupted iterations
normal_day   [  47% ] 037/100 VUs  04m39.9s/10m0s  4.00 iters/s

running (04m40.9s), 039/100 VUs, 724 complete and 0 interrupted iterations
normal_day   [  47% ] 039/100 VUs  04m40.9s/10m0s  4.00 iters/s

running (04m41.9s), 037/100 VUs, 730 complete and 0 interrupted iterations
normal_day   [  47% ] 037/100 VUs  04m41.9s/10m0s  4.00 iters/s

running (04m42.9s), 037/100 VUs, 734 complete and 0 interrupted iterations
normal_day   [  47% ] 037/100 VUs  04m42.9s/10m0s  4.00 iters/s

running (04m43.9s), 038/100 VUs, 737 complete and 0 interrupted iterations
normal_day   [  47% ] 038/100 VUs  04m43.9s/10m0s  4.00 iters/s

running (04m44.9s), 034/100 VUs, 745 complete and 0 interrupted iterations
normal_day   [  47% ] 034/100 VUs  04m44.9s/10m0s  4.00 iters/s

running (04m45.9s), 036/100 VUs, 747 complete and 0 interrupted iterations
normal_day   [  48% ] 036/100 VUs  04m45.9s/10m0s  4.00 iters/s

running (04m46.9s), 036/100 VUs, 751 complete and 0 interrupted iterations
normal_day   [  48% ] 036/100 VUs  04m46.9s/10m0s  4.00 iters/s

running (04m47.9s), 039/100 VUs, 752 complete and 0 interrupted iterations
normal_day   [  48% ] 039/100 VUs  04m47.9s/10m0s  4.00 iters/s

running (04m48.9s), 041/100 VUs, 754 complete and 0 interrupted iterations
normal_day   [  48% ] 041/100 VUs  04m48.9s/10m0s  4.00 iters/s

running (04m49.9s), 041/100 VUs, 758 complete and 0 interrupted iterations
normal_day   [  48% ] 041/100 VUs  04m49.9s/10m0s  4.00 iters/s

running (04m50.9s), 042/100 VUs, 761 complete and 0 interrupted iterations
normal_day   [  48% ] 042/100 VUs  04m50.9s/10m0s  4.00 iters/s

running (04m51.9s), 045/100 VUs, 762 complete and 0 interrupted iterations
normal_day   [  49% ] 045/100 VUs  04m51.9s/10m0s  4.00 iters/s

running (04m52.9s), 044/100 VUs, 767 complete and 0 interrupted iterations
normal_day   [  49% ] 044/100 VUs  04m52.9s/10m0s  4.00 iters/s

running (04m53.9s), 043/100 VUs, 772 complete and 0 interrupted iterations
normal_day   [  49% ] 043/100 VUs  04m53.9s/10m0s  4.00 iters/s

running (04m54.9s), 044/100 VUs, 775 complete and 0 interrupted iterations
normal_day   [  49% ] 044/100 VUs  04m54.9s/10m0s  4.00 iters/s

running (04m55.9s), 044/100 VUs, 779 complete and 0 interrupted iterations
normal_day   [  49% ] 044/100 VUs  04m55.9s/10m0s  4.00 iters/s

running (04m56.9s), 046/100 VUs, 781 complete and 0 interrupted iterations
normal_day   [  49% ] 046/100 VUs  04m56.9s/10m0s  4.00 iters/s

running (04m57.9s), 047/100 VUs, 784 complete and 0 interrupted iterations
normal_day   [  50% ] 047/100 VUs  04m57.9s/10m0s  4.00 iters/s

running (04m58.9s), 050/100 VUs, 785 complete and 0 interrupted iterations
normal_day   [  50% ] 050/100 VUs  04m58.9s/10m0s  4.00 iters/s

running (04m59.9s), 048/100 VUs, 791 complete and 0 interrupted iterations
normal_day   [  50% ] 048/100 VUs  04m59.9s/10m0s  4.00 iters/s

running (05m00.9s), 046/100 VUs, 797 complete and 0 interrupted iterations
normal_day   [  50% ] 046/100 VUs  05m00.9s/10m0s  4.00 iters/s

running (05m01.9s), 047/100 VUs, 800 complete and 0 interrupted iterations
normal_day   [  50% ] 047/100 VUs  05m01.9s/10m0s  4.00 iters/s

running (05m02.9s), 043/100 VUs, 808 complete and 0 interrupted iterations
normal_day   [  50% ] 043/100 VUs  05m02.9s/10m0s  4.00 iters/s

running (05m03.9s), 042/100 VUs, 813 complete and 0 interrupted iterations
normal_day   [  51% ] 042/100 VUs  05m03.9s/10m0s  4.00 iters/s

running (05m04.9s), 044/100 VUs, 815 complete and 0 interrupted iterations
normal_day   [  51% ] 044/100 VUs  05m04.9s/10m0s  4.00 iters/s

running (05m05.9s), 044/100 VUs, 819 complete and 0 interrupted iterations
normal_day   [  51% ] 044/100 VUs  05m05.9s/10m0s  4.00 iters/s

running (05m06.9s), 042/100 VUs, 825 complete and 0 interrupted iterations
normal_day   [  51% ] 042/100 VUs  05m06.9s/10m0s  4.00 iters/s

running (05m07.9s), 043/100 VUs, 828 complete and 0 interrupted iterations
normal_day   [  51% ] 043/100 VUs  05m07.9s/10m0s  4.00 iters/s

running (05m08.9s), 045/100 VUs, 830 complete and 0 interrupted iterations
normal_day   [  51% ] 045/100 VUs  05m08.9s/10m0s  4.00 iters/s

running (05m09.9s), 045/100 VUs, 834 complete and 0 interrupted iterations
normal_day   [  52% ] 045/100 VUs  05m09.9s/10m0s  4.00 iters/s

running (05m10.9s), 048/100 VUs, 835 complete and 0 interrupted iterations
normal_day   [  52% ] 048/100 VUs  05m10.9s/10m0s  4.00 iters/s

running (05m11.9s), 046/100 VUs, 841 complete and 0 interrupted iterations
normal_day   [  52% ] 046/100 VUs  05m11.9s/10m0s  4.00 iters/s

running (05m12.9s), 046/100 VUs, 845 complete and 0 interrupted iterations
normal_day   [  52% ] 046/100 VUs  05m12.9s/10m0s  4.00 iters/s

running (05m13.9s), 048/100 VUs, 847 complete and 0 interrupted iterations
normal_day   [  52% ] 048/100 VUs  05m13.9s/10m0s  4.00 iters/s

running (05m14.9s), 049/100 VUs, 850 complete and 0 interrupted iterations
normal_day   [  52% ] 049/100 VUs  05m14.9s/10m0s  4.00 iters/s

running (05m15.9s), 046/100 VUs, 857 complete and 0 interrupted iterations
normal_day   [  53% ] 046/100 VUs  05m15.9s/10m0s  4.00 iters/s

running (05m16.9s), 047/100 VUs, 860 complete and 0 interrupted iterations
normal_day   [  53% ] 047/100 VUs  05m16.9s/10m0s  4.00 iters/s

running (05m17.9s), 049/100 VUs, 862 complete and 0 interrupted iterations
normal_day   [  53% ] 049/100 VUs  05m17.9s/10m0s  4.00 iters/s

running (05m18.9s), 048/100 VUs, 867 complete and 0 interrupted iterations
normal_day   [  53% ] 048/100 VUs  05m18.9s/10m0s  4.00 iters/s

running (05m19.9s), 044/100 VUs, 875 complete and 0 interrupted iterations
normal_day   [  53% ] 044/100 VUs  05m19.9s/10m0s  4.00 iters/s

running (05m20.9s), 047/100 VUs, 876 complete and 0 interrupted iterations
normal_day   [  53% ] 047/100 VUs  05m20.9s/10m0s  4.00 iters/s

running (05m21.9s), 047/100 VUs, 880 complete and 0 interrupted iterations
normal_day   [  54% ] 047/100 VUs  05m21.9s/10m0s  4.00 iters/s

running (05m22.9s), 043/100 VUs, 888 complete and 0 interrupted iterations
normal_day   [  54% ] 043/100 VUs  05m22.9s/10m0s  4.00 iters/s

running (05m23.9s), 044/100 VUs, 891 complete and 0 interrupted iterations
normal_day   [  54% ] 044/100 VUs  05m23.9s/10m0s  4.00 iters/s

running (05m24.9s), 041/100 VUs, 898 complete and 0 interrupted iterations
normal_day   [  54% ] 041/100 VUs  05m24.9s/10m0s  4.00 iters/s

running (05m25.9s), 044/100 VUs, 899 complete and 0 interrupted iterations
normal_day   [  54% ] 044/100 VUs  05m25.9s/10m0s  4.00 iters/s

running (05m26.9s), 044/100 VUs, 903 complete and 0 interrupted iterations
normal_day   [  54% ] 044/100 VUs  05m26.9s/10m0s  4.00 iters/s

running (05m27.9s), 043/100 VUs, 908 complete and 0 interrupted iterations
normal_day   [  55% ] 043/100 VUs  05m27.9s/10m0s  4.00 iters/s

running (05m28.9s), 042/100 VUs, 913 complete and 0 interrupted iterations
normal_day   [  55% ] 042/100 VUs  05m28.9s/10m0s  4.00 iters/s

running (05m29.9s), 040/100 VUs, 919 complete and 0 interrupted iterations
normal_day   [  55% ] 040/100 VUs  05m29.9s/10m0s  4.00 iters/s

running (05m30.9s), 041/100 VUs, 922 complete and 0 interrupted iterations
normal_day   [  55% ] 041/100 VUs  05m30.9s/10m0s  4.00 iters/s

running (05m31.9s), 041/100 VUs, 926 complete and 0 interrupted iterations
normal_day   [  55% ] 041/100 VUs  05m31.9s/10m0s  4.00 iters/s

running (05m32.9s), 042/100 VUs, 929 complete and 0 interrupted iterations
normal_day   [  55% ] 042/100 VUs  05m32.9s/10m0s  4.00 iters/s

running (05m33.9s), 041/100 VUs, 934 complete and 0 interrupted iterations
normal_day   [  56% ] 041/100 VUs  05m33.9s/10m0s  4.00 iters/s

running (05m34.9s), 039/100 VUs, 940 complete and 0 interrupted iterations
normal_day   [  56% ] 039/100 VUs  05m34.9s/10m0s  4.00 iters/s

running (05m35.9s), 037/100 VUs, 946 complete and 0 interrupted iterations
normal_day   [  56% ] 037/100 VUs  05m35.9s/10m0s  4.00 iters/s

running (05m36.9s), 035/100 VUs, 952 complete and 0 interrupted iterations
normal_day   [  56% ] 035/100 VUs  05m36.9s/10m0s  4.00 iters/s

running (05m37.9s), 035/100 VUs, 956 complete and 0 interrupted iterations
normal_day   [  56% ] 035/100 VUs  05m37.9s/10m0s  4.00 iters/s

running (05m38.9s), 034/100 VUs, 961 complete and 0 interrupted iterations
normal_day   [  56% ] 034/100 VUs  05m38.9s/10m0s  4.00 iters/s

running (05m39.9s), 035/100 VUs, 964 complete and 0 interrupted iterations
normal_day   [  57% ] 035/100 VUs  05m39.9s/10m0s  4.00 iters/s

running (05m40.9s), 033/100 VUs, 970 complete and 0 interrupted iterations
normal_day   [  57% ] 033/100 VUs  05m40.9s/10m0s  4.00 iters/s

running (05m41.9s), 035/100 VUs, 972 complete and 0 interrupted iterations
normal_day   [  57% ] 035/100 VUs  05m41.9s/10m0s  4.00 iters/s

running (05m42.9s), 035/100 VUs, 976 complete and 0 interrupted iterations
normal_day   [  57% ] 035/100 VUs  05m42.9s/10m0s  4.00 iters/s

running (05m43.9s), 036/100 VUs, 979 complete and 0 interrupted iterations
normal_day   [  57% ] 036/100 VUs  05m43.9s/10m0s  4.00 iters/s

running (05m44.9s), 034/100 VUs, 985 complete and 0 interrupted iterations
normal_day   [  57% ] 034/100 VUs  05m44.9s/10m0s  4.00 iters/s

running (05m45.9s), 036/100 VUs, 987 complete and 0 interrupted iterations
normal_day   [  58% ] 036/100 VUs  05m45.9s/10m0s  4.00 iters/s

running (05m46.9s), 040/100 VUs, 987 complete and 0 interrupted iterations
normal_day   [  58% ] 040/100 VUs  05m46.9s/10m0s  4.00 iters/s

running (05m47.9s), 040/100 VUs, 991 complete and 0 interrupted iterations
normal_day   [  58% ] 040/100 VUs  05m47.9s/10m0s  4.00 iters/s

running (05m48.9s), 040/100 VUs, 995 complete and 0 interrupted iterations
normal_day   [  58% ] 040/100 VUs  05m48.9s/10m0s  4.00 iters/s

running (05m49.9s), 041/100 VUs, 998 complete and 0 interrupted iterations
normal_day   [  58% ] 041/100 VUs  05m49.9s/10m0s  4.00 iters/s

running (05m50.9s), 041/100 VUs, 1002 complete and 0 interrupted iterations
normal_day   [  58% ] 041/100 VUs  05m50.9s/10m0s  4.00 iters/s

running (05m51.9s), 043/100 VUs, 1004 complete and 0 interrupted iterations
normal_day   [  59% ] 043/100 VUs  05m51.9s/10m0s  4.00 iters/s

running (05m52.9s), 042/100 VUs, 1009 complete and 0 interrupted iterations
normal_day   [  59% ] 042/100 VUs  05m52.9s/10m0s  4.00 iters/s

running (05m53.9s), 044/100 VUs, 1011 complete and 0 interrupted iterations
normal_day   [  59% ] 044/100 VUs  05m53.9s/10m0s  4.00 iters/s

running (05m54.9s), 043/100 VUs, 1016 complete and 0 interrupted iterations
normal_day   [  59% ] 043/100 VUs  05m54.9s/10m0s  4.00 iters/s

running (05m55.9s), 045/100 VUs, 1018 complete and 0 interrupted iterations
normal_day   [  59% ] 045/100 VUs  05m55.9s/10m0s  4.00 iters/s

running (05m56.9s), 043/100 VUs, 1024 complete and 0 interrupted iterations
normal_day   [  59% ] 043/100 VUs  05m56.9s/10m0s  4.00 iters/s

running (05m57.9s), 041/100 VUs, 1030 complete and 0 interrupted iterations
normal_day   [  60% ] 041/100 VUs  05m57.9s/10m0s  4.00 iters/s

running (05m58.9s), 042/100 VUs, 1033 complete and 0 interrupted iterations
normal_day   [  60% ] 042/100 VUs  05m58.9s/10m0s  4.00 iters/s

running (05m59.9s), 042/100 VUs, 1037 complete and 0 interrupted iterations
normal_day   [  60% ] 042/100 VUs  05m59.9s/10m0s  4.00 iters/s

running (06m00.9s), 043/100 VUs, 1040 complete and 0 interrupted iterations
normal_day   [  60% ] 043/100 VUs  06m00.9s/10m0s  4.00 iters/s

running (06m01.9s), 040/100 VUs, 1047 complete and 0 interrupted iterations
normal_day   [  60% ] 040/100 VUs  06m01.9s/10m0s  4.00 iters/s

running (06m02.9s), 042/100 VUs, 1049 complete and 0 interrupted iterations
normal_day   [  60% ] 042/100 VUs  06m02.9s/10m0s  4.00 iters/s

running (06m03.9s), 041/100 VUs, 1054 complete and 0 interrupted iterations
normal_day   [  61% ] 041/100 VUs  06m03.9s/10m0s  4.00 iters/s

running (06m04.9s), 041/100 VUs, 1058 complete and 0 interrupted iterations
normal_day   [  61% ] 041/100 VUs  06m04.9s/10m0s  4.00 iters/s

running (06m05.9s), 044/100 VUs, 1059 complete and 0 interrupted iterations
normal_day   [  61% ] 044/100 VUs  06m05.9s/10m0s  4.00 iters/s

running (06m06.9s), 042/100 VUs, 1065 complete and 0 interrupted iterations
normal_day   [  61% ] 042/100 VUs  06m06.9s/10m0s  4.00 iters/s

running (06m07.9s), 038/100 VUs, 1073 complete and 0 interrupted iterations
normal_day   [  61% ] 038/100 VUs  06m07.9s/10m0s  4.00 iters/s

running (06m08.9s), 037/100 VUs, 1078 complete and 0 interrupted iterations
normal_day   [  61% ] 037/100 VUs  06m08.9s/10m0s  4.00 iters/s

running (06m09.9s), 038/100 VUs, 1081 complete and 0 interrupted iterations
normal_day   [  62% ] 038/100 VUs  06m09.9s/10m0s  4.00 iters/s

running (06m10.9s), 040/100 VUs, 1083 complete and 0 interrupted iterations
normal_day   [  62% ] 040/100 VUs  06m10.9s/10m0s  4.00 iters/s

running (06m11.9s), 039/100 VUs, 1088 complete and 0 interrupted iterations
normal_day   [  62% ] 039/100 VUs  06m11.9s/10m0s  4.00 iters/s

running (06m12.9s), 038/100 VUs, 1093 complete and 0 interrupted iterations
normal_day   [  62% ] 038/100 VUs  06m12.9s/10m0s  4.00 iters/s

running (06m13.9s), 040/100 VUs, 1095 complete and 0 interrupted iterations
normal_day   [  62% ] 040/100 VUs  06m13.9s/10m0s  4.00 iters/s

running (06m14.9s), 042/100 VUs, 1097 complete and 0 interrupted iterations
normal_day   [  62% ] 042/100 VUs  06m14.9s/10m0s  4.00 iters/s

running (06m15.9s), 040/100 VUs, 1103 complete and 0 interrupted iterations
normal_day   [  63% ] 040/100 VUs  06m15.9s/10m0s  4.00 iters/s

running (06m16.9s), 041/100 VUs, 1106 complete and 0 interrupted iterations
normal_day   [  63% ] 041/100 VUs  06m16.9s/10m0s  4.00 iters/s

running (06m17.9s), 041/100 VUs, 1110 complete and 0 interrupted iterations
normal_day   [  63% ] 041/100 VUs  06m17.9s/10m0s  4.00 iters/s

running (06m18.9s), 042/100 VUs, 1113 complete and 0 interrupted iterations
normal_day   [  63% ] 042/100 VUs  06m18.9s/10m0s  4.00 iters/s

running (06m19.9s), 042/100 VUs, 1117 complete and 0 interrupted iterations
normal_day   [  63% ] 042/100 VUs  06m19.9s/10m0s  4.00 iters/s

running (06m20.9s), 045/100 VUs, 1118 complete and 0 interrupted iterations
normal_day   [  63% ] 045/100 VUs  06m20.9s/10m0s  4.00 iters/s

running (06m21.9s), 045/100 VUs, 1122 complete and 0 interrupted iterations
normal_day   [  64% ] 045/100 VUs  06m21.9s/10m0s  4.00 iters/s

running (06m22.9s), 043/100 VUs, 1128 complete and 0 interrupted iterations
normal_day   [  64% ] 043/100 VUs  06m22.9s/10m0s  4.00 iters/s

running (06m23.9s), 042/100 VUs, 1133 complete and 0 interrupted iterations
normal_day   [  64% ] 042/100 VUs  06m23.9s/10m0s  4.00 iters/s

running (06m24.9s), 041/100 VUs, 1138 complete and 0 interrupted iterations
normal_day   [  64% ] 041/100 VUs  06m24.9s/10m0s  4.00 iters/s

running (06m25.9s), 038/100 VUs, 1145 complete and 0 interrupted iterations
normal_day   [  64% ] 038/100 VUs  06m25.9s/10m0s  4.00 iters/s

running (06m26.9s), 039/100 VUs, 1148 complete and 0 interrupted iterations
normal_day   [  64% ] 039/100 VUs  06m26.9s/10m0s  4.00 iters/s

running (06m27.9s), 040/100 VUs, 1151 complete and 0 interrupted iterations
normal_day   [  65% ] 040/100 VUs  06m27.9s/10m0s  4.00 iters/s

running (06m28.9s), 042/100 VUs, 1153 complete and 0 interrupted iterations
normal_day   [  65% ] 042/100 VUs  06m28.9s/10m0s  4.00 iters/s

running (06m29.9s), 043/100 VUs, 1156 complete and 0 interrupted iterations
normal_day   [  65% ] 043/100 VUs  06m29.9s/10m0s  4.00 iters/s

running (06m30.9s), 043/100 VUs, 1160 complete and 0 interrupted iterations
normal_day   [  65% ] 043/100 VUs  06m30.9s/10m0s  4.00 iters/s

running (06m31.9s), 044/100 VUs, 1163 complete and 0 interrupted iterations
normal_day   [  65% ] 044/100 VUs  06m31.9s/10m0s  4.00 iters/s

running (06m32.9s), 042/100 VUs, 1169 complete and 0 interrupted iterations
normal_day   [  65% ] 042/100 VUs  06m32.9s/10m0s  4.00 iters/s

running (06m33.9s), 042/100 VUs, 1173 complete and 0 interrupted iterations
normal_day   [  66% ] 042/100 VUs  06m33.9s/10m0s  4.00 iters/s

running (06m34.9s), 038/100 VUs, 1181 complete and 0 interrupted iterations
normal_day   [  66% ] 038/100 VUs  06m34.9s/10m0s  4.00 iters/s

running (06m35.9s), 038/100 VUs, 1185 complete and 0 interrupted iterations
normal_day   [  66% ] 038/100 VUs  06m35.9s/10m0s  4.00 iters/s

running (06m36.9s), 036/100 VUs, 1191 complete and 0 interrupted iterations
normal_day   [  66% ] 036/100 VUs  06m36.9s/10m0s  4.00 iters/s

running (06m37.9s), 040/100 VUs, 1191 complete and 0 interrupted iterations
normal_day   [  66% ] 040/100 VUs  06m37.9s/10m0s  4.00 iters/s

running (06m38.9s), 041/100 VUs, 1194 complete and 0 interrupted iterations
normal_day   [  66% ] 041/100 VUs  06m38.9s/10m0s  4.00 iters/s

running (06m39.9s), 043/100 VUs, 1196 complete and 0 interrupted iterations
normal_day   [  67% ] 043/100 VUs  06m39.9s/10m0s  4.00 iters/s

running (06m40.9s), 046/100 VUs, 1197 complete and 0 interrupted iterations
normal_day   [  67% ] 046/100 VUs  06m40.9s/10m0s  4.00 iters/s

running (06m41.9s), 047/100 VUs, 1200 complete and 0 interrupted iterations
normal_day   [  67% ] 047/100 VUs  06m41.9s/10m0s  4.00 iters/s

running (06m42.9s), 045/100 VUs, 1206 complete and 0 interrupted iterations
normal_day   [  67% ] 045/100 VUs  06m42.9s/10m0s  4.00 iters/s

running (06m43.9s), 044/100 VUs, 1211 complete and 0 interrupted iterations
normal_day   [  67% ] 044/100 VUs  06m43.9s/10m0s  4.00 iters/s

running (06m44.9s), 043/100 VUs, 1216 complete and 0 interrupted iterations
normal_day   [  67% ] 043/100 VUs  06m44.9s/10m0s  4.00 iters/s

running (06m45.9s), 041/100 VUs, 1222 complete and 0 interrupted iterations
normal_day   [  68% ] 041/100 VUs  06m45.9s/10m0s  4.00 iters/s

running (06m46.9s), 039/100 VUs, 1228 complete and 0 interrupted iterations
normal_day   [  68% ] 039/100 VUs  06m46.9s/10m0s  4.00 iters/s

running (06m47.9s), 040/100 VUs, 1231 complete and 0 interrupted iterations
normal_day   [  68% ] 040/100 VUs  06m47.9s/10m0s  4.00 iters/s

running (06m48.9s), 041/100 VUs, 1234 complete and 0 interrupted iterations
normal_day   [  68% ] 041/100 VUs  06m48.9s/10m0s  4.00 iters/s

running (06m49.9s), 042/100 VUs, 1237 complete and 0 interrupted iterations
normal_day   [  68% ] 042/100 VUs  06m49.9s/10m0s  4.00 iters/s

running (06m50.9s), 042/100 VUs, 1241 complete and 0 interrupted iterations
normal_day   [  68% ] 042/100 VUs  06m50.9s/10m0s  4.00 iters/s

running (06m51.9s), 040/100 VUs, 1247 complete and 0 interrupted iterations
normal_day   [  69% ] 040/100 VUs  06m51.9s/10m0s  4.00 iters/s

running (06m52.9s), 039/100 VUs, 1252 complete and 0 interrupted iterations
normal_day   [  69% ] 039/100 VUs  06m52.9s/10m0s  4.00 iters/s

running (06m53.9s), 036/100 VUs, 1259 complete and 0 interrupted iterations
normal_day   [  69% ] 036/100 VUs  06m53.9s/10m0s  4.00 iters/s

running (06m54.9s), 038/100 VUs, 1261 complete and 0 interrupted iterations
normal_day   [  69% ] 038/100 VUs  06m54.9s/10m0s  4.00 iters/s

running (06m55.9s), 040/100 VUs, 1263 complete and 0 interrupted iterations
normal_day   [  69% ] 040/100 VUs  06m55.9s/10m0s  4.00 iters/s

running (06m56.9s), 041/100 VUs, 1266 complete and 0 interrupted iterations
normal_day   [  69% ] 041/100 VUs  06m56.9s/10m0s  4.00 iters/s

running (06m57.9s), 042/100 VUs, 1269 complete and 0 interrupted iterations
normal_day   [  70% ] 042/100 VUs  06m57.9s/10m0s  4.00 iters/s

running (06m58.9s), 042/100 VUs, 1273 complete and 0 interrupted iterations
normal_day   [  70% ] 042/100 VUs  06m58.9s/10m0s  4.00 iters/s

running (06m59.9s), 043/100 VUs, 1276 complete and 0 interrupted iterations
normal_day   [  70% ] 043/100 VUs  06m59.9s/10m0s  4.00 iters/s

running (07m00.9s), 045/100 VUs, 1278 complete and 0 interrupted iterations
normal_day   [  70% ] 045/100 VUs  07m00.9s/10m0s  4.00 iters/s

running (07m01.9s), 046/100 VUs, 1281 complete and 0 interrupted iterations
normal_day   [  70% ] 046/100 VUs  07m01.9s/10m0s  4.00 iters/s

running (07m02.9s), 043/100 VUs, 1288 complete and 0 interrupted iterations
normal_day   [  70% ] 043/100 VUs  07m02.9s/10m0s  4.00 iters/s

running (07m03.9s), 040/100 VUs, 1295 complete and 0 interrupted iterations
normal_day   [  71% ] 040/100 VUs  07m03.9s/10m0s  4.00 iters/s

running (07m04.9s), 040/100 VUs, 1299 complete and 0 interrupted iterations
normal_day   [  71% ] 040/100 VUs  07m04.9s/10m0s  4.00 iters/s

running (07m05.9s), 041/100 VUs, 1302 complete and 0 interrupted iterations
normal_day   [  71% ] 041/100 VUs  07m05.9s/10m0s  4.00 iters/s

running (07m06.9s), 042/100 VUs, 1305 complete and 0 interrupted iterations
normal_day   [  71% ] 042/100 VUs  07m06.9s/10m0s  4.00 iters/s

running (07m07.9s), 043/100 VUs, 1308 complete and 0 interrupted iterations
normal_day   [  71% ] 043/100 VUs  07m07.9s/10m0s  4.00 iters/s

running (07m08.9s), 046/100 VUs, 1309 complete and 0 interrupted iterations
normal_day   [  71% ] 046/100 VUs  07m08.9s/10m0s  4.00 iters/s

running (07m09.9s), 047/100 VUs, 1312 complete and 0 interrupted iterations
normal_day   [  72% ] 047/100 VUs  07m09.9s/10m0s  4.00 iters/s

running (07m10.9s), 044/100 VUs, 1319 complete and 0 interrupted iterations
normal_day   [  72% ] 044/100 VUs  07m10.9s/10m0s  4.00 iters/s

running (07m11.9s), 044/100 VUs, 1323 complete and 0 interrupted iterations
normal_day   [  72% ] 044/100 VUs  07m11.9s/10m0s  4.00 iters/s

running (07m12.9s), 041/100 VUs, 1330 complete and 0 interrupted iterations
normal_day   [  72% ] 041/100 VUs  07m12.9s/10m0s  4.00 iters/s

running (07m13.9s), 042/100 VUs, 1333 complete and 0 interrupted iterations
normal_day   [  72% ] 042/100 VUs  07m13.9s/10m0s  4.00 iters/s

running (07m14.9s), 042/100 VUs, 1337 complete and 0 interrupted iterations
normal_day   [  72% ] 042/100 VUs  07m14.9s/10m0s  4.00 iters/s

running (07m15.9s), 045/100 VUs, 1338 complete and 0 interrupted iterations
normal_day   [  73% ] 045/100 VUs  07m15.9s/10m0s  4.00 iters/s

running (07m16.9s), 046/100 VUs, 1341 complete and 0 interrupted iterations
normal_day   [  73% ] 046/100 VUs  07m16.9s/10m0s  4.00 iters/s

running (07m17.9s), 048/100 VUs, 1343 complete and 0 interrupted iterations
normal_day   [  73% ] 048/100 VUs  07m17.9s/10m0s  4.00 iters/s

running (07m18.9s), 046/100 VUs, 1349 complete and 0 interrupted iterations
normal_day   [  73% ] 046/100 VUs  07m18.9s/10m0s  4.00 iters/s

running (07m19.9s), 048/100 VUs, 1351 complete and 0 interrupted iterations
normal_day   [  73% ] 048/100 VUs  07m19.9s/10m0s  4.00 iters/s

running (07m20.9s), 047/100 VUs, 1356 complete and 0 interrupted iterations
normal_day   [  73% ] 047/100 VUs  07m20.9s/10m0s  4.00 iters/s

running (07m21.9s), 047/100 VUs, 1360 complete and 0 interrupted iterations
normal_day   [  74% ] 047/100 VUs  07m21.9s/10m0s  4.00 iters/s

running (07m22.9s), 045/100 VUs, 1366 complete and 0 interrupted iterations
normal_day   [  74% ] 045/100 VUs  07m22.9s/10m0s  4.00 iters/s

running (07m23.9s), 045/100 VUs, 1370 complete and 0 interrupted iterations
normal_day   [  74% ] 045/100 VUs  07m23.9s/10m0s  4.00 iters/s

running (07m24.9s), 043/100 VUs, 1376 complete and 0 interrupted iterations
normal_day   [  74% ] 043/100 VUs  07m24.9s/10m0s  4.00 iters/s

running (07m25.9s), 045/100 VUs, 1378 complete and 0 interrupted iterations
normal_day   [  74% ] 045/100 VUs  07m25.9s/10m0s  4.00 iters/s

running (07m26.9s), 046/100 VUs, 1381 complete and 0 interrupted iterations
normal_day   [  74% ] 046/100 VUs  07m26.9s/10m0s  4.00 iters/s

running (07m27.9s), 042/100 VUs, 1389 complete and 0 interrupted iterations
normal_day   [  75% ] 042/100 VUs  07m27.9s/10m0s  4.00 iters/s

running (07m28.9s), 043/100 VUs, 1392 complete and 0 interrupted iterations
normal_day   [  75% ] 043/100 VUs  07m28.9s/10m0s  4.00 iters/s

running (07m29.9s), 043/100 VUs, 1396 complete and 0 interrupted iterations
normal_day   [  75% ] 043/100 VUs  07m29.9s/10m0s  4.00 iters/s

running (07m30.9s), 041/100 VUs, 1402 complete and 0 interrupted iterations
normal_day   [  75% ] 041/100 VUs  07m30.9s/10m0s  4.00 iters/s

running (07m31.9s), 040/100 VUs, 1407 complete and 0 interrupted iterations
normal_day   [  75% ] 040/100 VUs  07m31.9s/10m0s  4.00 iters/s

running (07m32.9s), 040/100 VUs, 1411 complete and 0 interrupted iterations
normal_day   [  75% ] 040/100 VUs  07m32.9s/10m0s  4.00 iters/s

running (07m33.9s), 041/100 VUs, 1414 complete and 0 interrupted iterations
normal_day   [  76% ] 041/100 VUs  07m33.9s/10m0s  4.00 iters/s

running (07m34.9s), 042/100 VUs, 1417 complete and 0 interrupted iterations
normal_day   [  76% ] 042/100 VUs  07m34.9s/10m0s  4.00 iters/s

running (07m35.9s), 039/100 VUs, 1424 complete and 0 interrupted iterations
normal_day   [  76% ] 039/100 VUs  07m35.9s/10m0s  4.00 iters/s

running (07m36.9s), 040/100 VUs, 1427 complete and 0 interrupted iterations
normal_day   [  76% ] 040/100 VUs  07m36.9s/10m0s  4.00 iters/s

running (07m37.9s), 039/100 VUs, 1432 complete and 0 interrupted iterations
normal_day   [  76% ] 039/100 VUs  07m37.9s/10m0s  4.00 iters/s

running (07m38.9s), 037/100 VUs, 1438 complete and 0 interrupted iterations
normal_day   [  76% ] 037/100 VUs  07m38.9s/10m0s  4.00 iters/s

running (07m39.9s), 039/100 VUs, 1440 complete and 0 interrupted iterations
normal_day   [  77% ] 039/100 VUs  07m39.9s/10m0s  4.00 iters/s

running (07m40.9s), 042/100 VUs, 1441 complete and 0 interrupted iterations
normal_day   [  77% ] 042/100 VUs  07m40.9s/10m0s  4.00 iters/s

running (07m41.9s), 039/100 VUs, 1448 complete and 0 interrupted iterations
normal_day   [  77% ] 039/100 VUs  07m41.9s/10m0s  4.00 iters/s

running (07m42.9s), 039/100 VUs, 1452 complete and 0 interrupted iterations
normal_day   [  77% ] 039/100 VUs  07m42.9s/10m0s  4.00 iters/s

running (07m43.9s), 039/100 VUs, 1456 complete and 0 interrupted iterations
normal_day   [  77% ] 039/100 VUs  07m43.9s/10m0s  4.00 iters/s

running (07m44.9s), 040/100 VUs, 1459 complete and 0 interrupted iterations
normal_day   [  77% ] 040/100 VUs  07m44.9s/10m0s  4.00 iters/s

running (07m45.9s), 041/100 VUs, 1462 complete and 0 interrupted iterations
normal_day   [  78% ] 041/100 VUs  07m45.9s/10m0s  4.00 iters/s

running (07m46.9s), 037/100 VUs, 1470 complete and 0 interrupted iterations
normal_day   [  78% ] 037/100 VUs  07m46.9s/10m0s  4.00 iters/s

running (07m47.9s), 035/100 VUs, 1476 complete and 0 interrupted iterations
normal_day   [  78% ] 035/100 VUs  07m47.9s/10m0s  4.00 iters/s

running (07m48.9s), 036/100 VUs, 1479 complete and 0 interrupted iterations
normal_day   [  78% ] 036/100 VUs  07m48.9s/10m0s  4.00 iters/s

running (07m49.9s), 038/100 VUs, 1481 complete and 0 interrupted iterations
normal_day   [  78% ] 038/100 VUs  07m49.9s/10m0s  4.00 iters/s

running (07m50.9s), 038/100 VUs, 1485 complete and 0 interrupted iterations
normal_day   [  78% ] 038/100 VUs  07m50.9s/10m0s  4.00 iters/s

running (07m51.9s), 040/100 VUs, 1487 complete and 0 interrupted iterations
normal_day   [  79% ] 040/100 VUs  07m51.9s/10m0s  4.00 iters/s

running (07m52.9s), 040/100 VUs, 1491 complete and 0 interrupted iterations
normal_day   [  79% ] 040/100 VUs  07m52.9s/10m0s  4.00 iters/s

running (07m53.9s), 037/100 VUs, 1498 complete and 0 interrupted iterations
normal_day   [  79% ] 037/100 VUs  07m53.9s/10m0s  4.00 iters/s

running (07m54.9s), 037/100 VUs, 1502 complete and 0 interrupted iterations
normal_day   [  79% ] 037/100 VUs  07m54.9s/10m0s  4.00 iters/s

running (07m55.9s), 036/100 VUs, 1507 complete and 0 interrupted iterations
normal_day   [  79% ] 036/100 VUs  07m55.9s/10m0s  4.00 iters/s

running (07m56.9s), 038/100 VUs, 1509 complete and 0 interrupted iterations
normal_day   [  79% ] 038/100 VUs  07m56.9s/10m0s  4.00 iters/s

running (07m57.9s), 039/100 VUs, 1512 complete and 0 interrupted iterations
normal_day   [  80% ] 039/100 VUs  07m57.9s/10m0s  4.00 iters/s

running (07m58.9s), 039/100 VUs, 1516 complete and 0 interrupted iterations
normal_day   [  80% ] 039/100 VUs  07m58.9s/10m0s  4.00 iters/s

running (07m59.9s), 038/100 VUs, 1521 complete and 0 interrupted iterations
normal_day   [  80% ] 038/100 VUs  07m59.9s/10m0s  4.00 iters/s

running (08m00.9s), 038/100 VUs, 1525 complete and 0 interrupted iterations
normal_day   [  80% ] 038/100 VUs  08m00.9s/10m0s  3.97 iters/s

running (08m01.9s), 039/100 VUs, 1528 complete and 0 interrupted iterations
normal_day   [  80% ] 039/100 VUs  08m01.9s/10m0s  3.94 iters/s

running (08m02.9s), 039/100 VUs, 1532 complete and 0 interrupted iterations
normal_day   [  80% ] 039/100 VUs  08m02.9s/10m0s  3.90 iters/s

running (08m03.9s), 042/100 VUs, 1533 complete and 0 interrupted iterations
normal_day   [  81% ] 042/100 VUs  08m03.9s/10m0s  3.87 iters/s

running (08m04.9s), 044/100 VUs, 1535 complete and 0 interrupted iterations
normal_day   [  81% ] 044/100 VUs  08m04.9s/10m0s  3.83 iters/s

running (08m05.9s), 042/100 VUs, 1541 complete and 0 interrupted iterations
normal_day   [  81% ] 042/100 VUs  08m05.9s/10m0s  3.80 iters/s

running (08m06.9s), 038/100 VUs, 1548 complete and 0 interrupted iterations
normal_day   [  81% ] 038/100 VUs  08m06.9s/10m0s  3.77 iters/s

running (08m07.9s), 038/100 VUs, 1552 complete and 0 interrupted iterations
normal_day   [  81% ] 038/100 VUs  08m07.9s/10m0s  3.74 iters/s

running (08m08.9s), 039/100 VUs, 1555 complete and 0 interrupted iterations
normal_day   [  81% ] 039/100 VUs  08m08.9s/10m0s  3.70 iters/s

running (08m09.9s), 041/100 VUs, 1556 complete and 0 interrupted iterations
normal_day   [  82% ] 041/100 VUs  08m09.9s/10m0s  3.67 iters/s

running (08m10.9s), 043/100 VUs, 1558 complete and 0 interrupted iterations
normal_day   [  82% ] 043/100 VUs  08m10.9s/10m0s  3.64 iters/s

running (08m11.9s), 041/100 VUs, 1564 complete and 0 interrupted iterations
normal_day   [  82% ] 041/100 VUs  08m11.9s/10m0s  3.60 iters/s

running (08m12.9s), 039/100 VUs, 1569 complete and 0 interrupted iterations
normal_day   [  82% ] 039/100 VUs  08m12.9s/10m0s  3.57 iters/s

running (08m13.9s), 041/100 VUs, 1571 complete and 0 interrupted iterations
normal_day   [  82% ] 041/100 VUs  08m13.9s/10m0s  3.54 iters/s

running (08m14.9s), 039/100 VUs, 1576 complete and 0 interrupted iterations
normal_day   [  82% ] 039/100 VUs  08m14.9s/10m0s  3.51 iters/s

running (08m15.9s), 040/100 VUs, 1579 complete and 0 interrupted iterations
normal_day   [  83% ] 040/100 VUs  08m15.9s/10m0s  3.47 iters/s

running (08m16.9s), 042/100 VUs, 1580 complete and 0 interrupted iterations
normal_day   [  83% ] 042/100 VUs  08m16.9s/10m0s  3.44 iters/s

running (08m17.9s), 043/100 VUs, 1583 complete and 0 interrupted iterations
normal_day   [  83% ] 043/100 VUs  08m17.9s/10m0s  3.40 iters/s

running (08m18.9s), 042/100 VUs, 1587 complete and 0 interrupted iterations
normal_day   [  83% ] 042/100 VUs  08m18.9s/10m0s  3.37 iters/s

running (08m19.9s), 043/100 VUs, 1590 complete and 0 interrupted iterations
normal_day   [  83% ] 043/100 VUs  08m19.9s/10m0s  3.33 iters/s

running (08m20.9s), 039/100 VUs, 1597 complete and 0 interrupted iterations
normal_day   [  83% ] 039/100 VUs  08m20.9s/10m0s  3.30 iters/s

running (08m21.9s), 036/100 VUs, 1603 complete and 0 interrupted iterations
normal_day   [  84% ] 036/100 VUs  08m21.9s/10m0s  3.27 iters/s

running (08m22.9s), 035/100 VUs, 1607 complete and 0 interrupted iterations
normal_day   [  84% ] 035/100 VUs  08m22.9s/10m0s  3.24 iters/s

running (08m23.9s), 037/100 VUs, 1609 complete and 0 interrupted iterations
normal_day   [  84% ] 037/100 VUs  08m23.9s/10m0s  3.20 iters/s

running (08m24.9s), 037/100 VUs, 1612 complete and 0 interrupted iterations
normal_day   [  84% ] 037/100 VUs  08m24.9s/10m0s  3.17 iters/s

running (08m25.9s), 036/100 VUs, 1616 complete and 0 interrupted iterations
normal_day   [  84% ] 036/100 VUs  08m25.9s/10m0s  3.14 iters/s

running (08m26.9s), 034/100 VUs, 1621 complete and 0 interrupted iterations
normal_day   [  84% ] 034/100 VUs  08m26.9s/10m0s  3.10 iters/s

running (08m27.9s), 036/100 VUs, 1622 complete and 0 interrupted iterations
normal_day   [  85% ] 036/100 VUs  08m27.9s/10m0s  3.07 iters/s

running (08m28.9s), 038/100 VUs, 1623 complete and 0 interrupted iterations
normal_day   [  85% ] 038/100 VUs  08m28.9s/10m0s  3.04 iters/s

running (08m29.9s), 037/100 VUs, 1627 complete and 0 interrupted iterations
normal_day   [  85% ] 037/100 VUs  08m29.9s/10m0s  3.01 iters/s

running (08m30.9s), 036/100 VUs, 1631 complete and 0 interrupted iterations
normal_day   [  85% ] 036/100 VUs  08m30.9s/10m0s  2.97 iters/s

running (08m31.9s), 034/100 VUs, 1636 complete and 0 interrupted iterations
normal_day   [  85% ] 034/100 VUs  08m31.9s/10m0s  2.94 iters/s

running (08m32.9s), 035/100 VUs, 1638 complete and 0 interrupted iterations
normal_day   [  85% ] 035/100 VUs  08m32.9s/10m0s  2.90 iters/s

running (08m33.9s), 036/100 VUs, 1640 complete and 0 interrupted iterations
normal_day   [  86% ] 036/100 VUs  08m33.9s/10m0s  2.87 iters/s

running (08m34.9s), 034/100 VUs, 1645 complete and 0 interrupted iterations
normal_day   [  86% ] 034/100 VUs  08m34.9s/10m0s  2.83 iters/s

running (08m35.9s), 035/100 VUs, 1647 complete and 0 interrupted iterations
normal_day   [  86% ] 035/100 VUs  08m35.9s/10m0s  2.80 iters/s

running (08m36.9s), 034/100 VUs, 1650 complete and 0 interrupted iterations
normal_day   [  86% ] 034/100 VUs  08m36.9s/10m0s  2.77 iters/s

running (08m37.9s), 034/100 VUs, 1653 complete and 0 interrupted iterations
normal_day   [  86% ] 034/100 VUs  08m37.9s/10m0s  2.74 iters/s

running (08m38.9s), 033/100 VUs, 1657 complete and 0 interrupted iterations
normal_day   [  86% ] 033/100 VUs  08m38.9s/10m0s  2.70 iters/s

running (08m39.9s), 032/100 VUs, 1661 complete and 0 interrupted iterations
normal_day   [  87% ] 032/100 VUs  08m39.9s/10m0s  2.66 iters/s

running (08m40.9s), 032/100 VUs, 1663 complete and 0 interrupted iterations
normal_day   [  87% ] 032/100 VUs  08m40.9s/10m0s  2.64 iters/s

running (08m41.9s), 033/100 VUs, 1665 complete and 0 interrupted iterations
normal_day   [  87% ] 033/100 VUs  08m41.9s/10m0s  2.60 iters/s

running (08m42.9s), 032/100 VUs, 1668 complete and 0 interrupted iterations
normal_day   [  87% ] 032/100 VUs  08m42.9s/10m0s  2.58 iters/s

running (08m43.9s), 033/100 VUs, 1670 complete and 0 interrupted iterations
normal_day   [  87% ] 033/100 VUs  08m43.9s/10m0s  2.54 iters/s

running (08m44.9s), 031/100 VUs, 1675 complete and 0 interrupted iterations
normal_day   [  87% ] 031/100 VUs  08m44.9s/10m0s  2.50 iters/s

running (08m45.9s), 028/100 VUs, 1680 complete and 0 interrupted iterations
normal_day   [  88% ] 028/100 VUs  08m45.9s/10m0s  2.47 iters/s

running (08m46.9s), 028/100 VUs, 1682 complete and 0 interrupted iterations
normal_day   [  88% ] 028/100 VUs  08m46.9s/10m0s  2.44 iters/s

running (08m47.9s), 027/100 VUs, 1686 complete and 0 interrupted iterations
normal_day   [  88% ] 027/100 VUs  08m47.9s/10m0s  2.40 iters/s

running (08m48.9s), 026/100 VUs, 1689 complete and 0 interrupted iterations
normal_day   [  88% ] 026/100 VUs  08m48.9s/10m0s  2.37 iters/s

running (08m49.9s), 026/100 VUs, 1692 complete and 0 interrupted iterations
normal_day   [  88% ] 026/100 VUs  08m49.9s/10m0s  2.33 iters/s

running (08m50.9s), 023/100 VUs, 1697 complete and 0 interrupted iterations
normal_day   [  88% ] 023/100 VUs  08m50.9s/10m0s  2.30 iters/s

running (08m51.9s), 023/100 VUs, 1699 complete and 0 interrupted iterations
normal_day   [  89% ] 023/100 VUs  08m51.9s/10m0s  2.27 iters/s

running (08m52.9s), 024/100 VUs, 1700 complete and 0 interrupted iterations
normal_day   [  89% ] 024/100 VUs  08m52.9s/10m0s  2.24 iters/s

running (08m53.9s), 024/100 VUs, 1703 complete and 0 interrupted iterations
normal_day   [  89% ] 024/100 VUs  08m53.9s/10m0s  2.20 iters/s

running (08m54.9s), 023/100 VUs, 1706 complete and 0 interrupted iterations
normal_day   [  89% ] 023/100 VUs  08m54.9s/10m0s  2.17 iters/s

running (08m55.9s), 021/100 VUs, 1710 complete and 0 interrupted iterations
normal_day   [  89% ] 021/100 VUs  08m55.9s/10m0s  2.14 iters/s

running (08m56.9s), 021/100 VUs, 1712 complete and 0 interrupted iterations
normal_day   [  89% ] 021/100 VUs  08m56.9s/10m0s  2.11 iters/s

running (08m57.9s), 018/100 VUs, 1717 complete and 0 interrupted iterations
normal_day   [  90% ] 018/100 VUs  08m57.9s/10m0s  2.07 iters/s

running (08m58.9s), 020/100 VUs, 1717 complete and 0 interrupted iterations
normal_day   [  90% ] 020/100 VUs  08m58.9s/10m0s  2.04 iters/s

running (08m59.9s), 019/100 VUs, 1720 complete and 0 interrupted iterations
normal_day   [  90% ] 019/100 VUs  08m59.9s/10m0s  2.01 iters/s

running (09m00.9s), 018/100 VUs, 1723 complete and 0 interrupted iterations
normal_day   [  90% ] 018/100 VUs  09m00.9s/10m0s  1.97 iters/s

running (09m01.9s), 017/100 VUs, 1726 complete and 0 interrupted iterations
normal_day   [  90% ] 017/100 VUs  09m01.9s/10m0s  1.94 iters/s

running (09m02.9s), 016/100 VUs, 1729 complete and 0 interrupted iterations
normal_day   [  90% ] 016/100 VUs  09m02.9s/10m0s  1.91 iters/s

running (09m03.9s), 016/100 VUs, 1731 complete and 0 interrupted iterations
normal_day   [  91% ] 016/100 VUs  09m03.9s/10m0s  1.87 iters/s

running (09m04.9s), 016/100 VUs, 1733 complete and 0 interrupted iterations
normal_day   [  91% ] 016/100 VUs  09m04.9s/10m0s  1.83 iters/s

running (09m05.9s), 018/100 VUs, 1733 complete and 0 interrupted iterations
normal_day   [  91% ] 018/100 VUs  09m05.9s/10m0s  1.80 iters/s

running (09m06.9s), 019/100 VUs, 1734 complete and 0 interrupted iterations
normal_day   [  91% ] 019/100 VUs  09m06.9s/10m0s  1.76 iters/s

running (09m07.9s), 017/100 VUs, 1737 complete and 0 interrupted iterations
normal_day   [  91% ] 017/100 VUs  09m07.9s/10m0s  1.74 iters/s

running (09m08.9s), 016/100 VUs, 1740 complete and 0 interrupted iterations
normal_day   [  91% ] 016/100 VUs  09m08.9s/10m0s  1.70 iters/s

running (09m09.9s), 016/100 VUs, 1742 complete and 0 interrupted iterations
normal_day   [  92% ] 016/100 VUs  09m09.9s/10m0s  1.66 iters/s

running (09m10.9s), 015/100 VUs, 1744 complete and 0 interrupted iterations
normal_day   [  92% ] 015/100 VUs  09m10.9s/10m0s  1.64 iters/s

running (09m11.9s), 015/100 VUs, 1746 complete and 0 interrupted iterations
normal_day   [  92% ] 015/100 VUs  09m11.9s/10m0s  1.60 iters/s

running (09m12.9s), 016/100 VUs, 1747 complete and 0 interrupted iterations
normal_day   [  92% ] 016/100 VUs  09m12.9s/10m0s  1.56 iters/s

running (09m13.9s), 013/100 VUs, 1751 complete and 0 interrupted iterations
normal_day   [  92% ] 013/100 VUs  09m13.9s/10m0s  1.54 iters/s

running (09m14.9s), 013/100 VUs, 1753 complete and 0 interrupted iterations
normal_day   [  92% ] 013/100 VUs  09m14.9s/10m0s  1.49 iters/s

running (09m15.9s), 012/100 VUs, 1755 complete and 0 interrupted iterations
normal_day   [  93% ] 012/100 VUs  09m15.9s/10m0s  1.47 iters/s

running (09m16.9s), 014/100 VUs, 1755 complete and 0 interrupted iterations
normal_day   [  93% ] 014/100 VUs  09m16.9s/10m0s  1.43 iters/s

running (09m17.9s), 014/100 VUs, 1756 complete and 0 interrupted iterations
normal_day   [  93% ] 014/100 VUs  09m17.9s/10m0s  1.40 iters/s

running (09m18.9s), 013/100 VUs, 1758 complete and 0 interrupted iterations
normal_day   [  93% ] 013/100 VUs  09m18.9s/10m0s  1.38 iters/s

running (09m19.9s), 013/100 VUs, 1760 complete and 0 interrupted iterations
normal_day   [  93% ] 013/100 VUs  09m19.9s/10m0s  1.33 iters/s

running (09m20.9s), 013/100 VUs, 1761 complete and 0 interrupted iterations
normal_day   [  93% ] 013/100 VUs  09m20.9s/10m0s  1.30 iters/s

running (09m21.9s), 011/100 VUs, 1764 complete and 0 interrupted iterations
normal_day   [  94% ] 011/100 VUs  09m21.9s/10m0s  1.28 iters/s

running (09m22.9s), 013/100 VUs, 1764 complete and 0 interrupted iterations
normal_day   [  94% ] 013/100 VUs  09m22.9s/10m0s  1.22 iters/s

running (09m23.9s), 014/100 VUs, 1764 complete and 0 interrupted iterations
normal_day   [  94% ] 014/100 VUs  09m23.9s/10m0s  1.20 iters/s

running (09m24.9s), 013/100 VUs, 1766 complete and 0 interrupted iterations
normal_day   [  94% ] 013/100 VUs  09m24.9s/10m0s  1.17 iters/s

running (09m25.9s), 013/100 VUs, 1767 complete and 0 interrupted iterations
normal_day   [  94% ] 013/100 VUs  09m25.9s/10m0s  1.14 iters/s

running (09m26.9s), 014/100 VUs, 1767 complete and 0 interrupted iterations
normal_day   [  94% ] 014/100 VUs  09m26.9s/10m0s  1.11 iters/s

running (09m27.9s), 013/100 VUs, 1769 complete and 0 interrupted iterations
normal_day   [  95% ] 013/100 VUs  09m27.9s/10m0s  1.08 iters/s

running (09m28.9s), 014/100 VUs, 1769 complete and 0 interrupted iterations
normal_day   [  95% ] 014/100 VUs  09m28.9s/10m0s  1.05 iters/s

running (09m29.9s), 015/100 VUs, 1769 complete and 0 interrupted iterations
normal_day   [  95% ] 015/100 VUs  09m29.9s/10m0s  1.02 iters/s

running (09m30.9s), 016/100 VUs, 1769 complete and 0 interrupted iterations
normal_day   [  95% ] 016/100 VUs  09m30.9s/10m0s  0.98 iters/s

running (09m31.9s), 016/100 VUs, 1770 complete and 0 interrupted iterations
normal_day   [  95% ] 016/100 VUs  09m31.9s/10m0s  0.95 iters/s

running (09m32.9s), 017/100 VUs, 1770 complete and 0 interrupted iterations
normal_day   [  95% ] 017/100 VUs  09m32.9s/10m0s  0.91 iters/s

running (09m33.9s), 015/100 VUs, 1773 complete and 0 interrupted iterations
normal_day   [  96% ] 015/100 VUs  09m33.9s/10m0s  0.88 iters/s

running (09m34.9s), 015/100 VUs, 1774 complete and 0 interrupted iterations
normal_day   [  96% ] 015/100 VUs  09m34.9s/10m0s  0.84 iters/s

running (09m35.9s), 015/100 VUs, 1775 complete and 0 interrupted iterations
normal_day   [  96% ] 015/100 VUs  09m35.9s/10m0s  0.80 iters/s

running (09m36.9s), 011/100 VUs, 1780 complete and 0 interrupted iterations
normal_day   [  96% ] 011/100 VUs  09m36.9s/10m0s  0.75 iters/s

running (09m37.9s), 010/100 VUs, 1781 complete and 0 interrupted iterations
normal_day   [  96% ] 010/100 VUs  09m37.9s/10m0s  0.75 iters/s

running (09m38.9s), 010/100 VUs, 1782 complete and 0 interrupted iterations
normal_day   [  96% ] 010/100 VUs  09m38.9s/10m0s  0.71 iters/s

running (09m39.9s), 011/100 VUs, 1782 complete and 0 interrupted iterations
normal_day   [  97% ] 011/100 VUs  09m39.9s/10m0s  0.66 iters/s

running (09m40.9s), 010/100 VUs, 1783 complete and 0 interrupted iterations
normal_day   [  97% ] 010/100 VUs  09m40.9s/10m0s  0.66 iters/s

running (09m41.9s), 011/100 VUs, 1783 complete and 0 interrupted iterations
normal_day   [  97% ] 011/100 VUs  09m41.9s/10m0s  0.60 iters/s

running (09m42.9s), 012/100 VUs, 1783 complete and 0 interrupted iterations
normal_day   [  97% ] 012/100 VUs  09m42.9s/10m0s  0.55 iters/s

running (09m43.9s), 012/100 VUs, 1783 complete and 0 interrupted iterations
normal_day   [  97% ] 012/100 VUs  09m43.9s/10m0s  0.55 iters/s

running (09m44.9s), 012/100 VUs, 1784 complete and 0 interrupted iterations
normal_day   [  97% ] 012/100 VUs  09m44.9s/10m0s  0.48 iters/s

running (09m45.9s), 008/100 VUs, 1788 complete and 0 interrupted iterations
normal_day   [  98% ] 008/100 VUs  09m45.9s/10m0s  0.48 iters/s

running (09m46.9s), 007/100 VUs, 1790 complete and 0 interrupted iterations
normal_day   [  98% ] 007/100 VUs  09m46.9s/10m0s  0.41 iters/s

running (09m47.9s), 006/100 VUs, 1791 complete and 0 interrupted iterations
normal_day   [  98% ] 006/100 VUs  09m47.9s/10m0s  0.41 iters/s

running (09m48.9s), 005/100 VUs, 1792 complete and 0 interrupted iterations
normal_day   [  98% ] 005/100 VUs  09m48.9s/10m0s  0.41 iters/s

running (09m49.9s), 006/100 VUs, 1792 complete and 0 interrupted iterations
normal_day   [  98% ] 006/100 VUs  09m49.9s/10m0s  0.31 iters/s

running (09m50.9s), 006/100 VUs, 1792 complete and 0 interrupted iterations
normal_day   [  98% ] 006/100 VUs  09m50.9s/10m0s  0.31 iters/s

running (09m51.9s), 005/100 VUs, 1793 complete and 0 interrupted iterations
normal_day   [  99% ] 005/100 VUs  09m51.9s/10m0s  0.31 iters/s

running (09m52.9s), 005/100 VUs, 1794 complete and 0 interrupted iterations
normal_day   [  99% ] 005/100 VUs  09m52.9s/10m0s  0.13 iters/s

running (09m53.9s), 005/100 VUs, 1794 complete and 0 interrupted iterations
normal_day   [  99% ] 005/100 VUs  09m53.9s/10m0s  0.13 iters/s

running (09m54.9s), 005/100 VUs, 1794 complete and 0 interrupted iterations
normal_day   [  99% ] 005/100 VUs  09m54.9s/10m0s  0.13 iters/s

running (09m55.9s), 004/100 VUs, 1795 complete and 0 interrupted iterations
normal_day   [  99% ] 004/100 VUs  09m55.9s/10m0s  0.13 iters/s

running (09m56.9s), 004/100 VUs, 1795 complete and 0 interrupted iterations
normal_day   [  99% ] 004/100 VUs  09m56.9s/10m0s  0.13 iters/s

running (09m57.9s), 003/100 VUs, 1796 complete and 0 interrupted iterations
normal_day   [ 100% ] 003/100 VUs  09m57.9s/10m0s  0.13 iters/s

running (09m58.9s), 002/100 VUs, 1797 complete and 0 interrupted iterations
normal_day   [ 100% ] 002/100 VUs  09m58.9s/10m0s  0.13 iters/s

running (09m59.9s), 001/100 VUs, 1798 complete and 0 interrupted iterations
normal_day   [ 100% ] 001/100 VUs  09m59.9s/10m0s  0.13 iters/s

running (10m00.9s), 001/100 VUs, 1798 complete and 0 interrupted iterations
normal_day ↓ [ 100% ] 001/100 VUs  10m0s  0.13 iters/s

running (10m01.9s), 001/100 VUs, 1798 complete and 0 interrupted iterations
normal_day ↓ [ 100% ] 001/100 VUs  10m0s  0.13 iters/s

running (10m02.9s), 001/100 VUs, 1798 complete and 0 interrupted iterations
normal_day ↓ [ 100% ] 001/100 VUs  10m0s  0.13 iters/s

running (10m03.9s), 001/100 VUs, 1798 complete and 0 interrupted iterations
normal_day ↓ [ 100% ] 001/100 VUs  10m0s  0.13 iters/s

running (10m04.9s), 001/100 VUs, 1798 complete and 0 interrupted iterations
normal_day ↓ [ 100% ] 001/100 VUs  10m0s  0.13 iters/s

running (10m05.9s), 001/100 VUs, 1798 complete and 0 interrupted iterations
normal_day ↓ [ 100% ] 001/100 VUs  10m0s  0.13 iters/s
[32m     ✓ login 200[0m
[32m     ✓ chat rooms 200[0m
[32m     ✓ refresh 200[0m
[32m     ✓ unread count 200[0m
[32m     ✓ notif list 200[0m
[32m     ✓ post detail 200[0m
[32m     ✓ post create 2xx[0m
[32m     ✓ post update 200[0m
[32m     ✓ post delete 200[0m
[32m     ✓ comment list 200[0m
[32m     ✓ comment reaction 200[0m
[32m     ✓ friend list 200[0m
[32m     ✓ chat messages 200[0m
[32m     ✓ received reqs 200[0m
[32m     ✓ board list 200[0m
[32m     ✓ hot daily 200[0m
[32m     ✓ chat read 200[0m
[32m     ✓ post list 200[0m
[32m     ✓ logout 200[0m
[32m     ✓ post reaction 2xx[0m
[32m     ✓ post search 200[0m
[32m     ✓ read one 200[0m
[32m     ✓ comment create 2xx[0m
[32m     ✓ user info 200[0m
[32m     ✓ my posts 200[0m
[32m     ✓ ws handshake 101[0m
[32m     ✓ scrap 2xx[0m
[32m     ✓ meal today 200[0m
[32m     ✓ timetable today 200[0m
[32m     ✓ meal month 200[0m
[32m     ✓ read all 200[0m

     auth_token_refreshes[2m...........:[0m [36m27[0m      [36;2m0.044561/s[0m
     chat_ws_messages_sent[2m..........:[0m [36m484[0m     [36;2m0.798798/s[0m
     chat_ws_rtt[2m....................:[0m avg=[36m29.21ms[0m  min=[36m14ms[0m    med=[36m22ms[0m     max=[36m1.02s[0m    p(90)=[36m35ms[0m     p(95)=[36m41.69ms[0m  p(99)=[36m204.68ms[0m
     checks[2m.........................:[0m [36m100.00%[0m [36;2m✓ 7947[0m      [36;2m✗ 0[0m    
     [32m✓[0m { phase:measure }[2m............:[0m [36m100.00%[0m [36;2m✓ 5289[0m      [36;2m✗ 0[0m    
     [32m✓[0m { phase:rampdown }[2m...........:[0m [36m100.00%[0m [36;2m✓ 1210[0m      [36;2m✗ 0[0m    
     [32m✓[0m { phase:warmup }[2m.............:[0m [36m100.00%[0m [36;2m✓ 1448[0m      [36;2m✗ 0[0m    
     data_received[2m..................:[0m [36m392 MB[0m  [36;2m647 kB/s[0m
     data_sent[2m......................:[0m [36m3.2 MB[0m  [36;2m5.3 kB/s[0m
     http_req_blocked[2m...............:[0m avg=[36m15.57µs[0m  min=[36m1.66µs[0m  med=[36m5.38µs[0m   max=[36m21.29ms[0m  p(90)=[36m11.53µs[0m  p(95)=[36m15.43µs[0m  p(99)=[36m271.67µs[0m
     http_req_connecting[2m............:[0m avg=[36m7.16µs[0m   min=[36m0s[0m      med=[36m0s[0m       max=[36m21.21ms[0m  p(90)=[36m0s[0m       p(95)=[36m0s[0m       p(99)=[36m187.77µs[0m
     http_req_duration[2m..............:[0m avg=[36m102.01ms[0m min=[36m1.8ms[0m   med=[36m6.34ms[0m   max=[36m27.36s[0m   p(90)=[36m85.48ms[0m  p(95)=[36m469.45ms[0m p(99)=[36m1.9s[0m    
       { expected_response:true }[2m...:[0m avg=[36m102.01ms[0m min=[36m1.8ms[0m   med=[36m6.34ms[0m   max=[36m27.36s[0m   p(90)=[36m85.48ms[0m  p(95)=[36m469.45ms[0m p(99)=[36m1.9s[0m    
     [32m✓[0m { feature:auth }[2m.............:[0m avg=[36m189.83ms[0m min=[36m14.45ms[0m med=[36m84.05ms[0m  max=[36m1.27s[0m    p(90)=[36m621.44ms[0m p(95)=[36m827.35ms[0m p(99)=[36m1.02s[0m   
     [32m✓[0m { feature:board }[2m............:[0m avg=[36m6.34ms[0m   min=[36m1.89ms[0m  med=[36m3.36ms[0m   max=[36m294.62ms[0m p(90)=[36m8.55ms[0m   p(95)=[36m10.13ms[0m  p(99)=[36m78.48ms[0m 
     [32m✓[0m { feature:chat }[2m.............:[0m avg=[36m9.79ms[0m   min=[36m2.48ms[0m  med=[36m5.08ms[0m   max=[36m283.5ms[0m  p(90)=[36m12.74ms[0m  p(95)=[36m15.94ms[0m  p(99)=[36m143.3ms[0m 
     [32m✓[0m { feature:comment }[2m..........:[0m avg=[36m500.99ms[0m min=[36m1.88ms[0m  med=[36m54.41ms[0m  max=[36m27.36s[0m   p(90)=[36m1.68s[0m    p(95)=[36m1.93s[0m    p(99)=[36m4.1s[0m    
     [32m✓[0m { feature:friend }[2m...........:[0m avg=[36m5.56ms[0m   min=[36m2.34ms[0m  med=[36m4.03ms[0m   max=[36m66.4ms[0m   p(90)=[36m8.95ms[0m   p(95)=[36m11.06ms[0m  p(99)=[36m24.48ms[0m 
     [32m✓[0m { feature:hot }[2m..............:[0m avg=[36m16.77ms[0m  min=[36m7.18ms[0m  med=[36m11.89ms[0m  max=[36m273.35ms[0m p(90)=[36m21.28ms[0m  p(95)=[36m26.65ms[0m  p(99)=[36m140.3ms[0m 
     [32m✓[0m { feature:mypage }[2m...........:[0m avg=[36m5.16ms[0m   min=[36m2.2ms[0m   med=[36m3.47ms[0m   max=[36m92.71ms[0m  p(90)=[36m6.34ms[0m   p(95)=[36m7.84ms[0m   p(99)=[36m47.16ms[0m 
     [32m✓[0m { feature:notification }[2m.....:[0m avg=[36m12.8ms[0m   min=[36m2.04ms[0m  med=[36m6.86ms[0m   max=[36m340.58ms[0m p(90)=[36m19.45ms[0m  p(95)=[36m24.49ms[0m  p(99)=[36m167.44ms[0m
     [32m✓[0m { feature:post }[2m.............:[0m avg=[36m10.66ms[0m  min=[36m1.8ms[0m   med=[36m5.07ms[0m   max=[36m1.5s[0m     p(90)=[36m15.46ms[0m  p(95)=[36m26.82ms[0m  p(99)=[36m100.63ms[0m
     [32m✓[0m { feature:reaction }[2m.........:[0m avg=[36m32.79ms[0m  min=[36m15.84ms[0m med=[36m21.84ms[0m  max=[36m802.05ms[0m p(90)=[36m34.27ms[0m  p(95)=[36m41.5ms[0m   p(99)=[36m217.98ms[0m
     [32m✓[0m { feature:school }[2m...........:[0m avg=[36m5.27ms[0m   min=[36m2.73ms[0m  med=[36m3.77ms[0m   max=[36m13.46ms[0m  p(90)=[36m11.04ms[0m  p(95)=[36m12.14ms[0m  p(99)=[36m13.32ms[0m 
     [32m✓[0m { feature:scrap }[2m............:[0m avg=[36m23.93ms[0m  min=[36m14.7ms[0m  med=[36m22.23ms[0m  max=[36m57.88ms[0m  p(90)=[36m32.81ms[0m  p(95)=[36m36.14ms[0m  p(99)=[36m56.67ms[0m 
     [32m✓[0m { feature:timetable }[2m........:[0m avg=[36m4.48ms[0m   min=[36m2.02ms[0m  med=[36m3.33ms[0m   max=[36m30.76ms[0m  p(90)=[36m6.76ms[0m   p(95)=[36m9.57ms[0m   p(99)=[36m20.63ms[0m 
     [32m✓[0m { op:auth }[2m..................:[0m avg=[36m189.83ms[0m min=[36m14.45ms[0m med=[36m84.05ms[0m  max=[36m1.27s[0m    p(90)=[36m621.44ms[0m p(95)=[36m827.35ms[0m p(99)=[36m1.02s[0m   
     [31m✗[0m { op:read,phase:measure }[2m....:[0m avg=[36m85.75ms[0m  min=[36m1.82ms[0m  med=[36m5.39ms[0m   max=[36m5.99s[0m    p(90)=[36m58.75ms[0m  p(95)=[36m408.22ms[0m p(99)=[36m1.88s[0m   
     [32m✓[0m { op:write,phase:measure }[2m...:[0m avg=[36m20.44ms[0m  min=[36m2.85ms[0m  med=[36m19.43ms[0m  max=[36m61.57ms[0m  p(90)=[36m35.2ms[0m   p(95)=[36m41.22ms[0m  p(99)=[36m53.45ms[0m 
     [32m✓[0m { page:0 }[2m...................:[0m avg=[36m10.01ms[0m  min=[36m1.8ms[0m   med=[36m3.32ms[0m   max=[36m182.31ms[0m p(90)=[36m28.74ms[0m  p(95)=[36m37.73ms[0m  p(99)=[36m144.14ms[0m
     [32m✓[0m { page:1 }[2m...................:[0m avg=[36m11.51ms[0m  min=[36m1.82ms[0m  med=[36m3.18ms[0m   max=[36m490.59ms[0m p(90)=[36m29.34ms[0m  p(95)=[36m40.26ms[0m  p(99)=[36m77.25ms[0m 
     [32m✓[0m { page:2 }[2m...................:[0m avg=[36m28.89ms[0m  min=[36m1.86ms[0m  med=[36m3.09ms[0m   max=[36m805.48ms[0m p(90)=[36m29.27ms[0m  p(95)=[36m72.17ms[0m  p(99)=[36m644.62ms[0m
     [32m✓[0m { page:3 }[2m...................:[0m avg=[36m10.81ms[0m  min=[36m2.1ms[0m   med=[36m3.82ms[0m   max=[36m79.1ms[0m   p(90)=[36m31.62ms[0m  p(95)=[36m33.74ms[0m  p(99)=[36m51.81ms[0m 
     [32m✓[0m { page:4 }[2m...................:[0m avg=[36m19.21ms[0m  min=[36m2.32ms[0m  med=[36m3.5ms[0m    max=[36m323.45ms[0m p(90)=[36m20.91ms[0m  p(95)=[36m57.95ms[0m  p(99)=[36m254.85ms[0m
     [32m✓[0m { phase:measure }[2m............:[0m avg=[36m80.94ms[0m  min=[36m1.82ms[0m  med=[36m5.69ms[0m   max=[36m5.99s[0m    p(90)=[36m49.93ms[0m  p(95)=[36m357.71ms[0m p(99)=[36m1.87s[0m   
     [32m✓[0m { phase:rampdown }[2m...........:[0m avg=[36m85.06ms[0m  min=[36m1.8ms[0m   med=[36m5.33ms[0m   max=[36m2.45s[0m    p(90)=[36m52.99ms[0m  p(95)=[36m433.89ms[0m p(99)=[36m1.88s[0m   
     [32m✓[0m { phase:warmup }[2m.............:[0m avg=[36m192.68ms[0m min=[36m2.6ms[0m   med=[36m10.4ms[0m   max=[36m27.36s[0m   p(90)=[36m212.64ms[0m p(95)=[36m828.43ms[0m p(99)=[36m2.02s[0m   
     http_req_failed[2m................:[0m [36m0.00%[0m   [36;2m✓ 0[0m         [36;2m✗ 7861[0m 
     [32m✓[0m { phase:measure }[2m............:[0m [36m0.00%[0m   [36;2m✓ 0[0m         [36;2m✗ 5227[0m 
     [32m✓[0m { phase:rampdown }[2m...........:[0m [36m0.00%[0m   [36;2m✓ 0[0m         [36;2m✗ 1196[0m 
     [32m✓[0m { phase:warmup }[2m.............:[0m [36m0.00%[0m   [36;2m✓ 0[0m         [36;2m✗ 1438[0m 
     http_req_receiving[2m.............:[0m avg=[36m664.5µs[0m  min=[36m34.9µs[0m  med=[36m184.22µs[0m max=[36m98.34ms[0m  p(90)=[36m605.08µs[0m p(95)=[36m2.3ms[0m    p(99)=[36m9.58ms[0m  
     http_req_sending[2m...............:[0m avg=[36m38.38µs[0m  min=[36m5.3µs[0m   med=[36m28.35µs[0m  max=[36m596.5µs[0m  p(90)=[36m73.34µs[0m  p(95)=[36m94.95µs[0m  p(99)=[36m154.03µs[0m
     http_req_tls_handshaking[2m.......:[0m avg=[36m0s[0m       min=[36m0s[0m      med=[36m0s[0m       max=[36m0s[0m       p(90)=[36m0s[0m       p(95)=[36m0s[0m       p(99)=[36m0s[0m      
     http_req_waiting[2m...............:[0m avg=[36m101.31ms[0m min=[36m1.67ms[0m  med=[36m6.07ms[0m   max=[36m27.34s[0m   p(90)=[36m84.9ms[0m   p(95)=[36m466.99ms[0m p(99)=[36m1.89s[0m   
     http_reqs[2m......................:[0m [36m7861[0m    [36;2m12.973862/s[0m
     [32m✓[0m { feature:auth }[2m.............:[0m [36m159[0m     [36;2m0.262415/s[0m
     [32m✓[0m { feature:board }[2m............:[0m [36m740[0m     [36;2m1.221302/s[0m
     [32m✓[0m { feature:chat }[2m.............:[0m [36m582[0m     [36;2m0.960538/s[0m
     [32m✓[0m { feature:comment }[2m..........:[0m [36m1400[0m    [36;2m2.310572/s[0m
     [32m✓[0m { feature:friend }[2m...........:[0m [36m119[0m     [36;2m0.196399/s[0m
     [32m✓[0m { feature:hot }[2m..............:[0m [36m740[0m     [36;2m1.221302/s[0m
     [32m✓[0m { feature:mypage }[2m...........:[0m [36m116[0m     [36;2m0.191447/s[0m
     [32m✓[0m { feature:notification }[2m.....:[0m [36m306[0m     [36;2m0.505025/s[0m
     [32m✓[0m { feature:post }[2m.............:[0m [36m3401[0m    [36;2m5.61304/s[0m
     [32m✓[0m { feature:reaction }[2m.........:[0m [36m137[0m     [36;2m0.226106/s[0m
     [32m✓[0m { feature:school }[2m...........:[0m [36m65[0m      [36;2m0.107277/s[0m
     [32m✓[0m { feature:scrap }[2m............:[0m [36m42[0m      [36;2m0.069317/s[0m
     [32m✓[0m { feature:timetable }[2m........:[0m [36m54[0m      [36;2m0.089122/s[0m
     [32m✓[0m { op:auth }[2m..................:[0m [36m159[0m     [36;2m0.262415/s[0m
     [32m✓[0m { op:read }[2m..................:[0m [36m7166[0m    [36;2m11.826828/s[0m
     [32m✓[0m { op:write }[2m.................:[0m [36m536[0m     [36;2m0.884619/s[0m
     [32m✓[0m { page:0 }[2m...................:[0m [36m411[0m     [36;2m0.678318/s[0m
     [32m✓[0m { page:1 }[2m...................:[0m [36m143[0m     [36;2m0.236008/s[0m
     [32m✓[0m { page:2 }[2m...................:[0m [36m96[0m      [36;2m0.158439/s[0m
     [32m✓[0m { page:3 }[2m...................:[0m [36m62[0m      [36;2m0.102325/s[0m
     [32m✓[0m { page:4 }[2m...................:[0m [36m28[0m      [36;2m0.046211/s[0m
     [32m✓[0m { phase:measure }[2m............:[0m [36m5227[0m    [36;2m8.626686/s[0m
     [32m✓[0m { phase:rampdown }[2m...........:[0m [36m1196[0m    [36;2m1.973889/s[0m
     [32m✓[0m { phase:warmup }[2m.............:[0m [36m1438[0m    [36;2m2.373288/s[0m
     iteration_duration[2m.............:[0m avg=[36m10.21s[0m   min=[36m1.02s[0m   med=[36m8.04s[0m    max=[36m39.55s[0m   p(90)=[36m19.33s[0m   p(95)=[36m21.29s[0m   p(99)=[36m26.99s[0m  
     iterations[2m.....................:[0m [36m1799[0m    [36;2m2.969085/s[0m
     [32m✓[0m { phase:measure }[2m............:[0m [36m0[0m       [36;2m0/s[0m
     [32m✓[0m { phase:rampdown }[2m...........:[0m [36m0[0m       [36;2m0/s[0m
     [32m✓[0m { phase:warmup }[2m.............:[0m [36m0[0m       [36;2m0/s[0m
     phase_iterations[2m...............:[0m [36m1799[0m    [36;2m2.969085/s[0m
     [32m✓[0m { phase:measure }[2m............:[0m [36m1205[0m    [36;2m1.988742/s[0m
     [32m✓[0m { phase:rampdown }[2m...........:[0m [36m276[0m     [36;2m0.455513/s[0m
     [32m✓[0m { phase:warmup }[2m.............:[0m [36m318[0m     [36;2m0.52483/s[0m
     vus[2m............................:[0m [36m1[0m       [36;2mmin=0[0m       [36;2mmax=50[0m 
     vus_max[2m........................:[0m [36m100[0m     [36;2mmin=100[0m     [36;2mmax=100[0m
     ws_connecting[2m..................:[0m avg=[36m12.85ms[0m  min=[36m2.08ms[0m  med=[36m2.75ms[0m   max=[36m295.7ms[0m  p(90)=[36m4.19ms[0m   p(95)=[36m6.01ms[0m   p(99)=[36m282.24ms[0m
     ws_msgs_received[2m...............:[0m [36m570[0m     [36;2m0.940733/s[0m
     ws_msgs_sent[2m...................:[0m [36m656[0m     [36;2m1.082668/s[0m
     ws_session_duration[2m............:[0m avg=[36m22.26s[0m   min=[36m15.05s[0m  med=[36m22.69s[0m   max=[36m29.75s[0m   p(90)=[36m27.52s[0m   p(95)=[36m27.8s[0m    p(99)=[36m29.39s[0m  
     ws_sessions[2m....................:[0m [36m86[0m      [36;2m0.141935/s[0m
running (10m05.9s), 000/100 VUs, 1799 complete and 0 interrupted iterations
normal_day ✓ [ 100% ] 000/100 VUs  10m0s  0.13 iters/s
  호스트(Windows) 584표본 · CPU 17.3% (max 61.3) · 정규화성능 121.4% · vmmem 152.4% · 바쁜코어 2.2개 · 가용메모리 3204MB
  부하 중 벤치(warmup +60초, 3회 중앙값) · single 5376ms (유휴 대비 6.2%) · parallel 5108ms (유휴 대비 -8.2%) · ctxswitch 2427ms (유휴 대비 12.5%)

  실행 후 상태 sha256:7f19bed7604d — chat_messages.count +484, chat_messages.maxId +484, posts.maxId +78, posts_reactions.maxId +74, comments.count +62 (외 13개)
    (지문 제외 항목: posts.sumViewCount +2074, daily_hot_post.count +56)
Prometheus 스크레이프 대기 20초...

══════════════════════════════════════════════════════════════════════════
  Performance Report — normal-day   Run #114   ❌ FAIL
══════════════════════════════════════════════════════════════════════════
  환경 perf  |  브랜치 personal/localdocs  |  커밋 3e96d946  |  빌드 local
  시작 2026-08-20 16:19:20 KST  |  수행 10m 6s  |  VU max 100
  데이터셋 medium  |  부하 ramping-arrival-rate 0→4@3m0s→4@5m0s→0@2m0s maxVU 600

  ── 성능 (measure 구간) ─────────────────────────────────────────
  평균 81ms      P95 358ms     P99 1.87s    
  RPS  17.4      TPS 4.02      오류율 0.00%

  ── 인프라 ────────────────────────────────────────────────────────
  CPU  0.92 core (한계의 46%)   throttled 6.7%
  Heap 775 MB (76%)   GC max 99ms × 80회
  DB   slow 806  QPS 5,141  풀 40%  대기 0
  Redis hit 99.3%  ops 61.7/s  evicted 0

  ── 회귀 (기준: normal-day-2026-08-20T07-16-29) ────────────────
  ⚠  기준선은 당시 k6 threshold 미통과 실행입니다, 당시 Node 판정 FAIL.
     아래 증감률은 개선/악화 폭이며 현재 SLO 통과를 뜻하지 않습니다.
  ❌ P99 응답시간                   2.44s → 1.87s (-23.2%)
       1871 > 상한 1200
  ⚠️  CPU throttling 비율          14.5% → 6.7% (-53.4%)
       6.74 > 상한 1.00

  ── 병목 가설 ─────────────────────────────────────────────────────
  • CPU throttling 발생
    cgroup이 CPU를 강제 회수한 주기가 6.7%다. CPU 한계(2 core)를 올리거나 요청당 CPU 사용을 줄여야 p99가 안정된다.
  • HTTP 요청당 쿼리 수 과다
    요청 1건당 평균 295.0개 쿼리가 실행됐다. N+1 패턴 가능성이 높다.
  • Slow Query 다발
    요청 1000건당 154.3건의 slow query(>100ms). 인덱스 또는 쿼리 계획 점검 대상.

  보고서 : reports\runs\normal-day-2026-08-20T07-29-26\report.html
  Grafana(전체 실행): http://localhost:3001/d/htd-perf-overview/highteenday-performance-overview?from=1787210240398&to=1787211086309
  Grafana(measure) : http://localhost:3001/d/htd-perf-overview/highteenday-performance-overview?from=1787210420398&to=1787210960398
══════════════════════════════════════════════════════════════════════════

  [2/3] p95 357.7ms · 평균 80.9ms · 서버측 79.3ms · 경로 1.7ms

──────── [3/3] 리셋 (restart) ────────

▶ k6 run scenarios/normal-day.js
  브랜치 personal/localdocs · 커밋 3e96d9463207 · 실행자 user@DESKTOP-DJJPASG
  환경 perf · "KI-27 Before-A (open model RATE=4) — repeatability 3/3"
  데이터셋 medium · 상태 sha256:7f19bed7604d (143ms)
  캐시 warm (키 1개)
  guard strict — 상태 불일치 시 스냅샷 복원 후 재확인 [perf.config.json]
    guard=strict — 스냅샷으로 복원합니다.
▶ 복원 — medium-20260816-062210 → perf-mysql-data-medium
  앱·MySQL 정지
  MySQL 기동
  Redis FLUSHALL (복원 후 캐시는 cold 다)
  앱 기동
  복원 후 상태 지문 sha256:ffe696d17416 = 스냅샷 일치

✅ 복원 완료 · 소요 5.9초 (압축 해제 구간)

  부하 발생기: 컨테이너 perf-k6 (grafana/k6:2.1.0, CPU 상한 4)
  k6 지표 전송: http://prometheus:9090/api/v1/write (native histogram, 5s 간격)
  환경 대조 벤치 실행 중(3축 3회, 약 40초)... single 4987ms · parallel 4633ms · ctxswitch 2214ms
  부하 중 벤치 예약: k6 시작 +60초 (warmup 구간, 3회)

         /\      Grafana   /‾‾/  
    /\  /  \     |\  __   /  /   
   /  \/    \    | |/ /  /   ‾‾\ 
  /          \   |   (  |  (‾)  |
 / __________ \  |_|\_\  \_____/ 


     execution: local
        script: scenarios/normal-day.js
        output: Prometheus remote write (http://prometheus:9090/api/v1/write)

     scenarios: (100.00%) 1 scenario, 600 max VUs, 10m30s max duration (incl. graceful stop):
              * normal_day: Up to 4.00 iterations/s for 10m0s over 3 stages (maxVUs: 100-600, gracefulStop: 30s)


running (00m00.9s), 000/100 VUs, 0 complete and 0 interrupted iterations
normal_day   [   0% ] 000/100 VUs  00m00.9s/10m0s  0.11 iters/s

running (00m01.9s), 000/100 VUs, 0 complete and 0 interrupted iterations
normal_day   [   0% ] 000/100 VUs  00m01.9s/10m0s  0.11 iters/s

running (00m02.9s), 000/100 VUs, 0 complete and 0 interrupted iterations
normal_day   [   0% ] 000/100 VUs  00m02.9s/10m0s  0.11 iters/s

running (00m03.9s), 000/100 VUs, 0 complete and 0 interrupted iterations
normal_day   [   1% ] 000/100 VUs  00m03.9s/10m0s  0.11 iters/s

running (00m04.9s), 000/100 VUs, 0 complete and 0 interrupted iterations
normal_day   [   1% ] 000/100 VUs  00m04.9s/10m0s  0.11 iters/s

running (00m05.9s), 000/100 VUs, 0 complete and 0 interrupted iterations
normal_day   [   1% ] 000/100 VUs  00m05.9s/10m0s  0.11 iters/s

running (00m06.9s), 000/100 VUs, 0 complete and 0 interrupted iterations
normal_day   [   1% ] 000/100 VUs  00m06.9s/10m0s  0.11 iters/s

running (00m07.9s), 000/100 VUs, 0 complete and 0 interrupted iterations
normal_day   [   1% ] 000/100 VUs  00m07.9s/10m0s  0.11 iters/s

running (00m08.9s), 000/100 VUs, 0 complete and 0 interrupted iterations
normal_day   [   1% ] 000/100 VUs  00m08.9s/10m0s  0.11 iters/s

running (00m09.9s), 001/100 VUs, 0 complete and 0 interrupted iterations
normal_day   [   2% ] 001/100 VUs  00m09.9s/10m0s  0.25 iters/s

running (00m10.9s), 001/100 VUs, 0 complete and 0 interrupted iterations
normal_day   [   2% ] 001/100 VUs  00m10.9s/10m0s  0.25 iters/s

running (00m11.9s), 001/100 VUs, 0 complete and 0 interrupted iterations
normal_day   [   2% ] 001/100 VUs  00m11.9s/10m0s  0.25 iters/s

running (00m12.9s), 001/100 VUs, 0 complete and 0 interrupted iterations
normal_day   [   2% ] 001/100 VUs  00m12.9s/10m0s  0.25 iters/s

running (00m13.9s), 002/100 VUs, 0 complete and 0 interrupted iterations
normal_day   [   2% ] 002/100 VUs  00m13.9s/10m0s  0.33 iters/s

running (00m14.9s), 001/100 VUs, 1 complete and 0 interrupted iterations
normal_day   [   2% ] 001/100 VUs  00m14.9s/10m0s  0.33 iters/s

running (00m15.9s), 001/100 VUs, 1 complete and 0 interrupted iterations
normal_day   [   3% ] 001/100 VUs  00m15.9s/10m0s  0.33 iters/s

running (00m16.9s), 002/100 VUs, 1 complete and 0 interrupted iterations
normal_day   [   3% ] 002/100 VUs  00m16.9s/10m0s  0.39 iters/s

running (00m17.9s), 002/100 VUs, 1 complete and 0 interrupted iterations
normal_day   [   3% ] 002/100 VUs  00m17.9s/10m0s  0.39 iters/s

running (00m18.9s), 002/100 VUs, 1 complete and 0 interrupted iterations
normal_day   [   3% ] 002/100 VUs  00m18.9s/10m0s  0.39 iters/s

running (00m19.9s), 003/100 VUs, 1 complete and 0 interrupted iterations
normal_day   [   3% ] 003/100 VUs  00m19.9s/10m0s  0.45 iters/s

running (00m20.9s), 002/100 VUs, 2 complete and 0 interrupted iterations
normal_day   [   3% ] 002/100 VUs  00m20.9s/10m0s  0.45 iters/s

running (00m21.9s), 003/100 VUs, 2 complete and 0 interrupted iterations
normal_day   [   4% ] 003/100 VUs  00m21.9s/10m0s  0.49 iters/s

running (00m22.9s), 003/100 VUs, 2 complete and 0 interrupted iterations
normal_day   [   4% ] 003/100 VUs  00m22.9s/10m0s  0.49 iters/s

running (00m23.9s), 004/100 VUs, 2 complete and 0 interrupted iterations
normal_day   [   4% ] 004/100 VUs  00m23.9s/10m0s  0.54 iters/s

running (00m24.9s), 004/100 VUs, 2 complete and 0 interrupted iterations
normal_day   [   4% ] 004/100 VUs  00m24.9s/10m0s  0.54 iters/s

running (00m25.9s), 005/100 VUs, 2 complete and 0 interrupted iterations
normal_day   [   4% ] 005/100 VUs  00m25.9s/10m0s  0.58 iters/s

running (00m26.9s), 006/100 VUs, 2 complete and 0 interrupted iterations
normal_day   [   4% ] 006/100 VUs  00m26.9s/10m0s  0.61 iters/s

running (00m27.9s), 006/100 VUs, 2 complete and 0 interrupted iterations
normal_day   [   5% ] 006/100 VUs  00m27.9s/10m0s  0.61 iters/s

running (00m28.9s), 006/100 VUs, 3 complete and 0 interrupted iterations
normal_day   [   5% ] 006/100 VUs  00m28.9s/10m0s  0.65 iters/s

running (00m29.9s), 006/100 VUs, 3 complete and 0 interrupted iterations
normal_day   [   5% ] 006/100 VUs  00m29.9s/10m0s  0.65 iters/s

running (00m30.9s), 007/100 VUs, 3 complete and 0 interrupted iterations
normal_day   [   5% ] 007/100 VUs  00m30.9s/10m0s  0.68 iters/s

running (00m31.9s), 008/100 VUs, 3 complete and 0 interrupted iterations
normal_day   [   5% ] 008/100 VUs  00m31.9s/10m0s  0.71 iters/s

running (00m32.9s), 007/100 VUs, 5 complete and 0 interrupted iterations
normal_day   [   5% ] 007/100 VUs  00m32.9s/10m0s  0.75 iters/s

running (00m33.9s), 007/100 VUs, 5 complete and 0 interrupted iterations
normal_day   [   6% ] 007/100 VUs  00m33.9s/10m0s  0.75 iters/s

running (00m34.9s), 008/100 VUs, 5 complete and 0 interrupted iterations
normal_day   [   6% ] 008/100 VUs  00m34.9s/10m0s  0.77 iters/s

running (00m35.9s), 007/100 VUs, 7 complete and 0 interrupted iterations
normal_day   [   6% ] 007/100 VUs  00m35.9s/10m0s  0.80 iters/s

running (00m36.9s), 008/100 VUs, 7 complete and 0 interrupted iterations
normal_day   [   6% ] 008/100 VUs  00m36.9s/10m0s  0.83 iters/s

running (00m37.9s), 007/100 VUs, 8 complete and 0 interrupted iterations
normal_day   [   6% ] 007/100 VUs  00m37.9s/10m0s  0.83 iters/s

running (00m38.9s), 007/100 VUs, 9 complete and 0 interrupted iterations
normal_day   [   6% ] 007/100 VUs  00m38.9s/10m0s  0.86 iters/s

running (00m39.9s), 007/100 VUs, 10 complete and 0 interrupted iterations
normal_day   [   7% ] 007/100 VUs  00m39.9s/10m0s  0.88 iters/s

running (00m40.9s), 008/100 VUs, 10 complete and 0 interrupted iterations
normal_day   [   7% ] 008/100 VUs  00m40.9s/10m0s  0.91 iters/s

running (00m41.9s), 009/100 VUs, 10 complete and 0 interrupted iterations
normal_day   [   7% ] 009/100 VUs  00m41.9s/10m0s  0.93 iters/s

running (00m42.9s), 010/100 VUs, 10 complete and 0 interrupted iterations
normal_day   [   7% ] 010/100 VUs  00m42.9s/10m0s  0.95 iters/s

running (00m43.9s), 011/100 VUs, 10 complete and 0 interrupted iterations
normal_day   [   7% ] 011/100 VUs  00m43.9s/10m0s  0.98 iters/s

running (00m44.9s), 012/100 VUs, 10 complete and 0 interrupted iterations
normal_day   [   7% ] 012/100 VUs  00m44.9s/10m0s  1.00 iters/s

running (00m45.9s), 012/100 VUs, 11 complete and 0 interrupted iterations
normal_day   [   8% ] 012/100 VUs  00m45.9s/10m0s  1.02 iters/s

running (00m46.9s), 013/100 VUs, 11 complete and 0 interrupted iterations
normal_day   [   8% ] 013/100 VUs  00m46.9s/10m0s  1.04 iters/s

running (00m47.9s), 013/100 VUs, 12 complete and 0 interrupted iterations
normal_day   [   8% ] 013/100 VUs  00m47.9s/10m0s  1.06 iters/s

running (00m48.9s), 013/100 VUs, 13 complete and 0 interrupted iterations
normal_day   [   8% ] 013/100 VUs  00m48.9s/10m0s  1.09 iters/s

running (00m49.9s), 010/100 VUs, 17 complete and 0 interrupted iterations
normal_day   [   8% ] 010/100 VUs  00m49.9s/10m0s  1.11 iters/s

running (00m50.9s), 010/100 VUs, 18 complete and 0 interrupted iterations
normal_day   [   8% ] 010/100 VUs  00m50.9s/10m0s  1.13 iters/s

running (00m51.9s), 010/100 VUs, 19 complete and 0 interrupted iterations
normal_day   [   9% ] 010/100 VUs  00m51.9s/10m0s  1.14 iters/s

running (00m52.9s), 011/100 VUs, 20 complete and 0 interrupted iterations
normal_day   [   9% ] 011/100 VUs  00m52.9s/10m0s  1.18 iters/s

running (00m53.9s), 011/100 VUs, 21 complete and 0 interrupted iterations
normal_day   [   9% ] 011/100 VUs  00m53.9s/10m0s  1.20 iters/s

running (00m54.9s), 011/100 VUs, 22 complete and 0 interrupted iterations
normal_day   [   9% ] 011/100 VUs  00m54.9s/10m0s  1.22 iters/s

running (00m55.9s), 010/100 VUs, 24 complete and 0 interrupted iterations
normal_day   [   9% ] 010/100 VUs  00m55.9s/10m0s  1.24 iters/s

running (00m56.9s), 011/100 VUs, 24 complete and 0 interrupted iterations
normal_day   [   9% ] 011/100 VUs  00m56.9s/10m0s  1.26 iters/s

running (00m57.9s), 013/100 VUs, 24 complete and 0 interrupted iterations
normal_day   [  10% ] 013/100 VUs  00m57.9s/10m0s  1.29 iters/s

running (00m58.9s), 013/100 VUs, 25 complete and 0 interrupted iterations
normal_day   [  10% ] 013/100 VUs  00m58.9s/10m0s  1.31 iters/s

running (00m59.9s), 013/100 VUs, 26 complete and 0 interrupted iterations
normal_day   [  10% ] 013/100 VUs  00m59.9s/10m0s  1.32 iters/s

running (01m00.9s), 014/100 VUs, 27 complete and 0 interrupted iterations
normal_day   [  10% ] 014/100 VUs  01m00.9s/10m0s  1.36 iters/s

running (01m01.9s), 013/100 VUs, 29 complete and 0 interrupted iterations
normal_day   [  10% ] 013/100 VUs  01m01.9s/10m0s  1.37 iters/s

running (01m02.9s), 013/100 VUs, 30 complete and 0 interrupted iterations
normal_day   [  10% ] 013/100 VUs  01m02.9s/10m0s  1.39 iters/s

running (01m03.9s), 013/100 VUs, 32 complete and 0 interrupted iterations
normal_day   [  11% ] 013/100 VUs  01m03.9s/10m0s  1.42 iters/s

running (01m04.9s), 013/100 VUs, 33 complete and 0 interrupted iterations
normal_day   [  11% ] 013/100 VUs  01m04.9s/10m0s  1.44 iters/s

running (01m05.9s), 015/100 VUs, 33 complete and 0 interrupted iterations
normal_day   [  11% ] 015/100 VUs  01m05.9s/10m0s  1.47 iters/s

running (01m06.9s), 013/100 VUs, 36 complete and 0 interrupted iterations
normal_day   [  11% ] 013/100 VUs  01m06.9s/10m0s  1.48 iters/s

running (01m07.9s), 012/100 VUs, 39 complete and 0 interrupted iterations
normal_day   [  11% ] 012/100 VUs  01m07.9s/10m0s  1.51 iters/s

running (01m08.9s), 013/100 VUs, 39 complete and 0 interrupted iterations
normal_day   [  11% ] 013/100 VUs  01m08.9s/10m0s  1.53 iters/s

running (01m09.9s), 015/100 VUs, 39 complete and 0 interrupted iterations
normal_day   [  12% ] 015/100 VUs  01m09.9s/10m0s  1.56 iters/s

running (01m10.9s), 013/100 VUs, 42 complete and 0 interrupted iterations
normal_day   [  12% ] 013/100 VUs  01m10.9s/10m0s  1.57 iters/s

running (01m11.9s), 015/100 VUs, 42 complete and 0 interrupted iterations
normal_day   [  12% ] 015/100 VUs  01m11.9s/10m0s  1.60 iters/s

running (01m12.9s), 016/100 VUs, 43 complete and 0 interrupted iterations
normal_day   [  12% ] 016/100 VUs  01m12.9s/10m0s  1.63 iters/s

running (01m13.9s), 016/100 VUs, 44 complete and 0 interrupted iterations
normal_day   [  12% ] 016/100 VUs  01m13.9s/10m0s  1.64 iters/s

running (01m14.9s), 018/100 VUs, 44 complete and 0 interrupted iterations
normal_day   [  12% ] 018/100 VUs  01m14.9s/10m0s  1.67 iters/s

running (01m15.9s), 020/100 VUs, 44 complete and 0 interrupted iterations
normal_day   [  13% ] 020/100 VUs  01m15.9s/10m0s  1.69 iters/s

running (01m16.9s), 016/100 VUs, 49 complete and 0 interrupted iterations
normal_day   [  13% ] 016/100 VUs  01m16.9s/10m0s  1.71 iters/s

running (01m17.9s), 017/100 VUs, 50 complete and 0 interrupted iterations
normal_day   [  13% ] 017/100 VUs  01m17.9s/10m0s  1.73 iters/s

running (01m18.9s), 018/100 VUs, 51 complete and 0 interrupted iterations
normal_day   [  13% ] 018/100 VUs  01m18.9s/10m0s  1.76 iters/s

running (01m19.9s), 018/100 VUs, 52 complete and 0 interrupted iterations
normal_day   [  13% ] 018/100 VUs  01m19.9s/10m0s  1.77 iters/s

running (01m20.9s), 019/100 VUs, 53 complete and 0 interrupted iterations
normal_day   [  13% ] 019/100 VUs  01m20.9s/10m0s  1.80 iters/s

running (01m21.9s), 019/100 VUs, 55 complete and 0 interrupted iterations
normal_day   [  14% ] 019/100 VUs  01m21.9s/10m0s  1.82 iters/s

running (01m22.9s), 019/100 VUs, 57 complete and 0 interrupted iterations
normal_day   [  14% ] 019/100 VUs  01m22.9s/10m0s  1.84 iters/s

running (01m23.9s), 018/100 VUs, 60 complete and 0 interrupted iterations
normal_day   [  14% ] 018/100 VUs  01m23.9s/10m0s  1.87 iters/s

running (01m24.9s), 018/100 VUs, 62 complete and 0 interrupted iterations
normal_day   [  14% ] 018/100 VUs  01m24.9s/10m0s  1.89 iters/s

running (01m25.9s), 019/100 VUs, 63 complete and 0 interrupted iterations
normal_day   [  14% ] 019/100 VUs  01m25.9s/10m0s  1.91 iters/s

running (01m26.9s), 017/100 VUs, 66 complete and 0 interrupted iterations
normal_day   [  14% ] 017/100 VUs  01m26.9s/10m0s  1.93 iters/s

running (01m27.9s), 017/100 VUs, 68 complete and 0 interrupted iterations
normal_day   [  15% ] 017/100 VUs  01m27.9s/10m0s  1.95 iters/s

running (01m28.9s), 017/100 VUs, 70 complete and 0 interrupted iterations
normal_day   [  15% ] 017/100 VUs  01m28.9s/10m0s  1.97 iters/s

running (01m29.9s), 018/100 VUs, 71 complete and 0 interrupted iterations
normal_day   [  15% ] 018/100 VUs  01m29.9s/10m0s  1.99 iters/s

running (01m30.9s), 018/100 VUs, 73 complete and 0 interrupted iterations
normal_day   [  15% ] 018/100 VUs  01m30.9s/10m0s  2.02 iters/s

running (01m31.9s), 019/100 VUs, 74 complete and 0 interrupted iterations
normal_day   [  15% ] 019/100 VUs  01m31.9s/10m0s  2.04 iters/s

running (01m32.9s), 019/100 VUs, 76 complete and 0 interrupted iterations
normal_day   [  15% ] 019/100 VUs  01m32.9s/10m0s  2.06 iters/s

running (01m33.9s), 020/100 VUs, 77 complete and 0 interrupted iterations
normal_day   [  16% ] 020/100 VUs  01m33.9s/10m0s  2.08 iters/s

running (01m34.9s), 020/100 VUs, 80 complete and 0 interrupted iterations
normal_day   [  16% ] 020/100 VUs  01m34.9s/10m0s  2.11 iters/s

running (01m35.9s), 021/100 VUs, 81 complete and 0 interrupted iterations
normal_day   [  16% ] 021/100 VUs  01m35.9s/10m0s  2.13 iters/s

running (01m36.9s), 022/100 VUs, 82 complete and 0 interrupted iterations
normal_day   [  16% ] 022/100 VUs  01m36.9s/10m0s  2.16 iters/s

running (01m37.9s), 022/100 VUs, 84 complete and 0 interrupted iterations
normal_day   [  16% ] 022/100 VUs  01m37.9s/10m0s  2.18 iters/s

running (01m38.9s), 019/100 VUs, 89 complete and 0 interrupted iterations
normal_day   [  16% ] 019/100 VUs  01m38.9s/10m0s  2.20 iters/s

running (01m39.9s), 018/100 VUs, 92 complete and 0 interrupted iterations
normal_day   [  17% ] 018/100 VUs  01m39.9s/10m0s  2.22 iters/s

running (01m40.9s), 019/100 VUs, 94 complete and 0 interrupted iterations
normal_day   [  17% ] 019/100 VUs  01m40.9s/10m0s  2.25 iters/s

running (01m41.9s), 019/100 VUs, 96 complete and 0 interrupted iterations
normal_day   [  17% ] 019/100 VUs  01m41.9s/10m0s  2.27 iters/s

running (01m42.9s), 017/100 VUs, 100 complete and 0 interrupted iterations
normal_day   [  17% ] 017/100 VUs  01m42.9s/10m0s  2.29 iters/s

running (01m43.9s), 018/100 VUs, 101 complete and 0 interrupted iterations
normal_day   [  17% ] 018/100 VUs  01m43.9s/10m0s  2.30 iters/s

running (01m44.9s), 018/100 VUs, 104 complete and 0 interrupted iterations
normal_day   [  17% ] 018/100 VUs  01m44.9s/10m0s  2.33 iters/s

running (01m45.9s), 018/100 VUs, 106 complete and 0 interrupted iterations
normal_day   [  18% ] 018/100 VUs  01m45.9s/10m0s  2.35 iters/s

running (01m46.9s), 021/100 VUs, 106 complete and 0 interrupted iterations
normal_day   [  18% ] 021/100 VUs  01m46.9s/10m0s  2.38 iters/s

running (01m47.9s), 019/100 VUs, 110 complete and 0 interrupted iterations
normal_day   [  18% ] 019/100 VUs  01m47.9s/10m0s  2.40 iters/s

running (01m48.9s), 020/100 VUs, 111 complete and 0 interrupted iterations
normal_day   [  18% ] 020/100 VUs  01m48.9s/10m0s  2.42 iters/s

running (01m49.9s), 021/100 VUs, 113 complete and 0 interrupted iterations
normal_day   [  18% ] 021/100 VUs  01m49.9s/10m0s  2.44 iters/s

running (01m50.9s), 017/100 VUs, 119 complete and 0 interrupted iterations
normal_day   [  18% ] 017/100 VUs  01m50.9s/10m0s  2.46 iters/s

running (01m51.9s), 019/100 VUs, 120 complete and 0 interrupted iterations
normal_day   [  19% ] 019/100 VUs  01m51.9s/10m0s  2.49 iters/s

running (01m52.9s), 020/100 VUs, 121 complete and 0 interrupted iterations
normal_day   [  19% ] 020/100 VUs  01m52.9s/10m0s  2.51 iters/s

running (01m53.9s), 021/100 VUs, 123 complete and 0 interrupted iterations
normal_day   [  19% ] 021/100 VUs  01m53.9s/10m0s  2.53 iters/s

running (01m54.9s), 023/100 VUs, 123 complete and 0 interrupted iterations
normal_day   [  19% ] 023/100 VUs  01m54.9s/10m0s  2.55 iters/s

running (01m55.9s), 024/100 VUs, 125 complete and 0 interrupted iterations
normal_day   [  19% ] 024/100 VUs  01m55.9s/10m0s  2.58 iters/s

running (01m56.9s), 025/100 VUs, 126 complete and 0 interrupted iterations
normal_day   [  19% ] 025/100 VUs  01m56.9s/10m0s  2.59 iters/s

running (01m57.9s), 023/100 VUs, 131 complete and 0 interrupted iterations
normal_day   [  20% ] 023/100 VUs  01m57.9s/10m0s  2.62 iters/s

running (01m58.9s), 024/100 VUs, 133 complete and 0 interrupted iterations
normal_day   [  20% ] 024/100 VUs  01m58.9s/10m0s  2.65 iters/s

running (01m59.9s), 025/100 VUs, 134 complete and 0 interrupted iterations
normal_day   [  20% ] 025/100 VUs  01m59.9s/10m0s  2.66 iters/s

running (02m00.9s), 026/100 VUs, 136 complete and 0 interrupted iterations
normal_day   [  20% ] 026/100 VUs  02m00.9s/10m0s  2.69 iters/s

running (02m01.9s), 028/100 VUs, 137 complete and 0 interrupted iterations
normal_day   [  20% ] 028/100 VUs  02m01.9s/10m0s  2.71 iters/s

running (02m02.9s), 027/100 VUs, 140 complete and 0 interrupted iterations
normal_day   [  20% ] 027/100 VUs  02m02.9s/10m0s  2.73 iters/s

running (02m03.9s), 026/100 VUs, 144 complete and 0 interrupted iterations
normal_day   [  21% ] 026/100 VUs  02m03.9s/10m0s  2.75 iters/s

running (02m04.9s), 024/100 VUs, 149 complete and 0 interrupted iterations
normal_day   [  21% ] 024/100 VUs  02m04.9s/10m0s  2.78 iters/s

running (02m05.9s), 027/100 VUs, 149 complete and 0 interrupted iterations
normal_day   [  21% ] 027/100 VUs  02m05.9s/10m0s  2.80 iters/s

running (02m06.9s), 026/100 VUs, 152 complete and 0 interrupted iterations
normal_day   [  21% ] 026/100 VUs  02m06.9s/10m0s  2.82 iters/s

running (02m07.9s), 024/100 VUs, 157 complete and 0 interrupted iterations
normal_day   [  21% ] 024/100 VUs  02m07.9s/10m0s  2.84 iters/s

running (02m08.9s), 022/100 VUs, 162 complete and 0 interrupted iterations
normal_day   [  21% ] 022/100 VUs  02m08.9s/10m0s  2.86 iters/s

running (02m09.9s), 024/100 VUs, 163 complete and 0 interrupted iterations
normal_day   [  22% ] 024/100 VUs  02m09.9s/10m0s  2.89 iters/s

running (02m10.9s), 024/100 VUs, 166 complete and 0 interrupted iterations
normal_day   [  22% ] 024/100 VUs  02m10.9s/10m0s  2.91 iters/s

running (02m11.9s), 024/100 VUs, 169 complete and 0 interrupted iterations
normal_day   [  22% ] 024/100 VUs  02m11.9s/10m0s  2.93 iters/s

running (02m12.9s), 026/100 VUs, 170 complete and 0 interrupted iterations
normal_day   [  22% ] 026/100 VUs  02m12.9s/10m0s  2.96 iters/s

running (02m13.9s), 027/100 VUs, 172 complete and 0 interrupted iterations
normal_day   [  22% ] 027/100 VUs  02m13.9s/10m0s  2.98 iters/s

running (02m14.9s), 030/100 VUs, 172 complete and 0 interrupted iterations
normal_day   [  22% ] 030/100 VUs  02m14.9s/10m0s  3.00 iters/s

running (02m15.9s), 030/100 VUs, 175 complete and 0 interrupted iterations
normal_day   [  23% ] 030/100 VUs  02m15.9s/10m0s  3.02 iters/s

running (02m16.9s), 030/100 VUs, 178 complete and 0 interrupted iterations
normal_day   [  23% ] 030/100 VUs  02m16.9s/10m0s  3.04 iters/s

running (02m17.9s), 028/100 VUs, 183 complete and 0 interrupted iterations
normal_day   [  23% ] 028/100 VUs  02m17.9s/10m0s  3.07 iters/s

running (02m18.9s), 030/100 VUs, 184 complete and 0 interrupted iterations
normal_day   [  23% ] 030/100 VUs  02m18.9s/10m0s  3.09 iters/s

running (02m19.9s), 029/100 VUs, 188 complete and 0 interrupted iterations
normal_day   [  23% ] 029/100 VUs  02m19.9s/10m0s  3.11 iters/s

running (02m20.9s), 028/100 VUs, 192 complete and 0 interrupted iterations
normal_day   [  23% ] 028/100 VUs  02m20.9s/10m0s  3.13 iters/s

running (02m21.9s), 024/100 VUs, 199 complete and 0 interrupted iterations
normal_day   [  24% ] 024/100 VUs  02m21.9s/10m0s  3.15 iters/s

running (02m22.9s), 025/100 VUs, 201 complete and 0 interrupted iterations
normal_day   [  24% ] 025/100 VUs  02m22.9s/10m0s  3.17 iters/s

running (02m23.9s), 025/100 VUs, 205 complete and 0 interrupted iterations
normal_day   [  24% ] 025/100 VUs  02m23.9s/10m0s  3.20 iters/s

running (02m24.9s), 025/100 VUs, 208 complete and 0 interrupted iterations
normal_day   [  24% ] 025/100 VUs  02m24.9s/10m0s  3.22 iters/s

running (02m25.9s), 024/100 VUs, 212 complete and 0 interrupted iterations
normal_day   [  24% ] 024/100 VUs  02m25.9s/10m0s  3.24 iters/s

running (02m26.9s), 022/100 VUs, 217 complete and 0 interrupted iterations
normal_day   [  24% ] 022/100 VUs  02m26.9s/10m0s  3.26 iters/s

running (02m27.9s), 024/100 VUs, 219 complete and 0 interrupted iterations
normal_day   [  25% ] 024/100 VUs  02m27.9s/10m0s  3.29 iters/s

running (02m28.9s), 025/100 VUs, 221 complete and 0 interrupted iterations
normal_day   [  25% ] 025/100 VUs  02m28.9s/10m0s  3.31 iters/s

running (02m29.9s), 026/100 VUs, 223 complete and 0 interrupted iterations
normal_day   [  25% ] 026/100 VUs  02m29.9s/10m0s  3.33 iters/s

running (02m30.9s), 028/100 VUs, 225 complete and 0 interrupted iterations
normal_day   [  25% ] 028/100 VUs  02m30.9s/10m0s  3.36 iters/s

running (02m31.9s), 029/100 VUs, 227 complete and 0 interrupted iterations
normal_day   [  25% ] 029/100 VUs  02m31.9s/10m0s  3.38 iters/s

running (02m32.9s), 027/100 VUs, 232 complete and 0 interrupted iterations
normal_day   [  25% ] 027/100 VUs  02m32.9s/10m0s  3.40 iters/s

running (02m33.9s), 029/100 VUs, 234 complete and 0 interrupted iterations
normal_day   [  26% ] 029/100 VUs  02m33.9s/10m0s  3.42 iters/s

running (02m34.9s), 029/100 VUs, 237 complete and 0 interrupted iterations
normal_day   [  26% ] 029/100 VUs  02m34.9s/10m0s  3.44 iters/s

running (02m35.9s), 030/100 VUs, 240 complete and 0 interrupted iterations
normal_day   [  26% ] 030/100 VUs  02m35.9s/10m0s  3.47 iters/s

running (02m36.9s), 030/100 VUs, 243 complete and 0 interrupted iterations
normal_day   [  26% ] 030/100 VUs  02m36.9s/10m0s  3.49 iters/s

running (02m37.9s), 029/100 VUs, 248 complete and 0 interrupted iterations
normal_day   [  26% ] 029/100 VUs  02m37.9s/10m0s  3.51 iters/s

running (02m38.9s), 032/100 VUs, 248 complete and 0 interrupted iterations
normal_day   [  26% ] 032/100 VUs  02m38.9s/10m0s  3.53 iters/s

running (02m39.9s), 035/100 VUs, 249 complete and 0 interrupted iterations
normal_day   [  27% ] 035/100 VUs  02m39.9s/10m0s  3.56 iters/s

running (02m40.9s), 030/100 VUs, 257 complete and 0 interrupted iterations
normal_day   [  27% ] 030/100 VUs  02m40.9s/10m0s  3.57 iters/s

running (02m41.9s), 029/100 VUs, 262 complete and 0 interrupted iterations
normal_day   [  27% ] 029/100 VUs  02m41.9s/10m0s  3.60 iters/s

running (02m42.9s), 031/100 VUs, 263 complete and 0 interrupted iterations
normal_day   [  27% ] 031/100 VUs  02m42.9s/10m0s  3.62 iters/s

running (02m43.9s), 029/100 VUs, 269 complete and 0 interrupted iterations
normal_day   [  27% ] 029/100 VUs  02m43.9s/10m0s  3.64 iters/s

running (02m44.9s), 031/100 VUs, 271 complete and 0 interrupted iterations
normal_day   [  27% ] 031/100 VUs  02m44.9s/10m0s  3.67 iters/s

running (02m45.9s), 029/100 VUs, 276 complete and 0 interrupted iterations
normal_day   [  28% ] 029/100 VUs  02m45.9s/10m0s  3.68 iters/s

running (02m46.9s), 032/100 VUs, 277 complete and 0 interrupted iterations
normal_day   [  28% ] 032/100 VUs  02m46.9s/10m0s  3.71 iters/s

running (02m47.9s), 034/100 VUs, 279 complete and 0 interrupted iterations
normal_day   [  28% ] 034/100 VUs  02m47.9s/10m0s  3.73 iters/s

running (02m48.9s), 035/100 VUs, 282 complete and 0 interrupted iterations
normal_day   [  28% ] 035/100 VUs  02m48.9s/10m0s  3.76 iters/s

running (02m49.9s), 034/100 VUs, 286 complete and 0 interrupted iterations
normal_day   [  28% ] 034/100 VUs  02m49.9s/10m0s  3.77 iters/s

running (02m50.9s), 035/100 VUs, 289 complete and 0 interrupted iterations
normal_day   [  28% ] 035/100 VUs  02m50.9s/10m0s  3.80 iters/s

running (02m51.9s), 035/100 VUs, 293 complete and 0 interrupted iterations
normal_day   [  29% ] 035/100 VUs  02m51.9s/10m0s  3.82 iters/s

running (02m52.9s), 036/100 VUs, 296 complete and 0 interrupted iterations
normal_day   [  29% ] 036/100 VUs  02m52.9s/10m0s  3.84 iters/s

running (02m53.9s), 034/100 VUs, 302 complete and 0 interrupted iterations
normal_day   [  29% ] 034/100 VUs  02m53.9s/10m0s  3.87 iters/s

running (02m54.9s), 033/100 VUs, 306 complete and 0 interrupted iterations
normal_day   [  29% ] 033/100 VUs  02m54.9s/10m0s  3.88 iters/s

running (02m55.9s), 036/100 VUs, 307 complete and 0 interrupted iterations
normal_day   [  29% ] 036/100 VUs  02m55.9s/10m0s  3.91 iters/s

running (02m56.9s), 039/100 VUs, 308 complete and 0 interrupted iterations
normal_day   [  29% ] 039/100 VUs  02m56.9s/10m0s  3.93 iters/s

running (02m57.9s), 039/100 VUs, 312 complete and 0 interrupted iterations
normal_day   [  30% ] 039/100 VUs  02m57.9s/10m0s  3.95 iters/s

running (02m58.9s), 042/100 VUs, 313 complete and 0 interrupted iterations
normal_day   [  30% ] 042/100 VUs  02m58.9s/10m0s  3.97 iters/s

running (02m59.9s), 041/100 VUs, 318 complete and 0 interrupted iterations
normal_day   [  30% ] 041/100 VUs  02m59.9s/10m0s  4.00 iters/s

running (03m00.9s), 041/100 VUs, 322 complete and 0 interrupted iterations
normal_day   [  30% ] 041/100 VUs  03m00.9s/10m0s  4.00 iters/s

running (03m01.9s), 039/100 VUs, 328 complete and 0 interrupted iterations
normal_day   [  30% ] 039/100 VUs  03m01.9s/10m0s  4.00 iters/s

running (03m02.9s), 043/100 VUs, 328 complete and 0 interrupted iterations
normal_day   [  30% ] 043/100 VUs  03m02.9s/10m0s  4.00 iters/s

running (03m03.9s), 045/100 VUs, 330 complete and 0 interrupted iterations
normal_day   [  31% ] 045/100 VUs  03m03.9s/10m0s  4.00 iters/s

running (03m04.9s), 045/100 VUs, 334 complete and 0 interrupted iterations
normal_day   [  31% ] 045/100 VUs  03m04.9s/10m0s  4.00 iters/s

running (03m05.9s), 044/100 VUs, 339 complete and 0 interrupted iterations
normal_day   [  31% ] 044/100 VUs  03m05.9s/10m0s  4.00 iters/s

running (03m06.9s), 046/100 VUs, 341 complete and 0 interrupted iterations
normal_day   [  31% ] 046/100 VUs  03m06.9s/10m0s  4.00 iters/s

running (03m07.9s), 048/100 VUs, 343 complete and 0 interrupted iterations
normal_day   [  31% ] 048/100 VUs  03m07.9s/10m0s  4.00 iters/s

running (03m08.9s), 046/100 VUs, 349 complete and 0 interrupted iterations
normal_day   [  31% ] 046/100 VUs  03m08.9s/10m0s  4.00 iters/s

running (03m09.9s), 048/100 VUs, 351 complete and 0 interrupted iterations
normal_day   [  32% ] 048/100 VUs  03m09.9s/10m0s  4.00 iters/s

running (03m10.9s), 048/100 VUs, 355 complete and 0 interrupted iterations
normal_day   [  32% ] 048/100 VUs  03m10.9s/10m0s  4.00 iters/s

running (03m11.9s), 046/100 VUs, 361 complete and 0 interrupted iterations
normal_day   [  32% ] 046/100 VUs  03m11.9s/10m0s  4.00 iters/s

running (03m12.9s), 045/100 VUs, 366 complete and 0 interrupted iterations
normal_day   [  32% ] 045/100 VUs  03m12.9s/10m0s  4.00 iters/s

running (03m13.9s), 048/100 VUs, 367 complete and 0 interrupted iterations
normal_day   [  32% ] 048/100 VUs  03m13.9s/10m0s  4.00 iters/s

running (03m14.9s), 049/100 VUs, 370 complete and 0 interrupted iterations
normal_day   [  32% ] 049/100 VUs  03m14.9s/10m0s  4.00 iters/s

running (03m15.9s), 050/100 VUs, 373 complete and 0 interrupted iterations
normal_day   [  33% ] 050/100 VUs  03m15.9s/10m0s  4.00 iters/s

running (03m16.9s), 047/100 VUs, 380 complete and 0 interrupted iterations
normal_day   [  33% ] 047/100 VUs  03m16.9s/10m0s  4.00 iters/s

running (03m17.9s), 049/100 VUs, 382 complete and 0 interrupted iterations
normal_day   [  33% ] 049/100 VUs  03m17.9s/10m0s  4.00 iters/s

running (03m18.9s), 051/100 VUs, 384 complete and 0 interrupted iterations
normal_day   [  33% ] 051/100 VUs  03m18.9s/10m0s  4.00 iters/s

running (03m19.9s), 054/100 VUs, 385 complete and 0 interrupted iterations
normal_day   [  33% ] 054/100 VUs  03m19.9s/10m0s  4.00 iters/s

running (03m20.9s), 057/100 VUs, 386 complete and 0 interrupted iterations
normal_day   [  33% ] 057/100 VUs  03m20.9s/10m0s  4.00 iters/s

running (03m21.9s), 061/100 VUs, 386 complete and 0 interrupted iterations
normal_day   [  34% ] 061/100 VUs  03m21.9s/10m0s  4.00 iters/s

running (03m22.9s), 065/100 VUs, 386 complete and 0 interrupted iterations
normal_day   [  34% ] 065/100 VUs  03m22.9s/10m0s  4.00 iters/s

running (03m23.9s), 068/100 VUs, 387 complete and 0 interrupted iterations
normal_day   [  34% ] 068/100 VUs  03m23.9s/10m0s  4.00 iters/s

running (03m24.9s), 067/100 VUs, 392 complete and 0 interrupted iterations
normal_day   [  34% ] 067/100 VUs  03m24.9s/10m0s  4.00 iters/s

running (03m25.9s), 070/100 VUs, 393 complete and 0 interrupted iterations
normal_day   [  34% ] 070/100 VUs  03m25.9s/10m0s  4.00 iters/s

running (03m26.9s), 073/100 VUs, 394 complete and 0 interrupted iterations
normal_day   [  34% ] 073/100 VUs  03m26.9s/10m0s  4.00 iters/s

running (03m27.9s), 073/100 VUs, 398 complete and 0 interrupted iterations
normal_day   [  35% ] 073/100 VUs  03m27.9s/10m0s  4.00 iters/s

running (03m28.9s), 076/100 VUs, 399 complete and 0 interrupted iterations
normal_day   [  35% ] 076/100 VUs  03m28.9s/10m0s  4.00 iters/s

running (03m29.9s), 074/100 VUs, 405 complete and 0 interrupted iterations
normal_day   [  35% ] 074/100 VUs  03m29.9s/10m0s  4.00 iters/s

running (03m30.9s), 072/100 VUs, 411 complete and 0 interrupted iterations
normal_day   [  35% ] 072/100 VUs  03m30.9s/10m0s  4.00 iters/s

running (03m31.9s), 073/100 VUs, 414 complete and 0 interrupted iterations
normal_day   [  35% ] 073/100 VUs  03m31.9s/10m0s  4.00 iters/s

running (03m32.9s), 077/100 VUs, 414 complete and 0 interrupted iterations
normal_day   [  35% ] 077/100 VUs  03m32.9s/10m0s  4.00 iters/s

running (03m33.9s), 080/100 VUs, 415 complete and 0 interrupted iterations
normal_day   [  36% ] 080/100 VUs  03m33.9s/10m0s  4.00 iters/s

running (03m34.9s), 083/100 VUs, 416 complete and 0 interrupted iterations
normal_day   [  36% ] 083/100 VUs  03m34.9s/10m0s  4.00 iters/s

running (03m35.9s), 083/100 VUs, 420 complete and 0 interrupted iterations
normal_day   [  36% ] 083/100 VUs  03m35.9s/10m0s  4.00 iters/s

running (03m36.9s), 085/100 VUs, 422 complete and 0 interrupted iterations
normal_day   [  36% ] 085/100 VUs  03m36.9s/10m0s  4.00 iters/s

running (03m37.9s), 076/100 VUs, 435 complete and 0 interrupted iterations
normal_day   [  36% ] 076/100 VUs  03m37.9s/10m0s  4.00 iters/s

running (03m38.9s), 073/100 VUs, 442 complete and 0 interrupted iterations
normal_day   [  36% ] 073/100 VUs  03m38.9s/10m0s  4.00 iters/s

running (03m39.9s), 074/100 VUs, 445 complete and 0 interrupted iterations
normal_day   [  37% ] 074/100 VUs  03m39.9s/10m0s  4.00 iters/s

running (03m40.9s), 074/100 VUs, 449 complete and 0 interrupted iterations
normal_day   [  37% ] 074/100 VUs  03m40.9s/10m0s  4.00 iters/s

running (03m41.9s), 075/100 VUs, 452 complete and 0 interrupted iterations
normal_day   [  37% ] 075/100 VUs  03m41.9s/10m0s  4.00 iters/s

running (03m42.9s), 075/100 VUs, 456 complete and 0 interrupted iterations
normal_day   [  37% ] 075/100 VUs  03m42.9s/10m0s  4.00 iters/s

running (03m43.9s), 078/100 VUs, 457 complete and 0 interrupted iterations
normal_day   [  37% ] 078/100 VUs  03m43.9s/10m0s  4.00 iters/s

running (03m44.9s), 077/100 VUs, 462 complete and 0 interrupted iterations
normal_day   [  37% ] 077/100 VUs  03m44.9s/10m0s  4.00 iters/s

running (03m45.9s), 076/100 VUs, 467 complete and 0 interrupted iterations
normal_day   [  38% ] 076/100 VUs  03m45.9s/10m0s  4.00 iters/s

running (03m46.9s), 076/100 VUs, 471 complete and 0 interrupted iterations
normal_day   [  38% ] 076/100 VUs  03m46.9s/10m0s  4.00 iters/s

running (03m47.9s), 080/100 VUs, 471 complete and 0 interrupted iterations
normal_day   [  38% ] 080/100 VUs  03m47.9s/10m0s  4.00 iters/s

running (03m48.9s), 081/100 VUs, 474 complete and 0 interrupted iterations
normal_day   [  38% ] 081/100 VUs  03m48.9s/10m0s  4.00 iters/s

running (03m49.9s), 082/100 VUs, 477 complete and 0 interrupted iterations
normal_day   [  38% ] 082/100 VUs  03m49.9s/10m0s  4.00 iters/s

running (03m50.9s), 083/100 VUs, 480 complete and 0 interrupted iterations
normal_day   [  38% ] 083/100 VUs  03m50.9s/10m0s  4.00 iters/s

running (03m51.9s), 081/100 VUs, 486 complete and 0 interrupted iterations
normal_day   [  39% ] 081/100 VUs  03m51.9s/10m0s  4.00 iters/s

running (03m52.9s), 081/100 VUs, 490 complete and 0 interrupted iterations
normal_day   [  39% ] 081/100 VUs  03m52.9s/10m0s  4.00 iters/s

running (03m53.9s), 079/100 VUs, 496 complete and 0 interrupted iterations
normal_day   [  39% ] 079/100 VUs  03m53.9s/10m0s  4.00 iters/s

running (03m54.9s), 079/100 VUs, 500 complete and 0 interrupted iterations
normal_day   [  39% ] 079/100 VUs  03m54.9s/10m0s  4.00 iters/s

running (03m55.9s), 082/100 VUs, 501 complete and 0 interrupted iterations
normal_day   [  39% ] 082/100 VUs  03m55.9s/10m0s  4.00 iters/s

running (03m56.9s), 085/100 VUs, 502 complete and 0 interrupted iterations
normal_day   [  39% ] 085/100 VUs  03m56.9s/10m0s  4.00 iters/s

running (03m57.9s), 088/100 VUs, 503 complete and 0 interrupted iterations
normal_day   [  40% ] 088/100 VUs  03m57.9s/10m0s  4.00 iters/s

running (03m58.9s), 085/100 VUs, 510 complete and 0 interrupted iterations
normal_day   [  40% ] 085/100 VUs  03m58.9s/10m0s  4.00 iters/s

running (03m59.9s), 083/100 VUs, 516 complete and 0 interrupted iterations
normal_day   [  40% ] 083/100 VUs  03m59.9s/10m0s  4.00 iters/s

running (04m00.9s), 084/100 VUs, 519 complete and 0 interrupted iterations
normal_day   [  40% ] 084/100 VUs  04m00.9s/10m0s  4.00 iters/s

running (04m01.9s), 083/100 VUs, 524 complete and 0 interrupted iterations
normal_day   [  40% ] 083/100 VUs  04m01.9s/10m0s  4.00 iters/s

running (04m02.9s), 083/100 VUs, 528 complete and 0 interrupted iterations
normal_day   [  40% ] 083/100 VUs  04m02.9s/10m0s  4.00 iters/s

running (04m03.9s), 083/100 VUs, 532 complete and 0 interrupted iterations
normal_day   [  41% ] 083/100 VUs  04m03.9s/10m0s  4.00 iters/s

running (04m04.9s), 081/100 VUs, 538 complete and 0 interrupted iterations
normal_day   [  41% ] 081/100 VUs  04m04.9s/10m0s  4.00 iters/s

running (04m05.9s), 081/100 VUs, 542 complete and 0 interrupted iterations
normal_day   [  41% ] 081/100 VUs  04m05.9s/10m0s  4.00 iters/s

running (04m06.9s), 084/100 VUs, 543 complete and 0 interrupted iterations
normal_day   [  41% ] 084/100 VUs  04m06.9s/10m0s  4.00 iters/s

running (04m07.9s), 085/100 VUs, 546 complete and 0 interrupted iterations
normal_day   [  41% ] 085/100 VUs  04m07.9s/10m0s  4.00 iters/s

running (04m08.9s), 085/100 VUs, 550 complete and 0 interrupted iterations
normal_day   [  41% ] 085/100 VUs  04m08.9s/10m0s  4.00 iters/s

running (04m09.9s), 086/100 VUs, 553 complete and 0 interrupted iterations
normal_day   [  42% ] 086/100 VUs  04m09.9s/10m0s  4.00 iters/s

running (04m10.9s), 087/100 VUs, 556 complete and 0 interrupted iterations
normal_day   [  42% ] 087/100 VUs  04m10.9s/10m0s  4.00 iters/s

running (04m11.9s), 090/100 VUs, 557 complete and 0 interrupted iterations
normal_day   [  42% ] 090/100 VUs  04m11.9s/10m0s  4.00 iters/s

running (04m12.9s), 089/100 VUs, 562 complete and 0 interrupted iterations
normal_day   [  42% ] 089/100 VUs  04m12.9s/10m0s  4.00 iters/s

running (04m13.9s), 088/100 VUs, 567 complete and 0 interrupted iterations
normal_day   [  42% ] 088/100 VUs  04m13.9s/10m0s  4.00 iters/s

running (04m14.9s), 087/100 VUs, 572 complete and 0 interrupted iterations
normal_day   [  42% ] 087/100 VUs  04m14.9s/10m0s  4.00 iters/s

running (04m15.9s), 088/100 VUs, 575 complete and 0 interrupted iterations
normal_day   [  43% ] 088/100 VUs  04m15.9s/10m0s  4.00 iters/s

running (04m16.9s), 087/100 VUs, 580 complete and 0 interrupted iterations
normal_day   [  43% ] 087/100 VUs  04m16.9s/10m0s  4.00 iters/s

running (04m17.9s), 085/100 VUs, 586 complete and 0 interrupted iterations
normal_day   [  43% ] 085/100 VUs  04m17.9s/10m0s  4.00 iters/s

running (04m18.9s), 083/100 VUs, 592 complete and 0 interrupted iterations
normal_day   [  43% ] 083/100 VUs  04m18.9s/10m0s  4.00 iters/s

running (04m19.9s), 083/100 VUs, 596 complete and 0 interrupted iterations
normal_day   [  43% ] 083/100 VUs  04m19.9s/10m0s  4.00 iters/s

running (04m20.9s), 084/100 VUs, 599 complete and 0 interrupted iterations
normal_day   [  43% ] 084/100 VUs  04m20.9s/10m0s  4.00 iters/s

running (04m21.9s), 085/100 VUs, 602 complete and 0 interrupted iterations
normal_day   [  44% ] 085/100 VUs  04m21.9s/10m0s  4.00 iters/s

running (04m22.9s), 087/100 VUs, 604 complete and 0 interrupted iterations
normal_day   [  44% ] 087/100 VUs  04m22.9s/10m0s  4.00 iters/s

running (04m23.9s), 085/100 VUs, 610 complete and 0 interrupted iterations
normal_day   [  44% ] 085/100 VUs  04m23.9s/10m0s  4.00 iters/s

running (04m24.9s), 089/100 VUs, 610 complete and 0 interrupted iterations
normal_day   [  44% ] 089/100 VUs  04m24.9s/10m0s  4.00 iters/s

running (04m25.9s), 092/100 VUs, 611 complete and 0 interrupted iterations
normal_day   [  44% ] 092/100 VUs  04m25.9s/10m0s  4.00 iters/s

running (04m26.9s), 096/100 VUs, 611 complete and 0 interrupted iterations
normal_day   [  44% ] 096/100 VUs  04m26.9s/10m0s  4.00 iters/s

running (04m27.9s), 100/100 VUs, 611 complete and 0 interrupted iterations
normal_day   [  45% ] 100/100 VUs  04m27.9s/10m0s  4.00 iters/s

running (04m28.9s), 101/101 VUs, 613 complete and 0 interrupted iterations
normal_day   [  45% ] 101/101 VUs  04m28.9s/10m0s  4.00 iters/s

running (04m29.9s), 102/103 VUs, 614 complete and 0 interrupted iterations
normal_day   [  45% ] 102/103 VUs  04m29.9s/10m0s  4.00 iters/s

running (04m30.9s), 101/103 VUs, 619 complete and 0 interrupted iterations
normal_day   [  45% ] 101/103 VUs  04m30.9s/10m0s  4.00 iters/s

running (04m31.9s), 099/103 VUs, 625 complete and 0 interrupted iterations
normal_day   [  45% ] 099/103 VUs  04m31.9s/10m0s  4.00 iters/s

running (04m32.9s), 097/103 VUs, 631 complete and 0 interrupted iterations
normal_day   [  45% ] 097/103 VUs  04m32.9s/10m0s  4.00 iters/s

running (04m33.9s), 093/103 VUs, 639 complete and 0 interrupted iterations
normal_day   [  46% ] 093/103 VUs  04m33.9s/10m0s  4.00 iters/s

running (04m34.9s), 093/103 VUs, 643 complete and 0 interrupted iterations
normal_day   [  46% ] 093/103 VUs  04m34.9s/10m0s  4.00 iters/s

running (04m35.9s), 087/103 VUs, 653 complete and 0 interrupted iterations
normal_day   [  46% ] 087/103 VUs  04m35.9s/10m0s  4.00 iters/s

running (04m36.9s), 080/103 VUs, 664 complete and 0 interrupted iterations
normal_day   [  46% ] 080/103 VUs  04m36.9s/10m0s  4.00 iters/s

running (04m37.9s), 078/103 VUs, 670 complete and 0 interrupted iterations
normal_day   [  46% ] 078/103 VUs  04m37.9s/10m0s  4.00 iters/s

running (04m38.9s), 079/103 VUs, 673 complete and 0 interrupted iterations
normal_day   [  46% ] 079/103 VUs  04m38.9s/10m0s  4.00 iters/s

running (04m39.9s), 082/103 VUs, 674 complete and 0 interrupted iterations
normal_day   [  47% ] 082/103 VUs  04m39.9s/10m0s  4.00 iters/s

running (04m40.9s), 082/103 VUs, 678 complete and 0 interrupted iterations
normal_day   [  47% ] 082/103 VUs  04m40.9s/10m0s  4.00 iters/s

running (04m41.9s), 081/103 VUs, 683 complete and 0 interrupted iterations
normal_day   [  47% ] 081/103 VUs  04m41.9s/10m0s  4.00 iters/s

running (04m42.9s), 083/103 VUs, 685 complete and 0 interrupted iterations
normal_day   [  47% ] 083/103 VUs  04m42.9s/10m0s  4.00 iters/s

running (04m43.9s), 087/103 VUs, 685 complete and 0 interrupted iterations
normal_day   [  47% ] 087/103 VUs  04m43.9s/10m0s  4.00 iters/s

running (04m44.9s), 088/103 VUs, 688 complete and 0 interrupted iterations
normal_day   [  47% ] 088/103 VUs  04m44.9s/10m0s  4.00 iters/s

running (04m45.9s), 090/103 VUs, 690 complete and 0 interrupted iterations
normal_day   [  48% ] 090/103 VUs  04m45.9s/10m0s  4.00 iters/s

running (04m46.9s), 093/103 VUs, 691 complete and 0 interrupted iterations
normal_day   [  48% ] 093/103 VUs  04m46.9s/10m0s  4.00 iters/s

running (04m47.9s), 092/103 VUs, 696 complete and 0 interrupted iterations
normal_day   [  48% ] 092/103 VUs  04m47.9s/10m0s  4.00 iters/s

running (04m48.9s), 089/103 VUs, 703 complete and 0 interrupted iterations
normal_day   [  48% ] 089/103 VUs  04m48.9s/10m0s  4.00 iters/s

running (04m49.9s), 085/103 VUs, 711 complete and 0 interrupted iterations
normal_day   [  48% ] 085/103 VUs  04m49.9s/10m0s  4.00 iters/s

running (04m50.9s), 083/103 VUs, 717 complete and 0 interrupted iterations
normal_day   [  48% ] 083/103 VUs  04m50.9s/10m0s  4.00 iters/s

running (04m51.9s), 082/103 VUs, 722 complete and 0 interrupted iterations
normal_day   [  49% ] 082/103 VUs  04m51.9s/10m0s  4.00 iters/s

running (04m52.9s), 081/103 VUs, 727 complete and 0 interrupted iterations
normal_day   [  49% ] 081/103 VUs  04m52.9s/10m0s  4.00 iters/s

running (04m53.9s), 080/103 VUs, 732 complete and 0 interrupted iterations
normal_day   [  49% ] 080/103 VUs  04m53.9s/10m0s  4.00 iters/s

running (04m54.9s), 080/103 VUs, 736 complete and 0 interrupted iterations
normal_day   [  49% ] 080/103 VUs  04m54.9s/10m0s  4.00 iters/s

running (04m55.9s), 084/103 VUs, 736 complete and 0 interrupted iterations
normal_day   [  49% ] 084/103 VUs  04m55.9s/10m0s  4.00 iters/s

running (04m56.9s), 084/103 VUs, 740 complete and 0 interrupted iterations
normal_day   [  49% ] 084/103 VUs  04m56.9s/10m0s  4.00 iters/s

running (04m57.9s), 085/103 VUs, 743 complete and 0 interrupted iterations
normal_day   [  50% ] 085/103 VUs  04m57.9s/10m0s  4.00 iters/s

running (04m58.9s), 086/103 VUs, 746 complete and 0 interrupted iterations
normal_day   [  50% ] 086/103 VUs  04m58.9s/10m0s  4.00 iters/s

running (04m59.9s), 089/103 VUs, 747 complete and 0 interrupted iterations
normal_day   [  50% ] 089/103 VUs  04m59.9s/10m0s  4.00 iters/s

running (05m00.9s), 090/103 VUs, 750 complete and 0 interrupted iterations
normal_day   [  50% ] 090/103 VUs  05m00.9s/10m0s  4.00 iters/s

running (05m01.9s), 093/103 VUs, 751 complete and 0 interrupted iterations
normal_day   [  50% ] 093/103 VUs  05m01.9s/10m0s  4.00 iters/s

running (05m02.9s), 095/103 VUs, 753 complete and 0 interrupted iterations
normal_day   [  50% ] 095/103 VUs  05m02.9s/10m0s  4.00 iters/s

running (05m03.9s), 098/103 VUs, 754 complete and 0 interrupted iterations
normal_day   [  51% ] 098/103 VUs  05m03.9s/10m0s  4.00 iters/s

running (05m04.9s), 099/103 VUs, 757 complete and 0 interrupted iterations
normal_day   [  51% ] 099/103 VUs  05m04.9s/10m0s  4.00 iters/s

running (05m05.9s), 093/103 VUs, 767 complete and 0 interrupted iterations
normal_day   [  51% ] 093/103 VUs  05m05.9s/10m0s  4.00 iters/s

running (05m06.9s), 090/103 VUs, 774 complete and 0 interrupted iterations
normal_day   [  51% ] 090/103 VUs  05m06.9s/10m0s  4.00 iters/s

running (05m07.9s), 088/103 VUs, 780 complete and 0 interrupted iterations
normal_day   [  51% ] 088/103 VUs  05m07.9s/10m0s  4.00 iters/s

running (05m08.9s), 090/103 VUs, 782 complete and 0 interrupted iterations
normal_day   [  51% ] 090/103 VUs  05m08.9s/10m0s  4.00 iters/s

running (05m09.9s), 091/103 VUs, 785 complete and 0 interrupted iterations
normal_day   [  52% ] 091/103 VUs  05m09.9s/10m0s  4.00 iters/s

running (05m10.9s), 089/103 VUs, 791 complete and 0 interrupted iterations
normal_day   [  52% ] 089/103 VUs  05m10.9s/10m0s  4.00 iters/s

running (05m11.9s), 085/103 VUs, 799 complete and 0 interrupted iterations
normal_day   [  52% ] 085/103 VUs  05m11.9s/10m0s  4.00 iters/s

running (05m12.9s), 086/103 VUs, 802 complete and 0 interrupted iterations
normal_day   [  52% ] 086/103 VUs  05m12.9s/10m0s  4.00 iters/s

running (05m13.9s), 086/103 VUs, 806 complete and 0 interrupted iterations
normal_day   [  52% ] 086/103 VUs  05m13.9s/10m0s  4.00 iters/s

running (05m14.9s), 085/103 VUs, 811 complete and 0 interrupted iterations
normal_day   [  52% ] 085/103 VUs  05m14.9s/10m0s  4.00 iters/s

running (05m15.9s), 082/103 VUs, 818 complete and 0 interrupted iterations
normal_day   [  53% ] 082/103 VUs  05m15.9s/10m0s  4.00 iters/s

running (05m16.9s), 076/103 VUs, 828 complete and 0 interrupted iterations
normal_day   [  53% ] 076/103 VUs  05m16.9s/10m0s  4.00 iters/s

running (05m17.9s), 080/103 VUs, 828 complete and 0 interrupted iterations
normal_day   [  53% ] 080/103 VUs  05m17.9s/10m0s  4.00 iters/s

running (05m18.9s), 083/103 VUs, 829 complete and 0 interrupted iterations
normal_day   [  53% ] 083/103 VUs  05m18.9s/10m0s  4.00 iters/s

running (05m19.9s), 085/103 VUs, 831 complete and 0 interrupted iterations
normal_day   [  53% ] 085/103 VUs  05m19.9s/10m0s  4.00 iters/s

running (05m20.9s), 080/103 VUs, 840 complete and 0 interrupted iterations
normal_day   [  53% ] 080/103 VUs  05m20.9s/10m0s  4.00 iters/s

running (05m21.9s), 082/103 VUs, 842 complete and 0 interrupted iterations
normal_day   [  54% ] 082/103 VUs  05m21.9s/10m0s  4.00 iters/s

running (05m22.9s), 080/103 VUs, 848 complete and 0 interrupted iterations
normal_day   [  54% ] 080/103 VUs  05m22.9s/10m0s  4.00 iters/s

running (05m23.9s), 080/103 VUs, 852 complete and 0 interrupted iterations
normal_day   [  54% ] 080/103 VUs  05m23.9s/10m0s  4.00 iters/s

running (05m24.9s), 082/103 VUs, 854 complete and 0 interrupted iterations
normal_day   [  54% ] 082/103 VUs  05m24.9s/10m0s  4.00 iters/s

running (05m25.9s), 079/103 VUs, 861 complete and 0 interrupted iterations
normal_day   [  54% ] 079/103 VUs  05m25.9s/10m0s  4.00 iters/s

running (05m26.9s), 077/103 VUs, 867 complete and 0 interrupted iterations
normal_day   [  54% ] 077/103 VUs  05m26.9s/10m0s  4.00 iters/s

running (05m27.9s), 077/103 VUs, 871 complete and 0 interrupted iterations
normal_day   [  55% ] 077/103 VUs  05m27.9s/10m0s  4.00 iters/s

running (05m28.9s), 078/103 VUs, 874 complete and 0 interrupted iterations
normal_day   [  55% ] 078/103 VUs  05m28.9s/10m0s  4.00 iters/s

running (05m29.9s), 081/103 VUs, 875 complete and 0 interrupted iterations
normal_day   [  55% ] 081/103 VUs  05m29.9s/10m0s  4.00 iters/s

running (05m30.9s), 079/103 VUs, 881 complete and 0 interrupted iterations
normal_day   [  55% ] 079/103 VUs  05m30.9s/10m0s  4.00 iters/s

running (05m31.9s), 076/103 VUs, 888 complete and 0 interrupted iterations
normal_day   [  55% ] 076/103 VUs  05m31.9s/10m0s  4.00 iters/s

running (05m32.9s), 078/103 VUs, 890 complete and 0 interrupted iterations
normal_day   [  55% ] 078/103 VUs  05m32.9s/10m0s  4.00 iters/s

running (05m33.9s), 077/103 VUs, 895 complete and 0 interrupted iterations
normal_day   [  56% ] 077/103 VUs  05m33.9s/10m0s  4.00 iters/s

running (05m34.9s), 074/103 VUs, 902 complete and 0 interrupted iterations
normal_day   [  56% ] 074/103 VUs  05m34.9s/10m0s  4.00 iters/s

running (05m35.9s), 072/103 VUs, 908 complete and 0 interrupted iterations
normal_day   [  56% ] 072/103 VUs  05m35.9s/10m0s  4.00 iters/s

running (05m36.9s), 076/103 VUs, 908 complete and 0 interrupted iterations
normal_day   [  56% ] 076/103 VUs  05m36.9s/10m0s  4.00 iters/s

running (05m37.9s), 080/103 VUs, 908 complete and 0 interrupted iterations
normal_day   [  56% ] 080/103 VUs  05m37.9s/10m0s  4.00 iters/s

running (05m38.9s), 084/103 VUs, 908 complete and 0 interrupted iterations
normal_day   [  56% ] 084/103 VUs  05m38.9s/10m0s  4.00 iters/s

running (05m39.9s), 087/103 VUs, 909 complete and 0 interrupted iterations
normal_day   [  57% ] 087/103 VUs  05m39.9s/10m0s  4.00 iters/s

running (05m40.9s), 087/103 VUs, 913 complete and 0 interrupted iterations
normal_day   [  57% ] 087/103 VUs  05m40.9s/10m0s  4.00 iters/s

running (05m41.9s), 085/103 VUs, 919 complete and 0 interrupted iterations
normal_day   [  57% ] 085/103 VUs  05m41.9s/10m0s  4.00 iters/s

running (05m42.9s), 079/103 VUs, 929 complete and 0 interrupted iterations
normal_day   [  57% ] 079/103 VUs  05m42.9s/10m0s  4.00 iters/s

running (05m43.9s), 075/103 VUs, 937 complete and 0 interrupted iterations
normal_day   [  57% ] 075/103 VUs  05m43.9s/10m0s  4.00 iters/s

running (05m44.9s), 072/103 VUs, 944 complete and 0 interrupted iterations
normal_day   [  57% ] 072/103 VUs  05m44.9s/10m0s  4.00 iters/s

running (05m45.9s), 073/103 VUs, 947 complete and 0 interrupted iterations
normal_day   [  58% ] 073/103 VUs  05m45.9s/10m0s  4.00 iters/s

running (05m46.9s), 073/103 VUs, 951 complete and 0 interrupted iterations
normal_day   [  58% ] 073/103 VUs  05m46.9s/10m0s  4.00 iters/s

running (05m47.9s), 069/103 VUs, 959 complete and 0 interrupted iterations
normal_day   [  58% ] 069/103 VUs  05m47.9s/10m0s  4.00 iters/s

running (05m48.9s), 069/103 VUs, 963 complete and 0 interrupted iterations
normal_day   [  58% ] 069/103 VUs  05m48.9s/10m0s  4.00 iters/s

running (05m49.9s), 073/103 VUs, 963 complete and 0 interrupted iterations
normal_day   [  58% ] 073/103 VUs  05m49.9s/10m0s  4.00 iters/s

running (05m50.9s), 076/103 VUs, 964 complete and 0 interrupted iterations
normal_day   [  58% ] 076/103 VUs  05m50.9s/10m0s  4.00 iters/s

running (05m51.9s), 079/103 VUs, 965 complete and 0 interrupted iterations
normal_day   [  59% ] 079/103 VUs  05m51.9s/10m0s  4.00 iters/s

running (05m52.9s), 082/103 VUs, 966 complete and 0 interrupted iterations
normal_day   [  59% ] 082/103 VUs  05m52.9s/10m0s  4.00 iters/s

running (05m53.9s), 084/103 VUs, 968 complete and 0 interrupted iterations
normal_day   [  59% ] 084/103 VUs  05m53.9s/10m0s  4.00 iters/s

running (05m54.9s), 084/103 VUs, 972 complete and 0 interrupted iterations
normal_day   [  59% ] 084/103 VUs  05m54.9s/10m0s  4.00 iters/s

running (05m55.9s), 083/103 VUs, 977 complete and 0 interrupted iterations
normal_day   [  59% ] 083/103 VUs  05m55.9s/10m0s  4.00 iters/s

running (05m56.9s), 078/103 VUs, 986 complete and 0 interrupted iterations
normal_day   [  59% ] 078/103 VUs  05m56.9s/10m0s  4.00 iters/s

running (05m57.9s), 079/103 VUs, 989 complete and 0 interrupted iterations
normal_day   [  60% ] 079/103 VUs  05m57.9s/10m0s  4.00 iters/s

running (05m58.9s), 078/103 VUs, 994 complete and 0 interrupted iterations
normal_day   [  60% ] 078/103 VUs  05m58.9s/10m0s  4.00 iters/s

running (05m59.9s), 080/103 VUs, 996 complete and 0 interrupted iterations
normal_day   [  60% ] 080/103 VUs  05m59.9s/10m0s  4.00 iters/s

running (06m00.9s), 081/103 VUs, 999 complete and 0 interrupted iterations
normal_day   [  60% ] 081/103 VUs  06m00.9s/10m0s  4.00 iters/s

running (06m01.9s), 084/103 VUs, 1000 complete and 0 interrupted iterations
normal_day   [  60% ] 084/103 VUs  06m01.9s/10m0s  4.00 iters/s

running (06m02.9s), 087/103 VUs, 1001 complete and 0 interrupted iterations
normal_day   [  60% ] 087/103 VUs  06m02.9s/10m0s  4.00 iters/s

running (06m03.9s), 091/103 VUs, 1001 complete and 0 interrupted iterations
normal_day   [  61% ] 091/103 VUs  06m03.9s/10m0s  4.00 iters/s

running (06m04.9s), 094/103 VUs, 1002 complete and 0 interrupted iterations
normal_day   [  61% ] 094/103 VUs  06m04.9s/10m0s  4.00 iters/s

running (06m05.9s), 095/103 VUs, 1005 complete and 0 interrupted iterations
normal_day   [  61% ] 095/103 VUs  06m05.9s/10m0s  4.00 iters/s

running (06m06.9s), 095/103 VUs, 1009 complete and 0 interrupted iterations
normal_day   [  61% ] 095/103 VUs  06m06.9s/10m0s  4.00 iters/s

running (06m07.9s), 092/103 VUs, 1016 complete and 0 interrupted iterations
normal_day   [  61% ] 092/103 VUs  06m07.9s/10m0s  4.00 iters/s

running (06m08.9s), 083/103 VUs, 1029 complete and 0 interrupted iterations
normal_day   [  61% ] 083/103 VUs  06m08.9s/10m0s  4.00 iters/s

running (06m09.9s), 081/103 VUs, 1035 complete and 0 interrupted iterations
normal_day   [  62% ] 081/103 VUs  06m09.9s/10m0s  4.00 iters/s

running (06m10.9s), 079/103 VUs, 1041 complete and 0 interrupted iterations
normal_day   [  62% ] 079/103 VUs  06m10.9s/10m0s  4.00 iters/s

running (06m11.9s), 076/103 VUs, 1048 complete and 0 interrupted iterations
normal_day   [  62% ] 076/103 VUs  06m11.9s/10m0s  4.00 iters/s

running (06m12.9s), 070/103 VUs, 1058 complete and 0 interrupted iterations
normal_day   [  62% ] 070/103 VUs  06m12.9s/10m0s  4.00 iters/s

running (06m13.9s), 068/103 VUs, 1064 complete and 0 interrupted iterations
normal_day   [  62% ] 068/103 VUs  06m13.9s/10m0s  4.00 iters/s

running (06m14.9s), 065/103 VUs, 1071 complete and 0 interrupted iterations
normal_day   [  62% ] 065/103 VUs  06m14.9s/10m0s  4.00 iters/s

running (06m15.9s), 063/103 VUs, 1077 complete and 0 interrupted iterations
normal_day   [  63% ] 063/103 VUs  06m15.9s/10m0s  4.00 iters/s

running (06m16.9s), 062/103 VUs, 1082 complete and 0 interrupted iterations
normal_day   [  63% ] 062/103 VUs  06m16.9s/10m0s  4.00 iters/s

running (06m17.9s), 064/103 VUs, 1084 complete and 0 interrupted iterations
normal_day   [  63% ] 064/103 VUs  06m17.9s/10m0s  4.00 iters/s

running (06m18.9s), 066/103 VUs, 1086 complete and 0 interrupted iterations
normal_day   [  63% ] 066/103 VUs  06m18.9s/10m0s  4.00 iters/s

running (06m19.9s), 064/103 VUs, 1092 complete and 0 interrupted iterations
normal_day   [  63% ] 064/103 VUs  06m19.9s/10m0s  4.00 iters/s

running (06m20.9s), 065/103 VUs, 1095 complete and 0 interrupted iterations
normal_day   [  63% ] 065/103 VUs  06m20.9s/10m0s  4.00 iters/s

running (06m21.9s), 065/103 VUs, 1099 complete and 0 interrupted iterations
normal_day   [  64% ] 065/103 VUs  06m21.9s/10m0s  4.00 iters/s

running (06m22.9s), 067/103 VUs, 1101 complete and 0 interrupted iterations
normal_day   [  64% ] 067/103 VUs  06m22.9s/10m0s  4.00 iters/s

running (06m23.9s), 067/103 VUs, 1105 complete and 0 interrupted iterations
normal_day   [  64% ] 067/103 VUs  06m23.9s/10m0s  4.00 iters/s

running (06m24.9s), 069/103 VUs, 1107 complete and 0 interrupted iterations
normal_day   [  64% ] 069/103 VUs  06m24.9s/10m0s  4.00 iters/s

running (06m25.9s), 068/103 VUs, 1112 complete and 0 interrupted iterations
normal_day   [  64% ] 068/103 VUs  06m25.9s/10m0s  4.00 iters/s

running (06m26.9s), 067/103 VUs, 1117 complete and 0 interrupted iterations
normal_day   [  64% ] 067/103 VUs  06m26.9s/10m0s  4.00 iters/s

running (06m27.9s), 066/103 VUs, 1122 complete and 0 interrupted iterations
normal_day   [  65% ] 066/103 VUs  06m27.9s/10m0s  4.00 iters/s

running (06m28.9s), 065/103 VUs, 1127 complete and 0 interrupted iterations
normal_day   [  65% ] 065/103 VUs  06m28.9s/10m0s  4.00 iters/s

running (06m29.9s), 063/103 VUs, 1133 complete and 0 interrupted iterations
normal_day   [  65% ] 063/103 VUs  06m29.9s/10m0s  4.00 iters/s

running (06m30.9s), 057/103 VUs, 1143 complete and 0 interrupted iterations
normal_day   [  65% ] 057/103 VUs  06m30.9s/10m0s  4.00 iters/s

running (06m31.9s), 055/103 VUs, 1149 complete and 0 interrupted iterations
normal_day   [  65% ] 055/103 VUs  06m31.9s/10m0s  4.00 iters/s

running (06m32.9s), 055/103 VUs, 1153 complete and 0 interrupted iterations
normal_day   [  65% ] 055/103 VUs  06m32.9s/10m0s  4.00 iters/s

running (06m33.9s), 055/103 VUs, 1157 complete and 0 interrupted iterations
normal_day   [  66% ] 055/103 VUs  06m33.9s/10m0s  4.00 iters/s

running (06m34.9s), 054/103 VUs, 1162 complete and 0 interrupted iterations
normal_day   [  66% ] 054/103 VUs  06m34.9s/10m0s  4.00 iters/s

running (06m35.9s), 053/103 VUs, 1167 complete and 0 interrupted iterations
normal_day   [  66% ] 053/103 VUs  06m35.9s/10m0s  4.00 iters/s

running (06m36.9s), 054/103 VUs, 1170 complete and 0 interrupted iterations
normal_day   [  66% ] 054/103 VUs  06m36.9s/10m0s  4.00 iters/s

running (06m37.9s), 055/103 VUs, 1173 complete and 0 interrupted iterations
normal_day   [  66% ] 055/103 VUs  06m37.9s/10m0s  4.00 iters/s

running (06m38.9s), 052/103 VUs, 1180 complete and 0 interrupted iterations
normal_day   [  66% ] 052/103 VUs  06m38.9s/10m0s  4.00 iters/s

running (06m39.9s), 049/103 VUs, 1187 complete and 0 interrupted iterations
normal_day   [  67% ] 049/103 VUs  06m39.9s/10m0s  4.00 iters/s

running (06m40.9s), 051/103 VUs, 1189 complete and 0 interrupted iterations
normal_day   [  67% ] 051/103 VUs  06m40.9s/10m0s  4.00 iters/s

running (06m41.9s), 050/103 VUs, 1194 complete and 0 interrupted iterations
normal_day   [  67% ] 050/103 VUs  06m41.9s/10m0s  4.00 iters/s

running (06m42.9s), 044/103 VUs, 1204 complete and 0 interrupted iterations
normal_day   [  67% ] 044/103 VUs  06m42.9s/10m0s  4.00 iters/s

running (06m43.9s), 041/103 VUs, 1211 complete and 0 interrupted iterations
normal_day   [  67% ] 041/103 VUs  06m43.9s/10m0s  4.00 iters/s

running (06m44.9s), 043/103 VUs, 1213 complete and 0 interrupted iterations
normal_day   [  67% ] 043/103 VUs  06m44.9s/10m0s  4.00 iters/s

running (06m45.9s), 045/103 VUs, 1215 complete and 0 interrupted iterations
normal_day   [  68% ] 045/103 VUs  06m45.9s/10m0s  4.00 iters/s

running (06m46.9s), 043/103 VUs, 1221 complete and 0 interrupted iterations
normal_day   [  68% ] 043/103 VUs  06m46.9s/10m0s  4.00 iters/s

running (06m47.9s), 043/103 VUs, 1225 complete and 0 interrupted iterations
normal_day   [  68% ] 043/103 VUs  06m47.9s/10m0s  4.00 iters/s

running (06m48.9s), 042/103 VUs, 1230 complete and 0 interrupted iterations
normal_day   [  68% ] 042/103 VUs  06m48.9s/10m0s  4.00 iters/s

running (06m49.9s), 043/103 VUs, 1233 complete and 0 interrupted iterations
normal_day   [  68% ] 043/103 VUs  06m49.9s/10m0s  4.00 iters/s

running (06m50.9s), 043/103 VUs, 1237 complete and 0 interrupted iterations
normal_day   [  68% ] 043/103 VUs  06m50.9s/10m0s  4.00 iters/s

running (06m51.9s), 044/103 VUs, 1240 complete and 0 interrupted iterations
normal_day   [  69% ] 044/103 VUs  06m51.9s/10m0s  4.00 iters/s

running (06m52.9s), 042/103 VUs, 1246 complete and 0 interrupted iterations
normal_day   [  69% ] 042/103 VUs  06m52.9s/10m0s  4.00 iters/s

running (06m53.9s), 044/103 VUs, 1248 complete and 0 interrupted iterations
normal_day   [  69% ] 044/103 VUs  06m53.9s/10m0s  4.00 iters/s

running (06m54.9s), 040/103 VUs, 1256 complete and 0 interrupted iterations
normal_day   [  69% ] 040/103 VUs  06m54.9s/10m0s  4.00 iters/s

running (06m55.9s), 044/103 VUs, 1256 complete and 0 interrupted iterations
normal_day   [  69% ] 044/103 VUs  06m55.9s/10m0s  4.00 iters/s

running (06m56.9s), 045/103 VUs, 1259 complete and 0 interrupted iterations
normal_day   [  69% ] 045/103 VUs  06m56.9s/10m0s  4.00 iters/s

running (06m57.9s), 043/103 VUs, 1265 complete and 0 interrupted iterations
normal_day   [  70% ] 043/103 VUs  06m57.9s/10m0s  4.00 iters/s

running (06m58.9s), 043/103 VUs, 1269 complete and 0 interrupted iterations
normal_day   [  70% ] 043/103 VUs  06m58.9s/10m0s  4.00 iters/s

running (06m59.9s), 043/103 VUs, 1273 complete and 0 interrupted iterations
normal_day   [  70% ] 043/103 VUs  06m59.9s/10m0s  4.00 iters/s

running (07m00.9s), 044/103 VUs, 1276 complete and 0 interrupted iterations
normal_day   [  70% ] 044/103 VUs  07m00.9s/10m0s  4.00 iters/s

running (07m01.9s), 047/103 VUs, 1277 complete and 0 interrupted iterations
normal_day   [  70% ] 047/103 VUs  07m01.9s/10m0s  4.00 iters/s

running (07m02.9s), 047/103 VUs, 1281 complete and 0 interrupted iterations
normal_day   [  70% ] 047/103 VUs  07m02.9s/10m0s  4.00 iters/s

running (07m03.9s), 047/103 VUs, 1285 complete and 0 interrupted iterations
normal_day   [  71% ] 047/103 VUs  07m03.9s/10m0s  4.00 iters/s

running (07m04.9s), 048/103 VUs, 1288 complete and 0 interrupted iterations
normal_day   [  71% ] 048/103 VUs  07m04.9s/10m0s  4.00 iters/s

running (07m05.9s), 050/103 VUs, 1290 complete and 0 interrupted iterations
normal_day   [  71% ] 050/103 VUs  07m05.9s/10m0s  4.00 iters/s

running (07m06.9s), 048/103 VUs, 1296 complete and 0 interrupted iterations
normal_day   [  71% ] 048/103 VUs  07m06.9s/10m0s  4.00 iters/s

running (07m07.9s), 048/103 VUs, 1300 complete and 0 interrupted iterations
normal_day   [  71% ] 048/103 VUs  07m07.9s/10m0s  4.00 iters/s

running (07m08.9s), 046/103 VUs, 1306 complete and 0 interrupted iterations
normal_day   [  71% ] 046/103 VUs  07m08.9s/10m0s  4.00 iters/s

running (07m09.9s), 046/103 VUs, 1310 complete and 0 interrupted iterations
normal_day   [  72% ] 046/103 VUs  07m09.9s/10m0s  4.00 iters/s

running (07m10.9s), 046/103 VUs, 1314 complete and 0 interrupted iterations
normal_day   [  72% ] 046/103 VUs  07m10.9s/10m0s  4.00 iters/s

running (07m11.9s), 043/103 VUs, 1321 complete and 0 interrupted iterations
normal_day   [  72% ] 043/103 VUs  07m11.9s/10m0s  4.00 iters/s

running (07m12.9s), 041/103 VUs, 1327 complete and 0 interrupted iterations
normal_day   [  72% ] 041/103 VUs  07m12.9s/10m0s  4.00 iters/s

running (07m13.9s), 041/103 VUs, 1331 complete and 0 interrupted iterations
normal_day   [  72% ] 041/103 VUs  07m13.9s/10m0s  4.00 iters/s

running (07m14.9s), 033/103 VUs, 1343 complete and 0 interrupted iterations
normal_day   [  72% ] 033/103 VUs  07m14.9s/10m0s  4.00 iters/s

running (07m15.9s), 032/103 VUs, 1348 complete and 0 interrupted iterations
normal_day   [  73% ] 032/103 VUs  07m15.9s/10m0s  4.00 iters/s

running (07m16.9s), 032/103 VUs, 1352 complete and 0 interrupted iterations
normal_day   [  73% ] 032/103 VUs  07m16.9s/10m0s  4.00 iters/s

running (07m17.9s), 033/103 VUs, 1355 complete and 0 interrupted iterations
normal_day   [  73% ] 033/103 VUs  07m17.9s/10m0s  4.00 iters/s

running (07m18.9s), 034/103 VUs, 1358 complete and 0 interrupted iterations
normal_day   [  73% ] 034/103 VUs  07m18.9s/10m0s  4.00 iters/s

running (07m19.9s), 037/103 VUs, 1359 complete and 0 interrupted iterations
normal_day   [  73% ] 037/103 VUs  07m19.9s/10m0s  4.00 iters/s

running (07m20.9s), 037/103 VUs, 1363 complete and 0 interrupted iterations
normal_day   [  73% ] 037/103 VUs  07m20.9s/10m0s  4.00 iters/s

running (07m21.9s), 037/103 VUs, 1367 complete and 0 interrupted iterations
normal_day   [  74% ] 037/103 VUs  07m21.9s/10m0s  4.00 iters/s

running (07m22.9s), 036/103 VUs, 1372 complete and 0 interrupted iterations
normal_day   [  74% ] 036/103 VUs  07m22.9s/10m0s  4.00 iters/s

running (07m23.9s), 039/103 VUs, 1373 complete and 0 interrupted iterations
normal_day   [  74% ] 039/103 VUs  07m23.9s/10m0s  4.00 iters/s

running (07m24.9s), 041/103 VUs, 1375 complete and 0 interrupted iterations
normal_day   [  74% ] 041/103 VUs  07m24.9s/10m0s  4.00 iters/s

running (07m25.9s), 039/103 VUs, 1381 complete and 0 interrupted iterations
normal_day   [  74% ] 039/103 VUs  07m25.9s/10m0s  4.00 iters/s

running (07m26.9s), 041/103 VUs, 1383 complete and 0 interrupted iterations
normal_day   [  74% ] 041/103 VUs  07m26.9s/10m0s  4.00 iters/s

running (07m27.9s), 040/103 VUs, 1388 complete and 0 interrupted iterations
normal_day   [  75% ] 040/103 VUs  07m27.9s/10m0s  4.00 iters/s

running (07m28.9s), 042/103 VUs, 1390 complete and 0 interrupted iterations
normal_day   [  75% ] 042/103 VUs  07m28.9s/10m0s  4.00 iters/s

running (07m29.9s), 045/103 VUs, 1391 complete and 0 interrupted iterations
normal_day   [  75% ] 045/103 VUs  07m29.9s/10m0s  4.00 iters/s

running (07m30.9s), 044/103 VUs, 1396 complete and 0 interrupted iterations
normal_day   [  75% ] 044/103 VUs  07m30.9s/10m0s  4.00 iters/s

running (07m31.9s), 045/103 VUs, 1399 complete and 0 interrupted iterations
normal_day   [  75% ] 045/103 VUs  07m31.9s/10m0s  4.00 iters/s

running (07m32.9s), 044/103 VUs, 1404 complete and 0 interrupted iterations
normal_day   [  75% ] 044/103 VUs  07m32.9s/10m0s  4.00 iters/s

running (07m33.9s), 045/103 VUs, 1407 complete and 0 interrupted iterations
normal_day   [  76% ] 045/103 VUs  07m33.9s/10m0s  4.00 iters/s

running (07m34.9s), 048/103 VUs, 1408 complete and 0 interrupted iterations
normal_day   [  76% ] 048/103 VUs  07m34.9s/10m0s  4.00 iters/s

running (07m35.9s), 046/103 VUs, 1414 complete and 0 interrupted iterations
normal_day   [  76% ] 046/103 VUs  07m35.9s/10m0s  4.00 iters/s

running (07m36.9s), 045/103 VUs, 1419 complete and 0 interrupted iterations
normal_day   [  76% ] 045/103 VUs  07m36.9s/10m0s  4.00 iters/s

running (07m37.9s), 046/103 VUs, 1422 complete and 0 interrupted iterations
normal_day   [  76% ] 046/103 VUs  07m37.9s/10m0s  4.00 iters/s

running (07m38.9s), 047/103 VUs, 1425 complete and 0 interrupted iterations
normal_day   [  76% ] 047/103 VUs  07m38.9s/10m0s  4.00 iters/s

running (07m39.9s), 047/103 VUs, 1429 complete and 0 interrupted iterations
normal_day   [  77% ] 047/103 VUs  07m39.9s/10m0s  4.00 iters/s

running (07m40.9s), 046/103 VUs, 1434 complete and 0 interrupted iterations
normal_day   [  77% ] 046/103 VUs  07m40.9s/10m0s  4.00 iters/s

running (07m41.9s), 043/103 VUs, 1441 complete and 0 interrupted iterations
normal_day   [  77% ] 043/103 VUs  07m41.9s/10m0s  4.00 iters/s

running (07m42.9s), 043/103 VUs, 1445 complete and 0 interrupted iterations
normal_day   [  77% ] 043/103 VUs  07m42.9s/10m0s  4.00 iters/s

running (07m43.9s), 043/103 VUs, 1449 complete and 0 interrupted iterations
normal_day   [  77% ] 043/103 VUs  07m43.9s/10m0s  4.00 iters/s

running (07m44.9s), 042/103 VUs, 1454 complete and 0 interrupted iterations
normal_day   [  77% ] 042/103 VUs  07m44.9s/10m0s  4.00 iters/s

running (07m45.9s), 045/103 VUs, 1455 complete and 0 interrupted iterations
normal_day   [  78% ] 045/103 VUs  07m45.9s/10m0s  4.00 iters/s

running (07m46.9s), 044/103 VUs, 1460 complete and 0 interrupted iterations
normal_day   [  78% ] 044/103 VUs  07m46.9s/10m0s  4.00 iters/s

running (07m47.9s), 043/103 VUs, 1465 complete and 0 interrupted iterations
normal_day   [  78% ] 043/103 VUs  07m47.9s/10m0s  4.00 iters/s

running (07m48.9s), 045/103 VUs, 1467 complete and 0 interrupted iterations
normal_day   [  78% ] 045/103 VUs  07m48.9s/10m0s  4.00 iters/s

running (07m49.9s), 042/103 VUs, 1474 complete and 0 interrupted iterations
normal_day   [  78% ] 042/103 VUs  07m49.9s/10m0s  4.00 iters/s

running (07m50.9s), 042/103 VUs, 1478 complete and 0 interrupted iterations
normal_day   [  78% ] 042/103 VUs  07m50.9s/10m0s  4.00 iters/s

running (07m51.9s), 043/103 VUs, 1481 complete and 0 interrupted iterations
normal_day   [  79% ] 043/103 VUs  07m51.9s/10m0s  4.00 iters/s

running (07m52.9s), 038/103 VUs, 1490 complete and 0 interrupted iterations
normal_day   [  79% ] 038/103 VUs  07m52.9s/10m0s  4.00 iters/s

running (07m53.9s), 038/103 VUs, 1494 complete and 0 interrupted iterations
normal_day   [  79% ] 038/103 VUs  07m53.9s/10m0s  4.00 iters/s

running (07m54.9s), 038/103 VUs, 1498 complete and 0 interrupted iterations
normal_day   [  79% ] 038/103 VUs  07m54.9s/10m0s  4.00 iters/s

running (07m55.9s), 039/103 VUs, 1501 complete and 0 interrupted iterations
normal_day   [  79% ] 039/103 VUs  07m55.9s/10m0s  4.00 iters/s

running (07m56.9s), 036/103 VUs, 1508 complete and 0 interrupted iterations
normal_day   [  79% ] 036/103 VUs  07m56.9s/10m0s  4.00 iters/s

running (07m57.9s), 037/103 VUs, 1511 complete and 0 interrupted iterations
normal_day   [  80% ] 037/103 VUs  07m57.9s/10m0s  4.00 iters/s

running (07m58.9s), 035/103 VUs, 1517 complete and 0 interrupted iterations
normal_day   [  80% ] 035/103 VUs  07m58.9s/10m0s  4.00 iters/s

running (07m59.9s), 036/103 VUs, 1520 complete and 0 interrupted iterations
normal_day   [  80% ] 036/103 VUs  07m59.9s/10m0s  4.00 iters/s

running (08m00.9s), 037/103 VUs, 1523 complete and 0 interrupted iterations
normal_day   [  80% ] 037/103 VUs  08m00.9s/10m0s  3.97 iters/s

running (08m01.9s), 038/103 VUs, 1526 complete and 0 interrupted iterations
normal_day   [  80% ] 038/103 VUs  08m01.9s/10m0s  3.94 iters/s

running (08m02.9s), 040/103 VUs, 1528 complete and 0 interrupted iterations
normal_day   [  80% ] 040/103 VUs  08m02.9s/10m0s  3.90 iters/s

running (08m03.9s), 042/103 VUs, 1530 complete and 0 interrupted iterations
normal_day   [  81% ] 042/103 VUs  08m03.9s/10m0s  3.87 iters/s

running (08m04.9s), 043/103 VUs, 1533 complete and 0 interrupted iterations
normal_day   [  81% ] 043/103 VUs  08m04.9s/10m0s  3.83 iters/s

running (08m05.9s), 042/103 VUs, 1538 complete and 0 interrupted iterations
normal_day   [  81% ] 042/103 VUs  08m05.9s/10m0s  3.80 iters/s

running (08m06.9s), 040/103 VUs, 1543 complete and 0 interrupted iterations
normal_day   [  81% ] 040/103 VUs  08m06.9s/10m0s  3.77 iters/s

running (08m07.9s), 041/103 VUs, 1546 complete and 0 interrupted iterations
normal_day   [  81% ] 041/103 VUs  08m07.9s/10m0s  3.74 iters/s

running (08m08.9s), 039/103 VUs, 1552 complete and 0 interrupted iterations
normal_day   [  81% ] 039/103 VUs  08m08.9s/10m0s  3.70 iters/s

running (08m09.9s), 041/103 VUs, 1554 complete and 0 interrupted iterations
normal_day   [  82% ] 041/103 VUs  08m09.9s/10m0s  3.67 iters/s

running (08m10.9s), 040/103 VUs, 1558 complete and 0 interrupted iterations
normal_day   [  82% ] 040/103 VUs  08m10.9s/10m0s  3.64 iters/s

running (08m11.9s), 037/103 VUs, 1565 complete and 0 interrupted iterations
normal_day   [  82% ] 037/103 VUs  08m11.9s/10m0s  3.60 iters/s

running (08m12.9s), 033/103 VUs, 1572 complete and 0 interrupted iterations
normal_day   [  82% ] 033/103 VUs  08m12.9s/10m0s  3.57 iters/s

running (08m13.9s), 034/103 VUs, 1575 complete and 0 interrupted iterations
normal_day   [  82% ] 034/103 VUs  08m13.9s/10m0s  3.54 iters/s

running (08m14.9s), 031/103 VUs, 1581 complete and 0 interrupted iterations
normal_day   [  82% ] 031/103 VUs  08m14.9s/10m0s  3.51 iters/s

running (08m15.9s), 031/103 VUs, 1585 complete and 0 interrupted iterations
normal_day   [  83% ] 031/103 VUs  08m15.9s/10m0s  3.47 iters/s

running (08m16.9s), 030/103 VUs, 1589 complete and 0 interrupted iterations
normal_day   [  83% ] 030/103 VUs  08m16.9s/10m0s  3.44 iters/s

running (08m17.9s), 030/103 VUs, 1593 complete and 0 interrupted iterations
normal_day   [  83% ] 030/103 VUs  08m17.9s/10m0s  3.40 iters/s

running (08m18.9s), 029/103 VUs, 1597 complete and 0 interrupted iterations
normal_day   [  83% ] 029/103 VUs  08m18.9s/10m0s  3.37 iters/s

running (08m19.9s), 031/103 VUs, 1599 complete and 0 interrupted iterations
normal_day   [  83% ] 031/103 VUs  08m19.9s/10m0s  3.33 iters/s

running (08m20.9s), 032/103 VUs, 1601 complete and 0 interrupted iterations
normal_day   [  83% ] 032/103 VUs  08m20.9s/10m0s  3.30 iters/s

running (08m21.9s), 029/103 VUs, 1607 complete and 0 interrupted iterations
normal_day   [  84% ] 029/103 VUs  08m21.9s/10m0s  3.27 iters/s

running (08m22.9s), 027/103 VUs, 1612 complete and 0 interrupted iterations
normal_day   [  84% ] 027/103 VUs  08m22.9s/10m0s  3.24 iters/s

running (08m23.9s), 030/103 VUs, 1613 complete and 0 interrupted iterations
normal_day   [  84% ] 030/103 VUs  08m23.9s/10m0s  3.20 iters/s

running (08m24.9s), 029/103 VUs, 1617 complete and 0 interrupted iterations
normal_day   [  84% ] 029/103 VUs  08m24.9s/10m0s  3.17 iters/s

running (08m25.9s), 030/103 VUs, 1619 complete and 0 interrupted iterations
normal_day   [  84% ] 030/103 VUs  08m25.9s/10m0s  3.14 iters/s

running (08m26.9s), 031/103 VUs, 1621 complete and 0 interrupted iterations
normal_day   [  84% ] 031/103 VUs  08m26.9s/10m0s  3.10 iters/s

running (08m27.9s), 033/103 VUs, 1622 complete and 0 interrupted iterations
normal_day   [  85% ] 033/103 VUs  08m27.9s/10m0s  3.07 iters/s

running (08m28.9s), 030/103 VUs, 1628 complete and 0 interrupted iterations
normal_day   [  85% ] 030/103 VUs  08m28.9s/10m0s  3.04 iters/s

running (08m29.9s), 029/103 VUs, 1632 complete and 0 interrupted iterations
normal_day   [  85% ] 029/103 VUs  08m29.9s/10m0s  3.01 iters/s

running (08m30.9s), 027/103 VUs, 1637 complete and 0 interrupted iterations
normal_day   [  85% ] 027/103 VUs  08m30.9s/10m0s  2.97 iters/s

running (08m31.9s), 026/103 VUs, 1641 complete and 0 interrupted iterations
normal_day   [  85% ] 026/103 VUs  08m31.9s/10m0s  2.94 iters/s

running (08m32.9s), 026/103 VUs, 1644 complete and 0 interrupted iterations
normal_day   [  85% ] 026/103 VUs  08m32.9s/10m0s  2.90 iters/s

running (08m33.9s), 026/103 VUs, 1647 complete and 0 interrupted iterations
normal_day   [  86% ] 026/103 VUs  08m33.9s/10m0s  2.87 iters/s

running (08m34.9s), 026/103 VUs, 1650 complete and 0 interrupted iterations
normal_day   [  86% ] 026/103 VUs  08m34.9s/10m0s  2.83 iters/s

running (08m35.9s), 027/103 VUs, 1652 complete and 0 interrupted iterations
normal_day   [  86% ] 027/103 VUs  08m35.9s/10m0s  2.80 iters/s

running (08m36.9s), 024/103 VUs, 1657 complete and 0 interrupted iterations
normal_day   [  86% ] 024/103 VUs  08m36.9s/10m0s  2.77 iters/s

running (08m37.9s), 024/103 VUs, 1660 complete and 0 interrupted iterations
normal_day   [  86% ] 024/103 VUs  08m37.9s/10m0s  2.74 iters/s

running (08m38.9s), 025/103 VUs, 1662 complete and 0 interrupted iterations
normal_day   [  86% ] 025/103 VUs  08m38.9s/10m0s  2.70 iters/s

running (08m39.9s), 023/103 VUs, 1667 complete and 0 interrupted iterations
normal_day   [  87% ] 023/103 VUs  08m39.9s/10m0s  2.66 iters/s

running (08m40.9s), 020/103 VUs, 1672 complete and 0 interrupted iterations
normal_day   [  87% ] 020/103 VUs  08m40.9s/10m0s  2.64 iters/s

running (08m41.9s), 022/103 VUs, 1673 complete and 0 interrupted iterations
normal_day   [  87% ] 022/103 VUs  08m41.9s/10m0s  2.60 iters/s

running (08m42.9s), 024/103 VUs, 1673 complete and 0 interrupted iterations
normal_day   [  87% ] 024/103 VUs  08m42.9s/10m0s  2.58 iters/s

running (08m43.9s), 023/103 VUs, 1677 complete and 0 interrupted iterations
normal_day   [  87% ] 023/103 VUs  08m43.9s/10m0s  2.54 iters/s

running (08m44.9s), 025/103 VUs, 1678 complete and 0 interrupted iterations
normal_day   [  87% ] 025/103 VUs  08m44.9s/10m0s  2.50 iters/s

running (08m45.9s), 025/103 VUs, 1680 complete and 0 interrupted iterations
normal_day   [  88% ] 025/103 VUs  08m45.9s/10m0s  2.47 iters/s

running (08m46.9s), 024/103 VUs, 1683 complete and 0 interrupted iterations
normal_day   [  88% ] 024/103 VUs  08m46.9s/10m0s  2.44 iters/s

running (08m47.9s), 026/103 VUs, 1684 complete and 0 interrupted iterations
normal_day   [  88% ] 026/103 VUs  08m47.9s/10m0s  2.40 iters/s

running (08m48.9s), 026/103 VUs, 1686 complete and 0 interrupted iterations
normal_day   [  88% ] 026/103 VUs  08m48.9s/10m0s  2.37 iters/s

running (08m49.9s), 028/103 VUs, 1687 complete and 0 interrupted iterations
normal_day   [  88% ] 028/103 VUs  08m49.9s/10m0s  2.33 iters/s

running (08m50.9s), 029/103 VUs, 1688 complete and 0 interrupted iterations
normal_day   [  88% ] 029/103 VUs  08m50.9s/10m0s  2.30 iters/s

running (08m51.9s), 028/103 VUs, 1691 complete and 0 interrupted iterations
normal_day   [  89% ] 028/103 VUs  08m51.9s/10m0s  2.27 iters/s

running (08m52.9s), 030/103 VUs, 1691 complete and 0 interrupted iterations
normal_day   [  89% ] 030/103 VUs  08m52.9s/10m0s  2.24 iters/s

running (08m53.9s), 030/103 VUs, 1694 complete and 0 interrupted iterations
normal_day   [  89% ] 030/103 VUs  08m53.9s/10m0s  2.20 iters/s

running (08m54.9s), 030/103 VUs, 1696 complete and 0 interrupted iterations
normal_day   [  89% ] 030/103 VUs  08m54.9s/10m0s  2.17 iters/s

running (08m55.9s), 027/103 VUs, 1701 complete and 0 interrupted iterations
normal_day   [  89% ] 027/103 VUs  08m55.9s/10m0s  2.14 iters/s

running (08m56.9s), 026/103 VUs, 1704 complete and 0 interrupted iterations
normal_day   [  89% ] 026/103 VUs  08m56.9s/10m0s  2.11 iters/s

running (08m57.9s), 026/103 VUs, 1706 complete and 0 interrupted iterations
normal_day   [  90% ] 026/103 VUs  08m57.9s/10m0s  2.07 iters/s

running (08m58.9s), 027/103 VUs, 1707 complete and 0 interrupted iterations
normal_day   [  90% ] 027/103 VUs  08m58.9s/10m0s  2.04 iters/s

running (08m59.9s), 027/103 VUs, 1709 complete and 0 interrupted iterations
normal_day   [  90% ] 027/103 VUs  08m59.9s/10m0s  2.01 iters/s

running (09m00.9s), 024/103 VUs, 1714 complete and 0 interrupted iterations
normal_day   [  90% ] 024/103 VUs  09m00.9s/10m0s  1.97 iters/s

running (09m01.9s), 024/103 VUs, 1716 complete and 0 interrupted iterations
normal_day   [  90% ] 024/103 VUs  09m01.9s/10m0s  1.94 iters/s

running (09m02.9s), 026/103 VUs, 1716 complete and 0 interrupted iterations
normal_day   [  90% ] 026/103 VUs  09m02.9s/10m0s  1.91 iters/s

running (09m03.9s), 025/103 VUs, 1719 complete and 0 interrupted iterations
normal_day   [  91% ] 025/103 VUs  09m03.9s/10m0s  1.87 iters/s

running (09m04.9s), 022/103 VUs, 1724 complete and 0 interrupted iterations
normal_day   [  91% ] 022/103 VUs  09m04.9s/10m0s  1.83 iters/s

running (09m05.9s), 021/103 VUs, 1727 complete and 0 interrupted iterations
normal_day   [  91% ] 021/103 VUs  09m05.9s/10m0s  1.80 iters/s

running (09m06.9s), 019/103 VUs, 1731 complete and 0 interrupted iterations
normal_day   [  91% ] 019/103 VUs  09m06.9s/10m0s  1.76 iters/s

running (09m07.9s), 018/103 VUs, 1733 complete and 0 interrupted iterations
normal_day   [  91% ] 018/103 VUs  09m07.9s/10m0s  1.74 iters/s

running (09m08.9s), 018/103 VUs, 1735 complete and 0 interrupted iterations
normal_day   [  91% ] 018/103 VUs  09m08.9s/10m0s  1.70 iters/s

running (09m09.9s), 019/103 VUs, 1736 complete and 0 interrupted iterations
normal_day   [  92% ] 019/103 VUs  09m09.9s/10m0s  1.66 iters/s

running (09m10.9s), 019/103 VUs, 1737 complete and 0 interrupted iterations
normal_day   [  92% ] 019/103 VUs  09m10.9s/10m0s  1.64 iters/s

running (09m11.9s), 018/103 VUs, 1740 complete and 0 interrupted iterations
normal_day   [  92% ] 018/103 VUs  09m11.9s/10m0s  1.60 iters/s

running (09m12.9s), 018/103 VUs, 1742 complete and 0 interrupted iterations
normal_day   [  92% ] 018/103 VUs  09m12.9s/10m0s  1.56 iters/s

running (09m13.9s), 012/103 VUs, 1749 complete and 0 interrupted iterations
normal_day   [  92% ] 012/103 VUs  09m13.9s/10m0s  1.54 iters/s

running (09m14.9s), 013/103 VUs, 1750 complete and 0 interrupted iterations
normal_day   [  92% ] 013/103 VUs  09m14.9s/10m0s  1.49 iters/s

running (09m15.9s), 012/103 VUs, 1752 complete and 0 interrupted iterations
normal_day   [  93% ] 012/103 VUs  09m15.9s/10m0s  1.47 iters/s

running (09m16.9s), 012/103 VUs, 1754 complete and 0 interrupted iterations
normal_day   [  93% ] 012/103 VUs  09m16.9s/10m0s  1.43 iters/s

running (09m17.9s), 012/103 VUs, 1755 complete and 0 interrupted iterations
normal_day   [  93% ] 012/103 VUs  09m17.9s/10m0s  1.40 iters/s

running (09m18.9s), 012/103 VUs, 1756 complete and 0 interrupted iterations
normal_day   [  93% ] 012/103 VUs  09m18.9s/10m0s  1.38 iters/s

running (09m19.9s), 013/103 VUs, 1757 complete and 0 interrupted iterations
normal_day   [  93% ] 013/103 VUs  09m19.9s/10m0s  1.33 iters/s

running (09m20.9s), 012/103 VUs, 1759 complete and 0 interrupted iterations
normal_day   [  93% ] 012/103 VUs  09m20.9s/10m0s  1.30 iters/s

running (09m21.9s), 011/103 VUs, 1761 complete and 0 interrupted iterations
normal_day   [  94% ] 011/103 VUs  09m21.9s/10m0s  1.28 iters/s

running (09m22.9s), 011/103 VUs, 1763 complete and 0 interrupted iterations
normal_day   [  94% ] 011/103 VUs  09m22.9s/10m0s  1.22 iters/s

running (09m23.9s), 012/103 VUs, 1763 complete and 0 interrupted iterations
normal_day   [  94% ] 012/103 VUs  09m23.9s/10m0s  1.20 iters/s

running (09m24.9s), 012/103 VUs, 1764 complete and 0 interrupted iterations
normal_day   [  94% ] 012/103 VUs  09m24.9s/10m0s  1.17 iters/s

running (09m25.9s), 012/103 VUs, 1765 complete and 0 interrupted iterations
normal_day   [  94% ] 012/103 VUs  09m25.9s/10m0s  1.14 iters/s

running (09m26.9s), 012/103 VUs, 1766 complete and 0 interrupted iterations
normal_day   [  94% ] 012/103 VUs  09m26.9s/10m0s  1.11 iters/s

running (09m27.9s), 012/103 VUs, 1767 complete and 0 interrupted iterations
normal_day   [  95% ] 012/103 VUs  09m27.9s/10m0s  1.08 iters/s

running (09m28.9s), 012/103 VUs, 1768 complete and 0 interrupted iterations
normal_day   [  95% ] 012/103 VUs  09m28.9s/10m0s  1.05 iters/s

running (09m29.9s), 012/103 VUs, 1769 complete and 0 interrupted iterations
normal_day   [  95% ] 012/103 VUs  09m29.9s/10m0s  1.02 iters/s

running (09m30.9s), 012/103 VUs, 1770 complete and 0 interrupted iterations
normal_day   [  95% ] 012/103 VUs  09m30.9s/10m0s  0.98 iters/s

running (09m31.9s), 012/103 VUs, 1771 complete and 0 interrupted iterations
normal_day   [  95% ] 012/103 VUs  09m31.9s/10m0s  0.95 iters/s

running (09m32.9s), 013/103 VUs, 1771 complete and 0 interrupted iterations
normal_day   [  95% ] 013/103 VUs  09m32.9s/10m0s  0.91 iters/s

running (09m33.9s), 011/103 VUs, 1774 complete and 0 interrupted iterations
normal_day   [  96% ] 011/103 VUs  09m33.9s/10m0s  0.88 iters/s

running (09m34.9s), 011/103 VUs, 1775 complete and 0 interrupted iterations
normal_day   [  96% ] 011/103 VUs  09m34.9s/10m0s  0.84 iters/s

running (09m35.9s), 012/103 VUs, 1775 complete and 0 interrupted iterations
normal_day   [  96% ] 012/103 VUs  09m35.9s/10m0s  0.80 iters/s

running (09m36.9s), 012/103 VUs, 1776 complete and 0 interrupted iterations
normal_day   [  96% ] 012/103 VUs  09m36.9s/10m0s  0.75 iters/s

running (09m37.9s), 011/103 VUs, 1777 complete and 0 interrupted iterations
normal_day   [  96% ] 011/103 VUs  09m37.9s/10m0s  0.75 iters/s

running (09m38.9s), 012/103 VUs, 1777 complete and 0 interrupted iterations
normal_day   [  96% ] 012/103 VUs  09m38.9s/10m0s  0.71 iters/s

running (09m39.9s), 012/103 VUs, 1778 complete and 0 interrupted iterations
normal_day   [  97% ] 012/103 VUs  09m39.9s/10m0s  0.66 iters/s

running (09m40.9s), 012/103 VUs, 1778 complete and 0 interrupted iterations
normal_day   [  97% ] 012/103 VUs  09m40.9s/10m0s  0.66 iters/s

running (09m41.9s), 011/103 VUs, 1780 complete and 0 interrupted iterations
normal_day   [  97% ] 011/103 VUs  09m41.9s/10m0s  0.60 iters/s

running (09m42.9s), 011/103 VUs, 1781 complete and 0 interrupted iterations
normal_day   [  97% ] 011/103 VUs  09m42.9s/10m0s  0.55 iters/s

running (09m43.9s), 010/103 VUs, 1782 complete and 0 interrupted iterations
normal_day   [  97% ] 010/103 VUs  09m43.9s/10m0s  0.55 iters/s

running (09m44.9s), 009/103 VUs, 1784 complete and 0 interrupted iterations
normal_day   [  97% ] 009/103 VUs  09m44.9s/10m0s  0.48 iters/s

running (09m45.9s), 009/103 VUs, 1784 complete and 0 interrupted iterations
normal_day   [  98% ] 009/103 VUs  09m45.9s/10m0s  0.48 iters/s

running (09m46.9s), 009/103 VUs, 1785 complete and 0 interrupted iterations
normal_day   [  98% ] 009/103 VUs  09m46.9s/10m0s  0.41 iters/s

running (09m47.9s), 008/103 VUs, 1786 complete and 0 interrupted iterations
normal_day   [  98% ] 008/103 VUs  09m47.9s/10m0s  0.41 iters/s

running (09m48.9s), 005/103 VUs, 1789 complete and 0 interrupted iterations
normal_day   [  98% ] 005/103 VUs  09m48.9s/10m0s  0.41 iters/s

running (09m49.9s), 003/103 VUs, 1792 complete and 0 interrupted iterations
normal_day   [  98% ] 003/103 VUs  09m49.9s/10m0s  0.31 iters/s

running (09m50.9s), 003/103 VUs, 1792 complete and 0 interrupted iterations
normal_day   [  98% ] 003/103 VUs  09m50.9s/10m0s  0.31 iters/s

running (09m51.9s), 002/103 VUs, 1793 complete and 0 interrupted iterations
normal_day   [  99% ] 002/103 VUs  09m51.9s/10m0s  0.31 iters/s

running (09m52.9s), 002/103 VUs, 1794 complete and 0 interrupted iterations
normal_day   [  99% ] 002/103 VUs  09m52.9s/10m0s  0.13 iters/s

running (09m53.9s), 002/103 VUs, 1794 complete and 0 interrupted iterations
normal_day   [  99% ] 002/103 VUs  09m53.9s/10m0s  0.13 iters/s

running (09m54.9s), 002/103 VUs, 1794 complete and 0 interrupted iterations
normal_day   [  99% ] 002/103 VUs  09m54.9s/10m0s  0.13 iters/s

running (09m55.9s), 001/103 VUs, 1795 complete and 0 interrupted iterations
normal_day   [  99% ] 001/103 VUs  09m55.9s/10m0s  0.13 iters/s

running (09m56.9s), 000/103 VUs, 1796 complete and 0 interrupted iterations
normal_day   [  99% ] 000/103 VUs  09m56.9s/10m0s  0.13 iters/s

running (09m57.9s), 000/103 VUs, 1796 complete and 0 interrupted iterations
normal_day   [ 100% ] 000/103 VUs  09m57.9s/10m0s  0.13 iters/s

running (09m58.9s), 000/103 VUs, 1796 complete and 0 interrupted iterations
normal_day   [ 100% ] 000/103 VUs  09m58.9s/10m0s  0.13 iters/s

running (09m59.9s), 000/103 VUs, 1796 complete and 0 interrupted iterations
normal_day   [ 100% ] 000/103 VUs  09m59.9s/10m0s  0.13 iters/s
[32m     ✓ login 200[0m
[32m     ✓ board list 200[0m
[32m     ✓ hot daily 200[0m
[32m     ✓ unread count 200[0m
[32m     ✓ post detail 200[0m
[32m     ✓ post list 200[0m
[32m     ✓ comment create 2xx[0m
[32m     ✓ comment list 200[0m
[32m     ✓ notif list 200[0m
[32m     ✓ post create 2xx[0m
[32m     ✓ read all 200[0m
[32m     ✓ post reaction 2xx[0m
[32m     ✓ read one 200[0m
[32m     ✓ post update 200[0m
[32m     ✓ post delete 200[0m
[32m     ✓ chat rooms 200[0m
[32m     ✓ meal today 200[0m
[32m     ✓ comment reaction 200[0m
[32m     ✓ timetable today 200[0m
[32m     ✓ chat messages 200[0m
[32m     ✓ chat read 200[0m
[32m     ✓ meal month 200[0m
[32m     ✓ scrap 2xx[0m
[32m     ✓ logout 200[0m
[32m     ✓ user info 200[0m
[32m     ✓ ws handshake 101[0m
[32m     ✓ my posts 200[0m
[32m     ✓ friend list 200[0m
[32m     ✓ refresh 200[0m
[32m     ✓ post search 200[0m
[32m     ✓ received reqs 200[0m

     auth_token_refreshes[2m...........:[0m [36m26[0m      [36;2m0.043336/s[0m
     chat_ws_messages_sent[2m..........:[0m [36m513[0m     [36;2m0.855051/s[0m
     chat_ws_rtt[2m....................:[0m avg=[36m588.95ms[0m min=[36m15ms[0m    med=[36m34.5ms[0m   max=[36m5.96s[0m    p(90)=[36m1.94s[0m    p(95)=[36m2.57s[0m    p(99)=[36m4.58s[0m   
     checks[2m.........................:[0m [36m100.00%[0m [36;2m✓ 7776[0m      [36;2m✗ 0[0m    
     [32m✓[0m { phase:measure }[2m............:[0m [36m100.00%[0m [36;2m✓ 5223[0m      [36;2m✗ 0[0m    
     [32m✓[0m { phase:rampdown }[2m...........:[0m [36m100.00%[0m [36;2m✓ 1081[0m      [36;2m✗ 0[0m    
     [32m✓[0m { phase:warmup }[2m.............:[0m [36m100.00%[0m [36;2m✓ 1472[0m      [36;2m✗ 0[0m    
     data_received[2m..................:[0m [36m378 MB[0m  [36;2m630 kB/s[0m
     data_sent[2m......................:[0m [36m3.2 MB[0m  [36;2m5.3 kB/s[0m
     dropped_iterations[2m.............:[0m [36m3[0m       [36;2m0.005/s[0m
     http_req_blocked[2m...............:[0m avg=[36m18.21µs[0m  min=[36m1.83µs[0m  med=[36m5.78µs[0m   max=[36m32.97ms[0m  p(90)=[36m15.58µs[0m  p(95)=[36m20.32µs[0m  p(99)=[36m265.7µs[0m 
     http_req_connecting[2m............:[0m avg=[36m8.25µs[0m   min=[36m0s[0m      med=[36m0s[0m       max=[36m32.86ms[0m  p(90)=[36m0s[0m       p(95)=[36m0s[0m       p(99)=[36m182.56µs[0m
     http_req_duration[2m..............:[0m avg=[36m1.11s[0m    min=[36m1.87ms[0m  med=[36m34.19ms[0m  max=[36m24.7s[0m    p(90)=[36m3.59s[0m    p(95)=[36m4.85s[0m    p(99)=[36m11.31s[0m  
       { expected_response:true }[2m...:[0m avg=[36m1.11s[0m    min=[36m1.87ms[0m  med=[36m34.19ms[0m  max=[36m24.7s[0m    p(90)=[36m3.59s[0m    p(95)=[36m4.85s[0m    p(99)=[36m11.31s[0m  
     [32m✓[0m { feature:auth }[2m.............:[0m avg=[36m546.71ms[0m min=[36m13.3ms[0m  med=[36m86.88ms[0m  max=[36m5.49s[0m    p(90)=[36m1.59s[0m    p(95)=[36m3.09s[0m    p(99)=[36m5.1s[0m    
     [32m✓[0m { feature:board }[2m............:[0m avg=[36m936.76ms[0m min=[36m1.95ms[0m  med=[36m8.21ms[0m   max=[36m8.37s[0m    p(90)=[36m3.15s[0m    p(95)=[36m4.31s[0m    p(99)=[36m6.85s[0m   
     [32m✓[0m { feature:chat }[2m.............:[0m avg=[36m1s[0m       min=[36m2.2ms[0m   med=[36m12.5ms[0m   max=[36m6.98s[0m    p(90)=[36m3.68s[0m    p(95)=[36m4.62s[0m    p(99)=[36m5.92s[0m   
     [32m✓[0m { feature:comment }[2m..........:[0m avg=[36m2.3s[0m     min=[36m1.94ms[0m  med=[36m613.25ms[0m max=[36m24.7s[0m    p(90)=[36m6.62s[0m    p(95)=[36m12.51s[0m   p(99)=[36m19.56s[0m  
     [32m✓[0m { feature:friend }[2m...........:[0m avg=[36m869.7ms[0m  min=[36m2.4ms[0m   med=[36m6.24ms[0m   max=[36m6.63s[0m    p(90)=[36m3.01s[0m    p(95)=[36m4.01s[0m    p(99)=[36m6.08s[0m   
     [32m✓[0m { feature:hot }[2m..............:[0m avg=[36m869.67ms[0m min=[36m7.13ms[0m  med=[36m22.41ms[0m  max=[36m10.39s[0m   p(90)=[36m3.18s[0m    p(95)=[36m4.22s[0m    p(99)=[36m5.4s[0m    
     [32m✓[0m { feature:mypage }[2m...........:[0m avg=[36m1.08s[0m    min=[36m2.31ms[0m  med=[36m14.66ms[0m  max=[36m7.04s[0m    p(90)=[36m3.53s[0m    p(95)=[36m4.42s[0m    p(99)=[36m6.53s[0m   
     [32m✓[0m { feature:notification }[2m.....:[0m avg=[36m909.96ms[0m min=[36m2.08ms[0m  med=[36m16.16ms[0m  max=[36m8.58s[0m    p(90)=[36m3.42s[0m    p(95)=[36m4.33s[0m    p(99)=[36m6.44s[0m   
     [32m✓[0m { feature:post }[2m.............:[0m avg=[36m826.05ms[0m min=[36m1.87ms[0m  med=[36m14.32ms[0m  max=[36m9.27s[0m    p(90)=[36m3.1s[0m     p(95)=[36m4.14s[0m    p(99)=[36m6.04s[0m   
     [32m✓[0m { feature:reaction }[2m.........:[0m avg=[36m643.9ms[0m  min=[36m15.59ms[0m med=[36m29.5ms[0m   max=[36m7.11s[0m    p(90)=[36m2.08s[0m    p(95)=[36m3.17s[0m    p(99)=[36m5.24s[0m   
     [32m✓[0m { feature:school }[2m...........:[0m avg=[36m808.56ms[0m min=[36m2.26ms[0m  med=[36m7.96ms[0m   max=[36m7.28s[0m    p(90)=[36m3.13s[0m    p(95)=[36m4.3s[0m     p(99)=[36m5.86s[0m   
     [32m✓[0m { feature:scrap }[2m............:[0m avg=[36m1.02s[0m    min=[36m14.54ms[0m med=[36m116.54ms[0m max=[36m4.76s[0m    p(90)=[36m3.71s[0m    p(95)=[36m4.35s[0m    p(99)=[36m4.7s[0m    
     [32m✓[0m { feature:timetable }[2m........:[0m avg=[36m726.18ms[0m min=[36m2.03ms[0m  med=[36m5.41ms[0m   max=[36m7.28s[0m    p(90)=[36m2.54s[0m    p(95)=[36m3.32s[0m    p(99)=[36m5.83s[0m   
     [32m✓[0m { op:auth }[2m..................:[0m avg=[36m546.71ms[0m min=[36m13.3ms[0m  med=[36m86.88ms[0m  max=[36m5.49s[0m    p(90)=[36m1.59s[0m    p(95)=[36m3.09s[0m    p(99)=[36m5.1s[0m    
     [31m✗[0m { op:read,phase:measure }[2m....:[0m avg=[36m1.61s[0m    min=[36m1.87ms[0m  med=[36m624.59ms[0m max=[36m24.7s[0m    p(90)=[36m4.3s[0m     p(95)=[36m5.68s[0m    p(99)=[36m13.97s[0m  
     [31m✗[0m { op:write,phase:measure }[2m...:[0m avg=[36m1.52s[0m    min=[36m2.64ms[0m  med=[36m751.43ms[0m max=[36m8.79s[0m    p(90)=[36m4.42s[0m    p(95)=[36m5.31s[0m    p(99)=[36m7.28s[0m   
     [32m✓[0m { page:0 }[2m...................:[0m avg=[36m614.63ms[0m min=[36m1.93ms[0m  med=[36m9.27ms[0m   max=[36m6.04s[0m    p(90)=[36m2.13s[0m    p(95)=[36m3.54s[0m    p(99)=[36m4.83s[0m   
     [32m✓[0m { page:1 }[2m...................:[0m avg=[36m716.47ms[0m min=[36m1.87ms[0m  med=[36m26.01ms[0m  max=[36m7.72s[0m    p(90)=[36m2.89s[0m    p(95)=[36m3.63s[0m    p(99)=[36m5.25s[0m   
     [32m✓[0m { page:2 }[2m...................:[0m avg=[36m674.87ms[0m min=[36m2.05ms[0m  med=[36m8.47ms[0m   max=[36m4.79s[0m    p(90)=[36m2.89s[0m    p(95)=[36m3.77s[0m    p(99)=[36m4.64s[0m   
     [32m✓[0m { page:3 }[2m...................:[0m avg=[36m623.67ms[0m min=[36m2.25ms[0m  med=[36m39.65ms[0m  max=[36m5.32s[0m    p(90)=[36m1.89s[0m    p(95)=[36m3.31s[0m    p(99)=[36m4.56s[0m   
     [32m✓[0m { page:4 }[2m...................:[0m avg=[36m481.28ms[0m min=[36m2.32ms[0m  med=[36m31.43ms[0m  max=[36m4.09s[0m    p(90)=[36m1.51s[0m    p(95)=[36m2.05s[0m    p(99)=[36m3.51s[0m   
     [32m✓[0m { phase:measure }[2m............:[0m avg=[36m1.6s[0m     min=[36m1.87ms[0m  med=[36m646.96ms[0m max=[36m24.7s[0m    p(90)=[36m4.3s[0m     p(95)=[36m5.63s[0m    p(99)=[36m13.51s[0m  
     [32m✓[0m { phase:rampdown }[2m...........:[0m avg=[36m90.34ms[0m  min=[36m1.99ms[0m  med=[36m6.37ms[0m   max=[36m2.94s[0m    p(90)=[36m59.46ms[0m  p(95)=[36m495.99ms[0m p(99)=[36m1.99s[0m   
     [32m✓[0m { phase:warmup }[2m.............:[0m avg=[36m108.79ms[0m min=[36m2.55ms[0m  med=[36m9.87ms[0m   max=[36m19.64s[0m   p(90)=[36m124.66ms[0m p(95)=[36m458.14ms[0m p(99)=[36m1.67s[0m   
     http_req_failed[2m................:[0m [36m0.00%[0m   [36;2m✓ 0[0m         [36;2m✗ 7684[0m 
     [32m✓[0m { phase:measure }[2m............:[0m [36m0.00%[0m   [36;2m✓ 0[0m         [36;2m✗ 5155[0m 
     [32m✓[0m { phase:rampdown }[2m...........:[0m [36m0.00%[0m   [36;2m✓ 0[0m         [36;2m✗ 1069[0m 
     [32m✓[0m { phase:warmup }[2m.............:[0m [36m0.00%[0m   [36;2m✓ 0[0m         [36;2m✗ 1460[0m 
     http_req_receiving[2m.............:[0m avg=[36m1.44ms[0m   min=[36m34.54µs[0m med=[36m228.29µs[0m max=[36m289.89ms[0m p(90)=[36m1.27ms[0m   p(95)=[36m2.88ms[0m   p(99)=[36m33.01ms[0m 
     http_req_sending[2m...............:[0m avg=[36m49.42µs[0m  min=[36m6.01µs[0m  med=[36m31.09µs[0m  max=[36m706.57µs[0m p(90)=[36m102.52µs[0m p(95)=[36m141.52µs[0m p(99)=[36m232.53µs[0m
     http_req_tls_handshaking[2m.......:[0m avg=[36m0s[0m       min=[36m0s[0m      med=[36m0s[0m       max=[36m0s[0m       p(90)=[36m0s[0m       p(95)=[36m0s[0m       p(99)=[36m0s[0m      
     http_req_waiting[2m...............:[0m avg=[36m1.11s[0m    min=[36m1.77ms[0m  med=[36m33.84ms[0m  max=[36m24.61s[0m   p(90)=[36m3.59s[0m    p(95)=[36m4.85s[0m    p(99)=[36m11.28s[0m  
     http_reqs[2m......................:[0m [36m7684[0m    [36;2m12.807424/s[0m
     [32m✓[0m { feature:auth }[2m.............:[0m [36m165[0m     [36;2m0.275016/s[0m
     [32m✓[0m { feature:board }[2m............:[0m [36m695[0m     [36;2m1.158402/s[0m
     [32m✓[0m { feature:chat }[2m.............:[0m [36m565[0m     [36;2m0.941722/s[0m
     [32m✓[0m { feature:comment }[2m..........:[0m [36m1363[0m    [36;2m2.271801/s[0m
     [32m✓[0m { feature:friend }[2m...........:[0m [36m114[0m     [36;2m0.190011/s[0m
     [32m✓[0m { feature:hot }[2m..............:[0m [36m695[0m     [36;2m1.158402/s[0m
     [32m✓[0m { feature:mypage }[2m...........:[0m [36m108[0m     [36;2m0.180011/s[0m
     [32m✓[0m { feature:notification }[2m.....:[0m [36m315[0m     [36;2m0.525031/s[0m
     [32m✓[0m { feature:post }[2m.............:[0m [36m3306[0m    [36;2m5.510326/s[0m
     [32m✓[0m { feature:reaction }[2m.........:[0m [36m163[0m     [36;2m0.271683/s[0m
     [32m✓[0m { feature:school }[2m...........:[0m [36m88[0m      [36;2m0.146675/s[0m
     [32m✓[0m { feature:scrap }[2m............:[0m [36m38[0m      [36;2m0.063337/s[0m
     [32m✓[0m { feature:timetable }[2m........:[0m [36m69[0m      [36;2m0.115007/s[0m
     [32m✓[0m { op:auth }[2m..................:[0m [36m165[0m     [36;2m0.275016/s[0m
     [32m✓[0m { op:read }[2m..................:[0m [36m6919[0m    [36;2m11.532349/s[0m
     [32m✓[0m { op:write }[2m.................:[0m [36m600[0m     [36;2m1.000059/s[0m
     [32m✓[0m { page:0 }[2m...................:[0m [36m363[0m     [36;2m0.605036/s[0m
     [32m✓[0m { page:1 }[2m...................:[0m [36m160[0m     [36;2m0.266682/s[0m
     [32m✓[0m { page:2 }[2m...................:[0m [36m79[0m      [36;2m0.131674/s[0m
     [32m✓[0m { page:3 }[2m...................:[0m [36m62[0m      [36;2m0.103339/s[0m
     [32m✓[0m { page:4 }[2m...................:[0m [36m31[0m      [36;2m0.05167/s[0m
     [32m✓[0m { phase:measure }[2m............:[0m [36m5155[0m    [36;2m8.592175/s[0m
     [32m✓[0m { phase:rampdown }[2m...........:[0m [36m1069[0m    [36;2m1.781772/s[0m
     [32m✓[0m { phase:warmup }[2m.............:[0m [36m1460[0m    [36;2m2.433477/s[0m
     iteration_duration[2m.............:[0m avg=[36m14.48s[0m   min=[36m1.02s[0m   med=[36m11.06s[0m   max=[36m1m11s[0m    p(90)=[36m32.68s[0m   p(95)=[36m40.75s[0m   p(99)=[36m52.44s[0m  
     iterations[2m.....................:[0m [36m1796[0m    [36;2m2.99351/s[0m
     [32m✓[0m { phase:measure }[2m............:[0m [36m0[0m       [36;2m0/s[0m
     [32m✓[0m { phase:rampdown }[2m...........:[0m [36m0[0m       [36;2m0/s[0m
     [32m✓[0m { phase:warmup }[2m.............:[0m [36m0[0m       [36;2m0/s[0m
     phase_iterations[2m...............:[0m [36m1796[0m    [36;2m2.99351/s[0m
     [32m✓[0m { phase:measure }[2m............:[0m [36m1201[0m    [36;2m2.001785/s[0m
     [32m✓[0m { phase:rampdown }[2m...........:[0m [36m275[0m     [36;2m0.45836/s[0m
     [32m✓[0m { phase:warmup }[2m.............:[0m [36m320[0m     [36;2m0.533365/s[0m
     vus[2m............................:[0m [36m0[0m       [36;2mmin=0[0m       [36;2mmax=102[0m
     vus_max[2m........................:[0m [36m103[0m     [36;2mmin=100[0m     [36;2mmax=103[0m
     ws_connecting[2m..................:[0m avg=[36m916.97ms[0m min=[36m2.05ms[0m  med=[36m20.09ms[0m  max=[36m6.13s[0m    p(90)=[36m2.98s[0m    p(95)=[36m4.24s[0m    p(99)=[36m6.01s[0m   
     ws_msgs_received[2m...............:[0m [36m599[0m     [36;2m0.998392/s[0m
     ws_msgs_sent[2m...................:[0m [36m697[0m     [36;2m1.161735/s[0m
     ws_session_duration[2m............:[0m avg=[36m23.09s[0m   min=[36m16.08s[0m  med=[36m22.78s[0m   max=[36m32.7s[0m    p(90)=[36m29.57s[0m   p(95)=[36m29.92s[0m   p(99)=[36m31.49s[0m  
     ws_sessions[2m....................:[0m [36m92[0m      [36;2m0.153342/s[0m
running (10m00.0s), 000/103 VUs, 1796 complete and 0 interrupted iterations
normal_day ✓ [ 100% ] 000/103 VUs  10m0s  0.13 iters/s
  호스트(Windows) 571표본 · CPU 22.3% (max 64.4) · 정규화성능 105.4% · vmmem 224.8% · 바쁜코어 2.1개 · 가용메모리 3857MB
  부하 중 벤치(warmup +60초, 3회 중앙값) · single 5276ms (유휴 대비 5.8%) · parallel 5138ms (유휴 대비 10.9%) · ctxswitch 2266ms (유휴 대비 2.3%)

  실행 후 상태 sha256:21ffd9e1f568 — chat_messages.count +513, chat_messages.maxId +513, posts.maxId +93, posts_reactions.maxId +80, comments.count +76 (외 13개)
    (지문 제외 항목: posts.sumViewCount +2002, daily_hot_post.count +56)
Prometheus 스크레이프 대기 20초...

══════════════════════════════════════════════════════════════════════════
  Performance Report — normal-day   Run #115   ❌ FAIL
══════════════════════════════════════════════════════════════════════════
  ❌ 포화 상태 — 이 실행의 p95 는 **애플리케이션 지연이 아니라 큐 대기**입니다. 애플리케이션 성능으로 인용하지 마십시오.
     · DB 커넥션 대기 스레드 17.9 — 커넥션 풀 앞에 대기줄이 생겼다. 요청 지연에 대기 시간이 포함된다.
     · 커넥션 획득이 p95 에서 차지하는 비율 50.39 — 응답시간의 상당 부분이 커넥션 대기다. 애플리케이션 처리 시간이 아니다.
     · 앱 CPU throttled 비율 71.66 — 앱이 CPU 상한을 거의 매 주기 소진했다. 처리율이 상한에 묶여 지연이 대기로 나타난다.
     · 현재 실행은 SATURATED, 기준선은 HEADROOM 입니다 — 포화 영역과 비포화 영역의 p95 는 서로 다른 물리량이라 증감률에 의미가 없습니다.
  환경 perf  |  브랜치 personal/localdocs  |  커밋 3e96d946  |  빌드 local
  시작 2026-08-20 16:32:12 KST  |  수행 10m 0s  |  VU max 103
  데이터셋 medium  |  부하 ramping-arrival-rate 0→4@3m0s→4@5m0s→0@2m0s maxVU 600

  ── 성능 (measure 구간) ─────────────────────────────────────────
  평균 1.61s     P95 5.63s     P99 13.52s   
  RPS  17.2      TPS 4.00      오류율 0.00%

  ── 인프라 ────────────────────────────────────────────────────────
  CPU  2.00 core (한계의 100%)   throttled 71.7%
  Heap 797 MB (78%)   GC max 184ms × 85회
  DB   slow 768  QPS 5,323  풀 100%  대기 69
  Redis hit 99.2%  ops 66.5/s  evicted 0

  ── 회귀 (기준: normal-day-2026-08-20T07-29-26) ────────────────
  ⚠  기준선은 당시 k6 threshold 미통과 실행입니다, 당시 Node 판정 FAIL.
     아래 증감률은 개선/악화 폭이며 현재 SLO 통과를 뜻하지 않습니다.
  ❌ P95 응답시간                   358ms → 5.63s (+1474.9%)
       5634 > 상한 500
       직전 대비 +1474.9% 악화 (허용 20%)
  ❌ P99 응답시간                   1.87s → 13.52s (+622.5%)
       13519 > 상한 1200
       직전 대비 +622.5% 악화 (허용 30%)
  ❌ 평균 응답시간                    81ms → 1.61s (+1887.6%)
       직전 대비 +1887.6% 악화 (허용 25%)
  ❌ CPU 포화도 (한계 대비 최대)         46.0% → 100.1% (+117.8%)
       100 > 상한 95.00
       직전 대비 +117.8% 악화 (경고 30%)
  ❌ CPU throttling 비율          6.7% → 71.7% (+963.7%)
       71.66 > 상한 10.00
  ⚠️  GC 최대 정지시간                 99ms → 184ms (+85.9%)
       직전 대비 +85.9% 악화 (경고 30%)
  ❌ HikariCP 포화도               40.0% → 100.0% (+150.0%)
       100 > 상한 95.00
  ❌ HikariCP 대기 스레드 최대         
       69.00 > 상한 5.00
  ❌ 커넥션 획득 p95                 1.0ms → 2.84s (+297559.3%)
       2839 > 상한 100
       직전 대비 +297559.3% 악화 (경고 50%)

  ── 병목 가설 ─────────────────────────────────────────────────────
  • CPU throttling 발생
    cgroup이 CPU를 강제 회수한 주기가 71.7%다. CPU 한계(2 core)를 올리거나 요청당 CPU 사용을 줄여야 p99가 안정된다.
  • DB 커넥션 풀 대기 발생
    최대 69개 스레드가 커넥션을 기다렸다. 풀 크기(10)가 동시성 대비 부족하거나, 커넥션 보유 시간이 긴 쿼리가 있다.
  • DB 커넥션 풀 포화
    풀 사용률이 100%까지 올라갔다. 여유가 거의 없어 부하가 조금만 늘어도 대기가 생긴다.
  • CPU 포화
    CPU 사용이 한계의 100%에 도달했다.

  보고서 : reports\runs\normal-day-2026-08-20T07-42-12\report.html
  Grafana(전체 실행): http://localhost:3001/d/htd-perf-overview/highteenday-performance-overview?from=1787211012704&to=1787211852669
  Grafana(measure) : http://localhost:3001/d/htd-perf-overview/highteenday-performance-overview?from=1787211192704&to=1787211732704
══════════════════════════════════════════════════════════════════════════

  [3/3] p95 5633.8ms · 평균 1608.9ms · 서버측 1588.7ms · 경로 20.2ms

══════════════════════════════════════════════════════════════════════════
  결과 — 유효 3/3회
══════════════════════════════════════════════════════════════════════════
  지표          평균        표준편차      CV        최소        최대
  ──────────────────────────────────────────────────────────────────────
  P95            2258.6      2930.77   129.76%      357.7      5633.8
  P99            5942.8      6567.54   110.51%     1871.2     13519.3
  평균              608.3       866.98   142.53%       80.9      1608.9
  TPS               4.0         0.02     0.37%        4.0         4.0
  RPS              17.2         0.22     1.25%       17.0        17.4
  서버측 평균          603.1       854.12   141.63%       79.3      1588.7
  경로 오버헤드           5.2        13.61   262.64%       -6.3        20.2
  ──────────────────────────────────────────────────────────────────────

  ▶ 판정 지표: P95 CV = 129.76%  (같은 조건 반복 시 p95가 평균 대비 이만큼 흔들린다)

  저장: reports\repeatability\perf-2026-08-20T07-42-37.json
  원자료: reports/runs/ (환경 perf)

