══════════════════════════════════════════════════════════════════════════
  반복 정밀도 측정 — scenarios/normal-day.js
  반복 5회 · 도착률 4/s (open model) · 기본 · 데이터셋 medium
  환경 perf · 리셋 restart · 스크레이프 대기 20s
══════════════════════════════════════════════════════════════════════════

──────── [1/5] 리셋 (restart) ────────

▶ k6 run scenarios/normal-day.js
  브랜치 personal/localdocs · 커밋 1e23e03c3d52 · 실행자 user@DESKTOP-DJJPASG
  환경 perf · "KI-27 Before — API 축 포함 CV 확정용 5회 — repeatability 1/5"
  데이터셋 medium · 상태 sha256:d18b7a0cea75 (178ms)
  캐시 cold (키 0개)
  guard strict — 상태 불일치 시 스냅샷 복원 후 재확인 [perf.config.json]
    guard=strict — 스냅샷으로 복원합니다.
▶ 복원 — medium-20260816-062210 → perf-mysql-data-medium
  앱·MySQL 정지
  MySQL 기동
  Redis FLUSHALL (복원 후 캐시는 cold 다)
  앱 기동
  복원 후 상태 지문 sha256:ffe696d17416 = 스냅샷 일치

✅ 복원 완료 · 소요 6.0초 (압축 해제 구간)

  부하 발생기: 컨테이너 perf-k6 (grafana/k6:2.1.0, CPU 상한 4)
  k6 지표 전송: http://prometheus:9090/api/v1/write (native histogram, 5s 간격)
  환경 대조 벤치 실행 중(3축 3회, 약 40초)... single 5935ms · parallel 5403ms · ctxswitch 2503ms
  부하 중 벤치 예약: k6 시작 +60초 (warmup 구간, 3회)

         /\      Grafana   /‾‾/  
    /\  /  \     |\  __   /  /   
   /  \/    \    | |/ /  /   ‾‾\ 
  /          \   |   (  |  (‾)  |
 / __________ \  |_|\_\  \_____/ 


     execution: local
        script: scenarios/normal-day.js
        output: Prometheus remote write (http://prometheus:9090/api/v1/write)

     scenarios: (100.00%) 1 scenario, 600 max VUs, 10m30s max duration (incl. graceful stop):
              * normal_day: Up to 4.00 iterations/s for 10m0s over 3 stages (maxVUs: 100-600, gracefulStop: 30s)


running (00m00.9s), 000/100 VUs, 0 complete and 0 interrupted iterations
normal_day   [   0% ] 000/100 VUs  00m00.9s/10m0s  0.11 iters/s

running (00m01.9s), 000/100 VUs, 0 complete and 0 interrupted iterations
normal_day   [   0% ] 000/100 VUs  00m01.9s/10m0s  0.11 iters/s

running (00m02.9s), 000/100 VUs, 0 complete and 0 interrupted iterations
normal_day   [   0% ] 000/100 VUs  00m02.9s/10m0s  0.11 iters/s

running (00m03.9s), 000/100 VUs, 0 complete and 0 interrupted iterations
normal_day   [   1% ] 000/100 VUs  00m03.9s/10m0s  0.11 iters/s

running (00m04.9s), 000/100 VUs, 0 complete and 0 interrupted iterations
normal_day   [   1% ] 000/100 VUs  00m04.9s/10m0s  0.11 iters/s

running (00m05.9s), 000/100 VUs, 0 complete and 0 interrupted iterations
normal_day   [   1% ] 000/100 VUs  00m05.9s/10m0s  0.11 iters/s

running (00m06.9s), 000/100 VUs, 0 complete and 0 interrupted iterations
normal_day   [   1% ] 000/100 VUs  00m06.9s/10m0s  0.11 iters/s

running (00m07.9s), 000/100 VUs, 0 complete and 0 interrupted iterations
normal_day   [   1% ] 000/100 VUs  00m07.9s/10m0s  0.11 iters/s

running (00m08.9s), 000/100 VUs, 0 complete and 0 interrupted iterations
normal_day   [   1% ] 000/100 VUs  00m08.9s/10m0s  0.11 iters/s

running (00m09.9s), 001/100 VUs, 0 complete and 0 interrupted iterations
normal_day   [   2% ] 001/100 VUs  00m09.9s/10m0s  0.25 iters/s

running (00m10.9s), 001/100 VUs, 0 complete and 0 interrupted iterations
normal_day   [   2% ] 001/100 VUs  00m10.9s/10m0s  0.25 iters/s

running (00m11.9s), 001/100 VUs, 0 complete and 0 interrupted iterations
normal_day   [   2% ] 001/100 VUs  00m11.9s/10m0s  0.25 iters/s

running (00m12.9s), 001/100 VUs, 0 complete and 0 interrupted iterations
normal_day   [   2% ] 001/100 VUs  00m12.9s/10m0s  0.25 iters/s

running (00m13.9s), 002/100 VUs, 0 complete and 0 interrupted iterations
normal_day   [   2% ] 002/100 VUs  00m13.9s/10m0s  0.33 iters/s

running (00m14.9s), 002/100 VUs, 0 complete and 0 interrupted iterations
normal_day   [   2% ] 002/100 VUs  00m14.9s/10m0s  0.33 iters/s

running (00m15.9s), 002/100 VUs, 0 complete and 0 interrupted iterations
normal_day   [   3% ] 002/100 VUs  00m15.9s/10m0s  0.33 iters/s

running (00m16.9s), 002/100 VUs, 1 complete and 0 interrupted iterations
normal_day   [   3% ] 002/100 VUs  00m16.9s/10m0s  0.39 iters/s

running (00m17.9s), 002/100 VUs, 1 complete and 0 interrupted iterations
normal_day   [   3% ] 002/100 VUs  00m17.9s/10m0s  0.39 iters/s

running (00m18.9s), 002/100 VUs, 1 complete and 0 interrupted iterations
normal_day   [   3% ] 002/100 VUs  00m18.9s/10m0s  0.39 iters/s

running (00m19.9s), 003/100 VUs, 1 complete and 0 interrupted iterations
normal_day   [   3% ] 003/100 VUs  00m19.9s/10m0s  0.45 iters/s

running (00m20.9s), 003/100 VUs, 1 complete and 0 interrupted iterations
normal_day   [   3% ] 003/100 VUs  00m20.9s/10m0s  0.45 iters/s

running (00m21.9s), 004/100 VUs, 1 complete and 0 interrupted iterations
normal_day   [   4% ] 004/100 VUs  00m21.9s/10m0s  0.49 iters/s

running (00m22.9s), 004/100 VUs, 1 complete and 0 interrupted iterations
normal_day   [   4% ] 004/100 VUs  00m22.9s/10m0s  0.49 iters/s

running (00m23.9s), 004/100 VUs, 2 complete and 0 interrupted iterations
normal_day   [   4% ] 004/100 VUs  00m23.9s/10m0s  0.54 iters/s

running (00m24.9s), 004/100 VUs, 2 complete and 0 interrupted iterations
normal_day   [   4% ] 004/100 VUs  00m24.9s/10m0s  0.54 iters/s

running (00m25.9s), 004/100 VUs, 3 complete and 0 interrupted iterations
normal_day   [   4% ] 004/100 VUs  00m25.9s/10m0s  0.58 iters/s

running (00m26.9s), 005/100 VUs, 3 complete and 0 interrupted iterations
normal_day   [   4% ] 005/100 VUs  00m26.9s/10m0s  0.61 iters/s

running (00m27.9s), 005/100 VUs, 3 complete and 0 interrupted iterations
normal_day   [   5% ] 005/100 VUs  00m27.9s/10m0s  0.61 iters/s

running (00m28.9s), 006/100 VUs, 3 complete and 0 interrupted iterations
normal_day   [   5% ] 006/100 VUs  00m28.9s/10m0s  0.65 iters/s

running (00m29.9s), 006/100 VUs, 3 complete and 0 interrupted iterations
normal_day   [   5% ] 006/100 VUs  00m29.9s/10m0s  0.65 iters/s

running (00m30.9s), 006/100 VUs, 4 complete and 0 interrupted iterations
normal_day   [   5% ] 006/100 VUs  00m30.9s/10m0s  0.68 iters/s

running (00m31.9s), 006/100 VUs, 5 complete and 0 interrupted iterations
normal_day   [   5% ] 006/100 VUs  00m31.9s/10m0s  0.71 iters/s

running (00m32.9s), 006/100 VUs, 5 complete and 0 interrupted iterations
normal_day   [   5% ] 006/100 VUs  00m32.9s/10m0s  0.71 iters/s

running (00m33.9s), 006/100 VUs, 6 complete and 0 interrupted iterations
normal_day   [   6% ] 006/100 VUs  00m33.9s/10m0s  0.75 iters/s

running (00m34.9s), 007/100 VUs, 6 complete and 0 interrupted iterations
normal_day   [   6% ] 007/100 VUs  00m34.9s/10m0s  0.77 iters/s

running (00m35.9s), 006/100 VUs, 8 complete and 0 interrupted iterations
normal_day   [   6% ] 006/100 VUs  00m35.9s/10m0s  0.80 iters/s

running (00m36.9s), 006/100 VUs, 9 complete and 0 interrupted iterations
normal_day   [   6% ] 006/100 VUs  00m36.9s/10m0s  0.83 iters/s

running (00m37.9s), 006/100 VUs, 9 complete and 0 interrupted iterations
normal_day   [   6% ] 006/100 VUs  00m37.9s/10m0s  0.83 iters/s

running (00m38.9s), 007/100 VUs, 9 complete and 0 interrupted iterations
normal_day   [   6% ] 007/100 VUs  00m38.9s/10m0s  0.86 iters/s

running (00m39.9s), 007/100 VUs, 10 complete and 0 interrupted iterations
normal_day   [   7% ] 007/100 VUs  00m39.9s/10m0s  0.88 iters/s

running (00m40.9s), 008/100 VUs, 10 complete and 0 interrupted iterations
normal_day   [   7% ] 008/100 VUs  00m40.9s/10m0s  0.91 iters/s

running (00m41.9s), 008/100 VUs, 11 complete and 0 interrupted iterations
normal_day   [   7% ] 008/100 VUs  00m41.9s/10m0s  0.93 iters/s

running (00m42.9s), 008/100 VUs, 12 complete and 0 interrupted iterations
normal_day   [   7% ] 008/100 VUs  00m42.9s/10m0s  0.95 iters/s

running (00m43.9s), 009/100 VUs, 12 complete and 0 interrupted iterations
normal_day   [   7% ] 009/100 VUs  00m43.9s/10m0s  0.98 iters/s

running (00m44.9s), 010/100 VUs, 12 complete and 0 interrupted iterations
normal_day   [   7% ] 010/100 VUs  00m44.9s/10m0s  1.00 iters/s

running (00m45.9s), 011/100 VUs, 12 complete and 0 interrupted iterations
normal_day   [   8% ] 011/100 VUs  00m45.9s/10m0s  1.02 iters/s

running (00m46.9s), 010/100 VUs, 14 complete and 0 interrupted iterations
normal_day   [   8% ] 010/100 VUs  00m46.9s/10m0s  1.04 iters/s

running (00m47.9s), 011/100 VUs, 14 complete and 0 interrupted iterations
normal_day   [   8% ] 011/100 VUs  00m47.9s/10m0s  1.06 iters/s

running (00m48.9s), 012/100 VUs, 14 complete and 0 interrupted iterations
normal_day   [   8% ] 012/100 VUs  00m48.9s/10m0s  1.09 iters/s

running (00m49.9s), 013/100 VUs, 14 complete and 0 interrupted iterations
normal_day   [   8% ] 013/100 VUs  00m49.9s/10m0s  1.11 iters/s

running (00m50.9s), 012/100 VUs, 16 complete and 0 interrupted iterations
normal_day   [   8% ] 012/100 VUs  00m50.9s/10m0s  1.13 iters/s

running (00m51.9s), 012/100 VUs, 17 complete and 0 interrupted iterations
normal_day   [   9% ] 012/100 VUs  00m51.9s/10m0s  1.14 iters/s

running (00m52.9s), 013/100 VUs, 18 complete and 0 interrupted iterations
normal_day   [   9% ] 013/100 VUs  00m52.9s/10m0s  1.18 iters/s

running (00m53.9s), 013/100 VUs, 19 complete and 0 interrupted iterations
normal_day   [   9% ] 013/100 VUs  00m53.9s/10m0s  1.20 iters/s

running (00m54.9s), 013/100 VUs, 20 complete and 0 interrupted iterations
normal_day   [   9% ] 013/100 VUs  00m54.9s/10m0s  1.22 iters/s

running (00m55.9s), 012/100 VUs, 22 complete and 0 interrupted iterations
normal_day   [   9% ] 012/100 VUs  00m55.9s/10m0s  1.24 iters/s

running (00m56.9s), 011/100 VUs, 24 complete and 0 interrupted iterations
normal_day   [   9% ] 011/100 VUs  00m56.9s/10m0s  1.26 iters/s

running (00m57.9s), 011/100 VUs, 26 complete and 0 interrupted iterations
normal_day   [  10% ] 011/100 VUs  00m57.9s/10m0s  1.29 iters/s

running (00m58.9s), 011/100 VUs, 27 complete and 0 interrupted iterations
normal_day   [  10% ] 011/100 VUs  00m58.9s/10m0s  1.31 iters/s

running (00m59.9s), 010/100 VUs, 29 complete and 0 interrupted iterations
normal_day   [  10% ] 010/100 VUs  00m59.9s/10m0s  1.32 iters/s

running (01m00.9s), 009/100 VUs, 32 complete and 0 interrupted iterations
normal_day   [  10% ] 009/100 VUs  01m00.9s/10m0s  1.36 iters/s

running (01m01.9s), 009/100 VUs, 33 complete and 0 interrupted iterations
normal_day   [  10% ] 009/100 VUs  01m01.9s/10m0s  1.37 iters/s

running (01m02.9s), 008/100 VUs, 35 complete and 0 interrupted iterations
normal_day   [  10% ] 008/100 VUs  01m02.9s/10m0s  1.39 iters/s

running (01m03.9s), 009/100 VUs, 36 complete and 0 interrupted iterations
normal_day   [  11% ] 009/100 VUs  01m03.9s/10m0s  1.42 iters/s

running (01m04.9s), 009/100 VUs, 37 complete and 0 interrupted iterations
normal_day   [  11% ] 009/100 VUs  01m04.9s/10m0s  1.44 iters/s

running (01m05.9s), 011/100 VUs, 37 complete and 0 interrupted iterations
normal_day   [  11% ] 011/100 VUs  01m05.9s/10m0s  1.47 iters/s

running (01m06.9s), 010/100 VUs, 39 complete and 0 interrupted iterations
normal_day   [  11% ] 010/100 VUs  01m06.9s/10m0s  1.48 iters/s

running (01m07.9s), 010/100 VUs, 41 complete and 0 interrupted iterations
normal_day   [  11% ] 010/100 VUs  01m07.9s/10m0s  1.51 iters/s

running (01m08.9s), 010/100 VUs, 42 complete and 0 interrupted iterations
normal_day   [  11% ] 010/100 VUs  01m08.9s/10m0s  1.53 iters/s

running (01m09.9s), 010/100 VUs, 44 complete and 0 interrupted iterations
normal_day   [  12% ] 010/100 VUs  01m09.9s/10m0s  1.56 iters/s

running (01m10.9s), 011/100 VUs, 44 complete and 0 interrupted iterations
normal_day   [  12% ] 011/100 VUs  01m10.9s/10m0s  1.57 iters/s

running (01m11.9s), 013/100 VUs, 44 complete and 0 interrupted iterations
normal_day   [  12% ] 013/100 VUs  01m11.9s/10m0s  1.60 iters/s

running (01m12.9s), 013/100 VUs, 45 complete and 0 interrupted iterations
normal_day   [  12% ] 013/100 VUs  01m12.9s/10m0s  1.61 iters/s

running (01m13.9s), 015/100 VUs, 45 complete and 0 interrupted iterations
normal_day   [  12% ] 015/100 VUs  01m13.9s/10m0s  1.64 iters/s

running (01m14.9s), 015/100 VUs, 47 complete and 0 interrupted iterations
normal_day   [  12% ] 015/100 VUs  01m14.9s/10m0s  1.67 iters/s

running (01m15.9s), 015/100 VUs, 48 complete and 0 interrupted iterations
normal_day   [  13% ] 015/100 VUs  01m15.9s/10m0s  1.68 iters/s

running (01m16.8s), 014/100 VUs, 51 complete and 0 interrupted iterations
normal_day   [  13% ] 014/100 VUs  01m16.9s/10m0s  1.71 iters/s

running (01m17.9s), 015/100 VUs, 52 complete and 0 interrupted iterations
normal_day   [  13% ] 015/100 VUs  01m17.9s/10m0s  1.73 iters/s

running (01m18.9s), 015/100 VUs, 54 complete and 0 interrupted iterations
normal_day   [  13% ] 015/100 VUs  01m18.9s/10m0s  1.76 iters/s

running (01m19.9s), 015/100 VUs, 55 complete and 0 interrupted iterations
normal_day   [  13% ] 015/100 VUs  01m19.9s/10m0s  1.77 iters/s

running (01m20.9s), 015/100 VUs, 57 complete and 0 interrupted iterations
normal_day   [  13% ] 015/100 VUs  01m20.9s/10m0s  1.80 iters/s

running (01m21.9s), 016/100 VUs, 58 complete and 0 interrupted iterations
normal_day   [  14% ] 016/100 VUs  01m21.9s/10m0s  1.82 iters/s

running (01m22.9s), 017/100 VUs, 59 complete and 0 interrupted iterations
normal_day   [  14% ] 017/100 VUs  01m22.9s/10m0s  1.84 iters/s

running (01m23.9s), 018/100 VUs, 60 complete and 0 interrupted iterations
normal_day   [  14% ] 018/100 VUs  01m23.9s/10m0s  1.87 iters/s

running (01m24.9s), 017/100 VUs, 63 complete and 0 interrupted iterations
normal_day   [  14% ] 017/100 VUs  01m24.9s/10m0s  1.89 iters/s

running (01m25.9s), 017/100 VUs, 64 complete and 0 interrupted iterations
normal_day   [  14% ] 017/100 VUs  01m25.9s/10m0s  1.90 iters/s

running (01m26.9s), 016/100 VUs, 67 complete and 0 interrupted iterations
normal_day   [  14% ] 016/100 VUs  01m26.9s/10m0s  1.93 iters/s

running (01m27.9s), 017/100 VUs, 68 complete and 0 interrupted iterations
normal_day   [  15% ] 017/100 VUs  01m27.9s/10m0s  1.95 iters/s

running (01m28.9s), 018/100 VUs, 69 complete and 0 interrupted iterations
normal_day   [  15% ] 018/100 VUs  01m28.9s/10m0s  1.97 iters/s

running (01m29.9s), 020/100 VUs, 69 complete and 0 interrupted iterations
normal_day   [  15% ] 020/100 VUs  01m29.9s/10m0s  1.99 iters/s

running (01m30.9s), 022/100 VUs, 69 complete and 0 interrupted iterations
normal_day   [  15% ] 022/100 VUs  01m30.9s/10m0s  2.02 iters/s

running (01m31.9s), 022/100 VUs, 71 complete and 0 interrupted iterations
normal_day   [  15% ] 022/100 VUs  01m31.9s/10m0s  2.04 iters/s

running (01m32.9s), 020/100 VUs, 75 complete and 0 interrupted iterations
normal_day   [  15% ] 020/100 VUs  01m32.9s/10m0s  2.06 iters/s

running (01m33.9s), 019/100 VUs, 78 complete and 0 interrupted iterations
normal_day   [  16% ] 019/100 VUs  01m33.9s/10m0s  2.08 iters/s

running (01m34.9s), 017/100 VUs, 82 complete and 0 interrupted iterations
normal_day   [  16% ] 017/100 VUs  01m34.9s/10m0s  2.10 iters/s

running (01m35.8s), 020/100 VUs, 82 complete and 0 interrupted iterations
normal_day   [  16% ] 020/100 VUs  01m35.9s/10m0s  2.13 iters/s

running (01m36.8s), 022/100 VUs, 82 complete and 0 interrupted iterations
normal_day   [  16% ] 022/100 VUs  01m36.9s/10m0s  2.16 iters/s

running (01m37.8s), 023/100 VUs, 83 complete and 0 interrupted iterations
normal_day   [  16% ] 023/100 VUs  01m37.9s/10m0s  2.18 iters/s

running (01m38.8s), 025/100 VUs, 83 complete and 0 interrupted iterations
normal_day   [  16% ] 025/100 VUs  01m38.9s/10m0s  2.20 iters/s

running (01m39.8s), 026/100 VUs, 84 complete and 0 interrupted iterations
normal_day   [  17% ] 026/100 VUs  01m39.9s/10m0s  2.22 iters/s

running (01m40.8s), 028/100 VUs, 85 complete and 0 interrupted iterations
normal_day   [  17% ] 028/100 VUs  01m40.9s/10m0s  2.25 iters/s

running (01m41.8s), 027/100 VUs, 88 complete and 0 interrupted iterations
normal_day   [  17% ] 027/100 VUs  01m41.9s/10m0s  2.27 iters/s

running (01m42.8s), 026/100 VUs, 91 complete and 0 interrupted iterations
normal_day   [  17% ] 026/100 VUs  01m42.9s/10m0s  2.29 iters/s

running (01m43.8s), 026/100 VUs, 93 complete and 0 interrupted iterations
normal_day   [  17% ] 026/100 VUs  01m43.9s/10m0s  2.30 iters/s

running (01m44.8s), 024/100 VUs, 98 complete and 0 interrupted iterations
normal_day   [  17% ] 024/100 VUs  01m44.9s/10m0s  2.33 iters/s

running (01m45.8s), 024/100 VUs, 100 complete and 0 interrupted iterations
normal_day   [  18% ] 024/100 VUs  01m45.9s/10m0s  2.35 iters/s

running (01m46.8s), 023/100 VUs, 103 complete and 0 interrupted iterations
normal_day   [  18% ] 023/100 VUs  01m46.9s/10m0s  2.37 iters/s

running (01m47.8s), 023/100 VUs, 106 complete and 0 interrupted iterations
normal_day   [  18% ] 023/100 VUs  01m47.9s/10m0s  2.40 iters/s

running (01m48.8s), 023/100 VUs, 108 complete and 0 interrupted iterations
normal_day   [  18% ] 023/100 VUs  01m48.9s/10m0s  2.42 iters/s

running (01m49.8s), 025/100 VUs, 109 complete and 0 interrupted iterations
normal_day   [  18% ] 025/100 VUs  01m49.9s/10m0s  2.44 iters/s

running (01m50.8s), 025/100 VUs, 111 complete and 0 interrupted iterations
normal_day   [  18% ] 025/100 VUs  01m50.9s/10m0s  2.46 iters/s

running (01m51.8s), 026/100 VUs, 113 complete and 0 interrupted iterations
normal_day   [  19% ] 026/100 VUs  01m51.9s/10m0s  2.49 iters/s

running (01m52.8s), 025/100 VUs, 116 complete and 0 interrupted iterations
normal_day   [  19% ] 025/100 VUs  01m52.9s/10m0s  2.51 iters/s

running (01m53.8s), 022/100 VUs, 122 complete and 0 interrupted iterations
normal_day   [  19% ] 022/100 VUs  01m53.9s/10m0s  2.53 iters/s

running (01m54.8s), 022/100 VUs, 124 complete and 0 interrupted iterations
normal_day   [  19% ] 022/100 VUs  01m54.9s/10m0s  2.55 iters/s

running (01m55.8s), 024/100 VUs, 125 complete and 0 interrupted iterations
normal_day   [  19% ] 024/100 VUs  01m55.9s/10m0s  2.58 iters/s

running (01m56.8s), 024/100 VUs, 127 complete and 0 interrupted iterations
normal_day   [  19% ] 024/100 VUs  01m56.9s/10m0s  2.59 iters/s

running (01m57.8s), 021/100 VUs, 133 complete and 0 interrupted iterations
normal_day   [  20% ] 021/100 VUs  01m57.9s/10m0s  2.62 iters/s

running (01m58.8s), 023/100 VUs, 133 complete and 0 interrupted iterations
normal_day   [  20% ] 023/100 VUs  01m58.9s/10m0s  2.64 iters/s

running (01m59.8s), 024/100 VUs, 135 complete and 0 interrupted iterations
normal_day   [  20% ] 024/100 VUs  01m59.9s/10m0s  2.66 iters/s

running (02m00.8s), 024/100 VUs, 138 complete and 0 interrupted iterations
normal_day   [  20% ] 024/100 VUs  02m00.9s/10m0s  2.69 iters/s

running (02m01.8s), 026/100 VUs, 138 complete and 0 interrupted iterations
normal_day   [  20% ] 026/100 VUs  02m01.9s/10m0s  2.70 iters/s

running (02m02.8s), 027/100 VUs, 140 complete and 0 interrupted iterations
normal_day   [  20% ] 027/100 VUs  02m02.9s/10m0s  2.73 iters/s

running (02m03.8s), 027/100 VUs, 143 complete and 0 interrupted iterations
normal_day   [  21% ] 027/100 VUs  02m03.9s/10m0s  2.75 iters/s

running (02m04.8s), 029/100 VUs, 144 complete and 0 interrupted iterations
normal_day   [  21% ] 029/100 VUs  02m04.9s/10m0s  2.78 iters/s

running (02m05.8s), 029/100 VUs, 146 complete and 0 interrupted iterations
normal_day   [  21% ] 029/100 VUs  02m05.9s/10m0s  2.79 iters/s

running (02m06.8s), 028/100 VUs, 150 complete and 0 interrupted iterations
normal_day   [  21% ] 028/100 VUs  02m06.9s/10m0s  2.82 iters/s

running (02m07.8s), 029/100 VUs, 152 complete and 0 interrupted iterations
normal_day   [  21% ] 029/100 VUs  02m07.9s/10m0s  2.84 iters/s

running (02m08.8s), 030/100 VUs, 154 complete and 0 interrupted iterations
normal_day   [  21% ] 030/100 VUs  02m08.9s/10m0s  2.86 iters/s

running (02m09.8s), 028/100 VUs, 159 complete and 0 interrupted iterations
normal_day   [  22% ] 028/100 VUs  02m09.9s/10m0s  2.89 iters/s

running (02m10.8s), 030/100 VUs, 160 complete and 0 interrupted iterations
normal_day   [  22% ] 030/100 VUs  02m10.9s/10m0s  2.91 iters/s

running (02m11.8s), 031/100 VUs, 162 complete and 0 interrupted iterations
normal_day   [  22% ] 031/100 VUs  02m11.9s/10m0s  2.93 iters/s

running (02m12.8s), 031/100 VUs, 165 complete and 0 interrupted iterations
normal_day   [  22% ] 031/100 VUs  02m12.9s/10m0s  2.96 iters/s

running (02m13.8s), 031/100 VUs, 168 complete and 0 interrupted iterations
normal_day   [  22% ] 031/100 VUs  02m13.9s/10m0s  2.98 iters/s

running (02m14.8s), 029/100 VUs, 173 complete and 0 interrupted iterations
normal_day   [  22% ] 029/100 VUs  02m14.9s/10m0s  3.00 iters/s

running (02m15.8s), 028/100 VUs, 177 complete and 0 interrupted iterations
normal_day   [  23% ] 028/100 VUs  02m15.9s/10m0s  3.02 iters/s

running (02m16.8s), 027/100 VUs, 181 complete and 0 interrupted iterations
normal_day   [  23% ] 027/100 VUs  02m16.9s/10m0s  3.04 iters/s

running (02m17.8s), 025/100 VUs, 186 complete and 0 interrupted iterations
normal_day   [  23% ] 025/100 VUs  02m17.9s/10m0s  3.07 iters/s

running (02m18.8s), 026/100 VUs, 188 complete and 0 interrupted iterations
normal_day   [  23% ] 026/100 VUs  02m18.9s/10m0s  3.09 iters/s

running (02m19.8s), 028/100 VUs, 189 complete and 0 interrupted iterations
normal_day   [  23% ] 028/100 VUs  02m19.9s/10m0s  3.11 iters/s

running (02m20.8s), 029/100 VUs, 191 complete and 0 interrupted iterations
normal_day   [  23% ] 029/100 VUs  02m20.9s/10m0s  3.13 iters/s

running (02m21.8s), 029/100 VUs, 194 complete and 0 interrupted iterations
normal_day   [  24% ] 029/100 VUs  02m21.9s/10m0s  3.15 iters/s

running (02m22.8s), 026/100 VUs, 200 complete and 0 interrupted iterations
normal_day   [  24% ] 026/100 VUs  02m22.9s/10m0s  3.17 iters/s

running (02m23.8s), 026/100 VUs, 203 complete and 0 interrupted iterations
normal_day   [  24% ] 026/100 VUs  02m23.9s/10m0s  3.19 iters/s

running (02m24.8s), 028/100 VUs, 205 complete and 0 interrupted iterations
normal_day   [  24% ] 028/100 VUs  02m24.9s/10m0s  3.22 iters/s

running (02m25.8s), 025/100 VUs, 211 complete and 0 interrupted iterations
normal_day   [  24% ] 025/100 VUs  02m25.9s/10m0s  3.24 iters/s

running (02m26.8s), 026/100 VUs, 213 complete and 0 interrupted iterations
normal_day   [  24% ] 026/100 VUs  02m26.9s/10m0s  3.26 iters/s

running (02m27.8s), 025/100 VUs, 217 complete and 0 interrupted iterations
normal_day   [  25% ] 025/100 VUs  02m27.9s/10m0s  3.28 iters/s

running (02m28.8s), 025/100 VUs, 221 complete and 0 interrupted iterations
normal_day   [  25% ] 025/100 VUs  02m28.9s/10m0s  3.31 iters/s

running (02m29.8s), 028/100 VUs, 221 complete and 0 interrupted iterations
normal_day   [  25% ] 028/100 VUs  02m29.9s/10m0s  3.33 iters/s

running (02m30.8s), 029/100 VUs, 223 complete and 0 interrupted iterations
normal_day   [  25% ] 029/100 VUs  02m30.9s/10m0s  3.35 iters/s

running (02m31.8s), 027/100 VUs, 229 complete and 0 interrupted iterations
normal_day   [  25% ] 027/100 VUs  02m31.9s/10m0s  3.38 iters/s

running (02m32.8s), 027/100 VUs, 232 complete and 0 interrupted iterations
normal_day   [  25% ] 027/100 VUs  02m32.9s/10m0s  3.40 iters/s

running (02m33.8s), 029/100 VUs, 234 complete and 0 interrupted iterations
normal_day   [  26% ] 029/100 VUs  02m33.9s/10m0s  3.42 iters/s

running (02m34.8s), 029/100 VUs, 237 complete and 0 interrupted iterations
normal_day   [  26% ] 029/100 VUs  02m34.9s/10m0s  3.44 iters/s

running (02m35.8s), 029/100 VUs, 240 complete and 0 interrupted iterations
normal_day   [  26% ] 029/100 VUs  02m35.9s/10m0s  3.46 iters/s

running (02m36.8s), 030/100 VUs, 243 complete and 0 interrupted iterations
normal_day   [  26% ] 030/100 VUs  02m36.9s/10m0s  3.49 iters/s

running (02m37.8s), 031/100 VUs, 245 complete and 0 interrupted iterations
normal_day   [  26% ] 031/100 VUs  02m37.9s/10m0s  3.51 iters/s

running (02m38.8s), 032/100 VUs, 248 complete and 0 interrupted iterations
normal_day   [  26% ] 032/100 VUs  02m38.9s/10m0s  3.53 iters/s

running (02m39.8s), 032/100 VUs, 251 complete and 0 interrupted iterations
normal_day   [  27% ] 032/100 VUs  02m39.9s/10m0s  3.55 iters/s

running (02m40.8s), 034/100 VUs, 253 complete and 0 interrupted iterations
normal_day   [  27% ] 034/100 VUs  02m40.9s/10m0s  3.57 iters/s

running (02m41.8s), 036/100 VUs, 255 complete and 0 interrupted iterations
normal_day   [  27% ] 036/100 VUs  02m41.9s/10m0s  3.60 iters/s

running (02m42.8s), 037/100 VUs, 257 complete and 0 interrupted iterations
normal_day   [  27% ] 037/100 VUs  02m42.9s/10m0s  3.62 iters/s

running (02m43.8s), 039/100 VUs, 259 complete and 0 interrupted iterations
normal_day   [  27% ] 039/100 VUs  02m43.9s/10m0s  3.64 iters/s

running (02m44.8s), 040/100 VUs, 261 complete and 0 interrupted iterations
normal_day   [  27% ] 040/100 VUs  02m44.9s/10m0s  3.66 iters/s

running (02m45.8s), 039/100 VUs, 266 complete and 0 interrupted iterations
normal_day   [  28% ] 039/100 VUs  02m45.9s/10m0s  3.68 iters/s

running (02m46.8s), 040/100 VUs, 269 complete and 0 interrupted iterations
normal_day   [  28% ] 040/100 VUs  02m46.9s/10m0s  3.71 iters/s

running (02m47.8s), 041/100 VUs, 272 complete and 0 interrupted iterations
normal_day   [  28% ] 041/100 VUs  02m47.9s/10m0s  3.73 iters/s

running (02m48.8s), 039/100 VUs, 277 complete and 0 interrupted iterations
normal_day   [  28% ] 039/100 VUs  02m48.9s/10m0s  3.75 iters/s

running (02m49.8s), 039/100 VUs, 281 complete and 0 interrupted iterations
normal_day   [  28% ] 039/100 VUs  02m49.9s/10m0s  3.77 iters/s

running (02m50.8s), 039/100 VUs, 285 complete and 0 interrupted iterations
normal_day   [  28% ] 039/100 VUs  02m50.9s/10m0s  3.80 iters/s

running (02m51.8s), 040/100 VUs, 288 complete and 0 interrupted iterations
normal_day   [  29% ] 040/100 VUs  02m51.9s/10m0s  3.82 iters/s

running (02m52.8s), 041/100 VUs, 290 complete and 0 interrupted iterations
normal_day   [  29% ] 041/100 VUs  02m52.9s/10m0s  3.84 iters/s

running (02m53.8s), 041/100 VUs, 294 complete and 0 interrupted iterations
normal_day   [  29% ] 041/100 VUs  02m53.9s/10m0s  3.86 iters/s

running (02m54.8s), 042/100 VUs, 297 complete and 0 interrupted iterations
normal_day   [  29% ] 042/100 VUs  02m54.9s/10m0s  3.88 iters/s

running (02m55.8s), 039/100 VUs, 304 complete and 0 interrupted iterations
normal_day   [  29% ] 039/100 VUs  02m55.9s/10m0s  3.91 iters/s

running (02m56.8s), 040/100 VUs, 307 complete and 0 interrupted iterations
normal_day   [  29% ] 040/100 VUs  02m56.9s/10m0s  3.93 iters/s

running (02m57.8s), 035/100 VUs, 316 complete and 0 interrupted iterations
normal_day   [  30% ] 035/100 VUs  02m57.9s/10m0s  3.95 iters/s

running (02m58.8s), 036/100 VUs, 319 complete and 0 interrupted iterations
normal_day   [  30% ] 036/100 VUs  02m58.9s/10m0s  3.97 iters/s

running (02m59.8s), 038/100 VUs, 321 complete and 0 interrupted iterations
normal_day   [  30% ] 038/100 VUs  02m59.9s/10m0s  4.00 iters/s

running (03m00.8s), 038/100 VUs, 325 complete and 0 interrupted iterations
normal_day   [  30% ] 038/100 VUs  03m00.9s/10m0s  4.00 iters/s

running (03m01.8s), 036/100 VUs, 331 complete and 0 interrupted iterations
normal_day   [  30% ] 036/100 VUs  03m01.9s/10m0s  4.00 iters/s

running (03m02.8s), 035/100 VUs, 336 complete and 0 interrupted iterations
normal_day   [  30% ] 035/100 VUs  03m02.9s/10m0s  4.00 iters/s

running (03m03.8s), 038/100 VUs, 337 complete and 0 interrupted iterations
normal_day   [  31% ] 038/100 VUs  03m03.9s/10m0s  4.00 iters/s

running (03m04.8s), 036/100 VUs, 343 complete and 0 interrupted iterations
normal_day   [  31% ] 036/100 VUs  03m04.9s/10m0s  4.00 iters/s

running (03m05.8s), 039/100 VUs, 344 complete and 0 interrupted iterations
normal_day   [  31% ] 039/100 VUs  03m05.9s/10m0s  4.00 iters/s

running (03m06.8s), 041/100 VUs, 346 complete and 0 interrupted iterations
normal_day   [  31% ] 041/100 VUs  03m06.9s/10m0s  4.00 iters/s

running (03m07.8s), 042/100 VUs, 349 complete and 0 interrupted iterations
normal_day   [  31% ] 042/100 VUs  03m07.9s/10m0s  4.00 iters/s

running (03m08.8s), 042/100 VUs, 353 complete and 0 interrupted iterations
normal_day   [  31% ] 042/100 VUs  03m08.9s/10m0s  4.00 iters/s

running (03m09.8s), 044/100 VUs, 355 complete and 0 interrupted iterations
normal_day   [  32% ] 044/100 VUs  03m09.9s/10m0s  4.00 iters/s

running (03m10.8s), 044/100 VUs, 359 complete and 0 interrupted iterations
normal_day   [  32% ] 044/100 VUs  03m10.9s/10m0s  4.00 iters/s

running (03m11.8s), 045/100 VUs, 362 complete and 0 interrupted iterations
normal_day   [  32% ] 045/100 VUs  03m11.9s/10m0s  4.00 iters/s

running (03m12.8s), 045/100 VUs, 366 complete and 0 interrupted iterations
normal_day   [  32% ] 045/100 VUs  03m12.9s/10m0s  4.00 iters/s

running (03m13.8s), 045/100 VUs, 370 complete and 0 interrupted iterations
normal_day   [  32% ] 045/100 VUs  03m13.9s/10m0s  4.00 iters/s

running (03m14.8s), 042/100 VUs, 377 complete and 0 interrupted iterations
normal_day   [  32% ] 042/100 VUs  03m14.9s/10m0s  4.00 iters/s

running (03m15.8s), 040/100 VUs, 383 complete and 0 interrupted iterations
normal_day   [  33% ] 040/100 VUs  03m15.9s/10m0s  4.00 iters/s

running (03m16.8s), 040/100 VUs, 387 complete and 0 interrupted iterations
normal_day   [  33% ] 040/100 VUs  03m16.9s/10m0s  4.00 iters/s

running (03m17.8s), 039/100 VUs, 392 complete and 0 interrupted iterations
normal_day   [  33% ] 039/100 VUs  03m17.9s/10m0s  4.00 iters/s

running (03m18.8s), 041/100 VUs, 394 complete and 0 interrupted iterations
normal_day   [  33% ] 041/100 VUs  03m18.9s/10m0s  4.00 iters/s

running (03m19.8s), 037/100 VUs, 402 complete and 0 interrupted iterations
normal_day   [  33% ] 037/100 VUs  03m19.9s/10m0s  4.00 iters/s

running (03m20.8s), 039/100 VUs, 404 complete and 0 interrupted iterations
normal_day   [  33% ] 039/100 VUs  03m20.9s/10m0s  4.00 iters/s

running (03m21.8s), 040/100 VUs, 407 complete and 0 interrupted iterations
normal_day   [  34% ] 040/100 VUs  03m21.9s/10m0s  4.00 iters/s

running (03m22.8s), 042/100 VUs, 409 complete and 0 interrupted iterations
normal_day   [  34% ] 042/100 VUs  03m22.9s/10m0s  4.00 iters/s

running (03m23.8s), 042/100 VUs, 413 complete and 0 interrupted iterations
normal_day   [  34% ] 042/100 VUs  03m23.9s/10m0s  4.00 iters/s

running (03m24.8s), 042/100 VUs, 417 complete and 0 interrupted iterations
normal_day   [  34% ] 042/100 VUs  03m24.9s/10m0s  4.00 iters/s

running (03m25.8s), 041/100 VUs, 422 complete and 0 interrupted iterations
normal_day   [  34% ] 041/100 VUs  03m25.9s/10m0s  4.00 iters/s

running (03m26.8s), 043/100 VUs, 424 complete and 0 interrupted iterations
normal_day   [  34% ] 043/100 VUs  03m26.9s/10m0s  4.00 iters/s

running (03m27.8s), 043/100 VUs, 428 complete and 0 interrupted iterations
normal_day   [  35% ] 043/100 VUs  03m27.9s/10m0s  4.00 iters/s

running (03m28.8s), 039/100 VUs, 436 complete and 0 interrupted iterations
normal_day   [  35% ] 039/100 VUs  03m28.9s/10m0s  4.00 iters/s

running (03m29.8s), 038/100 VUs, 441 complete and 0 interrupted iterations
normal_day   [  35% ] 038/100 VUs  03m29.9s/10m0s  4.00 iters/s

running (03m30.8s), 041/100 VUs, 442 complete and 0 interrupted iterations
normal_day   [  35% ] 041/100 VUs  03m30.9s/10m0s  4.00 iters/s

running (03m31.8s), 041/100 VUs, 446 complete and 0 interrupted iterations
normal_day   [  35% ] 041/100 VUs  03m31.9s/10m0s  4.00 iters/s

running (03m32.8s), 039/100 VUs, 452 complete and 0 interrupted iterations
normal_day   [  35% ] 039/100 VUs  03m32.9s/10m0s  4.00 iters/s

running (03m33.8s), 038/100 VUs, 457 complete and 0 interrupted iterations
normal_day   [  36% ] 038/100 VUs  03m33.9s/10m0s  4.00 iters/s

running (03m34.8s), 037/100 VUs, 462 complete and 0 interrupted iterations
normal_day   [  36% ] 037/100 VUs  03m34.9s/10m0s  4.00 iters/s

running (03m35.8s), 038/100 VUs, 465 complete and 0 interrupted iterations
normal_day   [  36% ] 038/100 VUs  03m35.9s/10m0s  4.00 iters/s

running (03m36.8s), 039/100 VUs, 468 complete and 0 interrupted iterations
normal_day   [  36% ] 039/100 VUs  03m36.9s/10m0s  4.00 iters/s

running (03m37.8s), 038/100 VUs, 473 complete and 0 interrupted iterations
normal_day   [  36% ] 038/100 VUs  03m37.9s/10m0s  4.00 iters/s

running (03m38.8s), 039/100 VUs, 476 complete and 0 interrupted iterations
normal_day   [  36% ] 039/100 VUs  03m38.9s/10m0s  4.00 iters/s

running (03m39.8s), 037/100 VUs, 482 complete and 0 interrupted iterations
normal_day   [  37% ] 037/100 VUs  03m39.9s/10m0s  4.00 iters/s

running (03m40.8s), 039/100 VUs, 484 complete and 0 interrupted iterations
normal_day   [  37% ] 039/100 VUs  03m40.9s/10m0s  4.00 iters/s

running (03m41.8s), 039/100 VUs, 488 complete and 0 interrupted iterations
normal_day   [  37% ] 039/100 VUs  03m41.9s/10m0s  4.00 iters/s

running (03m42.8s), 039/100 VUs, 492 complete and 0 interrupted iterations
normal_day   [  37% ] 039/100 VUs  03m42.9s/10m0s  4.00 iters/s

running (03m43.8s), 037/100 VUs, 498 complete and 0 interrupted iterations
normal_day   [  37% ] 037/100 VUs  03m43.9s/10m0s  4.00 iters/s

running (03m44.8s), 038/100 VUs, 501 complete and 0 interrupted iterations
normal_day   [  37% ] 038/100 VUs  03m44.9s/10m0s  4.00 iters/s

running (03m45.8s), 037/100 VUs, 506 complete and 0 interrupted iterations
normal_day   [  38% ] 037/100 VUs  03m45.9s/10m0s  4.00 iters/s

running (03m46.8s), 036/100 VUs, 511 complete and 0 interrupted iterations
normal_day   [  38% ] 036/100 VUs  03m46.9s/10m0s  4.00 iters/s

running (03m47.8s), 036/100 VUs, 515 complete and 0 interrupted iterations
normal_day   [  38% ] 036/100 VUs  03m47.9s/10m0s  4.00 iters/s

running (03m48.8s), 035/100 VUs, 520 complete and 0 interrupted iterations
normal_day   [  38% ] 035/100 VUs  03m48.9s/10m0s  4.00 iters/s

running (03m49.8s), 033/100 VUs, 526 complete and 0 interrupted iterations
normal_day   [  38% ] 033/100 VUs  03m49.9s/10m0s  4.00 iters/s

running (03m50.8s), 036/100 VUs, 527 complete and 0 interrupted iterations
normal_day   [  38% ] 036/100 VUs  03m50.9s/10m0s  4.00 iters/s

running (03m51.8s), 036/100 VUs, 531 complete and 0 interrupted iterations
normal_day   [  39% ] 036/100 VUs  03m51.9s/10m0s  4.00 iters/s

running (03m52.8s), 036/100 VUs, 535 complete and 0 interrupted iterations
normal_day   [  39% ] 036/100 VUs  03m52.9s/10m0s  4.00 iters/s

running (03m53.8s), 036/100 VUs, 539 complete and 0 interrupted iterations
normal_day   [  39% ] 036/100 VUs  03m53.9s/10m0s  4.00 iters/s

running (03m54.8s), 035/100 VUs, 544 complete and 0 interrupted iterations
normal_day   [  39% ] 035/100 VUs  03m54.9s/10m0s  4.00 iters/s

running (03m55.8s), 036/100 VUs, 547 complete and 0 interrupted iterations
normal_day   [  39% ] 036/100 VUs  03m55.9s/10m0s  4.00 iters/s

running (03m56.8s), 037/100 VUs, 550 complete and 0 interrupted iterations
normal_day   [  39% ] 037/100 VUs  03m56.9s/10m0s  4.00 iters/s

running (03m57.8s), 036/100 VUs, 555 complete and 0 interrupted iterations
normal_day   [  40% ] 036/100 VUs  03m57.9s/10m0s  4.00 iters/s

running (03m58.8s), 039/100 VUs, 556 complete and 0 interrupted iterations
normal_day   [  40% ] 039/100 VUs  03m58.9s/10m0s  4.00 iters/s

running (03m59.8s), 038/100 VUs, 561 complete and 0 interrupted iterations
normal_day   [  40% ] 038/100 VUs  03m59.9s/10m0s  4.00 iters/s

running (04m00.8s), 040/100 VUs, 563 complete and 0 interrupted iterations
normal_day   [  40% ] 040/100 VUs  04m00.9s/10m0s  4.00 iters/s

running (04m01.8s), 041/100 VUs, 566 complete and 0 interrupted iterations
normal_day   [  40% ] 041/100 VUs  04m01.9s/10m0s  4.00 iters/s

running (04m02.8s), 041/100 VUs, 570 complete and 0 interrupted iterations
normal_day   [  40% ] 041/100 VUs  04m02.9s/10m0s  4.00 iters/s

running (04m03.8s), 041/100 VUs, 574 complete and 0 interrupted iterations
normal_day   [  41% ] 041/100 VUs  04m03.9s/10m0s  4.00 iters/s

running (04m04.8s), 039/100 VUs, 580 complete and 0 interrupted iterations
normal_day   [  41% ] 039/100 VUs  04m04.9s/10m0s  4.00 iters/s

running (04m05.8s), 038/100 VUs, 585 complete and 0 interrupted iterations
normal_day   [  41% ] 038/100 VUs  04m05.9s/10m0s  4.00 iters/s

running (04m06.8s), 036/100 VUs, 591 complete and 0 interrupted iterations
normal_day   [  41% ] 036/100 VUs  04m06.9s/10m0s  4.00 iters/s

running (04m07.8s), 034/100 VUs, 597 complete and 0 interrupted iterations
normal_day   [  41% ] 034/100 VUs  04m07.9s/10m0s  4.00 iters/s

running (04m08.8s), 035/100 VUs, 600 complete and 0 interrupted iterations
normal_day   [  41% ] 035/100 VUs  04m08.9s/10m0s  4.00 iters/s

running (04m09.8s), 037/100 VUs, 602 complete and 0 interrupted iterations
normal_day   [  42% ] 037/100 VUs  04m09.9s/10m0s  4.00 iters/s

running (04m10.8s), 032/100 VUs, 611 complete and 0 interrupted iterations
normal_day   [  42% ] 032/100 VUs  04m10.9s/10m0s  4.00 iters/s

running (04m11.8s), 035/100 VUs, 612 complete and 0 interrupted iterations
normal_day   [  42% ] 035/100 VUs  04m11.9s/10m0s  4.00 iters/s

running (04m12.8s), 034/100 VUs, 617 complete and 0 interrupted iterations
normal_day   [  42% ] 034/100 VUs  04m12.9s/10m0s  4.00 iters/s

running (04m13.8s), 035/100 VUs, 620 complete and 0 interrupted iterations
normal_day   [  42% ] 035/100 VUs  04m13.9s/10m0s  4.00 iters/s

running (04m14.8s), 034/100 VUs, 625 complete and 0 interrupted iterations
normal_day   [  42% ] 034/100 VUs  04m14.9s/10m0s  4.00 iters/s

running (04m15.8s), 037/100 VUs, 626 complete and 0 interrupted iterations
normal_day   [  43% ] 037/100 VUs  04m15.9s/10m0s  4.00 iters/s

running (04m16.8s), 039/100 VUs, 628 complete and 0 interrupted iterations
normal_day   [  43% ] 039/100 VUs  04m16.9s/10m0s  4.00 iters/s

running (04m17.8s), 039/100 VUs, 632 complete and 0 interrupted iterations
normal_day   [  43% ] 039/100 VUs  04m17.9s/10m0s  4.00 iters/s

running (04m18.8s), 040/100 VUs, 635 complete and 0 interrupted iterations
normal_day   [  43% ] 040/100 VUs  04m18.9s/10m0s  4.00 iters/s

running (04m19.8s), 039/100 VUs, 640 complete and 0 interrupted iterations
normal_day   [  43% ] 039/100 VUs  04m19.9s/10m0s  4.00 iters/s

running (04m20.8s), 041/100 VUs, 642 complete and 0 interrupted iterations
normal_day   [  43% ] 041/100 VUs  04m20.9s/10m0s  4.00 iters/s

running (04m21.8s), 041/100 VUs, 646 complete and 0 interrupted iterations
normal_day   [  44% ] 041/100 VUs  04m21.9s/10m0s  4.00 iters/s

running (04m22.8s), 041/100 VUs, 650 complete and 0 interrupted iterations
normal_day   [  44% ] 041/100 VUs  04m22.9s/10m0s  4.00 iters/s

running (04m23.8s), 039/100 VUs, 656 complete and 0 interrupted iterations
normal_day   [  44% ] 039/100 VUs  04m23.9s/10m0s  4.00 iters/s

running (04m24.8s), 040/100 VUs, 659 complete and 0 interrupted iterations
normal_day   [  44% ] 040/100 VUs  04m24.9s/10m0s  4.00 iters/s

running (04m25.8s), 039/100 VUs, 664 complete and 0 interrupted iterations
normal_day   [  44% ] 039/100 VUs  04m25.9s/10m0s  4.00 iters/s

running (04m26.8s), 038/100 VUs, 669 complete and 0 interrupted iterations
normal_day   [  44% ] 038/100 VUs  04m26.9s/10m0s  4.00 iters/s

running (04m27.8s), 038/100 VUs, 673 complete and 0 interrupted iterations
normal_day   [  45% ] 038/100 VUs  04m27.9s/10m0s  4.00 iters/s

running (04m28.8s), 037/100 VUs, 678 complete and 0 interrupted iterations
normal_day   [  45% ] 037/100 VUs  04m28.9s/10m0s  4.00 iters/s

running (04m29.8s), 038/100 VUs, 681 complete and 0 interrupted iterations
normal_day   [  45% ] 038/100 VUs  04m29.9s/10m0s  4.00 iters/s

running (04m30.8s), 039/100 VUs, 684 complete and 0 interrupted iterations
normal_day   [  45% ] 039/100 VUs  04m30.9s/10m0s  4.00 iters/s

running (04m31.8s), 041/100 VUs, 686 complete and 0 interrupted iterations
normal_day   [  45% ] 041/100 VUs  04m31.9s/10m0s  4.00 iters/s

running (04m32.8s), 040/100 VUs, 691 complete and 0 interrupted iterations
normal_day   [  45% ] 040/100 VUs  04m32.9s/10m0s  4.00 iters/s

running (04m33.8s), 042/100 VUs, 693 complete and 0 interrupted iterations
normal_day   [  46% ] 042/100 VUs  04m33.9s/10m0s  4.00 iters/s

running (04m34.8s), 045/100 VUs, 694 complete and 0 interrupted iterations
normal_day   [  46% ] 045/100 VUs  04m34.9s/10m0s  4.00 iters/s

running (04m35.8s), 043/100 VUs, 700 complete and 0 interrupted iterations
normal_day   [  46% ] 043/100 VUs  04m35.9s/10m0s  4.00 iters/s

running (04m36.8s), 044/100 VUs, 703 complete and 0 interrupted iterations
normal_day   [  46% ] 044/100 VUs  04m36.9s/10m0s  4.00 iters/s

running (04m37.8s), 043/100 VUs, 708 complete and 0 interrupted iterations
normal_day   [  46% ] 043/100 VUs  04m37.9s/10m0s  4.00 iters/s

running (04m38.8s), 044/100 VUs, 711 complete and 0 interrupted iterations
normal_day   [  46% ] 044/100 VUs  04m38.9s/10m0s  4.00 iters/s

running (04m39.8s), 047/100 VUs, 712 complete and 0 interrupted iterations
normal_day   [  47% ] 047/100 VUs  04m39.9s/10m0s  4.00 iters/s

running (04m40.8s), 046/100 VUs, 717 complete and 0 interrupted iterations
normal_day   [  47% ] 046/100 VUs  04m40.9s/10m0s  4.00 iters/s

running (04m41.8s), 048/100 VUs, 719 complete and 0 interrupted iterations
normal_day   [  47% ] 048/100 VUs  04m41.9s/10m0s  4.00 iters/s

running (04m42.8s), 050/100 VUs, 721 complete and 0 interrupted iterations
normal_day   [  47% ] 050/100 VUs  04m42.9s/10m0s  4.00 iters/s

running (04m43.8s), 047/100 VUs, 728 complete and 0 interrupted iterations
normal_day   [  47% ] 047/100 VUs  04m43.9s/10m0s  4.00 iters/s

running (04m44.8s), 051/100 VUs, 728 complete and 0 interrupted iterations
normal_day   [  47% ] 051/100 VUs  04m44.9s/10m0s  4.00 iters/s

running (04m45.8s), 053/100 VUs, 730 complete and 0 interrupted iterations
normal_day   [  48% ] 053/100 VUs  04m45.9s/10m0s  4.00 iters/s

running (04m46.8s), 054/100 VUs, 733 complete and 0 interrupted iterations
normal_day   [  48% ] 054/100 VUs  04m46.9s/10m0s  4.00 iters/s

running (04m47.8s), 053/100 VUs, 738 complete and 0 interrupted iterations
normal_day   [  48% ] 053/100 VUs  04m47.9s/10m0s  4.00 iters/s

running (04m48.8s), 049/100 VUs, 746 complete and 0 interrupted iterations
normal_day   [  48% ] 049/100 VUs  04m48.9s/10m0s  4.00 iters/s

running (04m49.8s), 045/100 VUs, 754 complete and 0 interrupted iterations
normal_day   [  48% ] 045/100 VUs  04m49.9s/10m0s  4.00 iters/s

running (04m50.8s), 043/100 VUs, 760 complete and 0 interrupted iterations
normal_day   [  48% ] 043/100 VUs  04m50.9s/10m0s  4.00 iters/s

running (04m51.8s), 044/100 VUs, 763 complete and 0 interrupted iterations
normal_day   [  49% ] 044/100 VUs  04m51.9s/10m0s  4.00 iters/s

running (04m52.8s), 041/100 VUs, 770 complete and 0 interrupted iterations
normal_day   [  49% ] 041/100 VUs  04m52.9s/10m0s  4.00 iters/s

running (04m53.8s), 042/100 VUs, 773 complete and 0 interrupted iterations
normal_day   [  49% ] 042/100 VUs  04m53.9s/10m0s  4.00 iters/s

running (04m54.8s), 045/100 VUs, 774 complete and 0 interrupted iterations
normal_day   [  49% ] 045/100 VUs  04m54.9s/10m0s  4.00 iters/s

running (04m55.8s), 043/100 VUs, 780 complete and 0 interrupted iterations
normal_day   [  49% ] 043/100 VUs  04m55.9s/10m0s  4.00 iters/s

running (04m56.8s), 042/100 VUs, 785 complete and 0 interrupted iterations
normal_day   [  49% ] 042/100 VUs  04m56.9s/10m0s  4.00 iters/s

running (04m57.8s), 040/100 VUs, 791 complete and 0 interrupted iterations
normal_day   [  50% ] 040/100 VUs  04m57.9s/10m0s  4.00 iters/s

running (04m58.8s), 037/100 VUs, 798 complete and 0 interrupted iterations
normal_day   [  50% ] 037/100 VUs  04m58.9s/10m0s  4.00 iters/s

running (04m59.8s), 038/100 VUs, 801 complete and 0 interrupted iterations
normal_day   [  50% ] 038/100 VUs  04m59.9s/10m0s  4.00 iters/s

running (05m00.8s), 040/100 VUs, 803 complete and 0 interrupted iterations
normal_day   [  50% ] 040/100 VUs  05m00.9s/10m0s  4.00 iters/s

running (05m01.8s), 036/100 VUs, 811 complete and 0 interrupted iterations
normal_day   [  50% ] 036/100 VUs  05m01.9s/10m0s  4.00 iters/s

running (05m02.8s), 037/100 VUs, 814 complete and 0 interrupted iterations
normal_day   [  50% ] 037/100 VUs  05m02.9s/10m0s  4.00 iters/s

running (05m03.8s), 037/100 VUs, 818 complete and 0 interrupted iterations
normal_day   [  51% ] 037/100 VUs  05m03.9s/10m0s  4.00 iters/s

running (05m04.8s), 039/100 VUs, 820 complete and 0 interrupted iterations
normal_day   [  51% ] 039/100 VUs  05m04.9s/10m0s  4.00 iters/s

running (05m05.8s), 039/100 VUs, 824 complete and 0 interrupted iterations
normal_day   [  51% ] 039/100 VUs  05m05.9s/10m0s  4.00 iters/s

running (05m06.8s), 042/100 VUs, 825 complete and 0 interrupted iterations
normal_day   [  51% ] 042/100 VUs  05m06.9s/10m0s  4.00 iters/s

running (05m07.8s), 040/100 VUs, 831 complete and 0 interrupted iterations
normal_day   [  51% ] 040/100 VUs  05m07.9s/10m0s  4.00 iters/s

running (05m08.8s), 044/100 VUs, 831 complete and 0 interrupted iterations
normal_day   [  51% ] 044/100 VUs  05m08.9s/10m0s  4.00 iters/s

running (05m09.8s), 045/100 VUs, 834 complete and 0 interrupted iterations
normal_day   [  52% ] 045/100 VUs  05m09.9s/10m0s  4.00 iters/s

running (05m10.8s), 041/100 VUs, 842 complete and 0 interrupted iterations
normal_day   [  52% ] 041/100 VUs  05m10.9s/10m0s  4.00 iters/s

running (05m11.8s), 044/100 VUs, 843 complete and 0 interrupted iterations
normal_day   [  52% ] 044/100 VUs  05m11.9s/10m0s  4.00 iters/s

running (05m12.8s), 045/100 VUs, 846 complete and 0 interrupted iterations
normal_day   [  52% ] 045/100 VUs  05m12.9s/10m0s  4.00 iters/s

running (05m13.8s), 045/100 VUs, 850 complete and 0 interrupted iterations
normal_day   [  52% ] 045/100 VUs  05m13.9s/10m0s  4.00 iters/s

running (05m14.8s), 044/100 VUs, 855 complete and 0 interrupted iterations
normal_day   [  52% ] 044/100 VUs  05m14.9s/10m0s  4.00 iters/s

running (05m15.8s), 042/100 VUs, 861 complete and 0 interrupted iterations
normal_day   [  53% ] 042/100 VUs  05m15.9s/10m0s  4.00 iters/s

running (05m16.8s), 039/100 VUs, 868 complete and 0 interrupted iterations
normal_day   [  53% ] 039/100 VUs  05m16.9s/10m0s  4.00 iters/s

running (05m17.8s), 037/100 VUs, 874 complete and 0 interrupted iterations
normal_day   [  53% ] 037/100 VUs  05m17.9s/10m0s  4.00 iters/s

running (05m18.8s), 038/100 VUs, 877 complete and 0 interrupted iterations
normal_day   [  53% ] 038/100 VUs  05m18.9s/10m0s  4.00 iters/s

running (05m19.8s), 037/100 VUs, 882 complete and 0 interrupted iterations
normal_day   [  53% ] 037/100 VUs  05m19.9s/10m0s  4.00 iters/s

running (05m20.8s), 038/100 VUs, 885 complete and 0 interrupted iterations
normal_day   [  53% ] 038/100 VUs  05m20.9s/10m0s  4.00 iters/s

running (05m21.8s), 036/100 VUs, 891 complete and 0 interrupted iterations
normal_day   [  54% ] 036/100 VUs  05m21.9s/10m0s  4.00 iters/s

running (05m22.8s), 039/100 VUs, 892 complete and 0 interrupted iterations
normal_day   [  54% ] 039/100 VUs  05m22.9s/10m0s  4.00 iters/s

running (05m23.8s), 041/100 VUs, 894 complete and 0 interrupted iterations
normal_day   [  54% ] 041/100 VUs  05m23.9s/10m0s  4.00 iters/s

running (05m24.8s), 040/100 VUs, 899 complete and 0 interrupted iterations
normal_day   [  54% ] 040/100 VUs  05m24.9s/10m0s  4.00 iters/s

running (05m25.8s), 039/100 VUs, 904 complete and 0 interrupted iterations
normal_day   [  54% ] 039/100 VUs  05m25.9s/10m0s  4.00 iters/s

running (05m26.8s), 041/100 VUs, 906 complete and 0 interrupted iterations
normal_day   [  54% ] 041/100 VUs  05m26.9s/10m0s  4.00 iters/s

running (05m27.8s), 041/100 VUs, 910 complete and 0 interrupted iterations
normal_day   [  55% ] 041/100 VUs  05m27.9s/10m0s  4.00 iters/s

running (05m28.8s), 042/100 VUs, 913 complete and 0 interrupted iterations
normal_day   [  55% ] 042/100 VUs  05m28.9s/10m0s  4.00 iters/s

running (05m29.8s), 041/100 VUs, 918 complete and 0 interrupted iterations
normal_day   [  55% ] 041/100 VUs  05m29.9s/10m0s  4.00 iters/s

running (05m30.8s), 041/100 VUs, 922 complete and 0 interrupted iterations
normal_day   [  55% ] 041/100 VUs  05m30.9s/10m0s  4.00 iters/s

running (05m31.8s), 038/100 VUs, 929 complete and 0 interrupted iterations
normal_day   [  55% ] 038/100 VUs  05m31.9s/10m0s  4.00 iters/s

running (05m32.8s), 039/100 VUs, 932 complete and 0 interrupted iterations
normal_day   [  55% ] 039/100 VUs  05m32.9s/10m0s  4.00 iters/s

running (05m33.8s), 040/100 VUs, 935 complete and 0 interrupted iterations
normal_day   [  56% ] 040/100 VUs  05m33.9s/10m0s  4.00 iters/s

running (05m34.8s), 039/100 VUs, 940 complete and 0 interrupted iterations
normal_day   [  56% ] 039/100 VUs  05m34.9s/10m0s  4.00 iters/s

running (05m35.8s), 042/100 VUs, 941 complete and 0 interrupted iterations
normal_day   [  56% ] 042/100 VUs  05m35.9s/10m0s  4.00 iters/s

running (05m36.8s), 041/100 VUs, 946 complete and 0 interrupted iterations
normal_day   [  56% ] 041/100 VUs  05m36.9s/10m0s  4.00 iters/s

running (05m37.8s), 043/100 VUs, 948 complete and 0 interrupted iterations
normal_day   [  56% ] 043/100 VUs  05m37.9s/10m0s  4.00 iters/s

running (05m38.8s), 041/100 VUs, 954 complete and 0 interrupted iterations
normal_day   [  56% ] 041/100 VUs  05m38.9s/10m0s  4.00 iters/s

running (05m39.8s), 041/100 VUs, 958 complete and 0 interrupted iterations
normal_day   [  57% ] 041/100 VUs  05m39.9s/10m0s  4.00 iters/s

running (05m40.8s), 037/100 VUs, 966 complete and 0 interrupted iterations
normal_day   [  57% ] 037/100 VUs  05m40.9s/10m0s  4.00 iters/s

running (05m41.8s), 037/100 VUs, 970 complete and 0 interrupted iterations
normal_day   [  57% ] 037/100 VUs  05m41.9s/10m0s  4.00 iters/s

running (05m42.8s), 034/100 VUs, 977 complete and 0 interrupted iterations
normal_day   [  57% ] 034/100 VUs  05m42.9s/10m0s  4.00 iters/s

running (05m43.8s), 035/100 VUs, 980 complete and 0 interrupted iterations
normal_day   [  57% ] 035/100 VUs  05m43.9s/10m0s  4.00 iters/s

running (05m44.8s), 038/100 VUs, 981 complete and 0 interrupted iterations
normal_day   [  57% ] 038/100 VUs  05m44.9s/10m0s  4.00 iters/s

running (05m45.8s), 038/100 VUs, 985 complete and 0 interrupted iterations
normal_day   [  58% ] 038/100 VUs  05m45.9s/10m0s  4.00 iters/s

running (05m46.8s), 038/100 VUs, 989 complete and 0 interrupted iterations
normal_day   [  58% ] 038/100 VUs  05m46.9s/10m0s  4.00 iters/s

running (05m47.8s), 039/100 VUs, 992 complete and 0 interrupted iterations
normal_day   [  58% ] 039/100 VUs  05m47.9s/10m0s  4.00 iters/s

running (05m48.8s), 039/100 VUs, 996 complete and 0 interrupted iterations
normal_day   [  58% ] 039/100 VUs  05m48.9s/10m0s  4.00 iters/s

running (05m49.8s), 040/100 VUs, 999 complete and 0 interrupted iterations
normal_day   [  58% ] 040/100 VUs  05m49.9s/10m0s  4.00 iters/s

running (05m50.8s), 038/100 VUs, 1005 complete and 0 interrupted iterations
normal_day   [  58% ] 038/100 VUs  05m50.9s/10m0s  4.00 iters/s

running (05m51.8s), 034/100 VUs, 1013 complete and 0 interrupted iterations
normal_day   [  59% ] 034/100 VUs  05m51.9s/10m0s  4.00 iters/s

running (05m52.8s), 033/100 VUs, 1018 complete and 0 interrupted iterations
normal_day   [  59% ] 033/100 VUs  05m52.9s/10m0s  4.00 iters/s

running (05m53.8s), 035/100 VUs, 1020 complete and 0 interrupted iterations
normal_day   [  59% ] 035/100 VUs  05m53.9s/10m0s  4.00 iters/s

running (05m54.8s), 032/100 VUs, 1027 complete and 0 interrupted iterations
normal_day   [  59% ] 032/100 VUs  05m54.9s/10m0s  4.00 iters/s

running (05m55.8s), 031/100 VUs, 1032 complete and 0 interrupted iterations
normal_day   [  59% ] 031/100 VUs  05m55.9s/10m0s  4.00 iters/s

running (05m56.8s), 033/100 VUs, 1034 complete and 0 interrupted iterations
normal_day   [  59% ] 033/100 VUs  05m56.9s/10m0s  4.00 iters/s

running (05m57.8s), 033/100 VUs, 1038 complete and 0 interrupted iterations
normal_day   [  60% ] 033/100 VUs  05m57.9s/10m0s  4.00 iters/s

running (05m58.8s), 033/100 VUs, 1042 complete and 0 interrupted iterations
normal_day   [  60% ] 033/100 VUs  05m58.9s/10m0s  4.00 iters/s

running (05m59.8s), 034/100 VUs, 1045 complete and 0 interrupted iterations
normal_day   [  60% ] 034/100 VUs  05m59.9s/10m0s  4.00 iters/s

running (06m00.8s), 037/100 VUs, 1046 complete and 0 interrupted iterations
normal_day   [  60% ] 037/100 VUs  06m00.9s/10m0s  4.00 iters/s

running (06m01.8s), 040/100 VUs, 1047 complete and 0 interrupted iterations
normal_day   [  60% ] 040/100 VUs  06m01.9s/10m0s  4.00 iters/s

running (06m02.8s), 041/100 VUs, 1050 complete and 0 interrupted iterations
normal_day   [  60% ] 041/100 VUs  06m02.9s/10m0s  4.00 iters/s

running (06m03.8s), 043/100 VUs, 1052 complete and 0 interrupted iterations
normal_day   [  61% ] 043/100 VUs  06m03.9s/10m0s  4.00 iters/s

running (06m04.8s), 043/100 VUs, 1056 complete and 0 interrupted iterations
normal_day   [  61% ] 043/100 VUs  06m04.9s/10m0s  4.00 iters/s

running (06m05.8s), 043/100 VUs, 1060 complete and 0 interrupted iterations
normal_day   [  61% ] 043/100 VUs  06m05.9s/10m0s  4.00 iters/s

running (06m06.8s), 044/100 VUs, 1063 complete and 0 interrupted iterations
normal_day   [  61% ] 044/100 VUs  06m06.9s/10m0s  4.00 iters/s

running (06m07.8s), 046/100 VUs, 1065 complete and 0 interrupted iterations
normal_day   [  61% ] 046/100 VUs  06m07.9s/10m0s  4.00 iters/s

running (06m08.8s), 043/100 VUs, 1072 complete and 0 interrupted iterations
normal_day   [  61% ] 043/100 VUs  06m08.9s/10m0s  4.00 iters/s

running (06m09.8s), 039/100 VUs, 1080 complete and 0 interrupted iterations
normal_day   [  62% ] 039/100 VUs  06m09.9s/10m0s  4.00 iters/s

running (06m10.8s), 036/100 VUs, 1087 complete and 0 interrupted iterations
normal_day   [  62% ] 036/100 VUs  06m10.9s/10m0s  4.00 iters/s

running (06m11.8s), 037/100 VUs, 1090 complete and 0 interrupted iterations
normal_day   [  62% ] 037/100 VUs  06m11.9s/10m0s  4.00 iters/s

running (06m12.8s), 039/100 VUs, 1092 complete and 0 interrupted iterations
normal_day   [  62% ] 039/100 VUs  06m12.9s/10m0s  4.00 iters/s

running (06m13.8s), 040/100 VUs, 1095 complete and 0 interrupted iterations
normal_day   [  62% ] 040/100 VUs  06m13.9s/10m0s  4.00 iters/s

running (06m14.8s), 039/100 VUs, 1100 complete and 0 interrupted iterations
normal_day   [  62% ] 039/100 VUs  06m14.9s/10m0s  4.00 iters/s

running (06m15.8s), 039/100 VUs, 1104 complete and 0 interrupted iterations
normal_day   [  63% ] 039/100 VUs  06m15.9s/10m0s  4.00 iters/s

running (06m16.8s), 039/100 VUs, 1108 complete and 0 interrupted iterations
normal_day   [  63% ] 039/100 VUs  06m16.9s/10m0s  4.00 iters/s

running (06m17.8s), 037/100 VUs, 1114 complete and 0 interrupted iterations
normal_day   [  63% ] 037/100 VUs  06m17.9s/10m0s  4.00 iters/s

running (06m18.8s), 039/100 VUs, 1116 complete and 0 interrupted iterations
normal_day   [  63% ] 039/100 VUs  06m18.9s/10m0s  4.00 iters/s

running (06m19.8s), 043/100 VUs, 1116 complete and 0 interrupted iterations
normal_day   [  63% ] 043/100 VUs  06m19.9s/10m0s  4.00 iters/s

running (06m20.8s), 043/100 VUs, 1120 complete and 0 interrupted iterations
normal_day   [  63% ] 043/100 VUs  06m20.9s/10m0s  4.00 iters/s

running (06m21.8s), 044/100 VUs, 1123 complete and 0 interrupted iterations
normal_day   [  64% ] 044/100 VUs  06m21.9s/10m0s  4.00 iters/s

running (06m22.8s), 045/100 VUs, 1126 complete and 0 interrupted iterations
normal_day   [  64% ] 045/100 VUs  06m22.9s/10m0s  4.00 iters/s

running (06m23.8s), 042/100 VUs, 1133 complete and 0 interrupted iterations
normal_day   [  64% ] 042/100 VUs  06m23.9s/10m0s  4.00 iters/s

running (06m24.8s), 042/100 VUs, 1137 complete and 0 interrupted iterations
normal_day   [  64% ] 042/100 VUs  06m24.9s/10m0s  4.00 iters/s

running (06m25.8s), 045/100 VUs, 1138 complete and 0 interrupted iterations
normal_day   [  64% ] 045/100 VUs  06m25.9s/10m0s  4.00 iters/s

running (06m26.8s), 047/100 VUs, 1140 complete and 0 interrupted iterations
normal_day   [  64% ] 047/100 VUs  06m26.9s/10m0s  4.00 iters/s

running (06m27.8s), 050/100 VUs, 1141 complete and 0 interrupted iterations
normal_day   [  65% ] 050/100 VUs  06m27.9s/10m0s  4.00 iters/s

running (06m28.8s), 053/100 VUs, 1142 complete and 0 interrupted iterations
normal_day   [  65% ] 053/100 VUs  06m28.9s/10m0s  4.00 iters/s

running (06m29.8s), 055/100 VUs, 1144 complete and 0 interrupted iterations
normal_day   [  65% ] 055/100 VUs  06m29.9s/10m0s  4.00 iters/s

running (06m30.8s), 058/100 VUs, 1145 complete and 0 interrupted iterations
normal_day   [  65% ] 058/100 VUs  06m30.9s/10m0s  4.00 iters/s

running (06m31.8s), 058/100 VUs, 1149 complete and 0 interrupted iterations
normal_day   [  65% ] 058/100 VUs  06m31.9s/10m0s  4.00 iters/s

running (06m32.8s), 058/100 VUs, 1153 complete and 0 interrupted iterations
normal_day   [  65% ] 058/100 VUs  06m32.9s/10m0s  4.00 iters/s

running (06m33.8s), 056/100 VUs, 1159 complete and 0 interrupted iterations
normal_day   [  66% ] 056/100 VUs  06m33.9s/10m0s  4.00 iters/s

running (06m34.8s), 058/100 VUs, 1161 complete and 0 interrupted iterations
normal_day   [  66% ] 058/100 VUs  06m34.9s/10m0s  4.00 iters/s

running (06m35.8s), 057/100 VUs, 1166 complete and 0 interrupted iterations
normal_day   [  66% ] 057/100 VUs  06m35.9s/10m0s  4.00 iters/s

running (06m36.8s), 057/100 VUs, 1170 complete and 0 interrupted iterations
normal_day   [  66% ] 057/100 VUs  06m36.9s/10m0s  4.00 iters/s

running (06m37.8s), 053/100 VUs, 1178 complete and 0 interrupted iterations
normal_day   [  66% ] 053/100 VUs  06m37.9s/10m0s  4.00 iters/s

running (06m38.8s), 052/100 VUs, 1183 complete and 0 interrupted iterations
normal_day   [  66% ] 052/100 VUs  06m38.9s/10m0s  4.00 iters/s

running (06m39.8s), 052/100 VUs, 1187 complete and 0 interrupted iterations
normal_day   [  67% ] 052/100 VUs  06m39.9s/10m0s  4.00 iters/s

running (06m40.8s), 053/100 VUs, 1190 complete and 0 interrupted iterations
normal_day   [  67% ] 053/100 VUs  06m40.9s/10m0s  4.00 iters/s

running (06m41.8s), 056/100 VUs, 1191 complete and 0 interrupted iterations
normal_day   [  67% ] 056/100 VUs  06m41.9s/10m0s  4.00 iters/s

running (06m42.8s), 054/100 VUs, 1197 complete and 0 interrupted iterations
normal_day   [  67% ] 054/100 VUs  06m42.9s/10m0s  4.00 iters/s

running (06m43.8s), 056/100 VUs, 1199 complete and 0 interrupted iterations
normal_day   [  67% ] 056/100 VUs  06m43.9s/10m0s  4.00 iters/s

running (06m44.8s), 056/100 VUs, 1203 complete and 0 interrupted iterations
normal_day   [  67% ] 056/100 VUs  06m44.9s/10m0s  4.00 iters/s

running (06m45.8s), 052/100 VUs, 1211 complete and 0 interrupted iterations
normal_day   [  68% ] 052/100 VUs  06m45.9s/10m0s  4.00 iters/s

running (06m46.8s), 055/100 VUs, 1212 complete and 0 interrupted iterations
normal_day   [  68% ] 055/100 VUs  06m46.9s/10m0s  4.00 iters/s

running (06m47.8s), 053/100 VUs, 1218 complete and 0 interrupted iterations
normal_day   [  68% ] 053/100 VUs  06m47.9s/10m0s  4.00 iters/s

running (06m48.8s), 050/100 VUs, 1225 complete and 0 interrupted iterations
normal_day   [  68% ] 050/100 VUs  06m48.9s/10m0s  4.00 iters/s

running (06m49.8s), 047/100 VUs, 1232 complete and 0 interrupted iterations
normal_day   [  68% ] 047/100 VUs  06m49.9s/10m0s  4.00 iters/s

running (06m50.8s), 045/100 VUs, 1238 complete and 0 interrupted iterations
normal_day   [  68% ] 045/100 VUs  06m50.9s/10m0s  4.00 iters/s

running (06m51.8s), 042/100 VUs, 1245 complete and 0 interrupted iterations
normal_day   [  69% ] 042/100 VUs  06m51.9s/10m0s  4.00 iters/s

running (06m52.8s), 043/100 VUs, 1248 complete and 0 interrupted iterations
normal_day   [  69% ] 043/100 VUs  06m52.9s/10m0s  4.00 iters/s

running (06m53.8s), 046/100 VUs, 1249 complete and 0 interrupted iterations
normal_day   [  69% ] 046/100 VUs  06m53.9s/10m0s  4.00 iters/s

running (06m54.8s), 044/100 VUs, 1255 complete and 0 interrupted iterations
normal_day   [  69% ] 044/100 VUs  06m54.9s/10m0s  4.00 iters/s

running (06m55.8s), 039/100 VUs, 1264 complete and 0 interrupted iterations
normal_day   [  69% ] 039/100 VUs  06m55.9s/10m0s  4.00 iters/s

running (06m56.8s), 037/100 VUs, 1270 complete and 0 interrupted iterations
normal_day   [  69% ] 037/100 VUs  06m56.9s/10m0s  4.00 iters/s

running (06m57.8s), 035/100 VUs, 1276 complete and 0 interrupted iterations
normal_day   [  70% ] 035/100 VUs  06m57.9s/10m0s  4.00 iters/s

running (06m58.8s), 035/100 VUs, 1280 complete and 0 interrupted iterations
normal_day   [  70% ] 035/100 VUs  06m58.9s/10m0s  4.00 iters/s

running (06m59.8s), 036/100 VUs, 1283 complete and 0 interrupted iterations
normal_day   [  70% ] 036/100 VUs  06m59.9s/10m0s  4.00 iters/s

running (07m00.8s), 034/100 VUs, 1289 complete and 0 interrupted iterations
normal_day   [  70% ] 034/100 VUs  07m00.9s/10m0s  4.00 iters/s

running (07m01.8s), 035/100 VUs, 1292 complete and 0 interrupted iterations
normal_day   [  70% ] 035/100 VUs  07m01.9s/10m0s  4.00 iters/s

running (07m02.8s), 038/100 VUs, 1293 complete and 0 interrupted iterations
normal_day   [  70% ] 038/100 VUs  07m02.9s/10m0s  4.00 iters/s

running (07m03.8s), 038/100 VUs, 1297 complete and 0 interrupted iterations
normal_day   [  71% ] 038/100 VUs  07m03.9s/10m0s  4.00 iters/s

running (07m04.8s), 038/100 VUs, 1301 complete and 0 interrupted iterations
normal_day   [  71% ] 038/100 VUs  07m04.9s/10m0s  4.00 iters/s

running (07m05.8s), 039/100 VUs, 1304 complete and 0 interrupted iterations
normal_day   [  71% ] 039/100 VUs  07m05.9s/10m0s  4.00 iters/s

running (07m06.8s), 039/100 VUs, 1308 complete and 0 interrupted iterations
normal_day   [  71% ] 039/100 VUs  07m06.9s/10m0s  4.00 iters/s

running (07m07.8s), 038/100 VUs, 1313 complete and 0 interrupted iterations
normal_day   [  71% ] 038/100 VUs  07m07.9s/10m0s  4.00 iters/s

running (07m08.8s), 039/100 VUs, 1316 complete and 0 interrupted iterations
normal_day   [  71% ] 039/100 VUs  07m08.9s/10m0s  4.00 iters/s

running (07m09.8s), 039/100 VUs, 1320 complete and 0 interrupted iterations
normal_day   [  72% ] 039/100 VUs  07m09.9s/10m0s  4.00 iters/s

running (07m10.8s), 043/100 VUs, 1320 complete and 0 interrupted iterations
normal_day   [  72% ] 043/100 VUs  07m10.9s/10m0s  4.00 iters/s

running (07m11.8s), 045/100 VUs, 1322 complete and 0 interrupted iterations
normal_day   [  72% ] 045/100 VUs  07m11.9s/10m0s  4.00 iters/s

running (07m12.8s), 040/100 VUs, 1331 complete and 0 interrupted iterations
normal_day   [  72% ] 040/100 VUs  07m12.9s/10m0s  4.00 iters/s

running (07m13.8s), 041/100 VUs, 1334 complete and 0 interrupted iterations
normal_day   [  72% ] 041/100 VUs  07m13.9s/10m0s  4.00 iters/s

running (07m14.8s), 043/100 VUs, 1336 complete and 0 interrupted iterations
normal_day   [  72% ] 043/100 VUs  07m14.9s/10m0s  4.00 iters/s

running (07m15.8s), 045/100 VUs, 1338 complete and 0 interrupted iterations
normal_day   [  73% ] 045/100 VUs  07m15.9s/10m0s  4.00 iters/s

running (07m16.8s), 042/100 VUs, 1345 complete and 0 interrupted iterations
normal_day   [  73% ] 042/100 VUs  07m16.9s/10m0s  4.00 iters/s

running (07m17.8s), 042/100 VUs, 1349 complete and 0 interrupted iterations
normal_day   [  73% ] 042/100 VUs  07m17.9s/10m0s  4.00 iters/s

running (07m18.8s), 043/100 VUs, 1352 complete and 0 interrupted iterations
normal_day   [  73% ] 043/100 VUs  07m18.9s/10m0s  4.00 iters/s

running (07m19.8s), 046/100 VUs, 1353 complete and 0 interrupted iterations
normal_day   [  73% ] 046/100 VUs  07m19.9s/10m0s  4.00 iters/s

running (07m20.8s), 044/100 VUs, 1359 complete and 0 interrupted iterations
normal_day   [  73% ] 044/100 VUs  07m20.9s/10m0s  4.00 iters/s

running (07m21.8s), 047/100 VUs, 1360 complete and 0 interrupted iterations
normal_day   [  74% ] 047/100 VUs  07m21.9s/10m0s  4.00 iters/s

running (07m22.8s), 048/100 VUs, 1363 complete and 0 interrupted iterations
normal_day   [  74% ] 048/100 VUs  07m22.9s/10m0s  4.00 iters/s

running (07m23.8s), 050/100 VUs, 1365 complete and 0 interrupted iterations
normal_day   [  74% ] 050/100 VUs  07m23.9s/10m0s  4.00 iters/s

running (07m24.8s), 052/100 VUs, 1367 complete and 0 interrupted iterations
normal_day   [  74% ] 052/100 VUs  07m24.9s/10m0s  4.00 iters/s

running (07m25.8s), 054/100 VUs, 1369 complete and 0 interrupted iterations
normal_day   [  74% ] 054/100 VUs  07m25.9s/10m0s  4.00 iters/s

running (07m26.8s), 053/100 VUs, 1374 complete and 0 interrupted iterations
normal_day   [  74% ] 053/100 VUs  07m26.9s/10m0s  4.00 iters/s

running (07m27.8s), 052/100 VUs, 1379 complete and 0 interrupted iterations
normal_day   [  75% ] 052/100 VUs  07m27.9s/10m0s  4.00 iters/s

running (07m28.8s), 046/100 VUs, 1389 complete and 0 interrupted iterations
normal_day   [  75% ] 046/100 VUs  07m28.9s/10m0s  4.00 iters/s

running (07m29.8s), 048/100 VUs, 1391 complete and 0 interrupted iterations
normal_day   [  75% ] 048/100 VUs  07m29.9s/10m0s  4.00 iters/s

running (07m30.8s), 050/100 VUs, 1393 complete and 0 interrupted iterations
normal_day   [  75% ] 050/100 VUs  07m30.9s/10m0s  4.00 iters/s

running (07m31.8s), 049/100 VUs, 1398 complete and 0 interrupted iterations
normal_day   [  75% ] 049/100 VUs  07m31.9s/10m0s  4.00 iters/s

running (07m32.8s), 048/100 VUs, 1403 complete and 0 interrupted iterations
normal_day   [  75% ] 048/100 VUs  07m32.9s/10m0s  4.00 iters/s

running (07m33.8s), 050/100 VUs, 1405 complete and 0 interrupted iterations
normal_day   [  76% ] 050/100 VUs  07m33.9s/10m0s  4.00 iters/s

running (07m34.8s), 047/100 VUs, 1412 complete and 0 interrupted iterations
normal_day   [  76% ] 047/100 VUs  07m34.9s/10m0s  4.00 iters/s

running (07m35.8s), 047/100 VUs, 1416 complete and 0 interrupted iterations
normal_day   [  76% ] 047/100 VUs  07m35.9s/10m0s  4.00 iters/s

running (07m36.8s), 046/100 VUs, 1421 complete and 0 interrupted iterations
normal_day   [  76% ] 046/100 VUs  07m36.9s/10m0s  4.00 iters/s

running (07m37.8s), 047/100 VUs, 1424 complete and 0 interrupted iterations
normal_day   [  76% ] 047/100 VUs  07m37.9s/10m0s  4.00 iters/s

running (07m38.8s), 043/100 VUs, 1432 complete and 0 interrupted iterations
normal_day   [  76% ] 043/100 VUs  07m38.9s/10m0s  4.00 iters/s

running (07m39.8s), 044/100 VUs, 1435 complete and 0 interrupted iterations
normal_day   [  77% ] 044/100 VUs  07m39.9s/10m0s  4.00 iters/s

running (07m40.8s), 041/100 VUs, 1442 complete and 0 interrupted iterations
normal_day   [  77% ] 041/100 VUs  07m40.9s/10m0s  4.00 iters/s

running (07m41.8s), 041/100 VUs, 1446 complete and 0 interrupted iterations
normal_day   [  77% ] 041/100 VUs  07m41.9s/10m0s  4.00 iters/s

running (07m42.8s), 041/100 VUs, 1450 complete and 0 interrupted iterations
normal_day   [  77% ] 041/100 VUs  07m42.9s/10m0s  4.00 iters/s

running (07m43.8s), 040/100 VUs, 1455 complete and 0 interrupted iterations
normal_day   [  77% ] 040/100 VUs  07m43.9s/10m0s  4.00 iters/s

running (07m44.8s), 036/100 VUs, 1463 complete and 0 interrupted iterations
normal_day   [  77% ] 036/100 VUs  07m44.9s/10m0s  4.00 iters/s

running (07m45.8s), 038/100 VUs, 1465 complete and 0 interrupted iterations
normal_day   [  78% ] 038/100 VUs  07m45.9s/10m0s  4.00 iters/s

running (07m46.8s), 041/100 VUs, 1466 complete and 0 interrupted iterations
normal_day   [  78% ] 041/100 VUs  07m46.9s/10m0s  4.00 iters/s

running (07m47.8s), 043/100 VUs, 1468 complete and 0 interrupted iterations
normal_day   [  78% ] 043/100 VUs  07m47.9s/10m0s  4.00 iters/s

running (07m48.8s), 043/100 VUs, 1472 complete and 0 interrupted iterations
normal_day   [  78% ] 043/100 VUs  07m48.9s/10m0s  4.00 iters/s

running (07m49.8s), 042/100 VUs, 1477 complete and 0 interrupted iterations
normal_day   [  78% ] 042/100 VUs  07m49.9s/10m0s  4.00 iters/s

running (07m50.8s), 041/100 VUs, 1482 complete and 0 interrupted iterations
normal_day   [  78% ] 041/100 VUs  07m50.9s/10m0s  4.00 iters/s

running (07m51.8s), 042/100 VUs, 1485 complete and 0 interrupted iterations
normal_day   [  79% ] 042/100 VUs  07m51.9s/10m0s  4.00 iters/s

running (07m52.8s), 046/100 VUs, 1485 complete and 0 interrupted iterations
normal_day   [  79% ] 046/100 VUs  07m52.9s/10m0s  4.00 iters/s

running (07m53.8s), 047/100 VUs, 1488 complete and 0 interrupted iterations
normal_day   [  79% ] 047/100 VUs  07m53.9s/10m0s  4.00 iters/s

running (07m54.8s), 047/100 VUs, 1492 complete and 0 interrupted iterations
normal_day   [  79% ] 047/100 VUs  07m54.9s/10m0s  4.00 iters/s

running (07m55.8s), 044/100 VUs, 1499 complete and 0 interrupted iterations
normal_day   [  79% ] 044/100 VUs  07m55.9s/10m0s  4.00 iters/s

running (07m56.8s), 043/100 VUs, 1504 complete and 0 interrupted iterations
normal_day   [  79% ] 043/100 VUs  07m56.9s/10m0s  4.00 iters/s

running (07m57.8s), 045/100 VUs, 1506 complete and 0 interrupted iterations
normal_day   [  80% ] 045/100 VUs  07m57.9s/10m0s  4.00 iters/s

running (07m58.8s), 044/100 VUs, 1511 complete and 0 interrupted iterations
normal_day   [  80% ] 044/100 VUs  07m58.9s/10m0s  4.00 iters/s

running (07m59.8s), 045/100 VUs, 1514 complete and 0 interrupted iterations
normal_day   [  80% ] 045/100 VUs  07m59.9s/10m0s  4.00 iters/s

running (08m00.8s), 041/100 VUs, 1522 complete and 0 interrupted iterations
normal_day   [  80% ] 041/100 VUs  08m00.9s/10m0s  3.97 iters/s

running (08m01.8s), 036/100 VUs, 1531 complete and 0 interrupted iterations
normal_day   [  80% ] 036/100 VUs  08m01.9s/10m0s  3.94 iters/s

running (08m02.8s), 036/100 VUs, 1535 complete and 0 interrupted iterations
normal_day   [  80% ] 036/100 VUs  08m02.9s/10m0s  3.90 iters/s

running (08m03.8s), 040/100 VUs, 1535 complete and 0 interrupted iterations
normal_day   [  81% ] 040/100 VUs  08m03.9s/10m0s  3.87 iters/s

running (08m04.8s), 039/100 VUs, 1540 complete and 0 interrupted iterations
normal_day   [  81% ] 039/100 VUs  08m04.9s/10m0s  3.83 iters/s

running (08m05.8s), 039/100 VUs, 1543 complete and 0 interrupted iterations
normal_day   [  81% ] 039/100 VUs  08m05.9s/10m0s  3.81 iters/s

running (08m06.8s), 039/100 VUs, 1547 complete and 0 interrupted iterations
normal_day   [  81% ] 039/100 VUs  08m06.9s/10m0s  3.77 iters/s

running (08m07.8s), 040/100 VUs, 1550 complete and 0 interrupted iterations
normal_day   [  81% ] 040/100 VUs  08m07.9s/10m0s  3.74 iters/s

running (08m08.8s), 043/100 VUs, 1551 complete and 0 interrupted iterations
normal_day   [  81% ] 043/100 VUs  08m08.9s/10m0s  3.70 iters/s

running (08m09.8s), 044/100 VUs, 1553 complete and 0 interrupted iterations
normal_day   [  82% ] 044/100 VUs  08m09.9s/10m0s  3.67 iters/s

running (08m10.8s), 043/100 VUs, 1558 complete and 0 interrupted iterations
normal_day   [  82% ] 043/100 VUs  08m10.9s/10m0s  3.64 iters/s

running (08m11.8s), 044/100 VUs, 1561 complete and 0 interrupted iterations
normal_day   [  82% ] 044/100 VUs  08m11.9s/10m0s  3.60 iters/s

running (08m12.8s), 042/100 VUs, 1566 complete and 0 interrupted iterations
normal_day   [  82% ] 042/100 VUs  08m12.9s/10m0s  3.57 iters/s

running (08m13.8s), 042/100 VUs, 1570 complete and 0 interrupted iterations
normal_day   [  82% ] 042/100 VUs  08m13.9s/10m0s  3.54 iters/s

running (08m14.8s), 040/100 VUs, 1575 complete and 0 interrupted iterations
normal_day   [  82% ] 040/100 VUs  08m14.9s/10m0s  3.51 iters/s

running (08m15.8s), 038/100 VUs, 1581 complete and 0 interrupted iterations
normal_day   [  83% ] 038/100 VUs  08m15.9s/10m0s  3.47 iters/s

running (08m16.8s), 037/100 VUs, 1585 complete and 0 interrupted iterations
normal_day   [  83% ] 037/100 VUs  08m16.9s/10m0s  3.44 iters/s

running (08m17.8s), 037/100 VUs, 1589 complete and 0 interrupted iterations
normal_day   [  83% ] 037/100 VUs  08m17.9s/10m0s  3.40 iters/s

running (08m18.8s), 037/100 VUs, 1592 complete and 0 interrupted iterations
normal_day   [  83% ] 037/100 VUs  08m18.9s/10m0s  3.37 iters/s

running (08m19.8s), 035/100 VUs, 1597 complete and 0 interrupted iterations
normal_day   [  83% ] 035/100 VUs  08m19.9s/10m0s  3.34 iters/s

running (08m20.8s), 032/100 VUs, 1604 complete and 0 interrupted iterations
normal_day   [  83% ] 032/100 VUs  08m20.9s/10m0s  3.30 iters/s

running (08m21.8s), 034/100 VUs, 1605 complete and 0 interrupted iterations
normal_day   [  84% ] 034/100 VUs  08m21.9s/10m0s  3.27 iters/s

running (08m22.8s), 035/100 VUs, 1607 complete and 0 interrupted iterations
normal_day   [  84% ] 035/100 VUs  08m22.9s/10m0s  3.24 iters/s

running (08m23.8s), 034/100 VUs, 1611 complete and 0 interrupted iterations
normal_day   [  84% ] 034/100 VUs  08m23.9s/10m0s  3.21 iters/s

running (08m24.8s), 036/100 VUs, 1613 complete and 0 interrupted iterations
normal_day   [  84% ] 036/100 VUs  08m24.9s/10m0s  3.17 iters/s

running (08m25.8s), 037/100 VUs, 1615 complete and 0 interrupted iterations
normal_day   [  84% ] 037/100 VUs  08m25.9s/10m0s  3.14 iters/s

running (08m26.8s), 033/100 VUs, 1622 complete and 0 interrupted iterations
normal_day   [  84% ] 033/100 VUs  08m26.9s/10m0s  3.10 iters/s

running (08m27.8s), 032/100 VUs, 1626 complete and 0 interrupted iterations
normal_day   [  85% ] 032/100 VUs  08m27.9s/10m0s  3.07 iters/s

running (08m28.8s), 032/100 VUs, 1629 complete and 0 interrupted iterations
normal_day   [  85% ] 032/100 VUs  08m28.9s/10m0s  3.04 iters/s

running (08m29.8s), 030/100 VUs, 1634 complete and 0 interrupted iterations
normal_day   [  85% ] 030/100 VUs  08m29.9s/10m0s  3.01 iters/s

running (08m30.8s), 031/100 VUs, 1636 complete and 0 interrupted iterations
normal_day   [  85% ] 031/100 VUs  08m30.9s/10m0s  2.97 iters/s

running (08m31.8s), 031/100 VUs, 1639 complete and 0 interrupted iterations
normal_day   [  85% ] 031/100 VUs  08m31.9s/10m0s  2.94 iters/s

running (08m32.8s), 032/100 VUs, 1641 complete and 0 interrupted iterations
normal_day   [  85% ] 032/100 VUs  08m32.9s/10m0s  2.90 iters/s

running (08m33.8s), 033/100 VUs, 1643 complete and 0 interrupted iterations
normal_day   [  86% ] 033/100 VUs  08m33.9s/10m0s  2.87 iters/s

running (08m34.8s), 030/100 VUs, 1649 complete and 0 interrupted iterations
normal_day   [  86% ] 030/100 VUs  08m34.9s/10m0s  2.83 iters/s

running (08m35.8s), 026/100 VUs, 1655 complete and 0 interrupted iterations
normal_day   [  86% ] 026/100 VUs  08m35.9s/10m0s  2.81 iters/s

running (08m36.8s), 026/100 VUs, 1658 complete and 0 interrupted iterations
normal_day   [  86% ] 026/100 VUs  08m36.9s/10m0s  2.77 iters/s

running (08m37.8s), 025/100 VUs, 1662 complete and 0 interrupted iterations
normal_day   [  86% ] 025/100 VUs  08m37.9s/10m0s  2.74 iters/s

running (08m38.8s), 027/100 VUs, 1663 complete and 0 interrupted iterations
normal_day   [  86% ] 027/100 VUs  08m38.9s/10m0s  2.70 iters/s

running (08m39.8s), 024/100 VUs, 1668 complete and 0 interrupted iterations
normal_day   [  87% ] 024/100 VUs  08m39.9s/10m0s  2.68 iters/s

running (08m40.8s), 024/100 VUs, 1671 complete and 0 interrupted iterations
normal_day   [  87% ] 024/100 VUs  08m40.9s/10m0s  2.64 iters/s

running (08m41.8s), 023/100 VUs, 1675 complete and 0 interrupted iterations
normal_day   [  87% ] 023/100 VUs  08m41.9s/10m0s  2.60 iters/s

running (08m42.8s), 021/100 VUs, 1679 complete and 0 interrupted iterations
normal_day   [  87% ] 021/100 VUs  08m42.9s/10m0s  2.58 iters/s

running (08m43.8s), 023/100 VUs, 1680 complete and 0 interrupted iterations
normal_day   [  87% ] 023/100 VUs  08m43.9s/10m0s  2.54 iters/s

running (08m44.8s), 023/100 VUs, 1682 complete and 0 interrupted iterations
normal_day   [  87% ] 023/100 VUs  08m44.9s/10m0s  2.51 iters/s

running (08m45.8s), 024/100 VUs, 1684 complete and 0 interrupted iterations
normal_day   [  88% ] 024/100 VUs  08m45.9s/10m0s  2.47 iters/s

running (08m46.8s), 024/100 VUs, 1686 complete and 0 interrupted iterations
normal_day   [  88% ] 024/100 VUs  08m46.9s/10m0s  2.44 iters/s

running (08m47.8s), 022/100 VUs, 1691 complete and 0 interrupted iterations
normal_day   [  88% ] 022/100 VUs  08m47.9s/10m0s  2.40 iters/s

running (08m48.8s), 022/100 VUs, 1693 complete and 0 interrupted iterations
normal_day   [  88% ] 022/100 VUs  08m48.9s/10m0s  2.37 iters/s

running (08m49.8s), 022/100 VUs, 1695 complete and 0 interrupted iterations
normal_day   [  88% ] 022/100 VUs  08m49.9s/10m0s  2.35 iters/s

running (08m50.8s), 022/100 VUs, 1698 complete and 0 interrupted iterations
normal_day   [  88% ] 022/100 VUs  08m50.9s/10m0s  2.30 iters/s

running (08m51.8s), 021/100 VUs, 1701 complete and 0 interrupted iterations
normal_day   [  89% ] 021/100 VUs  08m51.9s/10m0s  2.27 iters/s

running (08m52.8s), 020/100 VUs, 1704 complete and 0 interrupted iterations
normal_day   [  89% ] 020/100 VUs  08m52.9s/10m0s  2.24 iters/s

running (08m53.8s), 023/100 VUs, 1704 complete and 0 interrupted iterations
normal_day   [  89% ] 023/100 VUs  08m53.9s/10m0s  2.20 iters/s

running (08m54.8s), 024/100 VUs, 1705 complete and 0 interrupted iterations
normal_day   [  89% ] 024/100 VUs  08m54.9s/10m0s  2.17 iters/s

running (08m55.8s), 023/100 VUs, 1708 complete and 0 interrupted iterations
normal_day   [  89% ] 023/100 VUs  08m55.9s/10m0s  2.14 iters/s

running (08m56.8s), 023/100 VUs, 1710 complete and 0 interrupted iterations
normal_day   [  89% ] 023/100 VUs  08m56.9s/10m0s  2.11 iters/s

running (08m57.8s), 022/100 VUs, 1713 complete and 0 interrupted iterations
normal_day   [  90% ] 022/100 VUs  08m57.9s/10m0s  2.07 iters/s

running (08m58.8s), 023/100 VUs, 1714 complete and 0 interrupted iterations
normal_day   [  90% ] 023/100 VUs  08m58.9s/10m0s  2.04 iters/s

running (08m59.8s), 023/100 VUs, 1716 complete and 0 interrupted iterations
normal_day   [  90% ] 023/100 VUs  08m59.9s/10m0s  2.01 iters/s

running (09m00.8s), 022/100 VUs, 1719 complete and 0 interrupted iterations
normal_day   [  90% ] 022/100 VUs  09m00.9s/10m0s  1.97 iters/s

running (09m01.8s), 021/100 VUs, 1722 complete and 0 interrupted iterations
normal_day   [  90% ] 021/100 VUs  09m01.9s/10m0s  1.94 iters/s

running (09m02.8s), 019/100 VUs, 1726 complete and 0 interrupted iterations
normal_day   [  90% ] 019/100 VUs  09m02.9s/10m0s  1.91 iters/s

running (09m03.8s), 019/100 VUs, 1728 complete and 0 interrupted iterations
normal_day   [  91% ] 019/100 VUs  09m03.9s/10m0s  1.87 iters/s

running (09m04.8s), 018/100 VUs, 1731 complete and 0 interrupted iterations
normal_day   [  91% ] 018/100 VUs  09m04.9s/10m0s  1.83 iters/s

running (09m05.8s), 018/100 VUs, 1733 complete and 0 interrupted iterations
normal_day   [  91% ] 018/100 VUs  09m05.9s/10m0s  1.80 iters/s

running (09m06.8s), 018/100 VUs, 1734 complete and 0 interrupted iterations
normal_day   [  91% ] 018/100 VUs  09m06.9s/10m0s  1.78 iters/s

running (09m07.8s), 017/100 VUs, 1737 complete and 0 interrupted iterations
normal_day   [  91% ] 017/100 VUs  09m07.9s/10m0s  1.74 iters/s

running (09m08.8s), 019/100 VUs, 1737 complete and 0 interrupted iterations
normal_day   [  91% ] 019/100 VUs  09m08.9s/10m0s  1.70 iters/s

running (09m09.8s), 020/100 VUs, 1738 complete and 0 interrupted iterations
normal_day   [  92% ] 020/100 VUs  09m09.9s/10m0s  1.66 iters/s

running (09m10.8s), 017/100 VUs, 1742 complete and 0 interrupted iterations
normal_day   [  92% ] 017/100 VUs  09m10.9s/10m0s  1.64 iters/s

running (09m11.8s), 019/100 VUs, 1742 complete and 0 interrupted iterations
normal_day   [  92% ] 019/100 VUs  09m11.9s/10m0s  1.60 iters/s

running (09m12.8s), 019/100 VUs, 1743 complete and 0 interrupted iterations
normal_day   [  92% ] 019/100 VUs  09m12.9s/10m0s  1.58 iters/s

running (09m13.8s), 019/100 VUs, 1745 complete and 0 interrupted iterations
normal_day   [  92% ] 019/100 VUs  09m13.9s/10m0s  1.54 iters/s

running (09m14.8s), 019/100 VUs, 1747 complete and 0 interrupted iterations
normal_day   [  92% ] 019/100 VUs  09m14.9s/10m0s  1.49 iters/s

running (09m15.8s), 016/100 VUs, 1751 complete and 0 interrupted iterations
normal_day   [  93% ] 016/100 VUs  09m15.9s/10m0s  1.47 iters/s

running (09m16.8s), 015/100 VUs, 1753 complete and 0 interrupted iterations
normal_day   [  93% ] 015/100 VUs  09m16.9s/10m0s  1.45 iters/s

running (09m17.8s), 014/100 VUs, 1756 complete and 0 interrupted iterations
normal_day   [  93% ] 014/100 VUs  09m17.9s/10m0s  1.40 iters/s

running (09m18.8s), 014/100 VUs, 1757 complete and 0 interrupted iterations
normal_day   [  93% ] 014/100 VUs  09m18.9s/10m0s  1.38 iters/s

running (09m19.8s), 014/100 VUs, 1759 complete and 0 interrupted iterations
normal_day   [  93% ] 014/100 VUs  09m19.9s/10m0s  1.33 iters/s

running (09m20.8s), 013/100 VUs, 1761 complete and 0 interrupted iterations
normal_day   [  93% ] 013/100 VUs  09m20.9s/10m0s  1.30 iters/s

running (09m21.8s), 012/100 VUs, 1763 complete and 0 interrupted iterations
normal_day   [  94% ] 012/100 VUs  09m21.9s/10m0s  1.28 iters/s

running (09m22.8s), 014/100 VUs, 1763 complete and 0 interrupted iterations
normal_day   [  94% ] 014/100 VUs  09m22.9s/10m0s  1.22 iters/s

running (09m23.8s), 013/100 VUs, 1765 complete and 0 interrupted iterations
normal_day   [  94% ] 013/100 VUs  09m23.9s/10m0s  1.20 iters/s

running (09m24.8s), 014/100 VUs, 1765 complete and 0 interrupted iterations
normal_day   [  94% ] 014/100 VUs  09m24.9s/10m0s  1.17 iters/s

running (09m25.8s), 015/100 VUs, 1765 complete and 0 interrupted iterations
normal_day   [  94% ] 015/100 VUs  09m25.9s/10m0s  1.14 iters/s

running (09m26.8s), 014/100 VUs, 1767 complete and 0 interrupted iterations
normal_day   [  94% ] 014/100 VUs  09m26.9s/10m0s  1.11 iters/s

running (09m27.8s), 014/100 VUs, 1768 complete and 0 interrupted iterations
normal_day   [  95% ] 014/100 VUs  09m27.9s/10m0s  1.08 iters/s

running (09m28.8s), 013/100 VUs, 1770 complete and 0 interrupted iterations
normal_day   [  95% ] 013/100 VUs  09m28.9s/10m0s  1.05 iters/s

running (09m29.8s), 012/100 VUs, 1772 complete and 0 interrupted iterations
normal_day   [  95% ] 012/100 VUs  09m29.9s/10m0s  1.02 iters/s

running (09m30.8s), 012/100 VUs, 1773 complete and 0 interrupted iterations
normal_day   [  95% ] 012/100 VUs  09m30.9s/10m0s  0.98 iters/s

running (09m31.8s), 013/100 VUs, 1773 complete and 0 interrupted iterations
normal_day   [  95% ] 013/100 VUs  09m31.9s/10m0s  0.95 iters/s

running (09m32.8s), 013/100 VUs, 1774 complete and 0 interrupted iterations
normal_day   [  95% ] 013/100 VUs  09m32.9s/10m0s  0.91 iters/s

running (09m33.8s), 013/100 VUs, 1775 complete and 0 interrupted iterations
normal_day   [  96% ] 013/100 VUs  09m33.9s/10m0s  0.88 iters/s

running (09m34.8s), 013/100 VUs, 1776 complete and 0 interrupted iterations
normal_day   [  96% ] 013/100 VUs  09m34.9s/10m0s  0.84 iters/s

running (09m35.8s), 014/100 VUs, 1776 complete and 0 interrupted iterations
normal_day   [  96% ] 014/100 VUs  09m35.9s/10m0s  0.80 iters/s

running (09m36.8s), 014/100 VUs, 1777 complete and 0 interrupted iterations
normal_day   [  96% ] 014/100 VUs  09m36.9s/10m0s  0.75 iters/s

running (09m37.8s), 014/100 VUs, 1777 complete and 0 interrupted iterations
normal_day   [  96% ] 014/100 VUs  09m37.9s/10m0s  0.75 iters/s

running (09m38.8s), 014/100 VUs, 1778 complete and 0 interrupted iterations
normal_day   [  96% ] 014/100 VUs  09m38.9s/10m0s  0.71 iters/s

running (09m39.8s), 014/100 VUs, 1779 complete and 0 interrupted iterations
normal_day   [  97% ] 014/100 VUs  09m39.9s/10m0s  0.66 iters/s

running (09m40.8s), 012/100 VUs, 1781 complete and 0 interrupted iterations
normal_day   [  97% ] 012/100 VUs  09m40.9s/10m0s  0.66 iters/s

running (09m41.8s), 011/100 VUs, 1783 complete and 0 interrupted iterations
normal_day   [  97% ] 011/100 VUs  09m41.9s/10m0s  0.60 iters/s

running (09m42.8s), 011/100 VUs, 1784 complete and 0 interrupted iterations
normal_day   [  97% ] 011/100 VUs  09m42.9s/10m0s  0.55 iters/s

running (09m43.8s), 011/100 VUs, 1784 complete and 0 interrupted iterations
normal_day   [  97% ] 011/100 VUs  09m43.9s/10m0s  0.55 iters/s

running (09m44.8s), 011/100 VUs, 1785 complete and 0 interrupted iterations
normal_day   [  97% ] 011/100 VUs  09m44.9s/10m0s  0.48 iters/s

running (09m45.8s), 011/100 VUs, 1785 complete and 0 interrupted iterations
normal_day   [  98% ] 011/100 VUs  09m45.9s/10m0s  0.48 iters/s

running (09m46.8s), 011/100 VUs, 1786 complete and 0 interrupted iterations
normal_day   [  98% ] 011/100 VUs  09m46.9s/10m0s  0.41 iters/s

running (09m47.8s), 009/100 VUs, 1788 complete and 0 interrupted iterations
normal_day   [  98% ] 009/100 VUs  09m47.9s/10m0s  0.41 iters/s

running (09m48.8s), 009/100 VUs, 1788 complete and 0 interrupted iterations
normal_day   [  98% ] 009/100 VUs  09m48.9s/10m0s  0.41 iters/s

running (09m49.8s), 009/100 VUs, 1789 complete and 0 interrupted iterations
normal_day   [  98% ] 009/100 VUs  09m49.9s/10m0s  0.31 iters/s

running (09m50.8s), 009/100 VUs, 1789 complete and 0 interrupted iterations
normal_day   [  98% ] 009/100 VUs  09m50.9s/10m0s  0.31 iters/s

running (09m51.8s), 008/100 VUs, 1790 complete and 0 interrupted iterations
normal_day   [  99% ] 008/100 VUs  09m51.9s/10m0s  0.31 iters/s

running (09m52.8s), 009/100 VUs, 1790 complete and 0 interrupted iterations
normal_day   [  99% ] 009/100 VUs  09m52.9s/10m0s  0.13 iters/s

running (09m53.8s), 006/100 VUs, 1793 complete and 0 interrupted iterations
normal_day   [  99% ] 006/100 VUs  09m53.9s/10m0s  0.13 iters/s

running (09m54.8s), 006/100 VUs, 1793 complete and 0 interrupted iterations
normal_day   [  99% ] 006/100 VUs  09m54.9s/10m0s  0.13 iters/s

running (09m55.8s), 006/100 VUs, 1793 complete and 0 interrupted iterations
normal_day   [  99% ] 006/100 VUs  09m55.9s/10m0s  0.13 iters/s

running (09m56.8s), 005/100 VUs, 1794 complete and 0 interrupted iterations
normal_day   [  99% ] 005/100 VUs  09m56.9s/10m0s  0.13 iters/s

running (09m57.8s), 004/100 VUs, 1795 complete and 0 interrupted iterations
normal_day   [ 100% ] 004/100 VUs  09m57.9s/10m0s  0.13 iters/s

running (09m58.8s), 003/100 VUs, 1796 complete and 0 interrupted iterations
normal_day   [ 100% ] 003/100 VUs  09m58.9s/10m0s  0.13 iters/s

running (09m59.8s), 001/100 VUs, 1798 complete and 0 interrupted iterations
normal_day   [ 100% ] 001/100 VUs  09m59.9s/10m0s  0.13 iters/s

running (10m00.8s), 001/100 VUs, 1798 complete and 0 interrupted iterations
normal_day ↓ [ 100% ] 001/100 VUs  10m0s  0.13 iters/s

running (10m01.8s), 001/100 VUs, 1798 complete and 0 interrupted iterations
normal_day ↓ [ 100% ] 001/100 VUs  10m0s  0.13 iters/s
[32m     ✓ login 200[0m
[32m     ✓ board list 200[0m
[32m     ✓ hot daily 200[0m
[32m     ✓ post create 2xx[0m
[32m     ✓ post list 200[0m
[32m     ✓ post detail 200[0m
[32m     ✓ comment list 200[0m
[32m     ✓ comment reaction 200[0m
[32m     ✓ user info 200[0m
[32m     ✓ my posts 200[0m
[32m     ✓ unread count 200[0m
[32m     ✓ notif list 200[0m
[32m     ✓ post search 200[0m
[32m     ✓ friend list 200[0m
[32m     ✓ received reqs 200[0m
[32m     ✓ chat rooms 200[0m
[32m     ✓ chat messages 200[0m
[32m     ✓ chat read 200[0m
[32m     ✓ scrap 2xx[0m
[32m     ✓ post reaction 2xx[0m
[32m     ✓ refresh 200[0m
[32m     ✓ ws handshake 101[0m
[32m     ✓ meal today 200[0m
[32m     ✓ timetable today 200[0m
[32m     ✓ logout 200[0m
[32m     ✓ read all 200[0m
[32m     ✓ comment create 2xx[0m
[32m     ✓ meal month 200[0m
[32m     ✓ read one 200[0m
[32m     ✓ post update 200[0m
[32m     ✓ post delete 200[0m

     auth_token_refreshes[2m.............:[0m [36m10[0m      [36;2m0.016601/s[0m
     chat_ws_messages_sent[2m............:[0m [36m366[0m     [36;2m0.607602/s[0m
     chat_ws_rtt[2m......................:[0m avg=[36m50.92ms[0m  min=[36m15ms[0m    med=[36m27ms[0m    max=[36m2.11s[0m    p(90)=[36m47ms[0m     p(95)=[36m131.75ms[0m p(99)=[36m538ms[0m   
     checks[2m...........................:[0m [36m100.00%[0m [36;2m✓ 7956[0m      [36;2m✗ 0[0m    
     [32m✓[0m { phase:measure }[2m..............:[0m [36m100.00%[0m [36;2m✓ 5286[0m      [36;2m✗ 0[0m    
     [32m✓[0m { phase:rampdown }[2m.............:[0m [36m100.00%[0m [36;2m✓ 1129[0m      [36;2m✗ 0[0m    
     [32m✓[0m { phase:warmup }[2m...............:[0m [36m100.00%[0m [36;2m✓ 1541[0m      [36;2m✗ 0[0m    
     data_received[2m....................:[0m [36m359 MB[0m  [36;2m597 kB/s[0m
     data_sent[2m........................:[0m [36m3.2 MB[0m  [36;2m5.3 kB/s[0m
     http_req_blocked[2m.................:[0m avg=[36m18.01µs[0m  min=[36m1.65µs[0m  med=[36m5.59µs[0m  max=[36m18.96ms[0m  p(90)=[36m14.5µs[0m   p(95)=[36m17.94µs[0m  p(99)=[36m285.13µs[0m
     http_req_connecting[2m..............:[0m avg=[36m7.6µs[0m    min=[36m0s[0m      med=[36m0s[0m      max=[36m18.84ms[0m  p(90)=[36m0s[0m       p(95)=[36m0s[0m       p(99)=[36m186.84µs[0m
     http_req_duration[2m................:[0m avg=[36m162.59ms[0m min=[36m1.94ms[0m  med=[36m8.32ms[0m  max=[36m13.5s[0m    p(90)=[36m199.53ms[0m p(95)=[36m837.1ms[0m  p(99)=[36m2.83s[0m   
       { expected_response:true }[2m.....:[0m avg=[36m162.59ms[0m min=[36m1.94ms[0m  med=[36m8.32ms[0m  max=[36m13.5s[0m    p(90)=[36m199.53ms[0m p(95)=[36m837.1ms[0m  p(99)=[36m2.83s[0m   
     [32m✓[0m { feature:auth }[2m...............:[0m avg=[36m120.68ms[0m min=[36m16.76ms[0m med=[36m94.4ms[0m  max=[36m1.08s[0m    p(90)=[36m172.07ms[0m p(95)=[36m297.35ms[0m p(99)=[36m852.01ms[0m
     [32m✓[0m { feature:board }[2m..............:[0m avg=[36m45.99ms[0m  min=[36m2.21ms[0m  med=[36m3.72ms[0m  max=[36m2.95s[0m    p(90)=[36m11.51ms[0m  p(95)=[36m112.21ms[0m p(99)=[36m1.19s[0m   
     [32m✓[0m { feature:chat }[2m...............:[0m avg=[36m44.21ms[0m  min=[36m2.41ms[0m  med=[36m5.9ms[0m   max=[36m2.71s[0m    p(90)=[36m29.01ms[0m  p(95)=[36m139.77ms[0m p(99)=[36m941.63ms[0m
     [32m✓[0m { feature:comment }[2m............:[0m avg=[36m679.85ms[0m min=[36m2.19ms[0m  med=[36m74.56ms[0m max=[36m13.5s[0m    p(90)=[36m2.11s[0m    p(95)=[36m2.96s[0m    p(99)=[36m8.54s[0m   
     [32m✓[0m { feature:friend }[2m.............:[0m avg=[36m91.95ms[0m  min=[36m2.57ms[0m  med=[36m4.15ms[0m  max=[36m3.2s[0m     p(90)=[36m51.71ms[0m  p(95)=[36m176.29ms[0m p(99)=[36m2.58s[0m   
     [32m✓[0m { feature:hot }[2m................:[0m avg=[36m54.53ms[0m  min=[36m7.18ms[0m  med=[36m13.72ms[0m max=[36m2.64s[0m    p(90)=[36m38.83ms[0m  p(95)=[36m116.29ms[0m p(99)=[36m1.19s[0m   
     [32m✓[0m { feature:mypage }[2m.............:[0m avg=[36m34.89ms[0m  min=[36m2.54ms[0m  med=[36m4.02ms[0m  max=[36m1.27s[0m    p(90)=[36m11.52ms[0m  p(95)=[36m214.1ms[0m  p(99)=[36m603.14ms[0m
     [32m✓[0m { feature:notification }[2m.......:[0m avg=[36m45.58ms[0m  min=[36m2.35ms[0m  med=[36m9.51ms[0m  max=[36m2.04s[0m    p(90)=[36m43.5ms[0m   p(95)=[36m123.09ms[0m p(99)=[36m987.89ms[0m
     [32m✓[0m { feature:post }[2m...............:[0m avg=[36m40.18ms[0m  min=[36m1.94ms[0m  med=[36m5.89ms[0m  max=[36m2.59s[0m    p(90)=[36m33.8ms[0m   p(95)=[36m89.2ms[0m   p(99)=[36m1.02s[0m   
     [32m✓[0m { feature:reaction }[2m...........:[0m avg=[36m72.18ms[0m  min=[36m15.96ms[0m med=[36m27.55ms[0m max=[36m1.19s[0m    p(90)=[36m96.54ms[0m  p(95)=[36m340.96ms[0m p(99)=[36m867.98ms[0m
     [32m✓[0m { feature:school }[2m.............:[0m avg=[36m74.1ms[0m   min=[36m2.99ms[0m  med=[36m4.41ms[0m  max=[36m2.61s[0m    p(90)=[36m29.8ms[0m   p(95)=[36m129.22ms[0m p(99)=[36m1.6s[0m    
     [32m✓[0m { feature:scrap }[2m..............:[0m avg=[36m37.03ms[0m  min=[36m15.15ms[0m med=[36m20.31ms[0m max=[36m550.92ms[0m p(90)=[36m35.51ms[0m  p(95)=[36m48.54ms[0m  p(99)=[36m354.22ms[0m
     [32m✓[0m { feature:timetable }[2m..........:[0m avg=[36m53.32ms[0m  min=[36m2.56ms[0m  med=[36m4.2ms[0m   max=[36m1.12s[0m    p(90)=[36m49.02ms[0m  p(95)=[36m276.33ms[0m p(99)=[36m880.15ms[0m
     [32m✓[0m { name:board_list }[2m............:[0m avg=[36m45.99ms[0m  min=[36m2.21ms[0m  med=[36m3.72ms[0m  max=[36m2.95s[0m    p(90)=[36m11.51ms[0m  p(95)=[36m112.21ms[0m p(99)=[36m1.19s[0m   
     [32m✓[0m { name:chat_mark_read }[2m........:[0m avg=[36m32.15ms[0m  min=[36m2.76ms[0m  med=[36m4.67ms[0m  max=[36m1.9s[0m     p(90)=[36m18.62ms[0m  p(95)=[36m83.81ms[0m  p(99)=[36m443.83ms[0m
     [32m✓[0m { name:chat_messages }[2m.........:[0m avg=[36m37.59ms[0m  min=[36m3.84ms[0m  med=[36m6.54ms[0m  max=[36m1.72s[0m    p(90)=[36m31.51ms[0m  p(95)=[36m129.21ms[0m p(99)=[36m563.89ms[0m
     [32m✓[0m { name:chat_read_status }[2m......:[0m avg=[36m0s[0m       min=[36m0s[0m      med=[36m0s[0m      max=[36m0s[0m       p(90)=[36m0s[0m       p(95)=[36m0s[0m       p(99)=[36m0s[0m      
     [32m✓[0m { name:chat_rooms }[2m............:[0m avg=[36m52.39ms[0m  min=[36m2.41ms[0m  med=[36m6.07ms[0m  max=[36m2.71s[0m    p(90)=[36m31.1ms[0m   p(95)=[36m164.47ms[0m p(99)=[36m1.03s[0m   
     [32m✓[0m { name:comment_create }[2m........:[0m avg=[36m152.57ms[0m min=[36m28.02ms[0m med=[36m42.29ms[0m max=[36m3.61s[0m    p(90)=[36m97.2ms[0m   p(95)=[36m711.87ms[0m p(99)=[36m2.03s[0m   
     [32m✓[0m { name:comment_delete }[2m........:[0m avg=[36m0s[0m       min=[36m0s[0m      med=[36m0s[0m      max=[36m0s[0m       p(90)=[36m0s[0m       p(95)=[36m0s[0m       p(99)=[36m0s[0m      
     [32m✓[0m { name:comment_list }[2m..........:[0m avg=[36m719.11ms[0m min=[36m2.19ms[0m  med=[36m91.12ms[0m max=[36m13.5s[0m    p(90)=[36m2.15s[0m    p(95)=[36m3.07s[0m    p(99)=[36m8.63s[0m   
     [32m✓[0m { name:comment_reaction }[2m......:[0m avg=[36m58.17ms[0m  min=[36m16.16ms[0m med=[36m26.15ms[0m max=[36m681.54ms[0m p(90)=[36m81.3ms[0m   p(95)=[36m255.69ms[0m p(99)=[36m534.02ms[0m
     [32m✓[0m { name:comment_update }[2m........:[0m avg=[36m0s[0m       min=[36m0s[0m      med=[36m0s[0m      max=[36m0s[0m       p(90)=[36m0s[0m       p(95)=[36m0s[0m       p(99)=[36m0s[0m      
     [32m✓[0m { name:friend_list }[2m...........:[0m avg=[36m111.76ms[0m min=[36m2.71ms[0m  med=[36m4.52ms[0m  max=[36m3.2s[0m     p(90)=[36m53.42ms[0m  p(95)=[36m232.18ms[0m p(99)=[36m2.89s[0m   
     [32m✓[0m { name:friend_req_received }[2m...:[0m avg=[36m35.01ms[0m  min=[36m2.57ms[0m  med=[36m3.41ms[0m  max=[36m792.17ms[0m p(90)=[36m20.56ms[0m  p(95)=[36m92.95ms[0m  p(99)=[36m594.23ms[0m
     [32m✓[0m { name:friend_request }[2m........:[0m avg=[36m0s[0m       min=[36m0s[0m      med=[36m0s[0m      max=[36m0s[0m       p(90)=[36m0s[0m       p(95)=[36m0s[0m       p(99)=[36m0s[0m      
     [32m✓[0m { name:friend_respond }[2m........:[0m avg=[36m0s[0m       min=[36m0s[0m      med=[36m0s[0m      max=[36m0s[0m       p(90)=[36m0s[0m       p(95)=[36m0s[0m       p(99)=[36m0s[0m      
     [32m✓[0m { name:friend_search }[2m.........:[0m avg=[36m0s[0m       min=[36m0s[0m      med=[36m0s[0m      max=[36m0s[0m       p(90)=[36m0s[0m       p(95)=[36m0s[0m       p(99)=[36m0s[0m      
     [32m✓[0m { name:hot_daily }[2m.............:[0m avg=[36m54.53ms[0m  min=[36m7.18ms[0m  med=[36m13.72ms[0m max=[36m2.64s[0m    p(90)=[36m38.83ms[0m  p(95)=[36m116.29ms[0m p(99)=[36m1.19s[0m   
     [32m✓[0m { name:login }[2m.................:[0m avg=[36m135.42ms[0m min=[36m81.58ms[0m med=[36m96.95ms[0m max=[36m1.08s[0m    p(90)=[36m204.04ms[0m p(95)=[36m303.29ms[0m p(99)=[36m925.72ms[0m
     [32m✓[0m { name:logout }[2m................:[0m avg=[36m29.06ms[0m  min=[36m18.05ms[0m med=[36m26.1ms[0m  max=[36m53.95ms[0m  p(90)=[36m41.41ms[0m  p(95)=[36m45.27ms[0m  p(99)=[36m52.21ms[0m 
     [32m✓[0m { name:meal_month }[2m............:[0m avg=[36m8.51ms[0m   min=[36m3.37ms[0m  med=[36m4.41ms[0m  max=[36m35.13ms[0m  p(90)=[36m15.15ms[0m  p(95)=[36m25.14ms[0m  p(99)=[36m33.13ms[0m 
     [32m✓[0m { name:meal_today }[2m............:[0m avg=[36m86.93ms[0m  min=[36m2.99ms[0m  med=[36m4.35ms[0m  max=[36m2.61s[0m    p(90)=[36m35.87ms[0m  p(95)=[36m244.44ms[0m p(99)=[36m1.77s[0m   
     [32m✓[0m { name:my_comments }[2m...........:[0m avg=[36m0s[0m       min=[36m0s[0m      med=[36m0s[0m      max=[36m0s[0m       p(90)=[36m0s[0m       p(95)=[36m0s[0m       p(99)=[36m0s[0m      
     [32m✓[0m { name:my_posts }[2m..............:[0m avg=[36m38.11ms[0m  min=[36m2.54ms[0m  med=[36m4.05ms[0m  max=[36m677.9ms[0m  p(90)=[36m12.94ms[0m  p(95)=[36m346.57ms[0m p(99)=[36m534.8ms[0m 
     [32m✓[0m { name:notif_list }[2m............:[0m avg=[36m81.66ms[0m  min=[36m6.46ms[0m  med=[36m11.51ms[0m max=[36m2.04s[0m    p(90)=[36m46.22ms[0m  p(95)=[36m134.61ms[0m p(99)=[36m2s[0m      
     [32m✓[0m { name:notif_read_all }[2m........:[0m avg=[36m89.42ms[0m  min=[36m3.47ms[0m  med=[36m26.61ms[0m max=[36m1.11s[0m    p(90)=[36m39.88ms[0m  p(95)=[36m256.29ms[0m p(99)=[36m946.65ms[0m
     [32m✓[0m { name:notif_read_one }[2m........:[0m avg=[36m31.63ms[0m  min=[36m12.22ms[0m med=[36m16.54ms[0m max=[36m273.22ms[0m p(90)=[36m31.37ms[0m  p(95)=[36m60.42ms[0m  p(99)=[36m265.11ms[0m
     [32m✓[0m { name:notif_unread_count }[2m....:[0m avg=[36m24.78ms[0m  min=[36m2.35ms[0m  med=[36m3.9ms[0m   max=[36m681.4ms[0m  p(90)=[36m51.51ms[0m  p(95)=[36m80.27ms[0m  p(99)=[36m596.6ms[0m 
     [32m✓[0m { name:post_create }[2m...........:[0m avg=[36m43.91ms[0m  min=[36m15.02ms[0m med=[36m26ms[0m    max=[36m748.99ms[0m p(90)=[36m59.39ms[0m  p(95)=[36m86.61ms[0m  p(99)=[36m325.77ms[0m
     [32m✓[0m { name:post_delete }[2m...........:[0m avg=[36m34.72ms[0m  min=[36m13.35ms[0m med=[36m23.56ms[0m max=[36m223.92ms[0m p(90)=[36m30.28ms[0m  p(95)=[36m80.29ms[0m  p(99)=[36m195.19ms[0m
     [32m✓[0m { name:post_detail }[2m...........:[0m avg=[36m39.17ms[0m  min=[36m3.61ms[0m  med=[36m5.92ms[0m  max=[36m2.59s[0m    p(90)=[36m21.03ms[0m  p(95)=[36m83.84ms[0m  p(99)=[36m1.03s[0m   
     [32m✓[0m { name:post_list_deep }[2m........:[0m avg=[36m0s[0m       min=[36m0s[0m      med=[36m0s[0m      max=[36m0s[0m       p(90)=[36m0s[0m       p(95)=[36m0s[0m       p(99)=[36m0s[0m      
     [32m✓[0m { name:post_list }[2m.............:[0m avg=[36m40.41ms[0m  min=[36m1.94ms[0m  med=[36m3.82ms[0m  max=[36m1.94s[0m    p(90)=[36m38.92ms[0m  p(95)=[36m108.72ms[0m p(99)=[36m1.02s[0m   
     [32m✓[0m { name:post_reaction }[2m.........:[0m avg=[36m77.81ms[0m  min=[36m15.96ms[0m med=[36m28.02ms[0m max=[36m1.19s[0m    p(90)=[36m110.07ms[0m p(95)=[36m429.68ms[0m p(99)=[36m998.15ms[0m
     [32m✓[0m { name:post_search }[2m...........:[0m avg=[36m73.96ms[0m  min=[36m13.71ms[0m med=[36m16.63ms[0m max=[36m1.46s[0m    p(90)=[36m89.2ms[0m   p(95)=[36m329.66ms[0m p(99)=[36m978.4ms[0m 
     [32m✓[0m { name:post_update }[2m...........:[0m avg=[36m23.17ms[0m  min=[36m13.26ms[0m med=[36m17.16ms[0m max=[36m75.74ms[0m  p(90)=[36m33.97ms[0m  p(95)=[36m48.94ms[0m  p(99)=[36m70.38ms[0m 
     [32m✓[0m { name:school_search }[2m.........:[0m avg=[36m0s[0m       min=[36m0s[0m      med=[36m0s[0m      max=[36m0s[0m       p(90)=[36m0s[0m       p(95)=[36m0s[0m       p(99)=[36m0s[0m      
     [32m✓[0m { name:scrap_list }[2m............:[0m avg=[36m0s[0m       min=[36m0s[0m      med=[36m0s[0m      max=[36m0s[0m       p(90)=[36m0s[0m       p(95)=[36m0s[0m       p(99)=[36m0s[0m      
     [32m✓[0m { name:scrap_toggle }[2m..........:[0m avg=[36m37.03ms[0m  min=[36m15.15ms[0m med=[36m20.31ms[0m max=[36m550.92ms[0m p(90)=[36m35.51ms[0m  p(95)=[36m48.54ms[0m  p(99)=[36m354.22ms[0m
     [32m✓[0m { name:subject_list }[2m..........:[0m avg=[36m0s[0m       min=[36m0s[0m      med=[36m0s[0m      max=[36m0s[0m       p(90)=[36m0s[0m       p(95)=[36m0s[0m       p(99)=[36m0s[0m      
     [32m✓[0m { name:template_list }[2m.........:[0m avg=[36m0s[0m       min=[36m0s[0m      med=[36m0s[0m      max=[36m0s[0m       p(90)=[36m0s[0m       p(95)=[36m0s[0m       p(99)=[36m0s[0m      
     [32m✓[0m { name:timetable_today }[2m.......:[0m avg=[36m53.32ms[0m  min=[36m2.56ms[0m  med=[36m4.2ms[0m   max=[36m1.12s[0m    p(90)=[36m49.02ms[0m  p(95)=[36m276.33ms[0m p(99)=[36m880.15ms[0m
     [32m✓[0m { name:token_refresh }[2m.........:[0m avg=[36m96.29ms[0m  min=[36m16.76ms[0m med=[36m28.07ms[0m max=[36m672.28ms[0m p(90)=[36m137.93ms[0m p(95)=[36m405.11ms[0m p(99)=[36m618.85ms[0m
     [32m✓[0m { name:user_info }[2m.............:[0m avg=[36m31.66ms[0m  min=[36m2.57ms[0m  med=[36m3.94ms[0m  max=[36m1.27s[0m    p(90)=[36m10.48ms[0m  p(95)=[36m45.73ms[0m  p(99)=[36m634.28ms[0m
     [32m✓[0m { op:auth }[2m....................:[0m avg=[36m120.68ms[0m min=[36m16.76ms[0m med=[36m94.4ms[0m  max=[36m1.08s[0m    p(90)=[36m172.07ms[0m p(95)=[36m297.35ms[0m p(99)=[36m852.01ms[0m
     [31m✗[0m { op:read,phase:measure }[2m......:[0m avg=[36m210.5ms[0m  min=[36m1.98ms[0m  med=[36m7.19ms[0m  max=[36m13.5s[0m    p(90)=[36m339.21ms[0m p(95)=[36m1.14s[0m    p(99)=[36m4.18s[0m   
     [31m✗[0m { op:write,phase:measure }[2m.....:[0m avg=[36m84.63ms[0m  min=[36m3.04ms[0m  med=[36m23.9ms[0m  max=[36m3.61s[0m    p(90)=[36m92.74ms[0m  p(95)=[36m377.93ms[0m p(99)=[36m1.23s[0m   
     [32m✓[0m { page:0 }[2m.....................:[0m avg=[36m38.63ms[0m  min=[36m1.94ms[0m  med=[36m3.74ms[0m  max=[36m1.89s[0m    p(90)=[36m40.8ms[0m   p(95)=[36m94.05ms[0m  p(99)=[36m681.09ms[0m
     [32m✓[0m { page:1 }[2m.....................:[0m avg=[36m45.55ms[0m  min=[36m2.14ms[0m  med=[36m4.01ms[0m  max=[36m1.94s[0m    p(90)=[36m36.95ms[0m  p(95)=[36m126.49ms[0m p(99)=[36m1.03s[0m   
     [32m✓[0m { page:2 }[2m.....................:[0m avg=[36m36.77ms[0m  min=[36m2.29ms[0m  med=[36m3.74ms[0m  max=[36m1.75s[0m    p(90)=[36m35.8ms[0m   p(95)=[36m58.54ms[0m  p(99)=[36m552.82ms[0m
     [32m✓[0m { page:3 }[2m.....................:[0m avg=[36m50.1ms[0m   min=[36m2.45ms[0m  med=[36m4.33ms[0m  max=[36m1.07s[0m    p(90)=[36m48.38ms[0m  p(95)=[36m88.1ms[0m   p(99)=[36m989.06ms[0m
     [32m✓[0m { page:4 }[2m.....................:[0m avg=[36m28.44ms[0m  min=[36m1.98ms[0m  med=[36m3.77ms[0m  max=[36m322.24ms[0m p(90)=[36m55.62ms[0m  p(95)=[36m134.74ms[0m p(99)=[36m280.91ms[0m
     [32m✓[0m { phase:measure }[2m..............:[0m avg=[36m200.29ms[0m min=[36m1.98ms[0m  med=[36m8.05ms[0m  max=[36m13.5s[0m    p(90)=[36m316.56ms[0m p(95)=[36m1.05s[0m    p(99)=[36m3.79s[0m   
     [32m✓[0m { phase:rampdown }[2m.............:[0m avg=[36m72.6ms[0m   min=[36m1.94ms[0m  med=[36m6.76ms[0m  max=[36m2.37s[0m    p(90)=[36m54.6ms[0m   p(95)=[36m257.77ms[0m p(99)=[36m2.02s[0m   
     [32m✓[0m { phase:warmup }[2m...............:[0m avg=[36m98.94ms[0m  min=[36m2.83ms[0m  med=[36m10.27ms[0m max=[36m5.2s[0m     p(90)=[36m105.47ms[0m p(95)=[36m403.45ms[0m p(99)=[36m2.28s[0m   
     http_req_failed[2m..................:[0m [36m0.00%[0m   [36;2m✓ 0[0m         [36;2m✗ 7891[0m 
     [32m✓[0m { phase:measure }[2m..............:[0m [36m0.00%[0m   [36;2m✓ 0[0m         [36;2m✗ 5245[0m 
     [32m✓[0m { phase:rampdown }[2m.............:[0m [36m0.00%[0m   [36;2m✓ 0[0m         [36;2m✗ 1113[0m 
     [32m✓[0m { phase:warmup }[2m...............:[0m [36m0.00%[0m   [36;2m✓ 0[0m         [36;2m✗ 1533[0m 
     http_req_receiving[2m...............:[0m avg=[36m780.42µs[0m min=[36m24.68µs[0m med=[36m197µs[0m   max=[36m120.48ms[0m p(90)=[36m645.97µs[0m p(95)=[36m2.31ms[0m   p(99)=[36m11.11ms[0m 
     http_req_sending[2m.................:[0m avg=[36m42.88µs[0m  min=[36m5.79µs[0m  med=[36m29.99µs[0m max=[36m3.17ms[0m   p(90)=[36m83.45µs[0m  p(95)=[36m107.02µs[0m p(99)=[36m183.74µs[0m
     http_req_tls_handshaking[2m.........:[0m avg=[36m0s[0m       min=[36m0s[0m      med=[36m0s[0m      max=[36m0s[0m       p(90)=[36m0s[0m       p(95)=[36m0s[0m       p(99)=[36m0s[0m      
     http_req_waiting[2m.................:[0m avg=[36m161.77ms[0m min=[36m1.8ms[0m   med=[36m7.91ms[0m  max=[36m13.49s[0m   p(90)=[36m198.5ms[0m  p(95)=[36m831.56ms[0m p(99)=[36m2.82s[0m   
     http_reqs[2m........................:[0m [36m7891[0m    [36;2m13.099966/s[0m
     [32m✓[0m { feature:auth }[2m...............:[0m [36m142[0m     [36;2m0.235736/s[0m
     [32m✓[0m { feature:board }[2m..............:[0m [36m730[0m     [36;2m1.211884/s[0m
     [32m✓[0m { feature:chat }[2m...............:[0m [36m587[0m     [36;2m0.974487/s[0m
     [32m✓[0m { feature:comment }[2m............:[0m [36m1443[0m    [36;2m2.395546/s[0m
     [32m✓[0m { feature:friend }[2m.............:[0m [36m124[0m     [36;2m0.205854/s[0m
     [32m✓[0m { feature:hot }[2m................:[0m [36m730[0m     [36;2m1.211884/s[0m
     [32m✓[0m { feature:mypage }[2m.............:[0m [36m136[0m     [36;2m0.225776/s[0m
     [32m✓[0m { feature:notification }[2m.......:[0m [36m331[0m     [36;2m0.549498/s[0m
     [32m✓[0m { feature:post }[2m...............:[0m [36m3381[0m    [36;2m5.612848/s[0m
     [32m✓[0m { feature:reaction }[2m...........:[0m [36m143[0m     [36;2m0.237396/s[0m
     [32m✓[0m { feature:school }[2m.............:[0m [36m55[0m      [36;2m0.091306/s[0m
     [32m✓[0m { feature:scrap }[2m..............:[0m [36m43[0m      [36;2m0.071385/s[0m
     [32m✓[0m { feature:timetable }[2m..........:[0m [36m46[0m      [36;2m0.076365/s[0m
     [32m✓[0m { name:board_list }[2m............:[0m [36m730[0m     [36;2m1.211884/s[0m
     [32m✓[0m { name:chat_mark_read }[2m........:[0m [36m137[0m     [36;2m0.227436/s[0m
     [32m✓[0m { name:chat_messages }[2m.........:[0m [36m137[0m     [36;2m0.227436/s[0m
     [32m✓[0m { name:chat_read_status }[2m......:[0m [36m0[0m       [36;2m0/s[0m
     [32m✓[0m { name:chat_rooms }[2m............:[0m [36m313[0m     [36;2m0.519616/s[0m
     [32m✓[0m { name:comment_create }[2m........:[0m [36m100[0m     [36;2m0.166011/s[0m
     [32m✓[0m { name:comment_delete }[2m........:[0m [36m0[0m       [36;2m0/s[0m
     [32m✓[0m { name:comment_list }[2m..........:[0m [36m1343[0m    [36;2m2.229534/s[0m
     [32m✓[0m { name:comment_reaction }[2m......:[0m [36m41[0m      [36;2m0.068065/s[0m
     [32m✓[0m { name:comment_update }[2m........:[0m [36m0[0m       [36;2m0/s[0m
     [32m✓[0m { name:friend_list }[2m...........:[0m [36m92[0m      [36;2m0.152731/s[0m
     [32m✓[0m { name:friend_req_received }[2m...:[0m [36m32[0m      [36;2m0.053124/s[0m
     [32m✓[0m { name:friend_request }[2m........:[0m [36m0[0m       [36;2m0/s[0m
     [32m✓[0m { name:friend_respond }[2m........:[0m [36m0[0m       [36;2m0/s[0m
     [32m✓[0m { name:friend_search }[2m.........:[0m [36m0[0m       [36;2m0/s[0m
     [32m✓[0m { name:hot_daily }[2m.............:[0m [36m730[0m     [36;2m1.211884/s[0m
     [32m✓[0m { name:login }[2m.................:[0m [36m116[0m     [36;2m0.192573/s[0m
     [32m✓[0m { name:logout }[2m................:[0m [36m16[0m      [36;2m0.026562/s[0m
     [32m✓[0m { name:meal_month }[2m............:[0m [36m9[0m       [36;2m0.014941/s[0m
     [32m✓[0m { name:meal_today }[2m............:[0m [36m46[0m      [36;2m0.076365/s[0m
     [32m✓[0m { name:my_comments }[2m...........:[0m [36m0[0m       [36;2m0/s[0m
     [32m✓[0m { name:my_posts }[2m..............:[0m [36m68[0m      [36;2m0.112888/s[0m
     [32m✓[0m { name:notif_list }[2m............:[0m [36m97[0m      [36;2m0.161031/s[0m
     [32m✓[0m { name:notif_read_all }[2m........:[0m [36m17[0m      [36;2m0.028222/s[0m
     [32m✓[0m { name:notif_read_one }[2m........:[0m [36m39[0m      [36;2m0.064744/s[0m
     [32m✓[0m { name:notif_unread_count }[2m....:[0m [36m178[0m     [36;2m0.2955/s[0m
     [32m✓[0m { name:post_create }[2m...........:[0m [36m78[0m      [36;2m0.129489/s[0m
     [32m✓[0m { name:post_delete }[2m...........:[0m [36m16[0m      [36;2m0.026562/s[0m
     [32m✓[0m { name:post_detail }[2m...........:[0m [36m2470[0m    [36;2m4.100484/s[0m
     [32m✓[0m { name:post_list_deep }[2m........:[0m [36m0[0m       [36;2m0/s[0m
     [32m✓[0m { name:post_list }[2m.............:[0m [36m730[0m     [36;2m1.211884/s[0m
     [32m✓[0m { name:post_reaction }[2m.........:[0m [36m102[0m     [36;2m0.169332/s[0m
     [32m✓[0m { name:post_search }[2m...........:[0m [36m71[0m      [36;2m0.117868/s[0m
     [32m✓[0m { name:post_update }[2m...........:[0m [36m16[0m      [36;2m0.026562/s[0m
     [32m✓[0m { name:school_search }[2m.........:[0m [36m0[0m       [36;2m0/s[0m
     [32m✓[0m { name:scrap_list }[2m............:[0m [36m0[0m       [36;2m0/s[0m
     [32m✓[0m { name:scrap_toggle }[2m..........:[0m [36m43[0m      [36;2m0.071385/s[0m
     [32m✓[0m { name:subject_list }[2m..........:[0m [36m0[0m       [36;2m0/s[0m
     [32m✓[0m { name:template_list }[2m.........:[0m [36m0[0m       [36;2m0/s[0m
     [32m✓[0m { name:timetable_today }[2m.......:[0m [36m46[0m      [36;2m0.076365/s[0m
     [32m✓[0m { name:token_refresh }[2m.........:[0m [36m10[0m      [36;2m0.016601/s[0m
     [32m✓[0m { name:user_info }[2m.............:[0m [36m68[0m      [36;2m0.112888/s[0m
     [32m✓[0m { op:auth }[2m....................:[0m [36m142[0m     [36;2m0.235736/s[0m
     [32m✓[0m { op:read }[2m....................:[0m [36m7160[0m    [36;2m11.886422/s[0m
     [32m✓[0m { op:write }[2m...................:[0m [36m589[0m     [36;2m0.977808/s[0m
     [32m✓[0m { page:0 }[2m.....................:[0m [36m400[0m     [36;2m0.664046/s[0m
     [32m✓[0m { page:1 }[2m.....................:[0m [36m162[0m     [36;2m0.268939/s[0m
     [32m✓[0m { page:2 }[2m.....................:[0m [36m87[0m      [36;2m0.14443/s[0m
     [32m✓[0m { page:3 }[2m.....................:[0m [36m54[0m      [36;2m0.089646/s[0m
     [32m✓[0m { page:4 }[2m.....................:[0m [36m27[0m      [36;2m0.044823/s[0m
     [32m✓[0m { phase:measure }[2m..............:[0m [36m5245[0m    [36;2m8.707302/s[0m
     [32m✓[0m { phase:rampdown }[2m.............:[0m [36m1113[0m    [36;2m1.847708/s[0m
     [32m✓[0m { phase:warmup }[2m...............:[0m [36m1533[0m    [36;2m2.544956/s[0m
     iteration_duration[2m...............:[0m avg=[36m10.28s[0m   min=[36m1.02s[0m   med=[36m7.8s[0m    max=[36m36.01s[0m   p(90)=[36m19.23s[0m   p(95)=[36m22.1s[0m    p(99)=[36m28.92s[0m  
     iterations[2m.......................:[0m [36m1799[0m    [36;2m2.986546/s[0m
     [32m✓[0m { phase:measure }[2m..............:[0m [36m0[0m       [36;2m0/s[0m
     [32m✓[0m { phase:rampdown }[2m.............:[0m [36m0[0m       [36;2m0/s[0m
     [32m✓[0m { phase:warmup }[2m...............:[0m [36m0[0m       [36;2m0/s[0m
     phase_iterations[2m.................:[0m [36m1799[0m    [36;2m2.986546/s[0m
     [32m✓[0m { phase:measure }[2m..............:[0m [36m1193[0m    [36;2m1.980517/s[0m
     [32m✓[0m { phase:rampdown }[2m.............:[0m [36m285[0m     [36;2m0.473133/s[0m
     [32m✓[0m { phase:warmup }[2m...............:[0m [36m321[0m     [36;2m0.532897/s[0m
     vus[2m..............................:[0m [36m1[0m       [36;2mmin=0[0m       [36;2mmax=58[0m 
     vus_max[2m..........................:[0m [36m100[0m     [36;2mmin=100[0m     [36;2mmax=100[0m
     ws_connecting[2m....................:[0m avg=[36m17.34ms[0m  min=[36m2.3ms[0m   med=[36m3.25ms[0m  max=[36m461.53ms[0m p(90)=[36m5.46ms[0m   p(95)=[36m93.91ms[0m  p(99)=[36m276.5ms[0m 
     ws_msgs_received[2m.................:[0m [36m431[0m     [36;2m0.715509/s[0m
     ws_msgs_sent[2m.....................:[0m [36m496[0m     [36;2m0.823417/s[0m
     ws_session_duration[2m..............:[0m avg=[36m22.6s[0m    min=[36m15.16s[0m  med=[36m23.08s[0m  max=[36m29.56s[0m   p(90)=[36m28.58s[0m   p(95)=[36m28.9s[0m    p(99)=[36m29.51s[0m  
     ws_sessions[2m......................:[0m [36m65[0m      [36;2m0.107907/s[0m
running (10m02.4s), 000/100 VUs, 1799 complete and 0 interrupted iterations
normal_day ✓ [ 100% ] 000/100 VUs  10m0s  0.13 iters/s
  호스트(Windows) 590표본 · CPU 14.0% (max 52.0) · 정규화성능 114.9% · vmmem 159.1% · 바쁜코어 2.7개 · 가용메모리 801MB
  부하 중 벤치(warmup +60초, 3회 중앙값) · single 6138ms (유휴 대비 3.4%) · parallel 5747ms (유휴 대비 6.4%) · ctxswitch 2714ms (유휴 대비 8.4%)

  실행 후 상태 sha256:2e20fa19ead4 — chat_messages.count +366, chat_messages.maxId +366, comments.count +100, comments.maxId +100, notifications.count +100 (외 12개)
    (지문 제외 항목: posts.sumViewCount +2052, daily_hot_post.count +55)
Prometheus 스크레이프 대기 20초...

══════════════════════════════════════════════════════════════════════════
  Performance Report — normal-day   Run #124   ❌ FAIL
══════════════════════════════════════════════════════════════════════════
  ⚠  한계 근처 — 큐가 생기기 시작했습니다. p95 에 대기 시간이 섞여 있습니다.
     · DB 커넥션 대기 스레드 1.86 — 커넥션 풀 앞에 대기줄이 생겼다. 요청 지연에 대기 시간이 포함된다.
     · 현재 실행은 NEAR_LIMIT, 기준선은 HEADROOM 입니다 — 포화 영역과 비포화 영역의 p95 는 서로 다른 물리량이라 증감률에 의미가 없습니다.
  환경 perf  |  브랜치 personal/localdocs  |  커밋 1e23e03c  |  빌드 local
  시작 2026-08-25 19:59:15 KST  |  수행 10m 2s  |  VU max 100
  데이터셋 medium  |  부하 ramping-arrival-rate 0→4@3m0s→4@5m0s→0@2m0s maxVU 600

  ── 성능 (measure 구간) ─────────────────────────────────────────
  평균 200ms     P95 1.06s     P99 3.79s    
  RPS  17.5      TPS 3.98      오류율 0.00%

  ── 인프라 ────────────────────────────────────────────────────────
  CPU  1.41 core (한계의 70%)   throttled 22.9%
  Heap 774 MB (76%)   GC max 103ms × 78회
  DB   slow 773  QPS 5,041  풀 100%  대기 29
  Redis hit 99.3%  ops 59.7/s  evicted 0

  ── 회귀 (기준: normal-day-2026-08-20T12-20-57) ────────────────
  ⚠  기준선은 당시 k6 threshold 미통과 실행입니다, 당시 Node 판정 FAIL.
     아래 증감률은 개선/악화 폭이며 현재 SLO 통과를 뜻하지 않습니다.
  ❌ P95 응답시간                   368ms → 1.06s (+187.1%)
       1057 > 상한 500
       직전 대비 +187.1% 악화 (허용 20%)
  ❌ P99 응답시간                   2.15s → 3.79s (+76.6%)
       3794 > 상한 1200
       직전 대비 +76.6% 악화 (허용 30%)
  ❌ 평균 응답시간                    93ms → 200ms (+115.2%)
       직전 대비 +115.2% 악화 (허용 25%)
  ⚠️  CPU 포화도 (한계 대비 최대)         49.5% → 70.3% (+41.8%)
       직전 대비 +41.8% 악화 (경고 30%)
  ❌ HikariCP 포화도               30.0% → 100.0% (+233.3%)
       100 > 상한 95.00
  ❌ HikariCP 대기 스레드 최대         
       29.00 > 상한 5.00
  ⚠️  커넥션 획득 p95                 1.0ms → 73ms (+7577.1%)
       73.28 > 상한 10.00
       직전 대비 +7577.1% 악화 (경고 50%)

  ── 병목 가설 ─────────────────────────────────────────────────────
  • DB 커넥션 풀 대기 발생
    최대 29개 스레드가 커넥션을 기다렸다. 풀 크기(10)가 동시성 대비 부족하거나, 커넥션 보유 시간이 긴 쿼리가 있다. (임계 warn 1 / fail 5)
  • HTTP 요청당 쿼리 수 과다
    요청 1건당 평균 288.3개 쿼리가 실행됐다. N+1 패턴 가능성이 높다. (임계 warn 10 / fail 50)
  • Slow Query 다발
    요청 1000건당 147.4건의 slow query(>100ms, 총 773건). 인덱스 또는 쿼리 계획 점검 대상. (임계 warn 1 / fail 100)
  • DB 커넥션 풀 포화
    풀 사용률이 100%까지 올라갔다. 여유가 거의 없어 부하가 조금만 늘어도 대기가 생긴다. (임계 warn 80 / fail 95)

  보고서 : reports\runs\normal-day-2026-08-25T11-09-17\report.html
  Grafana(전체 실행): http://localhost:3001/d/htd-perf-overview/highteenday-performance-overview?from=1787655435594&to=1787656277962
  Grafana(measure) : http://localhost:3001/d/htd-perf-overview/highteenday-performance-overview?from=1787655615594&to=1787656155594
══════════════════════════════════════════════════════════════════════════

  [1/5] p95 1057.2ms · 평균 200.3ms · 서버측 196.8ms · 경로 3.5ms

──────── [2/5] 리셋 (restart) ────────

▶ k6 run scenarios/normal-day.js
  브랜치 personal/localdocs · 커밋 1e23e03c3d52 · 실행자 user@DESKTOP-DJJPASG
  환경 perf · "KI-27 Before — API 축 포함 CV 확정용 5회 — repeatability 2/5"
  데이터셋 medium · 상태 sha256:2e20fa19ead4 (174ms)
  캐시 warm (키 1개)
  guard strict — 상태 불일치 시 스냅샷 복원 후 재확인 [perf.config.json]
    guard=strict — 스냅샷으로 복원합니다.
▶ 복원 — medium-20260816-062210 → perf-mysql-data-medium
  앱·MySQL 정지
  MySQL 기동
  Redis FLUSHALL (복원 후 캐시는 cold 다)
  앱 기동
  복원 후 상태 지문 sha256:ffe696d17416 = 스냅샷 일치

✅ 복원 완료 · 소요 5.5초 (압축 해제 구간)

  부하 발생기: 컨테이너 perf-k6 (grafana/k6:2.1.0, CPU 상한 4)
  k6 지표 전송: http://prometheus:9090/api/v1/write (native histogram, 5s 간격)
  환경 대조 벤치 실행 중(3축 3회, 약 40초)... single 5821ms · parallel 5707ms · ctxswitch 2562ms
  부하 중 벤치 예약: k6 시작 +60초 (warmup 구간, 3회)

         /\      Grafana   /‾‾/  
    /\  /  \     |\  __   /  /   
   /  \/    \    | |/ /  /   ‾‾\ 
  /          \   |   (  |  (‾)  |
 / __________ \  |_|\_\  \_____/ 


     execution: local
        script: scenarios/normal-day.js
        output: Prometheus remote write (http://prometheus:9090/api/v1/write)

     scenarios: (100.00%) 1 scenario, 600 max VUs, 10m30s max duration (incl. graceful stop):
              * normal_day: Up to 4.00 iterations/s for 10m0s over 3 stages (maxVUs: 100-600, gracefulStop: 30s)


running (00m00.9s), 000/100 VUs, 0 complete and 0 interrupted iterations
normal_day   [   0% ] 000/100 VUs  00m00.9s/10m0s  0.11 iters/s

running (00m01.9s), 000/100 VUs, 0 complete and 0 interrupted iterations
normal_day   [   0% ] 000/100 VUs  00m01.9s/10m0s  0.11 iters/s

running (00m02.9s), 000/100 VUs, 0 complete and 0 interrupted iterations
normal_day   [   0% ] 000/100 VUs  00m02.9s/10m0s  0.11 iters/s

running (00m03.9s), 000/100 VUs, 0 complete and 0 interrupted iterations
normal_day   [   1% ] 000/100 VUs  00m03.9s/10m0s  0.11 iters/s

running (00m04.9s), 000/100 VUs, 0 complete and 0 interrupted iterations
normal_day   [   1% ] 000/100 VUs  00m04.9s/10m0s  0.11 iters/s

running (00m05.9s), 000/100 VUs, 0 complete and 0 interrupted iterations
normal_day   [   1% ] 000/100 VUs  00m05.9s/10m0s  0.11 iters/s

running (00m06.9s), 000/100 VUs, 0 complete and 0 interrupted iterations
normal_day   [   1% ] 000/100 VUs  00m06.9s/10m0s  0.11 iters/s

running (00m07.9s), 000/100 VUs, 0 complete and 0 interrupted iterations
normal_day   [   1% ] 000/100 VUs  00m07.9s/10m0s  0.11 iters/s

running (00m08.9s), 000/100 VUs, 0 complete and 0 interrupted iterations
normal_day   [   1% ] 000/100 VUs  00m08.9s/10m0s  0.11 iters/s

running (00m09.9s), 001/100 VUs, 0 complete and 0 interrupted iterations
normal_day   [   2% ] 001/100 VUs  00m09.9s/10m0s  0.25 iters/s

running (00m10.9s), 001/100 VUs, 0 complete and 0 interrupted iterations
normal_day   [   2% ] 001/100 VUs  00m10.9s/10m0s  0.25 iters/s

running (00m11.9s), 001/100 VUs, 0 complete and 0 interrupted iterations
normal_day   [   2% ] 001/100 VUs  00m11.9s/10m0s  0.25 iters/s

running (00m12.9s), 001/100 VUs, 0 complete and 0 interrupted iterations
normal_day   [   2% ] 001/100 VUs  00m12.9s/10m0s  0.25 iters/s

running (00m13.9s), 002/100 VUs, 0 complete and 0 interrupted iterations
normal_day   [   2% ] 002/100 VUs  00m13.9s/10m0s  0.33 iters/s

running (00m14.9s), 001/100 VUs, 1 complete and 0 interrupted iterations
normal_day   [   2% ] 001/100 VUs  00m14.9s/10m0s  0.33 iters/s

running (00m15.9s), 001/100 VUs, 1 complete and 0 interrupted iterations
normal_day   [   3% ] 001/100 VUs  00m15.9s/10m0s  0.33 iters/s

running (00m16.9s), 002/100 VUs, 1 complete and 0 interrupted iterations
normal_day   [   3% ] 002/100 VUs  00m16.9s/10m0s  0.39 iters/s

running (00m17.9s), 002/100 VUs, 1 complete and 0 interrupted iterations
normal_day   [   3% ] 002/100 VUs  00m17.9s/10m0s  0.39 iters/s

running (00m18.9s), 002/100 VUs, 1 complete and 0 interrupted iterations
normal_day   [   3% ] 002/100 VUs  00m18.9s/10m0s  0.39 iters/s

running (00m19.9s), 003/100 VUs, 1 complete and 0 interrupted iterations
normal_day   [   3% ] 003/100 VUs  00m19.9s/10m0s  0.45 iters/s

running (00m20.9s), 003/100 VUs, 1 complete and 0 interrupted iterations
normal_day   [   3% ] 003/100 VUs  00m20.9s/10m0s  0.45 iters/s

running (00m21.9s), 004/100 VUs, 1 complete and 0 interrupted iterations
normal_day   [   4% ] 004/100 VUs  00m21.9s/10m0s  0.49 iters/s

running (00m22.9s), 004/100 VUs, 1 complete and 0 interrupted iterations
normal_day   [   4% ] 004/100 VUs  00m22.9s/10m0s  0.49 iters/s

running (00m23.9s), 005/100 VUs, 1 complete and 0 interrupted iterations
normal_day   [   4% ] 005/100 VUs  00m23.9s/10m0s  0.54 iters/s

running (00m24.9s), 005/100 VUs, 1 complete and 0 interrupted iterations
normal_day   [   4% ] 005/100 VUs  00m24.9s/10m0s  0.54 iters/s

running (00m25.9s), 005/100 VUs, 2 complete and 0 interrupted iterations
normal_day   [   4% ] 005/100 VUs  00m25.9s/10m0s  0.58 iters/s

running (00m26.9s), 006/100 VUs, 2 complete and 0 interrupted iterations
normal_day   [   4% ] 006/100 VUs  00m26.9s/10m0s  0.61 iters/s

running (00m27.9s), 005/100 VUs, 3 complete and 0 interrupted iterations
normal_day   [   5% ] 005/100 VUs  00m27.9s/10m0s  0.61 iters/s

running (00m28.9s), 006/100 VUs, 3 complete and 0 interrupted iterations
normal_day   [   5% ] 006/100 VUs  00m28.9s/10m0s  0.65 iters/s

running (00m29.9s), 006/100 VUs, 3 complete and 0 interrupted iterations
normal_day   [   5% ] 006/100 VUs  00m29.9s/10m0s  0.65 iters/s

running (00m30.9s), 006/100 VUs, 4 complete and 0 interrupted iterations
normal_day   [   5% ] 006/100 VUs  00m30.9s/10m0s  0.68 iters/s

running (00m31.9s), 007/100 VUs, 4 complete and 0 interrupted iterations
normal_day   [   5% ] 007/100 VUs  00m31.9s/10m0s  0.71 iters/s

running (00m32.9s), 008/100 VUs, 4 complete and 0 interrupted iterations
normal_day   [   5% ] 008/100 VUs  00m32.9s/10m0s  0.75 iters/s

running (00m33.9s), 006/100 VUs, 6 complete and 0 interrupted iterations
normal_day   [   6% ] 006/100 VUs  00m33.9s/10m0s  0.75 iters/s

running (00m34.9s), 007/100 VUs, 6 complete and 0 interrupted iterations
normal_day   [   6% ] 007/100 VUs  00m34.9s/10m0s  0.77 iters/s

running (00m35.9s), 005/100 VUs, 9 complete and 0 interrupted iterations
normal_day   [   6% ] 005/100 VUs  00m35.9s/10m0s  0.80 iters/s

running (00m36.9s), 006/100 VUs, 9 complete and 0 interrupted iterations
normal_day   [   6% ] 006/100 VUs  00m36.9s/10m0s  0.83 iters/s

running (00m37.9s), 005/100 VUs, 10 complete and 0 interrupted iterations
normal_day   [   6% ] 005/100 VUs  00m37.9s/10m0s  0.83 iters/s

running (00m38.9s), 006/100 VUs, 10 complete and 0 interrupted iterations
normal_day   [   6% ] 006/100 VUs  00m38.9s/10m0s  0.86 iters/s

running (00m39.9s), 007/100 VUs, 10 complete and 0 interrupted iterations
normal_day   [   7% ] 007/100 VUs  00m39.9s/10m0s  0.88 iters/s

running (00m40.9s), 008/100 VUs, 10 complete and 0 interrupted iterations
normal_day   [   7% ] 008/100 VUs  00m40.9s/10m0s  0.91 iters/s

running (00m41.9s), 008/100 VUs, 11 complete and 0 interrupted iterations
normal_day   [   7% ] 008/100 VUs  00m41.9s/10m0s  0.93 iters/s

running (00m42.9s), 008/100 VUs, 12 complete and 0 interrupted iterations
normal_day   [   7% ] 008/100 VUs  00m42.9s/10m0s  0.95 iters/s

running (00m43.9s), 007/100 VUs, 14 complete and 0 interrupted iterations
normal_day   [   7% ] 007/100 VUs  00m43.9s/10m0s  0.98 iters/s

running (00m44.9s), 008/100 VUs, 14 complete and 0 interrupted iterations
normal_day   [   7% ] 008/100 VUs  00m44.9s/10m0s  1.00 iters/s

running (00m45.9s), 007/100 VUs, 16 complete and 0 interrupted iterations
normal_day   [   8% ] 007/100 VUs  00m45.9s/10m0s  1.02 iters/s

running (00m46.9s), 008/100 VUs, 16 complete and 0 interrupted iterations
normal_day   [   8% ] 008/100 VUs  00m46.9s/10m0s  1.04 iters/s

running (00m47.9s), 009/100 VUs, 16 complete and 0 interrupted iterations
normal_day   [   8% ] 009/100 VUs  00m47.9s/10m0s  1.06 iters/s

running (00m48.9s), 009/100 VUs, 17 complete and 0 interrupted iterations
normal_day   [   8% ] 009/100 VUs  00m48.9s/10m0s  1.09 iters/s

running (00m49.9s), 010/100 VUs, 17 complete and 0 interrupted iterations
normal_day   [   8% ] 010/100 VUs  00m49.9s/10m0s  1.11 iters/s

running (00m50.9s), 011/100 VUs, 17 complete and 0 interrupted iterations
normal_day   [   8% ] 011/100 VUs  00m50.9s/10m0s  1.13 iters/s

running (00m51.9s), 010/100 VUs, 19 complete and 0 interrupted iterations
normal_day   [   9% ] 010/100 VUs  00m51.9s/10m0s  1.14 iters/s

running (00m52.9s), 012/100 VUs, 19 complete and 0 interrupted iterations
normal_day   [   9% ] 012/100 VUs  00m52.9s/10m0s  1.18 iters/s

running (00m53.9s), 012/100 VUs, 20 complete and 0 interrupted iterations
normal_day   [   9% ] 012/100 VUs  00m53.9s/10m0s  1.20 iters/s

running (00m54.9s), 010/100 VUs, 23 complete and 0 interrupted iterations
normal_day   [   9% ] 010/100 VUs  00m54.9s/10m0s  1.22 iters/s

running (00m55.9s), 011/100 VUs, 23 complete and 0 interrupted iterations
normal_day   [   9% ] 011/100 VUs  00m55.9s/10m0s  1.24 iters/s

running (00m56.9s), 012/100 VUs, 23 complete and 0 interrupted iterations
normal_day   [   9% ] 012/100 VUs  00m56.9s/10m0s  1.26 iters/s

running (00m57.9s), 012/100 VUs, 25 complete and 0 interrupted iterations
normal_day   [  10% ] 012/100 VUs  00m57.9s/10m0s  1.29 iters/s

running (00m58.9s), 013/100 VUs, 25 complete and 0 interrupted iterations
normal_day   [  10% ] 013/100 VUs  00m58.9s/10m0s  1.31 iters/s

running (00m59.9s), 014/100 VUs, 25 complete and 0 interrupted iterations
normal_day   [  10% ] 014/100 VUs  00m59.9s/10m0s  1.32 iters/s

running (01m00.9s), 012/100 VUs, 29 complete and 0 interrupted iterations
normal_day   [  10% ] 012/100 VUs  01m00.9s/10m0s  1.36 iters/s

running (01m01.9s), 013/100 VUs, 29 complete and 0 interrupted iterations
normal_day   [  10% ] 013/100 VUs  01m01.9s/10m0s  1.37 iters/s

running (01m02.9s), 010/100 VUs, 33 complete and 0 interrupted iterations
normal_day   [  10% ] 010/100 VUs  01m02.9s/10m0s  1.39 iters/s

running (01m03.9s), 011/100 VUs, 34 complete and 0 interrupted iterations
normal_day   [  11% ] 011/100 VUs  01m03.9s/10m0s  1.42 iters/s

running (01m04.9s), 011/100 VUs, 35 complete and 0 interrupted iterations
normal_day   [  11% ] 011/100 VUs  01m04.9s/10m0s  1.44 iters/s

running (01m05.9s), 012/100 VUs, 36 complete and 0 interrupted iterations
normal_day   [  11% ] 012/100 VUs  01m05.9s/10m0s  1.47 iters/s

running (01m06.9s), 013/100 VUs, 36 complete and 0 interrupted iterations
normal_day   [  11% ] 013/100 VUs  01m06.9s/10m0s  1.48 iters/s

running (01m07.9s), 013/100 VUs, 38 complete and 0 interrupted iterations
normal_day   [  11% ] 013/100 VUs  01m07.9s/10m0s  1.51 iters/s

running (01m08.9s), 012/100 VUs, 40 complete and 0 interrupted iterations
normal_day   [  11% ] 012/100 VUs  01m08.9s/10m0s  1.53 iters/s

running (01m09.9s), 011/100 VUs, 43 complete and 0 interrupted iterations
normal_day   [  12% ] 011/100 VUs  01m09.9s/10m0s  1.56 iters/s

running (01m10.9s), 012/100 VUs, 43 complete and 0 interrupted iterations
normal_day   [  12% ] 012/100 VUs  01m10.9s/10m0s  1.57 iters/s

running (01m11.9s), 011/100 VUs, 46 complete and 0 interrupted iterations
normal_day   [  12% ] 011/100 VUs  01m11.9s/10m0s  1.60 iters/s

running (01m12.9s), 012/100 VUs, 46 complete and 0 interrupted iterations
normal_day   [  12% ] 012/100 VUs  01m12.9s/10m0s  1.61 iters/s

running (01m13.9s), 012/100 VUs, 48 complete and 0 interrupted iterations
normal_day   [  12% ] 012/100 VUs  01m13.9s/10m0s  1.64 iters/s

running (01m14.9s), 013/100 VUs, 49 complete and 0 interrupted iterations
normal_day   [  12% ] 013/100 VUs  01m14.9s/10m0s  1.67 iters/s

running (01m15.9s), 010/100 VUs, 53 complete and 0 interrupted iterations
normal_day   [  13% ] 010/100 VUs  01m15.9s/10m0s  1.68 iters/s

running (01m16.9s), 012/100 VUs, 53 complete and 0 interrupted iterations
normal_day   [  13% ] 012/100 VUs  01m16.9s/10m0s  1.71 iters/s

running (01m17.9s), 014/100 VUs, 53 complete and 0 interrupted iterations
normal_day   [  13% ] 014/100 VUs  01m17.9s/10m0s  1.73 iters/s

running (01m18.9s), 016/100 VUs, 53 complete and 0 interrupted iterations
normal_day   [  13% ] 016/100 VUs  01m18.9s/10m0s  1.76 iters/s

running (01m19.9s), 016/100 VUs, 54 complete and 0 interrupted iterations
normal_day   [  13% ] 016/100 VUs  01m19.9s/10m0s  1.77 iters/s

running (01m20.9s), 016/100 VUs, 56 complete and 0 interrupted iterations
normal_day   [  13% ] 016/100 VUs  01m20.9s/10m0s  1.80 iters/s

running (01m21.9s), 016/100 VUs, 58 complete and 0 interrupted iterations
normal_day   [  14% ] 016/100 VUs  01m21.9s/10m0s  1.82 iters/s

running (01m22.9s), 018/100 VUs, 58 complete and 0 interrupted iterations
normal_day   [  14% ] 018/100 VUs  01m22.9s/10m0s  1.84 iters/s

running (01m23.9s), 020/100 VUs, 58 complete and 0 interrupted iterations
normal_day   [  14% ] 020/100 VUs  01m23.9s/10m0s  1.87 iters/s

running (01m24.9s), 021/100 VUs, 59 complete and 0 interrupted iterations
normal_day   [  14% ] 021/100 VUs  01m24.9s/10m0s  1.89 iters/s

running (01m25.9s), 022/100 VUs, 59 complete and 0 interrupted iterations
normal_day   [  14% ] 022/100 VUs  01m25.9s/10m0s  1.90 iters/s

running (01m26.9s), 021/100 VUs, 62 complete and 0 interrupted iterations
normal_day   [  14% ] 021/100 VUs  01m26.9s/10m0s  1.93 iters/s

running (01m27.9s), 017/100 VUs, 68 complete and 0 interrupted iterations
normal_day   [  15% ] 017/100 VUs  01m27.9s/10m0s  1.95 iters/s

running (01m28.9s), 018/100 VUs, 69 complete and 0 interrupted iterations
normal_day   [  15% ] 018/100 VUs  01m28.9s/10m0s  1.97 iters/s

running (01m29.9s), 019/100 VUs, 70 complete and 0 interrupted iterations
normal_day   [  15% ] 019/100 VUs  01m29.9s/10m0s  1.99 iters/s

running (01m30.9s), 021/100 VUs, 70 complete and 0 interrupted iterations
normal_day   [  15% ] 021/100 VUs  01m30.9s/10m0s  2.02 iters/s

running (01m31.9s), 022/100 VUs, 71 complete and 0 interrupted iterations
normal_day   [  15% ] 022/100 VUs  01m31.9s/10m0s  2.04 iters/s

running (01m32.9s), 021/100 VUs, 74 complete and 0 interrupted iterations
normal_day   [  15% ] 021/100 VUs  01m32.9s/10m0s  2.06 iters/s

running (01m33.9s), 020/100 VUs, 77 complete and 0 interrupted iterations
normal_day   [  16% ] 020/100 VUs  01m33.9s/10m0s  2.08 iters/s

running (01m34.9s), 021/100 VUs, 78 complete and 0 interrupted iterations
normal_day   [  16% ] 021/100 VUs  01m34.9s/10m0s  2.10 iters/s

running (01m35.9s), 022/100 VUs, 80 complete and 0 interrupted iterations
normal_day   [  16% ] 022/100 VUs  01m35.9s/10m0s  2.13 iters/s

running (01m36.9s), 021/100 VUs, 83 complete and 0 interrupted iterations
normal_day   [  16% ] 021/100 VUs  01m36.9s/10m0s  2.16 iters/s

running (01m37.9s), 019/100 VUs, 87 complete and 0 interrupted iterations
normal_day   [  16% ] 019/100 VUs  01m37.9s/10m0s  2.18 iters/s

running (01m38.9s), 019/100 VUs, 89 complete and 0 interrupted iterations
normal_day   [  16% ] 019/100 VUs  01m38.9s/10m0s  2.20 iters/s

running (01m39.9s), 020/100 VUs, 90 complete and 0 interrupted iterations
normal_day   [  17% ] 020/100 VUs  01m39.9s/10m0s  2.22 iters/s

running (01m40.9s), 020/100 VUs, 93 complete and 0 interrupted iterations
normal_day   [  17% ] 020/100 VUs  01m40.9s/10m0s  2.25 iters/s

running (01m41.9s), 020/100 VUs, 95 complete and 0 interrupted iterations
normal_day   [  17% ] 020/100 VUs  01m41.9s/10m0s  2.27 iters/s

running (01m42.9s), 019/100 VUs, 98 complete and 0 interrupted iterations
normal_day   [  17% ] 019/100 VUs  01m42.9s/10m0s  2.29 iters/s

running (01m43.9s), 021/100 VUs, 98 complete and 0 interrupted iterations
normal_day   [  17% ] 021/100 VUs  01m43.9s/10m0s  2.30 iters/s

running (01m44.9s), 021/100 VUs, 101 complete and 0 interrupted iterations
normal_day   [  17% ] 021/100 VUs  01m44.9s/10m0s  2.33 iters/s

running (01m45.9s), 023/100 VUs, 101 complete and 0 interrupted iterations
normal_day   [  18% ] 023/100 VUs  01m45.9s/10m0s  2.35 iters/s

running (01m46.9s), 023/100 VUs, 103 complete and 0 interrupted iterations
normal_day   [  18% ] 023/100 VUs  01m46.9s/10m0s  2.37 iters/s

running (01m47.9s), 024/100 VUs, 105 complete and 0 interrupted iterations
normal_day   [  18% ] 024/100 VUs  01m47.9s/10m0s  2.40 iters/s

running (01m48.9s), 022/100 VUs, 109 complete and 0 interrupted iterations
normal_day   [  18% ] 022/100 VUs  01m48.9s/10m0s  2.42 iters/s

running (01m49.9s), 020/100 VUs, 114 complete and 0 interrupted iterations
normal_day   [  18% ] 020/100 VUs  01m49.9s/10m0s  2.44 iters/s

running (01m50.9s), 021/100 VUs, 115 complete and 0 interrupted iterations
normal_day   [  18% ] 021/100 VUs  01m50.9s/10m0s  2.46 iters/s

running (01m51.9s), 021/100 VUs, 118 complete and 0 interrupted iterations
normal_day   [  19% ] 021/100 VUs  01m51.9s/10m0s  2.49 iters/s

running (01m52.9s), 022/100 VUs, 119 complete and 0 interrupted iterations
normal_day   [  19% ] 022/100 VUs  01m52.9s/10m0s  2.51 iters/s

running (01m53.9s), 024/100 VUs, 120 complete and 0 interrupted iterations
normal_day   [  19% ] 024/100 VUs  01m53.9s/10m0s  2.53 iters/s

running (01m54.9s), 023/100 VUs, 123 complete and 0 interrupted iterations
normal_day   [  19% ] 023/100 VUs  01m54.9s/10m0s  2.55 iters/s

running (01m55.9s), 022/100 VUs, 127 complete and 0 interrupted iterations
normal_day   [  19% ] 022/100 VUs  01m55.9s/10m0s  2.58 iters/s

running (01m56.9s), 023/100 VUs, 128 complete and 0 interrupted iterations
normal_day   [  19% ] 023/100 VUs  01m56.9s/10m0s  2.59 iters/s

running (01m57.9s), 024/100 VUs, 130 complete and 0 interrupted iterations
normal_day   [  20% ] 024/100 VUs  01m57.9s/10m0s  2.62 iters/s

running (01m58.9s), 024/100 VUs, 132 complete and 0 interrupted iterations
normal_day   [  20% ] 024/100 VUs  01m58.9s/10m0s  2.64 iters/s

running (01m59.9s), 025/100 VUs, 134 complete and 0 interrupted iterations
normal_day   [  20% ] 025/100 VUs  01m59.9s/10m0s  2.66 iters/s

running (02m00.9s), 024/100 VUs, 138 complete and 0 interrupted iterations
normal_day   [  20% ] 024/100 VUs  02m00.9s/10m0s  2.69 iters/s

running (02m01.9s), 025/100 VUs, 140 complete and 0 interrupted iterations
normal_day   [  20% ] 025/100 VUs  02m01.9s/10m0s  2.71 iters/s

running (02m02.9s), 025/100 VUs, 142 complete and 0 interrupted iterations
normal_day   [  20% ] 025/100 VUs  02m02.9s/10m0s  2.73 iters/s

running (02m03.9s), 025/100 VUs, 145 complete and 0 interrupted iterations
normal_day   [  21% ] 025/100 VUs  02m03.9s/10m0s  2.75 iters/s

running (02m04.9s), 024/100 VUs, 149 complete and 0 interrupted iterations
normal_day   [  21% ] 024/100 VUs  02m04.9s/10m0s  2.78 iters/s

running (02m05.9s), 025/100 VUs, 151 complete and 0 interrupted iterations
normal_day   [  21% ] 025/100 VUs  02m05.9s/10m0s  2.80 iters/s

running (02m06.9s), 026/100 VUs, 152 complete and 0 interrupted iterations
normal_day   [  21% ] 026/100 VUs  02m06.9s/10m0s  2.82 iters/s

running (02m07.9s), 025/100 VUs, 156 complete and 0 interrupted iterations
normal_day   [  21% ] 025/100 VUs  02m07.9s/10m0s  2.84 iters/s

running (02m08.9s), 025/100 VUs, 159 complete and 0 interrupted iterations
normal_day   [  21% ] 025/100 VUs  02m08.9s/10m0s  2.86 iters/s

running (02m09.9s), 024/100 VUs, 163 complete and 0 interrupted iterations
normal_day   [  22% ] 024/100 VUs  02m09.9s/10m0s  2.89 iters/s

running (02m10.9s), 027/100 VUs, 163 complete and 0 interrupted iterations
normal_day   [  22% ] 027/100 VUs  02m10.9s/10m0s  2.91 iters/s

running (02m11.9s), 027/100 VUs, 166 complete and 0 interrupted iterations
normal_day   [  22% ] 027/100 VUs  02m11.9s/10m0s  2.93 iters/s

running (02m12.9s), 026/100 VUs, 170 complete and 0 interrupted iterations
normal_day   [  22% ] 026/100 VUs  02m12.9s/10m0s  2.96 iters/s

running (02m13.9s), 023/100 VUs, 176 complete and 0 interrupted iterations
normal_day   [  22% ] 023/100 VUs  02m13.9s/10m0s  2.98 iters/s

running (02m14.9s), 024/100 VUs, 178 complete and 0 interrupted iterations
normal_day   [  22% ] 024/100 VUs  02m14.9s/10m0s  3.00 iters/s

running (02m15.9s), 025/100 VUs, 180 complete and 0 interrupted iterations
normal_day   [  23% ] 025/100 VUs  02m15.9s/10m0s  3.02 iters/s

running (02m16.9s), 025/100 VUs, 183 complete and 0 interrupted iterations
normal_day   [  23% ] 025/100 VUs  02m16.9s/10m0s  3.04 iters/s

running (02m17.9s), 025/100 VUs, 186 complete and 0 interrupted iterations
normal_day   [  23% ] 025/100 VUs  02m17.9s/10m0s  3.07 iters/s

running (02m18.9s), 025/100 VUs, 189 complete and 0 interrupted iterations
normal_day   [  23% ] 025/100 VUs  02m18.9s/10m0s  3.09 iters/s

running (02m19.9s), 024/100 VUs, 193 complete and 0 interrupted iterations
normal_day   [  23% ] 024/100 VUs  02m19.9s/10m0s  3.11 iters/s

running (02m20.9s), 026/100 VUs, 194 complete and 0 interrupted iterations
normal_day   [  23% ] 026/100 VUs  02m20.9s/10m0s  3.13 iters/s

running (02m21.9s), 027/100 VUs, 196 complete and 0 interrupted iterations
normal_day   [  24% ] 027/100 VUs  02m21.9s/10m0s  3.15 iters/s

running (02m22.9s), 028/100 VUs, 198 complete and 0 interrupted iterations
normal_day   [  24% ] 028/100 VUs  02m22.9s/10m0s  3.17 iters/s

running (02m23.9s), 028/100 VUs, 201 complete and 0 interrupted iterations
normal_day   [  24% ] 028/100 VUs  02m23.9s/10m0s  3.19 iters/s

running (02m24.9s), 030/100 VUs, 203 complete and 0 interrupted iterations
normal_day   [  24% ] 030/100 VUs  02m24.9s/10m0s  3.22 iters/s

running (02m25.9s), 030/100 VUs, 206 complete and 0 interrupted iterations
normal_day   [  24% ] 030/100 VUs  02m25.9s/10m0s  3.24 iters/s

running (02m26.9s), 033/100 VUs, 206 complete and 0 interrupted iterations
normal_day   [  24% ] 033/100 VUs  02m26.9s/10m0s  3.26 iters/s

running (02m27.9s), 034/100 VUs, 208 complete and 0 interrupted iterations
normal_day   [  25% ] 034/100 VUs  02m27.9s/10m0s  3.28 iters/s

running (02m28.9s), 037/100 VUs, 209 complete and 0 interrupted iterations
normal_day   [  25% ] 037/100 VUs  02m28.9s/10m0s  3.31 iters/s

running (02m29.9s), 038/100 VUs, 211 complete and 0 interrupted iterations
normal_day   [  25% ] 038/100 VUs  02m29.9s/10m0s  3.33 iters/s

running (02m30.9s), 038/100 VUs, 214 complete and 0 interrupted iterations
normal_day   [  25% ] 038/100 VUs  02m30.9s/10m0s  3.35 iters/s

running (02m31.9s), 038/100 VUs, 218 complete and 0 interrupted iterations
normal_day   [  25% ] 038/100 VUs  02m31.9s/10m0s  3.38 iters/s

running (02m32.9s), 038/100 VUs, 221 complete and 0 interrupted iterations
normal_day   [  25% ] 038/100 VUs  02m32.9s/10m0s  3.40 iters/s

running (02m33.9s), 038/100 VUs, 225 complete and 0 interrupted iterations
normal_day   [  26% ] 038/100 VUs  02m33.9s/10m0s  3.42 iters/s

running (02m34.9s), 033/100 VUs, 233 complete and 0 interrupted iterations
normal_day   [  26% ] 033/100 VUs  02m34.9s/10m0s  3.44 iters/s

running (02m35.9s), 032/100 VUs, 237 complete and 0 interrupted iterations
normal_day   [  26% ] 032/100 VUs  02m35.9s/10m0s  3.46 iters/s

running (02m36.9s), 032/100 VUs, 241 complete and 0 interrupted iterations
normal_day   [  26% ] 032/100 VUs  02m36.9s/10m0s  3.49 iters/s

running (02m37.9s), 033/100 VUs, 243 complete and 0 interrupted iterations
normal_day   [  26% ] 033/100 VUs  02m37.9s/10m0s  3.51 iters/s

running (02m38.9s), 034/100 VUs, 246 complete and 0 interrupted iterations
normal_day   [  26% ] 034/100 VUs  02m38.9s/10m0s  3.53 iters/s

running (02m39.9s), 033/100 VUs, 250 complete and 0 interrupted iterations
normal_day   [  27% ] 033/100 VUs  02m39.9s/10m0s  3.55 iters/s

running (02m40.9s), 034/100 VUs, 253 complete and 0 interrupted iterations
normal_day   [  27% ] 034/100 VUs  02m40.9s/10m0s  3.57 iters/s

running (02m41.9s), 035/100 VUs, 256 complete and 0 interrupted iterations
normal_day   [  27% ] 035/100 VUs  02m41.9s/10m0s  3.60 iters/s

running (02m42.9s), 035/100 VUs, 259 complete and 0 interrupted iterations
normal_day   [  27% ] 035/100 VUs  02m42.9s/10m0s  3.62 iters/s

running (02m43.9s), 033/100 VUs, 265 complete and 0 interrupted iterations
normal_day   [  27% ] 033/100 VUs  02m43.9s/10m0s  3.64 iters/s

running (02m44.9s), 033/100 VUs, 269 complete and 0 interrupted iterations
normal_day   [  27% ] 033/100 VUs  02m44.9s/10m0s  3.67 iters/s

running (02m45.9s), 034/100 VUs, 271 complete and 0 interrupted iterations
normal_day   [  28% ] 034/100 VUs  02m45.9s/10m0s  3.68 iters/s

running (02m46.9s), 037/100 VUs, 272 complete and 0 interrupted iterations
normal_day   [  28% ] 037/100 VUs  02m46.9s/10m0s  3.71 iters/s

running (02m47.9s), 038/100 VUs, 275 complete and 0 interrupted iterations
normal_day   [  28% ] 038/100 VUs  02m47.9s/10m0s  3.73 iters/s

running (02m48.9s), 039/100 VUs, 277 complete and 0 interrupted iterations
normal_day   [  28% ] 039/100 VUs  02m48.9s/10m0s  3.75 iters/s

running (02m49.9s), 038/100 VUs, 282 complete and 0 interrupted iterations
normal_day   [  28% ] 038/100 VUs  02m49.9s/10m0s  3.77 iters/s

running (02m50.9s), 039/100 VUs, 285 complete and 0 interrupted iterations
normal_day   [  28% ] 039/100 VUs  02m50.9s/10m0s  3.80 iters/s

running (02m51.9s), 042/100 VUs, 286 complete and 0 interrupted iterations
normal_day   [  29% ] 042/100 VUs  02m51.9s/10m0s  3.82 iters/s

running (02m52.9s), 042/100 VUs, 290 complete and 0 interrupted iterations
normal_day   [  29% ] 042/100 VUs  02m52.9s/10m0s  3.84 iters/s

running (02m53.9s), 041/100 VUs, 294 complete and 0 interrupted iterations
normal_day   [  29% ] 041/100 VUs  02m53.9s/10m0s  3.86 iters/s

running (02m54.9s), 040/100 VUs, 299 complete and 0 interrupted iterations
normal_day   [  29% ] 040/100 VUs  02m54.9s/10m0s  3.88 iters/s

running (02m55.9s), 040/100 VUs, 303 complete and 0 interrupted iterations
normal_day   [  29% ] 040/100 VUs  02m55.9s/10m0s  3.91 iters/s

running (02m56.9s), 042/100 VUs, 305 complete and 0 interrupted iterations
normal_day   [  29% ] 042/100 VUs  02m56.9s/10m0s  3.93 iters/s

running (02m57.9s), 039/100 VUs, 312 complete and 0 interrupted iterations
normal_day   [  30% ] 039/100 VUs  02m57.9s/10m0s  3.95 iters/s

running (02m58.9s), 039/100 VUs, 316 complete and 0 interrupted iterations
normal_day   [  30% ] 039/100 VUs  02m58.9s/10m0s  3.97 iters/s

running (02m59.9s), 038/100 VUs, 321 complete and 0 interrupted iterations
normal_day   [  30% ] 038/100 VUs  02m59.9s/10m0s  4.00 iters/s

running (03m00.9s), 037/100 VUs, 326 complete and 0 interrupted iterations
normal_day   [  30% ] 037/100 VUs  03m00.9s/10m0s  4.00 iters/s

running (03m01.9s), 027/100 VUs, 340 complete and 0 interrupted iterations
normal_day   [  30% ] 027/100 VUs  03m01.9s/10m0s  4.00 iters/s

running (03m02.9s), 028/100 VUs, 343 complete and 0 interrupted iterations
normal_day   [  30% ] 028/100 VUs  03m02.9s/10m0s  4.00 iters/s

running (03m03.9s), 028/100 VUs, 347 complete and 0 interrupted iterations
normal_day   [  31% ] 028/100 VUs  03m03.9s/10m0s  4.00 iters/s

running (03m04.9s), 031/100 VUs, 348 complete and 0 interrupted iterations
normal_day   [  31% ] 031/100 VUs  03m04.9s/10m0s  4.00 iters/s

running (03m05.9s), 029/100 VUs, 354 complete and 0 interrupted iterations
normal_day   [  31% ] 029/100 VUs  03m05.9s/10m0s  4.00 iters/s

running (03m06.9s), 032/100 VUs, 355 complete and 0 interrupted iterations
normal_day   [  31% ] 032/100 VUs  03m06.9s/10m0s  4.00 iters/s

running (03m07.9s), 031/100 VUs, 360 complete and 0 interrupted iterations
normal_day   [  31% ] 031/100 VUs  03m07.9s/10m0s  4.00 iters/s

running (03m08.9s), 033/100 VUs, 362 complete and 0 interrupted iterations
normal_day   [  31% ] 033/100 VUs  03m08.9s/10m0s  4.00 iters/s

running (03m09.9s), 035/100 VUs, 364 complete and 0 interrupted iterations
normal_day   [  32% ] 035/100 VUs  03m09.9s/10m0s  4.00 iters/s

running (03m10.9s), 038/100 VUs, 365 complete and 0 interrupted iterations
normal_day   [  32% ] 038/100 VUs  03m10.9s/10m0s  4.00 iters/s

running (03m11.9s), 039/100 VUs, 368 complete and 0 interrupted iterations
normal_day   [  32% ] 039/100 VUs  03m11.9s/10m0s  4.00 iters/s

running (03m12.9s), 038/100 VUs, 373 complete and 0 interrupted iterations
normal_day   [  32% ] 038/100 VUs  03m12.9s/10m0s  4.00 iters/s

running (03m13.9s), 040/100 VUs, 375 complete and 0 interrupted iterations
normal_day   [  32% ] 040/100 VUs  03m13.9s/10m0s  4.00 iters/s

running (03m14.9s), 043/100 VUs, 376 complete and 0 interrupted iterations
normal_day   [  32% ] 043/100 VUs  03m14.9s/10m0s  4.00 iters/s

running (03m15.9s), 044/100 VUs, 379 complete and 0 interrupted iterations
normal_day   [  33% ] 044/100 VUs  03m15.9s/10m0s  4.00 iters/s

running (03m16.9s), 045/100 VUs, 382 complete and 0 interrupted iterations
normal_day   [  33% ] 045/100 VUs  03m16.9s/10m0s  4.00 iters/s

running (03m17.9s), 042/100 VUs, 389 complete and 0 interrupted iterations
normal_day   [  33% ] 042/100 VUs  03m17.9s/10m0s  4.00 iters/s

running (03m18.9s), 039/100 VUs, 396 complete and 0 interrupted iterations
normal_day   [  33% ] 039/100 VUs  03m18.9s/10m0s  4.00 iters/s

running (03m19.9s), 040/100 VUs, 399 complete and 0 interrupted iterations
normal_day   [  33% ] 040/100 VUs  03m19.9s/10m0s  4.00 iters/s

running (03m20.9s), 042/100 VUs, 401 complete and 0 interrupted iterations
normal_day   [  33% ] 042/100 VUs  03m20.9s/10m0s  4.00 iters/s

running (03m21.9s), 039/100 VUs, 408 complete and 0 interrupted iterations
normal_day   [  34% ] 039/100 VUs  03m21.9s/10m0s  4.00 iters/s

running (03m22.9s), 043/100 VUs, 408 complete and 0 interrupted iterations
normal_day   [  34% ] 043/100 VUs  03m22.9s/10m0s  4.00 iters/s

running (03m23.9s), 043/100 VUs, 412 complete and 0 interrupted iterations
normal_day   [  34% ] 043/100 VUs  03m23.9s/10m0s  4.00 iters/s

running (03m24.9s), 040/100 VUs, 419 complete and 0 interrupted iterations
normal_day   [  34% ] 040/100 VUs  03m24.9s/10m0s  4.00 iters/s

running (03m25.9s), 040/100 VUs, 423 complete and 0 interrupted iterations
normal_day   [  34% ] 040/100 VUs  03m25.9s/10m0s  4.00 iters/s

running (03m26.9s), 041/100 VUs, 426 complete and 0 interrupted iterations
normal_day   [  34% ] 041/100 VUs  03m26.9s/10m0s  4.00 iters/s

running (03m27.9s), 042/100 VUs, 429 complete and 0 interrupted iterations
normal_day   [  35% ] 042/100 VUs  03m27.9s/10m0s  4.00 iters/s

running (03m28.9s), 041/100 VUs, 434 complete and 0 interrupted iterations
normal_day   [  35% ] 041/100 VUs  03m28.9s/10m0s  4.00 iters/s

running (03m29.9s), 043/100 VUs, 436 complete and 0 interrupted iterations
normal_day   [  35% ] 043/100 VUs  03m29.9s/10m0s  4.00 iters/s

running (03m30.9s), 047/100 VUs, 436 complete and 0 interrupted iterations
normal_day   [  35% ] 047/100 VUs  03m30.9s/10m0s  4.00 iters/s

running (03m31.9s), 044/100 VUs, 443 complete and 0 interrupted iterations
normal_day   [  35% ] 044/100 VUs  03m31.9s/10m0s  4.00 iters/s

running (03m32.9s), 038/100 VUs, 453 complete and 0 interrupted iterations
normal_day   [  35% ] 038/100 VUs  03m32.9s/10m0s  4.00 iters/s

running (03m33.9s), 038/100 VUs, 457 complete and 0 interrupted iterations
normal_day   [  36% ] 038/100 VUs  03m33.9s/10m0s  4.00 iters/s

running (03m34.9s), 038/100 VUs, 461 complete and 0 interrupted iterations
normal_day   [  36% ] 038/100 VUs  03m34.9s/10m0s  4.00 iters/s

running (03m35.9s), 040/100 VUs, 463 complete and 0 interrupted iterations
normal_day   [  36% ] 040/100 VUs  03m35.9s/10m0s  4.00 iters/s

running (03m36.9s), 038/100 VUs, 469 complete and 0 interrupted iterations
normal_day   [  36% ] 038/100 VUs  03m36.9s/10m0s  4.00 iters/s

running (03m37.9s), 039/100 VUs, 472 complete and 0 interrupted iterations
normal_day   [  36% ] 039/100 VUs  03m37.9s/10m0s  4.00 iters/s

running (03m38.9s), 040/100 VUs, 475 complete and 0 interrupted iterations
normal_day   [  36% ] 040/100 VUs  03m38.9s/10m0s  4.00 iters/s

running (03m39.9s), 041/100 VUs, 478 complete and 0 interrupted iterations
normal_day   [  37% ] 041/100 VUs  03m39.9s/10m0s  4.00 iters/s

running (03m40.9s), 044/100 VUs, 479 complete and 0 interrupted iterations
normal_day   [  37% ] 044/100 VUs  03m40.9s/10m0s  4.00 iters/s

running (03m41.9s), 045/100 VUs, 482 complete and 0 interrupted iterations
normal_day   [  37% ] 045/100 VUs  03m41.9s/10m0s  4.00 iters/s

running (03m42.9s), 042/100 VUs, 489 complete and 0 interrupted iterations
normal_day   [  37% ] 042/100 VUs  03m42.9s/10m0s  4.00 iters/s

running (03m43.9s), 042/100 VUs, 493 complete and 0 interrupted iterations
normal_day   [  37% ] 042/100 VUs  03m43.9s/10m0s  4.00 iters/s

running (03m44.9s), 045/100 VUs, 494 complete and 0 interrupted iterations
normal_day   [  37% ] 045/100 VUs  03m44.9s/10m0s  4.00 iters/s

running (03m45.9s), 048/100 VUs, 495 complete and 0 interrupted iterations
normal_day   [  38% ] 048/100 VUs  03m45.9s/10m0s  4.00 iters/s

running (03m46.9s), 045/100 VUs, 502 complete and 0 interrupted iterations
normal_day   [  38% ] 045/100 VUs  03m46.9s/10m0s  4.00 iters/s

running (03m47.9s), 044/100 VUs, 507 complete and 0 interrupted iterations
normal_day   [  38% ] 044/100 VUs  03m47.9s/10m0s  4.00 iters/s

running (03m48.9s), 044/100 VUs, 511 complete and 0 interrupted iterations
normal_day   [  38% ] 044/100 VUs  03m48.9s/10m0s  4.00 iters/s

running (03m49.9s), 045/100 VUs, 514 complete and 0 interrupted iterations
normal_day   [  38% ] 045/100 VUs  03m49.9s/10m0s  4.00 iters/s

running (03m50.9s), 047/100 VUs, 516 complete and 0 interrupted iterations
normal_day   [  38% ] 047/100 VUs  03m50.9s/10m0s  4.00 iters/s

running (03m51.9s), 046/100 VUs, 521 complete and 0 interrupted iterations
normal_day   [  39% ] 046/100 VUs  03m51.9s/10m0s  4.00 iters/s

running (03m52.9s), 046/100 VUs, 525 complete and 0 interrupted iterations
normal_day   [  39% ] 046/100 VUs  03m52.9s/10m0s  4.00 iters/s

running (03m53.9s), 047/100 VUs, 528 complete and 0 interrupted iterations
normal_day   [  39% ] 047/100 VUs  03m53.9s/10m0s  4.00 iters/s

running (03m54.9s), 043/100 VUs, 536 complete and 0 interrupted iterations
normal_day   [  39% ] 043/100 VUs  03m54.9s/10m0s  4.00 iters/s

running (03m55.9s), 042/100 VUs, 541 complete and 0 interrupted iterations
normal_day   [  39% ] 042/100 VUs  03m55.9s/10m0s  4.00 iters/s

running (03m56.9s), 042/100 VUs, 545 complete and 0 interrupted iterations
normal_day   [  39% ] 042/100 VUs  03m56.9s/10m0s  4.00 iters/s

running (03m57.9s), 042/100 VUs, 549 complete and 0 interrupted iterations
normal_day   [  40% ] 042/100 VUs  03m57.9s/10m0s  4.00 iters/s

running (03m58.9s), 042/100 VUs, 553 complete and 0 interrupted iterations
normal_day   [  40% ] 042/100 VUs  03m58.9s/10m0s  4.00 iters/s

running (03m59.9s), 043/100 VUs, 556 complete and 0 interrupted iterations
normal_day   [  40% ] 043/100 VUs  03m59.9s/10m0s  4.00 iters/s

running (04m00.9s), 042/100 VUs, 561 complete and 0 interrupted iterations
normal_day   [  40% ] 042/100 VUs  04m00.9s/10m0s  4.00 iters/s

running (04m01.9s), 043/100 VUs, 564 complete and 0 interrupted iterations
normal_day   [  40% ] 043/100 VUs  04m01.9s/10m0s  4.00 iters/s

running (04m02.9s), 046/100 VUs, 565 complete and 0 interrupted iterations
normal_day   [  40% ] 046/100 VUs  04m02.9s/10m0s  4.00 iters/s

running (04m03.9s), 047/100 VUs, 568 complete and 0 interrupted iterations
normal_day   [  41% ] 047/100 VUs  04m03.9s/10m0s  4.00 iters/s

running (04m04.9s), 045/100 VUs, 574 complete and 0 interrupted iterations
normal_day   [  41% ] 045/100 VUs  04m04.9s/10m0s  4.00 iters/s

running (04m05.9s), 044/100 VUs, 579 complete and 0 interrupted iterations
normal_day   [  41% ] 044/100 VUs  04m05.9s/10m0s  4.00 iters/s

running (04m06.9s), 044/100 VUs, 583 complete and 0 interrupted iterations
normal_day   [  41% ] 044/100 VUs  04m06.9s/10m0s  4.00 iters/s

running (04m07.9s), 042/100 VUs, 589 complete and 0 interrupted iterations
normal_day   [  41% ] 042/100 VUs  04m07.9s/10m0s  4.00 iters/s

running (04m08.9s), 042/100 VUs, 593 complete and 0 interrupted iterations
normal_day   [  41% ] 042/100 VUs  04m08.9s/10m0s  4.00 iters/s

running (04m09.9s), 041/100 VUs, 598 complete and 0 interrupted iterations
normal_day   [  42% ] 041/100 VUs  04m09.9s/10m0s  4.00 iters/s

running (04m10.9s), 044/100 VUs, 599 complete and 0 interrupted iterations
normal_day   [  42% ] 044/100 VUs  04m10.9s/10m0s  4.00 iters/s

running (04m11.9s), 042/100 VUs, 605 complete and 0 interrupted iterations
normal_day   [  42% ] 042/100 VUs  04m11.9s/10m0s  4.00 iters/s

running (04m12.9s), 042/100 VUs, 609 complete and 0 interrupted iterations
normal_day   [  42% ] 042/100 VUs  04m12.9s/10m0s  4.00 iters/s

running (04m13.9s), 039/100 VUs, 616 complete and 0 interrupted iterations
normal_day   [  42% ] 039/100 VUs  04m13.9s/10m0s  4.00 iters/s

running (04m14.9s), 041/100 VUs, 618 complete and 0 interrupted iterations
normal_day   [  42% ] 041/100 VUs  04m14.9s/10m0s  4.00 iters/s

running (04m15.9s), 040/100 VUs, 623 complete and 0 interrupted iterations
normal_day   [  43% ] 040/100 VUs  04m15.9s/10m0s  4.00 iters/s

running (04m16.9s), 040/100 VUs, 627 complete and 0 interrupted iterations
normal_day   [  43% ] 040/100 VUs  04m16.9s/10m0s  4.00 iters/s

running (04m17.9s), 040/100 VUs, 631 complete and 0 interrupted iterations
normal_day   [  43% ] 040/100 VUs  04m17.9s/10m0s  4.00 iters/s

running (04m18.9s), 041/100 VUs, 634 complete and 0 interrupted iterations
normal_day   [  43% ] 041/100 VUs  04m18.9s/10m0s  4.00 iters/s

running (04m19.9s), 041/100 VUs, 638 complete and 0 interrupted iterations
normal_day   [  43% ] 041/100 VUs  04m19.9s/10m0s  4.00 iters/s

running (04m20.8s), 041/100 VUs, 642 complete and 0 interrupted iterations
normal_day   [  43% ] 041/100 VUs  04m20.9s/10m0s  4.00 iters/s

running (04m21.9s), 037/100 VUs, 650 complete and 0 interrupted iterations
normal_day   [  44% ] 037/100 VUs  04m21.9s/10m0s  4.00 iters/s

running (04m22.9s), 037/100 VUs, 654 complete and 0 interrupted iterations
normal_day   [  44% ] 037/100 VUs  04m22.9s/10m0s  4.00 iters/s

running (04m23.9s), 035/100 VUs, 660 complete and 0 interrupted iterations
normal_day   [  44% ] 035/100 VUs  04m23.9s/10m0s  4.00 iters/s

running (04m24.9s), 036/100 VUs, 663 complete and 0 interrupted iterations
normal_day   [  44% ] 036/100 VUs  04m24.9s/10m0s  4.00 iters/s

running (04m25.9s), 039/100 VUs, 664 complete and 0 interrupted iterations
normal_day   [  44% ] 039/100 VUs  04m25.9s/10m0s  4.00 iters/s

running (04m26.9s), 041/100 VUs, 666 complete and 0 interrupted iterations
normal_day   [  44% ] 041/100 VUs  04m26.9s/10m0s  4.00 iters/s

running (04m27.9s), 042/100 VUs, 669 complete and 0 interrupted iterations
normal_day   [  45% ] 042/100 VUs  04m27.9s/10m0s  4.00 iters/s

running (04m28.9s), 044/100 VUs, 671 complete and 0 interrupted iterations
normal_day   [  45% ] 044/100 VUs  04m28.9s/10m0s  4.00 iters/s

running (04m29.9s), 043/100 VUs, 676 complete and 0 interrupted iterations
normal_day   [  45% ] 043/100 VUs  04m29.9s/10m0s  4.00 iters/s

running (04m30.9s), 038/100 VUs, 685 complete and 0 interrupted iterations
normal_day   [  45% ] 038/100 VUs  04m30.9s/10m0s  4.00 iters/s

running (04m31.9s), 040/100 VUs, 687 complete and 0 interrupted iterations
normal_day   [  45% ] 040/100 VUs  04m31.9s/10m0s  4.00 iters/s

running (04m32.9s), 035/100 VUs, 696 complete and 0 interrupted iterations
normal_day   [  45% ] 035/100 VUs  04m32.9s/10m0s  4.00 iters/s

running (04m33.8s), 036/100 VUs, 699 complete and 0 interrupted iterations
normal_day   [  46% ] 036/100 VUs  04m33.9s/10m0s  4.00 iters/s

running (04m34.9s), 038/100 VUs, 701 complete and 0 interrupted iterations
normal_day   [  46% ] 038/100 VUs  04m34.9s/10m0s  4.00 iters/s

running (04m35.9s), 038/100 VUs, 705 complete and 0 interrupted iterations
normal_day   [  46% ] 038/100 VUs  04m35.9s/10m0s  4.00 iters/s

running (04m36.9s), 039/100 VUs, 708 complete and 0 interrupted iterations
normal_day   [  46% ] 039/100 VUs  04m36.9s/10m0s  4.00 iters/s

running (04m37.9s), 036/100 VUs, 715 complete and 0 interrupted iterations
normal_day   [  46% ] 036/100 VUs  04m37.9s/10m0s  4.00 iters/s

running (04m38.9s), 035/100 VUs, 720 complete and 0 interrupted iterations
normal_day   [  46% ] 035/100 VUs  04m38.9s/10m0s  4.00 iters/s

running (04m39.9s), 037/100 VUs, 722 complete and 0 interrupted iterations
normal_day   [  47% ] 037/100 VUs  04m39.9s/10m0s  4.00 iters/s

running (04m40.8s), 036/100 VUs, 727 complete and 0 interrupted iterations
normal_day   [  47% ] 036/100 VUs  04m40.9s/10m0s  4.00 iters/s

running (04m41.9s), 037/100 VUs, 730 complete and 0 interrupted iterations
normal_day   [  47% ] 037/100 VUs  04m41.9s/10m0s  4.00 iters/s

running (04m42.9s), 037/100 VUs, 734 complete and 0 interrupted iterations
normal_day   [  47% ] 037/100 VUs  04m42.9s/10m0s  4.00 iters/s

running (04m43.9s), 035/100 VUs, 740 complete and 0 interrupted iterations
normal_day   [  47% ] 035/100 VUs  04m43.9s/10m0s  4.00 iters/s

running (04m44.9s), 034/100 VUs, 745 complete and 0 interrupted iterations
normal_day   [  47% ] 034/100 VUs  04m44.9s/10m0s  4.00 iters/s

running (04m45.9s), 032/100 VUs, 751 complete and 0 interrupted iterations
normal_day   [  48% ] 032/100 VUs  04m45.9s/10m0s  4.00 iters/s

running (04m46.8s), 031/100 VUs, 756 complete and 0 interrupted iterations
normal_day   [  48% ] 031/100 VUs  04m46.9s/10m0s  4.00 iters/s

running (04m47.8s), 032/100 VUs, 759 complete and 0 interrupted iterations
normal_day   [  48% ] 032/100 VUs  04m47.9s/10m0s  4.00 iters/s

running (04m48.8s), 033/100 VUs, 762 complete and 0 interrupted iterations
normal_day   [  48% ] 033/100 VUs  04m48.9s/10m0s  4.00 iters/s

running (04m49.8s), 034/100 VUs, 765 complete and 0 interrupted iterations
normal_day   [  48% ] 034/100 VUs  04m49.9s/10m0s  4.00 iters/s

running (04m50.8s), 032/100 VUs, 771 complete and 0 interrupted iterations
normal_day   [  48% ] 032/100 VUs  04m50.9s/10m0s  4.00 iters/s

running (04m51.8s), 034/100 VUs, 773 complete and 0 interrupted iterations
normal_day   [  49% ] 034/100 VUs  04m51.9s/10m0s  4.00 iters/s

running (04m52.8s), 035/100 VUs, 776 complete and 0 interrupted iterations
normal_day   [  49% ] 035/100 VUs  04m52.9s/10m0s  4.00 iters/s

running (04m53.8s), 033/100 VUs, 782 complete and 0 interrupted iterations
normal_day   [  49% ] 033/100 VUs  04m53.9s/10m0s  4.00 iters/s

running (04m54.8s), 032/100 VUs, 787 complete and 0 interrupted iterations
normal_day   [  49% ] 032/100 VUs  04m54.9s/10m0s  4.00 iters/s

running (04m55.8s), 034/100 VUs, 789 complete and 0 interrupted iterations
normal_day   [  49% ] 034/100 VUs  04m55.9s/10m0s  4.00 iters/s

running (04m56.8s), 034/100 VUs, 793 complete and 0 interrupted iterations
normal_day   [  49% ] 034/100 VUs  04m56.9s/10m0s  4.00 iters/s

running (04m57.8s), 035/100 VUs, 796 complete and 0 interrupted iterations
normal_day   [  50% ] 035/100 VUs  04m57.9s/10m0s  4.00 iters/s

running (04m58.8s), 038/100 VUs, 797 complete and 0 interrupted iterations
normal_day   [  50% ] 038/100 VUs  04m58.9s/10m0s  4.00 iters/s

running (04m59.8s), 038/100 VUs, 801 complete and 0 interrupted iterations
normal_day   [  50% ] 038/100 VUs  04m59.9s/10m0s  4.00 iters/s

running (05m00.8s), 037/100 VUs, 806 complete and 0 interrupted iterations
normal_day   [  50% ] 037/100 VUs  05m00.9s/10m0s  4.00 iters/s

running (05m01.8s), 035/100 VUs, 812 complete and 0 interrupted iterations
normal_day   [  50% ] 035/100 VUs  05m01.9s/10m0s  4.00 iters/s

running (05m02.8s), 038/100 VUs, 813 complete and 0 interrupted iterations
normal_day   [  50% ] 038/100 VUs  05m02.9s/10m0s  4.00 iters/s

running (05m03.8s), 039/100 VUs, 816 complete and 0 interrupted iterations
normal_day   [  51% ] 039/100 VUs  05m03.9s/10m0s  4.00 iters/s

running (05m04.8s), 040/100 VUs, 819 complete and 0 interrupted iterations
normal_day   [  51% ] 040/100 VUs  05m04.9s/10m0s  4.00 iters/s

running (05m05.8s), 040/100 VUs, 823 complete and 0 interrupted iterations
normal_day   [  51% ] 040/100 VUs  05m05.9s/10m0s  4.00 iters/s

running (05m06.8s), 036/100 VUs, 831 complete and 0 interrupted iterations
normal_day   [  51% ] 036/100 VUs  05m06.9s/10m0s  4.00 iters/s

running (05m07.8s), 034/100 VUs, 837 complete and 0 interrupted iterations
normal_day   [  51% ] 034/100 VUs  05m07.9s/10m0s  4.00 iters/s

running (05m08.8s), 036/100 VUs, 839 complete and 0 interrupted iterations
normal_day   [  51% ] 036/100 VUs  05m08.9s/10m0s  4.00 iters/s

running (05m09.8s), 039/100 VUs, 840 complete and 0 interrupted iterations
normal_day   [  52% ] 039/100 VUs  05m09.9s/10m0s  4.00 iters/s

running (05m10.8s), 039/100 VUs, 844 complete and 0 interrupted iterations
normal_day   [  52% ] 039/100 VUs  05m10.9s/10m0s  4.00 iters/s

running (05m11.8s), 039/100 VUs, 848 complete and 0 interrupted iterations
normal_day   [  52% ] 039/100 VUs  05m11.9s/10m0s  4.00 iters/s

running (05m12.8s), 040/100 VUs, 851 complete and 0 interrupted iterations
normal_day   [  52% ] 040/100 VUs  05m12.9s/10m0s  4.00 iters/s

running (05m13.8s), 043/100 VUs, 852 complete and 0 interrupted iterations
normal_day   [  52% ] 043/100 VUs  05m13.9s/10m0s  4.00 iters/s

running (05m14.8s), 043/100 VUs, 856 complete and 0 interrupted iterations
normal_day   [  52% ] 043/100 VUs  05m14.9s/10m0s  4.00 iters/s

running (05m15.8s), 046/100 VUs, 857 complete and 0 interrupted iterations
normal_day   [  53% ] 046/100 VUs  05m15.9s/10m0s  4.00 iters/s

running (05m16.8s), 044/100 VUs, 863 complete and 0 interrupted iterations
normal_day   [  53% ] 044/100 VUs  05m16.9s/10m0s  4.00 iters/s

running (05m17.8s), 047/100 VUs, 864 complete and 0 interrupted iterations
normal_day   [  53% ] 047/100 VUs  05m17.9s/10m0s  4.00 iters/s

running (05m18.8s), 046/100 VUs, 869 complete and 0 interrupted iterations
normal_day   [  53% ] 046/100 VUs  05m18.9s/10m0s  4.00 iters/s

running (05m19.8s), 044/100 VUs, 875 complete and 0 interrupted iterations
normal_day   [  53% ] 044/100 VUs  05m19.9s/10m0s  4.00 iters/s

running (05m20.8s), 045/100 VUs, 878 complete and 0 interrupted iterations
normal_day   [  53% ] 045/100 VUs  05m20.9s/10m0s  4.00 iters/s

running (05m21.8s), 045/100 VUs, 882 complete and 0 interrupted iterations
normal_day   [  54% ] 045/100 VUs  05m21.9s/10m0s  4.00 iters/s

running (05m22.8s), 046/100 VUs, 885 complete and 0 interrupted iterations
normal_day   [  54% ] 046/100 VUs  05m22.9s/10m0s  4.00 iters/s

running (05m23.8s), 046/100 VUs, 889 complete and 0 interrupted iterations
normal_day   [  54% ] 046/100 VUs  05m23.9s/10m0s  4.00 iters/s

running (05m24.8s), 044/100 VUs, 895 complete and 0 interrupted iterations
normal_day   [  54% ] 044/100 VUs  05m24.9s/10m0s  4.00 iters/s

running (05m25.8s), 041/100 VUs, 902 complete and 0 interrupted iterations
normal_day   [  54% ] 041/100 VUs  05m25.9s/10m0s  4.00 iters/s

running (05m26.8s), 043/100 VUs, 904 complete and 0 interrupted iterations
normal_day   [  54% ] 043/100 VUs  05m26.9s/10m0s  4.00 iters/s

running (05m27.8s), 044/100 VUs, 907 complete and 0 interrupted iterations
normal_day   [  55% ] 044/100 VUs  05m27.9s/10m0s  4.00 iters/s

running (05m28.8s), 047/100 VUs, 908 complete and 0 interrupted iterations
normal_day   [  55% ] 047/100 VUs  05m28.9s/10m0s  4.00 iters/s

running (05m29.8s), 046/100 VUs, 913 complete and 0 interrupted iterations
normal_day   [  55% ] 046/100 VUs  05m29.9s/10m0s  4.00 iters/s

running (05m30.8s), 047/100 VUs, 916 complete and 0 interrupted iterations
normal_day   [  55% ] 047/100 VUs  05m30.9s/10m0s  4.00 iters/s

running (05m31.8s), 046/100 VUs, 921 complete and 0 interrupted iterations
normal_day   [  55% ] 046/100 VUs  05m31.9s/10m0s  4.00 iters/s

running (05m32.8s), 046/100 VUs, 925 complete and 0 interrupted iterations
normal_day   [  55% ] 046/100 VUs  05m32.9s/10m0s  4.00 iters/s

running (05m33.8s), 045/100 VUs, 930 complete and 0 interrupted iterations
normal_day   [  56% ] 045/100 VUs  05m33.9s/10m0s  4.00 iters/s

running (05m34.8s), 044/100 VUs, 935 complete and 0 interrupted iterations
normal_day   [  56% ] 044/100 VUs  05m34.9s/10m0s  4.00 iters/s

running (05m35.8s), 046/100 VUs, 937 complete and 0 interrupted iterations
normal_day   [  56% ] 046/100 VUs  05m35.9s/10m0s  4.00 iters/s

running (05m36.8s), 047/100 VUs, 940 complete and 0 interrupted iterations
normal_day   [  56% ] 047/100 VUs  05m36.9s/10m0s  4.00 iters/s

running (05m37.8s), 046/100 VUs, 945 complete and 0 interrupted iterations
normal_day   [  56% ] 046/100 VUs  05m37.9s/10m0s  4.00 iters/s

running (05m38.8s), 047/100 VUs, 948 complete and 0 interrupted iterations
normal_day   [  56% ] 047/100 VUs  05m38.9s/10m0s  4.00 iters/s

running (05m39.8s), 049/100 VUs, 950 complete and 0 interrupted iterations
normal_day   [  57% ] 049/100 VUs  05m39.9s/10m0s  4.00 iters/s

running (05m40.8s), 049/100 VUs, 954 complete and 0 interrupted iterations
normal_day   [  57% ] 049/100 VUs  05m40.9s/10m0s  4.00 iters/s

running (05m41.8s), 049/100 VUs, 958 complete and 0 interrupted iterations
normal_day   [  57% ] 049/100 VUs  05m41.9s/10m0s  4.00 iters/s

running (05m42.8s), 049/100 VUs, 962 complete and 0 interrupted iterations
normal_day   [  57% ] 049/100 VUs  05m42.9s/10m0s  4.00 iters/s

running (05m43.8s), 049/100 VUs, 966 complete and 0 interrupted iterations
normal_day   [  57% ] 049/100 VUs  05m43.9s/10m0s  4.00 iters/s

running (05m44.8s), 046/100 VUs, 973 complete and 0 interrupted iterations
normal_day   [  57% ] 046/100 VUs  05m44.9s/10m0s  4.00 iters/s

running (05m45.8s), 047/100 VUs, 976 complete and 0 interrupted iterations
normal_day   [  58% ] 047/100 VUs  05m45.9s/10m0s  4.00 iters/s

running (05m46.8s), 046/100 VUs, 981 complete and 0 interrupted iterations
normal_day   [  58% ] 046/100 VUs  05m46.9s/10m0s  4.00 iters/s

running (05m47.8s), 045/100 VUs, 986 complete and 0 interrupted iterations
normal_day   [  58% ] 045/100 VUs  05m47.9s/10m0s  4.00 iters/s

running (05m48.8s), 043/100 VUs, 992 complete and 0 interrupted iterations
normal_day   [  58% ] 043/100 VUs  05m48.9s/10m0s  4.00 iters/s

running (05m49.8s), 041/100 VUs, 998 complete and 0 interrupted iterations
normal_day   [  58% ] 041/100 VUs  05m49.9s/10m0s  4.00 iters/s

running (05m50.8s), 044/100 VUs, 999 complete and 0 interrupted iterations
normal_day   [  58% ] 044/100 VUs  05m50.9s/10m0s  4.00 iters/s

running (05m51.8s), 046/100 VUs, 1001 complete and 0 interrupted iterations
normal_day   [  59% ] 046/100 VUs  05m51.9s/10m0s  4.00 iters/s

running (05m52.8s), 043/100 VUs, 1008 complete and 0 interrupted iterations
normal_day   [  59% ] 043/100 VUs  05m52.9s/10m0s  4.00 iters/s

running (05m53.8s), 044/100 VUs, 1011 complete and 0 interrupted iterations
normal_day   [  59% ] 044/100 VUs  05m53.9s/10m0s  4.00 iters/s

running (05m54.8s), 041/100 VUs, 1018 complete and 0 interrupted iterations
normal_day   [  59% ] 041/100 VUs  05m54.9s/10m0s  4.00 iters/s

running (05m55.8s), 041/100 VUs, 1022 complete and 0 interrupted iterations
normal_day   [  59% ] 041/100 VUs  05m55.9s/10m0s  4.00 iters/s

running (05m56.8s), 041/100 VUs, 1026 complete and 0 interrupted iterations
normal_day   [  59% ] 041/100 VUs  05m56.9s/10m0s  4.00 iters/s

running (05m57.8s), 042/100 VUs, 1029 complete and 0 interrupted iterations
normal_day   [  60% ] 042/100 VUs  05m57.9s/10m0s  4.00 iters/s

running (05m58.8s), 040/100 VUs, 1035 complete and 0 interrupted iterations
normal_day   [  60% ] 040/100 VUs  05m58.9s/10m0s  4.00 iters/s

running (05m59.8s), 038/100 VUs, 1041 complete and 0 interrupted iterations
normal_day   [  60% ] 038/100 VUs  05m59.9s/10m0s  4.00 iters/s

running (06m00.8s), 040/100 VUs, 1043 complete and 0 interrupted iterations
normal_day   [  60% ] 040/100 VUs  06m00.9s/10m0s  4.00 iters/s

running (06m01.8s), 039/100 VUs, 1048 complete and 0 interrupted iterations
normal_day   [  60% ] 039/100 VUs  06m01.9s/10m0s  4.00 iters/s

running (06m02.8s), 038/100 VUs, 1053 complete and 0 interrupted iterations
normal_day   [  60% ] 038/100 VUs  06m02.9s/10m0s  4.00 iters/s

running (06m03.8s), 038/100 VUs, 1057 complete and 0 interrupted iterations
normal_day   [  61% ] 038/100 VUs  06m03.9s/10m0s  4.00 iters/s

running (06m04.8s), 041/100 VUs, 1058 complete and 0 interrupted iterations
normal_day   [  61% ] 041/100 VUs  06m04.9s/10m0s  4.00 iters/s

running (06m05.8s), 042/100 VUs, 1061 complete and 0 interrupted iterations
normal_day   [  61% ] 042/100 VUs  06m05.9s/10m0s  4.00 iters/s

running (06m06.8s), 044/100 VUs, 1063 complete and 0 interrupted iterations
normal_day   [  61% ] 044/100 VUs  06m06.9s/10m0s  4.00 iters/s

running (06m07.8s), 044/100 VUs, 1067 complete and 0 interrupted iterations
normal_day   [  61% ] 044/100 VUs  06m07.9s/10m0s  4.00 iters/s

running (06m08.8s), 045/100 VUs, 1070 complete and 0 interrupted iterations
normal_day   [  61% ] 045/100 VUs  06m08.9s/10m0s  4.00 iters/s

running (06m09.8s), 045/100 VUs, 1074 complete and 0 interrupted iterations
normal_day   [  62% ] 045/100 VUs  06m09.9s/10m0s  4.00 iters/s

running (06m10.8s), 046/100 VUs, 1077 complete and 0 interrupted iterations
normal_day   [  62% ] 046/100 VUs  06m10.9s/10m0s  4.00 iters/s

running (06m11.8s), 046/100 VUs, 1081 complete and 0 interrupted iterations
normal_day   [  62% ] 046/100 VUs  06m11.9s/10m0s  4.00 iters/s

running (06m12.8s), 049/100 VUs, 1082 complete and 0 interrupted iterations
normal_day   [  62% ] 049/100 VUs  06m12.9s/10m0s  4.00 iters/s

running (06m13.8s), 047/100 VUs, 1088 complete and 0 interrupted iterations
normal_day   [  62% ] 047/100 VUs  06m13.9s/10m0s  4.00 iters/s

running (06m14.8s), 046/100 VUs, 1093 complete and 0 interrupted iterations
normal_day   [  62% ] 046/100 VUs  06m14.9s/10m0s  4.00 iters/s

running (06m15.8s), 042/100 VUs, 1101 complete and 0 interrupted iterations
normal_day   [  63% ] 042/100 VUs  06m15.9s/10m0s  4.00 iters/s

running (06m16.8s), 043/100 VUs, 1104 complete and 0 interrupted iterations
normal_day   [  63% ] 043/100 VUs  06m16.9s/10m0s  4.00 iters/s

running (06m17.8s), 041/100 VUs, 1110 complete and 0 interrupted iterations
normal_day   [  63% ] 041/100 VUs  06m17.9s/10m0s  4.00 iters/s

running (06m18.8s), 039/100 VUs, 1116 complete and 0 interrupted iterations
normal_day   [  63% ] 039/100 VUs  06m18.9s/10m0s  4.00 iters/s

running (06m19.8s), 040/100 VUs, 1119 complete and 0 interrupted iterations
normal_day   [  63% ] 040/100 VUs  06m19.9s/10m0s  4.00 iters/s

running (06m20.8s), 041/100 VUs, 1122 complete and 0 interrupted iterations
normal_day   [  63% ] 041/100 VUs  06m20.9s/10m0s  4.00 iters/s

running (06m21.8s), 043/100 VUs, 1124 complete and 0 interrupted iterations
normal_day   [  64% ] 043/100 VUs  06m21.9s/10m0s  4.00 iters/s

running (06m22.8s), 040/100 VUs, 1131 complete and 0 interrupted iterations
normal_day   [  64% ] 040/100 VUs  06m22.9s/10m0s  4.00 iters/s

running (06m23.8s), 040/100 VUs, 1135 complete and 0 interrupted iterations
normal_day   [  64% ] 040/100 VUs  06m23.9s/10m0s  4.00 iters/s

running (06m24.8s), 038/100 VUs, 1141 complete and 0 interrupted iterations
normal_day   [  64% ] 038/100 VUs  06m24.9s/10m0s  4.00 iters/s

running (06m25.8s), 041/100 VUs, 1142 complete and 0 interrupted iterations
normal_day   [  64% ] 041/100 VUs  06m25.9s/10m0s  4.00 iters/s

running (06m26.8s), 041/100 VUs, 1146 complete and 0 interrupted iterations
normal_day   [  64% ] 041/100 VUs  06m26.9s/10m0s  4.00 iters/s

running (06m27.8s), 040/100 VUs, 1151 complete and 0 interrupted iterations
normal_day   [  65% ] 040/100 VUs  06m27.9s/10m0s  4.00 iters/s

running (06m28.8s), 041/100 VUs, 1154 complete and 0 interrupted iterations
normal_day   [  65% ] 041/100 VUs  06m28.9s/10m0s  4.00 iters/s

running (06m29.8s), 039/100 VUs, 1160 complete and 0 interrupted iterations
normal_day   [  65% ] 039/100 VUs  06m29.9s/10m0s  4.00 iters/s

running (06m30.8s), 038/100 VUs, 1165 complete and 0 interrupted iterations
normal_day   [  65% ] 038/100 VUs  06m30.9s/10m0s  4.00 iters/s

running (06m31.8s), 039/100 VUs, 1168 complete and 0 interrupted iterations
normal_day   [  65% ] 039/100 VUs  06m31.9s/10m0s  4.00 iters/s

running (06m32.8s), 042/100 VUs, 1169 complete and 0 interrupted iterations
normal_day   [  65% ] 042/100 VUs  06m32.9s/10m0s  4.00 iters/s

running (06m33.8s), 041/100 VUs, 1174 complete and 0 interrupted iterations
normal_day   [  66% ] 041/100 VUs  06m33.9s/10m0s  4.00 iters/s

running (06m34.8s), 043/100 VUs, 1176 complete and 0 interrupted iterations
normal_day   [  66% ] 043/100 VUs  06m34.9s/10m0s  4.00 iters/s

running (06m35.8s), 044/100 VUs, 1179 complete and 0 interrupted iterations
normal_day   [  66% ] 044/100 VUs  06m35.9s/10m0s  4.00 iters/s

running (06m36.8s), 043/100 VUs, 1184 complete and 0 interrupted iterations
normal_day   [  66% ] 043/100 VUs  06m36.9s/10m0s  4.00 iters/s

running (06m37.8s), 045/100 VUs, 1186 complete and 0 interrupted iterations
normal_day   [  66% ] 045/100 VUs  06m37.9s/10m0s  4.00 iters/s

running (06m38.8s), 041/100 VUs, 1194 complete and 0 interrupted iterations
normal_day   [  66% ] 041/100 VUs  06m38.9s/10m0s  4.00 iters/s

running (06m39.8s), 042/100 VUs, 1197 complete and 0 interrupted iterations
normal_day   [  67% ] 042/100 VUs  06m39.9s/10m0s  4.00 iters/s

running (06m40.8s), 045/100 VUs, 1198 complete and 0 interrupted iterations
normal_day   [  67% ] 045/100 VUs  06m40.9s/10m0s  4.00 iters/s

running (06m41.8s), 046/100 VUs, 1201 complete and 0 interrupted iterations
normal_day   [  67% ] 046/100 VUs  06m41.9s/10m0s  4.00 iters/s

running (06m42.8s), 049/100 VUs, 1202 complete and 0 interrupted iterations
normal_day   [  67% ] 049/100 VUs  06m42.9s/10m0s  4.00 iters/s

running (06m43.8s), 048/100 VUs, 1207 complete and 0 interrupted iterations
normal_day   [  67% ] 048/100 VUs  06m43.9s/10m0s  4.00 iters/s

running (06m44.8s), 047/100 VUs, 1212 complete and 0 interrupted iterations
normal_day   [  67% ] 047/100 VUs  06m44.9s/10m0s  4.00 iters/s

running (06m45.8s), 044/100 VUs, 1219 complete and 0 interrupted iterations
normal_day   [  68% ] 044/100 VUs  06m45.9s/10m0s  4.00 iters/s

running (06m46.8s), 039/100 VUs, 1228 complete and 0 interrupted iterations
normal_day   [  68% ] 039/100 VUs  06m46.9s/10m0s  4.00 iters/s

running (06m47.8s), 042/100 VUs, 1229 complete and 0 interrupted iterations
normal_day   [  68% ] 042/100 VUs  06m47.9s/10m0s  4.00 iters/s

running (06m48.8s), 044/100 VUs, 1231 complete and 0 interrupted iterations
normal_day   [  68% ] 044/100 VUs  06m48.9s/10m0s  4.00 iters/s

running (06m49.8s), 044/100 VUs, 1235 complete and 0 interrupted iterations
normal_day   [  68% ] 044/100 VUs  06m49.9s/10m0s  4.00 iters/s

running (06m50.8s), 042/100 VUs, 1241 complete and 0 interrupted iterations
normal_day   [  68% ] 042/100 VUs  06m50.9s/10m0s  4.00 iters/s

running (06m51.8s), 039/100 VUs, 1248 complete and 0 interrupted iterations
normal_day   [  69% ] 039/100 VUs  06m51.9s/10m0s  4.00 iters/s

running (06m52.8s), 040/100 VUs, 1251 complete and 0 interrupted iterations
normal_day   [  69% ] 040/100 VUs  06m52.9s/10m0s  4.00 iters/s

running (06m53.8s), 040/100 VUs, 1255 complete and 0 interrupted iterations
normal_day   [  69% ] 040/100 VUs  06m53.9s/10m0s  4.00 iters/s

running (06m54.8s), 040/100 VUs, 1259 complete and 0 interrupted iterations
normal_day   [  69% ] 040/100 VUs  06m54.9s/10m0s  4.00 iters/s

running (06m55.8s), 039/100 VUs, 1264 complete and 0 interrupted iterations
normal_day   [  69% ] 039/100 VUs  06m55.9s/10m0s  4.00 iters/s

running (06m56.8s), 039/100 VUs, 1268 complete and 0 interrupted iterations
normal_day   [  69% ] 039/100 VUs  06m56.9s/10m0s  4.00 iters/s

running (06m57.8s), 041/100 VUs, 1270 complete and 0 interrupted iterations
normal_day   [  70% ] 041/100 VUs  06m57.9s/10m0s  4.00 iters/s

running (06m58.8s), 043/100 VUs, 1272 complete and 0 interrupted iterations
normal_day   [  70% ] 043/100 VUs  06m58.9s/10m0s  4.00 iters/s

running (06m59.8s), 042/100 VUs, 1277 complete and 0 interrupted iterations
normal_day   [  70% ] 042/100 VUs  06m59.9s/10m0s  4.00 iters/s

running (07m00.8s), 042/100 VUs, 1281 complete and 0 interrupted iterations
normal_day   [  70% ] 042/100 VUs  07m00.9s/10m0s  4.00 iters/s

running (07m01.8s), 039/100 VUs, 1288 complete and 0 interrupted iterations
normal_day   [  70% ] 039/100 VUs  07m01.9s/10m0s  4.00 iters/s

running (07m02.8s), 037/100 VUs, 1294 complete and 0 interrupted iterations
normal_day   [  70% ] 037/100 VUs  07m02.9s/10m0s  4.00 iters/s

running (07m03.8s), 037/100 VUs, 1298 complete and 0 interrupted iterations
normal_day   [  71% ] 037/100 VUs  07m03.9s/10m0s  4.00 iters/s

running (07m04.8s), 035/100 VUs, 1304 complete and 0 interrupted iterations
normal_day   [  71% ] 035/100 VUs  07m04.9s/10m0s  4.00 iters/s

running (07m05.8s), 031/100 VUs, 1312 complete and 0 interrupted iterations
normal_day   [  71% ] 031/100 VUs  07m05.9s/10m0s  4.00 iters/s

running (07m06.8s), 033/100 VUs, 1314 complete and 0 interrupted iterations
normal_day   [  71% ] 033/100 VUs  07m06.9s/10m0s  4.00 iters/s

running (07m07.8s), 033/100 VUs, 1318 complete and 0 interrupted iterations
normal_day   [  71% ] 033/100 VUs  07m07.9s/10m0s  4.00 iters/s

running (07m08.8s), 032/100 VUs, 1323 complete and 0 interrupted iterations
normal_day   [  71% ] 032/100 VUs  07m08.9s/10m0s  4.00 iters/s

running (07m09.8s), 033/100 VUs, 1326 complete and 0 interrupted iterations
normal_day   [  72% ] 033/100 VUs  07m09.9s/10m0s  4.00 iters/s

running (07m10.8s), 035/100 VUs, 1328 complete and 0 interrupted iterations
normal_day   [  72% ] 035/100 VUs  07m10.9s/10m0s  4.00 iters/s

running (07m11.8s), 036/100 VUs, 1331 complete and 0 interrupted iterations
normal_day   [  72% ] 036/100 VUs  07m11.9s/10m0s  4.00 iters/s

running (07m12.8s), 033/100 VUs, 1338 complete and 0 interrupted iterations
normal_day   [  72% ] 033/100 VUs  07m12.9s/10m0s  4.00 iters/s

running (07m13.8s), 034/100 VUs, 1341 complete and 0 interrupted iterations
normal_day   [  72% ] 034/100 VUs  07m13.9s/10m0s  4.00 iters/s

running (07m14.8s), 037/100 VUs, 1342 complete and 0 interrupted iterations
normal_day   [  72% ] 037/100 VUs  07m14.9s/10m0s  4.00 iters/s

running (07m15.8s), 038/100 VUs, 1345 complete and 0 interrupted iterations
normal_day   [  73% ] 038/100 VUs  07m15.9s/10m0s  4.00 iters/s

running (07m16.8s), 037/100 VUs, 1350 complete and 0 interrupted iterations
normal_day   [  73% ] 037/100 VUs  07m16.9s/10m0s  4.00 iters/s

running (07m17.8s), 039/100 VUs, 1352 complete and 0 interrupted iterations
normal_day   [  73% ] 039/100 VUs  07m17.9s/10m0s  4.00 iters/s

running (07m18.8s), 037/100 VUs, 1358 complete and 0 interrupted iterations
normal_day   [  73% ] 037/100 VUs  07m18.9s/10m0s  4.00 iters/s

running (07m19.8s), 036/100 VUs, 1363 complete and 0 interrupted iterations
normal_day   [  73% ] 036/100 VUs  07m19.9s/10m0s  4.00 iters/s

running (07m20.8s), 039/100 VUs, 1364 complete and 0 interrupted iterations
normal_day   [  73% ] 039/100 VUs  07m20.9s/10m0s  4.00 iters/s

running (07m21.8s), 038/100 VUs, 1369 complete and 0 interrupted iterations
normal_day   [  74% ] 038/100 VUs  07m21.9s/10m0s  4.00 iters/s

running (07m22.8s), 040/100 VUs, 1371 complete and 0 interrupted iterations
normal_day   [  74% ] 040/100 VUs  07m22.9s/10m0s  4.00 iters/s

running (07m23.8s), 041/100 VUs, 1374 complete and 0 interrupted iterations
normal_day   [  74% ] 041/100 VUs  07m23.9s/10m0s  4.00 iters/s

running (07m24.8s), 044/100 VUs, 1375 complete and 0 interrupted iterations
normal_day   [  74% ] 044/100 VUs  07m24.9s/10m0s  4.00 iters/s

running (07m25.8s), 041/100 VUs, 1382 complete and 0 interrupted iterations
normal_day   [  74% ] 041/100 VUs  07m25.9s/10m0s  4.00 iters/s

running (07m26.8s), 043/100 VUs, 1384 complete and 0 interrupted iterations
normal_day   [  74% ] 043/100 VUs  07m26.9s/10m0s  4.00 iters/s

running (07m27.8s), 044/100 VUs, 1387 complete and 0 interrupted iterations
normal_day   [  75% ] 044/100 VUs  07m27.9s/10m0s  4.00 iters/s

running (07m28.8s), 045/100 VUs, 1390 complete and 0 interrupted iterations
normal_day   [  75% ] 045/100 VUs  07m28.9s/10m0s  4.00 iters/s

running (07m29.8s), 046/100 VUs, 1393 complete and 0 interrupted iterations
normal_day   [  75% ] 046/100 VUs  07m29.9s/10m0s  4.00 iters/s

running (07m30.8s), 044/100 VUs, 1399 complete and 0 interrupted iterations
normal_day   [  75% ] 044/100 VUs  07m30.9s/10m0s  4.00 iters/s

running (07m31.8s), 044/100 VUs, 1403 complete and 0 interrupted iterations
normal_day   [  75% ] 044/100 VUs  07m31.9s/10m0s  4.00 iters/s

running (07m32.8s), 044/100 VUs, 1407 complete and 0 interrupted iterations
normal_day   [  75% ] 044/100 VUs  07m32.9s/10m0s  4.00 iters/s

running (07m33.8s), 040/100 VUs, 1415 complete and 0 interrupted iterations
normal_day   [  76% ] 040/100 VUs  07m33.9s/10m0s  4.00 iters/s

running (07m34.8s), 039/100 VUs, 1420 complete and 0 interrupted iterations
normal_day   [  76% ] 039/100 VUs  07m34.9s/10m0s  4.00 iters/s

running (07m35.8s), 042/100 VUs, 1421 complete and 0 interrupted iterations
normal_day   [  76% ] 042/100 VUs  07m35.9s/10m0s  4.00 iters/s

running (07m36.8s), 043/100 VUs, 1424 complete and 0 interrupted iterations
normal_day   [  76% ] 043/100 VUs  07m36.9s/10m0s  4.00 iters/s

running (07m37.8s), 044/100 VUs, 1427 complete and 0 interrupted iterations
normal_day   [  76% ] 044/100 VUs  07m37.9s/10m0s  4.00 iters/s

running (07m38.8s), 041/100 VUs, 1434 complete and 0 interrupted iterations
normal_day   [  76% ] 041/100 VUs  07m38.9s/10m0s  4.00 iters/s

running (07m39.8s), 041/100 VUs, 1438 complete and 0 interrupted iterations
normal_day   [  77% ] 041/100 VUs  07m39.9s/10m0s  4.00 iters/s

running (07m40.8s), 043/100 VUs, 1440 complete and 0 interrupted iterations
normal_day   [  77% ] 043/100 VUs  07m40.9s/10m0s  4.00 iters/s

running (07m41.8s), 045/100 VUs, 1442 complete and 0 interrupted iterations
normal_day   [  77% ] 045/100 VUs  07m41.9s/10m0s  4.00 iters/s

running (07m42.8s), 046/100 VUs, 1445 complete and 0 interrupted iterations
normal_day   [  77% ] 046/100 VUs  07m42.9s/10m0s  4.00 iters/s

running (07m43.8s), 046/100 VUs, 1449 complete and 0 interrupted iterations
normal_day   [  77% ] 046/100 VUs  07m43.9s/10m0s  4.00 iters/s

running (07m44.8s), 044/100 VUs, 1455 complete and 0 interrupted iterations
normal_day   [  77% ] 044/100 VUs  07m44.9s/10m0s  4.00 iters/s

running (07m45.8s), 043/100 VUs, 1460 complete and 0 interrupted iterations
normal_day   [  78% ] 043/100 VUs  07m45.9s/10m0s  4.00 iters/s

running (07m46.8s), 041/100 VUs, 1466 complete and 0 interrupted iterations
normal_day   [  78% ] 041/100 VUs  07m46.9s/10m0s  4.00 iters/s

running (07m47.8s), 040/100 VUs, 1471 complete and 0 interrupted iterations
normal_day   [  78% ] 040/100 VUs  07m47.9s/10m0s  4.00 iters/s

running (07m48.8s), 037/100 VUs, 1478 complete and 0 interrupted iterations
normal_day   [  78% ] 037/100 VUs  07m48.9s/10m0s  4.00 iters/s

running (07m49.8s), 039/100 VUs, 1480 complete and 0 interrupted iterations
normal_day   [  78% ] 039/100 VUs  07m49.9s/10m0s  4.00 iters/s

running (07m50.8s), 040/100 VUs, 1483 complete and 0 interrupted iterations
normal_day   [  78% ] 040/100 VUs  07m50.9s/10m0s  4.00 iters/s

running (07m51.8s), 040/100 VUs, 1487 complete and 0 interrupted iterations
normal_day   [  79% ] 040/100 VUs  07m51.9s/10m0s  4.00 iters/s

running (07m52.8s), 041/100 VUs, 1490 complete and 0 interrupted iterations
normal_day   [  79% ] 041/100 VUs  07m52.9s/10m0s  4.00 iters/s

running (07m53.8s), 036/100 VUs, 1499 complete and 0 interrupted iterations
normal_day   [  79% ] 036/100 VUs  07m53.9s/10m0s  4.00 iters/s

running (07m54.8s), 034/100 VUs, 1505 complete and 0 interrupted iterations
normal_day   [  79% ] 034/100 VUs  07m54.9s/10m0s  4.00 iters/s

running (07m55.8s), 034/100 VUs, 1509 complete and 0 interrupted iterations
normal_day   [  79% ] 034/100 VUs  07m55.9s/10m0s  4.00 iters/s

running (07m56.8s), 037/100 VUs, 1510 complete and 0 interrupted iterations
normal_day   [  79% ] 037/100 VUs  07m56.9s/10m0s  4.00 iters/s

running (07m57.8s), 039/100 VUs, 1512 complete and 0 interrupted iterations
normal_day   [  80% ] 039/100 VUs  07m57.9s/10m0s  4.00 iters/s

running (07m58.8s), 041/100 VUs, 1514 complete and 0 interrupted iterations
normal_day   [  80% ] 041/100 VUs  07m58.9s/10m0s  4.00 iters/s

running (07m59.8s), 043/100 VUs, 1516 complete and 0 interrupted iterations
normal_day   [  80% ] 043/100 VUs  07m59.9s/10m0s  4.00 iters/s

running (08m00.8s), 041/100 VUs, 1522 complete and 0 interrupted iterations
normal_day   [  80% ] 041/100 VUs  08m00.9s/10m0s  3.97 iters/s

running (08m01.8s), 039/100 VUs, 1528 complete and 0 interrupted iterations
normal_day   [  80% ] 039/100 VUs  08m01.9s/10m0s  3.94 iters/s

running (08m02.8s), 036/100 VUs, 1535 complete and 0 interrupted iterations
normal_day   [  80% ] 036/100 VUs  08m02.9s/10m0s  3.90 iters/s

running (08m03.8s), 039/100 VUs, 1536 complete and 0 interrupted iterations
normal_day   [  81% ] 039/100 VUs  08m03.9s/10m0s  3.87 iters/s

running (08m04.8s), 041/100 VUs, 1538 complete and 0 interrupted iterations
normal_day   [  81% ] 041/100 VUs  08m04.9s/10m0s  3.83 iters/s

running (08m05.8s), 039/100 VUs, 1543 complete and 0 interrupted iterations
normal_day   [  81% ] 039/100 VUs  08m05.9s/10m0s  3.81 iters/s

running (08m06.8s), 041/100 VUs, 1545 complete and 0 interrupted iterations
normal_day   [  81% ] 041/100 VUs  08m06.9s/10m0s  3.77 iters/s

running (08m07.8s), 043/100 VUs, 1547 complete and 0 interrupted iterations
normal_day   [  81% ] 043/100 VUs  08m07.9s/10m0s  3.74 iters/s

running (08m08.8s), 040/100 VUs, 1554 complete and 0 interrupted iterations
normal_day   [  81% ] 040/100 VUs  08m08.9s/10m0s  3.70 iters/s

running (08m09.8s), 040/100 VUs, 1557 complete and 0 interrupted iterations
normal_day   [  82% ] 040/100 VUs  08m09.9s/10m0s  3.67 iters/s

running (08m10.8s), 041/100 VUs, 1560 complete and 0 interrupted iterations
normal_day   [  82% ] 041/100 VUs  08m10.9s/10m0s  3.64 iters/s

running (08m11.8s), 042/100 VUs, 1563 complete and 0 interrupted iterations
normal_day   [  82% ] 042/100 VUs  08m11.9s/10m0s  3.60 iters/s

running (08m12.8s), 042/100 VUs, 1566 complete and 0 interrupted iterations
normal_day   [  82% ] 042/100 VUs  08m12.9s/10m0s  3.57 iters/s

running (08m13.8s), 042/100 VUs, 1570 complete and 0 interrupted iterations
normal_day   [  82% ] 042/100 VUs  08m13.9s/10m0s  3.54 iters/s

running (08m14.8s), 040/100 VUs, 1575 complete and 0 interrupted iterations
normal_day   [  82% ] 040/100 VUs  08m14.9s/10m0s  3.51 iters/s

running (08m15.8s), 042/100 VUs, 1577 complete and 0 interrupted iterations
normal_day   [  83% ] 042/100 VUs  08m15.9s/10m0s  3.47 iters/s

running (08m16.8s), 042/100 VUs, 1580 complete and 0 interrupted iterations
normal_day   [  83% ] 042/100 VUs  08m16.9s/10m0s  3.44 iters/s

running (08m17.8s), 039/100 VUs, 1587 complete and 0 interrupted iterations
normal_day   [  83% ] 039/100 VUs  08m17.9s/10m0s  3.40 iters/s

running (08m18.8s), 039/100 VUs, 1590 complete and 0 interrupted iterations
normal_day   [  83% ] 039/100 VUs  08m18.9s/10m0s  3.37 iters/s

running (08m19.8s), 041/100 VUs, 1591 complete and 0 interrupted iterations
normal_day   [  83% ] 041/100 VUs  08m19.9s/10m0s  3.34 iters/s

running (08m20.8s), 042/100 VUs, 1594 complete and 0 interrupted iterations
normal_day   [  83% ] 042/100 VUs  08m20.9s/10m0s  3.30 iters/s

running (08m21.8s), 042/100 VUs, 1597 complete and 0 interrupted iterations
normal_day   [  84% ] 042/100 VUs  08m21.9s/10m0s  3.27 iters/s

running (08m22.8s), 040/100 VUs, 1602 complete and 0 interrupted iterations
normal_day   [  84% ] 040/100 VUs  08m22.9s/10m0s  3.24 iters/s

running (08m23.8s), 039/100 VUs, 1606 complete and 0 interrupted iterations
normal_day   [  84% ] 039/100 VUs  08m23.9s/10m0s  3.21 iters/s

running (08m24.8s), 037/100 VUs, 1612 complete and 0 interrupted iterations
normal_day   [  84% ] 037/100 VUs  08m24.9s/10m0s  3.17 iters/s

running (08m25.8s), 037/100 VUs, 1615 complete and 0 interrupted iterations
normal_day   [  84% ] 037/100 VUs  08m25.9s/10m0s  3.14 iters/s

running (08m26.8s), 035/100 VUs, 1620 complete and 0 interrupted iterations
normal_day   [  84% ] 035/100 VUs  08m26.9s/10m0s  3.10 iters/s

running (08m27.8s), 035/100 VUs, 1623 complete and 0 interrupted iterations
normal_day   [  85% ] 035/100 VUs  08m27.9s/10m0s  3.07 iters/s

running (08m28.8s), 035/100 VUs, 1626 complete and 0 interrupted iterations
normal_day   [  85% ] 035/100 VUs  08m28.9s/10m0s  3.04 iters/s

running (08m29.8s), 031/100 VUs, 1633 complete and 0 interrupted iterations
normal_day   [  85% ] 031/100 VUs  08m29.9s/10m0s  3.01 iters/s

running (08m30.8s), 031/100 VUs, 1636 complete and 0 interrupted iterations
normal_day   [  85% ] 031/100 VUs  08m30.9s/10m0s  2.97 iters/s

running (08m31.8s), 030/100 VUs, 1640 complete and 0 interrupted iterations
normal_day   [  85% ] 030/100 VUs  08m31.9s/10m0s  2.94 iters/s

running (08m32.8s), 030/100 VUs, 1643 complete and 0 interrupted iterations
normal_day   [  85% ] 030/100 VUs  08m32.9s/10m0s  2.90 iters/s

running (08m33.8s), 027/100 VUs, 1649 complete and 0 interrupted iterations
normal_day   [  86% ] 027/100 VUs  08m33.9s/10m0s  2.87 iters/s

running (08m34.8s), 029/100 VUs, 1650 complete and 0 interrupted iterations
normal_day   [  86% ] 029/100 VUs  08m34.9s/10m0s  2.83 iters/s

running (08m35.8s), 029/100 VUs, 1653 complete and 0 interrupted iterations
normal_day   [  86% ] 029/100 VUs  08m35.9s/10m0s  2.80 iters/s

running (08m36.8s), 024/100 VUs, 1660 complete and 0 interrupted iterations
normal_day   [  86% ] 024/100 VUs  08m36.9s/10m0s  2.77 iters/s

running (08m37.8s), 022/100 VUs, 1665 complete and 0 interrupted iterations
normal_day   [  86% ] 022/100 VUs  08m37.9s/10m0s  2.74 iters/s

running (08m38.8s), 024/100 VUs, 1666 complete and 0 interrupted iterations
normal_day   [  86% ] 024/100 VUs  08m38.9s/10m0s  2.70 iters/s

running (08m39.8s), 025/100 VUs, 1667 complete and 0 interrupted iterations
normal_day   [  87% ] 025/100 VUs  08m39.9s/10m0s  2.68 iters/s

running (08m40.8s), 027/100 VUs, 1668 complete and 0 interrupted iterations
normal_day   [  87% ] 027/100 VUs  08m40.9s/10m0s  2.64 iters/s

running (08m41.8s), 028/100 VUs, 1670 complete and 0 interrupted iterations
normal_day   [  87% ] 028/100 VUs  08m41.9s/10m0s  2.60 iters/s

running (08m42.8s), 027/100 VUs, 1673 complete and 0 interrupted iterations
normal_day   [  87% ] 027/100 VUs  08m42.9s/10m0s  2.58 iters/s

running (08m43.8s), 026/100 VUs, 1677 complete and 0 interrupted iterations
normal_day   [  87% ] 026/100 VUs  08m43.9s/10m0s  2.54 iters/s

running (08m44.8s), 027/100 VUs, 1678 complete and 0 interrupted iterations
normal_day   [  87% ] 027/100 VUs  08m44.9s/10m0s  2.51 iters/s

running (08m45.8s), 028/100 VUs, 1680 complete and 0 interrupted iterations
normal_day   [  88% ] 028/100 VUs  08m45.9s/10m0s  2.47 iters/s

running (08m46.8s), 029/100 VUs, 1681 complete and 0 interrupted iterations
normal_day   [  88% ] 029/100 VUs  08m46.9s/10m0s  2.44 iters/s

running (08m47.8s), 030/100 VUs, 1683 complete and 0 interrupted iterations
normal_day   [  88% ] 030/100 VUs  08m47.9s/10m0s  2.40 iters/s

running (08m48.8s), 029/100 VUs, 1686 complete and 0 interrupted iterations
normal_day   [  88% ] 029/100 VUs  08m48.9s/10m0s  2.37 iters/s

running (08m49.8s), 030/100 VUs, 1688 complete and 0 interrupted iterations
normal_day   [  88% ] 030/100 VUs  08m49.9s/10m0s  2.33 iters/s

running (08m50.8s), 028/100 VUs, 1692 complete and 0 interrupted iterations
normal_day   [  88% ] 028/100 VUs  08m50.9s/10m0s  2.30 iters/s

running (08m51.8s), 026/100 VUs, 1696 complete and 0 interrupted iterations
normal_day   [  89% ] 026/100 VUs  08m51.9s/10m0s  2.27 iters/s

running (08m52.8s), 024/100 VUs, 1700 complete and 0 interrupted iterations
normal_day   [  89% ] 024/100 VUs  08m52.9s/10m0s  2.24 iters/s

running (08m53.8s), 026/100 VUs, 1701 complete and 0 interrupted iterations
normal_day   [  89% ] 026/100 VUs  08m53.9s/10m0s  2.20 iters/s

running (08m54.8s), 025/100 VUs, 1704 complete and 0 interrupted iterations
normal_day   [  89% ] 025/100 VUs  08m54.9s/10m0s  2.17 iters/s

running (08m55.8s), 025/100 VUs, 1706 complete and 0 interrupted iterations
normal_day   [  89% ] 025/100 VUs  08m55.9s/10m0s  2.14 iters/s

running (08m56.8s), 026/100 VUs, 1707 complete and 0 interrupted iterations
normal_day   [  89% ] 026/100 VUs  08m56.9s/10m0s  2.11 iters/s

running (08m57.8s), 024/100 VUs, 1711 complete and 0 interrupted iterations
normal_day   [  90% ] 024/100 VUs  08m57.9s/10m0s  2.07 iters/s

running (08m58.8s), 024/100 VUs, 1713 complete and 0 interrupted iterations
normal_day   [  90% ] 024/100 VUs  08m58.9s/10m0s  2.04 iters/s

running (08m59.8s), 025/100 VUs, 1714 complete and 0 interrupted iterations
normal_day   [  90% ] 025/100 VUs  08m59.9s/10m0s  2.01 iters/s

running (09m00.8s), 025/100 VUs, 1716 complete and 0 interrupted iterations
normal_day   [  90% ] 025/100 VUs  09m00.9s/10m0s  1.97 iters/s

running (09m01.8s), 024/100 VUs, 1719 complete and 0 interrupted iterations
normal_day   [  90% ] 024/100 VUs  09m01.9s/10m0s  1.94 iters/s

running (09m02.8s), 024/100 VUs, 1721 complete and 0 interrupted iterations
normal_day   [  90% ] 024/100 VUs  09m02.9s/10m0s  1.91 iters/s

running (09m03.8s), 023/100 VUs, 1724 complete and 0 interrupted iterations
normal_day   [  91% ] 023/100 VUs  09m03.9s/10m0s  1.87 iters/s

running (09m04.8s), 022/100 VUs, 1727 complete and 0 interrupted iterations
normal_day   [  91% ] 022/100 VUs  09m04.9s/10m0s  1.83 iters/s

running (09m05.8s), 023/100 VUs, 1728 complete and 0 interrupted iterations
normal_day   [  91% ] 023/100 VUs  09m05.9s/10m0s  1.80 iters/s

running (09m06.8s), 024/100 VUs, 1728 complete and 0 interrupted iterations
normal_day   [  91% ] 024/100 VUs  09m06.9s/10m0s  1.78 iters/s

running (09m07.8s), 024/100 VUs, 1730 complete and 0 interrupted iterations
normal_day   [  91% ] 024/100 VUs  09m07.9s/10m0s  1.74 iters/s

running (09m08.8s), 021/100 VUs, 1735 complete and 0 interrupted iterations
normal_day   [  91% ] 021/100 VUs  09m08.9s/10m0s  1.70 iters/s

running (09m09.8s), 020/100 VUs, 1738 complete and 0 interrupted iterations
normal_day   [  92% ] 020/100 VUs  09m09.9s/10m0s  1.66 iters/s

running (09m10.8s), 020/100 VUs, 1739 complete and 0 interrupted iterations
normal_day   [  92% ] 020/100 VUs  09m10.9s/10m0s  1.64 iters/s

running (09m11.8s), 019/100 VUs, 1742 complete and 0 interrupted iterations
normal_day   [  92% ] 019/100 VUs  09m11.9s/10m0s  1.60 iters/s

running (09m12.8s), 018/100 VUs, 1744 complete and 0 interrupted iterations
normal_day   [  92% ] 018/100 VUs  09m12.9s/10m0s  1.58 iters/s

running (09m13.8s), 019/100 VUs, 1745 complete and 0 interrupted iterations
normal_day   [  92% ] 019/100 VUs  09m13.9s/10m0s  1.54 iters/s

running (09m14.8s), 019/100 VUs, 1747 complete and 0 interrupted iterations
normal_day   [  92% ] 019/100 VUs  09m14.9s/10m0s  1.49 iters/s

running (09m15.8s), 016/100 VUs, 1751 complete and 0 interrupted iterations
normal_day   [  93% ] 016/100 VUs  09m15.9s/10m0s  1.47 iters/s

running (09m16.8s), 013/100 VUs, 1755 complete and 0 interrupted iterations
normal_day   [  93% ] 013/100 VUs  09m16.9s/10m0s  1.45 iters/s

running (09m17.8s), 015/100 VUs, 1755 complete and 0 interrupted iterations
normal_day   [  93% ] 015/100 VUs  09m17.9s/10m0s  1.40 iters/s

running (09m18.8s), 015/100 VUs, 1756 complete and 0 interrupted iterations
normal_day   [  93% ] 015/100 VUs  09m18.9s/10m0s  1.38 iters/s

running (09m19.8s), 017/100 VUs, 1756 complete and 0 interrupted iterations
normal_day   [  93% ] 017/100 VUs  09m19.9s/10m0s  1.33 iters/s

running (09m20.8s), 018/100 VUs, 1756 complete and 0 interrupted iterations
normal_day   [  93% ] 018/100 VUs  09m20.9s/10m0s  1.30 iters/s

running (09m21.8s), 018/100 VUs, 1757 complete and 0 interrupted iterations
normal_day   [  94% ] 018/100 VUs  09m21.9s/10m0s  1.28 iters/s

running (09m22.8s), 018/100 VUs, 1759 complete and 0 interrupted iterations
normal_day   [  94% ] 018/100 VUs  09m22.9s/10m0s  1.22 iters/s

running (09m23.8s), 017/100 VUs, 1761 complete and 0 interrupted iterations
normal_day   [  94% ] 017/100 VUs  09m23.9s/10m0s  1.20 iters/s

running (09m24.8s), 015/100 VUs, 1764 complete and 0 interrupted iterations
normal_day   [  94% ] 015/100 VUs  09m24.9s/10m0s  1.17 iters/s

running (09m25.8s), 014/100 VUs, 1766 complete and 0 interrupted iterations
normal_day   [  94% ] 014/100 VUs  09m25.9s/10m0s  1.14 iters/s

running (09m26.8s), 014/100 VUs, 1767 complete and 0 interrupted iterations
normal_day   [  94% ] 014/100 VUs  09m26.9s/10m0s  1.11 iters/s

running (09m27.8s), 015/100 VUs, 1767 complete and 0 interrupted iterations
normal_day   [  95% ] 015/100 VUs  09m27.9s/10m0s  1.08 iters/s

running (09m28.8s), 015/100 VUs, 1768 complete and 0 interrupted iterations
normal_day   [  95% ] 015/100 VUs  09m28.9s/10m0s  1.05 iters/s

running (09m29.8s), 015/100 VUs, 1769 complete and 0 interrupted iterations
normal_day   [  95% ] 015/100 VUs  09m29.9s/10m0s  1.02 iters/s

running (09m30.8s), 014/100 VUs, 1771 complete and 0 interrupted iterations
normal_day   [  95% ] 014/100 VUs  09m30.9s/10m0s  0.98 iters/s

running (09m31.8s), 013/100 VUs, 1773 complete and 0 interrupted iterations
normal_day   [  95% ] 013/100 VUs  09m31.9s/10m0s  0.95 iters/s

running (09m32.8s), 013/100 VUs, 1774 complete and 0 interrupted iterations
normal_day   [  95% ] 013/100 VUs  09m32.9s/10m0s  0.91 iters/s

running (09m33.8s), 011/100 VUs, 1777 complete and 0 interrupted iterations
normal_day   [  96% ] 011/100 VUs  09m33.9s/10m0s  0.88 iters/s

running (09m34.8s), 011/100 VUs, 1778 complete and 0 interrupted iterations
normal_day   [  96% ] 011/100 VUs  09m34.9s/10m0s  0.84 iters/s

running (09m35.8s), 010/100 VUs, 1780 complete and 0 interrupted iterations
normal_day   [  96% ] 010/100 VUs  09m35.9s/10m0s  0.80 iters/s

running (09m36.8s), 008/100 VUs, 1783 complete and 0 interrupted iterations
normal_day   [  96% ] 008/100 VUs  09m36.9s/10m0s  0.75 iters/s

running (09m37.8s), 008/100 VUs, 1783 complete and 0 interrupted iterations
normal_day   [  96% ] 008/100 VUs  09m37.9s/10m0s  0.75 iters/s

running (09m38.8s), 008/100 VUs, 1784 complete and 0 interrupted iterations
normal_day   [  96% ] 008/100 VUs  09m38.9s/10m0s  0.71 iters/s

running (09m39.8s), 008/100 VUs, 1785 complete and 0 interrupted iterations
normal_day   [  97% ] 008/100 VUs  09m39.9s/10m0s  0.66 iters/s

running (09m40.8s), 007/100 VUs, 1786 complete and 0 interrupted iterations
normal_day   [  97% ] 007/100 VUs  09m40.9s/10m0s  0.66 iters/s

running (09m41.8s), 008/100 VUs, 1786 complete and 0 interrupted iterations
normal_day   [  97% ] 008/100 VUs  09m41.9s/10m0s  0.60 iters/s

running (09m42.8s), 009/100 VUs, 1786 complete and 0 interrupted iterations
normal_day   [  97% ] 009/100 VUs  09m42.9s/10m0s  0.55 iters/s

running (09m43.8s), 009/100 VUs, 1786 complete and 0 interrupted iterations
normal_day   [  97% ] 009/100 VUs  09m43.9s/10m0s  0.55 iters/s

running (09m44.8s), 010/100 VUs, 1786 complete and 0 interrupted iterations
normal_day   [  97% ] 010/100 VUs  09m44.9s/10m0s  0.48 iters/s

running (09m45.8s), 008/100 VUs, 1788 complete and 0 interrupted iterations
normal_day   [  98% ] 008/100 VUs  09m45.9s/10m0s  0.48 iters/s

running (09m46.8s), 008/100 VUs, 1789 complete and 0 interrupted iterations
normal_day   [  98% ] 008/100 VUs  09m46.9s/10m0s  0.41 iters/s

running (09m47.8s), 008/100 VUs, 1789 complete and 0 interrupted iterations
normal_day   [  98% ] 008/100 VUs  09m47.9s/10m0s  0.41 iters/s

running (09m48.8s), 008/100 VUs, 1789 complete and 0 interrupted iterations
normal_day   [  98% ] 008/100 VUs  09m48.9s/10m0s  0.41 iters/s

running (09m49.8s), 007/100 VUs, 1791 complete and 0 interrupted iterations
normal_day   [  98% ] 007/100 VUs  09m49.9s/10m0s  0.31 iters/s

running (09m50.8s), 006/100 VUs, 1792 complete and 0 interrupted iterations
normal_day   [  98% ] 006/100 VUs  09m50.9s/10m0s  0.31 iters/s

running (09m51.8s), 005/100 VUs, 1793 complete and 0 interrupted iterations
normal_day   [  99% ] 005/100 VUs  09m51.9s/10m0s  0.31 iters/s

running (09m52.8s), 005/100 VUs, 1794 complete and 0 interrupted iterations
normal_day   [  99% ] 005/100 VUs  09m52.9s/10m0s  0.13 iters/s

running (09m53.8s), 003/100 VUs, 1796 complete and 0 interrupted iterations
normal_day   [  99% ] 003/100 VUs  09m53.9s/10m0s  0.13 iters/s

running (09m54.8s), 003/100 VUs, 1796 complete and 0 interrupted iterations
normal_day   [  99% ] 003/100 VUs  09m54.9s/10m0s  0.13 iters/s

running (09m55.8s), 003/100 VUs, 1796 complete and 0 interrupted iterations
normal_day   [  99% ] 003/100 VUs  09m55.9s/10m0s  0.13 iters/s

running (09m56.8s), 002/100 VUs, 1797 complete and 0 interrupted iterations
normal_day   [  99% ] 002/100 VUs  09m56.9s/10m0s  0.13 iters/s

running (09m57.8s), 002/100 VUs, 1797 complete and 0 interrupted iterations
normal_day   [ 100% ] 002/100 VUs  09m57.9s/10m0s  0.13 iters/s

running (09m58.8s), 002/100 VUs, 1797 complete and 0 interrupted iterations
normal_day   [ 100% ] 002/100 VUs  09m58.9s/10m0s  0.13 iters/s

running (09m59.8s), 001/100 VUs, 1798 complete and 0 interrupted iterations
normal_day   [ 100% ] 001/100 VUs  09m59.9s/10m0s  0.13 iters/s

running (10m00.8s), 001/100 VUs, 1798 complete and 0 interrupted iterations
normal_day ↓ [ 100% ] 001/100 VUs  10m0s  0.13 iters/s

running (10m01.8s), 001/100 VUs, 1798 complete and 0 interrupted iterations
normal_day ↓ [ 100% ] 001/100 VUs  10m0s  0.13 iters/s

running (10m02.8s), 001/100 VUs, 1798 complete and 0 interrupted iterations
normal_day ↓ [ 100% ] 001/100 VUs  10m0s  0.13 iters/s
[32m     ✓ login 200[0m
[32m     ✓ unread count 200[0m
[32m     ✓ notif list 200[0m
[32m     ✓ board list 200[0m
[32m     ✓ read one 200[0m
[32m     ✓ hot daily 200[0m
[32m     ✓ post list 200[0m
[32m     ✓ chat rooms 200[0m
[32m     ✓ logout 200[0m
[32m     ✓ post detail 200[0m
[32m     ✓ user info 200[0m
[32m     ✓ comment list 200[0m
[32m     ✓ post create 2xx[0m
[32m     ✓ my posts 200[0m
[32m     ✓ scrap 2xx[0m
[32m     ✓ comment create 2xx[0m
[32m     ✓ ws handshake 101[0m
[32m     ✓ meal today 200[0m
[32m     ✓ timetable today 200[0m
[32m     ✓ meal month 200[0m
[32m     ✓ chat messages 200[0m
[32m     ✓ chat read 200[0m
[32m     ✓ friend list 200[0m
[32m     ✓ post reaction 2xx[0m
[32m     ✓ comment reaction 200[0m
[32m     ✓ post update 200[0m
[32m     ✓ post delete 200[0m
[32m     ✓ post search 200[0m
[32m     ✓ refresh 200[0m
[32m     ✓ received reqs 200[0m
[32m     ✓ read all 200[0m

     auth_token_refreshes[2m.............:[0m [36m22[0m      [36;2m0.036465/s[0m
     chat_ws_messages_sent[2m............:[0m [36m570[0m     [36;2m0.944762/s[0m
     chat_ws_rtt[2m......................:[0m avg=[36m28.71ms[0m  min=[36m15ms[0m    med=[36m24ms[0m     max=[36m482ms[0m    p(90)=[36m38ms[0m     p(95)=[36m45ms[0m     p(99)=[36m76.4ms[0m  
     checks[2m...........................:[0m [36m100.00%[0m [36;2m✓ 7871[0m      [36;2m✗ 0[0m    
     [32m✓[0m { phase:measure }[2m..............:[0m [36m100.00%[0m [36;2m✓ 5166[0m      [36;2m✗ 0[0m    
     [32m✓[0m { phase:rampdown }[2m.............:[0m [36m100.00%[0m [36;2m✓ 1192[0m      [36;2m✗ 0[0m    
     [32m✓[0m { phase:warmup }[2m...............:[0m [36m100.00%[0m [36;2m✓ 1513[0m      [36;2m✗ 0[0m    
     data_received[2m....................:[0m [36m354 MB[0m  [36;2m587 kB/s[0m
     data_sent[2m........................:[0m [36m3.2 MB[0m  [36;2m5.3 kB/s[0m
     http_req_blocked[2m.................:[0m avg=[36m18.28µs[0m  min=[36m1.83µs[0m  med=[36m5.52µs[0m   max=[36m27.34ms[0m  p(90)=[36m12.93µs[0m  p(95)=[36m16.91µs[0m  p(99)=[36m283.76µs[0m
     http_req_connecting[2m..............:[0m avg=[36m8µs[0m      min=[36m0s[0m      med=[36m0s[0m       max=[36m27.19ms[0m  p(90)=[36m0s[0m       p(95)=[36m0s[0m       p(99)=[36m194.31µs[0m
     http_req_duration[2m................:[0m avg=[36m89.22ms[0m  min=[36m1.93ms[0m  med=[36m6.96ms[0m   max=[36m4.95s[0m    p(90)=[36m82.05ms[0m  p(95)=[36m401.63ms[0m p(99)=[36m2.15s[0m   
       { expected_response:true }[2m.....:[0m avg=[36m89.22ms[0m  min=[36m1.93ms[0m  med=[36m6.96ms[0m   max=[36m4.95s[0m    p(90)=[36m82.05ms[0m  p(95)=[36m401.63ms[0m p(99)=[36m2.15s[0m   
     [32m✓[0m { feature:auth }[2m...............:[0m avg=[36m111.18ms[0m min=[36m14.13ms[0m med=[36m93.08ms[0m  max=[36m1.04s[0m    p(90)=[36m126.93ms[0m p(95)=[36m332.36ms[0m p(99)=[36m687.85ms[0m
     [32m✓[0m { feature:board }[2m..............:[0m avg=[36m5.61ms[0m   min=[36m2.14ms[0m  med=[36m3.44ms[0m   max=[36m222.94ms[0m p(90)=[36m8.77ms[0m   p(95)=[36m10.4ms[0m   p(99)=[36m56.44ms[0m 
     [32m✓[0m { feature:chat }[2m...............:[0m avg=[36m7.14ms[0m   min=[36m2.48ms[0m  med=[36m5.32ms[0m   max=[36m106.25ms[0m p(90)=[36m12.23ms[0m  p(95)=[36m14.11ms[0m  p(99)=[36m38.93ms[0m 
     [32m✓[0m { feature:comment }[2m............:[0m avg=[36m435.08ms[0m min=[36m2.19ms[0m  med=[36m55.44ms[0m  max=[36m4.95s[0m    p(90)=[36m1.88s[0m    p(95)=[36m2.2s[0m     p(99)=[36m2.75s[0m   
     [32m✓[0m { feature:friend }[2m.............:[0m avg=[36m4.74ms[0m   min=[36m2.14ms[0m  med=[36m3.83ms[0m   max=[36m22.08ms[0m  p(90)=[36m7.87ms[0m   p(95)=[36m10.69ms[0m  p(99)=[36m11.81ms[0m 
     [32m✓[0m { feature:hot }[2m................:[0m avg=[36m16.99ms[0m  min=[36m9.26ms[0m  med=[36m12.95ms[0m  max=[36m237.63ms[0m p(90)=[36m24.68ms[0m  p(95)=[36m28.73ms[0m  p(99)=[36m79.57ms[0m 
     [32m✓[0m { feature:mypage }[2m.............:[0m avg=[36m7.33ms[0m   min=[36m2.37ms[0m  med=[36m3.54ms[0m   max=[36m160.11ms[0m p(90)=[36m8.71ms[0m   p(95)=[36m10.78ms[0m  p(99)=[36m111.41ms[0m
     [32m✓[0m { feature:notification }[2m.......:[0m avg=[36m11.57ms[0m  min=[36m2.39ms[0m  med=[36m8.23ms[0m   max=[36m116.29ms[0m p(90)=[36m23.72ms[0m  p(95)=[36m32.3ms[0m   p(99)=[36m78.01ms[0m 
     [32m✓[0m { feature:post }[2m...............:[0m avg=[36m9.97ms[0m   min=[36m1.93ms[0m  med=[36m5.48ms[0m   max=[36m1.09s[0m    p(90)=[36m16.62ms[0m  p(95)=[36m27.68ms[0m  p(99)=[36m46ms[0m    
     [32m✓[0m { feature:reaction }[2m...........:[0m avg=[36m29.63ms[0m  min=[36m17.03ms[0m med=[36m24.3ms[0m   max=[36m264.51ms[0m p(90)=[36m35.8ms[0m   p(95)=[36m45.84ms[0m  p(99)=[36m190.41ms[0m
     [32m✓[0m { feature:school }[2m.............:[0m avg=[36m7.33ms[0m   min=[36m2.8ms[0m   med=[36m4.72ms[0m   max=[36m62.49ms[0m  p(90)=[36m10.88ms[0m  p(95)=[36m14.02ms[0m  p(99)=[36m42.53ms[0m 
     [32m✓[0m { feature:scrap }[2m..............:[0m avg=[36m28.37ms[0m  min=[36m14.87ms[0m med=[36m22.48ms[0m  max=[36m115.35ms[0m p(90)=[36m47.72ms[0m  p(95)=[36m53.41ms[0m  p(99)=[36m94.41ms[0m 
     [32m✓[0m { feature:timetable }[2m..........:[0m avg=[36m4.97ms[0m   min=[36m2.38ms[0m  med=[36m3.35ms[0m   max=[36m30.88ms[0m  p(90)=[36m8.35ms[0m   p(95)=[36m9.41ms[0m   p(99)=[36m25.51ms[0m 
     [32m✓[0m { name:board_list }[2m............:[0m avg=[36m5.61ms[0m   min=[36m2.14ms[0m  med=[36m3.44ms[0m   max=[36m222.94ms[0m p(90)=[36m8.77ms[0m   p(95)=[36m10.4ms[0m   p(99)=[36m56.44ms[0m 
     [32m✓[0m { name:chat_mark_read }[2m........:[0m avg=[36m6.33ms[0m   min=[36m2.69ms[0m  med=[36m4.19ms[0m   max=[36m60.44ms[0m  p(90)=[36m10.49ms[0m  p(95)=[36m12ms[0m     p(99)=[36m35.47ms[0m 
     [32m✓[0m { name:chat_messages }[2m.........:[0m avg=[36m6.68ms[0m   min=[36m3.61ms[0m  med=[36m5.11ms[0m   max=[36m38.59ms[0m  p(90)=[36m12.18ms[0m  p(95)=[36m13.66ms[0m  p(99)=[36m24.44ms[0m 
     [32m✓[0m { name:chat_read_status }[2m......:[0m avg=[36m0s[0m       min=[36m0s[0m      med=[36m0s[0m       max=[36m0s[0m       p(90)=[36m0s[0m       p(95)=[36m0s[0m       p(99)=[36m0s[0m      
     [32m✓[0m { name:chat_rooms }[2m............:[0m avg=[36m7.62ms[0m   min=[36m2.48ms[0m  med=[36m5.56ms[0m   max=[36m106.25ms[0m p(90)=[36m13.11ms[0m  p(95)=[36m14.75ms[0m  p(99)=[36m40.7ms[0m  
     [32m✓[0m { name:comment_create }[2m........:[0m avg=[36m47.16ms[0m  min=[36m28.62ms[0m med=[36m41.19ms[0m  max=[36m194.27ms[0m p(90)=[36m70.52ms[0m  p(95)=[36m92.34ms[0m  p(99)=[36m126.6ms[0m 
     [32m✓[0m { name:comment_delete }[2m........:[0m avg=[36m0s[0m       min=[36m0s[0m      med=[36m0s[0m       max=[36m0s[0m       p(90)=[36m0s[0m       p(95)=[36m0s[0m       p(99)=[36m0s[0m      
     [32m✓[0m { name:comment_list }[2m..........:[0m avg=[36m457.57ms[0m min=[36m2.19ms[0m  med=[36m69.3ms[0m   max=[36m4.95s[0m    p(90)=[36m1.93s[0m    p(95)=[36m2.22s[0m    p(99)=[36m2.81s[0m   
     [32m✓[0m { name:comment_reaction }[2m......:[0m avg=[36m31.32ms[0m  min=[36m17.03ms[0m med=[36m24.44ms[0m  max=[36m264.51ms[0m p(90)=[36m41.38ms[0m  p(95)=[36m45.72ms[0m  p(99)=[36m168.07ms[0m
     [32m✓[0m { name:comment_update }[2m........:[0m avg=[36m0s[0m       min=[36m0s[0m      med=[36m0s[0m       max=[36m0s[0m       p(90)=[36m0s[0m       p(95)=[36m0s[0m       p(99)=[36m0s[0m      
     [32m✓[0m { name:friend_list }[2m...........:[0m avg=[36m5.01ms[0m   min=[36m2.97ms[0m  med=[36m3.89ms[0m   max=[36m22.08ms[0m  p(90)=[36m8.76ms[0m   p(95)=[36m10.8ms[0m   p(99)=[36m13.95ms[0m 
     [32m✓[0m { name:friend_req_received }[2m...:[0m avg=[36m4.09ms[0m   min=[36m2.14ms[0m  med=[36m3.45ms[0m   max=[36m10.63ms[0m  p(90)=[36m6.56ms[0m   p(95)=[36m7.28ms[0m   p(99)=[36m9.71ms[0m  
     [32m✓[0m { name:friend_request }[2m........:[0m avg=[36m0s[0m       min=[36m0s[0m      med=[36m0s[0m       max=[36m0s[0m       p(90)=[36m0s[0m       p(95)=[36m0s[0m       p(99)=[36m0s[0m      
     [32m✓[0m { name:friend_respond }[2m........:[0m avg=[36m0s[0m       min=[36m0s[0m      med=[36m0s[0m       max=[36m0s[0m       p(90)=[36m0s[0m       p(95)=[36m0s[0m       p(99)=[36m0s[0m      
     [32m✓[0m { name:friend_search }[2m.........:[0m avg=[36m0s[0m       min=[36m0s[0m      med=[36m0s[0m       max=[36m0s[0m       p(90)=[36m0s[0m       p(95)=[36m0s[0m       p(99)=[36m0s[0m      
     [32m✓[0m { name:hot_daily }[2m.............:[0m avg=[36m16.99ms[0m  min=[36m9.26ms[0m  med=[36m12.95ms[0m  max=[36m237.63ms[0m p(90)=[36m24.68ms[0m  p(95)=[36m28.73ms[0m  p(99)=[36m79.57ms[0m 
     [32m✓[0m { name:login }[2m.................:[0m avg=[36m137.59ms[0m min=[36m79.85ms[0m med=[36m96.13ms[0m  max=[36m1.04s[0m    p(90)=[36m178.36ms[0m p(95)=[36m367.81ms[0m p(99)=[36m704.82ms[0m
     [32m✓[0m { name:logout }[2m................:[0m avg=[36m22.77ms[0m  min=[36m14.13ms[0m med=[36m21.09ms[0m  max=[36m41.04ms[0m  p(90)=[36m33.32ms[0m  p(95)=[36m37.16ms[0m  p(99)=[36m40.27ms[0m 
     [32m✓[0m { name:meal_month }[2m............:[0m avg=[36m8.49ms[0m   min=[36m2.8ms[0m   med=[36m4.83ms[0m   max=[36m28.65ms[0m  p(90)=[36m14.14ms[0m  p(95)=[36m20.75ms[0m  p(99)=[36m27.07ms[0m 
     [32m✓[0m { name:meal_today }[2m............:[0m avg=[36m7.04ms[0m   min=[36m2.8ms[0m   med=[36m4.72ms[0m   max=[36m62.49ms[0m  p(90)=[36m10.18ms[0m  p(95)=[36m11.1ms[0m   p(99)=[36m39.7ms[0m  
     [32m✓[0m { name:my_comments }[2m...........:[0m avg=[36m0s[0m       min=[36m0s[0m      med=[36m0s[0m       max=[36m0s[0m       p(90)=[36m0s[0m       p(95)=[36m0s[0m       p(99)=[36m0s[0m      
     [32m✓[0m { name:my_posts }[2m..............:[0m avg=[36m9.94ms[0m   min=[36m2.44ms[0m  med=[36m3.47ms[0m   max=[36m160.11ms[0m p(90)=[36m9.48ms[0m   p(95)=[36m20.08ms[0m  p(99)=[36m136.18ms[0m
     [32m✓[0m { name:notif_list }[2m............:[0m avg=[36m14.89ms[0m  min=[36m6.02ms[0m  med=[36m10.48ms[0m  max=[36m116.29ms[0m p(90)=[36m24.55ms[0m  p(95)=[36m30.19ms[0m  p(99)=[36m80.49ms[0m 
     [32m✓[0m { name:notif_read_all }[2m........:[0m avg=[36m28.85ms[0m  min=[36m14.78ms[0m med=[36m25.8ms[0m   max=[36m78.3ms[0m   p(90)=[36m44.58ms[0m  p(95)=[36m59.67ms[0m  p(99)=[36m74.58ms[0m 
     [32m✓[0m { name:notif_read_one }[2m........:[0m avg=[36m22.22ms[0m  min=[36m3.02ms[0m  med=[36m17.07ms[0m  max=[36m81.92ms[0m  p(90)=[36m34.07ms[0m  p(95)=[36m48.74ms[0m  p(99)=[36m71.87ms[0m 
     [32m✓[0m { name:notif_unread_count }[2m....:[0m avg=[36m5.79ms[0m   min=[36m2.39ms[0m  med=[36m3.93ms[0m   max=[36m82.83ms[0m  p(90)=[36m9.37ms[0m   p(95)=[36m10.52ms[0m  p(99)=[36m36.4ms[0m  
     [32m✓[0m { name:post_create }[2m...........:[0m avg=[36m27.28ms[0m  min=[36m14.65ms[0m med=[36m23.97ms[0m  max=[36m210.63ms[0m p(90)=[36m34.47ms[0m  p(95)=[36m43.29ms[0m  p(99)=[36m81.89ms[0m 
     [32m✓[0m { name:post_delete }[2m...........:[0m avg=[36m20.1ms[0m   min=[36m13.29ms[0m med=[36m18.34ms[0m  max=[36m31.69ms[0m  p(90)=[36m29.62ms[0m  p(95)=[36m31.09ms[0m  p(99)=[36m31.63ms[0m 
     [32m✓[0m { name:post_detail }[2m...........:[0m avg=[36m7.58ms[0m   min=[36m3.56ms[0m  med=[36m5.5ms[0m    max=[36m257.15ms[0m p(90)=[36m13.25ms[0m  p(95)=[36m15.32ms[0m  p(99)=[36m28.12ms[0m 
     [32m✓[0m { name:post_list_deep }[2m........:[0m avg=[36m0s[0m       min=[36m0s[0m      med=[36m0s[0m       max=[36m0s[0m       p(90)=[36m0s[0m       p(95)=[36m0s[0m       p(99)=[36m0s[0m      
     [32m✓[0m { name:post_list }[2m.............:[0m avg=[36m13.81ms[0m  min=[36m1.93ms[0m  med=[36m3.56ms[0m   max=[36m1.09s[0m    p(90)=[36m33.12ms[0m  p(95)=[36m40.2ms[0m   p(99)=[36m88.41ms[0m 
     [32m✓[0m { name:post_reaction }[2m.........:[0m avg=[36m28.98ms[0m  min=[36m17.17ms[0m med=[36m24.15ms[0m  max=[36m210.58ms[0m p(90)=[36m35.4ms[0m   p(95)=[36m43.88ms[0m  p(99)=[36m157.25ms[0m
     [32m✓[0m { name:post_search }[2m...........:[0m avg=[36m20.05ms[0m  min=[36m13.73ms[0m med=[36m15.81ms[0m  max=[36m165.92ms[0m p(90)=[36m26.84ms[0m  p(95)=[36m28.3ms[0m   p(99)=[36m72.97ms[0m 
     [32m✓[0m { name:post_update }[2m...........:[0m avg=[36m22.52ms[0m  min=[36m13.05ms[0m med=[36m19.17ms[0m  max=[36m40.68ms[0m  p(90)=[36m33.79ms[0m  p(95)=[36m38.44ms[0m  p(99)=[36m40.24ms[0m 
     [32m✓[0m { name:school_search }[2m.........:[0m avg=[36m0s[0m       min=[36m0s[0m      med=[36m0s[0m       max=[36m0s[0m       p(90)=[36m0s[0m       p(95)=[36m0s[0m       p(99)=[36m0s[0m      
     [32m✓[0m { name:scrap_list }[2m............:[0m avg=[36m0s[0m       min=[36m0s[0m      med=[36m0s[0m       max=[36m0s[0m       p(90)=[36m0s[0m       p(95)=[36m0s[0m       p(99)=[36m0s[0m      
     [32m✓[0m { name:scrap_toggle }[2m..........:[0m avg=[36m28.37ms[0m  min=[36m14.87ms[0m med=[36m22.48ms[0m  max=[36m115.35ms[0m p(90)=[36m47.72ms[0m  p(95)=[36m53.41ms[0m  p(99)=[36m94.41ms[0m 
     [32m✓[0m { name:subject_list }[2m..........:[0m avg=[36m0s[0m       min=[36m0s[0m      med=[36m0s[0m       max=[36m0s[0m       p(90)=[36m0s[0m       p(95)=[36m0s[0m       p(99)=[36m0s[0m      
     [32m✓[0m { name:template_list }[2m.........:[0m avg=[36m0s[0m       min=[36m0s[0m      med=[36m0s[0m       max=[36m0s[0m       p(90)=[36m0s[0m       p(95)=[36m0s[0m       p(99)=[36m0s[0m      
     [32m✓[0m { name:timetable_today }[2m.......:[0m avg=[36m4.97ms[0m   min=[36m2.38ms[0m  med=[36m3.35ms[0m   max=[36m30.88ms[0m  p(90)=[36m8.35ms[0m   p(95)=[36m9.41ms[0m   p(99)=[36m25.51ms[0m 
     [32m✓[0m { name:token_refresh }[2m.........:[0m avg=[36m24.98ms[0m  min=[36m16.5ms[0m  med=[36m21.33ms[0m  max=[36m45.61ms[0m  p(90)=[36m37.76ms[0m  p(95)=[36m40.73ms[0m  p(99)=[36m44.61ms[0m 
     [32m✓[0m { name:user_info }[2m.............:[0m avg=[36m4.73ms[0m   min=[36m2.37ms[0m  med=[36m3.58ms[0m   max=[36m16.88ms[0m  p(90)=[36m8.39ms[0m   p(95)=[36m9.16ms[0m   p(99)=[36m13.44ms[0m 
     [32m✓[0m { op:auth }[2m....................:[0m avg=[36m111.18ms[0m min=[36m14.13ms[0m med=[36m93.08ms[0m  max=[36m1.04s[0m    p(90)=[36m126.93ms[0m p(95)=[36m332.36ms[0m p(99)=[36m687.85ms[0m
     [31m✗[0m { op:read,phase:measure }[2m......:[0m avg=[36m96.51ms[0m  min=[36m1.93ms[0m  med=[36m5.65ms[0m   max=[36m4.95s[0m    p(90)=[36m66.19ms[0m  p(95)=[36m474.16ms[0m p(99)=[36m2.24s[0m   
     [32m✓[0m { op:write,phase:measure }[2m.....:[0m avg=[36m25.52ms[0m  min=[36m2.88ms[0m  med=[36m21.97ms[0m  max=[36m264.51ms[0m p(90)=[36m42.15ms[0m  p(95)=[36m50.21ms[0m  p(99)=[36m128.19ms[0m
     [32m✓[0m { page:0 }[2m.....................:[0m avg=[36m14.51ms[0m  min=[36m1.93ms[0m  med=[36m3.51ms[0m   max=[36m1.09s[0m    p(90)=[36m33.42ms[0m  p(95)=[36m40.62ms[0m  p(99)=[36m61.22ms[0m 
     [32m✓[0m { page:1 }[2m.....................:[0m avg=[36m10.11ms[0m  min=[36m2.01ms[0m  med=[36m3.82ms[0m   max=[36m146.3ms[0m  p(90)=[36m32.51ms[0m  p(95)=[36m36.79ms[0m  p(99)=[36m84.76ms[0m 
     [32m✓[0m { page:2 }[2m.....................:[0m avg=[36m11.7ms[0m   min=[36m1.98ms[0m  med=[36m3.4ms[0m    max=[36m218.06ms[0m p(90)=[36m28.75ms[0m  p(95)=[36m51.56ms[0m  p(99)=[36m119.31ms[0m
     [32m✓[0m { page:3 }[2m.....................:[0m avg=[36m26.37ms[0m  min=[36m2.14ms[0m  med=[36m4.31ms[0m   max=[36m987.75ms[0m p(90)=[36m33.11ms[0m  p(95)=[36m34.64ms[0m  p(99)=[36m456.87ms[0m
     [32m✓[0m { page:4 }[2m.....................:[0m avg=[36m6.19ms[0m   min=[36m2.24ms[0m  med=[36m3.18ms[0m   max=[36m49.51ms[0m  p(90)=[36m7.59ms[0m   p(95)=[36m18.39ms[0m  p(99)=[36m46.78ms[0m 
     [32m✓[0m { phase:measure }[2m..............:[0m avg=[36m90.97ms[0m  min=[36m1.93ms[0m  med=[36m6ms[0m      max=[36m4.95s[0m    p(90)=[36m58.36ms[0m  p(95)=[36m430.33ms[0m p(99)=[36m2.23s[0m   
     [32m✓[0m { phase:rampdown }[2m.............:[0m avg=[36m89.78ms[0m  min=[36m2.01ms[0m  med=[36m6.72ms[0m   max=[36m2.43s[0m    p(90)=[36m55.22ms[0m  p(95)=[36m420.48ms[0m p(99)=[36m2.08s[0m   
     [32m✓[0m { phase:warmup }[2m...............:[0m avg=[36m82.87ms[0m  min=[36m2.72ms[0m  med=[36m10.53ms[0m  max=[36m4.82s[0m    p(90)=[36m99.67ms[0m  p(95)=[36m265.42ms[0m p(99)=[36m2.05s[0m   
     http_req_failed[2m..................:[0m [36m0.00%[0m   [36;2m✓ 0[0m         [36;2m✗ 7766[0m 
     [32m✓[0m { phase:measure }[2m..............:[0m [36m0.00%[0m   [36;2m✓ 0[0m         [36;2m✗ 5092[0m 
     [32m✓[0m { phase:rampdown }[2m.............:[0m [36m0.00%[0m   [36;2m✓ 0[0m         [36;2m✗ 1173[0m 
     [32m✓[0m { phase:warmup }[2m...............:[0m [36m0.00%[0m   [36;2m✓ 0[0m         [36;2m✗ 1501[0m 
     http_req_receiving[2m...............:[0m avg=[36m631.12µs[0m min=[36m24.61µs[0m med=[36m190.06µs[0m max=[36m81.03ms[0m  p(90)=[36m575.46µs[0m p(95)=[36m2.06ms[0m   p(99)=[36m10.98ms[0m 
     http_req_sending[2m.................:[0m avg=[36m46.72µs[0m  min=[36m6.1µs[0m   med=[36m29.39µs[0m  max=[36m34.11ms[0m  p(90)=[36m76.61µs[0m  p(95)=[36m104.07µs[0m p(99)=[36m168.42µs[0m
     http_req_tls_handshaking[2m.........:[0m avg=[36m0s[0m       min=[36m0s[0m      med=[36m0s[0m       max=[36m0s[0m       p(90)=[36m0s[0m       p(95)=[36m0s[0m       p(99)=[36m0s[0m      
     http_req_waiting[2m.................:[0m avg=[36m88.55ms[0m  min=[36m1.79ms[0m  med=[36m6.7ms[0m    max=[36m4.94s[0m    p(90)=[36m81.52ms[0m  p(95)=[36m399.57ms[0m p(99)=[36m2.14s[0m   
     http_reqs[2m........................:[0m [36m7766[0m    [36;2m12.871972/s[0m
     [32m✓[0m { feature:auth }[2m...............:[0m [36m146[0m     [36;2m0.241992/s[0m
     [32m✓[0m { feature:board }[2m..............:[0m [36m715[0m     [36;2m1.185097/s[0m
     [32m✓[0m { feature:chat }[2m...............:[0m [36m575[0m     [36;2m0.95305/s[0m
     [32m✓[0m { feature:comment }[2m............:[0m [36m1405[0m    [36;2m2.328756/s[0m
     [32m✓[0m { feature:friend }[2m.............:[0m [36m113[0m     [36;2m0.187295/s[0m
     [32m✓[0m { feature:hot }[2m................:[0m [36m715[0m     [36;2m1.185097/s[0m
     [32m✓[0m { feature:mypage }[2m.............:[0m [36m102[0m     [36;2m0.169063/s[0m
     [32m✓[0m { feature:notification }[2m.......:[0m [36m308[0m     [36;2m0.510503/s[0m
     [32m✓[0m { feature:post }[2m...............:[0m [36m3378[0m    [36;2m5.59896/s[0m
     [32m✓[0m { feature:reaction }[2m...........:[0m [36m166[0m     [36;2m0.275141/s[0m
     [32m✓[0m { feature:school }[2m.............:[0m [36m60[0m      [36;2m0.099449/s[0m
     [32m✓[0m { feature:scrap }[2m..............:[0m [36m35[0m      [36;2m0.058012/s[0m
     [32m✓[0m { feature:timetable }[2m..........:[0m [36m48[0m      [36;2m0.079559/s[0m
     [32m✓[0m { name:board_list }[2m............:[0m [36m715[0m     [36;2m1.185097/s[0m
     [32m✓[0m { name:chat_mark_read }[2m........:[0m [36m123[0m     [36;2m0.20387/s[0m
     [32m✓[0m { name:chat_messages }[2m.........:[0m [36m123[0m     [36;2m0.20387/s[0m
     [32m✓[0m { name:chat_read_status }[2m......:[0m [36m0[0m       [36;2m0/s[0m
     [32m✓[0m { name:chat_rooms }[2m............:[0m [36m329[0m     [36;2m0.54531/s[0m
     [32m✓[0m { name:comment_create }[2m........:[0m [36m77[0m      [36;2m0.127626/s[0m
     [32m✓[0m { name:comment_delete }[2m........:[0m [36m0[0m       [36;2m0/s[0m
     [32m✓[0m { name:comment_list }[2m..........:[0m [36m1328[0m    [36;2m2.20113/s[0m
     [32m✓[0m { name:comment_reaction }[2m......:[0m [36m46[0m      [36;2m0.076244/s[0m
     [32m✓[0m { name:comment_update }[2m........:[0m [36m0[0m       [36;2m0/s[0m
     [32m✓[0m { name:friend_list }[2m...........:[0m [36m81[0m      [36;2m0.134256/s[0m
     [32m✓[0m { name:friend_req_received }[2m...:[0m [36m32[0m      [36;2m0.053039/s[0m
     [32m✓[0m { name:friend_request }[2m........:[0m [36m0[0m       [36;2m0/s[0m
     [32m✓[0m { name:friend_respond }[2m........:[0m [36m0[0m       [36;2m0/s[0m
     [32m✓[0m { name:friend_search }[2m.........:[0m [36m0[0m       [36;2m0/s[0m
     [32m✓[0m { name:hot_daily }[2m.............:[0m [36m715[0m     [36;2m1.185097/s[0m
     [32m✓[0m { name:login }[2m.................:[0m [36m112[0m     [36;2m0.185638/s[0m
     [32m✓[0m { name:logout }[2m................:[0m [36m12[0m      [36;2m0.01989/s[0m
     [32m✓[0m { name:meal_month }[2m............:[0m [36m12[0m      [36;2m0.01989/s[0m
     [32m✓[0m { name:meal_today }[2m............:[0m [36m48[0m      [36;2m0.079559/s[0m
     [32m✓[0m { name:my_comments }[2m...........:[0m [36m0[0m       [36;2m0/s[0m
     [32m✓[0m { name:my_posts }[2m..............:[0m [36m51[0m      [36;2m0.084531/s[0m
     [32m✓[0m { name:notif_list }[2m............:[0m [36m86[0m      [36;2m0.142543/s[0m
     [32m✓[0m { name:notif_read_all }[2m........:[0m [36m14[0m      [36;2m0.023205/s[0m
     [32m✓[0m { name:notif_read_one }[2m........:[0m [36m41[0m      [36;2m0.067957/s[0m
     [32m✓[0m { name:notif_unread_count }[2m....:[0m [36m167[0m     [36;2m0.276799/s[0m
     [32m✓[0m { name:post_create }[2m...........:[0m [36m105[0m     [36;2m0.174035/s[0m
     [32m✓[0m { name:post_delete }[2m...........:[0m [36m25[0m      [36;2m0.041437/s[0m
     [32m✓[0m { name:post_detail }[2m...........:[0m [36m2438[0m    [36;2m4.040931/s[0m
     [32m✓[0m { name:post_list_deep }[2m........:[0m [36m0[0m       [36;2m0/s[0m
     [32m✓[0m { name:post_list }[2m.............:[0m [36m715[0m     [36;2m1.185097/s[0m
     [32m✓[0m { name:post_reaction }[2m.........:[0m [36m120[0m     [36;2m0.198897/s[0m
     [32m✓[0m { name:post_search }[2m...........:[0m [36m70[0m      [36;2m0.116023/s[0m
     [32m✓[0m { name:post_update }[2m...........:[0m [36m25[0m      [36;2m0.041437/s[0m
     [32m✓[0m { name:school_search }[2m.........:[0m [36m0[0m       [36;2m0/s[0m
     [32m✓[0m { name:scrap_list }[2m............:[0m [36m0[0m       [36;2m0/s[0m
     [32m✓[0m { name:scrap_toggle }[2m..........:[0m [36m35[0m      [36;2m0.058012/s[0m
     [32m✓[0m { name:subject_list }[2m..........:[0m [36m0[0m       [36;2m0/s[0m
     [32m✓[0m { name:template_list }[2m.........:[0m [36m0[0m       [36;2m0/s[0m
     [32m✓[0m { name:timetable_today }[2m.......:[0m [36m48[0m      [36;2m0.079559/s[0m
     [32m✓[0m { name:token_refresh }[2m.........:[0m [36m22[0m      [36;2m0.036465/s[0m
     [32m✓[0m { name:user_info }[2m.............:[0m [36m51[0m      [36;2m0.084531/s[0m
     [32m✓[0m { op:auth }[2m....................:[0m [36m146[0m     [36;2m0.241992/s[0m
     [32m✓[0m { op:read }[2m....................:[0m [36m7009[0m    [36;2m11.617262/s[0m
     [32m✓[0m { op:write }[2m...................:[0m [36m611[0m     [36;2m1.012719/s[0m
     [32m✓[0m { page:0 }[2m.....................:[0m [36m393[0m     [36;2m0.651389/s[0m
     [32m✓[0m { page:1 }[2m.....................:[0m [36m151[0m     [36;2m0.250279/s[0m
     [32m✓[0m { page:2 }[2m.....................:[0m [36m79[0m      [36;2m0.130941/s[0m
     [32m✓[0m { page:3 }[2m.....................:[0m [36m57[0m      [36;2m0.094476/s[0m
     [32m✓[0m { page:4 }[2m.....................:[0m [36m35[0m      [36;2m0.058012/s[0m
     [32m✓[0m { phase:measure }[2m..............:[0m [36m5092[0m    [36;2m8.439877/s[0m
     [32m✓[0m { phase:rampdown }[2m.............:[0m [36m1173[0m    [36;2m1.944221/s[0m
     [32m✓[0m { phase:warmup }[2m...............:[0m [36m1501[0m    [36;2m2.487874/s[0m
     iteration_duration[2m...............:[0m avg=[36m10.17s[0m   min=[36m1.03s[0m   med=[36m7.73s[0m    max=[36m29.98s[0m   p(90)=[36m19.14s[0m   p(95)=[36m21.59s[0m   p(99)=[36m26.58s[0m  
     iterations[2m.......................:[0m [36m1799[0m    [36;2m2.981803/s[0m
     [32m✓[0m { phase:measure }[2m..............:[0m [36m0[0m       [36;2m0/s[0m
     [32m✓[0m { phase:rampdown }[2m.............:[0m [36m0[0m       [36;2m0/s[0m
     [32m✓[0m { phase:warmup }[2m...............:[0m [36m0[0m       [36;2m0/s[0m
     phase_iterations[2m.................:[0m [36m1799[0m    [36;2m2.981803/s[0m
     [32m✓[0m { phase:measure }[2m..............:[0m [36m1194[0m    [36;2m1.979028/s[0m
     [32m✓[0m { phase:rampdown }[2m.............:[0m [36m282[0m     [36;2m0.467409/s[0m
     [32m✓[0m { phase:warmup }[2m...............:[0m [36m323[0m     [36;2m0.535365/s[0m
     vus[2m..............................:[0m [36m1[0m       [36;2mmin=0[0m       [36;2mmax=49[0m 
     vus_max[2m..........................:[0m [36m100[0m     [36;2mmin=100[0m     [36;2mmax=100[0m
     ws_connecting[2m....................:[0m avg=[36m3.64ms[0m   min=[36m2.25ms[0m  med=[36m2.88ms[0m   max=[36m31.2ms[0m   p(90)=[36m5.07ms[0m   p(95)=[36m6.73ms[0m   p(99)=[36m11.02ms[0m 
     ws_msgs_received[2m.................:[0m [36m675[0m     [36;2m1.118797/s[0m
     ws_msgs_sent[2m.....................:[0m [36m780[0m     [36;2m1.292833/s[0m
     ws_session_duration[2m..............:[0m avg=[36m22.07s[0m   min=[36m15.1s[0m   med=[36m22.23s[0m   max=[36m29.98s[0m   p(90)=[36m28.12s[0m   p(95)=[36m29.42s[0m   p(99)=[36m29.96s[0m  
     ws_sessions[2m......................:[0m [36m105[0m     [36;2m0.174035/s[0m
running (10m03.3s), 000/100 VUs, 1799 complete and 0 interrupted iterations
normal_day ✓ [ 100% ] 000/100 VUs  10m0s  0.13 iters/s
  호스트(Windows) 590표본 · CPU 12.7% (max 38.5) · 정규화성능 118.3% · vmmem 147.3% · 바쁜코어 2.5개 · 가용메모리 947MB
  부하 중 벤치(warmup +60초, 3회 중앙값) · single 6047ms (유휴 대비 3.9%) · parallel 5378ms (유휴 대비 -5.8%) · ctxswitch 2695ms (유휴 대비 5.2%)

  실행 후 상태 sha256:2683b7cb1ce5 — chat_messages.count +570, chat_messages.maxId +570, posts.maxId +105, posts.count +80, comments.count +77 (외 13개)
    (지문 제외 항목: posts.sumViewCount +2046, daily_hot_post.count +58)
Prometheus 스크레이프 대기 20초...

══════════════════════════════════════════════════════════════════════════
  Performance Report — normal-day   Run #125   ❌ FAIL
══════════════════════════════════════════════════════════════════════════
  환경 perf  |  브랜치 personal/localdocs  |  커밋 1e23e03c  |  빌드 local
  시작 2026-08-25 20:12:05 KST  |  수행 10m 3s  |  VU max 100
  데이터셋 medium  |  부하 ramping-arrival-rate 0→4@3m0s→4@5m0s→0@2m0s maxVU 600

  ── 성능 (measure 구간) ─────────────────────────────────────────
  평균 91ms      P95 430ms     P99 2.24s    
  RPS  17.0      TPS 3.98      오류율 0.00%

  ── 인프라 ────────────────────────────────────────────────────────
  CPU  1.30 core (한계의 65%)   throttled 8.3%
  Heap 765 MB (75%)   GC max 214ms × 78회
  DB   slow 769  QPS 4,985  풀 80%  대기 0
  Redis hit 99.2%  ops 66.1/s  evicted 0

  ── 회귀 (기준: normal-day-2026-08-25T11-09-17) ────────────────
  ⚠  기준선은 당시 k6 threshold 미통과 실행입니다, 당시 Node 판정 FAIL.
     아래 증감률은 개선/악화 폭이며 현재 SLO 통과를 뜻하지 않습니다.
  ❌ P99 응답시간                   3.79s → 2.24s (-41.1%)
       2236 > 상한 1200
  ⚠️  GC 최대 정지시간                 103ms → 214ms (+107.8%)
       214 > 상한 200
       직전 대비 +107.8% 악화 (경고 30%)

  ── 병목 가설 ─────────────────────────────────────────────────────
  • HTTP 요청당 쿼리 수 과다
    요청 1건당 평균 293.7개 쿼리가 실행됐다. N+1 패턴 가능성이 높다. (임계 warn 10 / fail 50)
  • Slow Query 다발
    요청 1000건당 151.0건의 slow query(>100ms, 총 769건). 인덱스 또는 쿼리 계획 점검 대상. (임계 warn 1 / fail 100)

  보고서 : reports\runs\normal-day-2026-08-25T11-22-08\report.html
  Grafana(전체 실행): http://localhost:3001/d/htd-perf-overview/highteenday-performance-overview?from=1787656205063&to=1787657048390
  Grafana(measure) : http://localhost:3001/d/htd-perf-overview/highteenday-performance-overview?from=1787656385063&to=1787656925063
══════════════════════════════════════════════════════════════════════════

  [2/5] p95 430.3ms · 평균 91.0ms · 서버측 88.7ms · 경로 2.2ms

──────── [3/5] 리셋 (restart) ────────

▶ k6 run scenarios/normal-day.js
  브랜치 personal/localdocs · 커밋 1e23e03c3d52 · 실행자 user@DESKTOP-DJJPASG
  환경 perf · "KI-27 Before — API 축 포함 CV 확정용 5회 — repeatability 3/5"
  데이터셋 medium · 상태 sha256:2683b7cb1ce5 (156ms)
  캐시 cold (키 0개)
  guard strict — 상태 불일치 시 스냅샷 복원 후 재확인 [perf.config.json]
    guard=strict — 스냅샷으로 복원합니다.
▶ 복원 — medium-20260816-062210 → perf-mysql-data-medium
  앱·MySQL 정지
  MySQL 기동
  Redis FLUSHALL (복원 후 캐시는 cold 다)
  앱 기동
  복원 후 상태 지문 sha256:ffe696d17416 = 스냅샷 일치

✅ 복원 완료 · 소요 6.0초 (압축 해제 구간)

  부하 발생기: 컨테이너 perf-k6 (grafana/k6:2.1.0, CPU 상한 4)
  k6 지표 전송: http://prometheus:9090/api/v1/write (native histogram, 5s 간격)
  환경 대조 벤치 실행 중(3축 3회, 약 40초)... single 5965ms · parallel 5950ms · ctxswitch 2569ms
  부하 중 벤치 예약: k6 시작 +60초 (warmup 구간, 3회)

         /\      Grafana   /‾‾/  
    /\  /  \     |\  __   /  /   
   /  \/    \    | |/ /  /   ‾‾\ 
  /          \   |   (  |  (‾)  |
 / __________ \  |_|\_\  \_____/ 


     execution: local
        script: scenarios/normal-day.js
        output: Prometheus remote write (http://prometheus:9090/api/v1/write)

     scenarios: (100.00%) 1 scenario, 600 max VUs, 10m30s max duration (incl. graceful stop):
              * normal_day: Up to 4.00 iterations/s for 10m0s over 3 stages (maxVUs: 100-600, gracefulStop: 30s)


running (00m00.9s), 000/100 VUs, 0 complete and 0 interrupted iterations
normal_day   [   0% ] 000/100 VUs  00m00.9s/10m0s  0.11 iters/s

running (00m01.9s), 000/100 VUs, 0 complete and 0 interrupted iterations
normal_day   [   0% ] 000/100 VUs  00m01.9s/10m0s  0.11 iters/s

running (00m02.9s), 000/100 VUs, 0 complete and 0 interrupted iterations
normal_day   [   0% ] 000/100 VUs  00m02.9s/10m0s  0.11 iters/s

running (00m03.9s), 000/100 VUs, 0 complete and 0 interrupted iterations
normal_day   [   1% ] 000/100 VUs  00m03.9s/10m0s  0.11 iters/s

running (00m04.9s), 000/100 VUs, 0 complete and 0 interrupted iterations
normal_day   [   1% ] 000/100 VUs  00m04.9s/10m0s  0.11 iters/s

running (00m05.9s), 000/100 VUs, 0 complete and 0 interrupted iterations
normal_day   [   1% ] 000/100 VUs  00m05.9s/10m0s  0.11 iters/s

running (00m06.9s), 000/100 VUs, 0 complete and 0 interrupted iterations
normal_day   [   1% ] 000/100 VUs  00m06.9s/10m0s  0.11 iters/s

running (00m07.9s), 000/100 VUs, 0 complete and 0 interrupted iterations
normal_day   [   1% ] 000/100 VUs  00m07.9s/10m0s  0.11 iters/s

running (00m08.9s), 000/100 VUs, 0 complete and 0 interrupted iterations
normal_day   [   1% ] 000/100 VUs  00m08.9s/10m0s  0.11 iters/s

running (00m09.9s), 001/100 VUs, 0 complete and 0 interrupted iterations
normal_day   [   2% ] 001/100 VUs  00m09.9s/10m0s  0.25 iters/s

running (00m10.9s), 001/100 VUs, 0 complete and 0 interrupted iterations
normal_day   [   2% ] 001/100 VUs  00m10.9s/10m0s  0.25 iters/s

running (00m11.9s), 001/100 VUs, 0 complete and 0 interrupted iterations
normal_day   [   2% ] 001/100 VUs  00m11.9s/10m0s  0.25 iters/s

running (00m12.9s), 000/100 VUs, 1 complete and 0 interrupted iterations
normal_day   [   2% ] 000/100 VUs  00m12.9s/10m0s  0.25 iters/s

running (00m13.9s), 001/100 VUs, 1 complete and 0 interrupted iterations
normal_day   [   2% ] 001/100 VUs  00m13.9s/10m0s  0.33 iters/s

running (00m14.9s), 001/100 VUs, 1 complete and 0 interrupted iterations
normal_day   [   2% ] 001/100 VUs  00m14.9s/10m0s  0.33 iters/s

running (00m15.9s), 001/100 VUs, 1 complete and 0 interrupted iterations
normal_day   [   3% ] 001/100 VUs  00m15.9s/10m0s  0.33 iters/s

running (00m16.9s), 002/100 VUs, 1 complete and 0 interrupted iterations
normal_day   [   3% ] 002/100 VUs  00m16.9s/10m0s  0.39 iters/s

running (00m17.9s), 002/100 VUs, 1 complete and 0 interrupted iterations
normal_day   [   3% ] 002/100 VUs  00m17.9s/10m0s  0.39 iters/s

running (00m18.9s), 002/100 VUs, 1 complete and 0 interrupted iterations
normal_day   [   3% ] 002/100 VUs  00m18.9s/10m0s  0.39 iters/s

running (00m19.9s), 002/100 VUs, 2 complete and 0 interrupted iterations
normal_day   [   3% ] 002/100 VUs  00m19.9s/10m0s  0.45 iters/s

running (00m20.9s), 002/100 VUs, 2 complete and 0 interrupted iterations
normal_day   [   3% ] 002/100 VUs  00m20.9s/10m0s  0.45 iters/s

running (00m21.9s), 003/100 VUs, 2 complete and 0 interrupted iterations
normal_day   [   4% ] 003/100 VUs  00m21.9s/10m0s  0.49 iters/s

running (00m22.9s), 003/100 VUs, 2 complete and 0 interrupted iterations
normal_day   [   4% ] 003/100 VUs  00m22.9s/10m0s  0.49 iters/s

running (00m23.9s), 004/100 VUs, 2 complete and 0 interrupted iterations
normal_day   [   4% ] 004/100 VUs  00m23.9s/10m0s  0.54 iters/s

running (00m24.9s), 003/100 VUs, 3 complete and 0 interrupted iterations
normal_day   [   4% ] 003/100 VUs  00m24.9s/10m0s  0.54 iters/s

running (00m25.9s), 004/100 VUs, 3 complete and 0 interrupted iterations
normal_day   [   4% ] 004/100 VUs  00m25.9s/10m0s  0.58 iters/s

running (00m26.9s), 005/100 VUs, 3 complete and 0 interrupted iterations
normal_day   [   4% ] 005/100 VUs  00m26.9s/10m0s  0.61 iters/s

running (00m27.9s), 005/100 VUs, 3 complete and 0 interrupted iterations
normal_day   [   5% ] 005/100 VUs  00m27.9s/10m0s  0.61 iters/s

running (00m28.9s), 005/100 VUs, 4 complete and 0 interrupted iterations
normal_day   [   5% ] 005/100 VUs  00m28.9s/10m0s  0.65 iters/s

running (00m29.9s), 005/100 VUs, 4 complete and 0 interrupted iterations
normal_day   [   5% ] 005/100 VUs  00m29.9s/10m0s  0.65 iters/s

running (00m30.9s), 006/100 VUs, 4 complete and 0 interrupted iterations
normal_day   [   5% ] 006/100 VUs  00m30.9s/10m0s  0.68 iters/s

running (00m31.9s), 004/100 VUs, 7 complete and 0 interrupted iterations
normal_day   [   5% ] 004/100 VUs  00m31.9s/10m0s  0.71 iters/s

running (00m32.9s), 005/100 VUs, 7 complete and 0 interrupted iterations
normal_day   [   5% ] 005/100 VUs  00m32.9s/10m0s  0.75 iters/s

running (00m33.9s), 005/100 VUs, 7 complete and 0 interrupted iterations
normal_day   [   6% ] 005/100 VUs  00m33.9s/10m0s  0.75 iters/s

running (00m34.9s), 004/100 VUs, 9 complete and 0 interrupted iterations
normal_day   [   6% ] 004/100 VUs  00m34.9s/10m0s  0.77 iters/s

running (00m35.9s), 004/100 VUs, 10 complete and 0 interrupted iterations
normal_day   [   6% ] 004/100 VUs  00m35.9s/10m0s  0.80 iters/s

running (00m36.9s), 005/100 VUs, 10 complete and 0 interrupted iterations
normal_day   [   6% ] 005/100 VUs  00m36.9s/10m0s  0.83 iters/s

running (00m37.9s), 003/100 VUs, 12 complete and 0 interrupted iterations
normal_day   [   6% ] 003/100 VUs  00m37.9s/10m0s  0.83 iters/s

running (00m38.9s), 004/100 VUs, 12 complete and 0 interrupted iterations
normal_day   [   6% ] 004/100 VUs  00m38.9s/10m0s  0.86 iters/s

running (00m39.9s), 005/100 VUs, 12 complete and 0 interrupted iterations
normal_day   [   7% ] 005/100 VUs  00m39.9s/10m0s  0.88 iters/s

running (00m40.9s), 006/100 VUs, 12 complete and 0 interrupted iterations
normal_day   [   7% ] 006/100 VUs  00m40.9s/10m0s  0.91 iters/s

running (00m41.9s), 007/100 VUs, 12 complete and 0 interrupted iterations
normal_day   [   7% ] 007/100 VUs  00m41.9s/10m0s  0.93 iters/s

running (00m42.9s), 005/100 VUs, 15 complete and 0 interrupted iterations
normal_day   [   7% ] 005/100 VUs  00m42.9s/10m0s  0.95 iters/s

running (00m43.9s), 006/100 VUs, 15 complete and 0 interrupted iterations
normal_day   [   7% ] 006/100 VUs  00m43.9s/10m0s  0.98 iters/s

running (00m44.9s), 007/100 VUs, 15 complete and 0 interrupted iterations
normal_day   [   7% ] 007/100 VUs  00m44.9s/10m0s  1.00 iters/s

running (00m45.9s), 008/100 VUs, 15 complete and 0 interrupted iterations
normal_day   [   8% ] 008/100 VUs  00m45.9s/10m0s  1.02 iters/s

running (00m46.9s), 009/100 VUs, 15 complete and 0 interrupted iterations
normal_day   [   8% ] 009/100 VUs  00m46.9s/10m0s  1.04 iters/s

running (00m47.9s), 010/100 VUs, 15 complete and 0 interrupted iterations
normal_day   [   8% ] 010/100 VUs  00m47.9s/10m0s  1.06 iters/s

running (00m48.9s), 010/100 VUs, 16 complete and 0 interrupted iterations
normal_day   [   8% ] 010/100 VUs  00m48.9s/10m0s  1.09 iters/s

running (00m49.9s), 010/100 VUs, 17 complete and 0 interrupted iterations
normal_day   [   8% ] 010/100 VUs  00m49.9s/10m0s  1.11 iters/s

running (00m50.9s), 008/100 VUs, 20 complete and 0 interrupted iterations
normal_day   [   8% ] 008/100 VUs  00m50.9s/10m0s  1.13 iters/s

running (00m51.9s), 007/100 VUs, 22 complete and 0 interrupted iterations
normal_day   [   9% ] 007/100 VUs  00m51.9s/10m0s  1.14 iters/s

running (00m52.9s), 008/100 VUs, 23 complete and 0 interrupted iterations
normal_day   [   9% ] 008/100 VUs  00m52.9s/10m0s  1.18 iters/s

running (00m53.9s), 008/100 VUs, 24 complete and 0 interrupted iterations
normal_day   [   9% ] 008/100 VUs  00m53.9s/10m0s  1.20 iters/s

running (00m54.9s), 007/100 VUs, 26 complete and 0 interrupted iterations
normal_day   [   9% ] 007/100 VUs  00m54.9s/10m0s  1.22 iters/s

running (00m55.9s), 007/100 VUs, 27 complete and 0 interrupted iterations
normal_day   [   9% ] 007/100 VUs  00m55.9s/10m0s  1.24 iters/s

running (00m56.9s), 007/100 VUs, 28 complete and 0 interrupted iterations
normal_day   [   9% ] 007/100 VUs  00m56.9s/10m0s  1.26 iters/s

running (00m57.9s), 008/100 VUs, 29 complete and 0 interrupted iterations
normal_day   [  10% ] 008/100 VUs  00m57.9s/10m0s  1.29 iters/s

running (00m58.9s), 009/100 VUs, 29 complete and 0 interrupted iterations
normal_day   [  10% ] 009/100 VUs  00m58.9s/10m0s  1.31 iters/s

running (00m59.9s), 010/100 VUs, 29 complete and 0 interrupted iterations
normal_day   [  10% ] 010/100 VUs  00m59.9s/10m0s  1.32 iters/s

running (01m00.9s), 012/100 VUs, 29 complete and 0 interrupted iterations
normal_day   [  10% ] 012/100 VUs  01m00.9s/10m0s  1.36 iters/s

running (01m01.9s), 013/100 VUs, 29 complete and 0 interrupted iterations
normal_day   [  10% ] 013/100 VUs  01m01.9s/10m0s  1.37 iters/s

running (01m02.9s), 013/100 VUs, 30 complete and 0 interrupted iterations
normal_day   [  10% ] 013/100 VUs  01m02.9s/10m0s  1.39 iters/s

running (01m03.9s), 014/100 VUs, 31 complete and 0 interrupted iterations
normal_day   [  11% ] 014/100 VUs  01m03.9s/10m0s  1.42 iters/s

running (01m04.9s), 014/100 VUs, 32 complete and 0 interrupted iterations
normal_day   [  11% ] 014/100 VUs  01m04.9s/10m0s  1.44 iters/s

running (01m05.9s), 015/100 VUs, 33 complete and 0 interrupted iterations
normal_day   [  11% ] 015/100 VUs  01m05.9s/10m0s  1.47 iters/s

running (01m06.9s), 014/100 VUs, 35 complete and 0 interrupted iterations
normal_day   [  11% ] 014/100 VUs  01m06.9s/10m0s  1.48 iters/s

running (01m07.9s), 015/100 VUs, 36 complete and 0 interrupted iterations
normal_day   [  11% ] 015/100 VUs  01m07.9s/10m0s  1.51 iters/s

running (01m08.9s), 016/100 VUs, 36 complete and 0 interrupted iterations
normal_day   [  11% ] 016/100 VUs  01m08.9s/10m0s  1.53 iters/s

running (01m09.9s), 015/100 VUs, 39 complete and 0 interrupted iterations
normal_day   [  12% ] 015/100 VUs  01m09.9s/10m0s  1.56 iters/s

running (01m10.9s), 016/100 VUs, 39 complete and 0 interrupted iterations
normal_day   [  12% ] 016/100 VUs  01m10.9s/10m0s  1.57 iters/s

running (01m11.9s), 017/100 VUs, 40 complete and 0 interrupted iterations
normal_day   [  12% ] 017/100 VUs  01m11.9s/10m0s  1.60 iters/s

running (01m12.9s), 016/100 VUs, 42 complete and 0 interrupted iterations
normal_day   [  12% ] 016/100 VUs  01m12.9s/10m0s  1.61 iters/s

running (01m13.9s), 017/100 VUs, 43 complete and 0 interrupted iterations
normal_day   [  12% ] 017/100 VUs  01m13.9s/10m0s  1.64 iters/s

running (01m14.9s), 019/100 VUs, 43 complete and 0 interrupted iterations
normal_day   [  12% ] 019/100 VUs  01m14.9s/10m0s  1.67 iters/s

running (01m15.9s), 017/100 VUs, 46 complete and 0 interrupted iterations
normal_day   [  13% ] 017/100 VUs  01m15.9s/10m0s  1.68 iters/s

running (01m16.9s), 016/100 VUs, 49 complete and 0 interrupted iterations
normal_day   [  13% ] 016/100 VUs  01m16.9s/10m0s  1.71 iters/s

running (01m17.9s), 018/100 VUs, 49 complete and 0 interrupted iterations
normal_day   [  13% ] 018/100 VUs  01m17.9s/10m0s  1.73 iters/s

running (01m18.9s), 019/100 VUs, 50 complete and 0 interrupted iterations
normal_day   [  13% ] 019/100 VUs  01m18.9s/10m0s  1.76 iters/s

running (01m19.9s), 017/100 VUs, 53 complete and 0 interrupted iterations
normal_day   [  13% ] 017/100 VUs  01m19.9s/10m0s  1.77 iters/s

running (01m20.9s), 015/100 VUs, 57 complete and 0 interrupted iterations
normal_day   [  13% ] 015/100 VUs  01m20.9s/10m0s  1.80 iters/s

running (01m21.9s), 016/100 VUs, 58 complete and 0 interrupted iterations
normal_day   [  14% ] 016/100 VUs  01m21.9s/10m0s  1.82 iters/s

running (01m22.9s), 016/100 VUs, 60 complete and 0 interrupted iterations
normal_day   [  14% ] 016/100 VUs  01m22.9s/10m0s  1.84 iters/s

running (01m23.9s), 017/100 VUs, 61 complete and 0 interrupted iterations
normal_day   [  14% ] 017/100 VUs  01m23.9s/10m0s  1.87 iters/s

running (01m24.9s), 018/100 VUs, 62 complete and 0 interrupted iterations
normal_day   [  14% ] 018/100 VUs  01m24.9s/10m0s  1.89 iters/s

running (01m25.9s), 016/100 VUs, 65 complete and 0 interrupted iterations
normal_day   [  14% ] 016/100 VUs  01m25.9s/10m0s  1.90 iters/s

running (01m26.9s), 017/100 VUs, 66 complete and 0 interrupted iterations
normal_day   [  14% ] 017/100 VUs  01m26.9s/10m0s  1.93 iters/s

running (01m27.9s), 018/100 VUs, 67 complete and 0 interrupted iterations
normal_day   [  15% ] 018/100 VUs  01m27.9s/10m0s  1.95 iters/s

running (01m28.9s), 020/100 VUs, 67 complete and 0 interrupted iterations
normal_day   [  15% ] 020/100 VUs  01m28.9s/10m0s  1.97 iters/s

running (01m29.9s), 018/100 VUs, 71 complete and 0 interrupted iterations
normal_day   [  15% ] 018/100 VUs  01m29.9s/10m0s  1.99 iters/s

running (01m30.9s), 018/100 VUs, 73 complete and 0 interrupted iterations
normal_day   [  15% ] 018/100 VUs  01m30.9s/10m0s  2.02 iters/s

running (01m31.9s), 015/100 VUs, 78 complete and 0 interrupted iterations
normal_day   [  15% ] 015/100 VUs  01m31.9s/10m0s  2.04 iters/s

running (01m32.9s), 015/100 VUs, 80 complete and 0 interrupted iterations
normal_day   [  15% ] 015/100 VUs  01m32.9s/10m0s  2.06 iters/s

running (01m33.9s), 015/100 VUs, 82 complete and 0 interrupted iterations
normal_day   [  16% ] 015/100 VUs  01m33.9s/10m0s  2.08 iters/s

running (01m34.9s), 016/100 VUs, 84 complete and 0 interrupted iterations
normal_day   [  16% ] 016/100 VUs  01m34.9s/10m0s  2.11 iters/s

running (01m35.9s), 017/100 VUs, 85 complete and 0 interrupted iterations
normal_day   [  16% ] 017/100 VUs  01m35.9s/10m0s  2.13 iters/s

running (01m36.9s), 017/100 VUs, 87 complete and 0 interrupted iterations
normal_day   [  16% ] 017/100 VUs  01m36.9s/10m0s  2.16 iters/s

running (01m37.9s), 018/100 VUs, 88 complete and 0 interrupted iterations
normal_day   [  16% ] 018/100 VUs  01m37.9s/10m0s  2.18 iters/s

running (01m38.9s), 017/100 VUs, 91 complete and 0 interrupted iterations
normal_day   [  16% ] 017/100 VUs  01m38.9s/10m0s  2.20 iters/s

running (01m39.9s), 017/100 VUs, 93 complete and 0 interrupted iterations
normal_day   [  17% ] 017/100 VUs  01m39.9s/10m0s  2.22 iters/s

running (01m40.9s), 020/100 VUs, 93 complete and 0 interrupted iterations
normal_day   [  17% ] 020/100 VUs  01m40.9s/10m0s  2.25 iters/s

running (01m41.9s), 022/100 VUs, 93 complete and 0 interrupted iterations
normal_day   [  17% ] 022/100 VUs  01m41.9s/10m0s  2.27 iters/s

running (01m42.9s), 024/100 VUs, 93 complete and 0 interrupted iterations
normal_day   [  17% ] 024/100 VUs  01m42.9s/10m0s  2.29 iters/s

running (01m43.9s), 023/100 VUs, 96 complete and 0 interrupted iterations
normal_day   [  17% ] 023/100 VUs  01m43.9s/10m0s  2.30 iters/s

running (01m44.9s), 022/100 VUs, 100 complete and 0 interrupted iterations
normal_day   [  17% ] 022/100 VUs  01m44.9s/10m0s  2.33 iters/s

running (01m45.9s), 021/100 VUs, 103 complete and 0 interrupted iterations
normal_day   [  18% ] 021/100 VUs  01m45.9s/10m0s  2.35 iters/s

running (01m46.9s), 022/100 VUs, 104 complete and 0 interrupted iterations
normal_day   [  18% ] 022/100 VUs  01m46.9s/10m0s  2.37 iters/s

running (01m47.9s), 023/100 VUs, 106 complete and 0 interrupted iterations
normal_day   [  18% ] 023/100 VUs  01m47.9s/10m0s  2.40 iters/s

running (01m48.9s), 024/100 VUs, 107 complete and 0 interrupted iterations
normal_day   [  18% ] 024/100 VUs  01m48.9s/10m0s  2.42 iters/s

running (01m49.9s), 023/100 VUs, 111 complete and 0 interrupted iterations
normal_day   [  18% ] 023/100 VUs  01m49.9s/10m0s  2.44 iters/s

running (01m50.9s), 024/100 VUs, 112 complete and 0 interrupted iterations
normal_day   [  18% ] 024/100 VUs  01m50.9s/10m0s  2.46 iters/s

running (01m51.9s), 024/100 VUs, 115 complete and 0 interrupted iterations
normal_day   [  19% ] 024/100 VUs  01m51.9s/10m0s  2.49 iters/s

running (01m52.9s), 023/100 VUs, 118 complete and 0 interrupted iterations
normal_day   [  19% ] 023/100 VUs  01m52.9s/10m0s  2.51 iters/s

running (01m53.9s), 025/100 VUs, 119 complete and 0 interrupted iterations
normal_day   [  19% ] 025/100 VUs  01m53.9s/10m0s  2.53 iters/s

running (01m54.9s), 022/100 VUs, 124 complete and 0 interrupted iterations
normal_day   [  19% ] 022/100 VUs  01m54.9s/10m0s  2.55 iters/s

running (01m55.9s), 023/100 VUs, 126 complete and 0 interrupted iterations
normal_day   [  19% ] 023/100 VUs  01m55.9s/10m0s  2.58 iters/s

running (01m56.9s), 023/100 VUs, 128 complete and 0 interrupted iterations
normal_day   [  19% ] 023/100 VUs  01m56.9s/10m0s  2.59 iters/s

running (01m57.9s), 024/100 VUs, 130 complete and 0 interrupted iterations
normal_day   [  20% ] 024/100 VUs  01m57.9s/10m0s  2.62 iters/s

running (01m58.9s), 024/100 VUs, 132 complete and 0 interrupted iterations
normal_day   [  20% ] 024/100 VUs  01m58.9s/10m0s  2.64 iters/s

running (01m59.9s), 025/100 VUs, 134 complete and 0 interrupted iterations
normal_day   [  20% ] 025/100 VUs  01m59.9s/10m0s  2.66 iters/s

running (02m00.9s), 028/100 VUs, 134 complete and 0 interrupted iterations
normal_day   [  20% ] 028/100 VUs  02m00.9s/10m0s  2.69 iters/s

running (02m01.9s), 030/100 VUs, 135 complete and 0 interrupted iterations
normal_day   [  20% ] 030/100 VUs  02m01.9s/10m0s  2.71 iters/s

running (02m02.9s), 028/100 VUs, 139 complete and 0 interrupted iterations
normal_day   [  20% ] 028/100 VUs  02m02.9s/10m0s  2.73 iters/s

running (02m03.9s), 028/100 VUs, 142 complete and 0 interrupted iterations
normal_day   [  21% ] 028/100 VUs  02m03.9s/10m0s  2.75 iters/s

running (02m04.9s), 028/100 VUs, 145 complete and 0 interrupted iterations
normal_day   [  21% ] 028/100 VUs  02m04.9s/10m0s  2.78 iters/s

running (02m05.9s), 030/100 VUs, 146 complete and 0 interrupted iterations
normal_day   [  21% ] 030/100 VUs  02m05.9s/10m0s  2.80 iters/s

running (02m06.9s), 030/100 VUs, 148 complete and 0 interrupted iterations
normal_day   [  21% ] 030/100 VUs  02m06.9s/10m0s  2.82 iters/s

running (02m07.9s), 027/100 VUs, 154 complete and 0 interrupted iterations
normal_day   [  21% ] 027/100 VUs  02m07.9s/10m0s  2.84 iters/s

running (02m08.9s), 027/100 VUs, 157 complete and 0 interrupted iterations
normal_day   [  21% ] 027/100 VUs  02m08.9s/10m0s  2.86 iters/s

running (02m09.9s), 026/100 VUs, 161 complete and 0 interrupted iterations
normal_day   [  22% ] 026/100 VUs  02m09.9s/10m0s  2.89 iters/s

running (02m10.9s), 024/100 VUs, 166 complete and 0 interrupted iterations
normal_day   [  22% ] 024/100 VUs  02m10.9s/10m0s  2.91 iters/s

running (02m11.9s), 026/100 VUs, 167 complete and 0 interrupted iterations
normal_day   [  22% ] 026/100 VUs  02m11.9s/10m0s  2.93 iters/s

running (02m12.9s), 026/100 VUs, 170 complete and 0 interrupted iterations
normal_day   [  22% ] 026/100 VUs  02m12.9s/10m0s  2.96 iters/s

running (02m13.9s), 025/100 VUs, 174 complete and 0 interrupted iterations
normal_day   [  22% ] 025/100 VUs  02m13.9s/10m0s  2.98 iters/s

running (02m14.9s), 028/100 VUs, 174 complete and 0 interrupted iterations
normal_day   [  22% ] 028/100 VUs  02m14.9s/10m0s  3.00 iters/s

running (02m15.9s), 027/100 VUs, 178 complete and 0 interrupted iterations
normal_day   [  23% ] 027/100 VUs  02m15.9s/10m0s  3.02 iters/s

running (02m16.9s), 030/100 VUs, 178 complete and 0 interrupted iterations
normal_day   [  23% ] 030/100 VUs  02m16.9s/10m0s  3.04 iters/s

running (02m17.9s), 030/100 VUs, 181 complete and 0 interrupted iterations
normal_day   [  23% ] 030/100 VUs  02m17.9s/10m0s  3.07 iters/s

running (02m18.9s), 031/100 VUs, 183 complete and 0 interrupted iterations
normal_day   [  23% ] 031/100 VUs  02m18.9s/10m0s  3.09 iters/s

running (02m19.9s), 030/100 VUs, 187 complete and 0 interrupted iterations
normal_day   [  23% ] 030/100 VUs  02m19.9s/10m0s  3.11 iters/s

running (02m20.9s), 029/100 VUs, 191 complete and 0 interrupted iterations
normal_day   [  23% ] 029/100 VUs  02m20.9s/10m0s  3.13 iters/s

running (02m21.9s), 028/100 VUs, 195 complete and 0 interrupted iterations
normal_day   [  24% ] 028/100 VUs  02m21.9s/10m0s  3.15 iters/s

running (02m22.9s), 031/100 VUs, 195 complete and 0 interrupted iterations
normal_day   [  24% ] 031/100 VUs  02m22.9s/10m0s  3.17 iters/s

running (02m23.9s), 032/100 VUs, 197 complete and 0 interrupted iterations
normal_day   [  24% ] 032/100 VUs  02m23.9s/10m0s  3.19 iters/s

running (02m24.9s), 030/100 VUs, 203 complete and 0 interrupted iterations
normal_day   [  24% ] 030/100 VUs  02m24.9s/10m0s  3.22 iters/s

running (02m25.9s), 030/100 VUs, 206 complete and 0 interrupted iterations
normal_day   [  24% ] 030/100 VUs  02m25.9s/10m0s  3.24 iters/s

running (02m26.9s), 029/100 VUs, 210 complete and 0 interrupted iterations
normal_day   [  24% ] 029/100 VUs  02m26.9s/10m0s  3.26 iters/s

running (02m27.9s), 027/100 VUs, 215 complete and 0 interrupted iterations
normal_day   [  25% ] 027/100 VUs  02m27.9s/10m0s  3.28 iters/s

running (02m28.9s), 027/100 VUs, 219 complete and 0 interrupted iterations
normal_day   [  25% ] 027/100 VUs  02m28.9s/10m0s  3.31 iters/s

running (02m29.9s), 026/100 VUs, 223 complete and 0 interrupted iterations
normal_day   [  25% ] 026/100 VUs  02m29.9s/10m0s  3.33 iters/s

running (02m30.9s), 029/100 VUs, 223 complete and 0 interrupted iterations
normal_day   [  25% ] 029/100 VUs  02m30.9s/10m0s  3.35 iters/s

running (02m31.9s), 030/100 VUs, 226 complete and 0 interrupted iterations
normal_day   [  25% ] 030/100 VUs  02m31.9s/10m0s  3.38 iters/s

running (02m32.9s), 031/100 VUs, 228 complete and 0 interrupted iterations
normal_day   [  25% ] 031/100 VUs  02m32.9s/10m0s  3.40 iters/s

running (02m33.9s), 033/100 VUs, 230 complete and 0 interrupted iterations
normal_day   [  26% ] 033/100 VUs  02m33.9s/10m0s  3.42 iters/s

running (02m34.9s), 036/100 VUs, 230 complete and 0 interrupted iterations
normal_day   [  26% ] 036/100 VUs  02m34.9s/10m0s  3.44 iters/s

running (02m35.9s), 036/100 VUs, 233 complete and 0 interrupted iterations
normal_day   [  26% ] 036/100 VUs  02m35.9s/10m0s  3.46 iters/s

running (02m36.9s), 037/100 VUs, 236 complete and 0 interrupted iterations
normal_day   [  26% ] 037/100 VUs  02m36.9s/10m0s  3.49 iters/s

running (02m37.9s), 035/100 VUs, 241 complete and 0 interrupted iterations
normal_day   [  26% ] 035/100 VUs  02m37.9s/10m0s  3.51 iters/s

running (02m38.9s), 037/100 VUs, 243 complete and 0 interrupted iterations
normal_day   [  26% ] 037/100 VUs  02m38.9s/10m0s  3.53 iters/s

running (02m39.9s), 037/100 VUs, 246 complete and 0 interrupted iterations
normal_day   [  27% ] 037/100 VUs  02m39.9s/10m0s  3.55 iters/s

running (02m40.9s), 037/100 VUs, 250 complete and 0 interrupted iterations
normal_day   [  27% ] 037/100 VUs  02m40.9s/10m0s  3.57 iters/s

running (02m41.9s), 039/100 VUs, 252 complete and 0 interrupted iterations
normal_day   [  27% ] 039/100 VUs  02m41.9s/10m0s  3.60 iters/s

running (02m42.9s), 040/100 VUs, 254 complete and 0 interrupted iterations
normal_day   [  27% ] 040/100 VUs  02m42.9s/10m0s  3.62 iters/s

running (02m43.9s), 039/100 VUs, 259 complete and 0 interrupted iterations
normal_day   [  27% ] 039/100 VUs  02m43.9s/10m0s  3.64 iters/s

running (02m44.9s), 039/100 VUs, 263 complete and 0 interrupted iterations
normal_day   [  27% ] 039/100 VUs  02m44.9s/10m0s  3.67 iters/s

running (02m45.9s), 039/100 VUs, 266 complete and 0 interrupted iterations
normal_day   [  28% ] 039/100 VUs  02m45.9s/10m0s  3.68 iters/s

running (02m46.9s), 042/100 VUs, 267 complete and 0 interrupted iterations
normal_day   [  28% ] 042/100 VUs  02m46.9s/10m0s  3.71 iters/s

running (02m47.9s), 041/100 VUs, 272 complete and 0 interrupted iterations
normal_day   [  28% ] 041/100 VUs  02m47.9s/10m0s  3.73 iters/s

running (02m48.9s), 038/100 VUs, 278 complete and 0 interrupted iterations
normal_day   [  28% ] 038/100 VUs  02m48.9s/10m0s  3.75 iters/s

running (02m49.9s), 037/100 VUs, 283 complete and 0 interrupted iterations
normal_day   [  28% ] 037/100 VUs  02m49.9s/10m0s  3.77 iters/s

running (02m50.9s), 039/100 VUs, 285 complete and 0 interrupted iterations
normal_day   [  28% ] 039/100 VUs  02m50.9s/10m0s  3.80 iters/s

running (02m51.9s), 041/100 VUs, 287 complete and 0 interrupted iterations
normal_day   [  29% ] 041/100 VUs  02m51.9s/10m0s  3.82 iters/s

running (02m52.9s), 041/100 VUs, 291 complete and 0 interrupted iterations
normal_day   [  29% ] 041/100 VUs  02m52.9s/10m0s  3.84 iters/s

running (02m53.9s), 042/100 VUs, 293 complete and 0 interrupted iterations
normal_day   [  29% ] 042/100 VUs  02m53.9s/10m0s  3.86 iters/s

running (02m54.9s), 039/100 VUs, 300 complete and 0 interrupted iterations
normal_day   [  29% ] 039/100 VUs  02m54.9s/10m0s  3.88 iters/s

running (02m55.9s), 036/100 VUs, 307 complete and 0 interrupted iterations
normal_day   [  29% ] 036/100 VUs  02m55.9s/10m0s  3.91 iters/s

running (02m56.9s), 039/100 VUs, 308 complete and 0 interrupted iterations
normal_day   [  29% ] 039/100 VUs  02m56.9s/10m0s  3.93 iters/s

running (02m57.9s), 041/100 VUs, 310 complete and 0 interrupted iterations
normal_day   [  30% ] 041/100 VUs  02m57.9s/10m0s  3.95 iters/s

running (02m58.9s), 043/100 VUs, 312 complete and 0 interrupted iterations
normal_day   [  30% ] 043/100 VUs  02m58.9s/10m0s  3.97 iters/s

running (02m59.9s), 045/100 VUs, 314 complete and 0 interrupted iterations
normal_day   [  30% ] 045/100 VUs  02m59.9s/10m0s  4.00 iters/s

running (03m00.9s), 042/100 VUs, 321 complete and 0 interrupted iterations
normal_day   [  30% ] 042/100 VUs  03m00.9s/10m0s  4.00 iters/s

running (03m01.9s), 036/100 VUs, 331 complete and 0 interrupted iterations
normal_day   [  30% ] 036/100 VUs  03m01.9s/10m0s  4.00 iters/s

running (03m02.9s), 039/100 VUs, 332 complete and 0 interrupted iterations
normal_day   [  30% ] 039/100 VUs  03m02.9s/10m0s  4.00 iters/s

running (03m03.9s), 040/100 VUs, 335 complete and 0 interrupted iterations
normal_day   [  31% ] 040/100 VUs  03m03.9s/10m0s  4.00 iters/s

running (03m04.9s), 041/100 VUs, 338 complete and 0 interrupted iterations
normal_day   [  31% ] 041/100 VUs  03m04.9s/10m0s  4.00 iters/s

running (03m05.9s), 040/100 VUs, 343 complete and 0 interrupted iterations
normal_day   [  31% ] 040/100 VUs  03m05.9s/10m0s  4.00 iters/s

running (03m06.9s), 041/100 VUs, 346 complete and 0 interrupted iterations
normal_day   [  31% ] 041/100 VUs  03m06.9s/10m0s  4.00 iters/s

running (03m07.9s), 036/100 VUs, 355 complete and 0 interrupted iterations
normal_day   [  31% ] 036/100 VUs  03m07.9s/10m0s  4.00 iters/s

running (03m08.9s), 037/100 VUs, 358 complete and 0 interrupted iterations
normal_day   [  31% ] 037/100 VUs  03m08.9s/10m0s  4.00 iters/s

running (03m09.9s), 038/100 VUs, 361 complete and 0 interrupted iterations
normal_day   [  32% ] 038/100 VUs  03m09.9s/10m0s  4.00 iters/s

running (03m10.9s), 039/100 VUs, 364 complete and 0 interrupted iterations
normal_day   [  32% ] 039/100 VUs  03m10.9s/10m0s  4.00 iters/s

running (03m11.9s), 036/100 VUs, 371 complete and 0 interrupted iterations
normal_day   [  32% ] 036/100 VUs  03m11.9s/10m0s  4.00 iters/s

running (03m12.9s), 037/100 VUs, 374 complete and 0 interrupted iterations
normal_day   [  32% ] 037/100 VUs  03m12.9s/10m0s  4.00 iters/s

running (03m13.9s), 040/100 VUs, 375 complete and 0 interrupted iterations
normal_day   [  32% ] 040/100 VUs  03m13.9s/10m0s  4.00 iters/s

running (03m14.9s), 044/100 VUs, 375 complete and 0 interrupted iterations
normal_day   [  32% ] 044/100 VUs  03m14.9s/10m0s  4.00 iters/s

running (03m15.9s), 043/100 VUs, 380 complete and 0 interrupted iterations
normal_day   [  33% ] 043/100 VUs  03m15.9s/10m0s  4.00 iters/s

running (03m16.9s), 045/100 VUs, 382 complete and 0 interrupted iterations
normal_day   [  33% ] 045/100 VUs  03m16.9s/10m0s  4.00 iters/s

running (03m17.9s), 047/100 VUs, 384 complete and 0 interrupted iterations
normal_day   [  33% ] 047/100 VUs  03m17.9s/10m0s  4.00 iters/s

running (03m18.9s), 049/100 VUs, 386 complete and 0 interrupted iterations
normal_day   [  33% ] 049/100 VUs  03m18.9s/10m0s  4.00 iters/s

running (03m19.9s), 049/100 VUs, 390 complete and 0 interrupted iterations
normal_day   [  33% ] 049/100 VUs  03m19.9s/10m0s  4.00 iters/s

running (03m20.9s), 050/100 VUs, 393 complete and 0 interrupted iterations
normal_day   [  33% ] 050/100 VUs  03m20.9s/10m0s  4.00 iters/s

running (03m21.9s), 049/100 VUs, 398 complete and 0 interrupted iterations
normal_day   [  34% ] 049/100 VUs  03m21.9s/10m0s  4.00 iters/s

running (03m22.9s), 048/100 VUs, 403 complete and 0 interrupted iterations
normal_day   [  34% ] 048/100 VUs  03m22.9s/10m0s  4.00 iters/s

running (03m23.9s), 049/100 VUs, 406 complete and 0 interrupted iterations
normal_day   [  34% ] 049/100 VUs  03m23.9s/10m0s  4.00 iters/s

running (03m24.9s), 051/100 VUs, 408 complete and 0 interrupted iterations
normal_day   [  34% ] 051/100 VUs  03m24.9s/10m0s  4.00 iters/s

running (03m25.9s), 051/100 VUs, 412 complete and 0 interrupted iterations
normal_day   [  34% ] 051/100 VUs  03m25.9s/10m0s  4.00 iters/s

running (03m26.9s), 052/100 VUs, 415 complete and 0 interrupted iterations
normal_day   [  34% ] 052/100 VUs  03m26.9s/10m0s  4.00 iters/s

running (03m27.9s), 052/100 VUs, 419 complete and 0 interrupted iterations
normal_day   [  35% ] 052/100 VUs  03m27.9s/10m0s  4.00 iters/s

running (03m28.9s), 049/100 VUs, 426 complete and 0 interrupted iterations
normal_day   [  35% ] 049/100 VUs  03m28.9s/10m0s  4.00 iters/s

running (03m29.9s), 050/100 VUs, 429 complete and 0 interrupted iterations
normal_day   [  35% ] 050/100 VUs  03m29.9s/10m0s  4.00 iters/s

running (03m30.9s), 045/100 VUs, 438 complete and 0 interrupted iterations
normal_day   [  35% ] 045/100 VUs  03m30.9s/10m0s  4.00 iters/s

running (03m31.9s), 047/100 VUs, 440 complete and 0 interrupted iterations
normal_day   [  35% ] 047/100 VUs  03m31.9s/10m0s  4.00 iters/s

running (03m32.9s), 047/100 VUs, 444 complete and 0 interrupted iterations
normal_day   [  35% ] 047/100 VUs  03m32.9s/10m0s  4.00 iters/s

running (03m33.9s), 045/100 VUs, 450 complete and 0 interrupted iterations
normal_day   [  36% ] 045/100 VUs  03m33.9s/10m0s  4.00 iters/s

running (03m34.9s), 045/100 VUs, 454 complete and 0 interrupted iterations
normal_day   [  36% ] 045/100 VUs  03m34.9s/10m0s  4.00 iters/s

running (03m35.9s), 039/100 VUs, 464 complete and 0 interrupted iterations
normal_day   [  36% ] 039/100 VUs  03m35.9s/10m0s  4.00 iters/s

running (03m36.9s), 040/100 VUs, 467 complete and 0 interrupted iterations
normal_day   [  36% ] 040/100 VUs  03m36.9s/10m0s  4.00 iters/s

running (03m37.9s), 042/100 VUs, 469 complete and 0 interrupted iterations
normal_day   [  36% ] 042/100 VUs  03m37.9s/10m0s  4.00 iters/s

running (03m38.9s), 038/100 VUs, 477 complete and 0 interrupted iterations
normal_day   [  36% ] 038/100 VUs  03m38.9s/10m0s  4.00 iters/s

running (03m39.9s), 040/100 VUs, 479 complete and 0 interrupted iterations
normal_day   [  37% ] 040/100 VUs  03m39.9s/10m0s  4.00 iters/s

running (03m40.9s), 043/100 VUs, 480 complete and 0 interrupted iterations
normal_day   [  37% ] 043/100 VUs  03m40.9s/10m0s  4.00 iters/s

running (03m41.9s), 042/100 VUs, 485 complete and 0 interrupted iterations
normal_day   [  37% ] 042/100 VUs  03m41.9s/10m0s  4.00 iters/s

running (03m42.9s), 042/100 VUs, 489 complete and 0 interrupted iterations
normal_day   [  37% ] 042/100 VUs  03m42.9s/10m0s  4.00 iters/s

running (03m43.9s), 045/100 VUs, 490 complete and 0 interrupted iterations
normal_day   [  37% ] 045/100 VUs  03m43.9s/10m0s  4.00 iters/s

running (03m44.9s), 046/100 VUs, 493 complete and 0 interrupted iterations
normal_day   [  37% ] 046/100 VUs  03m44.9s/10m0s  4.00 iters/s

running (03m45.9s), 045/100 VUs, 498 complete and 0 interrupted iterations
normal_day   [  38% ] 045/100 VUs  03m45.9s/10m0s  4.00 iters/s

running (03m46.9s), 046/100 VUs, 501 complete and 0 interrupted iterations
normal_day   [  38% ] 046/100 VUs  03m46.9s/10m0s  4.00 iters/s

running (03m47.9s), 044/100 VUs, 507 complete and 0 interrupted iterations
normal_day   [  38% ] 044/100 VUs  03m47.9s/10m0s  4.00 iters/s

running (03m48.9s), 042/100 VUs, 513 complete and 0 interrupted iterations
normal_day   [  38% ] 042/100 VUs  03m48.9s/10m0s  4.00 iters/s

running (03m49.9s), 043/100 VUs, 516 complete and 0 interrupted iterations
normal_day   [  38% ] 043/100 VUs  03m49.9s/10m0s  4.00 iters/s

running (03m50.9s), 043/100 VUs, 520 complete and 0 interrupted iterations
normal_day   [  38% ] 043/100 VUs  03m50.9s/10m0s  4.00 iters/s

running (03m51.9s), 046/100 VUs, 521 complete and 0 interrupted iterations
normal_day   [  39% ] 046/100 VUs  03m51.9s/10m0s  4.00 iters/s

running (03m52.9s), 046/100 VUs, 525 complete and 0 interrupted iterations
normal_day   [  39% ] 046/100 VUs  03m52.9s/10m0s  4.00 iters/s

running (03m53.9s), 049/100 VUs, 526 complete and 0 interrupted iterations
normal_day   [  39% ] 049/100 VUs  03m53.9s/10m0s  4.00 iters/s

running (03m54.9s), 052/100 VUs, 527 complete and 0 interrupted iterations
normal_day   [  39% ] 052/100 VUs  03m54.9s/10m0s  4.00 iters/s

running (03m55.9s), 045/100 VUs, 538 complete and 0 interrupted iterations
normal_day   [  39% ] 045/100 VUs  03m55.9s/10m0s  4.00 iters/s

running (03m56.9s), 044/100 VUs, 543 complete and 0 interrupted iterations
normal_day   [  39% ] 044/100 VUs  03m56.9s/10m0s  4.00 iters/s

running (03m57.9s), 044/100 VUs, 547 complete and 0 interrupted iterations
normal_day   [  40% ] 044/100 VUs  03m57.9s/10m0s  4.00 iters/s

running (03m58.9s), 047/100 VUs, 548 complete and 0 interrupted iterations
normal_day   [  40% ] 047/100 VUs  03m58.9s/10m0s  4.00 iters/s

running (03m59.9s), 046/100 VUs, 553 complete and 0 interrupted iterations
normal_day   [  40% ] 046/100 VUs  03m59.9s/10m0s  4.00 iters/s

running (04m00.9s), 043/100 VUs, 560 complete and 0 interrupted iterations
normal_day   [  40% ] 043/100 VUs  04m00.9s/10m0s  4.00 iters/s

running (04m01.9s), 042/100 VUs, 565 complete and 0 interrupted iterations
normal_day   [  40% ] 042/100 VUs  04m01.9s/10m0s  4.00 iters/s

running (04m02.9s), 039/100 VUs, 572 complete and 0 interrupted iterations
normal_day   [  40% ] 039/100 VUs  04m02.9s/10m0s  4.00 iters/s

running (04m03.9s), 042/100 VUs, 573 complete and 0 interrupted iterations
normal_day   [  41% ] 042/100 VUs  04m03.9s/10m0s  4.00 iters/s

running (04m04.9s), 040/100 VUs, 579 complete and 0 interrupted iterations
normal_day   [  41% ] 040/100 VUs  04m04.9s/10m0s  4.00 iters/s

running (04m05.9s), 040/100 VUs, 583 complete and 0 interrupted iterations
normal_day   [  41% ] 040/100 VUs  04m05.9s/10m0s  4.00 iters/s

running (04m06.9s), 041/100 VUs, 586 complete and 0 interrupted iterations
normal_day   [  41% ] 041/100 VUs  04m06.9s/10m0s  4.00 iters/s

running (04m07.9s), 039/100 VUs, 592 complete and 0 interrupted iterations
normal_day   [  41% ] 039/100 VUs  04m07.9s/10m0s  4.00 iters/s

running (04m08.9s), 039/100 VUs, 596 complete and 0 interrupted iterations
normal_day   [  41% ] 039/100 VUs  04m08.9s/10m0s  4.00 iters/s

running (04m09.9s), 037/100 VUs, 602 complete and 0 interrupted iterations
normal_day   [  42% ] 037/100 VUs  04m09.9s/10m0s  4.00 iters/s

running (04m10.9s), 040/100 VUs, 603 complete and 0 interrupted iterations
normal_day   [  42% ] 040/100 VUs  04m10.9s/10m0s  4.00 iters/s

running (04m11.9s), 043/100 VUs, 604 complete and 0 interrupted iterations
normal_day   [  42% ] 043/100 VUs  04m11.9s/10m0s  4.00 iters/s

running (04m12.9s), 044/100 VUs, 607 complete and 0 interrupted iterations
normal_day   [  42% ] 044/100 VUs  04m12.9s/10m0s  4.00 iters/s

running (04m13.9s), 042/100 VUs, 613 complete and 0 interrupted iterations
normal_day   [  42% ] 042/100 VUs  04m13.9s/10m0s  4.00 iters/s

running (04m14.9s), 039/100 VUs, 620 complete and 0 interrupted iterations
normal_day   [  42% ] 039/100 VUs  04m14.9s/10m0s  4.00 iters/s

running (04m15.9s), 039/100 VUs, 624 complete and 0 interrupted iterations
normal_day   [  43% ] 039/100 VUs  04m15.9s/10m0s  4.00 iters/s

running (04m16.9s), 041/100 VUs, 626 complete and 0 interrupted iterations
normal_day   [  43% ] 041/100 VUs  04m16.9s/10m0s  4.00 iters/s

running (04m17.9s), 041/100 VUs, 630 complete and 0 interrupted iterations
normal_day   [  43% ] 041/100 VUs  04m17.9s/10m0s  4.00 iters/s

running (04m18.9s), 040/100 VUs, 635 complete and 0 interrupted iterations
normal_day   [  43% ] 040/100 VUs  04m18.9s/10m0s  4.00 iters/s

running (04m19.9s), 037/100 VUs, 642 complete and 0 interrupted iterations
normal_day   [  43% ] 037/100 VUs  04m19.9s/10m0s  4.00 iters/s

running (04m20.9s), 035/100 VUs, 648 complete and 0 interrupted iterations
normal_day   [  43% ] 035/100 VUs  04m20.9s/10m0s  4.00 iters/s

running (04m21.9s), 038/100 VUs, 649 complete and 0 interrupted iterations
normal_day   [  44% ] 038/100 VUs  04m21.9s/10m0s  4.00 iters/s

running (04m22.9s), 040/100 VUs, 651 complete and 0 interrupted iterations
normal_day   [  44% ] 040/100 VUs  04m22.9s/10m0s  4.00 iters/s

running (04m23.9s), 039/100 VUs, 656 complete and 0 interrupted iterations
normal_day   [  44% ] 039/100 VUs  04m23.9s/10m0s  4.00 iters/s

running (04m24.9s), 041/100 VUs, 658 complete and 0 interrupted iterations
normal_day   [  44% ] 041/100 VUs  04m24.9s/10m0s  4.00 iters/s

running (04m25.9s), 039/100 VUs, 664 complete and 0 interrupted iterations
normal_day   [  44% ] 039/100 VUs  04m25.9s/10m0s  4.00 iters/s

running (04m26.9s), 038/100 VUs, 669 complete and 0 interrupted iterations
normal_day   [  44% ] 038/100 VUs  04m26.9s/10m0s  4.00 iters/s

running (04m27.9s), 039/100 VUs, 672 complete and 0 interrupted iterations
normal_day   [  45% ] 039/100 VUs  04m27.9s/10m0s  4.00 iters/s

running (04m28.9s), 038/100 VUs, 677 complete and 0 interrupted iterations
normal_day   [  45% ] 038/100 VUs  04m28.9s/10m0s  4.00 iters/s

running (04m29.9s), 037/100 VUs, 682 complete and 0 interrupted iterations
normal_day   [  45% ] 037/100 VUs  04m29.9s/10m0s  4.00 iters/s

running (04m30.9s), 036/100 VUs, 687 complete and 0 interrupted iterations
normal_day   [  45% ] 036/100 VUs  04m30.9s/10m0s  4.00 iters/s

running (04m31.9s), 036/100 VUs, 691 complete and 0 interrupted iterations
normal_day   [  45% ] 036/100 VUs  04m31.9s/10m0s  4.00 iters/s

running (04m32.9s), 038/100 VUs, 693 complete and 0 interrupted iterations
normal_day   [  45% ] 038/100 VUs  04m32.9s/10m0s  4.00 iters/s

running (04m33.9s), 040/100 VUs, 695 complete and 0 interrupted iterations
normal_day   [  46% ] 040/100 VUs  04m33.9s/10m0s  4.00 iters/s

running (04m34.9s), 039/100 VUs, 700 complete and 0 interrupted iterations
normal_day   [  46% ] 039/100 VUs  04m34.9s/10m0s  4.00 iters/s

running (04m35.9s), 037/100 VUs, 706 complete and 0 interrupted iterations
normal_day   [  46% ] 037/100 VUs  04m35.9s/10m0s  4.00 iters/s

running (04m36.9s), 036/100 VUs, 711 complete and 0 interrupted iterations
normal_day   [  46% ] 036/100 VUs  04m36.9s/10m0s  4.00 iters/s

running (04m37.9s), 039/100 VUs, 712 complete and 0 interrupted iterations
normal_day   [  46% ] 039/100 VUs  04m37.9s/10m0s  4.00 iters/s

running (04m38.9s), 041/100 VUs, 714 complete and 0 interrupted iterations
normal_day   [  46% ] 041/100 VUs  04m38.9s/10m0s  4.00 iters/s

running (04m39.9s), 044/100 VUs, 715 complete and 0 interrupted iterations
normal_day   [  47% ] 044/100 VUs  04m39.9s/10m0s  4.00 iters/s

running (04m40.9s), 040/100 VUs, 723 complete and 0 interrupted iterations
normal_day   [  47% ] 040/100 VUs  04m40.9s/10m0s  4.00 iters/s

running (04m41.9s), 043/100 VUs, 724 complete and 0 interrupted iterations
normal_day   [  47% ] 043/100 VUs  04m41.9s/10m0s  4.00 iters/s

running (04m42.9s), 042/100 VUs, 729 complete and 0 interrupted iterations
normal_day   [  47% ] 042/100 VUs  04m42.9s/10m0s  4.00 iters/s

running (04m43.9s), 044/100 VUs, 731 complete and 0 interrupted iterations
normal_day   [  47% ] 044/100 VUs  04m43.9s/10m0s  4.00 iters/s

running (04m44.9s), 044/100 VUs, 735 complete and 0 interrupted iterations
normal_day   [  47% ] 044/100 VUs  04m44.9s/10m0s  4.00 iters/s

running (04m45.9s), 046/100 VUs, 737 complete and 0 interrupted iterations
normal_day   [  48% ] 046/100 VUs  04m45.9s/10m0s  4.00 iters/s

running (04m46.9s), 044/100 VUs, 743 complete and 0 interrupted iterations
normal_day   [  48% ] 044/100 VUs  04m46.9s/10m0s  4.00 iters/s

running (04m47.9s), 044/100 VUs, 747 complete and 0 interrupted iterations
normal_day   [  48% ] 044/100 VUs  04m47.9s/10m0s  4.00 iters/s

running (04m48.9s), 048/100 VUs, 747 complete and 0 interrupted iterations
normal_day   [  48% ] 048/100 VUs  04m48.9s/10m0s  4.00 iters/s

running (04m49.9s), 049/100 VUs, 750 complete and 0 interrupted iterations
normal_day   [  48% ] 049/100 VUs  04m49.9s/10m0s  4.00 iters/s

running (04m50.9s), 044/100 VUs, 759 complete and 0 interrupted iterations
normal_day   [  48% ] 044/100 VUs  04m50.9s/10m0s  4.00 iters/s

running (04m51.9s), 046/100 VUs, 761 complete and 0 interrupted iterations
normal_day   [  49% ] 046/100 VUs  04m51.9s/10m0s  4.00 iters/s

running (04m52.9s), 045/100 VUs, 766 complete and 0 interrupted iterations
normal_day   [  49% ] 045/100 VUs  04m52.9s/10m0s  4.00 iters/s

running (04m53.9s), 047/100 VUs, 768 complete and 0 interrupted iterations
normal_day   [  49% ] 047/100 VUs  04m53.9s/10m0s  4.00 iters/s

running (04m54.9s), 047/100 VUs, 772 complete and 0 interrupted iterations
normal_day   [  49% ] 047/100 VUs  04m54.9s/10m0s  4.00 iters/s

running (04m55.9s), 049/100 VUs, 774 complete and 0 interrupted iterations
normal_day   [  49% ] 049/100 VUs  04m55.9s/10m0s  4.00 iters/s

running (04m56.9s), 049/100 VUs, 778 complete and 0 interrupted iterations
normal_day   [  49% ] 049/100 VUs  04m56.9s/10m0s  4.00 iters/s

running (04m57.9s), 046/100 VUs, 785 complete and 0 interrupted iterations
normal_day   [  50% ] 046/100 VUs  04m57.9s/10m0s  4.00 iters/s

running (04m58.9s), 046/100 VUs, 789 complete and 0 interrupted iterations
normal_day   [  50% ] 046/100 VUs  04m58.9s/10m0s  4.00 iters/s

running (04m59.9s), 043/100 VUs, 796 complete and 0 interrupted iterations
normal_day   [  50% ] 043/100 VUs  04m59.9s/10m0s  4.00 iters/s

running (05m00.9s), 043/100 VUs, 800 complete and 0 interrupted iterations
normal_day   [  50% ] 043/100 VUs  05m00.9s/10m0s  4.00 iters/s

running (05m01.9s), 040/100 VUs, 807 complete and 0 interrupted iterations
normal_day   [  50% ] 040/100 VUs  05m01.9s/10m0s  4.00 iters/s

running (05m02.9s), 041/100 VUs, 810 complete and 0 interrupted iterations
normal_day   [  50% ] 041/100 VUs  05m02.9s/10m0s  4.00 iters/s

running (05m03.9s), 040/100 VUs, 815 complete and 0 interrupted iterations
normal_day   [  51% ] 040/100 VUs  05m03.9s/10m0s  4.00 iters/s

running (05m04.9s), 037/100 VUs, 822 complete and 0 interrupted iterations
normal_day   [  51% ] 037/100 VUs  05m04.9s/10m0s  4.00 iters/s

running (05m05.9s), 037/100 VUs, 826 complete and 0 interrupted iterations
normal_day   [  51% ] 037/100 VUs  05m05.9s/10m0s  4.00 iters/s

running (05m06.9s), 038/100 VUs, 829 complete and 0 interrupted iterations
normal_day   [  51% ] 038/100 VUs  05m06.9s/10m0s  4.00 iters/s

running (05m07.9s), 035/100 VUs, 836 complete and 0 interrupted iterations
normal_day   [  51% ] 035/100 VUs  05m07.9s/10m0s  4.00 iters/s

running (05m08.9s), 037/100 VUs, 838 complete and 0 interrupted iterations
normal_day   [  51% ] 037/100 VUs  05m08.9s/10m0s  4.00 iters/s

running (05m09.9s), 037/100 VUs, 842 complete and 0 interrupted iterations
normal_day   [  52% ] 037/100 VUs  05m09.9s/10m0s  4.00 iters/s

running (05m10.9s), 039/100 VUs, 844 complete and 0 interrupted iterations
normal_day   [  52% ] 039/100 VUs  05m10.9s/10m0s  4.00 iters/s

running (05m11.9s), 039/100 VUs, 848 complete and 0 interrupted iterations
normal_day   [  52% ] 039/100 VUs  05m11.9s/10m0s  4.00 iters/s

running (05m12.9s), 041/100 VUs, 850 complete and 0 interrupted iterations
normal_day   [  52% ] 041/100 VUs  05m12.9s/10m0s  4.00 iters/s

running (05m13.9s), 042/100 VUs, 853 complete and 0 interrupted iterations
normal_day   [  52% ] 042/100 VUs  05m13.9s/10m0s  4.00 iters/s

running (05m14.9s), 044/100 VUs, 855 complete and 0 interrupted iterations
normal_day   [  52% ] 044/100 VUs  05m14.9s/10m0s  4.00 iters/s

running (05m15.9s), 044/100 VUs, 859 complete and 0 interrupted iterations
normal_day   [  53% ] 044/100 VUs  05m15.9s/10m0s  4.00 iters/s

running (05m16.9s), 046/100 VUs, 861 complete and 0 interrupted iterations
normal_day   [  53% ] 046/100 VUs  05m16.9s/10m0s  4.00 iters/s

running (05m17.9s), 046/100 VUs, 865 complete and 0 interrupted iterations
normal_day   [  53% ] 046/100 VUs  05m17.9s/10m0s  4.00 iters/s

running (05m18.9s), 048/100 VUs, 867 complete and 0 interrupted iterations
normal_day   [  53% ] 048/100 VUs  05m18.9s/10m0s  4.00 iters/s

running (05m19.9s), 047/100 VUs, 872 complete and 0 interrupted iterations
normal_day   [  53% ] 047/100 VUs  05m19.9s/10m0s  4.00 iters/s

running (05m20.9s), 044/100 VUs, 879 complete and 0 interrupted iterations
normal_day   [  53% ] 044/100 VUs  05m20.9s/10m0s  4.00 iters/s

running (05m21.9s), 046/100 VUs, 881 complete and 0 interrupted iterations
normal_day   [  54% ] 046/100 VUs  05m21.9s/10m0s  4.00 iters/s

running (05m22.9s), 040/100 VUs, 891 complete and 0 interrupted iterations
normal_day   [  54% ] 040/100 VUs  05m22.9s/10m0s  4.00 iters/s

running (05m23.9s), 043/100 VUs, 892 complete and 0 interrupted iterations
normal_day   [  54% ] 043/100 VUs  05m23.9s/10m0s  4.00 iters/s

running (05m24.9s), 043/100 VUs, 896 complete and 0 interrupted iterations
normal_day   [  54% ] 043/100 VUs  05m24.9s/10m0s  4.00 iters/s

running (05m25.9s), 043/100 VUs, 900 complete and 0 interrupted iterations
normal_day   [  54% ] 043/100 VUs  05m25.9s/10m0s  4.00 iters/s

running (05m26.9s), 043/100 VUs, 904 complete and 0 interrupted iterations
normal_day   [  54% ] 043/100 VUs  05m26.9s/10m0s  4.00 iters/s

running (05m27.9s), 043/100 VUs, 908 complete and 0 interrupted iterations
normal_day   [  55% ] 043/100 VUs  05m27.9s/10m0s  4.00 iters/s

running (05m28.9s), 044/100 VUs, 911 complete and 0 interrupted iterations
normal_day   [  55% ] 044/100 VUs  05m28.9s/10m0s  4.00 iters/s

running (05m29.9s), 043/100 VUs, 916 complete and 0 interrupted iterations
normal_day   [  55% ] 043/100 VUs  05m29.9s/10m0s  4.00 iters/s

running (05m30.9s), 041/100 VUs, 922 complete and 0 interrupted iterations
normal_day   [  55% ] 041/100 VUs  05m30.9s/10m0s  4.00 iters/s

running (05m31.9s), 038/100 VUs, 929 complete and 0 interrupted iterations
normal_day   [  55% ] 038/100 VUs  05m31.9s/10m0s  4.00 iters/s

running (05m32.9s), 038/100 VUs, 933 complete and 0 interrupted iterations
normal_day   [  55% ] 038/100 VUs  05m32.9s/10m0s  4.00 iters/s

running (05m33.9s), 038/100 VUs, 937 complete and 0 interrupted iterations
normal_day   [  56% ] 038/100 VUs  05m33.9s/10m0s  4.00 iters/s

running (05m34.9s), 039/100 VUs, 940 complete and 0 interrupted iterations
normal_day   [  56% ] 039/100 VUs  05m34.9s/10m0s  4.00 iters/s

running (05m35.9s), 039/100 VUs, 944 complete and 0 interrupted iterations
normal_day   [  56% ] 039/100 VUs  05m35.9s/10m0s  4.00 iters/s

running (05m36.9s), 039/100 VUs, 948 complete and 0 interrupted iterations
normal_day   [  56% ] 039/100 VUs  05m36.9s/10m0s  4.00 iters/s

running (05m37.9s), 036/100 VUs, 955 complete and 0 interrupted iterations
normal_day   [  56% ] 036/100 VUs  05m37.9s/10m0s  4.00 iters/s

running (05m38.9s), 037/100 VUs, 958 complete and 0 interrupted iterations
normal_day   [  56% ] 037/100 VUs  05m38.9s/10m0s  4.00 iters/s

running (05m39.9s), 035/100 VUs, 964 complete and 0 interrupted iterations
normal_day   [  57% ] 035/100 VUs  05m39.9s/10m0s  4.00 iters/s

running (05m40.9s), 036/100 VUs, 967 complete and 0 interrupted iterations
normal_day   [  57% ] 036/100 VUs  05m40.9s/10m0s  4.00 iters/s

running (05m41.9s), 034/100 VUs, 973 complete and 0 interrupted iterations
normal_day   [  57% ] 034/100 VUs  05m41.9s/10m0s  4.00 iters/s

running (05m42.9s), 037/100 VUs, 974 complete and 0 interrupted iterations
normal_day   [  57% ] 037/100 VUs  05m42.9s/10m0s  4.00 iters/s

running (05m43.9s), 037/100 VUs, 978 complete and 0 interrupted iterations
normal_day   [  57% ] 037/100 VUs  05m43.9s/10m0s  4.00 iters/s

running (05m44.9s), 032/100 VUs, 987 complete and 0 interrupted iterations
normal_day   [  57% ] 032/100 VUs  05m44.9s/10m0s  4.00 iters/s

running (05m45.9s), 034/100 VUs, 989 complete and 0 interrupted iterations
normal_day   [  58% ] 034/100 VUs  05m45.9s/10m0s  4.00 iters/s

running (05m46.9s), 033/100 VUs, 994 complete and 0 interrupted iterations
normal_day   [  58% ] 033/100 VUs  05m46.9s/10m0s  4.00 iters/s

running (05m47.9s), 034/100 VUs, 997 complete and 0 interrupted iterations
normal_day   [  58% ] 034/100 VUs  05m47.9s/10m0s  4.00 iters/s

running (05m48.9s), 035/100 VUs, 1000 complete and 0 interrupted iterations
normal_day   [  58% ] 035/100 VUs  05m48.9s/10m0s  4.00 iters/s

running (05m49.9s), 038/100 VUs, 1001 complete and 0 interrupted iterations
normal_day   [  58% ] 038/100 VUs  05m49.9s/10m0s  4.00 iters/s

running (05m50.9s), 035/100 VUs, 1008 complete and 0 interrupted iterations
normal_day   [  58% ] 035/100 VUs  05m50.9s/10m0s  4.00 iters/s

running (05m51.9s), 037/100 VUs, 1010 complete and 0 interrupted iterations
normal_day   [  59% ] 037/100 VUs  05m51.9s/10m0s  4.00 iters/s

running (05m52.9s), 037/100 VUs, 1014 complete and 0 interrupted iterations
normal_day   [  59% ] 037/100 VUs  05m52.9s/10m0s  4.00 iters/s

running (05m53.9s), 038/100 VUs, 1017 complete and 0 interrupted iterations
normal_day   [  59% ] 038/100 VUs  05m53.9s/10m0s  4.00 iters/s

running (05m54.9s), 038/100 VUs, 1021 complete and 0 interrupted iterations
normal_day   [  59% ] 038/100 VUs  05m54.9s/10m0s  4.00 iters/s

running (05m55.9s), 039/100 VUs, 1024 complete and 0 interrupted iterations
normal_day   [  59% ] 039/100 VUs  05m55.9s/10m0s  4.00 iters/s

running (05m56.9s), 039/100 VUs, 1028 complete and 0 interrupted iterations
normal_day   [  59% ] 039/100 VUs  05m56.9s/10m0s  4.00 iters/s

running (05m57.9s), 038/100 VUs, 1033 complete and 0 interrupted iterations
normal_day   [  60% ] 038/100 VUs  05m57.9s/10m0s  4.00 iters/s

running (05m58.9s), 038/100 VUs, 1037 complete and 0 interrupted iterations
normal_day   [  60% ] 038/100 VUs  05m58.9s/10m0s  4.00 iters/s

running (05m59.8s), 040/100 VUs, 1039 complete and 0 interrupted iterations
normal_day   [  60% ] 040/100 VUs  05m59.9s/10m0s  4.00 iters/s

running (06m00.9s), 037/100 VUs, 1046 complete and 0 interrupted iterations
normal_day   [  60% ] 037/100 VUs  06m00.9s/10m0s  4.00 iters/s

running (06m01.8s), 036/100 VUs, 1051 complete and 0 interrupted iterations
normal_day   [  60% ] 036/100 VUs  06m01.9s/10m0s  4.00 iters/s

running (06m02.9s), 038/100 VUs, 1053 complete and 0 interrupted iterations
normal_day   [  60% ] 038/100 VUs  06m02.9s/10m0s  4.00 iters/s

running (06m03.9s), 039/100 VUs, 1056 complete and 0 interrupted iterations
normal_day   [  61% ] 039/100 VUs  06m03.9s/10m0s  4.00 iters/s

running (06m04.9s), 041/100 VUs, 1058 complete and 0 interrupted iterations
normal_day   [  61% ] 041/100 VUs  06m04.9s/10m0s  4.00 iters/s

running (06m05.9s), 040/100 VUs, 1063 complete and 0 interrupted iterations
normal_day   [  61% ] 040/100 VUs  06m05.9s/10m0s  4.00 iters/s

running (06m06.9s), 039/100 VUs, 1068 complete and 0 interrupted iterations
normal_day   [  61% ] 039/100 VUs  06m06.9s/10m0s  4.00 iters/s

running (06m07.9s), 041/100 VUs, 1070 complete and 0 interrupted iterations
normal_day   [  61% ] 041/100 VUs  06m07.9s/10m0s  4.00 iters/s

running (06m08.9s), 039/100 VUs, 1076 complete and 0 interrupted iterations
normal_day   [  61% ] 039/100 VUs  06m08.9s/10m0s  4.00 iters/s

running (06m09.9s), 041/100 VUs, 1078 complete and 0 interrupted iterations
normal_day   [  62% ] 041/100 VUs  06m09.9s/10m0s  4.00 iters/s

running (06m10.9s), 041/100 VUs, 1082 complete and 0 interrupted iterations
normal_day   [  62% ] 041/100 VUs  06m10.9s/10m0s  4.00 iters/s

running (06m11.9s), 043/100 VUs, 1084 complete and 0 interrupted iterations
normal_day   [  62% ] 043/100 VUs  06m11.9s/10m0s  4.00 iters/s

running (06m12.9s), 045/100 VUs, 1086 complete and 0 interrupted iterations
normal_day   [  62% ] 045/100 VUs  06m12.9s/10m0s  4.00 iters/s

running (06m13.9s), 047/100 VUs, 1088 complete and 0 interrupted iterations
normal_day   [  62% ] 047/100 VUs  06m13.9s/10m0s  4.00 iters/s

running (06m14.9s), 047/100 VUs, 1092 complete and 0 interrupted iterations
normal_day   [  62% ] 047/100 VUs  06m14.9s/10m0s  4.00 iters/s

running (06m15.9s), 043/100 VUs, 1100 complete and 0 interrupted iterations
normal_day   [  63% ] 043/100 VUs  06m15.9s/10m0s  4.00 iters/s

running (06m16.9s), 044/100 VUs, 1103 complete and 0 interrupted iterations
normal_day   [  63% ] 044/100 VUs  06m16.9s/10m0s  4.00 iters/s

running (06m17.9s), 046/100 VUs, 1105 complete and 0 interrupted iterations
normal_day   [  63% ] 046/100 VUs  06m17.9s/10m0s  4.00 iters/s

running (06m18.8s), 047/100 VUs, 1108 complete and 0 interrupted iterations
normal_day   [  63% ] 047/100 VUs  06m18.9s/10m0s  4.00 iters/s

running (06m19.9s), 046/100 VUs, 1113 complete and 0 interrupted iterations
normal_day   [  63% ] 046/100 VUs  06m19.9s/10m0s  4.00 iters/s

running (06m20.9s), 046/100 VUs, 1117 complete and 0 interrupted iterations
normal_day   [  63% ] 046/100 VUs  06m20.9s/10m0s  4.00 iters/s

running (06m21.9s), 046/100 VUs, 1121 complete and 0 interrupted iterations
normal_day   [  64% ] 046/100 VUs  06m21.9s/10m0s  4.00 iters/s

running (06m22.8s), 044/100 VUs, 1127 complete and 0 interrupted iterations
normal_day   [  64% ] 044/100 VUs  06m22.9s/10m0s  4.00 iters/s

running (06m23.9s), 040/100 VUs, 1135 complete and 0 interrupted iterations
normal_day   [  64% ] 040/100 VUs  06m23.9s/10m0s  4.00 iters/s

running (06m24.9s), 038/100 VUs, 1141 complete and 0 interrupted iterations
normal_day   [  64% ] 038/100 VUs  06m24.9s/10m0s  4.00 iters/s

running (06m25.9s), 038/100 VUs, 1145 complete and 0 interrupted iterations
normal_day   [  64% ] 038/100 VUs  06m25.9s/10m0s  4.00 iters/s

running (06m26.8s), 036/100 VUs, 1151 complete and 0 interrupted iterations
normal_day   [  64% ] 036/100 VUs  06m26.9s/10m0s  4.00 iters/s

running (06m27.9s), 035/100 VUs, 1156 complete and 0 interrupted iterations
normal_day   [  65% ] 035/100 VUs  06m27.9s/10m0s  4.00 iters/s

running (06m28.9s), 036/100 VUs, 1159 complete and 0 interrupted iterations
normal_day   [  65% ] 036/100 VUs  06m28.9s/10m0s  4.00 iters/s

running (06m29.8s), 033/100 VUs, 1166 complete and 0 interrupted iterations
normal_day   [  65% ] 033/100 VUs  06m29.9s/10m0s  4.00 iters/s

running (06m30.8s), 032/100 VUs, 1171 complete and 0 interrupted iterations
normal_day   [  65% ] 032/100 VUs  06m30.9s/10m0s  4.00 iters/s

running (06m31.8s), 031/100 VUs, 1176 complete and 0 interrupted iterations
normal_day   [  65% ] 031/100 VUs  06m31.9s/10m0s  4.00 iters/s

running (06m32.8s), 031/100 VUs, 1180 complete and 0 interrupted iterations
normal_day   [  65% ] 031/100 VUs  06m32.9s/10m0s  4.00 iters/s

running (06m33.8s), 033/100 VUs, 1182 complete and 0 interrupted iterations
normal_day   [  66% ] 033/100 VUs  06m33.9s/10m0s  4.00 iters/s

running (06m34.8s), 034/100 VUs, 1185 complete and 0 interrupted iterations
normal_day   [  66% ] 034/100 VUs  06m34.9s/10m0s  4.00 iters/s

running (06m35.8s), 036/100 VUs, 1187 complete and 0 interrupted iterations
normal_day   [  66% ] 036/100 VUs  06m35.9s/10m0s  4.00 iters/s

running (06m36.8s), 037/100 VUs, 1190 complete and 0 interrupted iterations
normal_day   [  66% ] 037/100 VUs  06m36.9s/10m0s  4.00 iters/s

running (06m37.8s), 038/100 VUs, 1193 complete and 0 interrupted iterations
normal_day   [  66% ] 038/100 VUs  06m37.9s/10m0s  4.00 iters/s

running (06m38.8s), 038/100 VUs, 1197 complete and 0 interrupted iterations
normal_day   [  66% ] 038/100 VUs  06m38.9s/10m0s  4.00 iters/s

running (06m39.9s), 039/100 VUs, 1200 complete and 0 interrupted iterations
normal_day   [  67% ] 039/100 VUs  06m39.9s/10m0s  4.00 iters/s

running (06m40.8s), 041/100 VUs, 1202 complete and 0 interrupted iterations
normal_day   [  67% ] 041/100 VUs  06m40.9s/10m0s  4.00 iters/s

running (06m41.8s), 041/100 VUs, 1206 complete and 0 interrupted iterations
normal_day   [  67% ] 041/100 VUs  06m41.9s/10m0s  4.00 iters/s

running (06m42.8s), 040/100 VUs, 1211 complete and 0 interrupted iterations
normal_day   [  67% ] 040/100 VUs  06m42.9s/10m0s  4.00 iters/s

running (06m43.8s), 043/100 VUs, 1212 complete and 0 interrupted iterations
normal_day   [  67% ] 043/100 VUs  06m43.9s/10m0s  4.00 iters/s

running (06m44.8s), 042/100 VUs, 1217 complete and 0 interrupted iterations
normal_day   [  67% ] 042/100 VUs  06m44.9s/10m0s  4.00 iters/s

running (06m45.8s), 042/100 VUs, 1221 complete and 0 interrupted iterations
normal_day   [  68% ] 042/100 VUs  06m45.9s/10m0s  4.00 iters/s

running (06m46.8s), 038/100 VUs, 1229 complete and 0 interrupted iterations
normal_day   [  68% ] 038/100 VUs  06m46.9s/10m0s  4.00 iters/s

running (06m47.8s), 037/100 VUs, 1234 complete and 0 interrupted iterations
normal_day   [  68% ] 037/100 VUs  06m47.9s/10m0s  4.00 iters/s

running (06m48.8s), 037/100 VUs, 1238 complete and 0 interrupted iterations
normal_day   [  68% ] 037/100 VUs  06m48.9s/10m0s  4.00 iters/s

running (06m49.8s), 035/100 VUs, 1244 complete and 0 interrupted iterations
normal_day   [  68% ] 035/100 VUs  06m49.9s/10m0s  4.00 iters/s

running (06m50.8s), 039/100 VUs, 1244 complete and 0 interrupted iterations
normal_day   [  68% ] 039/100 VUs  06m50.9s/10m0s  4.00 iters/s

running (06m51.8s), 042/100 VUs, 1245 complete and 0 interrupted iterations
normal_day   [  69% ] 042/100 VUs  06m51.9s/10m0s  4.00 iters/s

running (06m52.8s), 043/100 VUs, 1248 complete and 0 interrupted iterations
normal_day   [  69% ] 043/100 VUs  06m52.9s/10m0s  4.00 iters/s

running (06m53.8s), 046/100 VUs, 1249 complete and 0 interrupted iterations
normal_day   [  69% ] 046/100 VUs  06m53.9s/10m0s  4.00 iters/s

running (06m54.8s), 049/100 VUs, 1250 complete and 0 interrupted iterations
normal_day   [  69% ] 049/100 VUs  06m54.9s/10m0s  4.00 iters/s

running (06m55.8s), 050/100 VUs, 1253 complete and 0 interrupted iterations
normal_day   [  69% ] 050/100 VUs  06m55.9s/10m0s  4.00 iters/s

running (06m56.8s), 047/100 VUs, 1260 complete and 0 interrupted iterations
normal_day   [  69% ] 047/100 VUs  06m56.9s/10m0s  4.00 iters/s

running (06m57.8s), 049/100 VUs, 1262 complete and 0 interrupted iterations
normal_day   [  70% ] 049/100 VUs  06m57.9s/10m0s  4.00 iters/s

running (06m58.8s), 050/100 VUs, 1265 complete and 0 interrupted iterations
normal_day   [  70% ] 050/100 VUs  06m58.9s/10m0s  4.00 iters/s

running (06m59.8s), 052/100 VUs, 1267 complete and 0 interrupted iterations
normal_day   [  70% ] 052/100 VUs  06m59.9s/10m0s  4.00 iters/s

running (07m00.8s), 051/100 VUs, 1272 complete and 0 interrupted iterations
normal_day   [  70% ] 051/100 VUs  07m00.9s/10m0s  4.00 iters/s

running (07m01.8s), 050/100 VUs, 1277 complete and 0 interrupted iterations
normal_day   [  70% ] 050/100 VUs  07m01.9s/10m0s  4.00 iters/s

running (07m02.8s), 048/100 VUs, 1283 complete and 0 interrupted iterations
normal_day   [  70% ] 048/100 VUs  07m02.9s/10m0s  4.00 iters/s

running (07m03.8s), 043/100 VUs, 1292 complete and 0 interrupted iterations
normal_day   [  71% ] 043/100 VUs  07m03.9s/10m0s  4.00 iters/s

running (07m04.8s), 043/100 VUs, 1296 complete and 0 interrupted iterations
normal_day   [  71% ] 043/100 VUs  07m04.9s/10m0s  4.00 iters/s

running (07m05.8s), 045/100 VUs, 1298 complete and 0 interrupted iterations
normal_day   [  71% ] 045/100 VUs  07m05.9s/10m0s  4.00 iters/s

running (07m06.8s), 045/100 VUs, 1302 complete and 0 interrupted iterations
normal_day   [  71% ] 045/100 VUs  07m06.9s/10m0s  4.00 iters/s

running (07m07.8s), 040/100 VUs, 1311 complete and 0 interrupted iterations
normal_day   [  71% ] 040/100 VUs  07m07.9s/10m0s  4.00 iters/s

running (07m08.8s), 039/100 VUs, 1316 complete and 0 interrupted iterations
normal_day   [  71% ] 039/100 VUs  07m08.9s/10m0s  4.00 iters/s

running (07m09.8s), 037/100 VUs, 1322 complete and 0 interrupted iterations
normal_day   [  72% ] 037/100 VUs  07m09.9s/10m0s  4.00 iters/s

running (07m10.8s), 036/100 VUs, 1327 complete and 0 interrupted iterations
normal_day   [  72% ] 036/100 VUs  07m10.9s/10m0s  4.00 iters/s

running (07m11.8s), 038/100 VUs, 1329 complete and 0 interrupted iterations
normal_day   [  72% ] 038/100 VUs  07m11.9s/10m0s  4.00 iters/s

running (07m12.8s), 040/100 VUs, 1331 complete and 0 interrupted iterations
normal_day   [  72% ] 040/100 VUs  07m12.9s/10m0s  4.00 iters/s

running (07m13.8s), 037/100 VUs, 1338 complete and 0 interrupted iterations
normal_day   [  72% ] 037/100 VUs  07m13.9s/10m0s  4.00 iters/s

running (07m14.8s), 038/100 VUs, 1341 complete and 0 interrupted iterations
normal_day   [  72% ] 038/100 VUs  07m14.9s/10m0s  4.00 iters/s

running (07m15.8s), 042/100 VUs, 1341 complete and 0 interrupted iterations
normal_day   [  73% ] 042/100 VUs  07m15.9s/10m0s  4.00 iters/s

running (07m16.8s), 045/100 VUs, 1342 complete and 0 interrupted iterations
normal_day   [  73% ] 045/100 VUs  07m16.9s/10m0s  4.00 iters/s

running (07m17.8s), 042/100 VUs, 1349 complete and 0 interrupted iterations
normal_day   [  73% ] 042/100 VUs  07m17.9s/10m0s  4.00 iters/s

running (07m18.8s), 042/100 VUs, 1353 complete and 0 interrupted iterations
normal_day   [  73% ] 042/100 VUs  07m18.9s/10m0s  4.00 iters/s

running (07m19.8s), 039/100 VUs, 1360 complete and 0 interrupted iterations
normal_day   [  73% ] 039/100 VUs  07m19.9s/10m0s  4.00 iters/s

running (07m20.8s), 043/100 VUs, 1360 complete and 0 interrupted iterations
normal_day   [  73% ] 043/100 VUs  07m20.9s/10m0s  4.00 iters/s

running (07m21.8s), 040/100 VUs, 1367 complete and 0 interrupted iterations
normal_day   [  74% ] 040/100 VUs  07m21.9s/10m0s  4.00 iters/s

running (07m22.8s), 040/100 VUs, 1371 complete and 0 interrupted iterations
normal_day   [  74% ] 040/100 VUs  07m22.9s/10m0s  4.00 iters/s

running (07m23.8s), 040/100 VUs, 1375 complete and 0 interrupted iterations
normal_day   [  74% ] 040/100 VUs  07m23.9s/10m0s  4.00 iters/s

running (07m24.8s), 041/100 VUs, 1378 complete and 0 interrupted iterations
normal_day   [  74% ] 041/100 VUs  07m24.9s/10m0s  4.00 iters/s

running (07m25.8s), 041/100 VUs, 1382 complete and 0 interrupted iterations
normal_day   [  74% ] 041/100 VUs  07m25.9s/10m0s  4.00 iters/s

running (07m26.8s), 041/100 VUs, 1386 complete and 0 interrupted iterations
normal_day   [  74% ] 041/100 VUs  07m26.9s/10m0s  4.00 iters/s

running (07m27.8s), 043/100 VUs, 1388 complete and 0 interrupted iterations
normal_day   [  75% ] 043/100 VUs  07m27.9s/10m0s  4.00 iters/s

running (07m28.8s), 043/100 VUs, 1392 complete and 0 interrupted iterations
normal_day   [  75% ] 043/100 VUs  07m28.9s/10m0s  4.00 iters/s

running (07m29.8s), 041/100 VUs, 1398 complete and 0 interrupted iterations
normal_day   [  75% ] 041/100 VUs  07m29.9s/10m0s  4.00 iters/s

running (07m30.8s), 041/100 VUs, 1402 complete and 0 interrupted iterations
normal_day   [  75% ] 041/100 VUs  07m30.9s/10m0s  4.00 iters/s

running (07m31.8s), 041/100 VUs, 1406 complete and 0 interrupted iterations
normal_day   [  75% ] 041/100 VUs  07m31.9s/10m0s  4.00 iters/s

running (07m32.8s), 041/100 VUs, 1410 complete and 0 interrupted iterations
normal_day   [  75% ] 041/100 VUs  07m32.9s/10m0s  4.00 iters/s

running (07m33.8s), 043/100 VUs, 1412 complete and 0 interrupted iterations
normal_day   [  76% ] 043/100 VUs  07m33.9s/10m0s  4.00 iters/s

running (07m34.8s), 042/100 VUs, 1417 complete and 0 interrupted iterations
normal_day   [  76% ] 042/100 VUs  07m34.9s/10m0s  4.00 iters/s

running (07m35.8s), 042/100 VUs, 1421 complete and 0 interrupted iterations
normal_day   [  76% ] 042/100 VUs  07m35.9s/10m0s  4.00 iters/s

running (07m36.8s), 041/100 VUs, 1426 complete and 0 interrupted iterations
normal_day   [  76% ] 041/100 VUs  07m36.9s/10m0s  4.00 iters/s

running (07m37.8s), 043/100 VUs, 1428 complete and 0 interrupted iterations
normal_day   [  76% ] 043/100 VUs  07m37.9s/10m0s  4.00 iters/s

running (07m38.8s), 037/100 VUs, 1438 complete and 0 interrupted iterations
normal_day   [  76% ] 037/100 VUs  07m38.9s/10m0s  4.00 iters/s

running (07m39.8s), 040/100 VUs, 1439 complete and 0 interrupted iterations
normal_day   [  77% ] 040/100 VUs  07m39.9s/10m0s  4.00 iters/s

running (07m40.8s), 041/100 VUs, 1442 complete and 0 interrupted iterations
normal_day   [  77% ] 041/100 VUs  07m40.9s/10m0s  4.00 iters/s

running (07m41.8s), 041/100 VUs, 1446 complete and 0 interrupted iterations
normal_day   [  77% ] 041/100 VUs  07m41.9s/10m0s  4.00 iters/s

running (07m42.8s), 044/100 VUs, 1447 complete and 0 interrupted iterations
normal_day   [  77% ] 044/100 VUs  07m42.9s/10m0s  4.00 iters/s

running (07m43.8s), 044/100 VUs, 1451 complete and 0 interrupted iterations
normal_day   [  77% ] 044/100 VUs  07m43.9s/10m0s  4.00 iters/s

running (07m44.8s), 043/100 VUs, 1456 complete and 0 interrupted iterations
normal_day   [  77% ] 043/100 VUs  07m44.9s/10m0s  4.00 iters/s

running (07m45.8s), 045/100 VUs, 1458 complete and 0 interrupted iterations
normal_day   [  78% ] 045/100 VUs  07m45.9s/10m0s  4.00 iters/s

running (07m46.8s), 049/100 VUs, 1458 complete and 0 interrupted iterations
normal_day   [  78% ] 049/100 VUs  07m46.9s/10m0s  4.00 iters/s

running (07m47.8s), 048/100 VUs, 1463 complete and 0 interrupted iterations
normal_day   [  78% ] 048/100 VUs  07m47.9s/10m0s  4.00 iters/s

running (07m48.8s), 052/100 VUs, 1463 complete and 0 interrupted iterations
normal_day   [  78% ] 052/100 VUs  07m48.9s/10m0s  4.00 iters/s

running (07m49.8s), 054/100 VUs, 1465 complete and 0 interrupted iterations
normal_day   [  78% ] 054/100 VUs  07m49.9s/10m0s  4.00 iters/s

running (07m50.8s), 051/100 VUs, 1472 complete and 0 interrupted iterations
normal_day   [  78% ] 051/100 VUs  07m50.9s/10m0s  4.00 iters/s

running (07m51.8s), 045/100 VUs, 1482 complete and 0 interrupted iterations
normal_day   [  79% ] 045/100 VUs  07m51.9s/10m0s  4.00 iters/s

running (07m52.8s), 044/100 VUs, 1487 complete and 0 interrupted iterations
normal_day   [  79% ] 044/100 VUs  07m52.9s/10m0s  4.00 iters/s

running (07m53.8s), 042/100 VUs, 1493 complete and 0 interrupted iterations
normal_day   [  79% ] 042/100 VUs  07m53.9s/10m0s  4.00 iters/s

running (07m54.8s), 043/100 VUs, 1496 complete and 0 interrupted iterations
normal_day   [  79% ] 043/100 VUs  07m54.9s/10m0s  4.00 iters/s

running (07m55.8s), 042/100 VUs, 1501 complete and 0 interrupted iterations
normal_day   [  79% ] 042/100 VUs  07m55.9s/10m0s  4.00 iters/s

running (07m56.8s), 042/100 VUs, 1505 complete and 0 interrupted iterations
normal_day   [  79% ] 042/100 VUs  07m56.9s/10m0s  4.00 iters/s

running (07m57.8s), 040/100 VUs, 1511 complete and 0 interrupted iterations
normal_day   [  80% ] 040/100 VUs  07m57.9s/10m0s  4.00 iters/s

running (07m58.8s), 039/100 VUs, 1516 complete and 0 interrupted iterations
normal_day   [  80% ] 039/100 VUs  07m58.9s/10m0s  4.00 iters/s

running (07m59.8s), 038/100 VUs, 1521 complete and 0 interrupted iterations
normal_day   [  80% ] 038/100 VUs  07m59.9s/10m0s  4.00 iters/s

running (08m00.8s), 039/100 VUs, 1524 complete and 0 interrupted iterations
normal_day   [  80% ] 039/100 VUs  08m00.9s/10m0s  3.97 iters/s

running (08m01.8s), 037/100 VUs, 1530 complete and 0 interrupted iterations
normal_day   [  80% ] 037/100 VUs  08m01.9s/10m0s  3.94 iters/s

running (08m02.8s), 036/100 VUs, 1535 complete and 0 interrupted iterations
normal_day   [  80% ] 036/100 VUs  08m02.9s/10m0s  3.90 iters/s

running (08m03.8s), 037/100 VUs, 1538 complete and 0 interrupted iterations
normal_day   [  81% ] 037/100 VUs  08m03.9s/10m0s  3.87 iters/s

running (08m04.8s), 034/100 VUs, 1545 complete and 0 interrupted iterations
normal_day   [  81% ] 034/100 VUs  08m04.9s/10m0s  3.83 iters/s

running (08m05.8s), 033/100 VUs, 1549 complete and 0 interrupted iterations
normal_day   [  81% ] 033/100 VUs  08m05.9s/10m0s  3.81 iters/s

running (08m06.8s), 033/100 VUs, 1553 complete and 0 interrupted iterations
normal_day   [  81% ] 033/100 VUs  08m06.9s/10m0s  3.77 iters/s

running (08m07.8s), 035/100 VUs, 1555 complete and 0 interrupted iterations
normal_day   [  81% ] 035/100 VUs  08m07.9s/10m0s  3.74 iters/s

running (08m08.8s), 037/100 VUs, 1557 complete and 0 interrupted iterations
normal_day   [  81% ] 037/100 VUs  08m08.9s/10m0s  3.70 iters/s

running (08m09.8s), 037/100 VUs, 1560 complete and 0 interrupted iterations
normal_day   [  82% ] 037/100 VUs  08m09.9s/10m0s  3.67 iters/s

running (08m10.8s), 037/100 VUs, 1564 complete and 0 interrupted iterations
normal_day   [  82% ] 037/100 VUs  08m10.9s/10m0s  3.64 iters/s

running (08m11.8s), 037/100 VUs, 1568 complete and 0 interrupted iterations
normal_day   [  82% ] 037/100 VUs  08m11.9s/10m0s  3.60 iters/s

running (08m12.8s), 037/100 VUs, 1571 complete and 0 interrupted iterations
normal_day   [  82% ] 037/100 VUs  08m12.9s/10m0s  3.57 iters/s

running (08m13.8s), 036/100 VUs, 1576 complete and 0 interrupted iterations
normal_day   [  82% ] 036/100 VUs  08m13.9s/10m0s  3.54 iters/s

running (08m14.8s), 034/100 VUs, 1581 complete and 0 interrupted iterations
normal_day   [  82% ] 034/100 VUs  08m14.9s/10m0s  3.51 iters/s

running (08m15.8s), 037/100 VUs, 1582 complete and 0 interrupted iterations
normal_day   [  83% ] 037/100 VUs  08m15.9s/10m0s  3.47 iters/s

running (08m16.8s), 038/100 VUs, 1584 complete and 0 interrupted iterations
normal_day   [  83% ] 038/100 VUs  08m16.9s/10m0s  3.44 iters/s

running (08m17.8s), 035/100 VUs, 1591 complete and 0 interrupted iterations
normal_day   [  83% ] 035/100 VUs  08m17.9s/10m0s  3.40 iters/s

running (08m18.8s), 035/100 VUs, 1594 complete and 0 interrupted iterations
normal_day   [  83% ] 035/100 VUs  08m18.9s/10m0s  3.37 iters/s

running (08m19.8s), 036/100 VUs, 1596 complete and 0 interrupted iterations
normal_day   [  83% ] 036/100 VUs  08m19.9s/10m0s  3.34 iters/s

running (08m20.8s), 035/100 VUs, 1601 complete and 0 interrupted iterations
normal_day   [  83% ] 035/100 VUs  08m20.9s/10m0s  3.30 iters/s

running (08m21.8s), 035/100 VUs, 1604 complete and 0 interrupted iterations
normal_day   [  84% ] 035/100 VUs  08m21.9s/10m0s  3.27 iters/s

running (08m22.8s), 036/100 VUs, 1606 complete and 0 interrupted iterations
normal_day   [  84% ] 036/100 VUs  08m22.9s/10m0s  3.24 iters/s

running (08m23.8s), 036/100 VUs, 1609 complete and 0 interrupted iterations
normal_day   [  84% ] 036/100 VUs  08m23.9s/10m0s  3.21 iters/s

running (08m24.8s), 037/100 VUs, 1612 complete and 0 interrupted iterations
normal_day   [  84% ] 037/100 VUs  08m24.9s/10m0s  3.17 iters/s

running (08m25.8s), 034/100 VUs, 1618 complete and 0 interrupted iterations
normal_day   [  84% ] 034/100 VUs  08m25.9s/10m0s  3.14 iters/s

running (08m26.8s), 034/100 VUs, 1621 complete and 0 interrupted iterations
normal_day   [  84% ] 034/100 VUs  08m26.9s/10m0s  3.10 iters/s

running (08m27.8s), 032/100 VUs, 1626 complete and 0 interrupted iterations
normal_day   [  85% ] 032/100 VUs  08m27.9s/10m0s  3.07 iters/s

running (08m28.8s), 031/100 VUs, 1630 complete and 0 interrupted iterations
normal_day   [  85% ] 031/100 VUs  08m28.9s/10m0s  3.04 iters/s

running (08m29.8s), 028/100 VUs, 1636 complete and 0 interrupted iterations
normal_day   [  85% ] 028/100 VUs  08m29.9s/10m0s  3.01 iters/s

running (08m30.8s), 031/100 VUs, 1636 complete and 0 interrupted iterations
normal_day   [  85% ] 031/100 VUs  08m30.9s/10m0s  2.97 iters/s

running (08m31.8s), 032/100 VUs, 1638 complete and 0 interrupted iterations
normal_day   [  85% ] 032/100 VUs  08m31.9s/10m0s  2.94 iters/s

running (08m32.8s), 030/100 VUs, 1643 complete and 0 interrupted iterations
normal_day   [  85% ] 030/100 VUs  08m32.9s/10m0s  2.90 iters/s

running (08m33.8s), 028/100 VUs, 1648 complete and 0 interrupted iterations
normal_day   [  86% ] 028/100 VUs  08m33.9s/10m0s  2.87 iters/s

running (08m34.8s), 029/100 VUs, 1650 complete and 0 interrupted iterations
normal_day   [  86% ] 029/100 VUs  08m34.9s/10m0s  2.83 iters/s

running (08m35.8s), 030/100 VUs, 1652 complete and 0 interrupted iterations
normal_day   [  86% ] 030/100 VUs  08m35.9s/10m0s  2.80 iters/s

running (08m36.8s), 030/100 VUs, 1654 complete and 0 interrupted iterations
normal_day   [  86% ] 030/100 VUs  08m36.9s/10m0s  2.77 iters/s

running (08m37.8s), 026/100 VUs, 1661 complete and 0 interrupted iterations
normal_day   [  86% ] 026/100 VUs  08m37.9s/10m0s  2.74 iters/s

running (08m38.8s), 026/100 VUs, 1664 complete and 0 interrupted iterations
normal_day   [  86% ] 026/100 VUs  08m38.9s/10m0s  2.70 iters/s

running (08m39.8s), 025/100 VUs, 1667 complete and 0 interrupted iterations
normal_day   [  87% ] 025/100 VUs  08m39.9s/10m0s  2.68 iters/s

running (08m40.8s), 023/100 VUs, 1672 complete and 0 interrupted iterations
normal_day   [  87% ] 023/100 VUs  08m40.9s/10m0s  2.64 iters/s

running (08m41.8s), 024/100 VUs, 1674 complete and 0 interrupted iterations
normal_day   [  87% ] 024/100 VUs  08m41.9s/10m0s  2.60 iters/s

running (08m42.8s), 024/100 VUs, 1676 complete and 0 interrupted iterations
normal_day   [  87% ] 024/100 VUs  08m42.9s/10m0s  2.58 iters/s

running (08m43.8s), 021/100 VUs, 1682 complete and 0 interrupted iterations
normal_day   [  87% ] 021/100 VUs  08m43.9s/10m0s  2.54 iters/s

running (08m44.8s), 021/100 VUs, 1684 complete and 0 interrupted iterations
normal_day   [  87% ] 021/100 VUs  08m44.9s/10m0s  2.51 iters/s

running (08m45.8s), 023/100 VUs, 1685 complete and 0 interrupted iterations
normal_day   [  88% ] 023/100 VUs  08m45.9s/10m0s  2.47 iters/s

running (08m46.8s), 020/100 VUs, 1690 complete and 0 interrupted iterations
normal_day   [  88% ] 020/100 VUs  08m46.9s/10m0s  2.44 iters/s

running (08m47.8s), 021/100 VUs, 1692 complete and 0 interrupted iterations
normal_day   [  88% ] 021/100 VUs  08m47.9s/10m0s  2.40 iters/s

running (08m48.8s), 021/100 VUs, 1694 complete and 0 interrupted iterations
normal_day   [  88% ] 021/100 VUs  08m48.9s/10m0s  2.37 iters/s

running (08m49.8s), 022/100 VUs, 1696 complete and 0 interrupted iterations
normal_day   [  88% ] 022/100 VUs  08m49.9s/10m0s  2.33 iters/s

running (08m50.8s), 020/100 VUs, 1700 complete and 0 interrupted iterations
normal_day   [  88% ] 020/100 VUs  08m50.9s/10m0s  2.30 iters/s

running (08m51.8s), 016/100 VUs, 1706 complete and 0 interrupted iterations
normal_day   [  89% ] 016/100 VUs  08m51.9s/10m0s  2.27 iters/s

running (08m52.8s), 018/100 VUs, 1706 complete and 0 interrupted iterations
normal_day   [  89% ] 018/100 VUs  08m52.9s/10m0s  2.24 iters/s

running (08m53.8s), 021/100 VUs, 1706 complete and 0 interrupted iterations
normal_day   [  89% ] 021/100 VUs  08m53.9s/10m0s  2.20 iters/s

running (08m54.8s), 023/100 VUs, 1706 complete and 0 interrupted iterations
normal_day   [  89% ] 023/100 VUs  08m54.9s/10m0s  2.17 iters/s

running (08m55.8s), 023/100 VUs, 1708 complete and 0 interrupted iterations
normal_day   [  89% ] 023/100 VUs  08m55.9s/10m0s  2.14 iters/s

running (08m56.8s), 024/100 VUs, 1709 complete and 0 interrupted iterations
normal_day   [  89% ] 024/100 VUs  08m56.9s/10m0s  2.11 iters/s

running (08m57.8s), 018/100 VUs, 1717 complete and 0 interrupted iterations
normal_day   [  90% ] 018/100 VUs  08m57.9s/10m0s  2.07 iters/s

running (08m58.8s), 019/100 VUs, 1718 complete and 0 interrupted iterations
normal_day   [  90% ] 019/100 VUs  08m58.9s/10m0s  2.04 iters/s

running (08m59.8s), 021/100 VUs, 1718 complete and 0 interrupted iterations
normal_day   [  90% ] 021/100 VUs  08m59.9s/10m0s  2.01 iters/s

running (09m00.8s), 018/100 VUs, 1723 complete and 0 interrupted iterations
normal_day   [  90% ] 018/100 VUs  09m00.9s/10m0s  1.97 iters/s

running (09m01.8s), 020/100 VUs, 1723 complete and 0 interrupted iterations
normal_day   [  90% ] 020/100 VUs  09m01.9s/10m0s  1.94 iters/s

running (09m02.8s), 020/100 VUs, 1725 complete and 0 interrupted iterations
normal_day   [  90% ] 020/100 VUs  09m02.9s/10m0s  1.91 iters/s

running (09m03.8s), 021/100 VUs, 1726 complete and 0 interrupted iterations
normal_day   [  91% ] 021/100 VUs  09m03.9s/10m0s  1.87 iters/s

running (09m04.8s), 019/100 VUs, 1730 complete and 0 interrupted iterations
normal_day   [  91% ] 019/100 VUs  09m04.9s/10m0s  1.83 iters/s

running (09m05.8s), 020/100 VUs, 1731 complete and 0 interrupted iterations
normal_day   [  91% ] 020/100 VUs  09m05.9s/10m0s  1.80 iters/s

running (09m06.8s), 018/100 VUs, 1734 complete and 0 interrupted iterations
normal_day   [  91% ] 018/100 VUs  09m06.9s/10m0s  1.78 iters/s

running (09m07.8s), 014/100 VUs, 1740 complete and 0 interrupted iterations
normal_day   [  91% ] 014/100 VUs  09m07.9s/10m0s  1.74 iters/s

running (09m08.8s), 015/100 VUs, 1741 complete and 0 interrupted iterations
normal_day   [  91% ] 015/100 VUs  09m08.9s/10m0s  1.70 iters/s

running (09m09.8s), 017/100 VUs, 1741 complete and 0 interrupted iterations
normal_day   [  92% ] 017/100 VUs  09m09.9s/10m0s  1.66 iters/s

running (09m10.8s), 015/100 VUs, 1744 complete and 0 interrupted iterations
normal_day   [  92% ] 015/100 VUs  09m10.9s/10m0s  1.64 iters/s

running (09m11.8s), 017/100 VUs, 1744 complete and 0 interrupted iterations
normal_day   [  92% ] 017/100 VUs  09m11.9s/10m0s  1.60 iters/s

running (09m12.8s), 018/100 VUs, 1744 complete and 0 interrupted iterations
normal_day   [  92% ] 018/100 VUs  09m12.9s/10m0s  1.58 iters/s

running (09m13.8s), 019/100 VUs, 1745 complete and 0 interrupted iterations
normal_day   [  92% ] 019/100 VUs  09m13.9s/10m0s  1.54 iters/s

running (09m14.8s), 019/100 VUs, 1747 complete and 0 interrupted iterations
normal_day   [  92% ] 019/100 VUs  09m14.9s/10m0s  1.49 iters/s

running (09m15.8s), 019/100 VUs, 1748 complete and 0 interrupted iterations
normal_day   [  93% ] 019/100 VUs  09m15.9s/10m0s  1.47 iters/s

running (09m16.8s), 018/100 VUs, 1750 complete and 0 interrupted iterations
normal_day   [  93% ] 018/100 VUs  09m16.9s/10m0s  1.45 iters/s

running (09m17.8s), 020/100 VUs, 1750 complete and 0 interrupted iterations
normal_day   [  93% ] 020/100 VUs  09m17.9s/10m0s  1.40 iters/s

running (09m18.8s), 018/100 VUs, 1753 complete and 0 interrupted iterations
normal_day   [  93% ] 018/100 VUs  09m18.9s/10m0s  1.38 iters/s

running (09m19.8s), 020/100 VUs, 1753 complete and 0 interrupted iterations
normal_day   [  93% ] 020/100 VUs  09m19.9s/10m0s  1.33 iters/s

running (09m20.8s), 018/100 VUs, 1756 complete and 0 interrupted iterations
normal_day   [  93% ] 018/100 VUs  09m20.9s/10m0s  1.30 iters/s

running (09m21.8s), 018/100 VUs, 1757 complete and 0 interrupted iterations
normal_day   [  94% ] 018/100 VUs  09m21.9s/10m0s  1.28 iters/s

running (09m22.8s), 018/100 VUs, 1759 complete and 0 interrupted iterations
normal_day   [  94% ] 018/100 VUs  09m22.9s/10m0s  1.22 iters/s

running (09m23.8s), 017/100 VUs, 1761 complete and 0 interrupted iterations
normal_day   [  94% ] 017/100 VUs  09m23.9s/10m0s  1.20 iters/s

running (09m24.8s), 016/100 VUs, 1763 complete and 0 interrupted iterations
normal_day   [  94% ] 016/100 VUs  09m24.9s/10m0s  1.17 iters/s

running (09m25.8s), 016/100 VUs, 1764 complete and 0 interrupted iterations
normal_day   [  94% ] 016/100 VUs  09m25.9s/10m0s  1.14 iters/s

running (09m26.8s), 012/100 VUs, 1769 complete and 0 interrupted iterations
normal_day   [  94% ] 012/100 VUs  09m26.9s/10m0s  1.11 iters/s

running (09m27.8s), 012/100 VUs, 1770 complete and 0 interrupted iterations
normal_day   [  95% ] 012/100 VUs  09m27.9s/10m0s  1.08 iters/s

running (09m28.8s), 011/100 VUs, 1772 complete and 0 interrupted iterations
normal_day   [  95% ] 011/100 VUs  09m28.9s/10m0s  1.05 iters/s

running (09m29.8s), 011/100 VUs, 1773 complete and 0 interrupted iterations
normal_day   [  95% ] 011/100 VUs  09m29.9s/10m0s  1.02 iters/s

running (09m30.8s), 012/100 VUs, 1773 complete and 0 interrupted iterations
normal_day   [  95% ] 012/100 VUs  09m30.9s/10m0s  0.98 iters/s

running (09m31.8s), 012/100 VUs, 1774 complete and 0 interrupted iterations
normal_day   [  95% ] 012/100 VUs  09m31.9s/10m0s  0.95 iters/s

running (09m32.8s), 012/100 VUs, 1775 complete and 0 interrupted iterations
normal_day   [  95% ] 012/100 VUs  09m32.9s/10m0s  0.91 iters/s

running (09m33.8s), 012/100 VUs, 1776 complete and 0 interrupted iterations
normal_day   [  96% ] 012/100 VUs  09m33.9s/10m0s  0.88 iters/s

running (09m34.8s), 010/100 VUs, 1779 complete and 0 interrupted iterations
normal_day   [  96% ] 010/100 VUs  09m34.9s/10m0s  0.84 iters/s

running (09m35.8s), 011/100 VUs, 1779 complete and 0 interrupted iterations
normal_day   [  96% ] 011/100 VUs  09m35.9s/10m0s  0.80 iters/s

running (09m36.8s), 011/100 VUs, 1780 complete and 0 interrupted iterations
normal_day   [  96% ] 011/100 VUs  09m36.9s/10m0s  0.75 iters/s

running (09m37.8s), 011/100 VUs, 1780 complete and 0 interrupted iterations
normal_day   [  96% ] 011/100 VUs  09m37.9s/10m0s  0.75 iters/s

running (09m38.8s), 010/100 VUs, 1782 complete and 0 interrupted iterations
normal_day   [  96% ] 010/100 VUs  09m38.9s/10m0s  0.71 iters/s

running (09m39.8s), 009/100 VUs, 1784 complete and 0 interrupted iterations
normal_day   [  97% ] 009/100 VUs  09m39.9s/10m0s  0.66 iters/s

running (09m40.8s), 006/100 VUs, 1787 complete and 0 interrupted iterations
normal_day   [  97% ] 006/100 VUs  09m40.9s/10m0s  0.66 iters/s

running (09m41.8s), 006/100 VUs, 1788 complete and 0 interrupted iterations
normal_day   [  97% ] 006/100 VUs  09m41.9s/10m0s  0.60 iters/s

running (09m42.8s), 006/100 VUs, 1789 complete and 0 interrupted iterations
normal_day   [  97% ] 006/100 VUs  09m42.9s/10m0s  0.55 iters/s

running (09m43.8s), 005/100 VUs, 1790 complete and 0 interrupted iterations
normal_day   [  97% ] 005/100 VUs  09m43.9s/10m0s  0.55 iters/s

running (09m44.8s), 006/100 VUs, 1790 complete and 0 interrupted iterations
normal_day   [  97% ] 006/100 VUs  09m44.9s/10m0s  0.48 iters/s

running (09m45.8s), 006/100 VUs, 1790 complete and 0 interrupted iterations
normal_day   [  98% ] 006/100 VUs  09m45.9s/10m0s  0.48 iters/s

running (09m46.8s), 006/100 VUs, 1791 complete and 0 interrupted iterations
normal_day   [  98% ] 006/100 VUs  09m46.9s/10m0s  0.41 iters/s

running (09m47.8s), 005/100 VUs, 1792 complete and 0 interrupted iterations
normal_day   [  98% ] 005/100 VUs  09m47.9s/10m0s  0.41 iters/s

running (09m48.8s), 005/100 VUs, 1792 complete and 0 interrupted iterations
normal_day   [  98% ] 005/100 VUs  09m48.9s/10m0s  0.41 iters/s

running (09m49.8s), 005/100 VUs, 1793 complete and 0 interrupted iterations
normal_day   [  98% ] 005/100 VUs  09m49.9s/10m0s  0.31 iters/s

running (09m50.8s), 005/100 VUs, 1793 complete and 0 interrupted iterations
normal_day   [  98% ] 005/100 VUs  09m50.9s/10m0s  0.31 iters/s

running (09m51.8s), 005/100 VUs, 1793 complete and 0 interrupted iterations
normal_day   [  99% ] 005/100 VUs  09m51.9s/10m0s  0.31 iters/s

running (09m52.8s), 005/100 VUs, 1794 complete and 0 interrupted iterations
normal_day   [  99% ] 005/100 VUs  09m52.9s/10m0s  0.13 iters/s

running (09m53.8s), 004/100 VUs, 1795 complete and 0 interrupted iterations
normal_day   [  99% ] 004/100 VUs  09m53.9s/10m0s  0.13 iters/s

running (09m54.8s), 003/100 VUs, 1796 complete and 0 interrupted iterations
normal_day   [  99% ] 003/100 VUs  09m54.9s/10m0s  0.13 iters/s

running (09m55.8s), 002/100 VUs, 1797 complete and 0 interrupted iterations
normal_day   [  99% ] 002/100 VUs  09m55.9s/10m0s  0.13 iters/s

running (09m56.8s), 002/100 VUs, 1797 complete and 0 interrupted iterations
normal_day   [  99% ] 002/100 VUs  09m56.9s/10m0s  0.13 iters/s

running (09m57.8s), 002/100 VUs, 1797 complete and 0 interrupted iterations
normal_day   [ 100% ] 002/100 VUs  09m57.9s/10m0s  0.13 iters/s

running (09m58.8s), 001/100 VUs, 1798 complete and 0 interrupted iterations
normal_day   [ 100% ] 001/100 VUs  09m58.9s/10m0s  0.13 iters/s

running (09m59.8s), 001/100 VUs, 1798 complete and 0 interrupted iterations
normal_day   [ 100% ] 001/100 VUs  09m59.9s/10m0s  0.13 iters/s

running (10m00.8s), 001/100 VUs, 1798 complete and 0 interrupted iterations
normal_day ↓ [ 100% ] 001/100 VUs  10m0s  0.13 iters/s
[32m     ✓ login 200[0m
[32m     ✓ post search 200[0m
[32m     ✓ chat rooms 200[0m
[32m     ✓ chat messages 200[0m
[32m     ✓ board list 200[0m
[32m     ✓ chat read 200[0m
[32m     ✓ hot daily 200[0m
[32m     ✓ meal today 200[0m
[32m     ✓ post list 200[0m
[32m     ✓ post detail 200[0m
[32m     ✓ timetable today 200[0m
[32m     ✓ comment create 2xx[0m
[32m     ✓ comment list 200[0m
[32m     ✓ unread count 200[0m
[32m     ✓ friend list 200[0m
[32m     ✓ post create 2xx[0m
[32m     ✓ post reaction 2xx[0m
[32m     ✓ received reqs 200[0m
[32m     ✓ scrap 2xx[0m
[32m     ✓ notif list 200[0m
[32m     ✓ read one 200[0m
[32m     ✓ ws handshake 101[0m
[32m     ✓ comment reaction 200[0m
[32m     ✓ refresh 200[0m
[32m     ✓ read all 200[0m
[32m     ✓ post update 200[0m
[32m     ✓ user info 200[0m
[32m     ✓ post delete 200[0m
[32m     ✓ my posts 200[0m
[32m     ✓ logout 200[0m
[32m     ✓ meal month 200[0m

     auth_token_refreshes[2m.............:[0m [36m15[0m      [36;2m0.024951/s[0m
     chat_ws_messages_sent[2m............:[0m [36m495[0m     [36;2m0.823384/s[0m
     chat_ws_rtt[2m......................:[0m avg=[36m35.43ms[0m  min=[36m16ms[0m    med=[36m26ms[0m     max=[36m985ms[0m    p(90)=[36m41ms[0m     p(95)=[36m49.34ms[0m  p(99)=[36m253.24ms[0m
     checks[2m...........................:[0m [36m100.00%[0m [36;2m✓ 7901[0m      [36;2m✗ 0[0m    
     [32m✓[0m { phase:measure }[2m..............:[0m [36m100.00%[0m [36;2m✓ 5255[0m      [36;2m✗ 0[0m    
     [32m✓[0m { phase:rampdown }[2m.............:[0m [36m100.00%[0m [36;2m✓ 1108[0m      [36;2m✗ 0[0m    
     [32m✓[0m { phase:warmup }[2m...............:[0m [36m100.00%[0m [36;2m✓ 1538[0m      [36;2m✗ 0[0m    
     data_received[2m....................:[0m [36m373 MB[0m  [36;2m620 kB/s[0m
     data_sent[2m........................:[0m [36m3.2 MB[0m  [36;2m5.3 kB/s[0m
     http_req_blocked[2m.................:[0m avg=[36m13.64µs[0m  min=[36m1.59µs[0m  med=[36m5.38µs[0m   max=[36m1.94ms[0m   p(90)=[36m11.95µs[0m  p(95)=[36m16.27µs[0m  p(99)=[36m277.67µs[0m
     http_req_connecting[2m..............:[0m avg=[36m4.7µs[0m    min=[36m0s[0m      med=[36m0s[0m       max=[36m1.03ms[0m   p(90)=[36m0s[0m       p(95)=[36m0s[0m       p(99)=[36m182.28µs[0m
     http_req_duration[2m................:[0m avg=[36m108.12ms[0m min=[36m1.26ms[0m  med=[36m7.11ms[0m   max=[36m9.74s[0m    p(90)=[36m101.17ms[0m p(95)=[36m533.92ms[0m p(99)=[36m2.25s[0m   
       { expected_response:true }[2m.....:[0m avg=[36m108.12ms[0m min=[36m1.26ms[0m  med=[36m7.11ms[0m   max=[36m9.74s[0m    p(90)=[36m101.17ms[0m p(95)=[36m533.92ms[0m p(99)=[36m2.25s[0m   
     [32m✓[0m { feature:auth }[2m...............:[0m avg=[36m123.12ms[0m min=[36m13.26ms[0m med=[36m96.69ms[0m  max=[36m892.06ms[0m p(90)=[36m157.71ms[0m p(95)=[36m402.45ms[0m p(99)=[36m752.32ms[0m
     [32m✓[0m { feature:board }[2m..............:[0m avg=[36m9.41ms[0m   min=[36m1.26ms[0m  med=[36m3.45ms[0m   max=[36m736.15ms[0m p(90)=[36m9ms[0m      p(95)=[36m11.18ms[0m  p(99)=[36m72.17ms[0m 
     [32m✓[0m { feature:chat }[2m...............:[0m avg=[36m16.69ms[0m  min=[36m2.17ms[0m  med=[36m5.39ms[0m   max=[36m1.38s[0m    p(90)=[36m14.29ms[0m  p(95)=[36m24.89ms[0m  p(99)=[36m130.68ms[0m
     [32m✓[0m { feature:comment }[2m............:[0m avg=[36m506.48ms[0m min=[36m2.14ms[0m  med=[36m62.79ms[0m  max=[36m9.74s[0m    p(90)=[36m1.92s[0m    p(95)=[36m2.27s[0m    p(99)=[36m4.9s[0m    
     [32m✓[0m { feature:friend }[2m.............:[0m avg=[36m7.53ms[0m   min=[36m2.21ms[0m  med=[36m4.39ms[0m   max=[36m69.57ms[0m  p(90)=[36m10.72ms[0m  p(95)=[36m20.33ms[0m  p(99)=[36m60.38ms[0m 
     [32m✓[0m { feature:hot }[2m................:[0m avg=[36m19.71ms[0m  min=[36m8.14ms[0m  med=[36m13.15ms[0m  max=[36m1.09s[0m    p(90)=[36m25.71ms[0m  p(95)=[36m29.46ms[0m  p(99)=[36m119.47ms[0m
     [32m✓[0m { feature:mypage }[2m.............:[0m avg=[36m6.61ms[0m   min=[36m2.68ms[0m  med=[36m3.59ms[0m   max=[36m72.89ms[0m  p(90)=[36m9.77ms[0m   p(95)=[36m13.59ms[0m  p(99)=[36m59.31ms[0m 
     [32m✓[0m { feature:notification }[2m.......:[0m avg=[36m11.4ms[0m   min=[36m2.4ms[0m   med=[36m7.89ms[0m   max=[36m337.46ms[0m p(90)=[36m22.72ms[0m  p(95)=[36m28.03ms[0m  p(99)=[36m71.98ms[0m 
     [32m✓[0m { feature:post }[2m...............:[0m avg=[36m13.39ms[0m  min=[36m1.96ms[0m  med=[36m5.52ms[0m   max=[36m1.37s[0m    p(90)=[36m19.16ms[0m  p(95)=[36m33.04ms[0m  p(99)=[36m108.23ms[0m
     [32m✓[0m { feature:reaction }[2m...........:[0m avg=[36m36.84ms[0m  min=[36m16.68ms[0m med=[36m23.49ms[0m  max=[36m1.05s[0m    p(90)=[36m40.84ms[0m  p(95)=[36m55.46ms[0m  p(99)=[36m144.4ms[0m 
     [32m✓[0m { feature:school }[2m.............:[0m avg=[36m6.94ms[0m   min=[36m2.72ms[0m  med=[36m3.86ms[0m   max=[36m65.94ms[0m  p(90)=[36m11.28ms[0m  p(95)=[36m16.41ms[0m  p(99)=[36m60.55ms[0m 
     [32m✓[0m { feature:scrap }[2m..............:[0m avg=[36m29.6ms[0m   min=[36m15.45ms[0m med=[36m24.6ms[0m   max=[36m133.97ms[0m p(90)=[36m41.04ms[0m  p(95)=[36m50.83ms[0m  p(99)=[36m126.83ms[0m
     [32m✓[0m { feature:timetable }[2m..........:[0m avg=[36m7.15ms[0m   min=[36m2.25ms[0m  med=[36m3.24ms[0m   max=[36m148.03ms[0m p(90)=[36m7.78ms[0m   p(95)=[36m10.61ms[0m  p(99)=[36m81.6ms[0m  
     [32m✓[0m { name:board_list }[2m............:[0m avg=[36m9.41ms[0m   min=[36m1.26ms[0m  med=[36m3.45ms[0m   max=[36m736.15ms[0m p(90)=[36m9ms[0m      p(95)=[36m11.18ms[0m  p(99)=[36m72.17ms[0m 
     [32m✓[0m { name:chat_mark_read }[2m........:[0m avg=[36m11.42ms[0m  min=[36m2.9ms[0m   med=[36m4.09ms[0m   max=[36m542.54ms[0m p(90)=[36m11.79ms[0m  p(95)=[36m26.54ms[0m  p(99)=[36m103.62ms[0m
     [32m✓[0m { name:chat_messages }[2m.........:[0m avg=[36m18.77ms[0m  min=[36m3.57ms[0m  med=[36m5.29ms[0m   max=[36m1.37s[0m    p(90)=[36m14.17ms[0m  p(95)=[36m20.92ms[0m  p(99)=[36m59.83ms[0m 
     [32m✓[0m { name:chat_read_status }[2m......:[0m avg=[36m0s[0m       min=[36m0s[0m      med=[36m0s[0m       max=[36m0s[0m       p(90)=[36m0s[0m       p(95)=[36m0s[0m       p(99)=[36m0s[0m      
     [32m✓[0m { name:chat_rooms }[2m............:[0m avg=[36m17.95ms[0m  min=[36m2.17ms[0m  med=[36m5.77ms[0m   max=[36m1.38s[0m    p(90)=[36m14.73ms[0m  p(95)=[36m25.27ms[0m  p(99)=[36m131.42ms[0m
     [32m✓[0m { name:comment_create }[2m........:[0m avg=[36m76.34ms[0m  min=[36m28.21ms[0m med=[36m37.39ms[0m  max=[36m1.42s[0m    p(90)=[36m61.43ms[0m  p(95)=[36m75.05ms[0m  p(99)=[36m1.23s[0m   
     [32m✓[0m { name:comment_delete }[2m........:[0m avg=[36m0s[0m       min=[36m0s[0m      med=[36m0s[0m       max=[36m0s[0m       p(90)=[36m0s[0m       p(95)=[36m0s[0m       p(99)=[36m0s[0m      
     [32m✓[0m { name:comment_list }[2m..........:[0m avg=[36m533.74ms[0m min=[36m2.14ms[0m  med=[36m85.45ms[0m  max=[36m9.74s[0m    p(90)=[36m1.98s[0m    p(95)=[36m2.28s[0m    p(99)=[36m5.29s[0m   
     [32m✓[0m { name:comment_reaction }[2m......:[0m avg=[36m35.57ms[0m  min=[36m16.68ms[0m med=[36m21.94ms[0m  max=[36m162.45ms[0m p(90)=[36m78.95ms[0m  p(95)=[36m91.38ms[0m  p(99)=[36m143.2ms[0m 
     [32m✓[0m { name:comment_update }[2m........:[0m avg=[36m0s[0m       min=[36m0s[0m      med=[36m0s[0m       max=[36m0s[0m       p(90)=[36m0s[0m       p(95)=[36m0s[0m       p(99)=[36m0s[0m      
     [32m✓[0m { name:friend_list }[2m...........:[0m avg=[36m7.44ms[0m   min=[36m2.94ms[0m  med=[36m4.61ms[0m   max=[36m69.57ms[0m  p(90)=[36m10.45ms[0m  p(95)=[36m18.57ms[0m  p(99)=[36m58.38ms[0m 
     [32m✓[0m { name:friend_req_received }[2m...:[0m avg=[36m7.72ms[0m   min=[36m2.21ms[0m  med=[36m4.01ms[0m   max=[36m61.42ms[0m  p(90)=[36m15.05ms[0m  p(95)=[36m24ms[0m     p(99)=[36m52.17ms[0m 
     [32m✓[0m { name:friend_request }[2m........:[0m avg=[36m0s[0m       min=[36m0s[0m      med=[36m0s[0m       max=[36m0s[0m       p(90)=[36m0s[0m       p(95)=[36m0s[0m       p(99)=[36m0s[0m      
     [32m✓[0m { name:friend_respond }[2m........:[0m avg=[36m0s[0m       min=[36m0s[0m      med=[36m0s[0m       max=[36m0s[0m       p(90)=[36m0s[0m       p(95)=[36m0s[0m       p(99)=[36m0s[0m      
     [32m✓[0m { name:friend_search }[2m.........:[0m avg=[36m0s[0m       min=[36m0s[0m      med=[36m0s[0m       max=[36m0s[0m       p(90)=[36m0s[0m       p(95)=[36m0s[0m       p(99)=[36m0s[0m      
     [32m✓[0m { name:hot_daily }[2m.............:[0m avg=[36m19.71ms[0m  min=[36m8.14ms[0m  med=[36m13.15ms[0m  max=[36m1.09s[0m    p(90)=[36m25.71ms[0m  p(95)=[36m29.46ms[0m  p(99)=[36m119.47ms[0m
     [32m✓[0m { name:login }[2m.................:[0m avg=[36m148.12ms[0m min=[36m78.51ms[0m med=[36m100.26ms[0m max=[36m892.06ms[0m p(90)=[36m238.76ms[0m p(95)=[36m474.49ms[0m p(99)=[36m773.58ms[0m
     [32m✓[0m { name:logout }[2m................:[0m avg=[36m25.04ms[0m  min=[36m13.26ms[0m med=[36m26.67ms[0m  max=[36m47.08ms[0m  p(90)=[36m33.46ms[0m  p(95)=[36m37.77ms[0m  p(99)=[36m45.22ms[0m 
     [32m✓[0m { name:meal_month }[2m............:[0m avg=[36m4.96ms[0m   min=[36m3ms[0m     med=[36m4.04ms[0m   max=[36m11.28ms[0m  p(90)=[36m6.55ms[0m   p(95)=[36m8.91ms[0m   p(99)=[36m10.8ms[0m  
     [32m✓[0m { name:meal_today }[2m............:[0m avg=[36m7.31ms[0m   min=[36m2.72ms[0m  med=[36m3.81ms[0m   max=[36m65.94ms[0m  p(90)=[36m11.4ms[0m   p(95)=[36m19.85ms[0m  p(99)=[36m61.41ms[0m 
     [32m✓[0m { name:my_comments }[2m...........:[0m avg=[36m0s[0m       min=[36m0s[0m      med=[36m0s[0m       max=[36m0s[0m       p(90)=[36m0s[0m       p(95)=[36m0s[0m       p(99)=[36m0s[0m      
     [32m✓[0m { name:my_posts }[2m..............:[0m avg=[36m7.5ms[0m    min=[36m2.68ms[0m  med=[36m3.7ms[0m    max=[36m72.89ms[0m  p(90)=[36m11.81ms[0m  p(95)=[36m23.93ms[0m  p(99)=[36m61.77ms[0m 
     [32m✓[0m { name:notif_list }[2m............:[0m avg=[36m17.41ms[0m  min=[36m4.47ms[0m  med=[36m9.8ms[0m    max=[36m337.46ms[0m p(90)=[36m24.52ms[0m  p(95)=[36m32.82ms[0m  p(99)=[36m124.29ms[0m
     [32m✓[0m { name:notif_read_all }[2m........:[0m avg=[36m22.02ms[0m  min=[36m3.07ms[0m  med=[36m20.42ms[0m  max=[36m70.28ms[0m  p(90)=[36m32.24ms[0m  p(95)=[36m36.49ms[0m  p(99)=[36m63.52ms[0m 
     [32m✓[0m { name:notif_read_one }[2m........:[0m avg=[36m18.52ms[0m  min=[36m2.94ms[0m  med=[36m17.7ms[0m   max=[36m33.51ms[0m  p(90)=[36m26.5ms[0m   p(95)=[36m27.85ms[0m  p(99)=[36m31.85ms[0m 
     [32m✓[0m { name:notif_unread_count }[2m....:[0m avg=[36m5.96ms[0m   min=[36m2.4ms[0m   med=[36m3.92ms[0m   max=[36m72.26ms[0m  p(90)=[36m9.78ms[0m   p(95)=[36m12.37ms[0m  p(99)=[36m33.6ms[0m  
     [32m✓[0m { name:post_create }[2m...........:[0m avg=[36m31.53ms[0m  min=[36m16.13ms[0m med=[36m22.9ms[0m   max=[36m357.98ms[0m p(90)=[36m34.81ms[0m  p(95)=[36m46.35ms[0m  p(99)=[36m164.92ms[0m
     [32m✓[0m { name:post_delete }[2m...........:[0m avg=[36m21.67ms[0m  min=[36m14.7ms[0m  med=[36m18.83ms[0m  max=[36m34.21ms[0m  p(90)=[36m29.19ms[0m  p(95)=[36m30.7ms[0m   p(99)=[36m33.51ms[0m 
     [32m✓[0m { name:post_detail }[2m...........:[0m avg=[36m11.44ms[0m  min=[36m2.84ms[0m  med=[36m5.55ms[0m   max=[36m1.37s[0m    p(90)=[36m14.11ms[0m  p(95)=[36m17.98ms[0m  p(99)=[36m79.13ms[0m 
     [32m✓[0m { name:post_list_deep }[2m........:[0m avg=[36m0s[0m       min=[36m0s[0m      med=[36m0s[0m       max=[36m0s[0m       p(90)=[36m0s[0m       p(95)=[36m0s[0m       p(99)=[36m0s[0m      
     [32m✓[0m { name:post_list }[2m.............:[0m avg=[36m14.21ms[0m  min=[36m1.96ms[0m  med=[36m3.59ms[0m   max=[36m902.26ms[0m p(90)=[36m34.28ms[0m  p(95)=[36m43.49ms[0m  p(99)=[36m141.59ms[0m
     [32m✓[0m { name:post_reaction }[2m.........:[0m avg=[36m37.19ms[0m  min=[36m16.95ms[0m med=[36m23.77ms[0m  max=[36m1.05s[0m    p(90)=[36m38.73ms[0m  p(95)=[36m44.54ms[0m  p(99)=[36m109.06ms[0m
     [32m✓[0m { name:post_search }[2m...........:[0m avg=[36m41.73ms[0m  min=[36m13.59ms[0m med=[36m16.85ms[0m  max=[36m1.23s[0m    p(90)=[36m27.7ms[0m   p(95)=[36m40.16ms[0m  p(99)=[36m676.19ms[0m
     [32m✓[0m { name:post_update }[2m...........:[0m avg=[36m19.37ms[0m  min=[36m13.83ms[0m med=[36m16.88ms[0m  max=[36m30ms[0m     p(90)=[36m27.01ms[0m  p(95)=[36m28.99ms[0m  p(99)=[36m29.8ms[0m  
     [32m✓[0m { name:school_search }[2m.........:[0m avg=[36m0s[0m       min=[36m0s[0m      med=[36m0s[0m       max=[36m0s[0m       p(90)=[36m0s[0m       p(95)=[36m0s[0m       p(99)=[36m0s[0m      
     [32m✓[0m { name:scrap_list }[2m............:[0m avg=[36m0s[0m       min=[36m0s[0m      med=[36m0s[0m       max=[36m0s[0m       p(90)=[36m0s[0m       p(95)=[36m0s[0m       p(99)=[36m0s[0m      
     [32m✓[0m { name:scrap_toggle }[2m..........:[0m avg=[36m29.6ms[0m   min=[36m15.45ms[0m med=[36m24.6ms[0m   max=[36m133.97ms[0m p(90)=[36m41.04ms[0m  p(95)=[36m50.83ms[0m  p(99)=[36m126.83ms[0m
     [32m✓[0m { name:subject_list }[2m..........:[0m avg=[36m0s[0m       min=[36m0s[0m      med=[36m0s[0m       max=[36m0s[0m       p(90)=[36m0s[0m       p(95)=[36m0s[0m       p(99)=[36m0s[0m      
     [32m✓[0m { name:template_list }[2m.........:[0m avg=[36m0s[0m       min=[36m0s[0m      med=[36m0s[0m       max=[36m0s[0m       p(90)=[36m0s[0m       p(95)=[36m0s[0m       p(99)=[36m0s[0m      
     [32m✓[0m { name:timetable_today }[2m.......:[0m avg=[36m7.15ms[0m   min=[36m2.25ms[0m  med=[36m3.24ms[0m   max=[36m148.03ms[0m p(90)=[36m7.78ms[0m   p(95)=[36m10.61ms[0m  p(99)=[36m81.6ms[0m  
     [32m✓[0m { name:token_refresh }[2m.........:[0m avg=[36m29.55ms[0m  min=[36m17.39ms[0m med=[36m29.77ms[0m  max=[36m40.57ms[0m  p(90)=[36m35.92ms[0m  p(95)=[36m37.59ms[0m  p(99)=[36m39.98ms[0m 
     [32m✓[0m { name:user_info }[2m.............:[0m avg=[36m5.72ms[0m   min=[36m2.7ms[0m   med=[36m3.51ms[0m   max=[36m60.13ms[0m  p(90)=[36m8.91ms[0m   p(95)=[36m9.95ms[0m   p(99)=[36m33.49ms[0m 
     [32m✓[0m { op:auth }[2m....................:[0m avg=[36m123.12ms[0m min=[36m13.26ms[0m med=[36m96.69ms[0m  max=[36m892.06ms[0m p(90)=[36m157.71ms[0m p(95)=[36m402.45ms[0m p(99)=[36m752.32ms[0m
     [31m✗[0m { op:read,phase:measure }[2m......:[0m avg=[36m121.85ms[0m min=[36m1.26ms[0m  med=[36m5.78ms[0m   max=[36m8.04s[0m    p(90)=[36m111.28ms[0m p(95)=[36m634.29ms[0m p(99)=[36m2.33s[0m   
     [32m✓[0m { op:write,phase:measure }[2m.....:[0m avg=[36m36.61ms[0m  min=[36m2.94ms[0m  med=[36m21.02ms[0m  max=[36m1.42s[0m    p(90)=[36m41.49ms[0m  p(95)=[36m53.93ms[0m  p(99)=[36m467.41ms[0m
     [32m✓[0m { page:0 }[2m.....................:[0m avg=[36m15.95ms[0m  min=[36m1.96ms[0m  med=[36m3.59ms[0m   max=[36m902.26ms[0m p(90)=[36m36.68ms[0m  p(95)=[36m50.43ms[0m  p(99)=[36m157.8ms[0m 
     [32m✓[0m { page:1 }[2m.....................:[0m avg=[36m9.79ms[0m   min=[36m1.97ms[0m  med=[36m3.69ms[0m   max=[36m102ms[0m    p(90)=[36m30.16ms[0m  p(95)=[36m39.12ms[0m  p(99)=[36m63.11ms[0m 
     [32m✓[0m { page:2 }[2m.....................:[0m avg=[36m12.06ms[0m  min=[36m2.17ms[0m  med=[36m3.29ms[0m   max=[36m421.51ms[0m p(90)=[36m27.9ms[0m   p(95)=[36m37.66ms[0m  p(99)=[36m93.84ms[0m 
     [32m✓[0m { page:3 }[2m.....................:[0m avg=[36m8.11ms[0m   min=[36m2.42ms[0m  med=[36m3.51ms[0m   max=[36m76.07ms[0m  p(90)=[36m15.65ms[0m  p(95)=[36m37.48ms[0m  p(99)=[36m58.55ms[0m 
     [32m✓[0m { page:4 }[2m.....................:[0m avg=[36m28.77ms[0m  min=[36m2.68ms[0m  med=[36m5.24ms[0m   max=[36m492.72ms[0m p(90)=[36m33.52ms[0m  p(95)=[36m38.84ms[0m  p(99)=[36m358.05ms[0m
     [32m✓[0m { phase:measure }[2m..............:[0m avg=[36m115.22ms[0m min=[36m1.26ms[0m  med=[36m6.14ms[0m   max=[36m8.04s[0m    p(90)=[36m94.54ms[0m  p(95)=[36m582.58ms[0m p(99)=[36m2.31s[0m   
     [32m✓[0m { phase:rampdown }[2m.............:[0m avg=[36m70.47ms[0m  min=[36m1.96ms[0m  med=[36m7.05ms[0m   max=[36m2.3s[0m     p(90)=[36m41.29ms[0m  p(95)=[36m366.21ms[0m p(99)=[36m1.87s[0m   
     [32m✓[0m { phase:warmup }[2m...............:[0m avg=[36m111.08ms[0m min=[36m2.82ms[0m  med=[36m10.1ms[0m   max=[36m9.74s[0m    p(90)=[36m110.5ms[0m  p(95)=[36m456.37ms[0m p(99)=[36m2.23s[0m   
     http_req_failed[2m..................:[0m [36m0.00%[0m   [36;2m✓ 0[0m         [36;2m✗ 7816[0m 
     [32m✓[0m { phase:measure }[2m..............:[0m [36m0.00%[0m   [36;2m✓ 0[0m         [36;2m✗ 5185[0m 
     [32m✓[0m { phase:rampdown }[2m.............:[0m [36m0.00%[0m   [36;2m✓ 0[0m         [36;2m✗ 1099[0m 
     [32m✓[0m { phase:warmup }[2m...............:[0m [36m0.00%[0m   [36;2m✓ 0[0m         [36;2m✗ 1532[0m 
     http_req_receiving[2m...............:[0m avg=[36m664.93µs[0m min=[36m21.45µs[0m med=[36m193.46µs[0m max=[36m110.88ms[0m p(90)=[36m603.2µs[0m  p(95)=[36m2.52ms[0m   p(99)=[36m10.39ms[0m 
     http_req_sending[2m.................:[0m avg=[36m39.62µs[0m  min=[36m5.62µs[0m  med=[36m29.36µs[0m  max=[36m1.83ms[0m   p(90)=[36m74.45µs[0m  p(95)=[36m102.52µs[0m p(99)=[36m160.03µs[0m
     http_req_tls_handshaking[2m.........:[0m avg=[36m0s[0m       min=[36m0s[0m      med=[36m0s[0m       max=[36m0s[0m       p(90)=[36m0s[0m       p(95)=[36m0s[0m       p(99)=[36m0s[0m      
     http_req_waiting[2m.................:[0m avg=[36m107.41ms[0m min=[36m1.03ms[0m  med=[36m6.82ms[0m   max=[36m9.67s[0m    p(90)=[36m100.61ms[0m p(95)=[36m530.51ms[0m p(99)=[36m2.24s[0m   
     http_reqs[2m........................:[0m [36m7816[0m    [36;2m13.001151/s[0m
     [32m✓[0m { feature:auth }[2m...............:[0m [36m145[0m     [36;2m0.241193/s[0m
     [32m✓[0m { feature:board }[2m..............:[0m [36m712[0m     [36;2m1.184342/s[0m
     [32m✓[0m { feature:chat }[2m...............:[0m [36m581[0m     [36;2m0.966437/s[0m
     [32m✓[0m { feature:comment }[2m............:[0m [36m1460[0m    [36;2m2.428567/s[0m
     [32m✓[0m { feature:friend }[2m.............:[0m [36m121[0m     [36;2m0.201272/s[0m
     [32m✓[0m { feature:hot }[2m................:[0m [36m712[0m     [36;2m1.184342/s[0m
     [32m✓[0m { feature:mypage }[2m.............:[0m [36m112[0m     [36;2m0.186301/s[0m
     [32m✓[0m { feature:notification }[2m.......:[0m [36m315[0m     [36;2m0.523972/s[0m
     [32m✓[0m { feature:post }[2m...............:[0m [36m3350[0m    [36;2m5.572397/s[0m
     [32m✓[0m { feature:reaction }[2m...........:[0m [36m137[0m     [36;2m0.227886/s[0m
     [32m✓[0m { feature:school }[2m.............:[0m [36m70[0m      [36;2m0.116438/s[0m
     [32m✓[0m { feature:scrap }[2m..............:[0m [36m42[0m      [36;2m0.069863/s[0m
     [32m✓[0m { feature:timetable }[2m..........:[0m [36m59[0m      [36;2m0.098141/s[0m
     [32m✓[0m { name:board_list }[2m............:[0m [36m712[0m     [36;2m1.184342/s[0m
     [32m✓[0m { name:chat_mark_read }[2m........:[0m [36m128[0m     [36;2m0.212915/s[0m
     [32m✓[0m { name:chat_messages }[2m.........:[0m [36m128[0m     [36;2m0.212915/s[0m
     [32m✓[0m { name:chat_read_status }[2m......:[0m [36m0[0m       [36;2m0/s[0m
     [32m✓[0m { name:chat_rooms }[2m............:[0m [36m325[0m     [36;2m0.540606/s[0m
     [32m✓[0m { name:comment_create }[2m........:[0m [36m87[0m      [36;2m0.144716/s[0m
     [32m✓[0m { name:comment_delete }[2m........:[0m [36m0[0m       [36;2m0/s[0m
     [32m✓[0m { name:comment_list }[2m..........:[0m [36m1373[0m    [36;2m2.283851/s[0m
     [32m✓[0m { name:comment_reaction }[2m......:[0m [36m30[0m      [36;2m0.049902/s[0m
     [32m✓[0m { name:comment_update }[2m........:[0m [36m0[0m       [36;2m0/s[0m
     [32m✓[0m { name:friend_list }[2m...........:[0m [36m85[0m      [36;2m0.141389/s[0m
     [32m✓[0m { name:friend_req_received }[2m...:[0m [36m36[0m      [36;2m0.059882/s[0m
     [32m✓[0m { name:friend_request }[2m........:[0m [36m0[0m       [36;2m0/s[0m
     [32m✓[0m { name:friend_respond }[2m........:[0m [36m0[0m       [36;2m0/s[0m
     [32m✓[0m { name:friend_search }[2m.........:[0m [36m0[0m       [36;2m0/s[0m
     [32m✓[0m { name:hot_daily }[2m.............:[0m [36m712[0m     [36;2m1.184342/s[0m
     [32m✓[0m { name:login }[2m.................:[0m [36m115[0m     [36;2m0.191291/s[0m
     [32m✓[0m { name:logout }[2m................:[0m [36m15[0m      [36;2m0.024951/s[0m
     [32m✓[0m { name:meal_month }[2m............:[0m [36m11[0m      [36;2m0.018297/s[0m
     [32m✓[0m { name:meal_today }[2m............:[0m [36m59[0m      [36;2m0.098141/s[0m
     [32m✓[0m { name:my_comments }[2m...........:[0m [36m0[0m       [36;2m0/s[0m
     [32m✓[0m { name:my_posts }[2m..............:[0m [36m56[0m      [36;2m0.093151/s[0m
     [32m✓[0m { name:notif_list }[2m............:[0m [36m89[0m      [36;2m0.148043/s[0m
     [32m✓[0m { name:notif_read_all }[2m........:[0m [36m19[0m      [36;2m0.031605/s[0m
     [32m✓[0m { name:notif_read_one }[2m........:[0m [36m31[0m      [36;2m0.051565/s[0m
     [32m✓[0m { name:notif_unread_count }[2m....:[0m [36m176[0m     [36;2m0.292759/s[0m
     [32m✓[0m { name:post_create }[2m...........:[0m [36m100[0m     [36;2m0.16634/s[0m
     [32m✓[0m { name:post_delete }[2m...........:[0m [36m18[0m      [36;2m0.029941/s[0m
     [32m✓[0m { name:post_detail }[2m...........:[0m [36m2429[0m    [36;2m4.040404/s[0m
     [32m✓[0m { name:post_list_deep }[2m........:[0m [36m0[0m       [36;2m0/s[0m
     [32m✓[0m { name:post_list }[2m.............:[0m [36m712[0m     [36;2m1.184342/s[0m
     [32m✓[0m { name:post_reaction }[2m.........:[0m [36m107[0m     [36;2m0.177984/s[0m
     [32m✓[0m { name:post_search }[2m...........:[0m [36m73[0m      [36;2m0.121428/s[0m
     [32m✓[0m { name:post_update }[2m...........:[0m [36m18[0m      [36;2m0.029941/s[0m
     [32m✓[0m { name:school_search }[2m.........:[0m [36m0[0m       [36;2m0/s[0m
     [32m✓[0m { name:scrap_list }[2m............:[0m [36m0[0m       [36;2m0/s[0m
     [32m✓[0m { name:scrap_toggle }[2m..........:[0m [36m42[0m      [36;2m0.069863/s[0m
     [32m✓[0m { name:subject_list }[2m..........:[0m [36m0[0m       [36;2m0/s[0m
     [32m✓[0m { name:template_list }[2m.........:[0m [36m0[0m       [36;2m0/s[0m
     [32m✓[0m { name:timetable_today }[2m.......:[0m [36m59[0m      [36;2m0.098141/s[0m
     [32m✓[0m { name:token_refresh }[2m.........:[0m [36m15[0m      [36;2m0.024951/s[0m
     [32m✓[0m { name:user_info }[2m.............:[0m [36m56[0m      [36;2m0.093151/s[0m
     [32m✓[0m { op:auth }[2m....................:[0m [36m145[0m     [36;2m0.241193/s[0m
     [32m✓[0m { op:read }[2m....................:[0m [36m7091[0m    [36;2m11.795184/s[0m
     [32m✓[0m { op:write }[2m...................:[0m [36m580[0m     [36;2m0.964773/s[0m
     [32m✓[0m { page:0 }[2m.....................:[0m [36m398[0m     [36;2m0.662034/s[0m
     [32m✓[0m { page:1 }[2m.....................:[0m [36m137[0m     [36;2m0.227886/s[0m
     [32m✓[0m { page:2 }[2m.....................:[0m [36m88[0m      [36;2m0.146379/s[0m
     [32m✓[0m { page:3 }[2m.....................:[0m [36m58[0m      [36;2m0.096477/s[0m
     [32m✓[0m { page:4 }[2m.....................:[0m [36m31[0m      [36;2m0.051565/s[0m
     [32m✓[0m { phase:measure }[2m..............:[0m [36m5185[0m    [36;2m8.62474/s[0m
     [32m✓[0m { phase:rampdown }[2m.............:[0m [36m1099[0m    [36;2m1.828079/s[0m
     [32m✓[0m { phase:warmup }[2m...............:[0m [36m1532[0m    [36;2m2.548332/s[0m
     iteration_duration[2m...............:[0m avg=[36m10.17s[0m   min=[36m1s[0m      med=[36m7.49s[0m    max=[36m31.6s[0m    p(90)=[36m19.48s[0m   p(95)=[36m21.91s[0m   p(99)=[36m28.04s[0m  
     iterations[2m.......................:[0m [36m1799[0m    [36;2m2.99246/s[0m
     [32m✓[0m { phase:measure }[2m..............:[0m [36m0[0m       [36;2m0/s[0m
     [32m✓[0m { phase:rampdown }[2m.............:[0m [36m0[0m       [36;2m0/s[0m
     [32m✓[0m { phase:warmup }[2m...............:[0m [36m0[0m       [36;2m0/s[0m
     phase_iterations[2m.................:[0m [36m1799[0m    [36;2m2.99246/s[0m
     [32m✓[0m { phase:measure }[2m..............:[0m [36m1207[0m    [36;2m2.007726/s[0m
     [32m✓[0m { phase:rampdown }[2m.............:[0m [36m277[0m     [36;2m0.460762/s[0m
     [32m✓[0m { phase:warmup }[2m...............:[0m [36m315[0m     [36;2m0.523972/s[0m
     vus[2m..............................:[0m [36m1[0m       [36;2mmin=0[0m       [36;2mmax=54[0m 
     vus_max[2m..........................:[0m [36m100[0m     [36;2mmin=100[0m     [36;2mmax=100[0m
     ws_connecting[2m....................:[0m avg=[36m11.71ms[0m  min=[36m2.12ms[0m  med=[36m3.09ms[0m   max=[36m584.84ms[0m p(90)=[36m6.43ms[0m   p(95)=[36m9.23ms[0m   p(99)=[36m138.08ms[0m
     ws_msgs_received[2m.................:[0m [36m579[0m     [36;2m0.96311/s[0m
     ws_msgs_sent[2m.....................:[0m [36m665[0m     [36;2m1.106162/s[0m
     ws_session_duration[2m..............:[0m avg=[36m22.82s[0m   min=[36m15.37s[0m  med=[36m22.71s[0m   max=[36m30.21s[0m   p(90)=[36m29.24s[0m   p(95)=[36m29.81s[0m   p(99)=[36m30.02s[0m  
     ws_sessions[2m......................:[0m [36m85[0m      [36;2m0.141389/s[0m
running (10m01.2s), 000/100 VUs, 1799 complete and 0 interrupted iterations
normal_day ✓ [ 100% ] 000/100 VUs  10m0s  0.13 iters/s
  호스트(Windows) 588표본 · CPU 13.2% (max 49.2) · 정규화성능 118.5% · vmmem 155.1% · 바쁜코어 2.6개 · 가용메모리 1012MB
  부하 중 벤치(warmup +60초, 3회 중앙값) · single 5953ms (유휴 대비 -0.2%) · parallel 5784ms (유휴 대비 -2.8%) · ctxswitch 2679ms (유휴 대비 4.3%)

  실행 후 상태 sha256:b453146cb487 — chat_messages.count +495, chat_messages.maxId +495, posts.maxId +100, comments.count +87, comments.maxId +87 (외 13개)
    (지문 제외 항목: posts.sumViewCount +2003, daily_hot_post.count +55)
Prometheus 스크레이프 대기 20초...

══════════════════════════════════════════════════════════════════════════
  Performance Report — normal-day   Run #126   ❌ FAIL
══════════════════════════════════════════════════════════════════════════
  환경 perf  |  브랜치 personal/localdocs  |  커밋 1e23e03c  |  빌드 local
  시작 2026-08-25 20:24:51 KST  |  수행 10m 1s  |  VU max 100
  데이터셋 medium  |  부하 ramping-arrival-rate 0→4@3m0s→4@5m0s→0@2m0s maxVU 600

  ── 성능 (measure 구간) ─────────────────────────────────────────
  평균 115ms     P95 583ms     P99 2.32s    
  RPS  17.3      TPS 4.02      오류율 0.00%

  ── 인프라 ────────────────────────────────────────────────────────
  CPU  1.16 core (한계의 58%)   throttled 12.6%
  Heap 794 MB (77%)   GC max 148ms × 83회
  DB   slow 743  QPS 5,285  풀 90%  대기 0
  Redis hit 99.1%  ops 72.0/s  evicted 0

  ── 회귀 (기준: normal-day-2026-08-25T11-22-08) ────────────────
  ⚠  기준선은 당시 k6 threshold 미통과 실행입니다, 당시 Node 판정 FAIL.
     아래 증감률은 개선/악화 폭이며 현재 SLO 통과를 뜻하지 않습니다.
  ❌ P95 응답시간                   430ms → 583ms (+35.4%)
       583 > 상한 500
       직전 대비 +35.4% 악화 (허용 20%)
  ❌ P99 응답시간                   2.24s → 2.32s (+3.7%)
       2319 > 상한 1200
  ❌ 평균 응답시간                    91ms → 115ms (+26.7%)
       직전 대비 +26.7% 악화 (허용 25%)
  ⚠️  HikariCP 포화도               80.0% → 90.0% (+12.5%)
       90.00 > 상한 80.00

  ── 병목 가설 ─────────────────────────────────────────────────────
  • HTTP 요청당 쿼리 수 과다
    요청 1건당 평균 305.8개 쿼리가 실행됐다. N+1 패턴 가능성이 높다. (임계 warn 10 / fail 50)
  • Slow Query 다발
    요청 1000건당 143.4건의 slow query(>100ms, 총 743건). 인덱스 또는 쿼리 계획 점검 대상. (임계 warn 1 / fail 100)
  • DB 커넥션 풀 포화
    풀 사용률이 90%까지 올라갔다. 여유가 거의 없어 부하가 조금만 늘어도 대기가 생긴다. (임계 warn 80 / fail 95)

  보고서 : reports\runs\normal-day-2026-08-25T11-34-52\report.html
  Grafana(전체 실행): http://localhost:3001/d/htd-perf-overview/highteenday-performance-overview?from=1787656971683&to=1787657812861
  Grafana(measure) : http://localhost:3001/d/htd-perf-overview/highteenday-performance-overview?from=1787657151683&to=1787657691683
══════════════════════════════════════════════════════════════════════════

  [3/5] p95 582.6ms · 평균 115.2ms · 서버측 112.4ms · 경로 2.8ms

──────── [4/5] 리셋 (restart) ────────

▶ k6 run scenarios/normal-day.js
  브랜치 personal/localdocs · 커밋 1e23e03c3d52 · 실행자 user@DESKTOP-DJJPASG
  환경 perf · "KI-27 Before — API 축 포함 CV 확정용 5회 — repeatability 4/5"
  데이터셋 medium · 상태 sha256:b453146cb487 (182ms)
  캐시 warm (키 1개)
  guard strict — 상태 불일치 시 스냅샷 복원 후 재확인 [perf.config.json]
    guard=strict — 스냅샷으로 복원합니다.
▶ 복원 — medium-20260816-062210 → perf-mysql-data-medium
  앱·MySQL 정지
  MySQL 기동
  Redis FLUSHALL (복원 후 캐시는 cold 다)
  앱 기동
  복원 후 상태 지문 sha256:ffe696d17416 = 스냅샷 일치

✅ 복원 완료 · 소요 6.4초 (압축 해제 구간)

  부하 발생기: 컨테이너 perf-k6 (grafana/k6:2.1.0, CPU 상한 4)
  k6 지표 전송: http://prometheus:9090/api/v1/write (native histogram, 5s 간격)
  환경 대조 벤치 실행 중(3축 3회, 약 40초)... single 5973ms · parallel 5650ms · ctxswitch 2615ms
  부하 중 벤치 예약: k6 시작 +60초 (warmup 구간, 3회)

         /\      Grafana   /‾‾/  
    /\  /  \     |\  __   /  /   
   /  \/    \    | |/ /  /   ‾‾\ 
  /          \   |   (  |  (‾)  |
 / __________ \  |_|\_\  \_____/ 


     execution: local
        script: scenarios/normal-day.js
        output: Prometheus remote write (http://prometheus:9090/api/v1/write)

     scenarios: (100.00%) 1 scenario, 600 max VUs, 10m30s max duration (incl. graceful stop):
              * normal_day: Up to 4.00 iterations/s for 10m0s over 3 stages (maxVUs: 100-600, gracefulStop: 30s)


running (00m00.9s), 000/100 VUs, 0 complete and 0 interrupted iterations
normal_day   [   0% ] 000/100 VUs  00m00.9s/10m0s  0.11 iters/s

running (00m01.9s), 000/100 VUs, 0 complete and 0 interrupted iterations
normal_day   [   0% ] 000/100 VUs  00m01.9s/10m0s  0.11 iters/s

running (00m02.9s), 000/100 VUs, 0 complete and 0 interrupted iterations
normal_day   [   0% ] 000/100 VUs  00m02.9s/10m0s  0.11 iters/s

running (00m03.9s), 000/100 VUs, 0 complete and 0 interrupted iterations
normal_day   [   1% ] 000/100 VUs  00m03.9s/10m0s  0.11 iters/s

running (00m04.9s), 000/100 VUs, 0 complete and 0 interrupted iterations
normal_day   [   1% ] 000/100 VUs  00m04.9s/10m0s  0.11 iters/s

running (00m05.9s), 000/100 VUs, 0 complete and 0 interrupted iterations
normal_day   [   1% ] 000/100 VUs  00m05.9s/10m0s  0.11 iters/s

running (00m06.9s), 000/100 VUs, 0 complete and 0 interrupted iterations
normal_day   [   1% ] 000/100 VUs  00m06.9s/10m0s  0.11 iters/s

running (00m07.9s), 000/100 VUs, 0 complete and 0 interrupted iterations
normal_day   [   1% ] 000/100 VUs  00m07.9s/10m0s  0.11 iters/s

running (00m08.9s), 000/100 VUs, 0 complete and 0 interrupted iterations
normal_day   [   1% ] 000/100 VUs  00m08.9s/10m0s  0.11 iters/s

running (00m09.9s), 001/100 VUs, 0 complete and 0 interrupted iterations
normal_day   [   2% ] 001/100 VUs  00m09.9s/10m0s  0.25 iters/s

running (00m10.9s), 001/100 VUs, 0 complete and 0 interrupted iterations
normal_day   [   2% ] 001/100 VUs  00m10.9s/10m0s  0.25 iters/s

running (00m11.9s), 001/100 VUs, 0 complete and 0 interrupted iterations
normal_day   [   2% ] 001/100 VUs  00m11.9s/10m0s  0.25 iters/s

running (00m12.9s), 001/100 VUs, 0 complete and 0 interrupted iterations
normal_day   [   2% ] 001/100 VUs  00m12.9s/10m0s  0.25 iters/s

running (00m13.9s), 002/100 VUs, 0 complete and 0 interrupted iterations
normal_day   [   2% ] 002/100 VUs  00m13.9s/10m0s  0.33 iters/s

running (00m14.9s), 002/100 VUs, 0 complete and 0 interrupted iterations
normal_day   [   2% ] 002/100 VUs  00m14.9s/10m0s  0.33 iters/s

running (00m15.9s), 002/100 VUs, 0 complete and 0 interrupted iterations
normal_day   [   3% ] 002/100 VUs  00m15.9s/10m0s  0.33 iters/s

running (00m16.9s), 003/100 VUs, 0 complete and 0 interrupted iterations
normal_day   [   3% ] 003/100 VUs  00m16.9s/10m0s  0.39 iters/s

running (00m17.9s), 003/100 VUs, 0 complete and 0 interrupted iterations
normal_day   [   3% ] 003/100 VUs  00m17.9s/10m0s  0.39 iters/s

running (00m18.9s), 003/100 VUs, 0 complete and 0 interrupted iterations
normal_day   [   3% ] 003/100 VUs  00m18.9s/10m0s  0.39 iters/s

running (00m19.9s), 003/100 VUs, 1 complete and 0 interrupted iterations
normal_day   [   3% ] 003/100 VUs  00m19.9s/10m0s  0.45 iters/s

running (00m20.9s), 003/100 VUs, 1 complete and 0 interrupted iterations
normal_day   [   3% ] 003/100 VUs  00m20.9s/10m0s  0.45 iters/s

running (00m21.9s), 004/100 VUs, 1 complete and 0 interrupted iterations
normal_day   [   4% ] 004/100 VUs  00m21.9s/10m0s  0.49 iters/s

running (00m22.9s), 004/100 VUs, 1 complete and 0 interrupted iterations
normal_day   [   4% ] 004/100 VUs  00m22.9s/10m0s  0.49 iters/s

running (00m23.9s), 004/100 VUs, 2 complete and 0 interrupted iterations
normal_day   [   4% ] 004/100 VUs  00m23.9s/10m0s  0.54 iters/s

running (00m24.9s), 004/100 VUs, 2 complete and 0 interrupted iterations
normal_day   [   4% ] 004/100 VUs  00m24.9s/10m0s  0.54 iters/s

running (00m25.9s), 004/100 VUs, 3 complete and 0 interrupted iterations
normal_day   [   4% ] 004/100 VUs  00m25.9s/10m0s  0.58 iters/s

running (00m26.9s), 005/100 VUs, 3 complete and 0 interrupted iterations
normal_day   [   4% ] 005/100 VUs  00m26.9s/10m0s  0.61 iters/s

running (00m27.9s), 005/100 VUs, 3 complete and 0 interrupted iterations
normal_day   [   5% ] 005/100 VUs  00m27.9s/10m0s  0.61 iters/s

running (00m28.9s), 005/100 VUs, 4 complete and 0 interrupted iterations
normal_day   [   5% ] 005/100 VUs  00m28.9s/10m0s  0.65 iters/s

running (00m29.9s), 004/100 VUs, 5 complete and 0 interrupted iterations
normal_day   [   5% ] 004/100 VUs  00m29.9s/10m0s  0.65 iters/s

running (00m30.9s), 005/100 VUs, 5 complete and 0 interrupted iterations
normal_day   [   5% ] 005/100 VUs  00m30.9s/10m0s  0.68 iters/s

running (00m31.9s), 006/100 VUs, 5 complete and 0 interrupted iterations
normal_day   [   5% ] 006/100 VUs  00m31.9s/10m0s  0.71 iters/s

running (00m32.9s), 005/100 VUs, 6 complete and 0 interrupted iterations
normal_day   [   5% ] 005/100 VUs  00m32.9s/10m0s  0.71 iters/s

running (00m33.9s), 006/100 VUs, 6 complete and 0 interrupted iterations
normal_day   [   6% ] 006/100 VUs  00m33.9s/10m0s  0.75 iters/s

running (00m34.9s), 006/100 VUs, 7 complete and 0 interrupted iterations
normal_day   [   6% ] 006/100 VUs  00m34.9s/10m0s  0.77 iters/s

running (00m35.9s), 007/100 VUs, 7 complete and 0 interrupted iterations
normal_day   [   6% ] 007/100 VUs  00m35.9s/10m0s  0.80 iters/s

running (00m36.9s), 007/100 VUs, 8 complete and 0 interrupted iterations
normal_day   [   6% ] 007/100 VUs  00m36.9s/10m0s  0.83 iters/s

running (00m37.9s), 007/100 VUs, 8 complete and 0 interrupted iterations
normal_day   [   6% ] 007/100 VUs  00m37.9s/10m0s  0.83 iters/s

running (00m38.9s), 007/100 VUs, 9 complete and 0 interrupted iterations
normal_day   [   6% ] 007/100 VUs  00m38.9s/10m0s  0.86 iters/s

running (00m39.9s), 008/100 VUs, 9 complete and 0 interrupted iterations
normal_day   [   7% ] 008/100 VUs  00m39.9s/10m0s  0.88 iters/s

running (00m40.9s), 009/100 VUs, 9 complete and 0 interrupted iterations
normal_day   [   7% ] 009/100 VUs  00m40.9s/10m0s  0.91 iters/s

running (00m41.9s), 010/100 VUs, 9 complete and 0 interrupted iterations
normal_day   [   7% ] 010/100 VUs  00m41.9s/10m0s  0.93 iters/s

running (00m42.9s), 010/100 VUs, 10 complete and 0 interrupted iterations
normal_day   [   7% ] 010/100 VUs  00m42.9s/10m0s  0.95 iters/s

running (00m43.9s), 009/100 VUs, 12 complete and 0 interrupted iterations
normal_day   [   7% ] 009/100 VUs  00m43.9s/10m0s  0.98 iters/s

running (00m44.9s), 010/100 VUs, 12 complete and 0 interrupted iterations
normal_day   [   7% ] 010/100 VUs  00m44.9s/10m0s  1.00 iters/s

running (00m45.9s), 010/100 VUs, 13 complete and 0 interrupted iterations
normal_day   [   8% ] 010/100 VUs  00m45.9s/10m0s  1.02 iters/s

running (00m46.9s), 010/100 VUs, 14 complete and 0 interrupted iterations
normal_day   [   8% ] 010/100 VUs  00m46.9s/10m0s  1.04 iters/s

running (00m47.9s), 009/100 VUs, 16 complete and 0 interrupted iterations
normal_day   [   8% ] 009/100 VUs  00m47.9s/10m0s  1.06 iters/s

running (00m48.9s), 010/100 VUs, 16 complete and 0 interrupted iterations
normal_day   [   8% ] 010/100 VUs  00m48.9s/10m0s  1.09 iters/s

running (00m49.9s), 011/100 VUs, 16 complete and 0 interrupted iterations
normal_day   [   8% ] 011/100 VUs  00m49.9s/10m0s  1.11 iters/s

running (00m50.9s), 012/100 VUs, 16 complete and 0 interrupted iterations
normal_day   [   8% ] 012/100 VUs  00m50.9s/10m0s  1.13 iters/s

running (00m51.9s), 012/100 VUs, 17 complete and 0 interrupted iterations
normal_day   [   9% ] 012/100 VUs  00m51.9s/10m0s  1.14 iters/s

running (00m52.9s), 012/100 VUs, 19 complete and 0 interrupted iterations
normal_day   [   9% ] 012/100 VUs  00m52.9s/10m0s  1.18 iters/s

running (00m53.9s), 010/100 VUs, 22 complete and 0 interrupted iterations
normal_day   [   9% ] 010/100 VUs  00m53.9s/10m0s  1.20 iters/s

running (00m54.9s), 010/100 VUs, 23 complete and 0 interrupted iterations
normal_day   [   9% ] 010/100 VUs  00m54.9s/10m0s  1.22 iters/s

running (00m55.9s), 009/100 VUs, 25 complete and 0 interrupted iterations
normal_day   [   9% ] 009/100 VUs  00m55.9s/10m0s  1.24 iters/s

running (00m56.9s), 009/100 VUs, 26 complete and 0 interrupted iterations
normal_day   [   9% ] 009/100 VUs  00m56.9s/10m0s  1.26 iters/s

running (00m57.9s), 009/100 VUs, 28 complete and 0 interrupted iterations
normal_day   [  10% ] 009/100 VUs  00m57.9s/10m0s  1.29 iters/s

running (00m58.9s), 009/100 VUs, 29 complete and 0 interrupted iterations
normal_day   [  10% ] 009/100 VUs  00m58.9s/10m0s  1.31 iters/s

running (00m59.9s), 010/100 VUs, 29 complete and 0 interrupted iterations
normal_day   [  10% ] 010/100 VUs  00m59.9s/10m0s  1.32 iters/s

running (01m00.9s), 011/100 VUs, 30 complete and 0 interrupted iterations
normal_day   [  10% ] 011/100 VUs  01m00.9s/10m0s  1.36 iters/s

running (01m01.9s), 011/100 VUs, 31 complete and 0 interrupted iterations
normal_day   [  10% ] 011/100 VUs  01m01.9s/10m0s  1.37 iters/s

running (01m02.9s), 012/100 VUs, 31 complete and 0 interrupted iterations
normal_day   [  10% ] 012/100 VUs  01m02.9s/10m0s  1.39 iters/s

running (01m03.9s), 012/100 VUs, 33 complete and 0 interrupted iterations
normal_day   [  11% ] 012/100 VUs  01m03.9s/10m0s  1.42 iters/s

running (01m04.9s), 011/100 VUs, 35 complete and 0 interrupted iterations
normal_day   [  11% ] 011/100 VUs  01m04.9s/10m0s  1.44 iters/s

running (01m05.9s), 013/100 VUs, 35 complete and 0 interrupted iterations
normal_day   [  11% ] 013/100 VUs  01m05.9s/10m0s  1.47 iters/s

running (01m06.9s), 014/100 VUs, 35 complete and 0 interrupted iterations
normal_day   [  11% ] 014/100 VUs  01m06.9s/10m0s  1.48 iters/s

running (01m07.9s), 016/100 VUs, 35 complete and 0 interrupted iterations
normal_day   [  11% ] 016/100 VUs  01m07.9s/10m0s  1.51 iters/s

running (01m08.9s), 016/100 VUs, 36 complete and 0 interrupted iterations
normal_day   [  11% ] 016/100 VUs  01m08.9s/10m0s  1.53 iters/s

running (01m09.9s), 016/100 VUs, 38 complete and 0 interrupted iterations
normal_day   [  12% ] 016/100 VUs  01m09.9s/10m0s  1.56 iters/s

running (01m10.9s), 015/100 VUs, 40 complete and 0 interrupted iterations
normal_day   [  12% ] 015/100 VUs  01m10.9s/10m0s  1.57 iters/s

running (01m11.9s), 016/100 VUs, 41 complete and 0 interrupted iterations
normal_day   [  12% ] 016/100 VUs  01m11.9s/10m0s  1.60 iters/s

running (01m12.9s), 017/100 VUs, 41 complete and 0 interrupted iterations
normal_day   [  12% ] 017/100 VUs  01m12.9s/10m0s  1.61 iters/s

running (01m13.9s), 019/100 VUs, 41 complete and 0 interrupted iterations
normal_day   [  12% ] 019/100 VUs  01m13.9s/10m0s  1.64 iters/s

running (01m14.9s), 019/100 VUs, 43 complete and 0 interrupted iterations
normal_day   [  12% ] 019/100 VUs  01m14.9s/10m0s  1.67 iters/s

running (01m15.9s), 015/100 VUs, 48 complete and 0 interrupted iterations
normal_day   [  13% ] 015/100 VUs  01m15.9s/10m0s  1.68 iters/s

running (01m16.9s), 016/100 VUs, 49 complete and 0 interrupted iterations
normal_day   [  13% ] 016/100 VUs  01m16.9s/10m0s  1.71 iters/s

running (01m17.9s), 018/100 VUs, 49 complete and 0 interrupted iterations
normal_day   [  13% ] 018/100 VUs  01m17.9s/10m0s  1.73 iters/s

running (01m18.9s), 017/100 VUs, 52 complete and 0 interrupted iterations
normal_day   [  13% ] 017/100 VUs  01m18.9s/10m0s  1.76 iters/s

running (01m19.9s), 017/100 VUs, 53 complete and 0 interrupted iterations
normal_day   [  13% ] 017/100 VUs  01m19.9s/10m0s  1.77 iters/s

running (01m20.9s), 018/100 VUs, 54 complete and 0 interrupted iterations
normal_day   [  13% ] 018/100 VUs  01m20.9s/10m0s  1.80 iters/s

running (01m21.9s), 017/100 VUs, 57 complete and 0 interrupted iterations
normal_day   [  14% ] 017/100 VUs  01m21.9s/10m0s  1.82 iters/s

running (01m22.9s), 017/100 VUs, 59 complete and 0 interrupted iterations
normal_day   [  14% ] 017/100 VUs  01m22.9s/10m0s  1.84 iters/s

running (01m23.9s), 018/100 VUs, 60 complete and 0 interrupted iterations
normal_day   [  14% ] 018/100 VUs  01m23.9s/10m0s  1.87 iters/s

running (01m24.9s), 016/100 VUs, 64 complete and 0 interrupted iterations
normal_day   [  14% ] 016/100 VUs  01m24.9s/10m0s  1.89 iters/s

running (01m25.9s), 014/100 VUs, 67 complete and 0 interrupted iterations
normal_day   [  14% ] 014/100 VUs  01m25.9s/10m0s  1.90 iters/s

running (01m26.9s), 016/100 VUs, 67 complete and 0 interrupted iterations
normal_day   [  14% ] 016/100 VUs  01m26.9s/10m0s  1.93 iters/s

running (01m27.9s), 018/100 VUs, 67 complete and 0 interrupted iterations
normal_day   [  15% ] 018/100 VUs  01m27.9s/10m0s  1.95 iters/s

running (01m28.9s), 019/100 VUs, 68 complete and 0 interrupted iterations
normal_day   [  15% ] 019/100 VUs  01m28.9s/10m0s  1.97 iters/s

running (01m29.9s), 020/100 VUs, 69 complete and 0 interrupted iterations
normal_day   [  15% ] 020/100 VUs  01m29.9s/10m0s  1.99 iters/s

running (01m30.9s), 018/100 VUs, 73 complete and 0 interrupted iterations
normal_day   [  15% ] 018/100 VUs  01m30.9s/10m0s  2.02 iters/s

running (01m31.9s), 017/100 VUs, 76 complete and 0 interrupted iterations
normal_day   [  15% ] 017/100 VUs  01m31.9s/10m0s  2.04 iters/s

running (01m32.9s), 017/100 VUs, 78 complete and 0 interrupted iterations
normal_day   [  15% ] 017/100 VUs  01m32.9s/10m0s  2.06 iters/s

running (01m33.9s), 018/100 VUs, 79 complete and 0 interrupted iterations
normal_day   [  16% ] 018/100 VUs  01m33.9s/10m0s  2.08 iters/s

running (01m34.9s), 018/100 VUs, 81 complete and 0 interrupted iterations
normal_day   [  16% ] 018/100 VUs  01m34.9s/10m0s  2.10 iters/s

running (01m35.9s), 021/100 VUs, 81 complete and 0 interrupted iterations
normal_day   [  16% ] 021/100 VUs  01m35.9s/10m0s  2.13 iters/s

running (01m36.9s), 021/100 VUs, 83 complete and 0 interrupted iterations
normal_day   [  16% ] 021/100 VUs  01m36.9s/10m0s  2.16 iters/s

running (01m37.9s), 022/100 VUs, 84 complete and 0 interrupted iterations
normal_day   [  16% ] 022/100 VUs  01m37.9s/10m0s  2.18 iters/s

running (01m38.9s), 022/100 VUs, 86 complete and 0 interrupted iterations
normal_day   [  16% ] 022/100 VUs  01m38.9s/10m0s  2.20 iters/s

running (01m39.9s), 021/100 VUs, 89 complete and 0 interrupted iterations
normal_day   [  17% ] 021/100 VUs  01m39.9s/10m0s  2.22 iters/s

running (01m40.9s), 021/100 VUs, 92 complete and 0 interrupted iterations
normal_day   [  17% ] 021/100 VUs  01m40.9s/10m0s  2.25 iters/s

running (01m41.9s), 022/100 VUs, 93 complete and 0 interrupted iterations
normal_day   [  17% ] 022/100 VUs  01m41.9s/10m0s  2.27 iters/s

running (01m42.9s), 022/100 VUs, 95 complete and 0 interrupted iterations
normal_day   [  17% ] 022/100 VUs  01m42.9s/10m0s  2.29 iters/s

running (01m43.9s), 024/100 VUs, 95 complete and 0 interrupted iterations
normal_day   [  17% ] 024/100 VUs  01m43.9s/10m0s  2.30 iters/s

running (01m44.9s), 025/100 VUs, 97 complete and 0 interrupted iterations
normal_day   [  17% ] 025/100 VUs  01m44.9s/10m0s  2.33 iters/s

running (01m45.9s), 025/100 VUs, 99 complete and 0 interrupted iterations
normal_day   [  18% ] 025/100 VUs  01m45.9s/10m0s  2.35 iters/s

running (01m46.9s), 027/100 VUs, 99 complete and 0 interrupted iterations
normal_day   [  18% ] 027/100 VUs  01m46.9s/10m0s  2.37 iters/s

running (01m47.9s), 027/100 VUs, 102 complete and 0 interrupted iterations
normal_day   [  18% ] 027/100 VUs  01m47.9s/10m0s  2.40 iters/s

running (01m48.9s), 027/100 VUs, 104 complete and 0 interrupted iterations
normal_day   [  18% ] 027/100 VUs  01m48.9s/10m0s  2.42 iters/s

running (01m49.9s), 029/100 VUs, 105 complete and 0 interrupted iterations
normal_day   [  18% ] 029/100 VUs  01m49.9s/10m0s  2.44 iters/s

running (01m50.9s), 028/100 VUs, 108 complete and 0 interrupted iterations
normal_day   [  18% ] 028/100 VUs  01m50.9s/10m0s  2.46 iters/s

running (01m51.9s), 028/100 VUs, 111 complete and 0 interrupted iterations
normal_day   [  19% ] 028/100 VUs  01m51.9s/10m0s  2.49 iters/s

running (01m52.9s), 028/100 VUs, 113 complete and 0 interrupted iterations
normal_day   [  19% ] 028/100 VUs  01m52.9s/10m0s  2.51 iters/s

running (01m53.9s), 030/100 VUs, 114 complete and 0 interrupted iterations
normal_day   [  19% ] 030/100 VUs  01m53.9s/10m0s  2.53 iters/s

running (01m54.9s), 029/100 VUs, 117 complete and 0 interrupted iterations
normal_day   [  19% ] 029/100 VUs  01m54.9s/10m0s  2.55 iters/s

running (01m55.9s), 028/100 VUs, 121 complete and 0 interrupted iterations
normal_day   [  19% ] 028/100 VUs  01m55.9s/10m0s  2.58 iters/s

running (01m56.9s), 026/100 VUs, 125 complete and 0 interrupted iterations
normal_day   [  19% ] 026/100 VUs  01m56.9s/10m0s  2.59 iters/s

running (01m57.9s), 026/100 VUs, 128 complete and 0 interrupted iterations
normal_day   [  20% ] 026/100 VUs  01m57.9s/10m0s  2.62 iters/s

running (01m58.9s), 025/100 VUs, 131 complete and 0 interrupted iterations
normal_day   [  20% ] 025/100 VUs  01m58.9s/10m0s  2.64 iters/s

running (01m59.9s), 027/100 VUs, 132 complete and 0 interrupted iterations
normal_day   [  20% ] 027/100 VUs  01m59.9s/10m0s  2.66 iters/s

running (02m00.9s), 027/100 VUs, 135 complete and 0 interrupted iterations
normal_day   [  20% ] 027/100 VUs  02m00.9s/10m0s  2.69 iters/s

running (02m01.9s), 025/100 VUs, 139 complete and 0 interrupted iterations
normal_day   [  20% ] 025/100 VUs  02m01.9s/10m0s  2.70 iters/s

running (02m02.9s), 027/100 VUs, 140 complete and 0 interrupted iterations
normal_day   [  20% ] 027/100 VUs  02m02.9s/10m0s  2.73 iters/s

running (02m03.9s), 027/100 VUs, 143 complete and 0 interrupted iterations
normal_day   [  21% ] 027/100 VUs  02m03.9s/10m0s  2.75 iters/s

running (02m04.9s), 028/100 VUs, 145 complete and 0 interrupted iterations
normal_day   [  21% ] 028/100 VUs  02m04.9s/10m0s  2.78 iters/s

running (02m05.9s), 026/100 VUs, 149 complete and 0 interrupted iterations
normal_day   [  21% ] 026/100 VUs  02m05.9s/10m0s  2.80 iters/s

running (02m06.9s), 028/100 VUs, 150 complete and 0 interrupted iterations
normal_day   [  21% ] 028/100 VUs  02m06.9s/10m0s  2.82 iters/s

running (02m07.9s), 029/100 VUs, 152 complete and 0 interrupted iterations
normal_day   [  21% ] 029/100 VUs  02m07.9s/10m0s  2.84 iters/s

running (02m08.9s), 029/100 VUs, 155 complete and 0 interrupted iterations
normal_day   [  21% ] 029/100 VUs  02m08.9s/10m0s  2.86 iters/s

running (02m09.9s), 028/100 VUs, 159 complete and 0 interrupted iterations
normal_day   [  22% ] 028/100 VUs  02m09.9s/10m0s  2.89 iters/s

running (02m10.9s), 028/100 VUs, 162 complete and 0 interrupted iterations
normal_day   [  22% ] 028/100 VUs  02m10.9s/10m0s  2.91 iters/s

running (02m11.9s), 024/100 VUs, 169 complete and 0 interrupted iterations
normal_day   [  22% ] 024/100 VUs  02m11.9s/10m0s  2.93 iters/s

running (02m12.9s), 025/100 VUs, 171 complete and 0 interrupted iterations
normal_day   [  22% ] 025/100 VUs  02m12.9s/10m0s  2.96 iters/s

running (02m13.9s), 024/100 VUs, 175 complete and 0 interrupted iterations
normal_day   [  22% ] 024/100 VUs  02m13.9s/10m0s  2.98 iters/s

running (02m14.9s), 026/100 VUs, 176 complete and 0 interrupted iterations
normal_day   [  22% ] 026/100 VUs  02m14.9s/10m0s  3.00 iters/s

running (02m15.9s), 028/100 VUs, 177 complete and 0 interrupted iterations
normal_day   [  23% ] 028/100 VUs  02m15.9s/10m0s  3.02 iters/s

running (02m16.9s), 027/100 VUs, 181 complete and 0 interrupted iterations
normal_day   [  23% ] 027/100 VUs  02m16.9s/10m0s  3.04 iters/s

running (02m17.9s), 027/100 VUs, 184 complete and 0 interrupted iterations
normal_day   [  23% ] 027/100 VUs  02m17.9s/10m0s  3.07 iters/s

running (02m18.9s), 029/100 VUs, 185 complete and 0 interrupted iterations
normal_day   [  23% ] 029/100 VUs  02m18.9s/10m0s  3.09 iters/s

running (02m19.9s), 031/100 VUs, 186 complete and 0 interrupted iterations
normal_day   [  23% ] 031/100 VUs  02m19.9s/10m0s  3.11 iters/s

running (02m20.9s), 032/100 VUs, 188 complete and 0 interrupted iterations
normal_day   [  23% ] 032/100 VUs  02m20.9s/10m0s  3.13 iters/s

running (02m21.9s), 029/100 VUs, 194 complete and 0 interrupted iterations
normal_day   [  24% ] 029/100 VUs  02m21.9s/10m0s  3.15 iters/s

running (02m22.9s), 026/100 VUs, 200 complete and 0 interrupted iterations
normal_day   [  24% ] 026/100 VUs  02m22.9s/10m0s  3.17 iters/s

running (02m23.9s), 028/100 VUs, 201 complete and 0 interrupted iterations
normal_day   [  24% ] 028/100 VUs  02m23.9s/10m0s  3.19 iters/s

running (02m24.9s), 030/100 VUs, 203 complete and 0 interrupted iterations
normal_day   [  24% ] 030/100 VUs  02m24.9s/10m0s  3.22 iters/s

running (02m25.9s), 030/100 VUs, 206 complete and 0 interrupted iterations
normal_day   [  24% ] 030/100 VUs  02m25.9s/10m0s  3.24 iters/s

running (02m26.9s), 032/100 VUs, 207 complete and 0 interrupted iterations
normal_day   [  24% ] 032/100 VUs  02m26.9s/10m0s  3.26 iters/s

running (02m27.9s), 032/100 VUs, 210 complete and 0 interrupted iterations
normal_day   [  25% ] 032/100 VUs  02m27.9s/10m0s  3.28 iters/s

running (02m28.9s), 032/100 VUs, 214 complete and 0 interrupted iterations
normal_day   [  25% ] 032/100 VUs  02m28.9s/10m0s  3.31 iters/s

running (02m29.9s), 033/100 VUs, 216 complete and 0 interrupted iterations
normal_day   [  25% ] 033/100 VUs  02m29.9s/10m0s  3.33 iters/s

running (02m30.9s), 033/100 VUs, 219 complete and 0 interrupted iterations
normal_day   [  25% ] 033/100 VUs  02m30.9s/10m0s  3.35 iters/s

running (02m31.9s), 035/100 VUs, 221 complete and 0 interrupted iterations
normal_day   [  25% ] 035/100 VUs  02m31.9s/10m0s  3.38 iters/s

running (02m32.8s), 032/100 VUs, 227 complete and 0 interrupted iterations
normal_day   [  25% ] 032/100 VUs  02m32.9s/10m0s  3.40 iters/s

running (02m33.8s), 033/100 VUs, 230 complete and 0 interrupted iterations
normal_day   [  26% ] 033/100 VUs  02m33.9s/10m0s  3.42 iters/s

running (02m34.9s), 032/100 VUs, 234 complete and 0 interrupted iterations
normal_day   [  26% ] 032/100 VUs  02m34.9s/10m0s  3.44 iters/s

running (02m35.9s), 033/100 VUs, 236 complete and 0 interrupted iterations
normal_day   [  26% ] 033/100 VUs  02m35.9s/10m0s  3.46 iters/s

running (02m36.9s), 032/100 VUs, 241 complete and 0 interrupted iterations
normal_day   [  26% ] 032/100 VUs  02m36.9s/10m0s  3.49 iters/s

running (02m37.8s), 031/100 VUs, 245 complete and 0 interrupted iterations
normal_day   [  26% ] 031/100 VUs  02m37.9s/10m0s  3.51 iters/s

running (02m38.9s), 028/100 VUs, 252 complete and 0 interrupted iterations
normal_day   [  26% ] 028/100 VUs  02m38.9s/10m0s  3.53 iters/s

running (02m39.9s), 030/100 VUs, 253 complete and 0 interrupted iterations
normal_day   [  27% ] 030/100 VUs  02m39.9s/10m0s  3.55 iters/s

running (02m40.8s), 031/100 VUs, 256 complete and 0 interrupted iterations
normal_day   [  27% ] 031/100 VUs  02m40.9s/10m0s  3.57 iters/s

running (02m41.8s), 032/100 VUs, 259 complete and 0 interrupted iterations
normal_day   [  27% ] 032/100 VUs  02m41.9s/10m0s  3.60 iters/s

running (02m42.8s), 035/100 VUs, 259 complete and 0 interrupted iterations
normal_day   [  27% ] 035/100 VUs  02m42.9s/10m0s  3.62 iters/s

running (02m43.8s), 034/100 VUs, 264 complete and 0 interrupted iterations
normal_day   [  27% ] 034/100 VUs  02m43.9s/10m0s  3.64 iters/s

running (02m44.8s), 035/100 VUs, 266 complete and 0 interrupted iterations
normal_day   [  27% ] 035/100 VUs  02m44.9s/10m0s  3.66 iters/s

running (02m45.8s), 036/100 VUs, 269 complete and 0 interrupted iterations
normal_day   [  28% ] 036/100 VUs  02m45.9s/10m0s  3.68 iters/s

running (02m46.8s), 034/100 VUs, 275 complete and 0 interrupted iterations
normal_day   [  28% ] 034/100 VUs  02m46.9s/10m0s  3.71 iters/s

running (02m47.8s), 036/100 VUs, 277 complete and 0 interrupted iterations
normal_day   [  28% ] 036/100 VUs  02m47.9s/10m0s  3.73 iters/s

running (02m48.8s), 037/100 VUs, 279 complete and 0 interrupted iterations
normal_day   [  28% ] 037/100 VUs  02m48.9s/10m0s  3.75 iters/s

running (02m49.8s), 040/100 VUs, 280 complete and 0 interrupted iterations
normal_day   [  28% ] 040/100 VUs  02m49.9s/10m0s  3.77 iters/s

running (02m50.8s), 039/100 VUs, 285 complete and 0 interrupted iterations
normal_day   [  28% ] 039/100 VUs  02m50.9s/10m0s  3.80 iters/s

running (02m51.8s), 039/100 VUs, 289 complete and 0 interrupted iterations
normal_day   [  29% ] 039/100 VUs  02m51.9s/10m0s  3.82 iters/s

running (02m52.8s), 038/100 VUs, 293 complete and 0 interrupted iterations
normal_day   [  29% ] 038/100 VUs  02m52.9s/10m0s  3.84 iters/s

running (02m53.8s), 037/100 VUs, 298 complete and 0 interrupted iterations
normal_day   [  29% ] 037/100 VUs  02m53.9s/10m0s  3.86 iters/s

running (02m54.8s), 038/100 VUs, 301 complete and 0 interrupted iterations
normal_day   [  29% ] 038/100 VUs  02m54.9s/10m0s  3.88 iters/s

running (02m55.8s), 037/100 VUs, 306 complete and 0 interrupted iterations
normal_day   [  29% ] 037/100 VUs  02m55.9s/10m0s  3.91 iters/s

running (02m56.8s), 041/100 VUs, 306 complete and 0 interrupted iterations
normal_day   [  29% ] 041/100 VUs  02m56.9s/10m0s  3.93 iters/s

running (02m57.8s), 042/100 VUs, 309 complete and 0 interrupted iterations
normal_day   [  30% ] 042/100 VUs  02m57.9s/10m0s  3.95 iters/s

running (02m58.8s), 042/100 VUs, 313 complete and 0 interrupted iterations
normal_day   [  30% ] 042/100 VUs  02m58.9s/10m0s  3.97 iters/s

running (02m59.8s), 044/100 VUs, 315 complete and 0 interrupted iterations
normal_day   [  30% ] 044/100 VUs  02m59.9s/10m0s  4.00 iters/s

running (03m00.8s), 045/100 VUs, 318 complete and 0 interrupted iterations
normal_day   [  30% ] 045/100 VUs  03m00.9s/10m0s  4.00 iters/s

running (03m01.8s), 039/100 VUs, 328 complete and 0 interrupted iterations
normal_day   [  30% ] 039/100 VUs  03m01.9s/10m0s  4.00 iters/s

running (03m02.8s), 040/100 VUs, 331 complete and 0 interrupted iterations
normal_day   [  30% ] 040/100 VUs  03m02.9s/10m0s  4.00 iters/s

running (03m03.8s), 039/100 VUs, 336 complete and 0 interrupted iterations
normal_day   [  31% ] 039/100 VUs  03m03.9s/10m0s  4.00 iters/s

running (03m04.8s), 041/100 VUs, 338 complete and 0 interrupted iterations
normal_day   [  31% ] 041/100 VUs  03m04.9s/10m0s  4.00 iters/s

running (03m05.8s), 040/100 VUs, 343 complete and 0 interrupted iterations
normal_day   [  31% ] 040/100 VUs  03m05.9s/10m0s  4.00 iters/s

running (03m06.8s), 041/100 VUs, 346 complete and 0 interrupted iterations
normal_day   [  31% ] 041/100 VUs  03m06.9s/10m0s  4.00 iters/s

running (03m07.8s), 039/100 VUs, 352 complete and 0 interrupted iterations
normal_day   [  31% ] 039/100 VUs  03m07.9s/10m0s  4.00 iters/s

running (03m08.8s), 042/100 VUs, 353 complete and 0 interrupted iterations
normal_day   [  31% ] 042/100 VUs  03m08.9s/10m0s  4.00 iters/s

running (03m09.8s), 043/100 VUs, 356 complete and 0 interrupted iterations
normal_day   [  32% ] 043/100 VUs  03m09.9s/10m0s  4.00 iters/s

running (03m10.8s), 043/100 VUs, 360 complete and 0 interrupted iterations
normal_day   [  32% ] 043/100 VUs  03m10.9s/10m0s  4.00 iters/s

running (03m11.8s), 043/100 VUs, 364 complete and 0 interrupted iterations
normal_day   [  32% ] 043/100 VUs  03m11.9s/10m0s  4.00 iters/s

running (03m12.8s), 039/100 VUs, 372 complete and 0 interrupted iterations
normal_day   [  32% ] 039/100 VUs  03m12.9s/10m0s  4.00 iters/s

running (03m13.8s), 041/100 VUs, 374 complete and 0 interrupted iterations
normal_day   [  32% ] 041/100 VUs  03m13.9s/10m0s  4.00 iters/s

running (03m14.8s), 042/100 VUs, 377 complete and 0 interrupted iterations
normal_day   [  32% ] 042/100 VUs  03m14.9s/10m0s  4.00 iters/s

running (03m15.8s), 044/100 VUs, 379 complete and 0 interrupted iterations
normal_day   [  33% ] 044/100 VUs  03m15.9s/10m0s  4.00 iters/s

running (03m16.8s), 044/100 VUs, 383 complete and 0 interrupted iterations
normal_day   [  33% ] 044/100 VUs  03m16.9s/10m0s  4.00 iters/s

running (03m17.8s), 039/100 VUs, 392 complete and 0 interrupted iterations
normal_day   [  33% ] 039/100 VUs  03m17.9s/10m0s  4.00 iters/s

running (03m18.8s), 040/100 VUs, 395 complete and 0 interrupted iterations
normal_day   [  33% ] 040/100 VUs  03m18.9s/10m0s  4.00 iters/s

running (03m19.8s), 041/100 VUs, 398 complete and 0 interrupted iterations
normal_day   [  33% ] 041/100 VUs  03m19.9s/10m0s  4.00 iters/s

running (03m20.8s), 039/100 VUs, 404 complete and 0 interrupted iterations
normal_day   [  33% ] 039/100 VUs  03m20.9s/10m0s  4.00 iters/s

running (03m21.8s), 039/100 VUs, 408 complete and 0 interrupted iterations
normal_day   [  34% ] 039/100 VUs  03m21.9s/10m0s  4.00 iters/s

running (03m22.8s), 039/100 VUs, 412 complete and 0 interrupted iterations
normal_day   [  34% ] 039/100 VUs  03m22.9s/10m0s  4.00 iters/s

running (03m23.8s), 039/100 VUs, 416 complete and 0 interrupted iterations
normal_day   [  34% ] 039/100 VUs  03m23.9s/10m0s  4.00 iters/s

running (03m24.8s), 040/100 VUs, 419 complete and 0 interrupted iterations
normal_day   [  34% ] 040/100 VUs  03m24.9s/10m0s  4.00 iters/s

running (03m25.8s), 039/100 VUs, 424 complete and 0 interrupted iterations
normal_day   [  34% ] 039/100 VUs  03m25.9s/10m0s  4.00 iters/s

running (03m26.8s), 038/100 VUs, 429 complete and 0 interrupted iterations
normal_day   [  34% ] 038/100 VUs  03m26.9s/10m0s  4.00 iters/s

running (03m27.8s), 036/100 VUs, 435 complete and 0 interrupted iterations
normal_day   [  35% ] 036/100 VUs  03m27.9s/10m0s  4.00 iters/s

running (03m28.8s), 035/100 VUs, 440 complete and 0 interrupted iterations
normal_day   [  35% ] 035/100 VUs  03m28.9s/10m0s  4.00 iters/s

running (03m29.8s), 033/100 VUs, 446 complete and 0 interrupted iterations
normal_day   [  35% ] 033/100 VUs  03m29.9s/10m0s  4.00 iters/s

running (03m30.8s), 034/100 VUs, 449 complete and 0 interrupted iterations
normal_day   [  35% ] 034/100 VUs  03m30.9s/10m0s  4.00 iters/s

running (03m31.8s), 034/100 VUs, 453 complete and 0 interrupted iterations
normal_day   [  35% ] 034/100 VUs  03m31.9s/10m0s  4.00 iters/s

running (03m32.8s), 034/100 VUs, 457 complete and 0 interrupted iterations
normal_day   [  35% ] 034/100 VUs  03m32.9s/10m0s  4.00 iters/s

running (03m33.8s), 035/100 VUs, 460 complete and 0 interrupted iterations
normal_day   [  36% ] 035/100 VUs  03m33.9s/10m0s  4.00 iters/s

running (03m34.8s), 036/100 VUs, 463 complete and 0 interrupted iterations
normal_day   [  36% ] 036/100 VUs  03m34.9s/10m0s  4.00 iters/s

running (03m35.8s), 036/100 VUs, 467 complete and 0 interrupted iterations
normal_day   [  36% ] 036/100 VUs  03m35.9s/10m0s  4.00 iters/s

running (03m36.8s), 035/100 VUs, 472 complete and 0 interrupted iterations
normal_day   [  36% ] 035/100 VUs  03m36.9s/10m0s  4.00 iters/s

running (03m37.8s), 035/100 VUs, 476 complete and 0 interrupted iterations
normal_day   [  36% ] 035/100 VUs  03m37.9s/10m0s  4.00 iters/s

running (03m38.8s), 036/100 VUs, 479 complete and 0 interrupted iterations
normal_day   [  36% ] 036/100 VUs  03m38.9s/10m0s  4.00 iters/s

running (03m39.8s), 035/100 VUs, 484 complete and 0 interrupted iterations
normal_day   [  37% ] 035/100 VUs  03m39.9s/10m0s  4.00 iters/s

running (03m40.8s), 037/100 VUs, 486 complete and 0 interrupted iterations
normal_day   [  37% ] 037/100 VUs  03m40.9s/10m0s  4.00 iters/s

running (03m41.8s), 038/100 VUs, 489 complete and 0 interrupted iterations
normal_day   [  37% ] 038/100 VUs  03m41.9s/10m0s  4.00 iters/s

running (03m42.8s), 033/100 VUs, 498 complete and 0 interrupted iterations
normal_day   [  37% ] 033/100 VUs  03m42.9s/10m0s  4.00 iters/s

running (03m43.8s), 033/100 VUs, 502 complete and 0 interrupted iterations
normal_day   [  37% ] 033/100 VUs  03m43.9s/10m0s  4.00 iters/s

running (03m44.8s), 031/100 VUs, 508 complete and 0 interrupted iterations
normal_day   [  37% ] 031/100 VUs  03m44.9s/10m0s  4.00 iters/s

running (03m45.8s), 033/100 VUs, 510 complete and 0 interrupted iterations
normal_day   [  38% ] 033/100 VUs  03m45.9s/10m0s  4.00 iters/s

running (03m46.8s), 035/100 VUs, 512 complete and 0 interrupted iterations
normal_day   [  38% ] 035/100 VUs  03m46.9s/10m0s  4.00 iters/s

running (03m47.8s), 036/100 VUs, 515 complete and 0 interrupted iterations
normal_day   [  38% ] 036/100 VUs  03m47.9s/10m0s  4.00 iters/s

running (03m48.8s), 035/100 VUs, 520 complete and 0 interrupted iterations
normal_day   [  38% ] 035/100 VUs  03m48.9s/10m0s  4.00 iters/s

running (03m49.8s), 033/100 VUs, 526 complete and 0 interrupted iterations
normal_day   [  38% ] 033/100 VUs  03m49.9s/10m0s  4.00 iters/s

running (03m50.8s), 036/100 VUs, 527 complete and 0 interrupted iterations
normal_day   [  38% ] 036/100 VUs  03m50.9s/10m0s  4.00 iters/s

running (03m51.8s), 038/100 VUs, 529 complete and 0 interrupted iterations
normal_day   [  39% ] 038/100 VUs  03m51.9s/10m0s  4.00 iters/s

running (03m52.8s), 041/100 VUs, 530 complete and 0 interrupted iterations
normal_day   [  39% ] 041/100 VUs  03m52.9s/10m0s  4.00 iters/s

running (03m53.8s), 041/100 VUs, 534 complete and 0 interrupted iterations
normal_day   [  39% ] 041/100 VUs  03m53.9s/10m0s  4.00 iters/s

running (03m54.8s), 039/100 VUs, 540 complete and 0 interrupted iterations
normal_day   [  39% ] 039/100 VUs  03m54.9s/10m0s  4.00 iters/s

running (03m55.8s), 038/100 VUs, 545 complete and 0 interrupted iterations
normal_day   [  39% ] 038/100 VUs  03m55.9s/10m0s  4.00 iters/s

running (03m56.8s), 037/100 VUs, 550 complete and 0 interrupted iterations
normal_day   [  39% ] 037/100 VUs  03m56.9s/10m0s  4.00 iters/s

running (03m57.8s), 036/100 VUs, 555 complete and 0 interrupted iterations
normal_day   [  40% ] 036/100 VUs  03m57.9s/10m0s  4.00 iters/s

running (03m58.8s), 038/100 VUs, 557 complete and 0 interrupted iterations
normal_day   [  40% ] 038/100 VUs  03m58.9s/10m0s  4.00 iters/s

running (03m59.8s), 039/100 VUs, 560 complete and 0 interrupted iterations
normal_day   [  40% ] 039/100 VUs  03m59.9s/10m0s  4.00 iters/s

running (04m00.8s), 038/100 VUs, 565 complete and 0 interrupted iterations
normal_day   [  40% ] 038/100 VUs  04m00.9s/10m0s  4.00 iters/s

running (04m01.8s), 035/100 VUs, 572 complete and 0 interrupted iterations
normal_day   [  40% ] 035/100 VUs  04m01.9s/10m0s  4.00 iters/s

running (04m02.8s), 034/100 VUs, 577 complete and 0 interrupted iterations
normal_day   [  40% ] 034/100 VUs  04m02.9s/10m0s  4.00 iters/s

running (04m03.8s), 035/100 VUs, 580 complete and 0 interrupted iterations
normal_day   [  41% ] 035/100 VUs  04m03.9s/10m0s  4.00 iters/s

running (04m04.8s), 037/100 VUs, 582 complete and 0 interrupted iterations
normal_day   [  41% ] 037/100 VUs  04m04.9s/10m0s  4.00 iters/s

running (04m05.8s), 038/100 VUs, 585 complete and 0 interrupted iterations
normal_day   [  41% ] 038/100 VUs  04m05.9s/10m0s  4.00 iters/s

running (04m06.8s), 035/100 VUs, 592 complete and 0 interrupted iterations
normal_day   [  41% ] 035/100 VUs  04m06.9s/10m0s  4.00 iters/s

running (04m07.8s), 036/100 VUs, 595 complete and 0 interrupted iterations
normal_day   [  41% ] 036/100 VUs  04m07.9s/10m0s  4.00 iters/s

running (04m08.8s), 037/100 VUs, 598 complete and 0 interrupted iterations
normal_day   [  41% ] 037/100 VUs  04m08.9s/10m0s  4.00 iters/s

running (04m09.8s), 038/100 VUs, 601 complete and 0 interrupted iterations
normal_day   [  42% ] 038/100 VUs  04m09.9s/10m0s  4.00 iters/s

running (04m10.8s), 037/100 VUs, 606 complete and 0 interrupted iterations
normal_day   [  42% ] 037/100 VUs  04m10.9s/10m0s  4.00 iters/s

running (04m11.8s), 038/100 VUs, 609 complete and 0 interrupted iterations
normal_day   [  42% ] 038/100 VUs  04m11.9s/10m0s  4.00 iters/s

running (04m12.8s), 040/100 VUs, 611 complete and 0 interrupted iterations
normal_day   [  42% ] 040/100 VUs  04m12.9s/10m0s  4.00 iters/s

running (04m13.8s), 040/100 VUs, 615 complete and 0 interrupted iterations
normal_day   [  42% ] 040/100 VUs  04m13.9s/10m0s  4.00 iters/s

running (04m14.8s), 040/100 VUs, 619 complete and 0 interrupted iterations
normal_day   [  42% ] 040/100 VUs  04m14.9s/10m0s  4.00 iters/s

running (04m15.8s), 039/100 VUs, 624 complete and 0 interrupted iterations
normal_day   [  43% ] 039/100 VUs  04m15.9s/10m0s  4.00 iters/s

running (04m16.8s), 041/100 VUs, 626 complete and 0 interrupted iterations
normal_day   [  43% ] 041/100 VUs  04m16.9s/10m0s  4.00 iters/s

running (04m17.8s), 042/100 VUs, 629 complete and 0 interrupted iterations
normal_day   [  43% ] 042/100 VUs  04m17.9s/10m0s  4.00 iters/s

running (04m18.8s), 041/100 VUs, 634 complete and 0 interrupted iterations
normal_day   [  43% ] 041/100 VUs  04m18.9s/10m0s  4.00 iters/s

running (04m19.8s), 044/100 VUs, 635 complete and 0 interrupted iterations
normal_day   [  43% ] 044/100 VUs  04m19.9s/10m0s  4.00 iters/s

running (04m20.8s), 041/100 VUs, 642 complete and 0 interrupted iterations
normal_day   [  43% ] 041/100 VUs  04m20.9s/10m0s  4.00 iters/s

running (04m21.8s), 041/100 VUs, 646 complete and 0 interrupted iterations
normal_day   [  44% ] 041/100 VUs  04m21.9s/10m0s  4.00 iters/s

running (04m22.8s), 040/100 VUs, 651 complete and 0 interrupted iterations
normal_day   [  44% ] 040/100 VUs  04m22.9s/10m0s  4.00 iters/s

running (04m23.8s), 039/100 VUs, 656 complete and 0 interrupted iterations
normal_day   [  44% ] 039/100 VUs  04m23.9s/10m0s  4.00 iters/s

running (04m24.8s), 041/100 VUs, 658 complete and 0 interrupted iterations
normal_day   [  44% ] 041/100 VUs  04m24.9s/10m0s  4.00 iters/s

running (04m25.8s), 043/100 VUs, 660 complete and 0 interrupted iterations
normal_day   [  44% ] 043/100 VUs  04m25.9s/10m0s  4.00 iters/s

running (04m26.8s), 042/100 VUs, 665 complete and 0 interrupted iterations
normal_day   [  44% ] 042/100 VUs  04m26.9s/10m0s  4.00 iters/s

running (04m27.8s), 041/100 VUs, 670 complete and 0 interrupted iterations
normal_day   [  45% ] 041/100 VUs  04m27.9s/10m0s  4.00 iters/s

running (04m28.8s), 042/100 VUs, 673 complete and 0 interrupted iterations
normal_day   [  45% ] 042/100 VUs  04m28.9s/10m0s  4.00 iters/s

running (04m29.8s), 040/100 VUs, 679 complete and 0 interrupted iterations
normal_day   [  45% ] 040/100 VUs  04m29.9s/10m0s  4.00 iters/s

running (04m30.8s), 044/100 VUs, 679 complete and 0 interrupted iterations
normal_day   [  45% ] 044/100 VUs  04m30.9s/10m0s  4.00 iters/s

running (04m31.8s), 046/100 VUs, 681 complete and 0 interrupted iterations
normal_day   [  45% ] 046/100 VUs  04m31.9s/10m0s  4.00 iters/s

running (04m32.8s), 044/100 VUs, 687 complete and 0 interrupted iterations
normal_day   [  45% ] 044/100 VUs  04m32.9s/10m0s  4.00 iters/s

running (04m33.8s), 045/100 VUs, 690 complete and 0 interrupted iterations
normal_day   [  46% ] 045/100 VUs  04m33.9s/10m0s  4.00 iters/s

running (04m34.8s), 045/100 VUs, 694 complete and 0 interrupted iterations
normal_day   [  46% ] 045/100 VUs  04m34.9s/10m0s  4.00 iters/s

running (04m35.8s), 044/100 VUs, 699 complete and 0 interrupted iterations
normal_day   [  46% ] 044/100 VUs  04m35.9s/10m0s  4.00 iters/s

running (04m36.8s), 045/100 VUs, 702 complete and 0 interrupted iterations
normal_day   [  46% ] 045/100 VUs  04m36.9s/10m0s  4.00 iters/s

running (04m37.8s), 044/100 VUs, 707 complete and 0 interrupted iterations
normal_day   [  46% ] 044/100 VUs  04m37.9s/10m0s  4.00 iters/s

running (04m38.8s), 047/100 VUs, 708 complete and 0 interrupted iterations
normal_day   [  46% ] 047/100 VUs  04m38.9s/10m0s  4.00 iters/s

running (04m39.8s), 049/100 VUs, 710 complete and 0 interrupted iterations
normal_day   [  47% ] 049/100 VUs  04m39.9s/10m0s  4.00 iters/s

running (04m40.8s), 047/100 VUs, 716 complete and 0 interrupted iterations
normal_day   [  47% ] 047/100 VUs  04m40.9s/10m0s  4.00 iters/s

running (04m41.8s), 047/100 VUs, 720 complete and 0 interrupted iterations
normal_day   [  47% ] 047/100 VUs  04m41.9s/10m0s  4.00 iters/s

running (04m42.8s), 045/100 VUs, 726 complete and 0 interrupted iterations
normal_day   [  47% ] 045/100 VUs  04m42.9s/10m0s  4.00 iters/s

running (04m43.8s), 042/100 VUs, 733 complete and 0 interrupted iterations
normal_day   [  47% ] 042/100 VUs  04m43.9s/10m0s  4.00 iters/s

running (04m44.8s), 038/100 VUs, 741 complete and 0 interrupted iterations
normal_day   [  47% ] 038/100 VUs  04m44.9s/10m0s  4.00 iters/s

running (04m45.8s), 038/100 VUs, 745 complete and 0 interrupted iterations
normal_day   [  48% ] 038/100 VUs  04m45.9s/10m0s  4.00 iters/s

running (04m46.8s), 037/100 VUs, 750 complete and 0 interrupted iterations
normal_day   [  48% ] 037/100 VUs  04m46.9s/10m0s  4.00 iters/s

running (04m47.8s), 038/100 VUs, 753 complete and 0 interrupted iterations
normal_day   [  48% ] 038/100 VUs  04m47.9s/10m0s  4.00 iters/s

running (04m48.8s), 039/100 VUs, 756 complete and 0 interrupted iterations
normal_day   [  48% ] 039/100 VUs  04m48.9s/10m0s  4.00 iters/s

running (04m49.8s), 041/100 VUs, 758 complete and 0 interrupted iterations
normal_day   [  48% ] 041/100 VUs  04m49.9s/10m0s  4.00 iters/s

running (04m50.8s), 043/100 VUs, 760 complete and 0 interrupted iterations
normal_day   [  48% ] 043/100 VUs  04m50.9s/10m0s  4.00 iters/s

running (04m51.8s), 044/100 VUs, 763 complete and 0 interrupted iterations
normal_day   [  49% ] 044/100 VUs  04m51.9s/10m0s  4.00 iters/s

running (04m52.8s), 046/100 VUs, 765 complete and 0 interrupted iterations
normal_day   [  49% ] 046/100 VUs  04m52.9s/10m0s  4.00 iters/s

running (04m53.8s), 044/100 VUs, 771 complete and 0 interrupted iterations
normal_day   [  49% ] 044/100 VUs  04m53.9s/10m0s  4.00 iters/s

running (04m54.8s), 042/100 VUs, 777 complete and 0 interrupted iterations
normal_day   [  49% ] 042/100 VUs  04m54.9s/10m0s  4.00 iters/s

running (04m55.8s), 041/100 VUs, 782 complete and 0 interrupted iterations
normal_day   [  49% ] 041/100 VUs  04m55.9s/10m0s  4.00 iters/s

running (04m56.8s), 041/100 VUs, 786 complete and 0 interrupted iterations
normal_day   [  49% ] 041/100 VUs  04m56.9s/10m0s  4.00 iters/s

running (04m57.8s), 040/100 VUs, 791 complete and 0 interrupted iterations
normal_day   [  50% ] 040/100 VUs  04m57.9s/10m0s  4.00 iters/s

running (04m58.8s), 038/100 VUs, 797 complete and 0 interrupted iterations
normal_day   [  50% ] 038/100 VUs  04m58.9s/10m0s  4.00 iters/s

running (04m59.8s), 040/100 VUs, 799 complete and 0 interrupted iterations
normal_day   [  50% ] 040/100 VUs  04m59.9s/10m0s  4.00 iters/s

running (05m00.8s), 041/100 VUs, 802 complete and 0 interrupted iterations
normal_day   [  50% ] 041/100 VUs  05m00.9s/10m0s  4.00 iters/s

running (05m01.8s), 040/100 VUs, 807 complete and 0 interrupted iterations
normal_day   [  50% ] 040/100 VUs  05m01.9s/10m0s  4.00 iters/s

running (05m02.8s), 038/100 VUs, 813 complete and 0 interrupted iterations
normal_day   [  50% ] 038/100 VUs  05m02.9s/10m0s  4.00 iters/s

running (05m03.8s), 037/100 VUs, 818 complete and 0 interrupted iterations
normal_day   [  51% ] 037/100 VUs  05m03.9s/10m0s  4.00 iters/s

running (05m04.8s), 036/100 VUs, 823 complete and 0 interrupted iterations
normal_day   [  51% ] 036/100 VUs  05m04.9s/10m0s  4.00 iters/s

running (05m05.8s), 036/100 VUs, 827 complete and 0 interrupted iterations
normal_day   [  51% ] 036/100 VUs  05m05.9s/10m0s  4.00 iters/s

running (05m06.8s), 038/100 VUs, 829 complete and 0 interrupted iterations
normal_day   [  51% ] 038/100 VUs  05m06.9s/10m0s  4.00 iters/s

running (05m07.8s), 041/100 VUs, 830 complete and 0 interrupted iterations
normal_day   [  51% ] 041/100 VUs  05m07.9s/10m0s  4.00 iters/s

running (05m08.8s), 038/100 VUs, 837 complete and 0 interrupted iterations
normal_day   [  51% ] 038/100 VUs  05m08.9s/10m0s  4.00 iters/s

running (05m09.8s), 039/100 VUs, 840 complete and 0 interrupted iterations
normal_day   [  52% ] 039/100 VUs  05m09.9s/10m0s  4.00 iters/s

running (05m10.8s), 039/100 VUs, 844 complete and 0 interrupted iterations
normal_day   [  52% ] 039/100 VUs  05m10.9s/10m0s  4.00 iters/s

running (05m11.8s), 038/100 VUs, 849 complete and 0 interrupted iterations
normal_day   [  52% ] 038/100 VUs  05m11.9s/10m0s  4.00 iters/s

running (05m12.8s), 038/100 VUs, 853 complete and 0 interrupted iterations
normal_day   [  52% ] 038/100 VUs  05m12.9s/10m0s  4.00 iters/s

running (05m13.8s), 040/100 VUs, 855 complete and 0 interrupted iterations
normal_day   [  52% ] 040/100 VUs  05m13.9s/10m0s  4.00 iters/s

running (05m14.8s), 041/100 VUs, 858 complete and 0 interrupted iterations
normal_day   [  52% ] 041/100 VUs  05m14.9s/10m0s  4.00 iters/s

running (05m15.8s), 033/100 VUs, 870 complete and 0 interrupted iterations
normal_day   [  53% ] 033/100 VUs  05m15.9s/10m0s  4.00 iters/s

running (05m16.8s), 035/100 VUs, 872 complete and 0 interrupted iterations
normal_day   [  53% ] 035/100 VUs  05m16.9s/10m0s  4.00 iters/s

running (05m17.8s), 036/100 VUs, 875 complete and 0 interrupted iterations
normal_day   [  53% ] 036/100 VUs  05m17.9s/10m0s  4.00 iters/s

running (05m18.8s), 032/100 VUs, 883 complete and 0 interrupted iterations
normal_day   [  53% ] 032/100 VUs  05m18.9s/10m0s  4.00 iters/s

running (05m19.8s), 034/100 VUs, 885 complete and 0 interrupted iterations
normal_day   [  53% ] 034/100 VUs  05m19.9s/10m0s  4.00 iters/s

running (05m20.8s), 036/100 VUs, 887 complete and 0 interrupted iterations
normal_day   [  53% ] 036/100 VUs  05m20.9s/10m0s  4.00 iters/s

running (05m21.8s), 034/100 VUs, 893 complete and 0 interrupted iterations
normal_day   [  54% ] 034/100 VUs  05m21.9s/10m0s  4.00 iters/s

running (05m22.8s), 036/100 VUs, 895 complete and 0 interrupted iterations
normal_day   [  54% ] 036/100 VUs  05m22.9s/10m0s  4.00 iters/s

running (05m23.8s), 037/100 VUs, 898 complete and 0 interrupted iterations
normal_day   [  54% ] 037/100 VUs  05m23.9s/10m0s  4.00 iters/s

running (05m24.8s), 035/100 VUs, 904 complete and 0 interrupted iterations
normal_day   [  54% ] 035/100 VUs  05m24.9s/10m0s  4.00 iters/s

running (05m25.8s), 038/100 VUs, 905 complete and 0 interrupted iterations
normal_day   [  54% ] 038/100 VUs  05m25.9s/10m0s  4.00 iters/s

running (05m26.8s), 039/100 VUs, 908 complete and 0 interrupted iterations
normal_day   [  54% ] 039/100 VUs  05m26.9s/10m0s  4.00 iters/s

running (05m27.8s), 039/100 VUs, 912 complete and 0 interrupted iterations
normal_day   [  55% ] 039/100 VUs  05m27.9s/10m0s  4.00 iters/s

running (05m28.8s), 040/100 VUs, 915 complete and 0 interrupted iterations
normal_day   [  55% ] 040/100 VUs  05m28.9s/10m0s  4.00 iters/s

running (05m29.8s), 038/100 VUs, 921 complete and 0 interrupted iterations
normal_day   [  55% ] 038/100 VUs  05m29.9s/10m0s  4.00 iters/s

running (05m30.8s), 037/100 VUs, 926 complete and 0 interrupted iterations
normal_day   [  55% ] 037/100 VUs  05m30.9s/10m0s  4.00 iters/s

running (05m31.8s), 035/100 VUs, 932 complete and 0 interrupted iterations
normal_day   [  55% ] 035/100 VUs  05m31.9s/10m0s  4.00 iters/s

running (05m32.8s), 036/100 VUs, 935 complete and 0 interrupted iterations
normal_day   [  55% ] 036/100 VUs  05m32.9s/10m0s  4.00 iters/s

running (05m33.8s), 036/100 VUs, 939 complete and 0 interrupted iterations
normal_day   [  56% ] 036/100 VUs  05m33.9s/10m0s  4.00 iters/s

running (05m34.8s), 035/100 VUs, 944 complete and 0 interrupted iterations
normal_day   [  56% ] 035/100 VUs  05m34.9s/10m0s  4.00 iters/s

running (05m35.8s), 038/100 VUs, 945 complete and 0 interrupted iterations
normal_day   [  56% ] 038/100 VUs  05m35.9s/10m0s  4.00 iters/s

running (05m36.8s), 036/100 VUs, 951 complete and 0 interrupted iterations
normal_day   [  56% ] 036/100 VUs  05m36.9s/10m0s  4.00 iters/s

running (05m37.8s), 039/100 VUs, 952 complete and 0 interrupted iterations
normal_day   [  56% ] 039/100 VUs  05m37.9s/10m0s  4.00 iters/s

running (05m38.8s), 035/100 VUs, 960 complete and 0 interrupted iterations
normal_day   [  56% ] 035/100 VUs  05m38.9s/10m0s  4.00 iters/s

running (05m39.8s), 035/100 VUs, 964 complete and 0 interrupted iterations
normal_day   [  57% ] 035/100 VUs  05m39.9s/10m0s  4.00 iters/s

running (05m40.8s), 034/100 VUs, 969 complete and 0 interrupted iterations
normal_day   [  57% ] 034/100 VUs  05m40.9s/10m0s  4.00 iters/s

running (05m41.8s), 035/100 VUs, 972 complete and 0 interrupted iterations
normal_day   [  57% ] 035/100 VUs  05m41.9s/10m0s  4.00 iters/s

running (05m42.8s), 035/100 VUs, 976 complete and 0 interrupted iterations
normal_day   [  57% ] 035/100 VUs  05m42.9s/10m0s  4.00 iters/s

running (05m43.8s), 033/100 VUs, 982 complete and 0 interrupted iterations
normal_day   [  57% ] 033/100 VUs  05m43.9s/10m0s  4.00 iters/s

running (05m44.8s), 033/100 VUs, 986 complete and 0 interrupted iterations
normal_day   [  57% ] 033/100 VUs  05m44.9s/10m0s  4.00 iters/s

running (05m45.8s), 035/100 VUs, 988 complete and 0 interrupted iterations
normal_day   [  58% ] 035/100 VUs  05m45.9s/10m0s  4.00 iters/s

running (05m46.8s), 036/100 VUs, 991 complete and 0 interrupted iterations
normal_day   [  58% ] 036/100 VUs  05m46.9s/10m0s  4.00 iters/s

running (05m47.8s), 035/100 VUs, 996 complete and 0 interrupted iterations
normal_day   [  58% ] 035/100 VUs  05m47.9s/10m0s  4.00 iters/s

running (05m48.8s), 034/100 VUs, 1001 complete and 0 interrupted iterations
normal_day   [  58% ] 034/100 VUs  05m48.9s/10m0s  4.00 iters/s

running (05m49.8s), 035/100 VUs, 1004 complete and 0 interrupted iterations
normal_day   [  58% ] 035/100 VUs  05m49.9s/10m0s  4.00 iters/s

running (05m50.8s), 034/100 VUs, 1009 complete and 0 interrupted iterations
normal_day   [  58% ] 034/100 VUs  05m50.9s/10m0s  4.00 iters/s

running (05m51.8s), 036/100 VUs, 1011 complete and 0 interrupted iterations
normal_day   [  59% ] 036/100 VUs  05m51.9s/10m0s  4.00 iters/s

running (05m52.8s), 038/100 VUs, 1013 complete and 0 interrupted iterations
normal_day   [  59% ] 038/100 VUs  05m52.9s/10m0s  4.00 iters/s

running (05m53.8s), 039/100 VUs, 1016 complete and 0 interrupted iterations
normal_day   [  59% ] 039/100 VUs  05m53.9s/10m0s  4.00 iters/s

running (05m54.8s), 040/100 VUs, 1019 complete and 0 interrupted iterations
normal_day   [  59% ] 040/100 VUs  05m54.9s/10m0s  4.00 iters/s

running (05m55.8s), 040/100 VUs, 1023 complete and 0 interrupted iterations
normal_day   [  59% ] 040/100 VUs  05m55.9s/10m0s  4.00 iters/s

running (05m56.8s), 041/100 VUs, 1026 complete and 0 interrupted iterations
normal_day   [  59% ] 041/100 VUs  05m56.9s/10m0s  4.00 iters/s

running (05m57.8s), 040/100 VUs, 1031 complete and 0 interrupted iterations
normal_day   [  60% ] 040/100 VUs  05m57.9s/10m0s  4.00 iters/s

running (05m58.8s), 040/100 VUs, 1035 complete and 0 interrupted iterations
normal_day   [  60% ] 040/100 VUs  05m58.9s/10m0s  4.00 iters/s

running (05m59.8s), 041/100 VUs, 1038 complete and 0 interrupted iterations
normal_day   [  60% ] 041/100 VUs  05m59.9s/10m0s  4.00 iters/s

running (06m00.8s), 040/100 VUs, 1043 complete and 0 interrupted iterations
normal_day   [  60% ] 040/100 VUs  06m00.9s/10m0s  4.00 iters/s

running (06m01.8s), 041/100 VUs, 1046 complete and 0 interrupted iterations
normal_day   [  60% ] 041/100 VUs  06m01.9s/10m0s  4.00 iters/s

running (06m02.8s), 042/100 VUs, 1049 complete and 0 interrupted iterations
normal_day   [  60% ] 042/100 VUs  06m02.9s/10m0s  4.00 iters/s

running (06m03.8s), 045/100 VUs, 1050 complete and 0 interrupted iterations
normal_day   [  61% ] 045/100 VUs  06m03.9s/10m0s  4.00 iters/s

running (06m04.8s), 048/100 VUs, 1051 complete and 0 interrupted iterations
normal_day   [  61% ] 048/100 VUs  06m04.9s/10m0s  4.00 iters/s

running (06m05.8s), 048/100 VUs, 1055 complete and 0 interrupted iterations
normal_day   [  61% ] 048/100 VUs  06m05.9s/10m0s  4.00 iters/s

running (06m06.8s), 050/100 VUs, 1057 complete and 0 interrupted iterations
normal_day   [  61% ] 050/100 VUs  06m06.9s/10m0s  4.00 iters/s

running (06m07.8s), 052/100 VUs, 1059 complete and 0 interrupted iterations
normal_day   [  61% ] 052/100 VUs  06m07.9s/10m0s  4.00 iters/s

running (06m08.8s), 054/100 VUs, 1061 complete and 0 interrupted iterations
normal_day   [  61% ] 054/100 VUs  06m08.9s/10m0s  4.00 iters/s

running (06m09.8s), 053/100 VUs, 1066 complete and 0 interrupted iterations
normal_day   [  62% ] 053/100 VUs  06m09.9s/10m0s  4.00 iters/s

running (06m10.8s), 048/100 VUs, 1075 complete and 0 interrupted iterations
normal_day   [  62% ] 048/100 VUs  06m10.9s/10m0s  4.00 iters/s

running (06m11.8s), 045/100 VUs, 1082 complete and 0 interrupted iterations
normal_day   [  62% ] 045/100 VUs  06m11.9s/10m0s  4.00 iters/s

running (06m12.8s), 043/100 VUs, 1088 complete and 0 interrupted iterations
normal_day   [  62% ] 043/100 VUs  06m12.9s/10m0s  4.00 iters/s

running (06m13.8s), 043/100 VUs, 1092 complete and 0 interrupted iterations
normal_day   [  62% ] 043/100 VUs  06m13.9s/10m0s  4.00 iters/s

running (06m14.8s), 042/100 VUs, 1097 complete and 0 interrupted iterations
normal_day   [  62% ] 042/100 VUs  06m14.9s/10m0s  4.00 iters/s

running (06m15.8s), 042/100 VUs, 1101 complete and 0 interrupted iterations
normal_day   [  63% ] 042/100 VUs  06m15.9s/10m0s  4.00 iters/s

running (06m16.8s), 037/100 VUs, 1110 complete and 0 interrupted iterations
normal_day   [  63% ] 037/100 VUs  06m16.9s/10m0s  4.00 iters/s

running (06m17.8s), 040/100 VUs, 1111 complete and 0 interrupted iterations
normal_day   [  63% ] 040/100 VUs  06m17.9s/10m0s  4.00 iters/s

running (06m18.8s), 038/100 VUs, 1117 complete and 0 interrupted iterations
normal_day   [  63% ] 038/100 VUs  06m18.9s/10m0s  4.00 iters/s

running (06m19.8s), 035/100 VUs, 1124 complete and 0 interrupted iterations
normal_day   [  63% ] 035/100 VUs  06m19.9s/10m0s  4.00 iters/s

running (06m20.8s), 036/100 VUs, 1127 complete and 0 interrupted iterations
normal_day   [  63% ] 036/100 VUs  06m20.9s/10m0s  4.00 iters/s

running (06m21.8s), 036/100 VUs, 1131 complete and 0 interrupted iterations
normal_day   [  64% ] 036/100 VUs  06m21.9s/10m0s  4.00 iters/s

running (06m22.8s), 036/100 VUs, 1135 complete and 0 interrupted iterations
normal_day   [  64% ] 036/100 VUs  06m22.9s/10m0s  4.00 iters/s

running (06m23.8s), 035/100 VUs, 1140 complete and 0 interrupted iterations
normal_day   [  64% ] 035/100 VUs  06m23.9s/10m0s  4.00 iters/s

running (06m24.8s), 038/100 VUs, 1141 complete and 0 interrupted iterations
normal_day   [  64% ] 038/100 VUs  06m24.9s/10m0s  4.00 iters/s

running (06m25.8s), 038/100 VUs, 1145 complete and 0 interrupted iterations
normal_day   [  64% ] 038/100 VUs  06m25.9s/10m0s  4.00 iters/s

running (06m26.8s), 035/100 VUs, 1152 complete and 0 interrupted iterations
normal_day   [  64% ] 035/100 VUs  06m26.9s/10m0s  4.00 iters/s

running (06m27.8s), 035/100 VUs, 1156 complete and 0 interrupted iterations
normal_day   [  65% ] 035/100 VUs  06m27.9s/10m0s  4.00 iters/s

running (06m28.8s), 033/100 VUs, 1162 complete and 0 interrupted iterations
normal_day   [  65% ] 033/100 VUs  06m28.9s/10m0s  4.00 iters/s

running (06m29.8s), 036/100 VUs, 1163 complete and 0 interrupted iterations
normal_day   [  65% ] 036/100 VUs  06m29.9s/10m0s  4.00 iters/s

running (06m30.8s), 036/100 VUs, 1167 complete and 0 interrupted iterations
normal_day   [  65% ] 036/100 VUs  06m30.9s/10m0s  4.00 iters/s

running (06m31.8s), 035/100 VUs, 1172 complete and 0 interrupted iterations
normal_day   [  65% ] 035/100 VUs  06m31.9s/10m0s  4.00 iters/s

running (06m32.8s), 037/100 VUs, 1174 complete and 0 interrupted iterations
normal_day   [  65% ] 037/100 VUs  06m32.9s/10m0s  4.00 iters/s

running (06m33.8s), 039/100 VUs, 1176 complete and 0 interrupted iterations
normal_day   [  66% ] 039/100 VUs  06m33.9s/10m0s  4.00 iters/s

running (06m34.8s), 041/100 VUs, 1178 complete and 0 interrupted iterations
normal_day   [  66% ] 041/100 VUs  06m34.9s/10m0s  4.00 iters/s

running (06m35.8s), 039/100 VUs, 1184 complete and 0 interrupted iterations
normal_day   [  66% ] 039/100 VUs  06m35.9s/10m0s  4.00 iters/s

running (06m36.8s), 041/100 VUs, 1186 complete and 0 interrupted iterations
normal_day   [  66% ] 041/100 VUs  06m36.9s/10m0s  4.00 iters/s

running (06m37.8s), 042/100 VUs, 1189 complete and 0 interrupted iterations
normal_day   [  66% ] 042/100 VUs  06m37.9s/10m0s  4.00 iters/s

running (06m38.8s), 044/100 VUs, 1191 complete and 0 interrupted iterations
normal_day   [  66% ] 044/100 VUs  06m38.9s/10m0s  4.00 iters/s

running (06m39.8s), 044/100 VUs, 1195 complete and 0 interrupted iterations
normal_day   [  67% ] 044/100 VUs  06m39.9s/10m0s  4.00 iters/s

running (06m40.8s), 041/100 VUs, 1202 complete and 0 interrupted iterations
normal_day   [  67% ] 041/100 VUs  06m40.9s/10m0s  4.00 iters/s

running (06m41.8s), 043/100 VUs, 1204 complete and 0 interrupted iterations
normal_day   [  67% ] 043/100 VUs  06m41.9s/10m0s  4.00 iters/s

running (06m42.8s), 042/100 VUs, 1209 complete and 0 interrupted iterations
normal_day   [  67% ] 042/100 VUs  06m42.9s/10m0s  4.00 iters/s

running (06m43.8s), 043/100 VUs, 1212 complete and 0 interrupted iterations
normal_day   [  67% ] 043/100 VUs  06m43.9s/10m0s  4.00 iters/s

running (06m44.8s), 043/100 VUs, 1216 complete and 0 interrupted iterations
normal_day   [  67% ] 043/100 VUs  06m44.9s/10m0s  4.00 iters/s

running (06m45.8s), 044/100 VUs, 1219 complete and 0 interrupted iterations
normal_day   [  68% ] 044/100 VUs  06m45.9s/10m0s  4.00 iters/s

running (06m46.8s), 044/100 VUs, 1223 complete and 0 interrupted iterations
normal_day   [  68% ] 044/100 VUs  06m46.9s/10m0s  4.00 iters/s

running (06m47.8s), 047/100 VUs, 1224 complete and 0 interrupted iterations
normal_day   [  68% ] 047/100 VUs  06m47.9s/10m0s  4.00 iters/s

running (06m48.8s), 046/100 VUs, 1229 complete and 0 interrupted iterations
normal_day   [  68% ] 046/100 VUs  06m48.9s/10m0s  4.00 iters/s

running (06m49.8s), 045/100 VUs, 1234 complete and 0 interrupted iterations
normal_day   [  68% ] 045/100 VUs  06m49.9s/10m0s  4.00 iters/s

running (06m50.8s), 044/100 VUs, 1239 complete and 0 interrupted iterations
normal_day   [  68% ] 044/100 VUs  06m50.9s/10m0s  4.00 iters/s

running (06m51.8s), 043/100 VUs, 1244 complete and 0 interrupted iterations
normal_day   [  69% ] 043/100 VUs  06m51.9s/10m0s  4.00 iters/s

running (06m52.8s), 043/100 VUs, 1248 complete and 0 interrupted iterations
normal_day   [  69% ] 043/100 VUs  06m52.9s/10m0s  4.00 iters/s

running (06m53.8s), 040/100 VUs, 1255 complete and 0 interrupted iterations
normal_day   [  69% ] 040/100 VUs  06m53.9s/10m0s  4.00 iters/s

running (06m54.8s), 040/100 VUs, 1259 complete and 0 interrupted iterations
normal_day   [  69% ] 040/100 VUs  06m54.9s/10m0s  4.00 iters/s

running (06m55.8s), 044/100 VUs, 1259 complete and 0 interrupted iterations
normal_day   [  69% ] 044/100 VUs  06m55.9s/10m0s  4.00 iters/s

running (06m56.8s), 042/100 VUs, 1265 complete and 0 interrupted iterations
normal_day   [  69% ] 042/100 VUs  06m56.9s/10m0s  4.00 iters/s

running (06m57.8s), 043/100 VUs, 1268 complete and 0 interrupted iterations
normal_day   [  70% ] 043/100 VUs  06m57.9s/10m0s  4.00 iters/s

running (06m58.8s), 042/100 VUs, 1273 complete and 0 interrupted iterations
normal_day   [  70% ] 042/100 VUs  06m58.9s/10m0s  4.00 iters/s

running (06m59.8s), 042/100 VUs, 1277 complete and 0 interrupted iterations
normal_day   [  70% ] 042/100 VUs  06m59.9s/10m0s  4.00 iters/s

running (07m00.8s), 042/100 VUs, 1281 complete and 0 interrupted iterations
normal_day   [  70% ] 042/100 VUs  07m00.9s/10m0s  4.00 iters/s

running (07m01.8s), 042/100 VUs, 1285 complete and 0 interrupted iterations
normal_day   [  70% ] 042/100 VUs  07m01.9s/10m0s  4.00 iters/s

running (07m02.8s), 038/100 VUs, 1293 complete and 0 interrupted iterations
normal_day   [  70% ] 038/100 VUs  07m02.9s/10m0s  4.00 iters/s

running (07m03.8s), 039/100 VUs, 1296 complete and 0 interrupted iterations
normal_day   [  71% ] 039/100 VUs  07m03.9s/10m0s  4.00 iters/s

running (07m04.8s), 035/100 VUs, 1304 complete and 0 interrupted iterations
normal_day   [  71% ] 035/100 VUs  07m04.9s/10m0s  4.00 iters/s

running (07m05.8s), 036/100 VUs, 1307 complete and 0 interrupted iterations
normal_day   [  71% ] 036/100 VUs  07m05.9s/10m0s  4.00 iters/s

running (07m06.8s), 037/100 VUs, 1310 complete and 0 interrupted iterations
normal_day   [  71% ] 037/100 VUs  07m06.9s/10m0s  4.00 iters/s

running (07m07.8s), 038/100 VUs, 1313 complete and 0 interrupted iterations
normal_day   [  71% ] 038/100 VUs  07m07.9s/10m0s  4.00 iters/s

running (07m08.8s), 040/100 VUs, 1315 complete and 0 interrupted iterations
normal_day   [  71% ] 040/100 VUs  07m08.9s/10m0s  4.00 iters/s

running (07m09.8s), 039/100 VUs, 1320 complete and 0 interrupted iterations
normal_day   [  72% ] 039/100 VUs  07m09.9s/10m0s  4.00 iters/s

running (07m10.8s), 038/100 VUs, 1325 complete and 0 interrupted iterations
normal_day   [  72% ] 038/100 VUs  07m10.9s/10m0s  4.00 iters/s

running (07m11.8s), 039/100 VUs, 1328 complete and 0 interrupted iterations
normal_day   [  72% ] 039/100 VUs  07m11.9s/10m0s  4.00 iters/s

running (07m12.8s), 040/100 VUs, 1331 complete and 0 interrupted iterations
normal_day   [  72% ] 040/100 VUs  07m12.9s/10m0s  4.00 iters/s

running (07m13.8s), 040/100 VUs, 1335 complete and 0 interrupted iterations
normal_day   [  72% ] 040/100 VUs  07m13.9s/10m0s  4.00 iters/s

running (07m14.8s), 040/100 VUs, 1339 complete and 0 interrupted iterations
normal_day   [  72% ] 040/100 VUs  07m14.9s/10m0s  4.00 iters/s

running (07m15.8s), 043/100 VUs, 1340 complete and 0 interrupted iterations
normal_day   [  73% ] 043/100 VUs  07m15.9s/10m0s  4.00 iters/s

running (07m16.8s), 042/100 VUs, 1345 complete and 0 interrupted iterations
normal_day   [  73% ] 042/100 VUs  07m16.9s/10m0s  4.00 iters/s

running (07m17.8s), 042/100 VUs, 1349 complete and 0 interrupted iterations
normal_day   [  73% ] 042/100 VUs  07m17.9s/10m0s  4.00 iters/s

running (07m18.8s), 040/100 VUs, 1355 complete and 0 interrupted iterations
normal_day   [  73% ] 040/100 VUs  07m18.9s/10m0s  4.00 iters/s

running (07m19.8s), 042/100 VUs, 1357 complete and 0 interrupted iterations
normal_day   [  73% ] 042/100 VUs  07m19.9s/10m0s  4.00 iters/s

running (07m20.8s), 044/100 VUs, 1359 complete and 0 interrupted iterations
normal_day   [  73% ] 044/100 VUs  07m20.9s/10m0s  4.00 iters/s

running (07m21.8s), 042/100 VUs, 1365 complete and 0 interrupted iterations
normal_day   [  74% ] 042/100 VUs  07m21.9s/10m0s  4.00 iters/s

running (07m22.8s), 043/100 VUs, 1368 complete and 0 interrupted iterations
normal_day   [  74% ] 043/100 VUs  07m22.9s/10m0s  4.00 iters/s

running (07m23.8s), 046/100 VUs, 1369 complete and 0 interrupted iterations
normal_day   [  74% ] 046/100 VUs  07m23.9s/10m0s  4.00 iters/s

running (07m24.8s), 048/100 VUs, 1371 complete and 0 interrupted iterations
normal_day   [  74% ] 048/100 VUs  07m24.9s/10m0s  4.00 iters/s

running (07m25.8s), 047/100 VUs, 1376 complete and 0 interrupted iterations
normal_day   [  74% ] 047/100 VUs  07m25.9s/10m0s  4.00 iters/s

running (07m26.8s), 048/100 VUs, 1379 complete and 0 interrupted iterations
normal_day   [  74% ] 048/100 VUs  07m26.9s/10m0s  4.00 iters/s

running (07m27.8s), 045/100 VUs, 1386 complete and 0 interrupted iterations
normal_day   [  75% ] 045/100 VUs  07m27.9s/10m0s  4.00 iters/s

running (07m28.8s), 042/100 VUs, 1393 complete and 0 interrupted iterations
normal_day   [  75% ] 042/100 VUs  07m28.9s/10m0s  4.00 iters/s

running (07m29.8s), 042/100 VUs, 1397 complete and 0 interrupted iterations
normal_day   [  75% ] 042/100 VUs  07m29.9s/10m0s  4.00 iters/s

running (07m30.8s), 043/100 VUs, 1400 complete and 0 interrupted iterations
normal_day   [  75% ] 043/100 VUs  07m30.9s/10m0s  4.00 iters/s

running (07m31.8s), 044/100 VUs, 1403 complete and 0 interrupted iterations
normal_day   [  75% ] 044/100 VUs  07m31.9s/10m0s  4.00 iters/s

running (07m32.8s), 044/100 VUs, 1407 complete and 0 interrupted iterations
normal_day   [  75% ] 044/100 VUs  07m32.9s/10m0s  4.00 iters/s

running (07m33.8s), 045/100 VUs, 1410 complete and 0 interrupted iterations
normal_day   [  76% ] 045/100 VUs  07m33.9s/10m0s  4.00 iters/s

running (07m34.8s), 044/100 VUs, 1415 complete and 0 interrupted iterations
normal_day   [  76% ] 044/100 VUs  07m34.9s/10m0s  4.00 iters/s

running (07m35.8s), 043/100 VUs, 1420 complete and 0 interrupted iterations
normal_day   [  76% ] 043/100 VUs  07m35.9s/10m0s  4.00 iters/s

running (07m36.8s), 041/100 VUs, 1426 complete and 0 interrupted iterations
normal_day   [  76% ] 041/100 VUs  07m36.9s/10m0s  4.00 iters/s

running (07m37.8s), 040/100 VUs, 1431 complete and 0 interrupted iterations
normal_day   [  76% ] 040/100 VUs  07m37.9s/10m0s  4.00 iters/s

running (07m38.8s), 041/100 VUs, 1434 complete and 0 interrupted iterations
normal_day   [  76% ] 041/100 VUs  07m38.9s/10m0s  4.00 iters/s

running (07m39.8s), 039/100 VUs, 1440 complete and 0 interrupted iterations
normal_day   [  77% ] 039/100 VUs  07m39.9s/10m0s  4.00 iters/s

running (07m40.8s), 041/100 VUs, 1442 complete and 0 interrupted iterations
normal_day   [  77% ] 041/100 VUs  07m40.9s/10m0s  4.00 iters/s

running (07m41.8s), 043/100 VUs, 1444 complete and 0 interrupted iterations
normal_day   [  77% ] 043/100 VUs  07m41.9s/10m0s  4.00 iters/s

running (07m42.8s), 039/100 VUs, 1452 complete and 0 interrupted iterations
normal_day   [  77% ] 039/100 VUs  07m42.9s/10m0s  4.00 iters/s

running (07m43.8s), 040/100 VUs, 1455 complete and 0 interrupted iterations
normal_day   [  77% ] 040/100 VUs  07m43.9s/10m0s  4.00 iters/s

running (07m44.8s), 042/100 VUs, 1457 complete and 0 interrupted iterations
normal_day   [  77% ] 042/100 VUs  07m44.9s/10m0s  4.00 iters/s

running (07m45.8s), 042/100 VUs, 1461 complete and 0 interrupted iterations
normal_day   [  78% ] 042/100 VUs  07m45.9s/10m0s  4.00 iters/s

running (07m46.8s), 045/100 VUs, 1462 complete and 0 interrupted iterations
normal_day   [  78% ] 045/100 VUs  07m46.9s/10m0s  4.00 iters/s

running (07m47.8s), 045/100 VUs, 1466 complete and 0 interrupted iterations
normal_day   [  78% ] 045/100 VUs  07m47.9s/10m0s  4.00 iters/s

running (07m48.8s), 048/100 VUs, 1467 complete and 0 interrupted iterations
normal_day   [  78% ] 048/100 VUs  07m48.9s/10m0s  4.00 iters/s

running (07m49.8s), 048/100 VUs, 1471 complete and 0 interrupted iterations
normal_day   [  78% ] 048/100 VUs  07m49.9s/10m0s  4.00 iters/s

running (07m50.8s), 049/100 VUs, 1474 complete and 0 interrupted iterations
normal_day   [  78% ] 049/100 VUs  07m50.9s/10m0s  4.00 iters/s

running (07m51.8s), 048/100 VUs, 1479 complete and 0 interrupted iterations
normal_day   [  79% ] 048/100 VUs  07m51.9s/10m0s  4.00 iters/s

running (07m52.8s), 046/100 VUs, 1485 complete and 0 interrupted iterations
normal_day   [  79% ] 046/100 VUs  07m52.9s/10m0s  4.00 iters/s

running (07m53.8s), 044/100 VUs, 1491 complete and 0 interrupted iterations
normal_day   [  79% ] 044/100 VUs  07m53.9s/10m0s  4.00 iters/s

running (07m54.8s), 042/100 VUs, 1497 complete and 0 interrupted iterations
normal_day   [  79% ] 042/100 VUs  07m54.9s/10m0s  4.00 iters/s

running (07m55.8s), 041/100 VUs, 1502 complete and 0 interrupted iterations
normal_day   [  79% ] 041/100 VUs  07m55.9s/10m0s  4.00 iters/s

running (07m56.8s), 039/100 VUs, 1508 complete and 0 interrupted iterations
normal_day   [  79% ] 039/100 VUs  07m56.9s/10m0s  4.00 iters/s

running (07m57.8s), 038/100 VUs, 1513 complete and 0 interrupted iterations
normal_day   [  80% ] 038/100 VUs  07m57.9s/10m0s  4.00 iters/s

running (07m58.8s), 038/100 VUs, 1517 complete and 0 interrupted iterations
normal_day   [  80% ] 038/100 VUs  07m58.9s/10m0s  4.00 iters/s

running (07m59.8s), 042/100 VUs, 1517 complete and 0 interrupted iterations
normal_day   [  80% ] 042/100 VUs  07m59.9s/10m0s  4.00 iters/s

running (08m00.8s), 043/100 VUs, 1520 complete and 0 interrupted iterations
normal_day   [  80% ] 043/100 VUs  08m00.9s/10m0s  3.97 iters/s

running (08m01.8s), 042/100 VUs, 1525 complete and 0 interrupted iterations
normal_day   [  80% ] 042/100 VUs  08m01.9s/10m0s  3.94 iters/s

running (08m02.8s), 038/100 VUs, 1533 complete and 0 interrupted iterations
normal_day   [  80% ] 038/100 VUs  08m02.9s/10m0s  3.90 iters/s

running (08m03.8s), 040/100 VUs, 1535 complete and 0 interrupted iterations
normal_day   [  81% ] 040/100 VUs  08m03.9s/10m0s  3.87 iters/s

running (08m04.8s), 044/100 VUs, 1535 complete and 0 interrupted iterations
normal_day   [  81% ] 044/100 VUs  08m04.9s/10m0s  3.83 iters/s

running (08m05.8s), 041/100 VUs, 1541 complete and 0 interrupted iterations
normal_day   [  81% ] 041/100 VUs  08m05.9s/10m0s  3.81 iters/s

running (08m06.8s), 042/100 VUs, 1544 complete and 0 interrupted iterations
normal_day   [  81% ] 042/100 VUs  08m06.9s/10m0s  3.77 iters/s

running (08m07.8s), 044/100 VUs, 1546 complete and 0 interrupted iterations
normal_day   [  81% ] 044/100 VUs  08m07.9s/10m0s  3.74 iters/s

running (08m08.8s), 042/100 VUs, 1552 complete and 0 interrupted iterations
normal_day   [  81% ] 042/100 VUs  08m08.9s/10m0s  3.70 iters/s

running (08m09.8s), 041/100 VUs, 1556 complete and 0 interrupted iterations
normal_day   [  82% ] 041/100 VUs  08m09.9s/10m0s  3.67 iters/s

running (08m10.8s), 042/100 VUs, 1559 complete and 0 interrupted iterations
normal_day   [  82% ] 042/100 VUs  08m10.9s/10m0s  3.64 iters/s

running (08m11.8s), 044/100 VUs, 1561 complete and 0 interrupted iterations
normal_day   [  82% ] 044/100 VUs  08m11.9s/10m0s  3.60 iters/s

running (08m12.8s), 042/100 VUs, 1566 complete and 0 interrupted iterations
normal_day   [  82% ] 042/100 VUs  08m12.9s/10m0s  3.57 iters/s

running (08m13.8s), 043/100 VUs, 1569 complete and 0 interrupted iterations
normal_day   [  82% ] 043/100 VUs  08m13.9s/10m0s  3.54 iters/s

running (08m14.8s), 041/100 VUs, 1574 complete and 0 interrupted iterations
normal_day   [  82% ] 041/100 VUs  08m14.9s/10m0s  3.51 iters/s

running (08m15.8s), 040/100 VUs, 1579 complete and 0 interrupted iterations
normal_day   [  83% ] 040/100 VUs  08m15.9s/10m0s  3.47 iters/s

running (08m16.8s), 038/100 VUs, 1584 complete and 0 interrupted iterations
normal_day   [  83% ] 038/100 VUs  08m16.9s/10m0s  3.44 iters/s

running (08m17.8s), 035/100 VUs, 1591 complete and 0 interrupted iterations
normal_day   [  83% ] 035/100 VUs  08m17.9s/10m0s  3.40 iters/s

running (08m18.8s), 034/100 VUs, 1595 complete and 0 interrupted iterations
normal_day   [  83% ] 034/100 VUs  08m18.9s/10m0s  3.37 iters/s

running (08m19.8s), 034/100 VUs, 1598 complete and 0 interrupted iterations
normal_day   [  83% ] 034/100 VUs  08m19.9s/10m0s  3.34 iters/s

running (08m20.8s), 034/100 VUs, 1602 complete and 0 interrupted iterations
normal_day   [  83% ] 034/100 VUs  08m20.9s/10m0s  3.30 iters/s

running (08m21.8s), 031/100 VUs, 1608 complete and 0 interrupted iterations
normal_day   [  84% ] 031/100 VUs  08m21.9s/10m0s  3.27 iters/s

running (08m22.8s), 032/100 VUs, 1610 complete and 0 interrupted iterations
normal_day   [  84% ] 032/100 VUs  08m22.9s/10m0s  3.24 iters/s

running (08m23.8s), 032/100 VUs, 1613 complete and 0 interrupted iterations
normal_day   [  84% ] 032/100 VUs  08m23.9s/10m0s  3.21 iters/s

running (08m24.8s), 033/100 VUs, 1616 complete and 0 interrupted iterations
normal_day   [  84% ] 033/100 VUs  08m24.9s/10m0s  3.17 iters/s

running (08m25.8s), 032/100 VUs, 1620 complete and 0 interrupted iterations
normal_day   [  84% ] 032/100 VUs  08m25.9s/10m0s  3.14 iters/s

running (08m26.8s), 033/100 VUs, 1622 complete and 0 interrupted iterations
normal_day   [  84% ] 033/100 VUs  08m26.9s/10m0s  3.10 iters/s

running (08m27.8s), 033/100 VUs, 1625 complete and 0 interrupted iterations
normal_day   [  85% ] 033/100 VUs  08m27.9s/10m0s  3.07 iters/s

running (08m28.8s), 033/100 VUs, 1628 complete and 0 interrupted iterations
normal_day   [  85% ] 033/100 VUs  08m28.9s/10m0s  3.04 iters/s

running (08m29.8s), 035/100 VUs, 1629 complete and 0 interrupted iterations
normal_day   [  85% ] 035/100 VUs  08m29.9s/10m0s  3.01 iters/s

running (08m30.8s), 036/100 VUs, 1631 complete and 0 interrupted iterations
normal_day   [  85% ] 036/100 VUs  08m30.9s/10m0s  2.97 iters/s

running (08m31.8s), 035/100 VUs, 1635 complete and 0 interrupted iterations
normal_day   [  85% ] 035/100 VUs  08m31.9s/10m0s  2.94 iters/s

running (08m32.8s), 034/100 VUs, 1639 complete and 0 interrupted iterations
normal_day   [  85% ] 034/100 VUs  08m32.9s/10m0s  2.90 iters/s

running (08m33.8s), 034/100 VUs, 1642 complete and 0 interrupted iterations
normal_day   [  86% ] 034/100 VUs  08m33.9s/10m0s  2.87 iters/s

running (08m34.8s), 032/100 VUs, 1647 complete and 0 interrupted iterations
normal_day   [  86% ] 032/100 VUs  08m34.9s/10m0s  2.83 iters/s

running (08m35.8s), 030/100 VUs, 1651 complete and 0 interrupted iterations
normal_day   [  86% ] 030/100 VUs  08m35.9s/10m0s  2.81 iters/s

running (08m36.8s), 030/100 VUs, 1654 complete and 0 interrupted iterations
normal_day   [  86% ] 030/100 VUs  08m36.9s/10m0s  2.77 iters/s

running (08m37.8s), 031/100 VUs, 1656 complete and 0 interrupted iterations
normal_day   [  86% ] 031/100 VUs  08m37.9s/10m0s  2.74 iters/s

running (08m38.8s), 031/100 VUs, 1659 complete and 0 interrupted iterations
normal_day   [  86% ] 031/100 VUs  08m38.9s/10m0s  2.70 iters/s

running (08m39.8s), 031/100 VUs, 1661 complete and 0 interrupted iterations
normal_day   [  87% ] 031/100 VUs  08m39.9s/10m0s  2.68 iters/s

running (08m40.8s), 030/100 VUs, 1665 complete and 0 interrupted iterations
normal_day   [  87% ] 030/100 VUs  08m40.9s/10m0s  2.64 iters/s

running (08m41.8s), 029/100 VUs, 1669 complete and 0 interrupted iterations
normal_day   [  87% ] 029/100 VUs  08m41.9s/10m0s  2.60 iters/s

running (08m42.8s), 029/100 VUs, 1671 complete and 0 interrupted iterations
normal_day   [  87% ] 029/100 VUs  08m42.9s/10m0s  2.58 iters/s

running (08m43.8s), 028/100 VUs, 1675 complete and 0 interrupted iterations
normal_day   [  87% ] 028/100 VUs  08m43.9s/10m0s  2.54 iters/s

running (08m44.8s), 027/100 VUs, 1678 complete and 0 interrupted iterations
normal_day   [  87% ] 027/100 VUs  08m44.9s/10m0s  2.51 iters/s

running (08m45.8s), 028/100 VUs, 1680 complete and 0 interrupted iterations
normal_day   [  88% ] 028/100 VUs  08m45.9s/10m0s  2.47 iters/s

running (08m46.8s), 024/100 VUs, 1686 complete and 0 interrupted iterations
normal_day   [  88% ] 024/100 VUs  08m46.9s/10m0s  2.44 iters/s

running (08m47.8s), 026/100 VUs, 1687 complete and 0 interrupted iterations
normal_day   [  88% ] 026/100 VUs  08m47.9s/10m0s  2.40 iters/s

running (08m48.8s), 026/100 VUs, 1689 complete and 0 interrupted iterations
normal_day   [  88% ] 026/100 VUs  08m48.9s/10m0s  2.37 iters/s

running (08m49.8s), 026/100 VUs, 1691 complete and 0 interrupted iterations
normal_day   [  88% ] 026/100 VUs  08m49.9s/10m0s  2.35 iters/s

running (08m50.8s), 025/100 VUs, 1695 complete and 0 interrupted iterations
normal_day   [  88% ] 025/100 VUs  08m50.9s/10m0s  2.30 iters/s

running (08m51.8s), 024/100 VUs, 1698 complete and 0 interrupted iterations
normal_day   [  89% ] 024/100 VUs  08m51.9s/10m0s  2.27 iters/s

running (08m52.8s), 023/100 VUs, 1701 complete and 0 interrupted iterations
normal_day   [  89% ] 023/100 VUs  08m52.9s/10m0s  2.24 iters/s

running (08m53.8s), 022/100 VUs, 1705 complete and 0 interrupted iterations
normal_day   [  89% ] 022/100 VUs  08m53.9s/10m0s  2.20 iters/s

running (08m54.8s), 022/100 VUs, 1707 complete and 0 interrupted iterations
normal_day   [  89% ] 022/100 VUs  08m54.9s/10m0s  2.17 iters/s

running (08m55.8s), 023/100 VUs, 1708 complete and 0 interrupted iterations
normal_day   [  89% ] 023/100 VUs  08m55.9s/10m0s  2.14 iters/s

running (08m56.8s), 023/100 VUs, 1710 complete and 0 interrupted iterations
normal_day   [  89% ] 023/100 VUs  08m56.9s/10m0s  2.11 iters/s

running (08m57.8s), 023/100 VUs, 1712 complete and 0 interrupted iterations
normal_day   [  90% ] 023/100 VUs  08m57.9s/10m0s  2.07 iters/s

running (08m58.8s), 023/100 VUs, 1714 complete and 0 interrupted iterations
normal_day   [  90% ] 023/100 VUs  08m58.9s/10m0s  2.04 iters/s

running (08m59.8s), 023/100 VUs, 1716 complete and 0 interrupted iterations
normal_day   [  90% ] 023/100 VUs  08m59.9s/10m0s  2.01 iters/s

running (09m00.8s), 023/100 VUs, 1718 complete and 0 interrupted iterations
normal_day   [  90% ] 023/100 VUs  09m00.9s/10m0s  1.97 iters/s

running (09m01.8s), 024/100 VUs, 1719 complete and 0 interrupted iterations
normal_day   [  90% ] 024/100 VUs  09m01.9s/10m0s  1.94 iters/s

running (09m02.8s), 024/100 VUs, 1721 complete and 0 interrupted iterations
normal_day   [  90% ] 024/100 VUs  09m02.9s/10m0s  1.91 iters/s

running (09m03.8s), 023/100 VUs, 1724 complete and 0 interrupted iterations
normal_day   [  91% ] 023/100 VUs  09m03.9s/10m0s  1.87 iters/s

running (09m04.8s), 022/100 VUs, 1727 complete and 0 interrupted iterations
normal_day   [  91% ] 022/100 VUs  09m04.9s/10m0s  1.83 iters/s

running (09m05.8s), 021/100 VUs, 1730 complete and 0 interrupted iterations
normal_day   [  91% ] 021/100 VUs  09m05.9s/10m0s  1.80 iters/s

running (09m06.8s), 021/100 VUs, 1731 complete and 0 interrupted iterations
normal_day   [  91% ] 021/100 VUs  09m06.9s/10m0s  1.78 iters/s

running (09m07.8s), 022/100 VUs, 1732 complete and 0 interrupted iterations
normal_day   [  91% ] 022/100 VUs  09m07.9s/10m0s  1.74 iters/s
