══════════════════════════════════════════════════════════════════════════
  반복 정밀도 측정 — scenarios/normal-day.js
  반복 4회 · 도착률 4/s (open model) · 기본 · 데이터셋 medium
  환경 perf · 리셋 restart · 스크레이프 대기 20s
══════════════════════════════════════════════════════════════════════════

──────── [1/4] 리셋 (restart) ────────

▶ k6 run scenarios/normal-day.js
  브랜치 personal/localdocs · 커밋 3e96d9463207 · 실행자 user@DESKTOP-DJJPASG
  환경 perf · "KI-27 Before-B (drift error bar, unchanged code) — repeatability 1/4"
  데이터셋 medium · 상태 sha256:21ffd9e1f568 (260ms)
  캐시 cold (키 0개)
  guard strict — 상태 불일치 시 스냅샷 복원 후 재확인 [perf.config.json]
    guard=strict — 스냅샷으로 복원합니다.
▶ 복원 — medium-20260816-062210 → perf-mysql-data-medium
  앱·MySQL 정지
  MySQL 기동
  Redis FLUSHALL (복원 후 캐시는 cold 다)
  앱 기동
  복원 후 상태 지문 sha256:ffe696d17416 = 스냅샷 일치

✅ 복원 완료 · 소요 5.9초 (압축 해제 구간)

  부하 발생기: 컨테이너 perf-k6 (grafana/k6:2.1.0, CPU 상한 4)
  k6 지표 전송: http://prometheus:9090/api/v1/write (native histogram, 5s 간격)
  환경 대조 벤치 실행 중(3축 3회, 약 40초)... single 5901ms · parallel 5659ms · ctxswitch 2574ms
  부하 중 벤치 예약: k6 시작 +60초 (warmup 구간, 3회)

         /\      Grafana   /‾‾/  
    /\  /  \     |\  __   /  /   
   /  \/    \    | |/ /  /   ‾‾\ 
  /          \   |   (  |  (‾)  |
 / __________ \  |_|\_\  \_____/ 


     execution: local
        script: scenarios/normal-day.js
        output: Prometheus remote write (http://prometheus:9090/api/v1/write)

     scenarios: (100.00%) 1 scenario, 600 max VUs, 10m30s max duration (incl. graceful stop):
              * normal_day: Up to 4.00 iterations/s for 10m0s over 3 stages (maxVUs: 100-600, gracefulStop: 30s)


running (00m00.9s), 000/100 VUs, 0 complete and 0 interrupted iterations
normal_day   [   0% ] 000/100 VUs  00m00.9s/10m0s  0.11 iters/s

running (00m01.9s), 000/100 VUs, 0 complete and 0 interrupted iterations
normal_day   [   0% ] 000/100 VUs  00m01.9s/10m0s  0.11 iters/s

running (00m02.9s), 000/100 VUs, 0 complete and 0 interrupted iterations
normal_day   [   0% ] 000/100 VUs  00m02.9s/10m0s  0.11 iters/s

running (00m03.9s), 000/100 VUs, 0 complete and 0 interrupted iterations
normal_day   [   1% ] 000/100 VUs  00m03.9s/10m0s  0.11 iters/s

running (00m04.9s), 000/100 VUs, 0 complete and 0 interrupted iterations
normal_day   [   1% ] 000/100 VUs  00m04.9s/10m0s  0.11 iters/s

running (00m05.9s), 000/100 VUs, 0 complete and 0 interrupted iterations
normal_day   [   1% ] 000/100 VUs  00m05.9s/10m0s  0.11 iters/s

running (00m06.9s), 000/100 VUs, 0 complete and 0 interrupted iterations
normal_day   [   1% ] 000/100 VUs  00m06.9s/10m0s  0.11 iters/s

running (00m07.9s), 000/100 VUs, 0 complete and 0 interrupted iterations
normal_day   [   1% ] 000/100 VUs  00m07.9s/10m0s  0.11 iters/s

running (00m08.9s), 000/100 VUs, 0 complete and 0 interrupted iterations
normal_day   [   1% ] 000/100 VUs  00m08.9s/10m0s  0.11 iters/s

running (00m09.9s), 001/100 VUs, 0 complete and 0 interrupted iterations
normal_day   [   2% ] 001/100 VUs  00m09.9s/10m0s  0.25 iters/s

running (00m10.9s), 001/100 VUs, 0 complete and 0 interrupted iterations
normal_day   [   2% ] 001/100 VUs  00m10.9s/10m0s  0.25 iters/s

running (00m11.9s), 000/100 VUs, 1 complete and 0 interrupted iterations
normal_day   [   2% ] 000/100 VUs  00m11.9s/10m0s  0.25 iters/s

running (00m12.9s), 000/100 VUs, 1 complete and 0 interrupted iterations
normal_day   [   2% ] 000/100 VUs  00m12.9s/10m0s  0.25 iters/s

running (00m13.9s), 001/100 VUs, 1 complete and 0 interrupted iterations
normal_day   [   2% ] 001/100 VUs  00m13.9s/10m0s  0.33 iters/s

running (00m14.9s), 001/100 VUs, 1 complete and 0 interrupted iterations
normal_day   [   2% ] 001/100 VUs  00m14.9s/10m0s  0.33 iters/s

running (00m15.9s), 001/100 VUs, 1 complete and 0 interrupted iterations
normal_day   [   3% ] 001/100 VUs  00m15.9s/10m0s  0.33 iters/s

running (00m16.9s), 002/100 VUs, 1 complete and 0 interrupted iterations
normal_day   [   3% ] 002/100 VUs  00m16.9s/10m0s  0.39 iters/s

running (00m17.9s), 002/100 VUs, 1 complete and 0 interrupted iterations
normal_day   [   3% ] 002/100 VUs  00m17.9s/10m0s  0.39 iters/s

running (00m18.9s), 002/100 VUs, 1 complete and 0 interrupted iterations
normal_day   [   3% ] 002/100 VUs  00m18.9s/10m0s  0.39 iters/s

running (00m19.9s), 003/100 VUs, 1 complete and 0 interrupted iterations
normal_day   [   3% ] 003/100 VUs  00m19.9s/10m0s  0.45 iters/s

running (00m20.9s), 003/100 VUs, 1 complete and 0 interrupted iterations
normal_day   [   3% ] 003/100 VUs  00m20.9s/10m0s  0.45 iters/s

running (00m21.9s), 004/100 VUs, 1 complete and 0 interrupted iterations
normal_day   [   4% ] 004/100 VUs  00m21.9s/10m0s  0.49 iters/s

running (00m22.9s), 004/100 VUs, 1 complete and 0 interrupted iterations
normal_day   [   4% ] 004/100 VUs  00m22.9s/10m0s  0.49 iters/s

running (00m23.9s), 005/100 VUs, 1 complete and 0 interrupted iterations
normal_day   [   4% ] 005/100 VUs  00m23.9s/10m0s  0.54 iters/s

running (00m24.9s), 005/100 VUs, 1 complete and 0 interrupted iterations
normal_day   [   4% ] 005/100 VUs  00m24.9s/10m0s  0.54 iters/s

running (00m25.9s), 006/100 VUs, 1 complete and 0 interrupted iterations
normal_day   [   4% ] 006/100 VUs  00m25.9s/10m0s  0.58 iters/s

running (00m26.9s), 007/100 VUs, 1 complete and 0 interrupted iterations
normal_day   [   4% ] 007/100 VUs  00m26.9s/10m0s  0.61 iters/s

running (00m27.9s), 007/100 VUs, 1 complete and 0 interrupted iterations
normal_day   [   5% ] 007/100 VUs  00m27.9s/10m0s  0.61 iters/s

running (00m28.9s), 007/100 VUs, 2 complete and 0 interrupted iterations
normal_day   [   5% ] 007/100 VUs  00m28.9s/10m0s  0.65 iters/s

running (00m29.9s), 007/100 VUs, 2 complete and 0 interrupted iterations
normal_day   [   5% ] 007/100 VUs  00m29.9s/10m0s  0.65 iters/s

running (00m30.9s), 008/100 VUs, 2 complete and 0 interrupted iterations
normal_day   [   5% ] 008/100 VUs  00m30.9s/10m0s  0.68 iters/s

running (00m31.9s), 009/100 VUs, 2 complete and 0 interrupted iterations
normal_day   [   5% ] 009/100 VUs  00m31.9s/10m0s  0.71 iters/s

running (00m32.9s), 010/100 VUs, 2 complete and 0 interrupted iterations
normal_day   [   5% ] 010/100 VUs  00m32.9s/10m0s  0.75 iters/s

running (00m33.9s), 009/100 VUs, 3 complete and 0 interrupted iterations
normal_day   [   6% ] 009/100 VUs  00m33.9s/10m0s  0.75 iters/s

running (00m34.9s), 010/100 VUs, 3 complete and 0 interrupted iterations
normal_day   [   6% ] 010/100 VUs  00m34.9s/10m0s  0.77 iters/s

running (00m35.9s), 010/100 VUs, 4 complete and 0 interrupted iterations
normal_day   [   6% ] 010/100 VUs  00m35.9s/10m0s  0.80 iters/s

running (00m36.9s), 010/100 VUs, 5 complete and 0 interrupted iterations
normal_day   [   6% ] 010/100 VUs  00m36.9s/10m0s  0.83 iters/s

running (00m37.9s), 008/100 VUs, 7 complete and 0 interrupted iterations
normal_day   [   6% ] 008/100 VUs  00m37.9s/10m0s  0.83 iters/s

running (00m38.9s), 009/100 VUs, 7 complete and 0 interrupted iterations
normal_day   [   6% ] 009/100 VUs  00m38.9s/10m0s  0.86 iters/s

running (00m39.9s), 010/100 VUs, 7 complete and 0 interrupted iterations
normal_day   [   7% ] 010/100 VUs  00m39.9s/10m0s  0.88 iters/s

running (00m40.9s), 011/100 VUs, 7 complete and 0 interrupted iterations
normal_day   [   7% ] 011/100 VUs  00m40.9s/10m0s  0.91 iters/s

running (00m41.9s), 011/100 VUs, 8 complete and 0 interrupted iterations
normal_day   [   7% ] 011/100 VUs  00m41.9s/10m0s  0.93 iters/s

running (00m42.9s), 012/100 VUs, 8 complete and 0 interrupted iterations
normal_day   [   7% ] 012/100 VUs  00m42.9s/10m0s  0.95 iters/s

running (00m43.9s), 013/100 VUs, 8 complete and 0 interrupted iterations
normal_day   [   7% ] 013/100 VUs  00m43.9s/10m0s  0.98 iters/s

running (00m44.9s), 014/100 VUs, 8 complete and 0 interrupted iterations
normal_day   [   7% ] 014/100 VUs  00m44.9s/10m0s  1.00 iters/s

running (00m45.9s), 015/100 VUs, 8 complete and 0 interrupted iterations
normal_day   [   8% ] 015/100 VUs  00m45.9s/10m0s  1.02 iters/s

running (00m46.9s), 016/100 VUs, 8 complete and 0 interrupted iterations
normal_day   [   8% ] 016/100 VUs  00m46.9s/10m0s  1.04 iters/s

running (00m47.9s), 016/100 VUs, 9 complete and 0 interrupted iterations
normal_day   [   8% ] 016/100 VUs  00m47.9s/10m0s  1.06 iters/s

running (00m48.9s), 015/100 VUs, 11 complete and 0 interrupted iterations
normal_day   [   8% ] 015/100 VUs  00m48.9s/10m0s  1.09 iters/s

running (00m49.9s), 013/100 VUs, 14 complete and 0 interrupted iterations
normal_day   [   8% ] 013/100 VUs  00m49.9s/10m0s  1.11 iters/s

running (00m50.9s), 012/100 VUs, 16 complete and 0 interrupted iterations
normal_day   [   8% ] 012/100 VUs  00m50.9s/10m0s  1.13 iters/s

running (00m51.9s), 010/100 VUs, 19 complete and 0 interrupted iterations
normal_day   [   9% ] 010/100 VUs  00m51.9s/10m0s  1.14 iters/s

running (00m52.9s), 012/100 VUs, 19 complete and 0 interrupted iterations
normal_day   [   9% ] 012/100 VUs  00m52.9s/10m0s  1.18 iters/s

running (00m53.9s), 013/100 VUs, 19 complete and 0 interrupted iterations
normal_day   [   9% ] 013/100 VUs  00m53.9s/10m0s  1.20 iters/s

running (00m54.9s), 012/100 VUs, 21 complete and 0 interrupted iterations
normal_day   [   9% ] 012/100 VUs  00m54.9s/10m0s  1.22 iters/s

running (00m55.9s), 011/100 VUs, 23 complete and 0 interrupted iterations
normal_day   [   9% ] 011/100 VUs  00m55.9s/10m0s  1.24 iters/s

running (00m56.9s), 012/100 VUs, 23 complete and 0 interrupted iterations
normal_day   [   9% ] 012/100 VUs  00m56.9s/10m0s  1.26 iters/s

running (00m57.9s), 010/100 VUs, 27 complete and 0 interrupted iterations
normal_day   [  10% ] 010/100 VUs  00m57.9s/10m0s  1.29 iters/s

running (00m58.9s), 009/100 VUs, 29 complete and 0 interrupted iterations
normal_day   [  10% ] 009/100 VUs  00m58.9s/10m0s  1.31 iters/s

running (00m59.9s), 009/100 VUs, 30 complete and 0 interrupted iterations
normal_day   [  10% ] 009/100 VUs  00m59.9s/10m0s  1.32 iters/s

running (01m00.9s), 011/100 VUs, 30 complete and 0 interrupted iterations
normal_day   [  10% ] 011/100 VUs  01m00.9s/10m0s  1.36 iters/s

running (01m01.9s), 011/100 VUs, 31 complete and 0 interrupted iterations
normal_day   [  10% ] 011/100 VUs  01m01.9s/10m0s  1.37 iters/s

running (01m02.9s), 011/100 VUs, 32 complete and 0 interrupted iterations
normal_day   [  10% ] 011/100 VUs  01m02.9s/10m0s  1.39 iters/s

running (01m03.9s), 013/100 VUs, 32 complete and 0 interrupted iterations
normal_day   [  11% ] 013/100 VUs  01m03.9s/10m0s  1.42 iters/s

running (01m04.9s), 014/100 VUs, 32 complete and 0 interrupted iterations
normal_day   [  11% ] 014/100 VUs  01m04.9s/10m0s  1.44 iters/s

running (01m05.9s), 015/100 VUs, 33 complete and 0 interrupted iterations
normal_day   [  11% ] 015/100 VUs  01m05.9s/10m0s  1.47 iters/s

running (01m06.9s), 015/100 VUs, 34 complete and 0 interrupted iterations
normal_day   [  11% ] 015/100 VUs  01m06.9s/10m0s  1.48 iters/s

running (01m07.9s), 016/100 VUs, 35 complete and 0 interrupted iterations
normal_day   [  11% ] 016/100 VUs  01m07.9s/10m0s  1.51 iters/s

running (01m08.9s), 015/100 VUs, 37 complete and 0 interrupted iterations
normal_day   [  11% ] 015/100 VUs  01m08.9s/10m0s  1.53 iters/s

running (01m09.9s), 016/100 VUs, 38 complete and 0 interrupted iterations
normal_day   [  12% ] 016/100 VUs  01m09.9s/10m0s  1.56 iters/s

running (01m10.9s), 016/100 VUs, 39 complete and 0 interrupted iterations
normal_day   [  12% ] 016/100 VUs  01m10.9s/10m0s  1.57 iters/s

running (01m11.9s), 016/100 VUs, 41 complete and 0 interrupted iterations
normal_day   [  12% ] 016/100 VUs  01m11.9s/10m0s  1.60 iters/s

running (01m12.9s), 017/100 VUs, 42 complete and 0 interrupted iterations
normal_day   [  12% ] 017/100 VUs  01m12.9s/10m0s  1.63 iters/s

running (01m13.9s), 017/100 VUs, 43 complete and 0 interrupted iterations
normal_day   [  12% ] 017/100 VUs  01m13.9s/10m0s  1.64 iters/s

running (01m14.9s), 016/100 VUs, 46 complete and 0 interrupted iterations
normal_day   [  12% ] 016/100 VUs  01m14.9s/10m0s  1.67 iters/s

running (01m15.9s), 015/100 VUs, 48 complete and 0 interrupted iterations
normal_day   [  13% ] 015/100 VUs  01m15.9s/10m0s  1.68 iters/s

running (01m16.9s), 016/100 VUs, 49 complete and 0 interrupted iterations
normal_day   [  13% ] 016/100 VUs  01m16.9s/10m0s  1.71 iters/s

running (01m17.9s), 017/100 VUs, 50 complete and 0 interrupted iterations
normal_day   [  13% ] 017/100 VUs  01m17.9s/10m0s  1.73 iters/s

running (01m18.9s), 017/100 VUs, 52 complete and 0 interrupted iterations
normal_day   [  13% ] 017/100 VUs  01m18.9s/10m0s  1.76 iters/s

running (01m19.9s), 017/100 VUs, 53 complete and 0 interrupted iterations
normal_day   [  13% ] 017/100 VUs  01m19.9s/10m0s  1.77 iters/s

running (01m20.9s), 017/100 VUs, 55 complete and 0 interrupted iterations
normal_day   [  13% ] 017/100 VUs  01m20.9s/10m0s  1.80 iters/s

running (01m21.9s), 017/100 VUs, 57 complete and 0 interrupted iterations
normal_day   [  14% ] 017/100 VUs  01m21.9s/10m0s  1.82 iters/s

running (01m22.9s), 017/100 VUs, 59 complete and 0 interrupted iterations
normal_day   [  14% ] 017/100 VUs  01m22.9s/10m0s  1.84 iters/s

running (01m23.9s), 018/100 VUs, 60 complete and 0 interrupted iterations
normal_day   [  14% ] 018/100 VUs  01m23.9s/10m0s  1.87 iters/s

running (01m24.9s), 019/100 VUs, 61 complete and 0 interrupted iterations
normal_day   [  14% ] 019/100 VUs  01m24.9s/10m0s  1.89 iters/s

running (01m25.9s), 018/100 VUs, 63 complete and 0 interrupted iterations
normal_day   [  14% ] 018/100 VUs  01m25.9s/10m0s  1.90 iters/s

running (01m26.9s), 020/100 VUs, 63 complete and 0 interrupted iterations
normal_day   [  14% ] 020/100 VUs  01m26.9s/10m0s  1.93 iters/s

running (01m27.9s), 019/100 VUs, 66 complete and 0 interrupted iterations
normal_day   [  15% ] 019/100 VUs  01m27.9s/10m0s  1.95 iters/s

running (01m28.9s), 020/100 VUs, 67 complete and 0 interrupted iterations
normal_day   [  15% ] 020/100 VUs  01m28.9s/10m0s  1.97 iters/s

running (01m29.9s), 020/100 VUs, 69 complete and 0 interrupted iterations
normal_day   [  15% ] 020/100 VUs  01m29.9s/10m0s  1.99 iters/s

running (01m30.9s), 022/100 VUs, 69 complete and 0 interrupted iterations
normal_day   [  15% ] 022/100 VUs  01m30.9s/10m0s  2.02 iters/s

running (01m31.9s), 019/100 VUs, 74 complete and 0 interrupted iterations
normal_day   [  15% ] 019/100 VUs  01m31.9s/10m0s  2.04 iters/s

running (01m32.9s), 020/100 VUs, 75 complete and 0 interrupted iterations
normal_day   [  15% ] 020/100 VUs  01m32.9s/10m0s  2.06 iters/s

running (01m33.9s), 020/100 VUs, 77 complete and 0 interrupted iterations
normal_day   [  16% ] 020/100 VUs  01m33.9s/10m0s  2.08 iters/s

running (01m34.9s), 021/100 VUs, 79 complete and 0 interrupted iterations
normal_day   [  16% ] 021/100 VUs  01m34.9s/10m0s  2.11 iters/s

running (01m35.9s), 021/100 VUs, 81 complete and 0 interrupted iterations
normal_day   [  16% ] 021/100 VUs  01m35.9s/10m0s  2.13 iters/s

running (01m36.9s), 020/100 VUs, 84 complete and 0 interrupted iterations
normal_day   [  16% ] 020/100 VUs  01m36.9s/10m0s  2.16 iters/s

running (01m37.9s), 021/100 VUs, 85 complete and 0 interrupted iterations
normal_day   [  16% ] 021/100 VUs  01m37.9s/10m0s  2.18 iters/s

running (01m38.9s), 022/100 VUs, 86 complete and 0 interrupted iterations
normal_day   [  16% ] 022/100 VUs  01m38.9s/10m0s  2.20 iters/s

running (01m39.9s), 022/100 VUs, 88 complete and 0 interrupted iterations
normal_day   [  17% ] 022/100 VUs  01m39.9s/10m0s  2.22 iters/s

running (01m40.9s), 023/100 VUs, 90 complete and 0 interrupted iterations
normal_day   [  17% ] 023/100 VUs  01m40.9s/10m0s  2.25 iters/s

running (01m41.9s), 020/100 VUs, 95 complete and 0 interrupted iterations
normal_day   [  17% ] 020/100 VUs  01m41.9s/10m0s  2.27 iters/s

running (01m42.9s), 021/100 VUs, 96 complete and 0 interrupted iterations
normal_day   [  17% ] 021/100 VUs  01m42.9s/10m0s  2.29 iters/s

running (01m43.9s), 021/100 VUs, 98 complete and 0 interrupted iterations
normal_day   [  17% ] 021/100 VUs  01m43.9s/10m0s  2.30 iters/s

running (01m44.9s), 022/100 VUs, 100 complete and 0 interrupted iterations
normal_day   [  17% ] 022/100 VUs  01m44.9s/10m0s  2.33 iters/s

running (01m45.9s), 022/100 VUs, 102 complete and 0 interrupted iterations
normal_day   [  18% ] 022/100 VUs  01m45.9s/10m0s  2.35 iters/s

running (01m46.9s), 021/100 VUs, 105 complete and 0 interrupted iterations
normal_day   [  18% ] 021/100 VUs  01m46.9s/10m0s  2.37 iters/s

running (01m47.9s), 022/100 VUs, 107 complete and 0 interrupted iterations
normal_day   [  18% ] 022/100 VUs  01m47.9s/10m0s  2.40 iters/s

running (01m48.9s), 023/100 VUs, 108 complete and 0 interrupted iterations
normal_day   [  18% ] 023/100 VUs  01m48.9s/10m0s  2.42 iters/s

running (01m49.9s), 022/100 VUs, 112 complete and 0 interrupted iterations
normal_day   [  18% ] 022/100 VUs  01m49.9s/10m0s  2.44 iters/s

running (01m50.9s), 023/100 VUs, 113 complete and 0 interrupted iterations
normal_day   [  18% ] 023/100 VUs  01m50.9s/10m0s  2.46 iters/s

running (01m51.9s), 025/100 VUs, 114 complete and 0 interrupted iterations
normal_day   [  19% ] 025/100 VUs  01m51.9s/10m0s  2.49 iters/s

running (01m52.9s), 026/100 VUs, 115 complete and 0 interrupted iterations
normal_day   [  19% ] 026/100 VUs  01m52.9s/10m0s  2.51 iters/s

running (01m53.9s), 026/100 VUs, 118 complete and 0 interrupted iterations
normal_day   [  19% ] 026/100 VUs  01m53.9s/10m0s  2.53 iters/s

running (01m54.9s), 025/100 VUs, 121 complete and 0 interrupted iterations
normal_day   [  19% ] 025/100 VUs  01m54.9s/10m0s  2.55 iters/s

running (01m55.9s), 025/100 VUs, 124 complete and 0 interrupted iterations
normal_day   [  19% ] 025/100 VUs  01m55.9s/10m0s  2.58 iters/s

running (01m56.9s), 026/100 VUs, 125 complete and 0 interrupted iterations
normal_day   [  19% ] 026/100 VUs  01m56.9s/10m0s  2.59 iters/s

running (01m57.9s), 028/100 VUs, 126 complete and 0 interrupted iterations
normal_day   [  20% ] 028/100 VUs  01m57.9s/10m0s  2.62 iters/s

running (01m58.9s), 027/100 VUs, 130 complete and 0 interrupted iterations
normal_day   [  20% ] 027/100 VUs  01m58.9s/10m0s  2.65 iters/s

running (01m59.9s), 028/100 VUs, 131 complete and 0 interrupted iterations
normal_day   [  20% ] 028/100 VUs  01m59.9s/10m0s  2.66 iters/s

running (02m00.9s), 028/100 VUs, 134 complete and 0 interrupted iterations
normal_day   [  20% ] 028/100 VUs  02m00.9s/10m0s  2.69 iters/s

running (02m01.9s), 028/100 VUs, 137 complete and 0 interrupted iterations
normal_day   [  20% ] 028/100 VUs  02m01.9s/10m0s  2.71 iters/s

running (02m02.9s), 029/100 VUs, 138 complete and 0 interrupted iterations
normal_day   [  20% ] 029/100 VUs  02m02.9s/10m0s  2.73 iters/s

running (02m03.9s), 029/100 VUs, 141 complete and 0 interrupted iterations
normal_day   [  21% ] 029/100 VUs  02m03.9s/10m0s  2.75 iters/s

running (02m04.9s), 030/100 VUs, 143 complete and 0 interrupted iterations
normal_day   [  21% ] 030/100 VUs  02m04.9s/10m0s  2.78 iters/s

running (02m05.9s), 031/100 VUs, 145 complete and 0 interrupted iterations
normal_day   [  21% ] 031/100 VUs  02m05.9s/10m0s  2.80 iters/s

running (02m06.9s), 032/100 VUs, 146 complete and 0 interrupted iterations
normal_day   [  21% ] 032/100 VUs  02m06.9s/10m0s  2.82 iters/s

running (02m07.9s), 032/100 VUs, 149 complete and 0 interrupted iterations
normal_day   [  21% ] 032/100 VUs  02m07.9s/10m0s  2.84 iters/s

running (02m08.9s), 031/100 VUs, 153 complete and 0 interrupted iterations
normal_day   [  21% ] 031/100 VUs  02m08.9s/10m0s  2.86 iters/s

running (02m09.9s), 033/100 VUs, 154 complete and 0 interrupted iterations
normal_day   [  22% ] 033/100 VUs  02m09.9s/10m0s  2.89 iters/s

running (02m10.9s), 033/100 VUs, 157 complete and 0 interrupted iterations
normal_day   [  22% ] 033/100 VUs  02m10.9s/10m0s  2.91 iters/s

running (02m11.9s), 033/100 VUs, 160 complete and 0 interrupted iterations
normal_day   [  22% ] 033/100 VUs  02m11.9s/10m0s  2.93 iters/s

running (02m12.9s), 034/100 VUs, 162 complete and 0 interrupted iterations
normal_day   [  22% ] 034/100 VUs  02m12.9s/10m0s  2.96 iters/s

running (02m13.9s), 032/100 VUs, 167 complete and 0 interrupted iterations
normal_day   [  22% ] 032/100 VUs  02m13.9s/10m0s  2.98 iters/s

running (02m14.9s), 033/100 VUs, 169 complete and 0 interrupted iterations
normal_day   [  22% ] 033/100 VUs  02m14.9s/10m0s  3.00 iters/s

running (02m15.9s), 034/100 VUs, 171 complete and 0 interrupted iterations
normal_day   [  23% ] 034/100 VUs  02m15.9s/10m0s  3.02 iters/s

running (02m16.9s), 035/100 VUs, 173 complete and 0 interrupted iterations
normal_day   [  23% ] 035/100 VUs  02m16.9s/10m0s  3.04 iters/s

running (02m17.9s), 036/100 VUs, 175 complete and 0 interrupted iterations
normal_day   [  23% ] 036/100 VUs  02m17.9s/10m0s  3.07 iters/s

running (02m18.9s), 034/100 VUs, 180 complete and 0 interrupted iterations
normal_day   [  23% ] 034/100 VUs  02m18.9s/10m0s  3.09 iters/s

running (02m19.9s), 032/100 VUs, 185 complete and 0 interrupted iterations
normal_day   [  23% ] 032/100 VUs  02m19.9s/10m0s  3.11 iters/s

running (02m20.9s), 033/100 VUs, 187 complete and 0 interrupted iterations
normal_day   [  23% ] 033/100 VUs  02m20.9s/10m0s  3.13 iters/s

running (02m21.9s), 031/100 VUs, 192 complete and 0 interrupted iterations
normal_day   [  24% ] 031/100 VUs  02m21.9s/10m0s  3.15 iters/s

running (02m22.9s), 029/100 VUs, 197 complete and 0 interrupted iterations
normal_day   [  24% ] 029/100 VUs  02m22.9s/10m0s  3.17 iters/s

running (02m23.9s), 032/100 VUs, 198 complete and 0 interrupted iterations
normal_day   [  24% ] 032/100 VUs  02m23.9s/10m0s  3.20 iters/s

running (02m24.9s), 033/100 VUs, 200 complete and 0 interrupted iterations
normal_day   [  24% ] 033/100 VUs  02m24.9s/10m0s  3.22 iters/s

running (02m25.9s), 033/100 VUs, 203 complete and 0 interrupted iterations
normal_day   [  24% ] 033/100 VUs  02m25.9s/10m0s  3.24 iters/s

running (02m26.9s), 036/100 VUs, 203 complete and 0 interrupted iterations
normal_day   [  24% ] 036/100 VUs  02m26.9s/10m0s  3.26 iters/s

running (02m27.9s), 040/100 VUs, 203 complete and 0 interrupted iterations
normal_day   [  25% ] 040/100 VUs  02m27.9s/10m0s  3.29 iters/s

running (02m28.9s), 039/100 VUs, 207 complete and 0 interrupted iterations
normal_day   [  25% ] 039/100 VUs  02m28.9s/10m0s  3.31 iters/s

running (02m29.9s), 038/100 VUs, 211 complete and 0 interrupted iterations
normal_day   [  25% ] 038/100 VUs  02m29.9s/10m0s  3.33 iters/s

running (02m30.9s), 037/100 VUs, 215 complete and 0 interrupted iterations
normal_day   [  25% ] 037/100 VUs  02m30.9s/10m0s  3.35 iters/s

running (02m31.9s), 038/100 VUs, 218 complete and 0 interrupted iterations
normal_day   [  25% ] 038/100 VUs  02m31.9s/10m0s  3.38 iters/s

running (02m32.9s), 035/100 VUs, 224 complete and 0 interrupted iterations
normal_day   [  25% ] 035/100 VUs  02m32.9s/10m0s  3.40 iters/s

running (02m33.9s), 034/100 VUs, 229 complete and 0 interrupted iterations
normal_day   [  26% ] 034/100 VUs  02m33.9s/10m0s  3.42 iters/s

running (02m34.9s), 034/100 VUs, 232 complete and 0 interrupted iterations
normal_day   [  26% ] 034/100 VUs  02m34.9s/10m0s  3.44 iters/s

running (02m35.9s), 036/100 VUs, 234 complete and 0 interrupted iterations
normal_day   [  26% ] 036/100 VUs  02m35.9s/10m0s  3.47 iters/s

running (02m36.9s), 036/100 VUs, 237 complete and 0 interrupted iterations
normal_day   [  26% ] 036/100 VUs  02m36.9s/10m0s  3.49 iters/s

running (02m37.9s), 035/100 VUs, 241 complete and 0 interrupted iterations
normal_day   [  26% ] 035/100 VUs  02m37.9s/10m0s  3.51 iters/s

running (02m38.9s), 036/100 VUs, 244 complete and 0 interrupted iterations
normal_day   [  26% ] 036/100 VUs  02m38.9s/10m0s  3.53 iters/s

running (02m39.9s), 035/100 VUs, 249 complete and 0 interrupted iterations
normal_day   [  27% ] 035/100 VUs  02m39.9s/10m0s  3.56 iters/s

running (02m40.9s), 035/100 VUs, 252 complete and 0 interrupted iterations
normal_day   [  27% ] 035/100 VUs  02m40.9s/10m0s  3.57 iters/s

running (02m41.9s), 038/100 VUs, 253 complete and 0 interrupted iterations
normal_day   [  27% ] 038/100 VUs  02m41.9s/10m0s  3.60 iters/s

running (02m42.9s), 039/100 VUs, 255 complete and 0 interrupted iterations
normal_day   [  27% ] 039/100 VUs  02m42.9s/10m0s  3.62 iters/s

running (02m43.9s), 039/100 VUs, 259 complete and 0 interrupted iterations
normal_day   [  27% ] 039/100 VUs  02m43.9s/10m0s  3.64 iters/s

running (02m44.9s), 041/100 VUs, 261 complete and 0 interrupted iterations
normal_day   [  27% ] 041/100 VUs  02m44.9s/10m0s  3.67 iters/s

running (02m45.9s), 038/100 VUs, 267 complete and 0 interrupted iterations
normal_day   [  28% ] 038/100 VUs  02m45.9s/10m0s  3.68 iters/s

running (02m46.9s), 038/100 VUs, 271 complete and 0 interrupted iterations
normal_day   [  28% ] 038/100 VUs  02m46.9s/10m0s  3.71 iters/s

running (02m47.9s), 038/100 VUs, 275 complete and 0 interrupted iterations
normal_day   [  28% ] 038/100 VUs  02m47.9s/10m0s  3.73 iters/s

running (02m48.9s), 036/100 VUs, 280 complete and 0 interrupted iterations
normal_day   [  28% ] 036/100 VUs  02m48.9s/10m0s  3.75 iters/s

running (02m49.9s), 038/100 VUs, 282 complete and 0 interrupted iterations
normal_day   [  28% ] 038/100 VUs  02m49.9s/10m0s  3.77 iters/s

running (02m50.9s), 037/100 VUs, 287 complete and 0 interrupted iterations
normal_day   [  28% ] 037/100 VUs  02m50.9s/10m0s  3.80 iters/s

running (02m51.9s), 038/100 VUs, 290 complete and 0 interrupted iterations
normal_day   [  29% ] 038/100 VUs  02m51.9s/10m0s  3.82 iters/s

running (02m52.9s), 039/100 VUs, 293 complete and 0 interrupted iterations
normal_day   [  29% ] 039/100 VUs  02m52.9s/10m0s  3.84 iters/s

running (02m53.9s), 039/100 VUs, 296 complete and 0 interrupted iterations
normal_day   [  29% ] 039/100 VUs  02m53.9s/10m0s  3.86 iters/s

running (02m54.9s), 041/100 VUs, 298 complete and 0 interrupted iterations
normal_day   [  29% ] 041/100 VUs  02m54.9s/10m0s  3.88 iters/s

running (02m55.9s), 043/100 VUs, 300 complete and 0 interrupted iterations
normal_day   [  29% ] 043/100 VUs  02m55.9s/10m0s  3.91 iters/s

running (02m56.9s), 041/100 VUs, 306 complete and 0 interrupted iterations
normal_day   [  29% ] 041/100 VUs  02m56.9s/10m0s  3.93 iters/s

running (02m57.9s), 041/100 VUs, 310 complete and 0 interrupted iterations
normal_day   [  30% ] 041/100 VUs  02m57.9s/10m0s  3.95 iters/s

running (02m58.9s), 042/100 VUs, 313 complete and 0 interrupted iterations
normal_day   [  30% ] 042/100 VUs  02m58.9s/10m0s  3.97 iters/s

running (02m59.9s), 042/100 VUs, 317 complete and 0 interrupted iterations
normal_day   [  30% ] 042/100 VUs  02m59.9s/10m0s  4.00 iters/s

running (03m00.9s), 043/100 VUs, 320 complete and 0 interrupted iterations
normal_day   [  30% ] 043/100 VUs  03m00.9s/10m0s  4.00 iters/s

running (03m01.9s), 043/100 VUs, 324 complete and 0 interrupted iterations
normal_day   [  30% ] 043/100 VUs  03m01.9s/10m0s  4.00 iters/s

running (03m02.9s), 042/100 VUs, 329 complete and 0 interrupted iterations
normal_day   [  30% ] 042/100 VUs  03m02.9s/10m0s  4.00 iters/s

running (03m03.9s), 041/100 VUs, 334 complete and 0 interrupted iterations
normal_day   [  31% ] 041/100 VUs  03m03.9s/10m0s  4.00 iters/s

running (03m04.9s), 043/100 VUs, 336 complete and 0 interrupted iterations
normal_day   [  31% ] 043/100 VUs  03m04.9s/10m0s  4.00 iters/s

running (03m05.9s), 042/100 VUs, 341 complete and 0 interrupted iterations
normal_day   [  31% ] 042/100 VUs  03m05.9s/10m0s  4.00 iters/s

running (03m06.9s), 040/100 VUs, 347 complete and 0 interrupted iterations
normal_day   [  31% ] 040/100 VUs  03m06.9s/10m0s  4.00 iters/s

running (03m07.9s), 040/100 VUs, 351 complete and 0 interrupted iterations
normal_day   [  31% ] 040/100 VUs  03m07.9s/10m0s  4.00 iters/s

running (03m08.9s), 040/100 VUs, 355 complete and 0 interrupted iterations
normal_day   [  31% ] 040/100 VUs  03m08.9s/10m0s  4.00 iters/s

running (03m09.9s), 041/100 VUs, 358 complete and 0 interrupted iterations
normal_day   [  32% ] 041/100 VUs  03m09.9s/10m0s  4.00 iters/s

running (03m10.9s), 041/100 VUs, 362 complete and 0 interrupted iterations
normal_day   [  32% ] 041/100 VUs  03m10.9s/10m0s  4.00 iters/s

running (03m11.9s), 044/100 VUs, 363 complete and 0 interrupted iterations
normal_day   [  32% ] 044/100 VUs  03m11.9s/10m0s  4.00 iters/s

running (03m12.9s), 044/100 VUs, 367 complete and 0 interrupted iterations
normal_day   [  32% ] 044/100 VUs  03m12.9s/10m0s  4.00 iters/s

running (03m13.9s), 047/100 VUs, 368 complete and 0 interrupted iterations
normal_day   [  32% ] 047/100 VUs  03m13.9s/10m0s  4.00 iters/s

running (03m14.9s), 043/100 VUs, 376 complete and 0 interrupted iterations
normal_day   [  32% ] 043/100 VUs  03m14.9s/10m0s  4.00 iters/s

running (03m15.9s), 042/100 VUs, 381 complete and 0 interrupted iterations
normal_day   [  33% ] 042/100 VUs  03m15.9s/10m0s  4.00 iters/s

running (03m16.9s), 043/100 VUs, 384 complete and 0 interrupted iterations
normal_day   [  33% ] 043/100 VUs  03m16.9s/10m0s  4.00 iters/s

running (03m17.9s), 045/100 VUs, 386 complete and 0 interrupted iterations
normal_day   [  33% ] 045/100 VUs  03m17.9s/10m0s  4.00 iters/s

running (03m18.9s), 042/100 VUs, 393 complete and 0 interrupted iterations
normal_day   [  33% ] 042/100 VUs  03m18.9s/10m0s  4.00 iters/s

running (03m19.9s), 044/100 VUs, 395 complete and 0 interrupted iterations
normal_day   [  33% ] 044/100 VUs  03m19.9s/10m0s  4.00 iters/s

running (03m20.9s), 044/100 VUs, 399 complete and 0 interrupted iterations
normal_day   [  33% ] 044/100 VUs  03m20.9s/10m0s  4.00 iters/s

running (03m21.9s), 045/100 VUs, 402 complete and 0 interrupted iterations
normal_day   [  34% ] 045/100 VUs  03m21.9s/10m0s  4.00 iters/s

running (03m22.9s), 045/100 VUs, 406 complete and 0 interrupted iterations
normal_day   [  34% ] 045/100 VUs  03m22.9s/10m0s  4.00 iters/s

running (03m23.9s), 042/100 VUs, 413 complete and 0 interrupted iterations
normal_day   [  34% ] 042/100 VUs  03m23.9s/10m0s  4.00 iters/s

running (03m24.9s), 041/100 VUs, 418 complete and 0 interrupted iterations
normal_day   [  34% ] 041/100 VUs  03m24.9s/10m0s  4.00 iters/s

running (03m25.9s), 042/100 VUs, 421 complete and 0 interrupted iterations
normal_day   [  34% ] 042/100 VUs  03m25.9s/10m0s  4.00 iters/s

running (03m26.9s), 046/100 VUs, 421 complete and 0 interrupted iterations
normal_day   [  34% ] 046/100 VUs  03m26.9s/10m0s  4.00 iters/s

running (03m27.9s), 047/100 VUs, 424 complete and 0 interrupted iterations
normal_day   [  35% ] 047/100 VUs  03m27.9s/10m0s  4.00 iters/s

running (03m28.9s), 046/100 VUs, 429 complete and 0 interrupted iterations
normal_day   [  35% ] 046/100 VUs  03m28.9s/10m0s  4.00 iters/s

running (03m29.9s), 044/100 VUs, 435 complete and 0 interrupted iterations
normal_day   [  35% ] 044/100 VUs  03m29.9s/10m0s  4.00 iters/s

running (03m30.9s), 045/100 VUs, 438 complete and 0 interrupted iterations
normal_day   [  35% ] 045/100 VUs  03m30.9s/10m0s  4.00 iters/s

running (03m31.9s), 042/100 VUs, 445 complete and 0 interrupted iterations
normal_day   [  35% ] 042/100 VUs  03m31.9s/10m0s  4.00 iters/s

running (03m32.9s), 038/100 VUs, 453 complete and 0 interrupted iterations
normal_day   [  35% ] 038/100 VUs  03m32.9s/10m0s  4.00 iters/s

running (03m33.9s), 038/100 VUs, 457 complete and 0 interrupted iterations
normal_day   [  36% ] 038/100 VUs  03m33.9s/10m0s  4.00 iters/s

running (03m34.9s), 040/100 VUs, 459 complete and 0 interrupted iterations
normal_day   [  36% ] 040/100 VUs  03m34.9s/10m0s  4.00 iters/s

running (03m35.9s), 040/100 VUs, 463 complete and 0 interrupted iterations
normal_day   [  36% ] 040/100 VUs  03m35.9s/10m0s  4.00 iters/s

running (03m36.9s), 042/100 VUs, 465 complete and 0 interrupted iterations
normal_day   [  36% ] 042/100 VUs  03m36.9s/10m0s  4.00 iters/s

running (03m37.9s), 043/100 VUs, 468 complete and 0 interrupted iterations
normal_day   [  36% ] 043/100 VUs  03m37.9s/10m0s  4.00 iters/s

running (03m38.9s), 043/100 VUs, 472 complete and 0 interrupted iterations
normal_day   [  36% ] 043/100 VUs  03m38.9s/10m0s  4.00 iters/s

running (03m39.9s), 041/100 VUs, 478 complete and 0 interrupted iterations
normal_day   [  37% ] 041/100 VUs  03m39.9s/10m0s  4.00 iters/s

running (03m40.9s), 043/100 VUs, 480 complete and 0 interrupted iterations
normal_day   [  37% ] 043/100 VUs  03m40.9s/10m0s  4.00 iters/s

running (03m41.9s), 041/100 VUs, 486 complete and 0 interrupted iterations
normal_day   [  37% ] 041/100 VUs  03m41.9s/10m0s  4.00 iters/s

running (03m42.9s), 042/100 VUs, 489 complete and 0 interrupted iterations
normal_day   [  37% ] 042/100 VUs  03m42.9s/10m0s  4.00 iters/s

running (03m43.9s), 041/100 VUs, 494 complete and 0 interrupted iterations
normal_day   [  37% ] 041/100 VUs  03m43.9s/10m0s  4.00 iters/s

running (03m44.9s), 042/100 VUs, 497 complete and 0 interrupted iterations
normal_day   [  37% ] 042/100 VUs  03m44.9s/10m0s  4.00 iters/s

running (03m45.9s), 042/100 VUs, 501 complete and 0 interrupted iterations
normal_day   [  38% ] 042/100 VUs  03m45.9s/10m0s  4.00 iters/s

running (03m46.9s), 042/100 VUs, 505 complete and 0 interrupted iterations
normal_day   [  38% ] 042/100 VUs  03m46.9s/10m0s  4.00 iters/s

running (03m47.9s), 041/100 VUs, 510 complete and 0 interrupted iterations
normal_day   [  38% ] 041/100 VUs  03m47.9s/10m0s  4.00 iters/s

running (03m48.9s), 042/100 VUs, 513 complete and 0 interrupted iterations
normal_day   [  38% ] 042/100 VUs  03m48.9s/10m0s  4.00 iters/s

running (03m49.9s), 039/100 VUs, 520 complete and 0 interrupted iterations
normal_day   [  38% ] 039/100 VUs  03m49.9s/10m0s  4.00 iters/s

running (03m50.9s), 037/100 VUs, 526 complete and 0 interrupted iterations
normal_day   [  38% ] 037/100 VUs  03m50.9s/10m0s  4.00 iters/s

running (03m51.9s), 038/100 VUs, 529 complete and 0 interrupted iterations
normal_day   [  39% ] 038/100 VUs  03m51.9s/10m0s  4.00 iters/s

running (03m52.9s), 037/100 VUs, 534 complete and 0 interrupted iterations
normal_day   [  39% ] 037/100 VUs  03m52.9s/10m0s  4.00 iters/s

running (03m53.9s), 036/100 VUs, 539 complete and 0 interrupted iterations
normal_day   [  39% ] 036/100 VUs  03m53.9s/10m0s  4.00 iters/s

running (03m54.9s), 034/100 VUs, 545 complete and 0 interrupted iterations
normal_day   [  39% ] 034/100 VUs  03m54.9s/10m0s  4.00 iters/s

running (03m55.9s), 034/100 VUs, 549 complete and 0 interrupted iterations
normal_day   [  39% ] 034/100 VUs  03m55.9s/10m0s  4.00 iters/s

running (03m56.9s), 035/100 VUs, 552 complete and 0 interrupted iterations
normal_day   [  39% ] 035/100 VUs  03m56.9s/10m0s  4.00 iters/s

running (03m57.9s), 034/100 VUs, 557 complete and 0 interrupted iterations
normal_day   [  40% ] 034/100 VUs  03m57.9s/10m0s  4.00 iters/s

running (03m58.9s), 035/100 VUs, 560 complete and 0 interrupted iterations
normal_day   [  40% ] 035/100 VUs  03m58.9s/10m0s  4.00 iters/s

running (03m59.9s), 036/100 VUs, 563 complete and 0 interrupted iterations
normal_day   [  40% ] 036/100 VUs  03m59.9s/10m0s  4.00 iters/s

running (04m00.9s), 034/100 VUs, 569 complete and 0 interrupted iterations
normal_day   [  40% ] 034/100 VUs  04m00.9s/10m0s  4.00 iters/s

running (04m01.9s), 035/100 VUs, 572 complete and 0 interrupted iterations
normal_day   [  40% ] 035/100 VUs  04m01.9s/10m0s  4.00 iters/s

running (04m02.9s), 039/100 VUs, 572 complete and 0 interrupted iterations
normal_day   [  40% ] 039/100 VUs  04m02.9s/10m0s  4.00 iters/s

running (04m03.9s), 040/100 VUs, 575 complete and 0 interrupted iterations
normal_day   [  41% ] 040/100 VUs  04m03.9s/10m0s  4.00 iters/s

running (04m04.9s), 043/100 VUs, 576 complete and 0 interrupted iterations
normal_day   [  41% ] 043/100 VUs  04m04.9s/10m0s  4.00 iters/s

running (04m05.9s), 039/100 VUs, 584 complete and 0 interrupted iterations
normal_day   [  41% ] 039/100 VUs  04m05.9s/10m0s  4.00 iters/s

running (04m06.9s), 042/100 VUs, 585 complete and 0 interrupted iterations
normal_day   [  41% ] 042/100 VUs  04m06.9s/10m0s  4.00 iters/s

running (04m07.9s), 039/100 VUs, 592 complete and 0 interrupted iterations
normal_day   [  41% ] 039/100 VUs  04m07.9s/10m0s  4.00 iters/s

running (04m08.9s), 040/100 VUs, 595 complete and 0 interrupted iterations
normal_day   [  41% ] 040/100 VUs  04m08.9s/10m0s  4.00 iters/s

running (04m09.9s), 042/100 VUs, 597 complete and 0 interrupted iterations
normal_day   [  42% ] 042/100 VUs  04m09.9s/10m0s  4.00 iters/s

running (04m10.9s), 040/100 VUs, 603 complete and 0 interrupted iterations
normal_day   [  42% ] 040/100 VUs  04m10.9s/10m0s  4.00 iters/s

running (04m11.9s), 039/100 VUs, 608 complete and 0 interrupted iterations
normal_day   [  42% ] 039/100 VUs  04m11.9s/10m0s  4.00 iters/s

running (04m12.9s), 037/100 VUs, 614 complete and 0 interrupted iterations
normal_day   [  42% ] 037/100 VUs  04m12.9s/10m0s  4.00 iters/s

running (04m13.9s), 039/100 VUs, 616 complete and 0 interrupted iterations
normal_day   [  42% ] 039/100 VUs  04m13.9s/10m0s  4.00 iters/s

running (04m14.9s), 041/100 VUs, 618 complete and 0 interrupted iterations
normal_day   [  42% ] 041/100 VUs  04m14.9s/10m0s  4.00 iters/s

running (04m15.9s), 042/100 VUs, 621 complete and 0 interrupted iterations
normal_day   [  43% ] 042/100 VUs  04m15.9s/10m0s  4.00 iters/s

running (04m16.9s), 042/100 VUs, 625 complete and 0 interrupted iterations
normal_day   [  43% ] 042/100 VUs  04m16.9s/10m0s  4.00 iters/s

running (04m17.9s), 044/100 VUs, 627 complete and 0 interrupted iterations
normal_day   [  43% ] 044/100 VUs  04m17.9s/10m0s  4.00 iters/s

running (04m18.9s), 046/100 VUs, 629 complete and 0 interrupted iterations
normal_day   [  43% ] 046/100 VUs  04m18.9s/10m0s  4.00 iters/s

running (04m19.9s), 044/100 VUs, 635 complete and 0 interrupted iterations
normal_day   [  43% ] 044/100 VUs  04m19.9s/10m0s  4.00 iters/s

running (04m20.9s), 044/100 VUs, 639 complete and 0 interrupted iterations
normal_day   [  43% ] 044/100 VUs  04m20.9s/10m0s  4.00 iters/s

running (04m21.9s), 044/100 VUs, 643 complete and 0 interrupted iterations
normal_day   [  44% ] 044/100 VUs  04m21.9s/10m0s  4.00 iters/s

running (04m22.9s), 043/100 VUs, 648 complete and 0 interrupted iterations
normal_day   [  44% ] 043/100 VUs  04m22.9s/10m0s  4.00 iters/s

running (04m23.9s), 041/100 VUs, 654 complete and 0 interrupted iterations
normal_day   [  44% ] 041/100 VUs  04m23.9s/10m0s  4.00 iters/s

running (04m24.9s), 039/100 VUs, 660 complete and 0 interrupted iterations
normal_day   [  44% ] 039/100 VUs  04m24.9s/10m0s  4.00 iters/s

running (04m25.9s), 041/100 VUs, 662 complete and 0 interrupted iterations
normal_day   [  44% ] 041/100 VUs  04m25.9s/10m0s  4.00 iters/s

running (04m26.9s), 041/100 VUs, 666 complete and 0 interrupted iterations
normal_day   [  44% ] 041/100 VUs  04m26.9s/10m0s  4.00 iters/s

running (04m27.9s), 044/100 VUs, 667 complete and 0 interrupted iterations
normal_day   [  45% ] 044/100 VUs  04m27.9s/10m0s  4.00 iters/s

running (04m28.9s), 042/100 VUs, 673 complete and 0 interrupted iterations
normal_day   [  45% ] 042/100 VUs  04m28.9s/10m0s  4.00 iters/s

running (04m29.9s), 042/100 VUs, 677 complete and 0 interrupted iterations
normal_day   [  45% ] 042/100 VUs  04m29.9s/10m0s  4.00 iters/s

running (04m30.9s), 040/100 VUs, 683 complete and 0 interrupted iterations
normal_day   [  45% ] 040/100 VUs  04m30.9s/10m0s  4.00 iters/s

running (04m31.9s), 041/100 VUs, 686 complete and 0 interrupted iterations
normal_day   [  45% ] 041/100 VUs  04m31.9s/10m0s  4.00 iters/s

running (04m32.9s), 039/100 VUs, 692 complete and 0 interrupted iterations
normal_day   [  45% ] 039/100 VUs  04m32.9s/10m0s  4.00 iters/s

running (04m33.9s), 037/100 VUs, 698 complete and 0 interrupted iterations
normal_day   [  46% ] 037/100 VUs  04m33.9s/10m0s  4.00 iters/s

running (04m34.9s), 039/100 VUs, 700 complete and 0 interrupted iterations
normal_day   [  46% ] 039/100 VUs  04m34.9s/10m0s  4.00 iters/s

running (04m35.9s), 039/100 VUs, 704 complete and 0 interrupted iterations
normal_day   [  46% ] 039/100 VUs  04m35.9s/10m0s  4.00 iters/s

running (04m36.9s), 041/100 VUs, 706 complete and 0 interrupted iterations
normal_day   [  46% ] 041/100 VUs  04m36.9s/10m0s  4.00 iters/s

running (04m37.9s), 041/100 VUs, 710 complete and 0 interrupted iterations
normal_day   [  46% ] 041/100 VUs  04m37.9s/10m0s  4.00 iters/s

running (04m38.9s), 040/100 VUs, 715 complete and 0 interrupted iterations
normal_day   [  46% ] 040/100 VUs  04m38.9s/10m0s  4.00 iters/s

running (04m39.9s), 039/100 VUs, 720 complete and 0 interrupted iterations
normal_day   [  47% ] 039/100 VUs  04m39.9s/10m0s  4.00 iters/s

running (04m40.9s), 040/100 VUs, 723 complete and 0 interrupted iterations
normal_day   [  47% ] 040/100 VUs  04m40.9s/10m0s  4.00 iters/s

running (04m41.9s), 040/100 VUs, 727 complete and 0 interrupted iterations
normal_day   [  47% ] 040/100 VUs  04m41.9s/10m0s  4.00 iters/s

running (04m42.9s), 041/100 VUs, 730 complete and 0 interrupted iterations
normal_day   [  47% ] 041/100 VUs  04m42.9s/10m0s  4.00 iters/s

running (04m43.9s), 042/100 VUs, 733 complete and 0 interrupted iterations
normal_day   [  47% ] 042/100 VUs  04m43.9s/10m0s  4.00 iters/s

running (04m44.9s), 042/100 VUs, 737 complete and 0 interrupted iterations
normal_day   [  47% ] 042/100 VUs  04m44.9s/10m0s  4.00 iters/s

running (04m45.9s), 043/100 VUs, 740 complete and 0 interrupted iterations
normal_day   [  48% ] 043/100 VUs  04m45.9s/10m0s  4.00 iters/s

running (04m46.9s), 042/100 VUs, 745 complete and 0 interrupted iterations
normal_day   [  48% ] 042/100 VUs  04m46.9s/10m0s  4.00 iters/s

running (04m47.9s), 041/100 VUs, 750 complete and 0 interrupted iterations
normal_day   [  48% ] 041/100 VUs  04m47.9s/10m0s  4.00 iters/s

running (04m48.9s), 041/100 VUs, 754 complete and 0 interrupted iterations
normal_day   [  48% ] 041/100 VUs  04m48.9s/10m0s  4.00 iters/s

running (04m49.9s), 041/100 VUs, 758 complete and 0 interrupted iterations
normal_day   [  48% ] 041/100 VUs  04m49.9s/10m0s  4.00 iters/s

running (04m50.9s), 040/100 VUs, 763 complete and 0 interrupted iterations
normal_day   [  48% ] 040/100 VUs  04m50.9s/10m0s  4.00 iters/s

running (04m51.9s), 040/100 VUs, 767 complete and 0 interrupted iterations
normal_day   [  49% ] 040/100 VUs  04m51.9s/10m0s  4.00 iters/s

running (04m52.9s), 039/100 VUs, 772 complete and 0 interrupted iterations
normal_day   [  49% ] 039/100 VUs  04m52.9s/10m0s  4.00 iters/s

running (04m53.9s), 038/100 VUs, 777 complete and 0 interrupted iterations
normal_day   [  49% ] 038/100 VUs  04m53.9s/10m0s  4.00 iters/s

running (04m54.9s), 037/100 VUs, 782 complete and 0 interrupted iterations
normal_day   [  49% ] 037/100 VUs  04m54.9s/10m0s  4.00 iters/s

running (04m55.9s), 037/100 VUs, 786 complete and 0 interrupted iterations
normal_day   [  49% ] 037/100 VUs  04m55.9s/10m0s  4.00 iters/s

running (04m56.9s), 041/100 VUs, 786 complete and 0 interrupted iterations
normal_day   [  49% ] 041/100 VUs  04m56.9s/10m0s  4.00 iters/s

running (04m57.9s), 039/100 VUs, 792 complete and 0 interrupted iterations
normal_day   [  50% ] 039/100 VUs  04m57.9s/10m0s  4.00 iters/s

running (04m58.9s), 040/100 VUs, 795 complete and 0 interrupted iterations
normal_day   [  50% ] 040/100 VUs  04m58.9s/10m0s  4.00 iters/s

running (04m59.9s), 040/100 VUs, 799 complete and 0 interrupted iterations
normal_day   [  50% ] 040/100 VUs  04m59.9s/10m0s  4.00 iters/s

running (05m00.9s), 040/100 VUs, 803 complete and 0 interrupted iterations
normal_day   [  50% ] 040/100 VUs  05m00.9s/10m0s  4.00 iters/s

running (05m01.9s), 041/100 VUs, 806 complete and 0 interrupted iterations
normal_day   [  50% ] 041/100 VUs  05m01.9s/10m0s  4.00 iters/s

running (05m02.9s), 043/100 VUs, 808 complete and 0 interrupted iterations
normal_day   [  50% ] 043/100 VUs  05m02.9s/10m0s  4.00 iters/s

running (05m03.9s), 041/100 VUs, 814 complete and 0 interrupted iterations
normal_day   [  51% ] 041/100 VUs  05m03.9s/10m0s  4.00 iters/s

running (05m04.9s), 041/100 VUs, 818 complete and 0 interrupted iterations
normal_day   [  51% ] 041/100 VUs  05m04.9s/10m0s  4.00 iters/s

running (05m05.9s), 041/100 VUs, 822 complete and 0 interrupted iterations
normal_day   [  51% ] 041/100 VUs  05m05.9s/10m0s  4.00 iters/s

running (05m06.9s), 040/100 VUs, 827 complete and 0 interrupted iterations
normal_day   [  51% ] 040/100 VUs  05m06.9s/10m0s  4.00 iters/s

running (05m07.9s), 040/100 VUs, 831 complete and 0 interrupted iterations
normal_day   [  51% ] 040/100 VUs  05m07.9s/10m0s  4.00 iters/s

running (05m08.9s), 040/100 VUs, 835 complete and 0 interrupted iterations
normal_day   [  51% ] 040/100 VUs  05m08.9s/10m0s  4.00 iters/s

running (05m09.9s), 041/100 VUs, 838 complete and 0 interrupted iterations
normal_day   [  52% ] 041/100 VUs  05m09.9s/10m0s  4.00 iters/s

running (05m10.9s), 043/100 VUs, 840 complete and 0 interrupted iterations
normal_day   [  52% ] 043/100 VUs  05m10.9s/10m0s  4.00 iters/s

running (05m11.9s), 044/100 VUs, 843 complete and 0 interrupted iterations
normal_day   [  52% ] 044/100 VUs  05m11.9s/10m0s  4.00 iters/s

running (05m12.9s), 045/100 VUs, 846 complete and 0 interrupted iterations
normal_day   [  52% ] 045/100 VUs  05m12.9s/10m0s  4.00 iters/s

running (05m13.9s), 044/100 VUs, 851 complete and 0 interrupted iterations
normal_day   [  52% ] 044/100 VUs  05m13.9s/10m0s  4.00 iters/s

running (05m14.9s), 043/100 VUs, 856 complete and 0 interrupted iterations
normal_day   [  52% ] 043/100 VUs  05m14.9s/10m0s  4.00 iters/s

running (05m15.9s), 040/100 VUs, 863 complete and 0 interrupted iterations
normal_day   [  53% ] 040/100 VUs  05m15.9s/10m0s  4.00 iters/s

running (05m16.9s), 042/100 VUs, 865 complete and 0 interrupted iterations
normal_day   [  53% ] 042/100 VUs  05m16.9s/10m0s  4.00 iters/s

running (05m17.9s), 043/100 VUs, 868 complete and 0 interrupted iterations
normal_day   [  53% ] 043/100 VUs  05m17.9s/10m0s  4.00 iters/s

running (05m18.9s), 040/100 VUs, 875 complete and 0 interrupted iterations
normal_day   [  53% ] 040/100 VUs  05m18.9s/10m0s  4.00 iters/s

running (05m19.9s), 039/100 VUs, 880 complete and 0 interrupted iterations
normal_day   [  53% ] 039/100 VUs  05m19.9s/10m0s  4.00 iters/s

running (05m20.9s), 040/100 VUs, 883 complete and 0 interrupted iterations
normal_day   [  53% ] 040/100 VUs  05m20.9s/10m0s  4.00 iters/s

running (05m21.9s), 044/100 VUs, 883 complete and 0 interrupted iterations
normal_day   [  54% ] 044/100 VUs  05m21.9s/10m0s  4.00 iters/s

running (05m22.9s), 041/100 VUs, 890 complete and 0 interrupted iterations
normal_day   [  54% ] 041/100 VUs  05m22.9s/10m0s  4.00 iters/s

running (05m23.9s), 041/100 VUs, 894 complete and 0 interrupted iterations
normal_day   [  54% ] 041/100 VUs  05m23.9s/10m0s  4.00 iters/s

running (05m24.9s), 040/100 VUs, 899 complete and 0 interrupted iterations
normal_day   [  54% ] 040/100 VUs  05m24.9s/10m0s  4.00 iters/s

running (05m25.9s), 043/100 VUs, 900 complete and 0 interrupted iterations
normal_day   [  54% ] 043/100 VUs  05m25.9s/10m0s  4.00 iters/s

running (05m26.9s), 042/100 VUs, 905 complete and 0 interrupted iterations
normal_day   [  54% ] 042/100 VUs  05m26.9s/10m0s  4.00 iters/s

running (05m27.9s), 044/100 VUs, 907 complete and 0 interrupted iterations
normal_day   [  55% ] 044/100 VUs  05m27.9s/10m0s  4.00 iters/s

running (05m28.9s), 044/100 VUs, 911 complete and 0 interrupted iterations
normal_day   [  55% ] 044/100 VUs  05m28.9s/10m0s  4.00 iters/s

running (05m29.9s), 043/100 VUs, 916 complete and 0 interrupted iterations
normal_day   [  55% ] 043/100 VUs  05m29.9s/10m0s  4.00 iters/s

running (05m30.9s), 042/100 VUs, 921 complete and 0 interrupted iterations
normal_day   [  55% ] 042/100 VUs  05m30.9s/10m0s  4.00 iters/s

running (05m31.9s), 042/100 VUs, 925 complete and 0 interrupted iterations
normal_day   [  55% ] 042/100 VUs  05m31.9s/10m0s  4.00 iters/s

running (05m32.9s), 044/100 VUs, 927 complete and 0 interrupted iterations
normal_day   [  55% ] 044/100 VUs  05m32.9s/10m0s  4.00 iters/s

running (05m33.9s), 043/100 VUs, 932 complete and 0 interrupted iterations
normal_day   [  56% ] 043/100 VUs  05m33.9s/10m0s  4.00 iters/s

running (05m34.9s), 043/100 VUs, 936 complete and 0 interrupted iterations
normal_day   [  56% ] 043/100 VUs  05m34.9s/10m0s  4.00 iters/s

running (05m35.9s), 044/100 VUs, 939 complete and 0 interrupted iterations
normal_day   [  56% ] 044/100 VUs  05m35.9s/10m0s  4.00 iters/s

running (05m36.9s), 040/100 VUs, 947 complete and 0 interrupted iterations
normal_day   [  56% ] 040/100 VUs  05m36.9s/10m0s  4.00 iters/s

running (05m37.9s), 038/100 VUs, 953 complete and 0 interrupted iterations
normal_day   [  56% ] 038/100 VUs  05m37.9s/10m0s  4.00 iters/s

running (05m38.9s), 037/100 VUs, 958 complete and 0 interrupted iterations
normal_day   [  56% ] 037/100 VUs  05m38.9s/10m0s  4.00 iters/s

running (05m39.9s), 038/100 VUs, 961 complete and 0 interrupted iterations
normal_day   [  57% ] 038/100 VUs  05m39.9s/10m0s  4.00 iters/s

running (05m40.9s), 039/100 VUs, 964 complete and 0 interrupted iterations
normal_day   [  57% ] 039/100 VUs  05m40.9s/10m0s  4.00 iters/s

running (05m41.9s), 041/100 VUs, 966 complete and 0 interrupted iterations
normal_day   [  57% ] 041/100 VUs  05m41.9s/10m0s  4.00 iters/s

running (05m42.9s), 039/100 VUs, 972 complete and 0 interrupted iterations
normal_day   [  57% ] 039/100 VUs  05m42.9s/10m0s  4.00 iters/s

running (05m43.9s), 038/100 VUs, 977 complete and 0 interrupted iterations
normal_day   [  57% ] 038/100 VUs  05m43.9s/10m0s  4.00 iters/s

running (05m44.9s), 038/100 VUs, 981 complete and 0 interrupted iterations
normal_day   [  57% ] 038/100 VUs  05m44.9s/10m0s  4.00 iters/s

running (05m45.9s), 041/100 VUs, 982 complete and 0 interrupted iterations
normal_day   [  58% ] 041/100 VUs  05m45.9s/10m0s  4.00 iters/s

running (05m46.9s), 042/100 VUs, 985 complete and 0 interrupted iterations
normal_day   [  58% ] 042/100 VUs  05m46.9s/10m0s  4.00 iters/s

running (05m47.9s), 045/100 VUs, 986 complete and 0 interrupted iterations
normal_day   [  58% ] 045/100 VUs  05m47.9s/10m0s  4.00 iters/s

running (05m48.9s), 046/100 VUs, 989 complete and 0 interrupted iterations
normal_day   [  58% ] 046/100 VUs  05m48.9s/10m0s  4.00 iters/s

running (05m49.9s), 047/100 VUs, 992 complete and 0 interrupted iterations
normal_day   [  58% ] 047/100 VUs  05m49.9s/10m0s  4.00 iters/s

running (05m50.9s), 050/100 VUs, 993 complete and 0 interrupted iterations
normal_day   [  58% ] 050/100 VUs  05m50.9s/10m0s  4.00 iters/s

running (05m51.9s), 049/100 VUs, 998 complete and 0 interrupted iterations
normal_day   [  59% ] 049/100 VUs  05m51.9s/10m0s  4.00 iters/s

running (05m52.9s), 051/100 VUs, 1000 complete and 0 interrupted iterations
normal_day   [  59% ] 051/100 VUs  05m52.9s/10m0s  4.00 iters/s

running (05m53.9s), 051/100 VUs, 1004 complete and 0 interrupted iterations
normal_day   [  59% ] 051/100 VUs  05m53.9s/10m0s  4.00 iters/s

running (05m54.9s), 051/100 VUs, 1008 complete and 0 interrupted iterations
normal_day   [  59% ] 051/100 VUs  05m54.9s/10m0s  4.00 iters/s

running (05m55.9s), 050/100 VUs, 1013 complete and 0 interrupted iterations
normal_day   [  59% ] 050/100 VUs  05m55.9s/10m0s  4.00 iters/s

running (05m56.9s), 050/100 VUs, 1017 complete and 0 interrupted iterations
normal_day   [  59% ] 050/100 VUs  05m56.9s/10m0s  4.00 iters/s

running (05m57.9s), 048/100 VUs, 1023 complete and 0 interrupted iterations
normal_day   [  60% ] 048/100 VUs  05m57.9s/10m0s  4.00 iters/s

running (05m58.9s), 047/100 VUs, 1028 complete and 0 interrupted iterations
normal_day   [  60% ] 047/100 VUs  05m58.9s/10m0s  4.00 iters/s

running (05m59.9s), 048/100 VUs, 1031 complete and 0 interrupted iterations
normal_day   [  60% ] 048/100 VUs  05m59.9s/10m0s  4.00 iters/s

running (06m00.9s), 044/100 VUs, 1039 complete and 0 interrupted iterations
normal_day   [  60% ] 044/100 VUs  06m00.9s/10m0s  4.00 iters/s

running (06m01.9s), 044/100 VUs, 1043 complete and 0 interrupted iterations
normal_day   [  60% ] 044/100 VUs  06m01.9s/10m0s  4.00 iters/s

running (06m02.9s), 042/100 VUs, 1049 complete and 0 interrupted iterations
normal_day   [  60% ] 042/100 VUs  06m02.9s/10m0s  4.00 iters/s

running (06m03.9s), 044/100 VUs, 1051 complete and 0 interrupted iterations
normal_day   [  61% ] 044/100 VUs  06m03.9s/10m0s  4.00 iters/s

running (06m04.9s), 040/100 VUs, 1059 complete and 0 interrupted iterations
normal_day   [  61% ] 040/100 VUs  06m04.9s/10m0s  4.00 iters/s

running (06m05.9s), 042/100 VUs, 1061 complete and 0 interrupted iterations
normal_day   [  61% ] 042/100 VUs  06m05.9s/10m0s  4.00 iters/s

running (06m06.9s), 041/100 VUs, 1066 complete and 0 interrupted iterations
normal_day   [  61% ] 041/100 VUs  06m06.9s/10m0s  4.00 iters/s

running (06m07.9s), 039/100 VUs, 1072 complete and 0 interrupted iterations
normal_day   [  61% ] 039/100 VUs  06m07.9s/10m0s  4.00 iters/s

running (06m08.9s), 039/100 VUs, 1076 complete and 0 interrupted iterations
normal_day   [  61% ] 039/100 VUs  06m08.9s/10m0s  4.00 iters/s

running (06m09.9s), 038/100 VUs, 1081 complete and 0 interrupted iterations
normal_day   [  62% ] 038/100 VUs  06m09.9s/10m0s  4.00 iters/s

running (06m10.9s), 039/100 VUs, 1084 complete and 0 interrupted iterations
normal_day   [  62% ] 039/100 VUs  06m10.9s/10m0s  4.00 iters/s

running (06m11.9s), 036/100 VUs, 1091 complete and 0 interrupted iterations
normal_day   [  62% ] 036/100 VUs  06m11.9s/10m0s  4.00 iters/s

running (06m12.9s), 036/100 VUs, 1095 complete and 0 interrupted iterations
normal_day   [  62% ] 036/100 VUs  06m12.9s/10m0s  4.00 iters/s

running (06m13.9s), 038/100 VUs, 1097 complete and 0 interrupted iterations
normal_day   [  62% ] 038/100 VUs  06m13.9s/10m0s  4.00 iters/s

running (06m14.9s), 039/100 VUs, 1100 complete and 0 interrupted iterations
normal_day   [  62% ] 039/100 VUs  06m14.9s/10m0s  4.00 iters/s

running (06m15.9s), 040/100 VUs, 1103 complete and 0 interrupted iterations
normal_day   [  63% ] 040/100 VUs  06m15.9s/10m0s  4.00 iters/s

running (06m16.9s), 040/100 VUs, 1107 complete and 0 interrupted iterations
normal_day   [  63% ] 040/100 VUs  06m16.9s/10m0s  4.00 iters/s

running (06m17.9s), 040/100 VUs, 1111 complete and 0 interrupted iterations
normal_day   [  63% ] 040/100 VUs  06m17.9s/10m0s  4.00 iters/s

running (06m18.9s), 039/100 VUs, 1116 complete and 0 interrupted iterations
normal_day   [  63% ] 039/100 VUs  06m18.9s/10m0s  4.00 iters/s

running (06m19.9s), 041/100 VUs, 1118 complete and 0 interrupted iterations
normal_day   [  63% ] 041/100 VUs  06m19.9s/10m0s  4.00 iters/s

running (06m20.9s), 043/100 VUs, 1120 complete and 0 interrupted iterations
normal_day   [  63% ] 043/100 VUs  06m20.9s/10m0s  4.00 iters/s

running (06m21.9s), 045/100 VUs, 1122 complete and 0 interrupted iterations
normal_day   [  64% ] 045/100 VUs  06m21.9s/10m0s  4.00 iters/s

running (06m22.9s), 044/100 VUs, 1127 complete and 0 interrupted iterations
normal_day   [  64% ] 044/100 VUs  06m22.9s/10m0s  4.00 iters/s

running (06m23.9s), 039/100 VUs, 1136 complete and 0 interrupted iterations
normal_day   [  64% ] 039/100 VUs  06m23.9s/10m0s  4.00 iters/s

running (06m24.9s), 039/100 VUs, 1140 complete and 0 interrupted iterations
normal_day   [  64% ] 039/100 VUs  06m24.9s/10m0s  4.00 iters/s

running (06m25.9s), 039/100 VUs, 1144 complete and 0 interrupted iterations
normal_day   [  64% ] 039/100 VUs  06m25.9s/10m0s  4.00 iters/s

running (06m26.9s), 038/100 VUs, 1149 complete and 0 interrupted iterations
normal_day   [  64% ] 038/100 VUs  06m26.9s/10m0s  4.00 iters/s

running (06m27.9s), 040/100 VUs, 1151 complete and 0 interrupted iterations
normal_day   [  65% ] 040/100 VUs  06m27.9s/10m0s  4.00 iters/s

running (06m28.9s), 039/100 VUs, 1156 complete and 0 interrupted iterations
normal_day   [  65% ] 039/100 VUs  06m28.9s/10m0s  4.00 iters/s

running (06m29.9s), 041/100 VUs, 1158 complete and 0 interrupted iterations
normal_day   [  65% ] 041/100 VUs  06m29.9s/10m0s  4.00 iters/s

running (06m30.9s), 042/100 VUs, 1161 complete and 0 interrupted iterations
normal_day   [  65% ] 042/100 VUs  06m30.9s/10m0s  4.00 iters/s

running (06m31.9s), 039/100 VUs, 1168 complete and 0 interrupted iterations
normal_day   [  65% ] 039/100 VUs  06m31.9s/10m0s  4.00 iters/s

running (06m32.9s), 036/100 VUs, 1175 complete and 0 interrupted iterations
normal_day   [  65% ] 036/100 VUs  06m32.9s/10m0s  4.00 iters/s

running (06m33.9s), 039/100 VUs, 1176 complete and 0 interrupted iterations
normal_day   [  66% ] 039/100 VUs  06m33.9s/10m0s  4.00 iters/s

running (06m34.9s), 036/100 VUs, 1183 complete and 0 interrupted iterations
normal_day   [  66% ] 036/100 VUs  06m34.9s/10m0s  4.00 iters/s

running (06m35.9s), 038/100 VUs, 1185 complete and 0 interrupted iterations
normal_day   [  66% ] 038/100 VUs  06m35.9s/10m0s  4.00 iters/s

running (06m36.9s), 037/100 VUs, 1190 complete and 0 interrupted iterations
normal_day   [  66% ] 037/100 VUs  06m36.9s/10m0s  4.00 iters/s

running (06m37.9s), 036/100 VUs, 1195 complete and 0 interrupted iterations
normal_day   [  66% ] 036/100 VUs  06m37.9s/10m0s  4.00 iters/s

running (06m38.9s), 036/100 VUs, 1199 complete and 0 interrupted iterations
normal_day   [  66% ] 036/100 VUs  06m38.9s/10m0s  4.00 iters/s

running (06m39.9s), 037/100 VUs, 1202 complete and 0 interrupted iterations
normal_day   [  67% ] 037/100 VUs  06m39.9s/10m0s  4.00 iters/s

running (06m40.9s), 038/100 VUs, 1205 complete and 0 interrupted iterations
normal_day   [  67% ] 038/100 VUs  06m40.9s/10m0s  4.00 iters/s

running (06m41.9s), 040/100 VUs, 1207 complete and 0 interrupted iterations
normal_day   [  67% ] 040/100 VUs  06m41.9s/10m0s  4.00 iters/s

running (06m42.9s), 040/100 VUs, 1211 complete and 0 interrupted iterations
normal_day   [  67% ] 040/100 VUs  06m42.9s/10m0s  4.00 iters/s

running (06m43.9s), 041/100 VUs, 1214 complete and 0 interrupted iterations
normal_day   [  67% ] 041/100 VUs  06m43.9s/10m0s  4.00 iters/s

running (06m44.9s), 042/100 VUs, 1217 complete and 0 interrupted iterations
normal_day   [  67% ] 042/100 VUs  06m44.9s/10m0s  4.00 iters/s

running (06m45.9s), 041/100 VUs, 1222 complete and 0 interrupted iterations
normal_day   [  68% ] 041/100 VUs  06m45.9s/10m0s  4.00 iters/s

running (06m46.9s), 044/100 VUs, 1223 complete and 0 interrupted iterations
normal_day   [  68% ] 044/100 VUs  06m46.9s/10m0s  4.00 iters/s

running (06m47.9s), 045/100 VUs, 1226 complete and 0 interrupted iterations
normal_day   [  68% ] 045/100 VUs  06m47.9s/10m0s  4.00 iters/s

running (06m48.9s), 044/100 VUs, 1231 complete and 0 interrupted iterations
normal_day   [  68% ] 044/100 VUs  06m48.9s/10m0s  4.00 iters/s

running (06m49.9s), 043/100 VUs, 1236 complete and 0 interrupted iterations
normal_day   [  68% ] 043/100 VUs  06m49.9s/10m0s  4.00 iters/s

running (06m50.9s), 040/100 VUs, 1243 complete and 0 interrupted iterations
normal_day   [  68% ] 040/100 VUs  06m50.9s/10m0s  4.00 iters/s

running (06m51.9s), 039/100 VUs, 1248 complete and 0 interrupted iterations
normal_day   [  69% ] 039/100 VUs  06m51.9s/10m0s  4.00 iters/s

running (06m52.9s), 041/100 VUs, 1250 complete and 0 interrupted iterations
normal_day   [  69% ] 041/100 VUs  06m52.9s/10m0s  4.00 iters/s

running (06m53.9s), 041/100 VUs, 1254 complete and 0 interrupted iterations
normal_day   [  69% ] 041/100 VUs  06m53.9s/10m0s  4.00 iters/s

running (06m54.9s), 042/100 VUs, 1257 complete and 0 interrupted iterations
normal_day   [  69% ] 042/100 VUs  06m54.9s/10m0s  4.00 iters/s

running (06m55.9s), 043/100 VUs, 1260 complete and 0 interrupted iterations
normal_day   [  69% ] 043/100 VUs  06m55.9s/10m0s  4.00 iters/s

running (06m56.9s), 041/100 VUs, 1266 complete and 0 interrupted iterations
normal_day   [  69% ] 041/100 VUs  06m56.9s/10m0s  4.00 iters/s

running (06m57.9s), 040/100 VUs, 1271 complete and 0 interrupted iterations
normal_day   [  70% ] 040/100 VUs  06m57.9s/10m0s  4.00 iters/s

running (06m58.9s), 042/100 VUs, 1273 complete and 0 interrupted iterations
normal_day   [  70% ] 042/100 VUs  06m58.9s/10m0s  4.00 iters/s

running (06m59.9s), 040/100 VUs, 1279 complete and 0 interrupted iterations
normal_day   [  70% ] 040/100 VUs  06m59.9s/10m0s  4.00 iters/s

running (07m00.9s), 039/100 VUs, 1284 complete and 0 interrupted iterations
normal_day   [  70% ] 039/100 VUs  07m00.9s/10m0s  4.00 iters/s

running (07m01.9s), 040/100 VUs, 1287 complete and 0 interrupted iterations
normal_day   [  70% ] 040/100 VUs  07m01.9s/10m0s  4.00 iters/s

running (07m02.9s), 037/100 VUs, 1294 complete and 0 interrupted iterations
normal_day   [  70% ] 037/100 VUs  07m02.9s/10m0s  4.00 iters/s

running (07m03.9s), 037/100 VUs, 1298 complete and 0 interrupted iterations
normal_day   [  71% ] 037/100 VUs  07m03.9s/10m0s  4.00 iters/s

running (07m04.9s), 036/100 VUs, 1303 complete and 0 interrupted iterations
normal_day   [  71% ] 036/100 VUs  07m04.9s/10m0s  4.00 iters/s

running (07m05.9s), 037/100 VUs, 1306 complete and 0 interrupted iterations
normal_day   [  71% ] 037/100 VUs  07m05.9s/10m0s  4.00 iters/s

running (07m06.9s), 035/100 VUs, 1312 complete and 0 interrupted iterations
normal_day   [  71% ] 035/100 VUs  07m06.9s/10m0s  4.00 iters/s

running (07m07.9s), 038/100 VUs, 1313 complete and 0 interrupted iterations
normal_day   [  71% ] 038/100 VUs  07m07.9s/10m0s  4.00 iters/s

running (07m08.9s), 038/100 VUs, 1317 complete and 0 interrupted iterations
normal_day   [  71% ] 038/100 VUs  07m08.9s/10m0s  4.00 iters/s

running (07m09.9s), 040/100 VUs, 1319 complete and 0 interrupted iterations
normal_day   [  72% ] 040/100 VUs  07m09.9s/10m0s  4.00 iters/s

running (07m10.9s), 041/100 VUs, 1322 complete and 0 interrupted iterations
normal_day   [  72% ] 041/100 VUs  07m10.9s/10m0s  4.00 iters/s

running (07m11.9s), 041/100 VUs, 1326 complete and 0 interrupted iterations
normal_day   [  72% ] 041/100 VUs  07m11.9s/10m0s  4.00 iters/s

running (07m12.9s), 043/100 VUs, 1328 complete and 0 interrupted iterations
normal_day   [  72% ] 043/100 VUs  07m12.9s/10m0s  4.00 iters/s

running (07m13.9s), 043/100 VUs, 1332 complete and 0 interrupted iterations
normal_day   [  72% ] 043/100 VUs  07m13.9s/10m0s  4.00 iters/s

running (07m14.9s), 043/100 VUs, 1336 complete and 0 interrupted iterations
normal_day   [  72% ] 043/100 VUs  07m14.9s/10m0s  4.00 iters/s

running (07m15.9s), 044/100 VUs, 1339 complete and 0 interrupted iterations
normal_day   [  73% ] 044/100 VUs  07m15.9s/10m0s  4.00 iters/s

running (07m16.9s), 043/100 VUs, 1344 complete and 0 interrupted iterations
normal_day   [  73% ] 043/100 VUs  07m16.9s/10m0s  4.00 iters/s

running (07m17.9s), 044/100 VUs, 1347 complete and 0 interrupted iterations
normal_day   [  73% ] 044/100 VUs  07m17.9s/10m0s  4.00 iters/s

running (07m18.9s), 043/100 VUs, 1352 complete and 0 interrupted iterations
normal_day   [  73% ] 043/100 VUs  07m18.9s/10m0s  4.00 iters/s

running (07m19.9s), 039/100 VUs, 1360 complete and 0 interrupted iterations
normal_day   [  73% ] 039/100 VUs  07m19.9s/10m0s  4.00 iters/s

running (07m20.9s), 040/100 VUs, 1363 complete and 0 interrupted iterations
normal_day   [  73% ] 040/100 VUs  07m20.9s/10m0s  4.00 iters/s

running (07m21.9s), 043/100 VUs, 1364 complete and 0 interrupted iterations
normal_day   [  74% ] 043/100 VUs  07m21.9s/10m0s  4.00 iters/s

running (07m22.9s), 044/100 VUs, 1367 complete and 0 interrupted iterations
normal_day   [  74% ] 044/100 VUs  07m22.9s/10m0s  4.00 iters/s

running (07m23.9s), 043/100 VUs, 1372 complete and 0 interrupted iterations
normal_day   [  74% ] 043/100 VUs  07m23.9s/10m0s  4.00 iters/s

running (07m24.9s), 040/100 VUs, 1379 complete and 0 interrupted iterations
normal_day   [  74% ] 040/100 VUs  07m24.9s/10m0s  4.00 iters/s

running (07m25.9s), 039/100 VUs, 1384 complete and 0 interrupted iterations
normal_day   [  74% ] 039/100 VUs  07m25.9s/10m0s  4.00 iters/s

running (07m26.9s), 038/100 VUs, 1389 complete and 0 interrupted iterations
normal_day   [  74% ] 038/100 VUs  07m26.9s/10m0s  4.00 iters/s

running (07m27.9s), 041/100 VUs, 1390 complete and 0 interrupted iterations
normal_day   [  75% ] 041/100 VUs  07m27.9s/10m0s  4.00 iters/s

running (07m28.9s), 043/100 VUs, 1392 complete and 0 interrupted iterations
normal_day   [  75% ] 043/100 VUs  07m28.9s/10m0s  4.00 iters/s

running (07m29.9s), 043/100 VUs, 1396 complete and 0 interrupted iterations
normal_day   [  75% ] 043/100 VUs  07m29.9s/10m0s  4.00 iters/s

running (07m30.9s), 040/100 VUs, 1403 complete and 0 interrupted iterations
normal_day   [  75% ] 040/100 VUs  07m30.9s/10m0s  4.00 iters/s

running (07m31.9s), 040/100 VUs, 1407 complete and 0 interrupted iterations
normal_day   [  75% ] 040/100 VUs  07m31.9s/10m0s  4.00 iters/s

running (07m32.9s), 038/100 VUs, 1413 complete and 0 interrupted iterations
normal_day   [  75% ] 038/100 VUs  07m32.9s/10m0s  4.00 iters/s

running (07m33.9s), 041/100 VUs, 1414 complete and 0 interrupted iterations
normal_day   [  76% ] 041/100 VUs  07m33.9s/10m0s  4.00 iters/s

running (07m34.9s), 040/100 VUs, 1419 complete and 0 interrupted iterations
normal_day   [  76% ] 040/100 VUs  07m34.9s/10m0s  4.00 iters/s

running (07m35.9s), 042/100 VUs, 1421 complete and 0 interrupted iterations
normal_day   [  76% ] 042/100 VUs  07m35.9s/10m0s  4.00 iters/s

running (07m36.9s), 042/100 VUs, 1425 complete and 0 interrupted iterations
normal_day   [  76% ] 042/100 VUs  07m36.9s/10m0s  4.00 iters/s

running (07m37.9s), 043/100 VUs, 1428 complete and 0 interrupted iterations
normal_day   [  76% ] 043/100 VUs  07m37.9s/10m0s  4.00 iters/s

running (07m38.9s), 042/100 VUs, 1433 complete and 0 interrupted iterations
normal_day   [  76% ] 042/100 VUs  07m38.9s/10m0s  4.00 iters/s

running (07m39.9s), 040/100 VUs, 1439 complete and 0 interrupted iterations
normal_day   [  77% ] 040/100 VUs  07m39.9s/10m0s  4.00 iters/s

running (07m40.9s), 037/100 VUs, 1446 complete and 0 interrupted iterations
normal_day   [  77% ] 037/100 VUs  07m40.9s/10m0s  4.00 iters/s

running (07m41.9s), 037/100 VUs, 1450 complete and 0 interrupted iterations
normal_day   [  77% ] 037/100 VUs  07m41.9s/10m0s  4.00 iters/s

running (07m42.9s), 037/100 VUs, 1454 complete and 0 interrupted iterations
normal_day   [  77% ] 037/100 VUs  07m42.9s/10m0s  4.00 iters/s

running (07m43.9s), 034/100 VUs, 1461 complete and 0 interrupted iterations
normal_day   [  77% ] 034/100 VUs  07m43.9s/10m0s  4.00 iters/s

running (07m44.9s), 036/100 VUs, 1463 complete and 0 interrupted iterations
normal_day   [  77% ] 036/100 VUs  07m44.9s/10m0s  4.00 iters/s

running (07m45.9s), 040/100 VUs, 1463 complete and 0 interrupted iterations
normal_day   [  78% ] 040/100 VUs  07m45.9s/10m0s  4.00 iters/s

running (07m46.9s), 042/100 VUs, 1465 complete and 0 interrupted iterations
normal_day   [  78% ] 042/100 VUs  07m46.9s/10m0s  4.00 iters/s

running (07m47.9s), 042/100 VUs, 1469 complete and 0 interrupted iterations
normal_day   [  78% ] 042/100 VUs  07m47.9s/10m0s  4.00 iters/s

running (07m48.9s), 042/100 VUs, 1473 complete and 0 interrupted iterations
normal_day   [  78% ] 042/100 VUs  07m48.9s/10m0s  4.00 iters/s

running (07m49.9s), 040/100 VUs, 1479 complete and 0 interrupted iterations
normal_day   [  78% ] 040/100 VUs  07m49.9s/10m0s  4.00 iters/s

running (07m50.9s), 041/100 VUs, 1482 complete and 0 interrupted iterations
normal_day   [  78% ] 041/100 VUs  07m50.9s/10m0s  4.00 iters/s

running (07m51.9s), 042/100 VUs, 1485 complete and 0 interrupted iterations
normal_day   [  79% ] 042/100 VUs  07m51.9s/10m0s  4.00 iters/s

running (07m52.9s), 045/100 VUs, 1486 complete and 0 interrupted iterations
normal_day   [  79% ] 045/100 VUs  07m52.9s/10m0s  4.00 iters/s

running (07m53.9s), 045/100 VUs, 1490 complete and 0 interrupted iterations
normal_day   [  79% ] 045/100 VUs  07m53.9s/10m0s  4.00 iters/s

running (07m54.9s), 045/100 VUs, 1494 complete and 0 interrupted iterations
normal_day   [  79% ] 045/100 VUs  07m54.9s/10m0s  4.00 iters/s

running (07m55.9s), 046/100 VUs, 1497 complete and 0 interrupted iterations
normal_day   [  79% ] 046/100 VUs  07m55.9s/10m0s  4.00 iters/s

running (07m56.9s), 048/100 VUs, 1499 complete and 0 interrupted iterations
normal_day   [  79% ] 048/100 VUs  07m56.9s/10m0s  4.00 iters/s

running (07m57.9s), 045/100 VUs, 1506 complete and 0 interrupted iterations
normal_day   [  80% ] 045/100 VUs  07m57.9s/10m0s  4.00 iters/s

running (07m58.9s), 044/100 VUs, 1511 complete and 0 interrupted iterations
normal_day   [  80% ] 044/100 VUs  07m58.9s/10m0s  4.00 iters/s

running (07m59.9s), 042/100 VUs, 1517 complete and 0 interrupted iterations
normal_day   [  80% ] 042/100 VUs  07m59.9s/10m0s  4.00 iters/s

running (08m00.9s), 042/100 VUs, 1521 complete and 0 interrupted iterations
normal_day   [  80% ] 042/100 VUs  08m00.9s/10m0s  3.97 iters/s

running (08m01.9s), 040/100 VUs, 1527 complete and 0 interrupted iterations
normal_day   [  80% ] 040/100 VUs  08m01.9s/10m0s  3.94 iters/s

running (08m02.9s), 039/100 VUs, 1532 complete and 0 interrupted iterations
normal_day   [  80% ] 039/100 VUs  08m02.9s/10m0s  3.90 iters/s

running (08m03.9s), 041/100 VUs, 1534 complete and 0 interrupted iterations
normal_day   [  81% ] 041/100 VUs  08m03.9s/10m0s  3.87 iters/s

running (08m04.9s), 043/100 VUs, 1536 complete and 0 interrupted iterations
normal_day   [  81% ] 043/100 VUs  08m04.9s/10m0s  3.83 iters/s

running (08m05.9s), 044/100 VUs, 1538 complete and 0 interrupted iterations
normal_day   [  81% ] 044/100 VUs  08m05.9s/10m0s  3.81 iters/s

running (08m06.9s), 044/100 VUs, 1542 complete and 0 interrupted iterations
normal_day   [  81% ] 044/100 VUs  08m06.9s/10m0s  3.77 iters/s

running (08m07.9s), 044/100 VUs, 1546 complete and 0 interrupted iterations
normal_day   [  81% ] 044/100 VUs  08m07.9s/10m0s  3.74 iters/s

running (08m08.9s), 042/100 VUs, 1552 complete and 0 interrupted iterations
normal_day   [  81% ] 042/100 VUs  08m08.9s/10m0s  3.70 iters/s

running (08m09.9s), 043/100 VUs, 1554 complete and 0 interrupted iterations
normal_day   [  82% ] 043/100 VUs  08m09.9s/10m0s  3.67 iters/s

running (08m10.9s), 044/100 VUs, 1557 complete and 0 interrupted iterations
normal_day   [  82% ] 044/100 VUs  08m10.9s/10m0s  3.64 iters/s

running (08m11.9s), 039/100 VUs, 1566 complete and 0 interrupted iterations
normal_day   [  82% ] 039/100 VUs  08m11.9s/10m0s  3.60 iters/s

running (08m12.9s), 040/100 VUs, 1568 complete and 0 interrupted iterations
normal_day   [  82% ] 040/100 VUs  08m12.9s/10m0s  3.57 iters/s

running (08m13.9s), 040/100 VUs, 1572 complete and 0 interrupted iterations
normal_day   [  82% ] 040/100 VUs  08m13.9s/10m0s  3.54 iters/s

running (08m14.9s), 041/100 VUs, 1574 complete and 0 interrupted iterations
normal_day   [  82% ] 041/100 VUs  08m14.9s/10m0s  3.51 iters/s

running (08m15.9s), 038/100 VUs, 1581 complete and 0 interrupted iterations
normal_day   [  83% ] 038/100 VUs  08m15.9s/10m0s  3.47 iters/s

running (08m16.9s), 037/100 VUs, 1585 complete and 0 interrupted iterations
normal_day   [  83% ] 037/100 VUs  08m16.9s/10m0s  3.44 iters/s

running (08m17.9s), 037/100 VUs, 1589 complete and 0 interrupted iterations
normal_day   [  83% ] 037/100 VUs  08m17.9s/10m0s  3.40 iters/s

running (08m18.9s), 034/100 VUs, 1595 complete and 0 interrupted iterations
normal_day   [  83% ] 034/100 VUs  08m18.9s/10m0s  3.37 iters/s

running (08m19.9s), 032/100 VUs, 1600 complete and 0 interrupted iterations
normal_day   [  83% ] 032/100 VUs  08m19.9s/10m0s  3.34 iters/s

running (08m20.9s), 033/100 VUs, 1603 complete and 0 interrupted iterations
normal_day   [  83% ] 033/100 VUs  08m20.9s/10m0s  3.30 iters/s

running (08m21.9s), 032/100 VUs, 1607 complete and 0 interrupted iterations
normal_day   [  84% ] 032/100 VUs  08m21.9s/10m0s  3.27 iters/s

running (08m22.9s), 034/100 VUs, 1608 complete and 0 interrupted iterations
normal_day   [  84% ] 034/100 VUs  08m22.9s/10m0s  3.24 iters/s

running (08m23.9s), 032/100 VUs, 1614 complete and 0 interrupted iterations
normal_day   [  84% ] 032/100 VUs  08m23.9s/10m0s  3.20 iters/s

running (08m24.9s), 033/100 VUs, 1616 complete and 0 interrupted iterations
normal_day   [  84% ] 033/100 VUs  08m24.9s/10m0s  3.17 iters/s

running (08m25.9s), 034/100 VUs, 1618 complete and 0 interrupted iterations
normal_day   [  84% ] 034/100 VUs  08m25.9s/10m0s  3.14 iters/s

running (08m26.9s), 029/100 VUs, 1626 complete and 0 interrupted iterations
normal_day   [  84% ] 029/100 VUs  08m26.9s/10m0s  3.10 iters/s

running (08m27.9s), 030/100 VUs, 1628 complete and 0 interrupted iterations
normal_day   [  85% ] 030/100 VUs  08m27.9s/10m0s  3.07 iters/s

running (08m28.9s), 031/100 VUs, 1630 complete and 0 interrupted iterations
normal_day   [  85% ] 031/100 VUs  08m28.9s/10m0s  3.04 iters/s

running (08m29.9s), 033/100 VUs, 1631 complete and 0 interrupted iterations
normal_day   [  85% ] 033/100 VUs  08m29.9s/10m0s  3.01 iters/s

running (08m30.9s), 030/100 VUs, 1637 complete and 0 interrupted iterations
normal_day   [  85% ] 030/100 VUs  08m30.9s/10m0s  2.97 iters/s

running (08m31.9s), 030/100 VUs, 1640 complete and 0 interrupted iterations
normal_day   [  85% ] 030/100 VUs  08m31.9s/10m0s  2.94 iters/s

running (08m32.9s), 028/100 VUs, 1645 complete and 0 interrupted iterations
normal_day   [  85% ] 028/100 VUs  08m32.9s/10m0s  2.90 iters/s

running (08m33.9s), 028/100 VUs, 1648 complete and 0 interrupted iterations
normal_day   [  86% ] 028/100 VUs  08m33.9s/10m0s  2.87 iters/s

running (08m34.9s), 028/100 VUs, 1651 complete and 0 interrupted iterations
normal_day   [  86% ] 028/100 VUs  08m34.9s/10m0s  2.83 iters/s

running (08m35.9s), 029/100 VUs, 1653 complete and 0 interrupted iterations
normal_day   [  86% ] 029/100 VUs  08m35.9s/10m0s  2.80 iters/s

running (08m36.9s), 027/100 VUs, 1657 complete and 0 interrupted iterations
normal_day   [  86% ] 027/100 VUs  08m36.9s/10m0s  2.77 iters/s

running (08m37.9s), 028/100 VUs, 1659 complete and 0 interrupted iterations
normal_day   [  86% ] 028/100 VUs  08m37.9s/10m0s  2.74 iters/s

running (08m38.9s), 029/100 VUs, 1661 complete and 0 interrupted iterations
normal_day   [  86% ] 029/100 VUs  08m38.9s/10m0s  2.70 iters/s

running (08m39.9s), 032/100 VUs, 1661 complete and 0 interrupted iterations
normal_day   [  87% ] 032/100 VUs  08m39.9s/10m0s  2.66 iters/s

running (08m40.9s), 031/100 VUs, 1664 complete and 0 interrupted iterations
normal_day   [  87% ] 031/100 VUs  08m40.9s/10m0s  2.64 iters/s

running (08m41.9s), 029/100 VUs, 1669 complete and 0 interrupted iterations
normal_day   [  87% ] 029/100 VUs  08m41.9s/10m0s  2.60 iters/s

running (08m42.9s), 028/100 VUs, 1672 complete and 0 interrupted iterations
normal_day   [  87% ] 028/100 VUs  08m42.9s/10m0s  2.58 iters/s

running (08m43.9s), 028/100 VUs, 1675 complete and 0 interrupted iterations
normal_day   [  87% ] 028/100 VUs  08m43.9s/10m0s  2.54 iters/s

running (08m44.9s), 030/100 VUs, 1675 complete and 0 interrupted iterations
normal_day   [  87% ] 030/100 VUs  08m44.9s/10m0s  2.51 iters/s

running (08m45.9s), 031/100 VUs, 1677 complete and 0 interrupted iterations
normal_day   [  88% ] 031/100 VUs  08m45.9s/10m0s  2.47 iters/s

running (08m46.9s), 029/100 VUs, 1681 complete and 0 interrupted iterations
normal_day   [  88% ] 029/100 VUs  08m46.9s/10m0s  2.44 iters/s

running (08m47.9s), 030/100 VUs, 1683 complete and 0 interrupted iterations
normal_day   [  88% ] 030/100 VUs  08m47.9s/10m0s  2.40 iters/s

running (08m48.9s), 027/100 VUs, 1688 complete and 0 interrupted iterations
normal_day   [  88% ] 027/100 VUs  08m48.9s/10m0s  2.37 iters/s

running (08m49.9s), 029/100 VUs, 1689 complete and 0 interrupted iterations
normal_day   [  88% ] 029/100 VUs  08m49.9s/10m0s  2.33 iters/s

running (08m50.9s), 029/100 VUs, 1691 complete and 0 interrupted iterations
normal_day   [  88% ] 029/100 VUs  08m50.9s/10m0s  2.30 iters/s

running (08m51.9s), 028/100 VUs, 1694 complete and 0 interrupted iterations
normal_day   [  89% ] 028/100 VUs  08m51.9s/10m0s  2.27 iters/s

running (08m52.9s), 026/100 VUs, 1698 complete and 0 interrupted iterations
normal_day   [  89% ] 026/100 VUs  08m52.9s/10m0s  2.24 iters/s

running (08m53.9s), 028/100 VUs, 1699 complete and 0 interrupted iterations
normal_day   [  89% ] 028/100 VUs  08m53.9s/10m0s  2.20 iters/s

running (08m54.9s), 025/100 VUs, 1704 complete and 0 interrupted iterations
normal_day   [  89% ] 025/100 VUs  08m54.9s/10m0s  2.17 iters/s

running (08m55.9s), 024/100 VUs, 1707 complete and 0 interrupted iterations
normal_day   [  89% ] 024/100 VUs  08m55.9s/10m0s  2.14 iters/s

running (08m56.9s), 020/100 VUs, 1713 complete and 0 interrupted iterations
normal_day   [  89% ] 020/100 VUs  08m56.9s/10m0s  2.11 iters/s

running (08m57.9s), 019/100 VUs, 1716 complete and 0 interrupted iterations
normal_day   [  90% ] 019/100 VUs  08m57.9s/10m0s  2.07 iters/s

running (08m58.9s), 018/100 VUs, 1719 complete and 0 interrupted iterations
normal_day   [  90% ] 018/100 VUs  08m58.9s/10m0s  2.04 iters/s

running (08m59.9s), 018/100 VUs, 1721 complete and 0 interrupted iterations
normal_day   [  90% ] 017/100 VUs  08m59.9s/10m0s  2.01 iters/s

running (09m00.9s), 017/100 VUs, 1724 complete and 0 interrupted iterations
normal_day   [  90% ] 017/100 VUs  09m00.9s/10m0s  1.97 iters/s

running (09m01.9s), 017/100 VUs, 1726 complete and 0 interrupted iterations
normal_day   [  90% ] 017/100 VUs  09m01.9s/10m0s  1.94 iters/s

running (09m02.9s), 016/100 VUs, 1729 complete and 0 interrupted iterations
normal_day   [  90% ] 016/100 VUs  09m02.9s/10m0s  1.91 iters/s

running (09m03.9s), 017/100 VUs, 1730 complete and 0 interrupted iterations
normal_day   [  91% ] 017/100 VUs  09m03.9s/10m0s  1.87 iters/s

running (09m04.9s), 017/100 VUs, 1732 complete and 0 interrupted iterations
normal_day   [  91% ] 017/100 VUs  09m04.9s/10m0s  1.83 iters/s

running (09m05.9s), 018/100 VUs, 1733 complete and 0 interrupted iterations
normal_day   [  91% ] 018/100 VUs  09m05.9s/10m0s  1.80 iters/s

running (09m06.9s), 017/100 VUs, 1735 complete and 0 interrupted iterations
normal_day   [  91% ] 017/100 VUs  09m06.9s/10m0s  1.78 iters/s

running (09m07.9s), 019/100 VUs, 1735 complete and 0 interrupted iterations
normal_day   [  91% ] 019/100 VUs  09m07.9s/10m0s  1.74 iters/s

running (09m08.9s), 019/100 VUs, 1737 complete and 0 interrupted iterations
normal_day   [  91% ] 019/100 VUs  09m08.9s/10m0s  1.70 iters/s

running (09m09.9s), 021/100 VUs, 1737 complete and 0 interrupted iterations
normal_day   [  92% ] 021/100 VUs  09m09.9s/10m0s  1.66 iters/s

running (09m10.9s), 019/100 VUs, 1740 complete and 0 interrupted iterations
normal_day   [  92% ] 019/100 VUs  09m10.9s/10m0s  1.64 iters/s

running (09m11.9s), 019/100 VUs, 1742 complete and 0 interrupted iterations
normal_day   [  92% ] 019/100 VUs  09m11.9s/10m0s  1.60 iters/s

running (09m12.9s), 020/100 VUs, 1743 complete and 0 interrupted iterations
normal_day   [  92% ] 020/100 VUs  09m12.9s/10m0s  1.56 iters/s

running (09m13.9s), 019/100 VUs, 1745 complete and 0 interrupted iterations
normal_day   [  92% ] 019/100 VUs  09m13.9s/10m0s  1.54 iters/s

running (09m14.9s), 017/100 VUs, 1749 complete and 0 interrupted iterations
normal_day   [  92% ] 017/100 VUs  09m14.9s/10m0s  1.49 iters/s

running (09m15.9s), 016/100 VUs, 1751 complete and 0 interrupted iterations
normal_day   [  93% ] 016/100 VUs  09m15.9s/10m0s  1.47 iters/s

running (09m16.9s), 017/100 VUs, 1752 complete and 0 interrupted iterations
normal_day   [  93% ] 017/100 VUs  09m16.9s/10m0s  1.43 iters/s

running (09m17.9s), 017/100 VUs, 1753 complete and 0 interrupted iterations
normal_day   [  93% ] 017/100 VUs  09m17.9s/10m0s  1.40 iters/s

running (09m18.9s), 016/100 VUs, 1755 complete and 0 interrupted iterations
normal_day   [  93% ] 016/100 VUs  09m18.9s/10m0s  1.38 iters/s

running (09m19.9s), 018/100 VUs, 1755 complete and 0 interrupted iterations
normal_day   [  93% ] 018/100 VUs  09m19.9s/10m0s  1.33 iters/s

running (09m20.9s), 017/100 VUs, 1757 complete and 0 interrupted iterations
normal_day   [  93% ] 017/100 VUs  09m20.9s/10m0s  1.30 iters/s

running (09m21.9s), 017/100 VUs, 1758 complete and 0 interrupted iterations
normal_day   [  94% ] 017/100 VUs  09m21.9s/10m0s  1.28 iters/s

running (09m22.9s), 013/100 VUs, 1764 complete and 0 interrupted iterations
normal_day   [  94% ] 013/100 VUs  09m22.9s/10m0s  1.22 iters/s

running (09m23.9s), 013/100 VUs, 1765 complete and 0 interrupted iterations
normal_day   [  94% ] 013/100 VUs  09m23.9s/10m0s  1.20 iters/s

running (09m24.9s), 014/100 VUs, 1765 complete and 0 interrupted iterations
normal_day   [  94% ] 014/100 VUs  09m24.9s/10m0s  1.17 iters/s

running (09m25.9s), 014/100 VUs, 1766 complete and 0 interrupted iterations
normal_day   [  94% ] 014/100 VUs  09m25.9s/10m0s  1.14 iters/s

running (09m26.9s), 014/100 VUs, 1767 complete and 0 interrupted iterations
normal_day   [  94% ] 014/100 VUs  09m26.9s/10m0s  1.11 iters/s

running (09m27.9s), 012/100 VUs, 1770 complete and 0 interrupted iterations
normal_day   [  95% ] 012/100 VUs  09m27.9s/10m0s  1.08 iters/s

running (09m28.9s), 013/100 VUs, 1770 complete and 0 interrupted iterations
normal_day   [  95% ] 013/100 VUs  09m28.9s/10m0s  1.05 iters/s

running (09m29.9s), 014/100 VUs, 1770 complete and 0 interrupted iterations
normal_day   [  95% ] 014/100 VUs  09m29.9s/10m0s  1.02 iters/s

running (09m30.9s), 014/100 VUs, 1771 complete and 0 interrupted iterations
normal_day   [  95% ] 014/100 VUs  09m30.9s/10m0s  0.98 iters/s

running (09m31.9s), 014/100 VUs, 1772 complete and 0 interrupted iterations
normal_day   [  95% ] 014/100 VUs  09m31.9s/10m0s  0.95 iters/s

running (09m32.9s), 013/100 VUs, 1774 complete and 0 interrupted iterations
normal_day   [  95% ] 013/100 VUs  09m32.9s/10m0s  0.91 iters/s

running (09m33.9s), 012/100 VUs, 1776 complete and 0 interrupted iterations
normal_day   [  96% ] 012/100 VUs  09m33.9s/10m0s  0.88 iters/s

running (09m34.9s), 009/100 VUs, 1780 complete and 0 interrupted iterations
normal_day   [  96% ] 009/100 VUs  09m34.9s/10m0s  0.84 iters/s

running (09m35.9s), 009/100 VUs, 1781 complete and 0 interrupted iterations
normal_day   [  96% ] 009/100 VUs  09m35.9s/10m0s  0.80 iters/s

running (09m36.9s), 009/100 VUs, 1782 complete and 0 interrupted iterations
normal_day   [  96% ] 009/100 VUs  09m36.9s/10m0s  0.75 iters/s

running (09m37.9s), 008/100 VUs, 1783 complete and 0 interrupted iterations
normal_day   [  96% ] 008/100 VUs  09m37.9s/10m0s  0.75 iters/s

running (09m38.9s), 008/100 VUs, 1784 complete and 0 interrupted iterations
normal_day   [  96% ] 008/100 VUs  09m38.9s/10m0s  0.71 iters/s

running (09m39.9s), 008/100 VUs, 1785 complete and 0 interrupted iterations
normal_day   [  97% ] 008/100 VUs  09m39.9s/10m0s  0.66 iters/s

running (09m40.9s), 007/100 VUs, 1786 complete and 0 interrupted iterations
normal_day   [  97% ] 007/100 VUs  09m40.9s/10m0s  0.66 iters/s

running (09m41.9s), 006/100 VUs, 1788 complete and 0 interrupted iterations
normal_day   [  97% ] 006/100 VUs  09m41.9s/10m0s  0.60 iters/s

running (09m42.9s), 006/100 VUs, 1789 complete and 0 interrupted iterations
normal_day   [  97% ] 006/100 VUs  09m42.9s/10m0s  0.55 iters/s

running (09m43.9s), 006/100 VUs, 1789 complete and 0 interrupted iterations
normal_day   [  97% ] 006/100 VUs  09m43.9s/10m0s  0.55 iters/s

running (09m44.9s), 006/100 VUs, 1790 complete and 0 interrupted iterations
normal_day   [  97% ] 006/100 VUs  09m44.9s/10m0s  0.48 iters/s

running (09m45.9s), 006/100 VUs, 1790 complete and 0 interrupted iterations
normal_day   [  98% ] 006/100 VUs  09m45.9s/10m0s  0.48 iters/s

running (09m46.9s), 005/100 VUs, 1792 complete and 0 interrupted iterations
normal_day   [  98% ] 005/100 VUs  09m46.9s/10m0s  0.41 iters/s

running (09m47.9s), 005/100 VUs, 1792 complete and 0 interrupted iterations
normal_day   [  98% ] 005/100 VUs  09m47.9s/10m0s  0.41 iters/s

running (09m48.9s), 003/100 VUs, 1794 complete and 0 interrupted iterations
normal_day   [  98% ] 003/100 VUs  09m48.9s/10m0s  0.41 iters/s

running (09m49.9s), 004/100 VUs, 1794 complete and 0 interrupted iterations
normal_day   [  98% ] 004/100 VUs  09m49.9s/10m0s  0.31 iters/s

running (09m50.9s), 004/100 VUs, 1794 complete and 0 interrupted iterations
normal_day   [  98% ] 004/100 VUs  09m50.9s/10m0s  0.31 iters/s

running (09m51.9s), 003/100 VUs, 1795 complete and 0 interrupted iterations
normal_day   [  99% ] 003/100 VUs  09m51.9s/10m0s  0.31 iters/s

running (09m52.9s), 004/100 VUs, 1795 complete and 0 interrupted iterations
normal_day   [  99% ] 004/100 VUs  09m52.9s/10m0s  0.13 iters/s

running (09m53.9s), 004/100 VUs, 1795 complete and 0 interrupted iterations
normal_day   [  99% ] 004/100 VUs  09m53.9s/10m0s  0.13 iters/s

running (09m54.9s), 003/100 VUs, 1796 complete and 0 interrupted iterations
normal_day   [  99% ] 003/100 VUs  09m54.9s/10m0s  0.13 iters/s

running (09m55.9s), 003/100 VUs, 1796 complete and 0 interrupted iterations
normal_day   [  99% ] 003/100 VUs  09m55.9s/10m0s  0.13 iters/s

running (09m56.9s), 002/100 VUs, 1797 complete and 0 interrupted iterations
normal_day   [  99% ] 002/100 VUs  09m56.9s/10m0s  0.13 iters/s

running (09m57.9s), 001/100 VUs, 1798 complete and 0 interrupted iterations
normal_day   [ 100% ] 001/100 VUs  09m57.9s/10m0s  0.13 iters/s

running (09m58.9s), 001/100 VUs, 1798 complete and 0 interrupted iterations
normal_day   [ 100% ] 001/100 VUs  09m58.9s/10m0s  0.13 iters/s

running (09m59.9s), 000/100 VUs, 1799 complete and 0 interrupted iterations
normal_day   [ 100% ] 000/100 VUs  09m59.9s/10m0s  0.13 iters/s
[32m     ✓ login 200[0m
[32m     ✓ refresh 200[0m
[32m     ✓ board list 200[0m
[32m     ✓ hot daily 200[0m
[32m     ✓ post list 200[0m
[32m     ✓ post detail 200[0m
[32m     ✓ comment create 2xx[0m
[32m     ✓ comment list 200[0m
[32m     ✓ post reaction 2xx[0m
[32m     ✓ unread count 200[0m
[32m     ✓ notif list 200[0m
[32m     ✓ friend list 200[0m
[32m     ✓ chat rooms 200[0m
[32m     ✓ read all 200[0m
[32m     ✓ post search 200[0m
[32m     ✓ logout 200[0m
[32m     ✓ comment reaction 200[0m
[32m     ✓ chat messages 200[0m
[32m     ✓ chat read 200[0m
[32m     ✓ post create 2xx[0m
[32m     ✓ user info 200[0m
[32m     ✓ my posts 200[0m
[32m     ✓ received reqs 200[0m
[32m     ✓ ws handshake 101[0m
[32m     ✓ read one 200[0m
[32m     ✓ post update 200[0m
[32m     ✓ post delete 200[0m
[32m     ✓ meal today 200[0m
[32m     ✓ timetable today 200[0m
[32m     ✓ meal month 200[0m
[32m     ✓ scrap 2xx[0m

     auth_token_refreshes[2m...........:[0m [36m15[0m      [36;2m0.025002/s[0m
     chat_ws_messages_sent[2m..........:[0m [36m511[0m     [36;2m0.851718/s[0m
     chat_ws_rtt[2m....................:[0m avg=[36m26.51ms[0m  min=[36m16ms[0m    med=[36m25ms[0m     max=[36m78ms[0m     p(90)=[36m38ms[0m     p(95)=[36m44ms[0m     p(99)=[36m56ms[0m    
     checks[2m.........................:[0m [36m100.00%[0m [36;2m✓ 8075[0m      [36;2m✗ 0[0m    
     [32m✓[0m { phase:measure }[2m............:[0m [36m100.00%[0m [36;2m✓ 5352[0m      [36;2m✗ 0[0m    
     [32m✓[0m { phase:rampdown }[2m...........:[0m [36m100.00%[0m [36;2m✓ 1066[0m      [36;2m✗ 0[0m    
     [32m✓[0m { phase:warmup }[2m.............:[0m [36m100.00%[0m [36;2m✓ 1657[0m      [36;2m✗ 0[0m    
     data_received[2m..................:[0m [36m390 MB[0m  [36;2m649 kB/s[0m
     data_sent[2m......................:[0m [36m3.3 MB[0m  [36;2m5.5 kB/s[0m
     http_req_blocked[2m...............:[0m avg=[36m35µs[0m     min=[36m1.82µs[0m  med=[36m5.5µs[0m    max=[36m137.17ms[0m p(90)=[36m12.2µs[0m   p(95)=[36m16.9µs[0m   p(99)=[36m261.96µs[0m
     http_req_connecting[2m............:[0m avg=[36m9.27µs[0m   min=[36m0s[0m      med=[36m0s[0m       max=[36m28.82ms[0m  p(90)=[36m0s[0m       p(95)=[36m0s[0m       p(99)=[36m176.03µs[0m
     http_req_duration[2m..............:[0m avg=[36m104.06ms[0m min=[36m1.98ms[0m  med=[36m6.79ms[0m   max=[36m23.23s[0m   p(90)=[36m89.11ms[0m  p(95)=[36m456.42ms[0m p(99)=[36m2.21s[0m   
       { expected_response:true }[2m...:[0m avg=[36m104.06ms[0m min=[36m1.98ms[0m  med=[36m6.79ms[0m   max=[36m23.23s[0m   p(90)=[36m89.11ms[0m  p(95)=[36m456.42ms[0m p(99)=[36m2.21s[0m   
     [32m✓[0m { feature:auth }[2m.............:[0m avg=[36m175.9ms[0m  min=[36m14.17ms[0m med=[36m94.94ms[0m  max=[36m1.97s[0m    p(90)=[36m388.82ms[0m p(95)=[36m636.69ms[0m p(99)=[36m1.2s[0m    
     [32m✓[0m { feature:board }[2m............:[0m avg=[36m5.37ms[0m   min=[36m2.13ms[0m  med=[36m3.36ms[0m   max=[36m173.46ms[0m p(90)=[36m8.83ms[0m   p(95)=[36m10.7ms[0m   p(99)=[36m22.06ms[0m 
     [32m✓[0m { feature:chat }[2m.............:[0m avg=[36m9.59ms[0m   min=[36m2.32ms[0m  med=[36m5.08ms[0m   max=[36m1s[0m       p(90)=[36m12.99ms[0m  p(95)=[36m14.98ms[0m  p(99)=[36m31.25ms[0m 
     [32m✓[0m { feature:comment }[2m..........:[0m avg=[36m503.76ms[0m min=[36m2.11ms[0m  med=[36m67.65ms[0m  max=[36m23.23s[0m   p(90)=[36m1.95s[0m    p(95)=[36m2.25s[0m    p(99)=[36m3.63s[0m   
     [32m✓[0m { feature:friend }[2m...........:[0m avg=[36m7.2ms[0m    min=[36m2.64ms[0m  med=[36m3.87ms[0m   max=[36m191.08ms[0m p(90)=[36m9.37ms[0m   p(95)=[36m11.56ms[0m  p(99)=[36m58.68ms[0m 
     [32m✓[0m { feature:hot }[2m..............:[0m avg=[36m16.87ms[0m  min=[36m8.61ms[0m  med=[36m12.74ms[0m  max=[36m596.66ms[0m p(90)=[36m24.3ms[0m   p(95)=[36m28.34ms[0m  p(99)=[36m51.72ms[0m 
     [32m✓[0m { feature:mypage }[2m...........:[0m avg=[36m4.86ms[0m   min=[36m2.45ms[0m  med=[36m3.5ms[0m    max=[36m30.69ms[0m  p(90)=[36m9.01ms[0m   p(95)=[36m10.92ms[0m  p(99)=[36m17.6ms[0m  
     [32m✓[0m { feature:notification }[2m.....:[0m avg=[36m12.82ms[0m  min=[36m2.34ms[0m  med=[36m7.82ms[0m   max=[36m763.19ms[0m p(90)=[36m21.58ms[0m  p(95)=[36m25.6ms[0m   p(99)=[36m48.4ms[0m  
     [32m✓[0m { feature:post }[2m.............:[0m avg=[36m11.7ms[0m   min=[36m1.98ms[0m  med=[36m5.34ms[0m   max=[36m2.2s[0m     p(90)=[36m16.52ms[0m  p(95)=[36m27.87ms[0m  p(99)=[36m68.03ms[0m 
     [32m✓[0m { feature:reaction }[2m.........:[0m avg=[36m30.75ms[0m  min=[36m15.91ms[0m med=[36m24.54ms[0m  max=[36m414.73ms[0m p(90)=[36m38.3ms[0m   p(95)=[36m49.89ms[0m  p(99)=[36m152.6ms[0m 
     [32m✓[0m { feature:school }[2m...........:[0m avg=[36m5.81ms[0m   min=[36m2.67ms[0m  med=[36m4.13ms[0m   max=[36m22.2ms[0m   p(90)=[36m12.1ms[0m   p(95)=[36m12.91ms[0m  p(99)=[36m19.58ms[0m 
     [32m✓[0m { feature:scrap }[2m............:[0m avg=[36m24.72ms[0m  min=[36m15.59ms[0m med=[36m24.72ms[0m  max=[36m42.82ms[0m  p(90)=[36m33.57ms[0m  p(95)=[36m34.98ms[0m  p(99)=[36m39.75ms[0m 
     [32m✓[0m { feature:timetable }[2m........:[0m avg=[36m6.26ms[0m   min=[36m2.26ms[0m  med=[36m2.99ms[0m   max=[36m60.73ms[0m  p(90)=[36m10.04ms[0m  p(95)=[36m12.42ms[0m  p(99)=[36m52.1ms[0m  
     [32m✓[0m { op:auth }[2m..................:[0m avg=[36m175.9ms[0m  min=[36m14.17ms[0m med=[36m94.94ms[0m  max=[36m1.97s[0m    p(90)=[36m388.82ms[0m p(95)=[36m636.69ms[0m p(99)=[36m1.2s[0m    
     [31m✗[0m { op:read,phase:measure }[2m....:[0m avg=[36m100.87ms[0m min=[36m1.98ms[0m  med=[36m5.5ms[0m    max=[36m4.23s[0m    p(90)=[36m63.52ms[0m  p(95)=[36m488.42ms[0m p(99)=[36m2.26s[0m   
     [32m✓[0m { op:write,phase:measure }[2m...:[0m avg=[36m22.25ms[0m  min=[36m2.79ms[0m  med=[36m20.66ms[0m  max=[36m159.71ms[0m p(90)=[36m38.36ms[0m  p(95)=[36m45.63ms[0m  p(99)=[36m64.62ms[0m 
     [32m✓[0m { page:0 }[2m...................:[0m avg=[36m12.97ms[0m  min=[36m2.11ms[0m  med=[36m3.6ms[0m    max=[36m580.2ms[0m  p(90)=[36m30.25ms[0m  p(95)=[36m42.05ms[0m  p(99)=[36m156.55ms[0m
     [32m✓[0m { page:1 }[2m...................:[0m avg=[36m16.54ms[0m  min=[36m1.98ms[0m  med=[36m3.38ms[0m   max=[36m1.39s[0m    p(90)=[36m16.39ms[0m  p(95)=[36m36.25ms[0m  p(99)=[36m69.3ms[0m  
     [32m✓[0m { page:2 }[2m...................:[0m avg=[36m8.61ms[0m   min=[36m2.3ms[0m   med=[36m3.33ms[0m   max=[36m53.17ms[0m  p(90)=[36m33.16ms[0m  p(95)=[36m37.29ms[0m  p(99)=[36m49.83ms[0m 
     [32m✓[0m { page:3 }[2m...................:[0m avg=[36m11.34ms[0m  min=[36m2.03ms[0m  med=[36m3.15ms[0m   max=[36m137.41ms[0m p(90)=[36m31.06ms[0m  p(95)=[36m43.17ms[0m  p(99)=[36m117.08ms[0m
     [32m✓[0m { page:4 }[2m...................:[0m avg=[36m10.93ms[0m  min=[36m2.22ms[0m  med=[36m2.98ms[0m   max=[36m47.6ms[0m   p(90)=[36m35.24ms[0m  p(95)=[36m40.22ms[0m  p(99)=[36m46.16ms[0m 
     [32m✓[0m { phase:measure }[2m............:[0m avg=[36m95.07ms[0m  min=[36m1.98ms[0m  med=[36m5.74ms[0m   max=[36m4.23s[0m    p(90)=[36m51.79ms[0m  p(95)=[36m425.41ms[0m p(99)=[36m2.25s[0m   
     [32m✓[0m { phase:rampdown }[2m...........:[0m avg=[36m79.53ms[0m  min=[36m2.11ms[0m  med=[36m8.05ms[0m   max=[36m2.38s[0m    p(90)=[36m76.34ms[0m  p(95)=[36m369.85ms[0m p(99)=[36m2.02s[0m   
     [32m✓[0m { phase:warmup }[2m.............:[0m avg=[36m148.53ms[0m min=[36m2.48ms[0m  med=[36m9.7ms[0m    max=[36m23.23s[0m   p(90)=[36m158.43ms[0m p(95)=[36m679.01ms[0m p(99)=[36m2.23s[0m   
     http_req_failed[2m................:[0m [36m0.00%[0m   [36;2m✓ 0[0m         [36;2m✗ 7979[0m 
     [32m✓[0m { phase:measure }[2m............:[0m [36m0.00%[0m   [36;2m✓ 0[0m         [36;2m✗ 5292[0m 
     [32m✓[0m { phase:rampdown }[2m...........:[0m [36m0.00%[0m   [36;2m✓ 0[0m         [36;2m✗ 1042[0m 
     [32m✓[0m { phase:warmup }[2m.............:[0m [36m0.00%[0m   [36;2m✓ 0[0m         [36;2m✗ 1645[0m 
     http_req_receiving[2m.............:[0m avg=[36m687.12µs[0m min=[36m23.9µs[0m  med=[36m190.92µs[0m max=[36m126.78ms[0m p(90)=[36m600.79µs[0m p(95)=[36m2.35ms[0m   p(99)=[36m10.47ms[0m 
     http_req_sending[2m...............:[0m avg=[36m60.33µs[0m  min=[36m5.76µs[0m  med=[36m28.54µs[0m  max=[36m136.79ms[0m p(90)=[36m72.27µs[0m  p(95)=[36m102.31µs[0m p(99)=[36m141.56µs[0m
     http_req_tls_handshaking[2m.......:[0m avg=[36m0s[0m       min=[36m0s[0m      med=[36m0s[0m       max=[36m0s[0m       p(90)=[36m0s[0m       p(95)=[36m0s[0m       p(99)=[36m0s[0m      
     http_req_waiting[2m...............:[0m avg=[36m103.31ms[0m min=[36m1.85ms[0m  med=[36m6.52ms[0m   max=[36m23.22s[0m   p(90)=[36m88.72ms[0m  p(95)=[36m453.78ms[0m p(99)=[36m2.2s[0m    
     http_reqs[2m......................:[0m [36m7979[0m    [36;2m13.299135/s[0m
     [32m✓[0m { feature:auth }[2m.............:[0m [36m141[0m     [36;2m0.235014/s[0m
     [32m✓[0m { feature:board }[2m............:[0m [36m752[0m     [36;2m1.253409/s[0m
     [32m✓[0m { feature:chat }[2m.............:[0m [36m584[0m     [36;2m0.973392/s[0m
     [32m✓[0m { feature:comment }[2m..........:[0m [36m1451[0m    [36;2m2.418479/s[0m
     [32m✓[0m { feature:friend }[2m...........:[0m [36m117[0m     [36;2m0.195012/s[0m
     [32m✓[0m { feature:hot }[2m..............:[0m [36m752[0m     [36;2m1.253409/s[0m
     [32m✓[0m { feature:mypage }[2m...........:[0m [36m92[0m      [36;2m0.153343/s[0m
     [32m✓[0m { feature:notification }[2m.....:[0m [36m358[0m     [36;2m0.596703/s[0m
     [32m✓[0m { feature:post }[2m.............:[0m [36m3466[0m    [36;2m5.777015/s[0m
     [32m✓[0m { feature:reaction }[2m.........:[0m [36m138[0m     [36;2m0.230014/s[0m
     [32m✓[0m { feature:school }[2m...........:[0m [36m47[0m      [36;2m0.078338/s[0m
     [32m✓[0m { feature:scrap }[2m............:[0m [36m41[0m      [36;2m0.068337/s[0m
     [32m✓[0m { feature:timetable }[2m........:[0m [36m40[0m      [36;2m0.066671/s[0m
     [32m✓[0m { op:auth }[2m..................:[0m [36m141[0m     [36;2m0.235014/s[0m
     [32m✓[0m { op:read }[2m..................:[0m [36m7268[0m    [36;2m12.114064/s[0m
     [32m✓[0m { op:write }[2m.................:[0m [36m570[0m     [36;2m0.950057/s[0m
     [32m✓[0m { page:0 }[2m...................:[0m [36m419[0m     [36;2m0.698375/s[0m
     [32m✓[0m { page:1 }[2m...................:[0m [36m153[0m     [36;2m0.255015/s[0m
     [32m✓[0m { page:2 }[2m...................:[0m [36m84[0m      [36;2m0.140008/s[0m
     [32m✓[0m { page:3 }[2m...................:[0m [36m65[0m      [36;2m0.10834/s[0m
     [32m✓[0m { page:4 }[2m...................:[0m [36m31[0m      [36;2m0.05167/s[0m
     [32m✓[0m { phase:measure }[2m............:[0m [36m5292[0m    [36;2m8.820532/s[0m
     [32m✓[0m { phase:rampdown }[2m...........:[0m [36m1042[0m    [36;2m1.736771/s[0m
     [32m✓[0m { phase:warmup }[2m.............:[0m [36m1645[0m    [36;2m2.741832/s[0m
     iteration_duration[2m.............:[0m avg=[36m10.38s[0m   min=[36m1.01s[0m   med=[36m8.3s[0m     max=[36m37.67s[0m   p(90)=[36m19.43s[0m   p(95)=[36m21.45s[0m   p(99)=[36m27.88s[0m  
     iterations[2m.....................:[0m [36m1799[0m    [36;2m2.998514/s[0m
     [32m✓[0m { phase:measure }[2m............:[0m [36m0[0m       [36;2m0/s[0m
     [32m✓[0m { phase:rampdown }[2m...........:[0m [36m0[0m       [36;2m0/s[0m
     [32m✓[0m { phase:warmup }[2m.............:[0m [36m0[0m       [36;2m0/s[0m
     phase_iterations[2m...............:[0m [36m1799[0m    [36;2m2.998514/s[0m
     [32m✓[0m { phase:measure }[2m............:[0m [36m1200[0m    [36;2m2.000121/s[0m
     [32m✓[0m { phase:rampdown }[2m...........:[0m [36m282[0m     [36;2m0.470028/s[0m
     [32m✓[0m { phase:warmup }[2m.............:[0m [36m317[0m     [36;2m0.528365/s[0m
     vus[2m............................:[0m [36m0[0m       [36;2mmin=0[0m       [36;2mmax=51[0m 
     vus_max[2m........................:[0m [36m100[0m     [36;2mmin=100[0m     [36;2mmax=100[0m
     ws_connecting[2m..................:[0m avg=[36m4.25ms[0m   min=[36m2.18ms[0m  med=[36m3.05ms[0m   max=[36m42.66ms[0m  p(90)=[36m5.82ms[0m   p(95)=[36m7.05ms[0m   p(99)=[36m21.99ms[0m 
     ws_msgs_received[2m...............:[0m [36m609[0m     [36;2m1.015061/s[0m
     ws_msgs_sent[2m...................:[0m [36m703[0m     [36;2m1.171737/s[0m
     ws_session_duration[2m............:[0m avg=[36m22.42s[0m   min=[36m15.03s[0m  med=[36m21.81s[0m   max=[36m29.98s[0m   p(90)=[36m28.65s[0m   p(95)=[36m29.47s[0m   p(99)=[36m29.91s[0m  
     ws_sessions[2m....................:[0m [36m96[0m      [36;2m0.16001/s[0m
running (10m00.0s), 000/100 VUs, 1799 complete and 0 interrupted iterations
normal_day ✓ [ 100% ] 000/100 VUs  10m0s  0.13 iters/s
  호스트(Windows) 585표본 · CPU 13.3% (max 40.9) · 정규화성능 121.9% · vmmem 161.6% · 바쁜코어 2.7개 · 가용메모리 4173MB
  부하 중 벤치(warmup +60초, 3회 중앙값) · single 6222ms (유휴 대비 5.4%) · parallel 5563ms (유휴 대비 -1.7%) · ctxswitch 2535ms (유휴 대비 -1.5%)

  실행 후 상태 sha256:294c1ae367e9 — chat_messages.count +511, chat_messages.maxId +511, posts.maxId +86, comments.count +70, comments.maxId +70 (외 13개)
    (지문 제외 항목: posts.sumViewCount +2108, daily_hot_post.count +55)
Prometheus 스크레이프 대기 20초...

══════════════════════════════════════════════════════════════════════════
  Performance Report — normal-day   Run #116   ❌ FAIL
══════════════════════════════════════════════════════════════════════════
  환경 perf  |  브랜치 personal/localdocs  |  커밋 3e96d946  |  빌드 local
  시작 2026-08-20 20:32:13 KST  |  수행 10m 0s  |  VU max 100
  데이터셋 medium  |  부하 ramping-arrival-rate 0→4@3m0s→4@5m0s→0@2m0s maxVU 600

  ── 성능 (measure 구간) ─────────────────────────────────────────
  평균 95ms      P95 425ms     P99 2.26s    
  RPS  17.6      TPS 4.00      오류율 0.00%

  ── 인프라 ────────────────────────────────────────────────────────
  CPU  1.20 core (한계의 60%)   throttled 11.0%
  Heap 735 MB (72%)   GC max 294ms × 84회
  DB   slow 782  QPS 5,475  풀 50%  대기 0
  Redis hit 99.4%  ops 58.9/s  evicted 0

  ── 회귀 (기준: normal-day-2026-08-20T07-42-12) ────────────────
  ⚠  기준선은 당시 k6 threshold 미통과 실행입니다, 당시 Node 판정 FAIL.
     아래 증감률은 개선/악화 폭이며 현재 SLO 통과를 뜻하지 않습니다.
  ❌ P99 응답시간                   13.52s → 2.26s (-83.3%)
       2256 > 상한 1200
  ❌ CPU throttling 비율          71.7% → 11.0% (-84.6%)
       11.04 > 상한 10.00
  ⚠️  GC 최대 정지시간                 184ms → 294ms (+59.8%)
       294 > 상한 200
       직전 대비 +59.8% 악화 (경고 30%)

  ── 병목 가설 ─────────────────────────────────────────────────────
  • CPU throttling 발생
    cgroup이 CPU를 강제 회수한 주기가 11.0%다. CPU 한계(2 core)를 올리거나 요청당 CPU 사용을 줄여야 p99가 안정된다.
  • HTTP 요청당 쿼리 수 과다
    요청 1건당 평균 310.4개 쿼리가 실행됐다. N+1 패턴 가능성이 높다.
  • Slow Query 다발
    요청 1000건당 147.8건의 slow query(>100ms). 인덱스 또는 쿼리 계획 점검 대상.

  보고서 : reports\runs\normal-day-2026-08-20T11-42-13\report.html
  Grafana(전체 실행): http://localhost:3001/d/htd-perf-overview/highteenday-performance-overview?from=1787225413850&to=1787226253814
  Grafana(measure) : http://localhost:3001/d/htd-perf-overview/highteenday-performance-overview?from=1787225593850&to=1787226133850
══════════════════════════════════════════════════════════════════════════

  [1/4] p95 425.4ms · 평균 95.1ms · 서버측 92.5ms · 경로 2.6ms

──────── [2/4] 리셋 (restart) ────────

▶ k6 run scenarios/normal-day.js
  브랜치 personal/localdocs · 커밋 3e96d9463207 · 실행자 user@DESKTOP-DJJPASG
  환경 perf · "KI-27 Before-B (drift error bar, unchanged code) — repeatability 2/4"
  데이터셋 medium · 상태 sha256:294c1ae367e9 (182ms)
  캐시 cold (키 0개)
  guard strict — 상태 불일치 시 스냅샷 복원 후 재확인 [perf.config.json]
    guard=strict — 스냅샷으로 복원합니다.
▶ 복원 — medium-20260816-062210 → perf-mysql-data-medium
  앱·MySQL 정지
  MySQL 기동
  Redis FLUSHALL (복원 후 캐시는 cold 다)
  앱 기동
  복원 후 상태 지문 sha256:ffe696d17416 = 스냅샷 일치

✅ 복원 완료 · 소요 5.4초 (압축 해제 구간)

  부하 발생기: 컨테이너 perf-k6 (grafana/k6:2.1.0, CPU 상한 4)
  k6 지표 전송: http://prometheus:9090/api/v1/write (native histogram, 5s 간격)
  환경 대조 벤치 실행 중(3축 3회, 약 40초)... single 5795ms · parallel 5408ms · ctxswitch 2662ms
  부하 중 벤치 예약: k6 시작 +60초 (warmup 구간, 3회)

         /\      Grafana   /‾‾/  
    /\  /  \     |\  __   /  /   
   /  \/    \    | |/ /  /   ‾‾\ 
  /          \   |   (  |  (‾)  |
 / __________ \  |_|\_\  \_____/ 


     execution: local
        script: scenarios/normal-day.js
        output: Prometheus remote write (http://prometheus:9090/api/v1/write)

     scenarios: (100.00%) 1 scenario, 600 max VUs, 10m30s max duration (incl. graceful stop):
              * normal_day: Up to 4.00 iterations/s for 10m0s over 3 stages (maxVUs: 100-600, gracefulStop: 30s)


running (00m00.9s), 000/100 VUs, 0 complete and 0 interrupted iterations
normal_day   [   0% ] 000/100 VUs  00m00.9s/10m0s  0.11 iters/s

running (00m01.9s), 000/100 VUs, 0 complete and 0 interrupted iterations
normal_day   [   0% ] 000/100 VUs  00m01.9s/10m0s  0.11 iters/s

running (00m02.9s), 000/100 VUs, 0 complete and 0 interrupted iterations
normal_day   [   0% ] 000/100 VUs  00m02.9s/10m0s  0.11 iters/s

running (00m03.9s), 000/100 VUs, 0 complete and 0 interrupted iterations
normal_day   [   1% ] 000/100 VUs  00m03.9s/10m0s  0.11 iters/s

running (00m04.9s), 000/100 VUs, 0 complete and 0 interrupted iterations
normal_day   [   1% ] 000/100 VUs  00m04.9s/10m0s  0.11 iters/s

running (00m05.9s), 000/100 VUs, 0 complete and 0 interrupted iterations
normal_day   [   1% ] 000/100 VUs  00m05.9s/10m0s  0.11 iters/s

running (00m06.9s), 000/100 VUs, 0 complete and 0 interrupted iterations
normal_day   [   1% ] 000/100 VUs  00m06.9s/10m0s  0.11 iters/s

running (00m07.9s), 000/100 VUs, 0 complete and 0 interrupted iterations
normal_day   [   1% ] 000/100 VUs  00m07.9s/10m0s  0.11 iters/s

running (00m08.9s), 000/100 VUs, 0 complete and 0 interrupted iterations
normal_day   [   1% ] 000/100 VUs  00m08.9s/10m0s  0.11 iters/s

running (00m09.9s), 001/100 VUs, 0 complete and 0 interrupted iterations
normal_day   [   2% ] 001/100 VUs  00m09.9s/10m0s  0.25 iters/s

running (00m10.9s), 001/100 VUs, 0 complete and 0 interrupted iterations
normal_day   [   2% ] 001/100 VUs  00m10.9s/10m0s  0.25 iters/s

running (00m11.9s), 001/100 VUs, 0 complete and 0 interrupted iterations
normal_day   [   2% ] 001/100 VUs  00m11.9s/10m0s  0.25 iters/s

running (00m12.9s), 001/100 VUs, 0 complete and 0 interrupted iterations
normal_day   [   2% ] 001/100 VUs  00m12.9s/10m0s  0.25 iters/s

running (00m13.9s), 002/100 VUs, 0 complete and 0 interrupted iterations
normal_day   [   2% ] 002/100 VUs  00m13.9s/10m0s  0.33 iters/s

running (00m14.9s), 002/100 VUs, 0 complete and 0 interrupted iterations
normal_day   [   2% ] 002/100 VUs  00m14.9s/10m0s  0.33 iters/s

running (00m15.9s), 002/100 VUs, 0 complete and 0 interrupted iterations
normal_day   [   3% ] 002/100 VUs  00m15.9s/10m0s  0.33 iters/s

running (00m16.9s), 002/100 VUs, 1 complete and 0 interrupted iterations
normal_day   [   3% ] 002/100 VUs  00m16.9s/10m0s  0.39 iters/s

running (00m17.9s), 002/100 VUs, 1 complete and 0 interrupted iterations
normal_day   [   3% ] 002/100 VUs  00m17.9s/10m0s  0.39 iters/s

running (00m18.9s), 002/100 VUs, 1 complete and 0 interrupted iterations
normal_day   [   3% ] 002/100 VUs  00m18.9s/10m0s  0.39 iters/s

running (00m19.9s), 003/100 VUs, 1 complete and 0 interrupted iterations
normal_day   [   3% ] 003/100 VUs  00m19.9s/10m0s  0.45 iters/s

running (00m20.9s), 002/100 VUs, 2 complete and 0 interrupted iterations
normal_day   [   3% ] 002/100 VUs  00m20.9s/10m0s  0.45 iters/s

running (00m21.9s), 003/100 VUs, 2 complete and 0 interrupted iterations
normal_day   [   4% ] 003/100 VUs  00m21.9s/10m0s  0.49 iters/s

running (00m22.9s), 003/100 VUs, 2 complete and 0 interrupted iterations
normal_day   [   4% ] 003/100 VUs  00m22.9s/10m0s  0.49 iters/s

running (00m23.9s), 004/100 VUs, 2 complete and 0 interrupted iterations
normal_day   [   4% ] 004/100 VUs  00m23.9s/10m0s  0.54 iters/s

running (00m24.9s), 004/100 VUs, 2 complete and 0 interrupted iterations
normal_day   [   4% ] 004/100 VUs  00m24.9s/10m0s  0.54 iters/s

running (00m25.9s), 004/100 VUs, 3 complete and 0 interrupted iterations
normal_day   [   4% ] 004/100 VUs  00m25.9s/10m0s  0.58 iters/s

running (00m26.9s), 004/100 VUs, 4 complete and 0 interrupted iterations
normal_day   [   4% ] 004/100 VUs  00m26.9s/10m0s  0.61 iters/s

running (00m27.9s), 003/100 VUs, 5 complete and 0 interrupted iterations
normal_day   [   5% ] 003/100 VUs  00m27.9s/10m0s  0.61 iters/s

running (00m28.9s), 004/100 VUs, 5 complete and 0 interrupted iterations
normal_day   [   5% ] 004/100 VUs  00m28.9s/10m0s  0.65 iters/s

running (00m29.9s), 004/100 VUs, 5 complete and 0 interrupted iterations
normal_day   [   5% ] 004/100 VUs  00m29.9s/10m0s  0.65 iters/s

running (00m30.9s), 005/100 VUs, 5 complete and 0 interrupted iterations
normal_day   [   5% ] 005/100 VUs  00m30.9s/10m0s  0.68 iters/s

running (00m31.9s), 006/100 VUs, 5 complete and 0 interrupted iterations
normal_day   [   5% ] 006/100 VUs  00m31.9s/10m0s  0.71 iters/s

running (00m32.9s), 006/100 VUs, 6 complete and 0 interrupted iterations
normal_day   [   5% ] 006/100 VUs  00m32.9s/10m0s  0.75 iters/s

running (00m33.9s), 006/100 VUs, 6 complete and 0 interrupted iterations
normal_day   [   6% ] 006/100 VUs  00m33.9s/10m0s  0.75 iters/s

running (00m34.9s), 005/100 VUs, 8 complete and 0 interrupted iterations
normal_day   [   6% ] 005/100 VUs  00m34.9s/10m0s  0.77 iters/s

running (00m35.9s), 005/100 VUs, 9 complete and 0 interrupted iterations
normal_day   [   6% ] 005/100 VUs  00m35.9s/10m0s  0.80 iters/s

running (00m36.9s), 005/100 VUs, 10 complete and 0 interrupted iterations
normal_day   [   6% ] 005/100 VUs  00m36.9s/10m0s  0.83 iters/s

running (00m37.9s), 005/100 VUs, 10 complete and 0 interrupted iterations
normal_day   [   6% ] 005/100 VUs  00m37.9s/10m0s  0.83 iters/s

running (00m38.9s), 006/100 VUs, 10 complete and 0 interrupted iterations
normal_day   [   6% ] 006/100 VUs  00m38.9s/10m0s  0.86 iters/s

running (00m39.9s), 007/100 VUs, 10 complete and 0 interrupted iterations
normal_day   [   7% ] 007/100 VUs  00m39.9s/10m0s  0.88 iters/s

running (00m40.9s), 008/100 VUs, 10 complete and 0 interrupted iterations
normal_day   [   7% ] 008/100 VUs  00m40.9s/10m0s  0.91 iters/s

running (00m41.9s), 008/100 VUs, 11 complete and 0 interrupted iterations
normal_day   [   7% ] 008/100 VUs  00m41.9s/10m0s  0.93 iters/s

running (00m42.9s), 009/100 VUs, 11 complete and 0 interrupted iterations
normal_day   [   7% ] 009/100 VUs  00m42.9s/10m0s  0.95 iters/s

running (00m43.9s), 010/100 VUs, 11 complete and 0 interrupted iterations
normal_day   [   7% ] 010/100 VUs  00m43.9s/10m0s  0.98 iters/s

running (00m44.9s), 011/100 VUs, 11 complete and 0 interrupted iterations
normal_day   [   7% ] 011/100 VUs  00m44.9s/10m0s  1.00 iters/s

running (00m45.9s), 011/100 VUs, 12 complete and 0 interrupted iterations
normal_day   [   8% ] 011/100 VUs  00m45.9s/10m0s  1.02 iters/s

running (00m46.9s), 010/100 VUs, 14 complete and 0 interrupted iterations
normal_day   [   8% ] 010/100 VUs  00m46.9s/10m0s  1.04 iters/s

running (00m47.9s), 010/100 VUs, 15 complete and 0 interrupted iterations
normal_day   [   8% ] 010/100 VUs  00m47.9s/10m0s  1.06 iters/s

running (00m48.9s), 011/100 VUs, 15 complete and 0 interrupted iterations
normal_day   [   8% ] 011/100 VUs  00m48.9s/10m0s  1.09 iters/s

running (00m49.9s), 012/100 VUs, 15 complete and 0 interrupted iterations
normal_day   [   8% ] 012/100 VUs  00m49.9s/10m0s  1.11 iters/s

running (00m50.9s), 012/100 VUs, 16 complete and 0 interrupted iterations
normal_day   [   8% ] 012/100 VUs  00m50.9s/10m0s  1.13 iters/s

running (00m51.9s), 013/100 VUs, 16 complete and 0 interrupted iterations
normal_day   [   9% ] 013/100 VUs  00m51.9s/10m0s  1.14 iters/s

running (00m52.9s), 015/100 VUs, 16 complete and 0 interrupted iterations
normal_day   [   9% ] 015/100 VUs  00m52.9s/10m0s  1.18 iters/s

running (00m53.9s), 015/100 VUs, 17 complete and 0 interrupted iterations
normal_day   [   9% ] 015/100 VUs  00m53.9s/10m0s  1.20 iters/s

running (00m54.9s), 016/100 VUs, 17 complete and 0 interrupted iterations
normal_day   [   9% ] 016/100 VUs  00m54.9s/10m0s  1.22 iters/s

running (00m55.9s), 015/100 VUs, 19 complete and 0 interrupted iterations
normal_day   [   9% ] 015/100 VUs  00m55.9s/10m0s  1.24 iters/s

running (00m56.9s), 015/100 VUs, 20 complete and 0 interrupted iterations
normal_day   [   9% ] 015/100 VUs  00m56.9s/10m0s  1.26 iters/s

running (00m57.9s), 015/100 VUs, 22 complete and 0 interrupted iterations
normal_day   [  10% ] 015/100 VUs  00m57.9s/10m0s  1.29 iters/s

running (00m58.9s), 015/100 VUs, 23 complete and 0 interrupted iterations
normal_day   [  10% ] 015/100 VUs  00m58.9s/10m0s  1.31 iters/s

running (00m59.9s), 015/100 VUs, 24 complete and 0 interrupted iterations
normal_day   [  10% ] 015/100 VUs  00m59.9s/10m0s  1.32 iters/s

running (01m00.9s), 016/100 VUs, 25 complete and 0 interrupted iterations
normal_day   [  10% ] 016/100 VUs  01m00.9s/10m0s  1.36 iters/s

running (01m01.9s), 015/100 VUs, 27 complete and 0 interrupted iterations
normal_day   [  10% ] 015/100 VUs  01m01.9s/10m0s  1.37 iters/s

running (01m02.9s), 016/100 VUs, 27 complete and 0 interrupted iterations
normal_day   [  10% ] 016/100 VUs  01m02.9s/10m0s  1.39 iters/s

running (01m03.9s), 015/100 VUs, 30 complete and 0 interrupted iterations
normal_day   [  11% ] 015/100 VUs  01m03.9s/10m0s  1.42 iters/s

running (01m04.9s), 016/100 VUs, 30 complete and 0 interrupted iterations
normal_day   [  11% ] 016/100 VUs  01m04.9s/10m0s  1.44 iters/s

running (01m05.9s), 016/100 VUs, 32 complete and 0 interrupted iterations
normal_day   [  11% ] 016/100 VUs  01m05.9s/10m0s  1.47 iters/s

running (01m06.9s), 013/100 VUs, 36 complete and 0 interrupted iterations
normal_day   [  11% ] 013/100 VUs  01m06.9s/10m0s  1.48 iters/s

running (01m07.9s), 015/100 VUs, 36 complete and 0 interrupted iterations
normal_day   [  11% ] 015/100 VUs  01m07.9s/10m0s  1.51 iters/s

running (01m08.9s), 014/100 VUs, 38 complete and 0 interrupted iterations
normal_day   [  11% ] 014/100 VUs  01m08.9s/10m0s  1.53 iters/s

running (01m09.9s), 015/100 VUs, 39 complete and 0 interrupted iterations
normal_day   [  12% ] 015/100 VUs  01m09.9s/10m0s  1.56 iters/s

running (01m10.9s), 016/100 VUs, 39 complete and 0 interrupted iterations
normal_day   [  12% ] 016/100 VUs  01m10.9s/10m0s  1.57 iters/s

running (01m11.9s), 014/100 VUs, 43 complete and 0 interrupted iterations
normal_day   [  12% ] 014/100 VUs  01m11.9s/10m0s  1.60 iters/s

running (01m12.9s), 016/100 VUs, 43 complete and 0 interrupted iterations
normal_day   [  12% ] 016/100 VUs  01m12.9s/10m0s  1.63 iters/s

running (01m13.9s), 017/100 VUs, 43 complete and 0 interrupted iterations
normal_day   [  12% ] 017/100 VUs  01m13.9s/10m0s  1.64 iters/s

running (01m14.9s), 019/100 VUs, 43 complete and 0 interrupted iterations
normal_day   [  12% ] 019/100 VUs  01m14.9s/10m0s  1.67 iters/s

running (01m15.9s), 019/100 VUs, 44 complete and 0 interrupted iterations
normal_day   [  13% ] 019/100 VUs  01m15.9s/10m0s  1.68 iters/s

running (01m16.9s), 020/100 VUs, 45 complete and 0 interrupted iterations
normal_day   [  13% ] 020/100 VUs  01m16.9s/10m0s  1.71 iters/s

running (01m17.9s), 021/100 VUs, 46 complete and 0 interrupted iterations
normal_day   [  13% ] 021/100 VUs  01m17.9s/10m0s  1.73 iters/s

running (01m18.9s), 021/100 VUs, 48 complete and 0 interrupted iterations
normal_day   [  13% ] 021/100 VUs  01m18.9s/10m0s  1.76 iters/s

running (01m19.9s), 021/100 VUs, 49 complete and 0 interrupted iterations
normal_day   [  13% ] 021/100 VUs  01m19.9s/10m0s  1.77 iters/s

running (01m20.9s), 022/100 VUs, 50 complete and 0 interrupted iterations
normal_day   [  13% ] 022/100 VUs  01m20.9s/10m0s  1.80 iters/s

running (01m21.9s), 020/100 VUs, 54 complete and 0 interrupted iterations
normal_day   [  14% ] 020/100 VUs  01m21.9s/10m0s  1.82 iters/s

running (01m22.9s), 019/100 VUs, 57 complete and 0 interrupted iterations
normal_day   [  14% ] 019/100 VUs  01m22.9s/10m0s  1.84 iters/s

running (01m23.9s), 019/100 VUs, 59 complete and 0 interrupted iterations
normal_day   [  14% ] 019/100 VUs  01m23.9s/10m0s  1.87 iters/s

running (01m24.9s), 018/100 VUs, 62 complete and 0 interrupted iterations
normal_day   [  14% ] 018/100 VUs  01m24.9s/10m0s  1.89 iters/s

running (01m25.9s), 018/100 VUs, 63 complete and 0 interrupted iterations
normal_day   [  14% ] 018/100 VUs  01m25.9s/10m0s  1.90 iters/s

running (01m26.9s), 016/100 VUs, 67 complete and 0 interrupted iterations
normal_day   [  14% ] 016/100 VUs  01m26.9s/10m0s  1.93 iters/s

running (01m27.9s), 018/100 VUs, 67 complete and 0 interrupted iterations
normal_day   [  15% ] 018/100 VUs  01m27.9s/10m0s  1.95 iters/s

running (01m28.9s), 020/100 VUs, 67 complete and 0 interrupted iterations
normal_day   [  15% ] 020/100 VUs  01m28.9s/10m0s  1.97 iters/s

running (01m29.9s), 020/100 VUs, 69 complete and 0 interrupted iterations
normal_day   [  15% ] 020/100 VUs  01m29.9s/10m0s  1.99 iters/s

running (01m30.9s), 017/100 VUs, 74 complete and 0 interrupted iterations
normal_day   [  15% ] 017/100 VUs  01m30.9s/10m0s  2.02 iters/s

running (01m31.9s), 016/100 VUs, 77 complete and 0 interrupted iterations
normal_day   [  15% ] 016/100 VUs  01m31.9s/10m0s  2.04 iters/s

running (01m32.9s), 015/100 VUs, 80 complete and 0 interrupted iterations
normal_day   [  15% ] 015/100 VUs  01m32.9s/10m0s  2.06 iters/s

running (01m33.9s), 017/100 VUs, 80 complete and 0 interrupted iterations
normal_day   [  16% ] 017/100 VUs  01m33.9s/10m0s  2.08 iters/s

running (01m34.9s), 020/100 VUs, 80 complete and 0 interrupted iterations
normal_day   [  16% ] 020/100 VUs  01m34.9s/10m0s  2.11 iters/s

running (01m35.9s), 022/100 VUs, 80 complete and 0 interrupted iterations
normal_day   [  16% ] 022/100 VUs  01m35.9s/10m0s  2.13 iters/s

running (01m36.9s), 024/100 VUs, 80 complete and 0 interrupted iterations
normal_day   [  16% ] 024/100 VUs  01m36.9s/10m0s  2.16 iters/s

running (01m37.9s), 022/100 VUs, 84 complete and 0 interrupted iterations
normal_day   [  16% ] 022/100 VUs  01m37.9s/10m0s  2.18 iters/s

running (01m38.9s), 021/100 VUs, 87 complete and 0 interrupted iterations
normal_day   [  16% ] 021/100 VUs  01m38.9s/10m0s  2.20 iters/s

running (01m39.9s), 019/100 VUs, 91 complete and 0 interrupted iterations
normal_day   [  17% ] 019/100 VUs  01m39.9s/10m0s  2.22 iters/s

running (01m40.9s), 020/100 VUs, 93 complete and 0 interrupted iterations
normal_day   [  17% ] 020/100 VUs  01m40.9s/10m0s  2.25 iters/s

running (01m41.9s), 020/100 VUs, 95 complete and 0 interrupted iterations
normal_day   [  17% ] 020/100 VUs  01m41.9s/10m0s  2.27 iters/s

running (01m42.9s), 019/100 VUs, 98 complete and 0 interrupted iterations
normal_day   [  17% ] 019/100 VUs  01m42.9s/10m0s  2.29 iters/s

running (01m43.9s), 020/100 VUs, 99 complete and 0 interrupted iterations
normal_day   [  17% ] 020/100 VUs  01m43.9s/10m0s  2.30 iters/s

running (01m44.9s), 021/100 VUs, 101 complete and 0 interrupted iterations
normal_day   [  17% ] 021/100 VUs  01m44.9s/10m0s  2.33 iters/s

running (01m45.9s), 022/100 VUs, 102 complete and 0 interrupted iterations
normal_day   [  18% ] 022/100 VUs  01m45.9s/10m0s  2.35 iters/s

running (01m46.9s), 023/100 VUs, 103 complete and 0 interrupted iterations
normal_day   [  18% ] 023/100 VUs  01m46.9s/10m0s  2.37 iters/s

running (01m47.9s), 025/100 VUs, 104 complete and 0 interrupted iterations
normal_day   [  18% ] 025/100 VUs  01m47.9s/10m0s  2.40 iters/s

running (01m48.9s), 022/100 VUs, 109 complete and 0 interrupted iterations
normal_day   [  18% ] 022/100 VUs  01m48.9s/10m0s  2.42 iters/s

running (01m49.9s), 021/100 VUs, 113 complete and 0 interrupted iterations
normal_day   [  18% ] 021/100 VUs  01m49.9s/10m0s  2.44 iters/s

running (01m50.9s), 020/100 VUs, 116 complete and 0 interrupted iterations
normal_day   [  18% ] 020/100 VUs  01m50.9s/10m0s  2.46 iters/s

running (01m51.9s), 023/100 VUs, 116 complete and 0 interrupted iterations
normal_day   [  19% ] 023/100 VUs  01m51.9s/10m0s  2.49 iters/s

running (01m52.9s), 023/100 VUs, 118 complete and 0 interrupted iterations
normal_day   [  19% ] 023/100 VUs  01m52.9s/10m0s  2.51 iters/s

running (01m53.9s), 023/100 VUs, 121 complete and 0 interrupted iterations
normal_day   [  19% ] 023/100 VUs  01m53.9s/10m0s  2.53 iters/s

running (01m54.9s), 025/100 VUs, 121 complete and 0 interrupted iterations
normal_day   [  19% ] 025/100 VUs  01m54.9s/10m0s  2.55 iters/s

running (01m55.9s), 027/100 VUs, 122 complete and 0 interrupted iterations
normal_day   [  19% ] 027/100 VUs  01m55.9s/10m0s  2.58 iters/s

running (01m56.9s), 029/100 VUs, 122 complete and 0 interrupted iterations
normal_day   [  19% ] 029/100 VUs  01m56.9s/10m0s  2.59 iters/s

running (01m57.9s), 030/100 VUs, 124 complete and 0 interrupted iterations
normal_day   [  20% ] 030/100 VUs  01m57.9s/10m0s  2.62 iters/s

running (01m58.9s), 031/100 VUs, 126 complete and 0 interrupted iterations
normal_day   [  20% ] 031/100 VUs  01m58.9s/10m0s  2.65 iters/s

running (01m59.9s), 030/100 VUs, 129 complete and 0 interrupted iterations
normal_day   [  20% ] 030/100 VUs  01m59.9s/10m0s  2.66 iters/s

running (02m00.9s), 028/100 VUs, 134 complete and 0 interrupted iterations
normal_day   [  20% ] 028/100 VUs  02m00.9s/10m0s  2.69 iters/s

running (02m01.9s), 028/100 VUs, 137 complete and 0 interrupted iterations
normal_day   [  20% ] 028/100 VUs  02m01.9s/10m0s  2.71 iters/s

running (02m02.9s), 026/100 VUs, 141 complete and 0 interrupted iterations
normal_day   [  20% ] 026/100 VUs  02m02.9s/10m0s  2.73 iters/s

running (02m03.9s), 027/100 VUs, 143 complete and 0 interrupted iterations
normal_day   [  21% ] 027/100 VUs  02m03.9s/10m0s  2.75 iters/s

running (02m04.9s), 026/100 VUs, 147 complete and 0 interrupted iterations
normal_day   [  21% ] 026/100 VUs  02m04.9s/10m0s  2.78 iters/s

running (02m05.9s), 026/100 VUs, 150 complete and 0 interrupted iterations
normal_day   [  21% ] 026/100 VUs  02m05.9s/10m0s  2.80 iters/s

running (02m06.9s), 025/100 VUs, 153 complete and 0 interrupted iterations
normal_day   [  21% ] 025/100 VUs  02m06.9s/10m0s  2.82 iters/s

running (02m07.9s), 027/100 VUs, 154 complete and 0 interrupted iterations
normal_day   [  21% ] 027/100 VUs  02m07.9s/10m0s  2.84 iters/s

running (02m08.9s), 025/100 VUs, 159 complete and 0 interrupted iterations
normal_day   [  21% ] 025/100 VUs  02m08.9s/10m0s  2.86 iters/s

running (02m09.9s), 026/100 VUs, 161 complete and 0 interrupted iterations
normal_day   [  22% ] 026/100 VUs  02m09.9s/10m0s  2.89 iters/s

running (02m10.9s), 028/100 VUs, 162 complete and 0 interrupted iterations
normal_day   [  22% ] 028/100 VUs  02m10.9s/10m0s  2.91 iters/s

running (02m11.9s), 028/100 VUs, 165 complete and 0 interrupted iterations
normal_day   [  22% ] 028/100 VUs  02m11.9s/10m0s  2.93 iters/s

running (02m12.9s), 029/100 VUs, 167 complete and 0 interrupted iterations
normal_day   [  22% ] 029/100 VUs  02m12.9s/10m0s  2.96 iters/s

running (02m13.9s), 029/100 VUs, 170 complete and 0 interrupted iterations
normal_day   [  22% ] 029/100 VUs  02m13.9s/10m0s  2.98 iters/s

running (02m14.9s), 032/100 VUs, 170 complete and 0 interrupted iterations
normal_day   [  22% ] 032/100 VUs  02m14.9s/10m0s  3.00 iters/s

running (02m15.9s), 032/100 VUs, 173 complete and 0 interrupted iterations
normal_day   [  23% ] 032/100 VUs  02m15.9s/10m0s  3.02 iters/s

running (02m16.9s), 031/100 VUs, 177 complete and 0 interrupted iterations
normal_day   [  23% ] 031/100 VUs  02m16.9s/10m0s  3.04 iters/s

running (02m17.9s), 029/100 VUs, 182 complete and 0 interrupted iterations
normal_day   [  23% ] 029/100 VUs  02m17.9s/10m0s  3.07 iters/s

running (02m18.9s), 031/100 VUs, 183 complete and 0 interrupted iterations
normal_day   [  23% ] 031/100 VUs  02m18.9s/10m0s  3.09 iters/s

running (02m19.9s), 032/100 VUs, 185 complete and 0 interrupted iterations
normal_day   [  23% ] 032/100 VUs  02m19.9s/10m0s  3.11 iters/s

running (02m20.9s), 031/100 VUs, 189 complete and 0 interrupted iterations
normal_day   [  23% ] 031/100 VUs  02m20.9s/10m0s  3.13 iters/s

running (02m21.9s), 033/100 VUs, 190 complete and 0 interrupted iterations
normal_day   [  24% ] 033/100 VUs  02m21.9s/10m0s  3.15 iters/s

running (02m22.9s), 032/100 VUs, 194 complete and 0 interrupted iterations
normal_day   [  24% ] 032/100 VUs  02m22.9s/10m0s  3.17 iters/s

running (02m23.9s), 029/100 VUs, 201 complete and 0 interrupted iterations
normal_day   [  24% ] 029/100 VUs  02m23.9s/10m0s  3.20 iters/s

running (02m24.9s), 028/100 VUs, 205 complete and 0 interrupted iterations
normal_day   [  24% ] 028/100 VUs  02m24.9s/10m0s  3.22 iters/s

running (02m25.9s), 029/100 VUs, 207 complete and 0 interrupted iterations
normal_day   [  24% ] 029/100 VUs  02m25.9s/10m0s  3.24 iters/s

running (02m26.9s), 030/100 VUs, 209 complete and 0 interrupted iterations
normal_day   [  24% ] 030/100 VUs  02m26.9s/10m0s  3.26 iters/s

running (02m27.9s), 032/100 VUs, 211 complete and 0 interrupted iterations
normal_day   [  25% ] 032/100 VUs  02m27.9s/10m0s  3.29 iters/s

running (02m28.9s), 032/100 VUs, 214 complete and 0 interrupted iterations
normal_day   [  25% ] 032/100 VUs  02m28.9s/10m0s  3.31 iters/s

running (02m29.9s), 033/100 VUs, 216 complete and 0 interrupted iterations
normal_day   [  25% ] 033/100 VUs  02m29.9s/10m0s  3.33 iters/s

running (02m30.9s), 035/100 VUs, 217 complete and 0 interrupted iterations
normal_day   [  25% ] 035/100 VUs  02m30.9s/10m0s  3.35 iters/s

running (02m31.9s), 037/100 VUs, 219 complete and 0 interrupted iterations
normal_day   [  25% ] 037/100 VUs  02m31.9s/10m0s  3.38 iters/s

running (02m32.9s), 037/100 VUs, 222 complete and 0 interrupted iterations
normal_day   [  25% ] 037/100 VUs  02m32.9s/10m0s  3.40 iters/s

running (02m33.9s), 040/100 VUs, 223 complete and 0 interrupted iterations
normal_day   [  26% ] 040/100 VUs  02m33.9s/10m0s  3.42 iters/s

running (02m34.9s), 041/100 VUs, 225 complete and 0 interrupted iterations
normal_day   [  26% ] 041/100 VUs  02m34.9s/10m0s  3.44 iters/s

running (02m35.9s), 039/100 VUs, 231 complete and 0 interrupted iterations
normal_day   [  26% ] 039/100 VUs  02m35.9s/10m0s  3.47 iters/s

running (02m36.9s), 042/100 VUs, 231 complete and 0 interrupted iterations
normal_day   [  26% ] 042/100 VUs  02m36.9s/10m0s  3.49 iters/s

running (02m37.9s), 042/100 VUs, 234 complete and 0 interrupted iterations
normal_day   [  26% ] 042/100 VUs  02m37.9s/10m0s  3.51 iters/s

running (02m38.9s), 042/100 VUs, 238 complete and 0 interrupted iterations
normal_day   [  26% ] 042/100 VUs  02m38.9s/10m0s  3.53 iters/s

running (02m39.9s), 043/100 VUs, 241 complete and 0 interrupted iterations
normal_day   [  27% ] 043/100 VUs  02m39.9s/10m0s  3.56 iters/s

running (02m40.9s), 042/100 VUs, 245 complete and 0 interrupted iterations
normal_day   [  27% ] 042/100 VUs  02m40.9s/10m0s  3.57 iters/s

running (02m41.9s), 042/100 VUs, 249 complete and 0 interrupted iterations
normal_day   [  27% ] 042/100 VUs  02m41.9s/10m0s  3.60 iters/s

running (02m42.9s), 040/100 VUs, 254 complete and 0 interrupted iterations
normal_day   [  27% ] 040/100 VUs  02m42.9s/10m0s  3.62 iters/s

running (02m43.9s), 041/100 VUs, 257 complete and 0 interrupted iterations
normal_day   [  27% ] 041/100 VUs  02m43.9s/10m0s  3.64 iters/s

running (02m44.9s), 039/100 VUs, 263 complete and 0 interrupted iterations
normal_day   [  27% ] 039/100 VUs  02m44.9s/10m0s  3.67 iters/s

running (02m45.9s), 036/100 VUs, 269 complete and 0 interrupted iterations
normal_day   [  28% ] 036/100 VUs  02m45.9s/10m0s  3.68 iters/s

running (02m46.9s), 037/100 VUs, 272 complete and 0 interrupted iterations
normal_day   [  28% ] 037/100 VUs  02m46.9s/10m0s  3.71 iters/s

running (02m47.9s), 039/100 VUs, 274 complete and 0 interrupted iterations
normal_day   [  28% ] 039/100 VUs  02m47.9s/10m0s  3.73 iters/s

running (02m48.9s), 042/100 VUs, 274 complete and 0 interrupted iterations
normal_day   [  28% ] 042/100 VUs  02m48.9s/10m0s  3.75 iters/s

running (02m49.9s), 040/100 VUs, 280 complete and 0 interrupted iterations
normal_day   [  28% ] 040/100 VUs  02m49.9s/10m0s  3.77 iters/s

running (02m50.9s), 042/100 VUs, 282 complete and 0 interrupted iterations
normal_day   [  28% ] 042/100 VUs  02m50.9s/10m0s  3.80 iters/s

running (02m51.9s), 041/100 VUs, 287 complete and 0 interrupted iterations
normal_day   [  29% ] 041/100 VUs  02m51.9s/10m0s  3.82 iters/s

running (02m52.9s), 040/100 VUs, 292 complete and 0 interrupted iterations
normal_day   [  29% ] 040/100 VUs  02m52.9s/10m0s  3.84 iters/s

running (02m53.9s), 036/100 VUs, 299 complete and 0 interrupted iterations
normal_day   [  29% ] 036/100 VUs  02m53.9s/10m0s  3.86 iters/s

running (02m54.9s), 037/100 VUs, 302 complete and 0 interrupted iterations
normal_day   [  29% ] 037/100 VUs  02m54.9s/10m0s  3.88 iters/s

running (02m55.9s), 038/100 VUs, 305 complete and 0 interrupted iterations
normal_day   [  29% ] 038/100 VUs  02m55.9s/10m0s  3.91 iters/s

running (02m56.9s), 037/100 VUs, 310 complete and 0 interrupted iterations
normal_day   [  29% ] 037/100 VUs  02m56.9s/10m0s  3.93 iters/s

running (02m57.9s), 035/100 VUs, 316 complete and 0 interrupted iterations
normal_day   [  30% ] 035/100 VUs  02m57.9s/10m0s  3.95 iters/s

running (02m58.9s), 032/100 VUs, 323 complete and 0 interrupted iterations
normal_day   [  30% ] 032/100 VUs  02m58.9s/10m0s  3.97 iters/s

running (02m59.9s), 035/100 VUs, 324 complete and 0 interrupted iterations
normal_day   [  30% ] 035/100 VUs  02m59.9s/10m0s  4.00 iters/s

running (03m00.9s), 036/100 VUs, 327 complete and 0 interrupted iterations
normal_day   [  30% ] 036/100 VUs  03m00.9s/10m0s  4.00 iters/s

running (03m01.9s), 034/100 VUs, 333 complete and 0 interrupted iterations
normal_day   [  30% ] 034/100 VUs  03m01.9s/10m0s  4.00 iters/s

running (03m02.9s), 035/100 VUs, 336 complete and 0 interrupted iterations
normal_day   [  30% ] 035/100 VUs  03m02.9s/10m0s  4.00 iters/s

running (03m03.9s), 037/100 VUs, 338 complete and 0 interrupted iterations
normal_day   [  31% ] 037/100 VUs  03m03.9s/10m0s  4.00 iters/s

running (03m04.9s), 037/100 VUs, 342 complete and 0 interrupted iterations
normal_day   [  31% ] 037/100 VUs  03m04.9s/10m0s  4.00 iters/s

running (03m05.9s), 040/100 VUs, 343 complete and 0 interrupted iterations
normal_day   [  31% ] 040/100 VUs  03m05.9s/10m0s  4.00 iters/s

running (03m06.9s), 040/100 VUs, 347 complete and 0 interrupted iterations
normal_day   [  31% ] 040/100 VUs  03m06.9s/10m0s  4.00 iters/s

running (03m07.9s), 036/100 VUs, 355 complete and 0 interrupted iterations
normal_day   [  31% ] 036/100 VUs  03m07.9s/10m0s  4.00 iters/s

running (03m08.9s), 038/100 VUs, 357 complete and 0 interrupted iterations
normal_day   [  31% ] 038/100 VUs  03m08.9s/10m0s  4.00 iters/s

running (03m09.9s), 033/100 VUs, 366 complete and 0 interrupted iterations
normal_day   [  32% ] 033/100 VUs  03m09.9s/10m0s  4.00 iters/s

running (03m10.9s), 035/100 VUs, 368 complete and 0 interrupted iterations
normal_day   [  32% ] 035/100 VUs  03m10.9s/10m0s  4.00 iters/s

running (03m11.9s), 035/100 VUs, 372 complete and 0 interrupted iterations
normal_day   [  32% ] 035/100 VUs  03m11.9s/10m0s  4.00 iters/s

running (03m12.9s), 038/100 VUs, 373 complete and 0 interrupted iterations
normal_day   [  32% ] 038/100 VUs  03m12.9s/10m0s  4.00 iters/s

running (03m13.9s), 036/100 VUs, 379 complete and 0 interrupted iterations
normal_day   [  32% ] 036/100 VUs  03m13.9s/10m0s  4.00 iters/s

running (03m14.9s), 035/100 VUs, 384 complete and 0 interrupted iterations
normal_day   [  32% ] 035/100 VUs  03m14.9s/10m0s  4.00 iters/s

running (03m15.9s), 037/100 VUs, 386 complete and 0 interrupted iterations
normal_day   [  33% ] 037/100 VUs  03m15.9s/10m0s  4.00 iters/s

running (03m16.9s), 039/100 VUs, 388 complete and 0 interrupted iterations
normal_day   [  33% ] 039/100 VUs  03m16.9s/10m0s  4.00 iters/s

running (03m17.9s), 039/100 VUs, 392 complete and 0 interrupted iterations
normal_day   [  33% ] 039/100 VUs  03m17.9s/10m0s  4.00 iters/s

running (03m18.9s), 038/100 VUs, 397 complete and 0 interrupted iterations
normal_day   [  33% ] 038/100 VUs  03m18.9s/10m0s  4.00 iters/s

running (03m19.9s), 038/100 VUs, 401 complete and 0 interrupted iterations
normal_day   [  33% ] 038/100 VUs  03m19.9s/10m0s  4.00 iters/s

running (03m20.9s), 034/100 VUs, 409 complete and 0 interrupted iterations
normal_day   [  33% ] 034/100 VUs  03m20.9s/10m0s  4.00 iters/s

running (03m21.9s), 036/100 VUs, 411 complete and 0 interrupted iterations
normal_day   [  34% ] 036/100 VUs  03m21.9s/10m0s  4.00 iters/s

running (03m22.9s), 036/100 VUs, 415 complete and 0 interrupted iterations
normal_day   [  34% ] 036/100 VUs  03m22.9s/10m0s  4.00 iters/s

running (03m23.9s), 036/100 VUs, 419 complete and 0 interrupted iterations
normal_day   [  34% ] 036/100 VUs  03m23.9s/10m0s  4.00 iters/s

running (03m24.9s), 036/100 VUs, 423 complete and 0 interrupted iterations
normal_day   [  34% ] 036/100 VUs  03m24.9s/10m0s  4.00 iters/s

running (03m25.9s), 036/100 VUs, 427 complete and 0 interrupted iterations
normal_day   [  34% ] 036/100 VUs  03m25.9s/10m0s  4.00 iters/s

running (03m26.9s), 037/100 VUs, 430 complete and 0 interrupted iterations
normal_day   [  34% ] 037/100 VUs  03m26.9s/10m0s  4.00 iters/s

running (03m27.9s), 039/100 VUs, 432 complete and 0 interrupted iterations
normal_day   [  35% ] 039/100 VUs  03m27.9s/10m0s  4.00 iters/s

running (03m28.9s), 040/100 VUs, 435 complete and 0 interrupted iterations
normal_day   [  35% ] 040/100 VUs  03m28.9s/10m0s  4.00 iters/s

running (03m29.9s), 042/100 VUs, 437 complete and 0 interrupted iterations
normal_day   [  35% ] 042/100 VUs  03m29.9s/10m0s  4.00 iters/s

running (03m30.9s), 040/100 VUs, 443 complete and 0 interrupted iterations
normal_day   [  35% ] 040/100 VUs  03m30.9s/10m0s  4.00 iters/s

running (03m31.9s), 038/100 VUs, 449 complete and 0 interrupted iterations
normal_day   [  35% ] 038/100 VUs  03m31.9s/10m0s  4.00 iters/s

running (03m32.9s), 042/100 VUs, 449 complete and 0 interrupted iterations
normal_day   [  35% ] 042/100 VUs  03m32.9s/10m0s  4.00 iters/s

running (03m33.9s), 040/100 VUs, 455 complete and 0 interrupted iterations
normal_day   [  36% ] 040/100 VUs  03m33.9s/10m0s  4.00 iters/s

running (03m34.9s), 042/100 VUs, 457 complete and 0 interrupted iterations
normal_day   [  36% ] 042/100 VUs  03m34.9s/10m0s  4.00 iters/s

running (03m35.9s), 043/100 VUs, 460 complete and 0 interrupted iterations
normal_day   [  36% ] 043/100 VUs  03m35.9s/10m0s  4.00 iters/s

running (03m36.9s), 041/100 VUs, 466 complete and 0 interrupted iterations
normal_day   [  36% ] 041/100 VUs  03m36.9s/10m0s  4.00 iters/s

running (03m37.9s), 043/100 VUs, 468 complete and 0 interrupted iterations
normal_day   [  36% ] 043/100 VUs  03m37.9s/10m0s  4.00 iters/s

running (03m38.9s), 038/100 VUs, 477 complete and 0 interrupted iterations
normal_day   [  36% ] 038/100 VUs  03m38.9s/10m0s  4.00 iters/s

running (03m39.9s), 036/100 VUs, 483 complete and 0 interrupted iterations
normal_day   [  37% ] 036/100 VUs  03m39.9s/10m0s  4.00 iters/s

running (03m40.9s), 036/100 VUs, 487 complete and 0 interrupted iterations
normal_day   [  37% ] 036/100 VUs  03m40.9s/10m0s  4.00 iters/s

running (03m41.9s), 036/100 VUs, 491 complete and 0 interrupted iterations
normal_day   [  37% ] 036/100 VUs  03m41.9s/10m0s  4.00 iters/s

running (03m42.9s), 038/100 VUs, 493 complete and 0 interrupted iterations
normal_day   [  37% ] 038/100 VUs  03m42.9s/10m0s  4.00 iters/s

running (03m43.9s), 041/100 VUs, 494 complete and 0 interrupted iterations
normal_day   [  37% ] 041/100 VUs  03m43.9s/10m0s  4.00 iters/s

running (03m44.9s), 042/100 VUs, 497 complete and 0 interrupted iterations
normal_day   [  37% ] 042/100 VUs  03m44.9s/10m0s  4.00 iters/s

running (03m45.9s), 039/100 VUs, 504 complete and 0 interrupted iterations
normal_day   [  38% ] 039/100 VUs  03m45.9s/10m0s  4.00 iters/s

running (03m46.9s), 041/100 VUs, 506 complete and 0 interrupted iterations
normal_day   [  38% ] 041/100 VUs  03m46.9s/10m0s  4.00 iters/s

running (03m47.9s), 041/100 VUs, 510 complete and 0 interrupted iterations
normal_day   [  38% ] 041/100 VUs  03m47.9s/10m0s  4.00 iters/s

running (03m48.9s), 043/100 VUs, 512 complete and 0 interrupted iterations
normal_day   [  38% ] 043/100 VUs  03m48.9s/10m0s  4.00 iters/s

running (03m49.9s), 044/100 VUs, 515 complete and 0 interrupted iterations
normal_day   [  38% ] 044/100 VUs  03m49.9s/10m0s  4.00 iters/s

running (03m50.9s), 044/100 VUs, 519 complete and 0 interrupted iterations
normal_day   [  38% ] 044/100 VUs  03m50.9s/10m0s  4.00 iters/s

running (03m51.9s), 045/100 VUs, 522 complete and 0 interrupted iterations
normal_day   [  39% ] 045/100 VUs  03m51.9s/10m0s  4.00 iters/s

running (03m52.9s), 046/100 VUs, 525 complete and 0 interrupted iterations
normal_day   [  39% ] 046/100 VUs  03m52.9s/10m0s  4.00 iters/s

running (03m53.9s), 041/100 VUs, 534 complete and 0 interrupted iterations
normal_day   [  39% ] 041/100 VUs  03m53.9s/10m0s  4.00 iters/s

running (03m54.9s), 042/100 VUs, 537 complete and 0 interrupted iterations
normal_day   [  39% ] 042/100 VUs  03m54.9s/10m0s  4.00 iters/s

running (03m55.9s), 045/100 VUs, 538 complete and 0 interrupted iterations
normal_day   [  39% ] 045/100 VUs  03m55.9s/10m0s  4.00 iters/s

running (03m56.9s), 043/100 VUs, 544 complete and 0 interrupted iterations
normal_day   [  39% ] 043/100 VUs  03m56.9s/10m0s  4.00 iters/s

running (03m57.9s), 041/100 VUs, 550 complete and 0 interrupted iterations
normal_day   [  40% ] 041/100 VUs  03m57.9s/10m0s  4.00 iters/s

running (03m58.9s), 041/100 VUs, 554 complete and 0 interrupted iterations
normal_day   [  40% ] 041/100 VUs  03m58.9s/10m0s  4.00 iters/s

running (03m59.9s), 040/100 VUs, 559 complete and 0 interrupted iterations
normal_day   [  40% ] 040/100 VUs  03m59.9s/10m0s  4.00 iters/s

running (04m00.9s), 040/100 VUs, 563 complete and 0 interrupted iterations
normal_day   [  40% ] 040/100 VUs  04m00.9s/10m0s  4.00 iters/s

running (04m01.9s), 040/100 VUs, 567 complete and 0 interrupted iterations
normal_day   [  40% ] 040/100 VUs  04m01.9s/10m0s  4.00 iters/s

running (04m02.9s), 042/100 VUs, 569 complete and 0 interrupted iterations
normal_day   [  40% ] 042/100 VUs  04m02.9s/10m0s  4.00 iters/s

running (04m03.9s), 041/100 VUs, 574 complete and 0 interrupted iterations
normal_day   [  41% ] 041/100 VUs  04m03.9s/10m0s  4.00 iters/s

running (04m04.9s), 041/100 VUs, 578 complete and 0 interrupted iterations
normal_day   [  41% ] 041/100 VUs  04m04.9s/10m0s  4.00 iters/s

running (04m05.9s), 041/100 VUs, 582 complete and 0 interrupted iterations
normal_day   [  41% ] 041/100 VUs  04m05.9s/10m0s  4.00 iters/s

running (04m06.9s), 040/100 VUs, 587 complete and 0 interrupted iterations
normal_day   [  41% ] 040/100 VUs  04m06.9s/10m0s  4.00 iters/s

running (04m07.9s), 041/100 VUs, 590 complete and 0 interrupted iterations
normal_day   [  41% ] 041/100 VUs  04m07.9s/10m0s  4.00 iters/s

running (04m08.9s), 038/100 VUs, 597 complete and 0 interrupted iterations
normal_day   [  41% ] 038/100 VUs  04m08.9s/10m0s  4.00 iters/s

running (04m09.9s), 037/100 VUs, 602 complete and 0 interrupted iterations
normal_day   [  42% ] 037/100 VUs  04m09.9s/10m0s  4.00 iters/s

running (04m10.9s), 039/100 VUs, 604 complete and 0 interrupted iterations
normal_day   [  42% ] 039/100 VUs  04m10.9s/10m0s  4.00 iters/s

running (04m11.9s), 037/100 VUs, 610 complete and 0 interrupted iterations
normal_day   [  42% ] 037/100 VUs  04m11.9s/10m0s  4.00 iters/s

running (04m12.9s), 038/100 VUs, 613 complete and 0 interrupted iterations
normal_day   [  42% ] 038/100 VUs  04m12.9s/10m0s  4.00 iters/s

running (04m13.9s), 039/100 VUs, 616 complete and 0 interrupted iterations
normal_day   [  42% ] 039/100 VUs  04m13.9s/10m0s  4.00 iters/s

running (04m14.9s), 041/100 VUs, 618 complete and 0 interrupted iterations
normal_day   [  42% ] 041/100 VUs  04m14.9s/10m0s  4.00 iters/s

running (04m15.9s), 043/100 VUs, 620 complete and 0 interrupted iterations
normal_day   [  43% ] 043/100 VUs  04m15.9s/10m0s  4.00 iters/s

running (04m16.9s), 042/100 VUs, 625 complete and 0 interrupted iterations
normal_day   [  43% ] 042/100 VUs  04m16.9s/10m0s  4.00 iters/s

running (04m17.9s), 044/100 VUs, 627 complete and 0 interrupted iterations
normal_day   [  43% ] 044/100 VUs  04m17.9s/10m0s  4.00 iters/s

running (04m18.9s), 040/100 VUs, 635 complete and 0 interrupted iterations
normal_day   [  43% ] 040/100 VUs  04m18.9s/10m0s  4.00 iters/s

running (04m19.9s), 040/100 VUs, 639 complete and 0 interrupted iterations
normal_day   [  43% ] 040/100 VUs  04m19.9s/10m0s  4.00 iters/s

running (04m20.9s), 041/100 VUs, 642 complete and 0 interrupted iterations
normal_day   [  43% ] 041/100 VUs  04m20.9s/10m0s  4.00 iters/s

running (04m21.9s), 040/100 VUs, 647 complete and 0 interrupted iterations
normal_day   [  44% ] 040/100 VUs  04m21.9s/10m0s  4.00 iters/s

running (04m22.9s), 038/100 VUs, 653 complete and 0 interrupted iterations
normal_day   [  44% ] 038/100 VUs  04m22.9s/10m0s  4.00 iters/s

running (04m23.9s), 040/100 VUs, 655 complete and 0 interrupted iterations
normal_day   [  44% ] 040/100 VUs  04m23.9s/10m0s  4.00 iters/s

running (04m24.9s), 040/100 VUs, 659 complete and 0 interrupted iterations
normal_day   [  44% ] 040/100 VUs  04m24.9s/10m0s  4.00 iters/s

running (04m25.9s), 041/100 VUs, 662 complete and 0 interrupted iterations
normal_day   [  44% ] 041/100 VUs  04m25.9s/10m0s  4.00 iters/s

running (04m26.9s), 039/100 VUs, 668 complete and 0 interrupted iterations
normal_day   [  44% ] 039/100 VUs  04m26.9s/10m0s  4.00 iters/s

running (04m27.9s), 038/100 VUs, 673 complete and 0 interrupted iterations
normal_day   [  45% ] 038/100 VUs  04m27.9s/10m0s  4.00 iters/s

running (04m28.9s), 039/100 VUs, 676 complete and 0 interrupted iterations
normal_day   [  45% ] 039/100 VUs  04m28.9s/10m0s  4.00 iters/s

running (04m29.9s), 038/100 VUs, 681 complete and 0 interrupted iterations
normal_day   [  45% ] 038/100 VUs  04m29.9s/10m0s  4.00 iters/s

running (04m30.9s), 035/100 VUs, 688 complete and 0 interrupted iterations
normal_day   [  45% ] 035/100 VUs  04m30.9s/10m0s  4.00 iters/s

running (04m31.9s), 037/100 VUs, 690 complete and 0 interrupted iterations
normal_day   [  45% ] 037/100 VUs  04m31.9s/10m0s  4.00 iters/s

running (04m32.9s), 037/100 VUs, 694 complete and 0 interrupted iterations
normal_day   [  45% ] 037/100 VUs  04m32.9s/10m0s  4.00 iters/s

running (04m33.9s), 038/100 VUs, 697 complete and 0 interrupted iterations
normal_day   [  46% ] 038/100 VUs  04m33.9s/10m0s  4.00 iters/s

running (04m34.9s), 041/100 VUs, 698 complete and 0 interrupted iterations
normal_day   [  46% ] 041/100 VUs  04m34.9s/10m0s  4.00 iters/s

running (04m35.9s), 043/100 VUs, 700 complete and 0 interrupted iterations
normal_day   [  46% ] 043/100 VUs  04m35.9s/10m0s  4.00 iters/s

running (04m36.9s), 043/100 VUs, 704 complete and 0 interrupted iterations
normal_day   [  46% ] 043/100 VUs  04m36.9s/10m0s  4.00 iters/s

running (04m37.9s), 046/100 VUs, 705 complete and 0 interrupted iterations
normal_day   [  46% ] 046/100 VUs  04m37.9s/10m0s  4.00 iters/s

running (04m38.9s), 042/100 VUs, 713 complete and 0 interrupted iterations
normal_day   [  46% ] 042/100 VUs  04m38.9s/10m0s  4.00 iters/s

running (04m39.9s), 042/100 VUs, 717 complete and 0 interrupted iterations
normal_day   [  47% ] 042/100 VUs  04m39.9s/10m0s  4.00 iters/s

running (04m40.9s), 038/100 VUs, 725 complete and 0 interrupted iterations
normal_day   [  47% ] 038/100 VUs  04m40.9s/10m0s  4.00 iters/s

running (04m41.9s), 039/100 VUs, 728 complete and 0 interrupted iterations
normal_day   [  47% ] 039/100 VUs  04m41.9s/10m0s  4.00 iters/s

running (04m42.9s), 038/100 VUs, 733 complete and 0 interrupted iterations
normal_day   [  47% ] 038/100 VUs  04m42.9s/10m0s  4.00 iters/s

running (04m43.9s), 040/100 VUs, 735 complete and 0 interrupted iterations
normal_day   [  47% ] 040/100 VUs  04m43.9s/10m0s  4.00 iters/s

running (04m44.9s), 043/100 VUs, 736 complete and 0 interrupted iterations
normal_day   [  47% ] 043/100 VUs  04m44.9s/10m0s  4.00 iters/s

running (04m45.9s), 045/100 VUs, 738 complete and 0 interrupted iterations
normal_day   [  48% ] 045/100 VUs  04m45.9s/10m0s  4.00 iters/s

running (04m46.9s), 045/100 VUs, 742 complete and 0 interrupted iterations
normal_day   [  48% ] 045/100 VUs  04m46.9s/10m0s  4.00 iters/s

running (04m47.9s), 046/100 VUs, 745 complete and 0 interrupted iterations
normal_day   [  48% ] 046/100 VUs  04m47.9s/10m0s  4.00 iters/s

running (04m48.9s), 044/100 VUs, 751 complete and 0 interrupted iterations
normal_day   [  48% ] 044/100 VUs  04m48.9s/10m0s  4.00 iters/s

running (04m49.9s), 042/100 VUs, 757 complete and 0 interrupted iterations
normal_day   [  48% ] 042/100 VUs  04m49.9s/10m0s  4.00 iters/s

running (04m50.9s), 039/100 VUs, 764 complete and 0 interrupted iterations
normal_day   [  48% ] 039/100 VUs  04m50.9s/10m0s  4.00 iters/s

running (04m51.9s), 038/100 VUs, 769 complete and 0 interrupted iterations
normal_day   [  49% ] 038/100 VUs  04m51.9s/10m0s  4.00 iters/s

running (04m52.9s), 038/100 VUs, 773 complete and 0 interrupted iterations
normal_day   [  49% ] 038/100 VUs  04m52.9s/10m0s  4.00 iters/s

running (04m53.9s), 041/100 VUs, 774 complete and 0 interrupted iterations
normal_day   [  49% ] 041/100 VUs  04m53.9s/10m0s  4.00 iters/s

running (04m54.9s), 043/100 VUs, 776 complete and 0 interrupted iterations
normal_day   [  49% ] 043/100 VUs  04m54.9s/10m0s  4.00 iters/s

running (04m55.9s), 044/100 VUs, 779 complete and 0 interrupted iterations
normal_day   [  49% ] 044/100 VUs  04m55.9s/10m0s  4.00 iters/s

running (04m56.9s), 045/100 VUs, 782 complete and 0 interrupted iterations
normal_day   [  49% ] 045/100 VUs  04m56.9s/10m0s  4.00 iters/s

running (04m57.9s), 038/100 VUs, 793 complete and 0 interrupted iterations
normal_day   [  50% ] 038/100 VUs  04m57.9s/10m0s  4.00 iters/s

running (04m58.9s), 040/100 VUs, 795 complete and 0 interrupted iterations
normal_day   [  50% ] 040/100 VUs  04m58.9s/10m0s  4.00 iters/s

running (04m59.9s), 042/100 VUs, 797 complete and 0 interrupted iterations
normal_day   [  50% ] 042/100 VUs  04m59.9s/10m0s  4.00 iters/s

running (05m00.9s), 042/100 VUs, 801 complete and 0 interrupted iterations
normal_day   [  50% ] 042/100 VUs  05m00.9s/10m0s  4.00 iters/s

running (05m01.9s), 043/100 VUs, 804 complete and 0 interrupted iterations
normal_day   [  50% ] 043/100 VUs  05m01.9s/10m0s  4.00 iters/s

running (05m02.9s), 044/100 VUs, 807 complete and 0 interrupted iterations
normal_day   [  50% ] 044/100 VUs  05m02.9s/10m0s  4.00 iters/s

running (05m03.9s), 044/100 VUs, 811 complete and 0 interrupted iterations
normal_day   [  51% ] 044/100 VUs  05m03.9s/10m0s  4.00 iters/s

running (05m04.9s), 042/100 VUs, 817 complete and 0 interrupted iterations
normal_day   [  51% ] 042/100 VUs  05m04.9s/10m0s  4.00 iters/s

running (05m05.9s), 039/100 VUs, 824 complete and 0 interrupted iterations
normal_day   [  51% ] 039/100 VUs  05m05.9s/10m0s  4.00 iters/s

running (05m06.9s), 038/100 VUs, 829 complete and 0 interrupted iterations
normal_day   [  51% ] 038/100 VUs  05m06.9s/10m0s  4.00 iters/s

running (05m07.9s), 038/100 VUs, 833 complete and 0 interrupted iterations
normal_day   [  51% ] 038/100 VUs  05m07.9s/10m0s  4.00 iters/s

running (05m08.9s), 039/100 VUs, 836 complete and 0 interrupted iterations
normal_day   [  51% ] 039/100 VUs  05m08.9s/10m0s  4.00 iters/s

running (05m09.9s), 039/100 VUs, 840 complete and 0 interrupted iterations
normal_day   [  52% ] 039/100 VUs  05m09.9s/10m0s  4.00 iters/s

running (05m10.9s), 039/100 VUs, 844 complete and 0 interrupted iterations
normal_day   [  52% ] 039/100 VUs  05m10.9s/10m0s  4.00 iters/s

running (05m11.9s), 038/100 VUs, 849 complete and 0 interrupted iterations
normal_day   [  52% ] 038/100 VUs  05m11.9s/10m0s  4.00 iters/s

running (05m12.9s), 040/100 VUs, 851 complete and 0 interrupted iterations
normal_day   [  52% ] 040/100 VUs  05m12.9s/10m0s  4.00 iters/s

running (05m13.9s), 040/100 VUs, 855 complete and 0 interrupted iterations
normal_day   [  52% ] 040/100 VUs  05m13.9s/10m0s  4.00 iters/s

running (05m14.9s), 042/100 VUs, 857 complete and 0 interrupted iterations
normal_day   [  52% ] 042/100 VUs  05m14.9s/10m0s  4.00 iters/s

running (05m15.9s), 044/100 VUs, 859 complete and 0 interrupted iterations
normal_day   [  53% ] 044/100 VUs  05m15.9s/10m0s  4.00 iters/s

running (05m16.9s), 045/100 VUs, 862 complete and 0 interrupted iterations
normal_day   [  53% ] 045/100 VUs  05m16.9s/10m0s  4.00 iters/s

running (05m17.9s), 044/100 VUs, 867 complete and 0 interrupted iterations
normal_day   [  53% ] 044/100 VUs  05m17.9s/10m0s  4.00 iters/s

running (05m18.9s), 044/100 VUs, 871 complete and 0 interrupted iterations
normal_day   [  53% ] 044/100 VUs  05m18.9s/10m0s  4.00 iters/s

running (05m19.9s), 042/100 VUs, 877 complete and 0 interrupted iterations
normal_day   [  53% ] 042/100 VUs  05m19.9s/10m0s  4.00 iters/s

running (05m20.9s), 040/100 VUs, 883 complete and 0 interrupted iterations
normal_day   [  53% ] 040/100 VUs  05m20.9s/10m0s  4.00 iters/s

running (05m21.9s), 040/100 VUs, 887 complete and 0 interrupted iterations
normal_day   [  54% ] 040/100 VUs  05m21.9s/10m0s  4.00 iters/s

running (05m22.9s), 038/100 VUs, 893 complete and 0 interrupted iterations
normal_day   [  54% ] 038/100 VUs  05m22.9s/10m0s  4.00 iters/s

running (05m23.9s), 040/100 VUs, 895 complete and 0 interrupted iterations
normal_day   [  54% ] 040/100 VUs  05m23.9s/10m0s  4.00 iters/s

running (05m24.9s), 041/100 VUs, 898 complete and 0 interrupted iterations
normal_day   [  54% ] 041/100 VUs  05m24.9s/10m0s  4.00 iters/s

running (05m25.9s), 040/100 VUs, 903 complete and 0 interrupted iterations
normal_day   [  54% ] 040/100 VUs  05m25.9s/10m0s  4.00 iters/s

running (05m26.9s), 040/100 VUs, 907 complete and 0 interrupted iterations
normal_day   [  54% ] 040/100 VUs  05m26.9s/10m0s  4.00 iters/s

running (05m27.9s), 044/100 VUs, 907 complete and 0 interrupted iterations
normal_day   [  55% ] 044/100 VUs  05m27.9s/10m0s  4.00 iters/s

running (05m28.9s), 043/100 VUs, 912 complete and 0 interrupted iterations
normal_day   [  55% ] 043/100 VUs  05m28.9s/10m0s  4.00 iters/s

running (05m29.9s), 043/100 VUs, 916 complete and 0 interrupted iterations
normal_day   [  55% ] 043/100 VUs  05m29.9s/10m0s  4.00 iters/s

running (05m30.9s), 041/100 VUs, 922 complete and 0 interrupted iterations
normal_day   [  55% ] 041/100 VUs  05m30.9s/10m0s  4.00 iters/s

running (05m31.9s), 044/100 VUs, 923 complete and 0 interrupted iterations
normal_day   [  55% ] 044/100 VUs  05m31.9s/10m0s  4.00 iters/s

running (05m32.9s), 046/100 VUs, 925 complete and 0 interrupted iterations
normal_day   [  55% ] 046/100 VUs  05m32.9s/10m0s  4.00 iters/s

running (05m33.9s), 044/100 VUs, 931 complete and 0 interrupted iterations
normal_day   [  56% ] 044/100 VUs  05m33.9s/10m0s  4.00 iters/s

running (05m34.9s), 046/100 VUs, 933 complete and 0 interrupted iterations
normal_day   [  56% ] 046/100 VUs  05m34.9s/10m0s  4.00 iters/s

running (05m35.9s), 044/100 VUs, 939 complete and 0 interrupted iterations
normal_day   [  56% ] 044/100 VUs  05m35.9s/10m0s  4.00 iters/s

running (05m36.9s), 042/100 VUs, 945 complete and 0 interrupted iterations
normal_day   [  56% ] 042/100 VUs  05m36.9s/10m0s  4.00 iters/s

running (05m37.9s), 041/100 VUs, 950 complete and 0 interrupted iterations
normal_day   [  56% ] 041/100 VUs  05m37.9s/10m0s  4.00 iters/s

running (05m38.9s), 041/100 VUs, 954 complete and 0 interrupted iterations
normal_day   [  56% ] 041/100 VUs  05m38.9s/10m0s  4.00 iters/s

running (05m39.9s), 042/100 VUs, 957 complete and 0 interrupted iterations
normal_day   [  57% ] 042/100 VUs  05m39.9s/10m0s  4.00 iters/s

running (05m40.9s), 043/100 VUs, 960 complete and 0 interrupted iterations
normal_day   [  57% ] 043/100 VUs  05m40.9s/10m0s  4.00 iters/s

running (05m41.9s), 044/100 VUs, 963 complete and 0 interrupted iterations
normal_day   [  57% ] 044/100 VUs  05m41.9s/10m0s  4.00 iters/s

running (05m42.9s), 045/100 VUs, 966 complete and 0 interrupted iterations
normal_day   [  57% ] 045/100 VUs  05m42.9s/10m0s  4.00 iters/s

running (05m43.9s), 044/100 VUs, 971 complete and 0 interrupted iterations
normal_day   [  57% ] 044/100 VUs  05m43.9s/10m0s  4.00 iters/s

running (05m44.9s), 047/100 VUs, 972 complete and 0 interrupted iterations
normal_day   [  57% ] 047/100 VUs  05m44.9s/10m0s  4.00 iters/s

running (05m45.9s), 043/100 VUs, 980 complete and 0 interrupted iterations
normal_day   [  58% ] 043/100 VUs  05m45.9s/10m0s  4.00 iters/s

running (05m46.9s), 042/100 VUs, 985 complete and 0 interrupted iterations
normal_day   [  58% ] 042/100 VUs  05m46.9s/10m0s  4.00 iters/s

running (05m47.9s), 040/100 VUs, 991 complete and 0 interrupted iterations
normal_day   [  58% ] 040/100 VUs  05m47.9s/10m0s  4.00 iters/s

running (05m48.9s), 040/100 VUs, 995 complete and 0 interrupted iterations
normal_day   [  58% ] 040/100 VUs  05m48.9s/10m0s  4.00 iters/s

running (05m49.9s), 041/100 VUs, 998 complete and 0 interrupted iterations
normal_day   [  58% ] 041/100 VUs  05m49.9s/10m0s  4.00 iters/s

running (05m50.9s), 043/100 VUs, 1000 complete and 0 interrupted iterations
normal_day   [  58% ] 043/100 VUs  05m50.9s/10m0s  4.00 iters/s

running (05m51.9s), 041/100 VUs, 1006 complete and 0 interrupted iterations
normal_day   [  59% ] 041/100 VUs  05m51.9s/10m0s  4.00 iters/s

running (05m52.9s), 039/100 VUs, 1012 complete and 0 interrupted iterations
normal_day   [  59% ] 039/100 VUs  05m52.9s/10m0s  4.00 iters/s

running (05m53.9s), 040/100 VUs, 1015 complete and 0 interrupted iterations
normal_day   [  59% ] 040/100 VUs  05m53.9s/10m0s  4.00 iters/s

running (05m54.9s), 041/100 VUs, 1018 complete and 0 interrupted iterations
normal_day   [  59% ] 041/100 VUs  05m54.9s/10m0s  4.00 iters/s

running (05m55.9s), 041/100 VUs, 1022 complete and 0 interrupted iterations
normal_day   [  59% ] 041/100 VUs  05m55.9s/10m0s  4.00 iters/s

running (05m56.9s), 041/100 VUs, 1026 complete and 0 interrupted iterations
normal_day   [  59% ] 041/100 VUs  05m56.9s/10m0s  4.00 iters/s

running (05m57.9s), 040/100 VUs, 1031 complete and 0 interrupted iterations
normal_day   [  60% ] 040/100 VUs  05m57.9s/10m0s  4.00 iters/s

running (05m58.9s), 044/100 VUs, 1031 complete and 0 interrupted iterations
normal_day   [  60% ] 044/100 VUs  05m58.9s/10m0s  4.00 iters/s

running (05m59.9s), 044/100 VUs, 1035 complete and 0 interrupted iterations
normal_day   [  60% ] 044/100 VUs  05m59.9s/10m0s  4.00 iters/s

running (06m00.9s), 043/100 VUs, 1040 complete and 0 interrupted iterations
normal_day   [  60% ] 043/100 VUs  06m00.9s/10m0s  4.00 iters/s

running (06m01.9s), 042/100 VUs, 1045 complete and 0 interrupted iterations
normal_day   [  60% ] 042/100 VUs  06m01.9s/10m0s  4.00 iters/s

running (06m02.9s), 042/100 VUs, 1049 complete and 0 interrupted iterations
normal_day   [  60% ] 042/100 VUs  06m02.9s/10m0s  4.00 iters/s

running (06m03.9s), 044/100 VUs, 1051 complete and 0 interrupted iterations
normal_day   [  61% ] 044/100 VUs  06m03.9s/10m0s  4.00 iters/s

running (06m04.9s), 042/100 VUs, 1057 complete and 0 interrupted iterations
normal_day   [  61% ] 042/100 VUs  06m04.9s/10m0s  4.00 iters/s

running (06m05.9s), 043/100 VUs, 1060 complete and 0 interrupted iterations
normal_day   [  61% ] 043/100 VUs  06m05.9s/10m0s  4.00 iters/s

running (06m06.9s), 042/100 VUs, 1065 complete and 0 interrupted iterations
normal_day   [  61% ] 042/100 VUs  06m06.9s/10m0s  4.00 iters/s

running (06m07.9s), 038/100 VUs, 1073 complete and 0 interrupted iterations
normal_day   [  61% ] 038/100 VUs  06m07.9s/10m0s  4.00 iters/s

running (06m08.9s), 034/100 VUs, 1081 complete and 0 interrupted iterations
normal_day   [  61% ] 034/100 VUs  06m08.9s/10m0s  4.00 iters/s

running (06m09.9s), 036/100 VUs, 1083 complete and 0 interrupted iterations
normal_day   [  62% ] 036/100 VUs  06m09.9s/10m0s  4.00 iters/s

running (06m10.9s), 037/100 VUs, 1086 complete and 0 interrupted iterations
normal_day   [  62% ] 037/100 VUs  06m10.9s/10m0s  4.00 iters/s

running (06m11.9s), 038/100 VUs, 1089 complete and 0 interrupted iterations
normal_day   [  62% ] 038/100 VUs  06m11.9s/10m0s  4.00 iters/s

running (06m12.9s), 038/100 VUs, 1093 complete and 0 interrupted iterations
normal_day   [  62% ] 038/100 VUs  06m12.9s/10m0s  4.00 iters/s

running (06m13.9s), 039/100 VUs, 1096 complete and 0 interrupted iterations
normal_day   [  62% ] 039/100 VUs  06m13.9s/10m0s  4.00 iters/s

running (06m14.9s), 037/100 VUs, 1102 complete and 0 interrupted iterations
normal_day   [  62% ] 037/100 VUs  06m14.9s/10m0s  4.00 iters/s

running (06m15.9s), 036/100 VUs, 1107 complete and 0 interrupted iterations
normal_day   [  63% ] 036/100 VUs  06m15.9s/10m0s  4.00 iters/s

running (06m16.9s), 038/100 VUs, 1109 complete and 0 interrupted iterations
normal_day   [  63% ] 038/100 VUs  06m16.9s/10m0s  4.00 iters/s

running (06m17.9s), 038/100 VUs, 1113 complete and 0 interrupted iterations
normal_day   [  63% ] 038/100 VUs  06m17.9s/10m0s  4.00 iters/s

running (06m18.9s), 040/100 VUs, 1115 complete and 0 interrupted iterations
normal_day   [  63% ] 040/100 VUs  06m18.9s/10m0s  4.00 iters/s

running (06m19.9s), 043/100 VUs, 1116 complete and 0 interrupted iterations
normal_day   [  63% ] 043/100 VUs  06m19.9s/10m0s  4.00 iters/s

running (06m20.9s), 044/100 VUs, 1119 complete and 0 interrupted iterations
normal_day   [  63% ] 044/100 VUs  06m20.9s/10m0s  4.00 iters/s

running (06m21.9s), 045/100 VUs, 1122 complete and 0 interrupted iterations
normal_day   [  64% ] 045/100 VUs  06m21.9s/10m0s  4.00 iters/s

running (06m22.9s), 044/100 VUs, 1127 complete and 0 interrupted iterations
normal_day   [  64% ] 044/100 VUs  06m22.9s/10m0s  4.00 iters/s

running (06m23.9s), 046/100 VUs, 1129 complete and 0 interrupted iterations
normal_day   [  64% ] 046/100 VUs  06m23.9s/10m0s  4.00 iters/s

running (06m24.9s), 047/100 VUs, 1132 complete and 0 interrupted iterations
normal_day   [  64% ] 047/100 VUs  06m24.9s/10m0s  4.00 iters/s

running (06m25.9s), 046/100 VUs, 1137 complete and 0 interrupted iterations
normal_day   [  64% ] 046/100 VUs  06m25.9s/10m0s  4.00 iters/s

running (06m26.9s), 043/100 VUs, 1144 complete and 0 interrupted iterations
normal_day   [  64% ] 043/100 VUs  06m26.9s/10m0s  4.00 iters/s

running (06m27.9s), 045/100 VUs, 1146 complete and 0 interrupted iterations
normal_day   [  65% ] 045/100 VUs  06m27.9s/10m0s  4.00 iters/s

running (06m28.9s), 046/100 VUs, 1149 complete and 0 interrupted iterations
normal_day   [  65% ] 046/100 VUs  06m28.9s/10m0s  4.00 iters/s

running (06m29.9s), 046/100 VUs, 1153 complete and 0 interrupted iterations
normal_day   [  65% ] 046/100 VUs  06m29.9s/10m0s  4.00 iters/s

running (06m30.9s), 044/100 VUs, 1159 complete and 0 interrupted iterations
normal_day   [  65% ] 044/100 VUs  06m30.9s/10m0s  4.00 iters/s

running (06m31.9s), 043/100 VUs, 1164 complete and 0 interrupted iterations
normal_day   [  65% ] 043/100 VUs  06m31.9s/10m0s  4.00 iters/s

running (06m32.9s), 041/100 VUs, 1170 complete and 0 interrupted iterations
normal_day   [  65% ] 041/100 VUs  06m32.9s/10m0s  4.00 iters/s

running (06m33.9s), 042/100 VUs, 1173 complete and 0 interrupted iterations
normal_day   [  66% ] 042/100 VUs  06m33.9s/10m0s  4.00 iters/s

running (06m34.9s), 044/100 VUs, 1175 complete and 0 interrupted iterations
normal_day   [  66% ] 044/100 VUs  06m34.9s/10m0s  4.00 iters/s

running (06m35.9s), 044/100 VUs, 1179 complete and 0 interrupted iterations
normal_day   [  66% ] 044/100 VUs  06m35.9s/10m0s  4.00 iters/s

running (06m36.9s), 043/100 VUs, 1184 complete and 0 interrupted iterations
normal_day   [  66% ] 043/100 VUs  06m36.9s/10m0s  4.00 iters/s

running (06m37.9s), 046/100 VUs, 1185 complete and 0 interrupted iterations
normal_day   [  66% ] 046/100 VUs  06m37.9s/10m0s  4.00 iters/s

running (06m38.9s), 046/100 VUs, 1189 complete and 0 interrupted iterations
normal_day   [  66% ] 046/100 VUs  06m38.9s/10m0s  4.00 iters/s

running (06m39.9s), 046/100 VUs, 1193 complete and 0 interrupted iterations
normal_day   [  67% ] 046/100 VUs  06m39.9s/10m0s  4.00 iters/s

running (06m40.9s), 043/100 VUs, 1200 complete and 0 interrupted iterations
normal_day   [  67% ] 043/100 VUs  06m40.9s/10m0s  4.00 iters/s

running (06m41.9s), 046/100 VUs, 1201 complete and 0 interrupted iterations
normal_day   [  67% ] 046/100 VUs  06m41.9s/10m0s  4.00 iters/s

running (06m42.9s), 045/100 VUs, 1206 complete and 0 interrupted iterations
normal_day   [  67% ] 045/100 VUs  06m42.9s/10m0s  4.00 iters/s

running (06m43.9s), 045/100 VUs, 1210 complete and 0 interrupted iterations
normal_day   [  67% ] 045/100 VUs  06m43.9s/10m0s  4.00 iters/s

running (06m44.9s), 042/100 VUs, 1217 complete and 0 interrupted iterations
normal_day   [  67% ] 042/100 VUs  06m44.9s/10m0s  4.00 iters/s

running (06m45.9s), 044/100 VUs, 1219 complete and 0 interrupted iterations
normal_day   [  68% ] 044/100 VUs  06m45.9s/10m0s  4.00 iters/s

running (06m46.9s), 043/100 VUs, 1224 complete and 0 interrupted iterations
normal_day   [  68% ] 043/100 VUs  06m46.9s/10m0s  4.00 iters/s

running (06m47.9s), 044/100 VUs, 1227 complete and 0 interrupted iterations
normal_day   [  68% ] 044/100 VUs  06m47.9s/10m0s  4.00 iters/s

running (06m48.9s), 042/100 VUs, 1233 complete and 0 interrupted iterations
normal_day   [  68% ] 042/100 VUs  06m48.9s/10m0s  4.00 iters/s

running (06m49.9s), 040/100 VUs, 1239 complete and 0 interrupted iterations
normal_day   [  68% ] 040/100 VUs  06m49.9s/10m0s  4.00 iters/s

running (06m50.9s), 041/100 VUs, 1242 complete and 0 interrupted iterations
normal_day   [  68% ] 041/100 VUs  06m50.9s/10m0s  4.00 iters/s

running (06m51.9s), 041/100 VUs, 1246 complete and 0 interrupted iterations
normal_day   [  69% ] 041/100 VUs  06m51.9s/10m0s  4.00 iters/s

running (06m52.9s), 042/100 VUs, 1249 complete and 0 interrupted iterations
normal_day   [  69% ] 042/100 VUs  06m52.9s/10m0s  4.00 iters/s

running (06m53.9s), 041/100 VUs, 1254 complete and 0 interrupted iterations
normal_day   [  69% ] 041/100 VUs  06m53.9s/10m0s  4.00 iters/s

running (06m54.9s), 042/100 VUs, 1257 complete and 0 interrupted iterations
normal_day   [  69% ] 042/100 VUs  06m54.9s/10m0s  4.00 iters/s

running (06m55.9s), 046/100 VUs, 1257 complete and 0 interrupted iterations
normal_day   [  69% ] 046/100 VUs  06m55.9s/10m0s  4.00 iters/s

running (06m56.9s), 046/100 VUs, 1261 complete and 0 interrupted iterations
normal_day   [  69% ] 046/100 VUs  06m56.9s/10m0s  4.00 iters/s

running (06m57.9s), 047/100 VUs, 1264 complete and 0 interrupted iterations
normal_day   [  70% ] 047/100 VUs  06m57.9s/10m0s  4.00 iters/s

running (06m58.9s), 045/100 VUs, 1270 complete and 0 interrupted iterations
normal_day   [  70% ] 045/100 VUs  06m58.9s/10m0s  4.00 iters/s

running (06m59.9s), 045/100 VUs, 1274 complete and 0 interrupted iterations
normal_day   [  70% ] 045/100 VUs  06m59.9s/10m0s  4.00 iters/s

running (07m00.9s), 044/100 VUs, 1279 complete and 0 interrupted iterations
normal_day   [  70% ] 044/100 VUs  07m00.9s/10m0s  4.00 iters/s

running (07m01.9s), 047/100 VUs, 1280 complete and 0 interrupted iterations
normal_day   [  70% ] 047/100 VUs  07m01.9s/10m0s  4.00 iters/s

running (07m02.9s), 044/100 VUs, 1287 complete and 0 interrupted iterations
normal_day   [  70% ] 044/100 VUs  07m02.9s/10m0s  4.00 iters/s

running (07m03.9s), 045/100 VUs, 1290 complete and 0 interrupted iterations
normal_day   [  71% ] 045/100 VUs  07m03.9s/10m0s  4.00 iters/s

running (07m04.9s), 041/100 VUs, 1298 complete and 0 interrupted iterations
normal_day   [  71% ] 041/100 VUs  07m04.9s/10m0s  4.00 iters/s

running (07m05.9s), 039/100 VUs, 1304 complete and 0 interrupted iterations
normal_day   [  71% ] 039/100 VUs  07m05.9s/10m0s  4.00 iters/s

running (07m06.9s), 038/100 VUs, 1309 complete and 0 interrupted iterations
normal_day   [  71% ] 038/100 VUs  07m06.9s/10m0s  4.00 iters/s

running (07m07.9s), 039/100 VUs, 1312 complete and 0 interrupted iterations
normal_day   [  71% ] 039/100 VUs  07m07.9s/10m0s  4.00 iters/s

running (07m08.9s), 042/100 VUs, 1313 complete and 0 interrupted iterations
normal_day   [  71% ] 042/100 VUs  07m08.9s/10m0s  4.00 iters/s

running (07m09.9s), 040/100 VUs, 1319 complete and 0 interrupted iterations
normal_day   [  72% ] 040/100 VUs  07m09.9s/10m0s  4.00 iters/s

running (07m10.9s), 039/100 VUs, 1324 complete and 0 interrupted iterations
normal_day   [  72% ] 039/100 VUs  07m10.9s/10m0s  4.00 iters/s

running (07m11.9s), 039/100 VUs, 1328 complete and 0 interrupted iterations
normal_day   [  72% ] 039/100 VUs  07m11.9s/10m0s  4.00 iters/s

running (07m12.9s), 041/100 VUs, 1330 complete and 0 interrupted iterations
normal_day   [  72% ] 041/100 VUs  07m12.9s/10m0s  4.00 iters/s

running (07m13.9s), 043/100 VUs, 1332 complete and 0 interrupted iterations
normal_day   [  72% ] 043/100 VUs  07m13.9s/10m0s  4.00 iters/s

running (07m14.9s), 043/100 VUs, 1336 complete and 0 interrupted iterations
normal_day   [  72% ] 043/100 VUs  07m14.9s/10m0s  4.00 iters/s

running (07m15.9s), 044/100 VUs, 1339 complete and 0 interrupted iterations
normal_day   [  73% ] 044/100 VUs  07m15.9s/10m0s  4.00 iters/s

running (07m16.9s), 044/100 VUs, 1343 complete and 0 interrupted iterations
normal_day   [  73% ] 044/100 VUs  07m16.9s/10m0s  4.00 iters/s

running (07m17.9s), 047/100 VUs, 1344 complete and 0 interrupted iterations
normal_day   [  73% ] 047/100 VUs  07m17.9s/10m0s  4.00 iters/s

running (07m18.9s), 042/100 VUs, 1353 complete and 0 interrupted iterations
normal_day   [  73% ] 042/100 VUs  07m18.9s/10m0s  4.00 iters/s

running (07m19.9s), 037/100 VUs, 1362 complete and 0 interrupted iterations
normal_day   [  73% ] 037/100 VUs  07m19.9s/10m0s  4.00 iters/s

running (07m20.9s), 038/100 VUs, 1365 complete and 0 interrupted iterations
normal_day   [  73% ] 038/100 VUs  07m20.9s/10m0s  4.00 iters/s

running (07m21.9s), 038/100 VUs, 1369 complete and 0 interrupted iterations
normal_day   [  74% ] 038/100 VUs  07m21.9s/10m0s  4.00 iters/s

running (07m22.9s), 037/100 VUs, 1374 complete and 0 interrupted iterations
normal_day   [  74% ] 037/100 VUs  07m22.9s/10m0s  4.00 iters/s

running (07m23.9s), 040/100 VUs, 1375 complete and 0 interrupted iterations
normal_day   [  74% ] 040/100 VUs  07m23.9s/10m0s  4.00 iters/s

running (07m24.9s), 039/100 VUs, 1380 complete and 0 interrupted iterations
normal_day   [  74% ] 039/100 VUs  07m24.9s/10m0s  4.00 iters/s

running (07m25.9s), 040/100 VUs, 1383 complete and 0 interrupted iterations
normal_day   [  74% ] 040/100 VUs  07m25.9s/10m0s  4.00 iters/s

running (07m26.9s), 038/100 VUs, 1389 complete and 0 interrupted iterations
normal_day   [  74% ] 038/100 VUs  07m26.9s/10m0s  4.00 iters/s

running (07m27.9s), 037/100 VUs, 1394 complete and 0 interrupted iterations
normal_day   [  75% ] 037/100 VUs  07m27.9s/10m0s  4.00 iters/s

running (07m28.9s), 040/100 VUs, 1395 complete and 0 interrupted iterations
normal_day   [  75% ] 040/100 VUs  07m28.9s/10m0s  4.00 iters/s

running (07m29.9s), 041/100 VUs, 1398 complete and 0 interrupted iterations
normal_day   [  75% ] 041/100 VUs  07m29.9s/10m0s  4.00 iters/s

running (07m30.9s), 039/100 VUs, 1404 complete and 0 interrupted iterations
normal_day   [  75% ] 039/100 VUs  07m30.9s/10m0s  4.00 iters/s

running (07m31.9s), 041/100 VUs, 1406 complete and 0 interrupted iterations
normal_day   [  75% ] 041/100 VUs  07m31.9s/10m0s  4.00 iters/s

running (07m32.9s), 041/100 VUs, 1410 complete and 0 interrupted iterations
normal_day   [  75% ] 041/100 VUs  07m32.9s/10m0s  4.00 iters/s

running (07m33.9s), 042/100 VUs, 1413 complete and 0 interrupted iterations
normal_day   [  76% ] 042/100 VUs  07m33.9s/10m0s  4.00 iters/s

running (07m34.9s), 044/100 VUs, 1415 complete and 0 interrupted iterations
normal_day   [  76% ] 044/100 VUs  07m34.9s/10m0s  4.00 iters/s

running (07m35.9s), 041/100 VUs, 1422 complete and 0 interrupted iterations
normal_day   [  76% ] 041/100 VUs  07m35.9s/10m0s  4.00 iters/s

running (07m36.9s), 043/100 VUs, 1424 complete and 0 interrupted iterations
normal_day   [  76% ] 043/100 VUs  07m36.9s/10m0s  4.00 iters/s

running (07m37.9s), 042/100 VUs, 1429 complete and 0 interrupted iterations
normal_day   [  76% ] 042/100 VUs  07m37.9s/10m0s  4.00 iters/s

running (07m38.9s), 042/100 VUs, 1433 complete and 0 interrupted iterations
normal_day   [  76% ] 042/100 VUs  07m38.9s/10m0s  4.00 iters/s

running (07m39.9s), 039/100 VUs, 1440 complete and 0 interrupted iterations
normal_day   [  77% ] 039/100 VUs  07m39.9s/10m0s  4.00 iters/s

running (07m40.9s), 040/100 VUs, 1443 complete and 0 interrupted iterations
normal_day   [  77% ] 040/100 VUs  07m40.9s/10m0s  4.00 iters/s

running (07m41.9s), 041/100 VUs, 1446 complete and 0 interrupted iterations
normal_day   [  77% ] 041/100 VUs  07m41.9s/10m0s  4.00 iters/s

running (07m42.9s), 040/100 VUs, 1451 complete and 0 interrupted iterations
normal_day   [  77% ] 040/100 VUs  07m42.9s/10m0s  4.00 iters/s

running (07m43.9s), 041/100 VUs, 1454 complete and 0 interrupted iterations
normal_day   [  77% ] 041/100 VUs  07m43.9s/10m0s  4.00 iters/s

running (07m44.9s), 042/100 VUs, 1457 complete and 0 interrupted iterations
normal_day   [  77% ] 042/100 VUs  07m44.9s/10m0s  4.00 iters/s

running (07m45.9s), 039/100 VUs, 1464 complete and 0 interrupted iterations
normal_day   [  78% ] 039/100 VUs  07m45.9s/10m0s  4.00 iters/s

running (07m46.9s), 038/100 VUs, 1469 complete and 0 interrupted iterations
normal_day   [  78% ] 038/100 VUs  07m46.9s/10m0s  4.00 iters/s

running (07m47.9s), 038/100 VUs, 1473 complete and 0 interrupted iterations
normal_day   [  78% ] 038/100 VUs  07m47.9s/10m0s  4.00 iters/s

running (07m48.9s), 036/100 VUs, 1479 complete and 0 interrupted iterations
normal_day   [  78% ] 036/100 VUs  07m48.9s/10m0s  4.00 iters/s

running (07m49.9s), 035/100 VUs, 1484 complete and 0 interrupted iterations
normal_day   [  78% ] 035/100 VUs  07m49.9s/10m0s  4.00 iters/s

running (07m50.9s), 033/100 VUs, 1490 complete and 0 interrupted iterations
normal_day   [  78% ] 033/100 VUs  07m50.9s/10m0s  4.00 iters/s

running (07m51.9s), 032/100 VUs, 1495 complete and 0 interrupted iterations
normal_day   [  79% ] 032/100 VUs  07m51.9s/10m0s  4.00 iters/s

running (07m52.9s), 030/100 VUs, 1501 complete and 0 interrupted iterations
normal_day   [  79% ] 030/100 VUs  07m52.9s/10m0s  4.00 iters/s

running (07m53.9s), 032/100 VUs, 1503 complete and 0 interrupted iterations
normal_day   [  79% ] 032/100 VUs  07m53.9s/10m0s  4.00 iters/s

running (07m54.9s), 033/100 VUs, 1506 complete and 0 interrupted iterations
normal_day   [  79% ] 033/100 VUs  07m54.9s/10m0s  4.00 iters/s

running (07m55.9s), 033/100 VUs, 1510 complete and 0 interrupted iterations
normal_day   [  79% ] 033/100 VUs  07m55.9s/10m0s  4.00 iters/s

running (07m56.9s), 032/100 VUs, 1515 complete and 0 interrupted iterations
normal_day   [  79% ] 032/100 VUs  07m56.9s/10m0s  4.00 iters/s

running (07m57.9s), 034/100 VUs, 1517 complete and 0 interrupted iterations
normal_day   [  80% ] 034/100 VUs  07m57.9s/10m0s  4.00 iters/s

running (07m58.9s), 034/100 VUs, 1521 complete and 0 interrupted iterations
normal_day   [  80% ] 034/100 VUs  07m58.9s/10m0s  4.00 iters/s

running (07m59.9s), 034/100 VUs, 1525 complete and 0 interrupted iterations
normal_day   [  80% ] 034/100 VUs  07m59.9s/10m0s  4.00 iters/s

running (08m00.9s), 036/100 VUs, 1527 complete and 0 interrupted iterations
normal_day   [  80% ] 036/100 VUs  08m00.9s/10m0s  3.97 iters/s

running (08m01.9s), 036/100 VUs, 1531 complete and 0 interrupted iterations
normal_day   [  80% ] 036/100 VUs  08m01.9s/10m0s  3.94 iters/s

running (08m02.9s), 039/100 VUs, 1532 complete and 0 interrupted iterations
normal_day   [  80% ] 039/100 VUs  08m02.9s/10m0s  3.90 iters/s

running (08m03.9s), 037/100 VUs, 1538 complete and 0 interrupted iterations
normal_day   [  81% ] 037/100 VUs  08m03.9s/10m0s  3.87 iters/s

running (08m04.9s), 039/100 VUs, 1540 complete and 0 interrupted iterations
normal_day   [  81% ] 039/100 VUs  08m04.9s/10m0s  3.83 iters/s

running (08m05.9s), 039/100 VUs, 1543 complete and 0 interrupted iterations
normal_day   [  81% ] 039/100 VUs  08m05.9s/10m0s  3.81 iters/s

running (08m06.9s), 040/100 VUs, 1546 complete and 0 interrupted iterations
normal_day   [  81% ] 040/100 VUs  08m06.9s/10m0s  3.77 iters/s

running (08m07.9s), 038/100 VUs, 1552 complete and 0 interrupted iterations
normal_day   [  81% ] 038/100 VUs  08m07.9s/10m0s  3.74 iters/s

running (08m08.9s), 038/100 VUs, 1556 complete and 0 interrupted iterations
normal_day   [  81% ] 038/100 VUs  08m08.9s/10m0s  3.70 iters/s

running (08m09.9s), 038/100 VUs, 1559 complete and 0 interrupted iterations
normal_day   [  82% ] 038/100 VUs  08m09.9s/10m0s  3.67 iters/s

running (08m10.9s), 040/100 VUs, 1561 complete and 0 interrupted iterations
normal_day   [  82% ] 040/100 VUs  08m10.9s/10m0s  3.64 iters/s

running (08m11.9s), 039/100 VUs, 1566 complete and 0 interrupted iterations
normal_day   [  82% ] 039/100 VUs  08m11.9s/10m0s  3.60 iters/s

running (08m12.9s), 037/100 VUs, 1571 complete and 0 interrupted iterations
normal_day   [  82% ] 037/100 VUs  08m12.9s/10m0s  3.57 iters/s

running (08m13.9s), 038/100 VUs, 1574 complete and 0 interrupted iterations
normal_day   [  82% ] 038/100 VUs  08m13.9s/10m0s  3.54 iters/s

running (08m14.9s), 037/100 VUs, 1578 complete and 0 interrupted iterations
normal_day   [  82% ] 037/100 VUs  08m14.9s/10m0s  3.51 iters/s

running (08m15.9s), 038/100 VUs, 1581 complete and 0 interrupted iterations
normal_day   [  83% ] 038/100 VUs  08m15.9s/10m0s  3.47 iters/s

running (08m16.9s), 035/100 VUs, 1587 complete and 0 interrupted iterations
normal_day   [  83% ] 035/100 VUs  08m16.9s/10m0s  3.44 iters/s

running (08m17.9s), 036/100 VUs, 1590 complete and 0 interrupted iterations
normal_day   [  83% ] 036/100 VUs  08m17.9s/10m0s  3.40 iters/s

running (08m18.9s), 032/100 VUs, 1597 complete and 0 interrupted iterations
normal_day   [  83% ] 032/100 VUs  08m18.9s/10m0s  3.37 iters/s

running (08m19.9s), 031/100 VUs, 1601 complete and 0 interrupted iterations
normal_day   [  83% ] 031/100 VUs  08m19.9s/10m0s  3.34 iters/s

running (08m20.9s), 031/100 VUs, 1605 complete and 0 interrupted iterations
normal_day   [  83% ] 031/100 VUs  08m20.9s/10m0s  3.30 iters/s

running (08m21.9s), 031/100 VUs, 1608 complete and 0 interrupted iterations
normal_day   [  84% ] 031/100 VUs  08m21.9s/10m0s  3.27 iters/s

running (08m22.9s), 029/100 VUs, 1613 complete and 0 interrupted iterations
normal_day   [  84% ] 029/100 VUs  08m22.9s/10m0s  3.24 iters/s

running (08m23.9s), 032/100 VUs, 1614 complete and 0 interrupted iterations
normal_day   [  84% ] 032/100 VUs  08m23.9s/10m0s  3.20 iters/s

running (08m24.9s), 032/100 VUs, 1617 complete and 0 interrupted iterations
normal_day   [  84% ] 032/100 VUs  08m24.9s/10m0s  3.17 iters/s

running (08m25.9s), 031/100 VUs, 1621 complete and 0 interrupted iterations
normal_day   [  84% ] 031/100 VUs  08m25.9s/10m0s  3.14 iters/s

running (08m26.9s), 030/100 VUs, 1625 complete and 0 interrupted iterations
normal_day   [  84% ] 030/100 VUs  08m26.9s/10m0s  3.10 iters/s

running (08m27.9s), 031/100 VUs, 1627 complete and 0 interrupted iterations
normal_day   [  85% ] 031/100 VUs  08m27.9s/10m0s  3.07 iters/s

running (08m28.9s), 033/100 VUs, 1628 complete and 0 interrupted iterations
normal_day   [  85% ] 033/100 VUs  08m28.9s/10m0s  3.04 iters/s

running (08m29.9s), 035/100 VUs, 1629 complete and 0 interrupted iterations
normal_day   [  85% ] 035/100 VUs  08m29.9s/10m0s  3.01 iters/s

running (08m30.9s), 034/100 VUs, 1633 complete and 0 interrupted iterations
normal_day   [  85% ] 034/100 VUs  08m30.9s/10m0s  2.97 iters/s

running (08m31.9s), 035/100 VUs, 1635 complete and 0 interrupted iterations
normal_day   [  85% ] 035/100 VUs  08m31.9s/10m0s  2.94 iters/s

running (08m32.9s), 037/100 VUs, 1636 complete and 0 interrupted iterations
normal_day   [  85% ] 037/100 VUs  08m32.9s/10m0s  2.90 iters/s

running (08m33.9s), 036/100 VUs, 1640 complete and 0 interrupted iterations
normal_day   [  86% ] 036/100 VUs  08m33.9s/10m0s  2.87 iters/s

running (08m34.9s), 033/100 VUs, 1646 complete and 0 interrupted iterations
normal_day   [  86% ] 033/100 VUs  08m34.9s/10m0s  2.83 iters/s

running (08m35.9s), 034/100 VUs, 1648 complete and 0 interrupted iterations
normal_day   [  86% ] 034/100 VUs  08m35.9s/10m0s  2.80 iters/s

running (08m36.9s), 032/100 VUs, 1652 complete and 0 interrupted iterations
normal_day   [  86% ] 032/100 VUs  08m36.9s/10m0s  2.77 iters/s

running (08m37.9s), 033/100 VUs, 1654 complete and 0 interrupted iterations
normal_day   [  86% ] 033/100 VUs  08m37.9s/10m0s  2.74 iters/s

running (08m38.9s), 034/100 VUs, 1656 complete and 0 interrupted iterations
normal_day   [  86% ] 034/100 VUs  08m38.9s/10m0s  2.70 iters/s

running (08m39.9s), 032/100 VUs, 1661 complete and 0 interrupted iterations
normal_day   [  87% ] 032/100 VUs  08m39.9s/10m0s  2.66 iters/s

running (08m40.9s), 033/100 VUs, 1662 complete and 0 interrupted iterations
normal_day   [  87% ] 033/100 VUs  08m40.9s/10m0s  2.64 iters/s

running (08m41.9s), 033/100 VUs, 1665 complete and 0 interrupted iterations
normal_day   [  87% ] 033/100 VUs  08m41.9s/10m0s  2.60 iters/s

running (08m42.9s), 033/100 VUs, 1667 complete and 0 interrupted iterations
normal_day   [  87% ] 033/100 VUs  08m42.9s/10m0s  2.58 iters/s

running (08m43.9s), 032/100 VUs, 1671 complete and 0 interrupted iterations
normal_day   [  87% ] 032/100 VUs  08m43.9s/10m0s  2.54 iters/s

running (08m44.9s), 031/100 VUs, 1674 complete and 0 interrupted iterations
normal_day   [  87% ] 031/100 VUs  08m44.9s/10m0s  2.51 iters/s

running (08m45.9s), 028/100 VUs, 1680 complete and 0 interrupted iterations
normal_day   [  88% ] 028/100 VUs  08m45.9s/10m0s  2.47 iters/s

running (08m46.9s), 027/100 VUs, 1683 complete and 0 interrupted iterations
normal_day   [  88% ] 027/100 VUs  08m46.9s/10m0s  2.44 iters/s

running (08m47.9s), 028/100 VUs, 1685 complete and 0 interrupted iterations
normal_day   [  88% ] 028/100 VUs  08m47.9s/10m0s  2.40 iters/s

running (08m48.9s), 027/100 VUs, 1688 complete and 0 interrupted iterations
normal_day   [  88% ] 027/100 VUs  08m48.9s/10m0s  2.37 iters/s

running (08m49.9s), 027/100 VUs, 1691 complete and 0 interrupted iterations
normal_day   [  88% ] 027/100 VUs  08m49.9s/10m0s  2.33 iters/s

running (08m50.9s), 027/100 VUs, 1693 complete and 0 interrupted iterations
normal_day   [  88% ] 027/100 VUs  08m50.9s/10m0s  2.30 iters/s

running (08m51.9s), 026/100 VUs, 1696 complete and 0 interrupted iterations
normal_day   [  89% ] 026/100 VUs  08m51.9s/10m0s  2.27 iters/s

running (08m52.9s), 023/100 VUs, 1701 complete and 0 interrupted iterations
normal_day   [  89% ] 023/100 VUs  08m52.9s/10m0s  2.24 iters/s

running (08m53.9s), 023/100 VUs, 1704 complete and 0 interrupted iterations
normal_day   [  89% ] 023/100 VUs  08m53.9s/10m0s  2.20 iters/s

running (08m54.9s), 022/100 VUs, 1707 complete and 0 interrupted iterations
normal_day   [  89% ] 022/100 VUs  08m54.9s/10m0s  2.17 iters/s

running (08m55.9s), 023/100 VUs, 1708 complete and 0 interrupted iterations
normal_day   [  89% ] 023/100 VUs  08m55.9s/10m0s  2.14 iters/s

running (08m56.9s), 023/100 VUs, 1710 complete and 0 interrupted iterations
normal_day   [  89% ] 023/100 VUs  08m56.9s/10m0s  2.11 iters/s

running (08m57.9s), 025/100 VUs, 1710 complete and 0 interrupted iterations
normal_day   [  90% ] 025/100 VUs  08m57.9s/10m0s  2.07 iters/s

running (08m58.9s), 025/100 VUs, 1712 complete and 0 interrupted iterations
normal_day   [  90% ] 025/100 VUs  08m58.9s/10m0s  2.04 iters/s

running (08m59.9s), 025/100 VUs, 1714 complete and 0 interrupted iterations
normal_day   [  90% ] 025/100 VUs  08m59.9s/10m0s  2.01 iters/s

running (09m00.9s), 025/100 VUs, 1716 complete and 0 interrupted iterations
normal_day   [  90% ] 025/100 VUs  09m00.9s/10m0s  1.97 iters/s

running (09m01.9s), 026/100 VUs, 1717 complete and 0 interrupted iterations
normal_day   [  90% ] 026/100 VUs  09m01.9s/10m0s  1.94 iters/s

running (09m02.9s), 026/100 VUs, 1719 complete and 0 interrupted iterations
normal_day   [  90% ] 026/100 VUs  09m02.9s/10m0s  1.91 iters/s

running (09m03.9s), 027/100 VUs, 1720 complete and 0 interrupted iterations
normal_day   [  91% ] 027/100 VUs  09m03.9s/10m0s  1.87 iters/s

running (09m04.9s), 026/100 VUs, 1723 complete and 0 interrupted iterations
normal_day   [  91% ] 026/100 VUs  09m04.9s/10m0s  1.83 iters/s

running (09m05.9s), 023/100 VUs, 1728 complete and 0 interrupted iterations
normal_day   [  91% ] 023/100 VUs  09m05.9s/10m0s  1.80 iters/s

running (09m06.9s), 023/100 VUs, 1729 complete and 0 interrupted iterations
normal_day   [  91% ] 023/100 VUs  09m06.9s/10m0s  1.78 iters/s

running (09m07.9s), 023/100 VUs, 1731 complete and 0 interrupted iterations
normal_day   [  91% ] 023/100 VUs  09m07.9s/10m0s  1.74 iters/s

running (09m08.9s), 023/100 VUs, 1733 complete and 0 interrupted iterations
normal_day   [  91% ] 023/100 VUs  09m08.9s/10m0s  1.70 iters/s

running (09m09.9s), 023/100 VUs, 1735 complete and 0 interrupted iterations
normal_day   [  92% ] 023/100 VUs  09m09.9s/10m0s  1.66 iters/s

running (09m10.9s), 022/100 VUs, 1737 complete and 0 interrupted iterations
normal_day   [  92% ] 022/100 VUs  09m10.9s/10m0s  1.64 iters/s

running (09m11.9s), 022/100 VUs, 1739 complete and 0 interrupted iterations
normal_day   [  92% ] 022/100 VUs  09m11.9s/10m0s  1.60 iters/s

running (09m12.9s), 022/100 VUs, 1741 complete and 0 interrupted iterations
normal_day   [  92% ] 022/100 VUs  09m12.9s/10m0s  1.56 iters/s

running (09m13.9s), 022/100 VUs, 1742 complete and 0 interrupted iterations
normal_day   [  92% ] 022/100 VUs  09m13.9s/10m0s  1.54 iters/s

running (09m14.9s), 023/100 VUs, 1743 complete and 0 interrupted iterations
normal_day   [  92% ] 023/100 VUs  09m14.9s/10m0s  1.49 iters/s

running (09m15.9s), 021/100 VUs, 1746 complete and 0 interrupted iterations
normal_day   [  93% ] 021/100 VUs  09m15.9s/10m0s  1.47 iters/s

running (09m16.9s), 019/100 VUs, 1750 complete and 0 interrupted iterations
normal_day   [  93% ] 019/100 VUs  09m16.9s/10m0s  1.43 iters/s

running (09m17.9s), 017/100 VUs, 1753 complete and 0 interrupted iterations
normal_day   [  93% ] 017/100 VUs  09m17.9s/10m0s  1.40 iters/s

running (09m18.9s), 017/100 VUs, 1754 complete and 0 interrupted iterations
normal_day   [  93% ] 017/100 VUs  09m18.9s/10m0s  1.38 iters/s

running (09m19.9s), 016/100 VUs, 1757 complete and 0 interrupted iterations
normal_day   [  93% ] 016/100 VUs  09m19.9s/10m0s  1.33 iters/s

running (09m20.9s), 015/100 VUs, 1759 complete and 0 interrupted iterations
normal_day   [  93% ] 015/100 VUs  09m20.9s/10m0s  1.30 iters/s

running (09m21.9s), 014/100 VUs, 1761 complete and 0 interrupted iterations
normal_day   [  94% ] 014/100 VUs  09m21.9s/10m0s  1.28 iters/s

running (09m22.9s), 015/100 VUs, 1762 complete and 0 interrupted iterations
normal_day   [  94% ] 015/100 VUs  09m22.9s/10m0s  1.22 iters/s

running (09m23.9s), 016/100 VUs, 1762 complete and 0 interrupted iterations
normal_day   [  94% ] 016/100 VUs  09m23.9s/10m0s  1.20 iters/s

running (09m24.9s), 015/100 VUs, 1764 complete and 0 interrupted iterations
normal_day   [  94% ] 015/100 VUs  09m24.9s/10m0s  1.17 iters/s

running (09m25.9s), 013/100 VUs, 1767 complete and 0 interrupted iterations
normal_day   [  94% ] 013/100 VUs  09m25.9s/10m0s  1.14 iters/s

running (09m26.9s), 013/100 VUs, 1768 complete and 0 interrupted iterations
normal_day   [  94% ] 013/100 VUs  09m26.9s/10m0s  1.11 iters/s

running (09m27.9s), 011/100 VUs, 1771 complete and 0 interrupted iterations
normal_day   [  95% ] 011/100 VUs  09m27.9s/10m0s  1.08 iters/s

running (09m28.9s), 010/100 VUs, 1773 complete and 0 interrupted iterations
normal_day   [  95% ] 010/100 VUs  09m28.9s/10m0s  1.05 iters/s

running (09m29.9s), 009/100 VUs, 1775 complete and 0 interrupted iterations
normal_day   [  95% ] 009/100 VUs  09m29.9s/10m0s  1.02 iters/s

running (09m30.9s), 010/100 VUs, 1775 complete and 0 interrupted iterations
normal_day   [  95% ] 010/100 VUs  09m30.9s/10m0s  0.98 iters/s

running (09m31.9s), 010/100 VUs, 1776 complete and 0 interrupted iterations
normal_day   [  95% ] 010/100 VUs  09m31.9s/10m0s  0.95 iters/s

running (09m32.9s), 011/100 VUs, 1776 complete and 0 interrupted iterations
normal_day   [  95% ] 011/100 VUs  09m32.9s/10m0s  0.91 iters/s

running (09m33.9s), 012/100 VUs, 1776 complete and 0 interrupted iterations
normal_day   [  96% ] 012/100 VUs  09m33.9s/10m0s  0.88 iters/s

running (09m34.9s), 012/100 VUs, 1777 complete and 0 interrupted iterations
normal_day   [  96% ] 012/100 VUs  09m34.9s/10m0s  0.84 iters/s

running (09m35.9s), 013/100 VUs, 1777 complete and 0 interrupted iterations
normal_day   [  96% ] 013/100 VUs  09m35.9s/10m0s  0.80 iters/s

running (09m36.9s), 012/100 VUs, 1779 complete and 0 interrupted iterations
normal_day   [  96% ] 012/100 VUs  09m36.9s/10m0s  0.75 iters/s

running (09m37.9s), 010/100 VUs, 1781 complete and 0 interrupted iterations
normal_day   [  96% ] 010/100 VUs  09m37.9s/10m0s  0.75 iters/s

running (09m38.9s), 010/100 VUs, 1782 complete and 0 interrupted iterations
normal_day   [  96% ] 010/100 VUs  09m38.9s/10m0s  0.71 iters/s

running (09m39.9s), 010/100 VUs, 1783 complete and 0 interrupted iterations
normal_day   [  97% ] 010/100 VUs  09m39.9s/10m0s  0.66 iters/s

running (09m40.9s), 009/100 VUs, 1784 complete and 0 interrupted iterations
normal_day   [  97% ] 009/100 VUs  09m40.9s/10m0s  0.66 iters/s

running (09m41.9s), 006/100 VUs, 1788 complete and 0 interrupted iterations
normal_day   [  97% ] 006/100 VUs  09m41.9s/10m0s  0.60 iters/s

running (09m42.9s), 007/100 VUs, 1788 complete and 0 interrupted iterations
normal_day   [  97% ] 007/100 VUs  09m42.9s/10m0s  0.55 iters/s

running (09m43.9s), 007/100 VUs, 1788 complete and 0 interrupted iterations
normal_day   [  97% ] 007/100 VUs  09m43.9s/10m0s  0.55 iters/s

running (09m44.9s), 007/100 VUs, 1789 complete and 0 interrupted iterations
normal_day   [  97% ] 007/100 VUs  09m44.9s/10m0s  0.48 iters/s

running (09m45.9s), 006/100 VUs, 1790 complete and 0 interrupted iterations
normal_day   [  98% ] 006/100 VUs  09m45.9s/10m0s  0.48 iters/s

running (09m46.9s), 007/100 VUs, 1790 complete and 0 interrupted iterations
normal_day   [  98% ] 007/100 VUs  09m46.9s/10m0s  0.41 iters/s

running (09m47.9s), 006/100 VUs, 1791 complete and 0 interrupted iterations
normal_day   [  98% ] 006/100 VUs  09m47.9s/10m0s  0.41 iters/s

running (09m48.9s), 005/100 VUs, 1792 complete and 0 interrupted iterations
normal_day   [  98% ] 005/100 VUs  09m48.9s/10m0s  0.41 iters/s

running (09m49.9s), 006/100 VUs, 1792 complete and 0 interrupted iterations
normal_day   [  98% ] 006/100 VUs  09m49.9s/10m0s  0.31 iters/s

running (09m50.9s), 006/100 VUs, 1792 complete and 0 interrupted iterations
normal_day   [  98% ] 006/100 VUs  09m50.9s/10m0s  0.31 iters/s

running (09m51.9s), 006/100 VUs, 1792 complete and 0 interrupted iterations
normal_day   [  99% ] 006/100 VUs  09m51.9s/10m0s  0.31 iters/s

running (09m52.9s), 007/100 VUs, 1792 complete and 0 interrupted iterations
normal_day   [  99% ] 007/100 VUs  09m52.9s/10m0s  0.13 iters/s

running (09m53.9s), 006/100 VUs, 1793 complete and 0 interrupted iterations
normal_day   [  99% ] 006/100 VUs  09m53.9s/10m0s  0.13 iters/s

running (09m54.9s), 005/100 VUs, 1794 complete and 0 interrupted iterations
normal_day   [  99% ] 005/100 VUs  09m54.9s/10m0s  0.13 iters/s

running (09m55.9s), 005/100 VUs, 1794 complete and 0 interrupted iterations
normal_day   [  99% ] 005/100 VUs  09m55.9s/10m0s  0.13 iters/s

running (09m56.9s), 005/100 VUs, 1794 complete and 0 interrupted iterations
normal_day   [  99% ] 005/100 VUs  09m56.9s/10m0s  0.13 iters/s

running (09m57.9s), 005/100 VUs, 1794 complete and 0 interrupted iterations
normal_day   [ 100% ] 005/100 VUs  09m57.9s/10m0s  0.13 iters/s

running (09m58.9s), 004/100 VUs, 1795 complete and 0 interrupted iterations
normal_day   [ 100% ] 004/100 VUs  09m58.9s/10m0s  0.13 iters/s

running (09m59.9s), 003/100 VUs, 1796 complete and 0 interrupted iterations
normal_day   [ 100% ] 003/100 VUs  09m59.9s/10m0s  0.13 iters/s

running (10m00.9s), 003/100 VUs, 1796 complete and 0 interrupted iterations
normal_day ↓ [ 100% ] 003/100 VUs  10m0s  0.13 iters/s

running (10m01.9s), 002/100 VUs, 1797 complete and 0 interrupted iterations
normal_day ↓ [ 100% ] 003/100 VUs  10m0s  0.13 iters/s

running (10m02.9s), 002/100 VUs, 1797 complete and 0 interrupted iterations
normal_day ↓ [ 100% ] 003/100 VUs  10m0s  0.13 iters/s

running (10m03.9s), 001/100 VUs, 1798 complete and 0 interrupted iterations
normal_day ↓ [ 100% ] 003/100 VUs  10m0s  0.13 iters/s

running (10m04.9s), 001/100 VUs, 1798 complete and 0 interrupted iterations
normal_day ↓ [ 100% ] 003/100 VUs  10m0s  0.13 iters/s

running (10m05.9s), 001/100 VUs, 1798 complete and 0 interrupted iterations
normal_day ↓ [ 100% ] 003/100 VUs  10m0s  0.13 iters/s

running (10m06.9s), 001/100 VUs, 1798 complete and 0 interrupted iterations
normal_day ↓ [ 100% ] 003/100 VUs  10m0s  0.13 iters/s

running (10m07.9s), 001/100 VUs, 1798 complete and 0 interrupted iterations
normal_day ↓ [ 100% ] 003/100 VUs  10m0s  0.13 iters/s
[32m     ✓ login 200[0m
[32m     ✓ board list 200[0m
[32m     ✓ hot daily 200[0m
[32m     ✓ post create 2xx[0m
[32m     ✓ unread count 200[0m
[32m     ✓ post list 200[0m
[32m     ✓ chat rooms 200[0m
[32m     ✓ post detail 200[0m
[32m     ✓ comment list 200[0m
[32m     ✓ chat messages 200[0m
[32m     ✓ chat read 200[0m
[32m     ✓ logout 200[0m
[32m     ✓ comment reaction 200[0m
[32m     ✓ post search 200[0m
[32m     ✓ post reaction 2xx[0m
[32m     ✓ comment create 2xx[0m
[32m     ✓ notif list 200[0m
[32m     ✓ meal today 200[0m
[32m     ✓ timetable today 200[0m
[32m     ✓ ws handshake 101[0m
[32m     ✓ meal month 200[0m
[32m     ✓ user info 200[0m
[32m     ✓ my posts 200[0m
[32m     ✓ friend list 200[0m
[32m     ✓ scrap 2xx[0m
[32m     ✓ post update 200[0m
[32m     ✓ post delete 200[0m
[32m     ✓ refresh 200[0m
[32m     ✓ read all 200[0m
[32m     ✓ received reqs 200[0m
[32m     ✓ read one 200[0m

     auth_token_refreshes[2m...........:[0m [36m11[0m      [36;2m0.018076/s[0m
     chat_ws_messages_sent[2m..........:[0m [36m424[0m     [36;2m0.69673/s[0m
     chat_ws_rtt[2m....................:[0m avg=[36m29.27ms[0m  min=[36m15ms[0m    med=[36m24ms[0m     max=[36m603ms[0m    p(90)=[36m38.69ms[0m  p(95)=[36m45ms[0m     p(99)=[36m88.53ms[0m 
     checks[2m.........................:[0m [36m100.00%[0m [36;2m✓ 8164[0m      [36;2m✗ 0[0m    
     [32m✓[0m { phase:measure }[2m............:[0m [36m100.00%[0m [36;2m✓ 5293[0m      [36;2m✗ 0[0m    
     [32m✓[0m { phase:rampdown }[2m...........:[0m [36m100.00%[0m [36;2m✓ 1200[0m      [36;2m✗ 0[0m    
     [32m✓[0m { phase:warmup }[2m.............:[0m [36m100.00%[0m [36;2m✓ 1671[0m      [36;2m✗ 0[0m    
     data_received[2m..................:[0m [36m371 MB[0m  [36;2m609 kB/s[0m
     data_sent[2m......................:[0m [36m3.3 MB[0m  [36;2m5.4 kB/s[0m
     http_req_blocked[2m...............:[0m avg=[36m15.31µs[0m  min=[36m1.75µs[0m  med=[36m5.53µs[0m   max=[36m15.12ms[0m  p(90)=[36m14.62µs[0m  p(95)=[36m17.36µs[0m  p(99)=[36m275.24µs[0m
     http_req_connecting[2m............:[0m avg=[36m6.36µs[0m   min=[36m0s[0m      med=[36m0s[0m       max=[36m15.02ms[0m  p(90)=[36m0s[0m       p(95)=[36m0s[0m       p(99)=[36m183.89µs[0m
     http_req_duration[2m..............:[0m avg=[36m88.99ms[0m  min=[36m1.88ms[0m  med=[36m7.15ms[0m   max=[36m16.99s[0m   p(90)=[36m86.38ms[0m  p(95)=[36m405.41ms[0m p(99)=[36m2.12s[0m   
       { expected_response:true }[2m...:[0m avg=[36m88.99ms[0m  min=[36m1.88ms[0m  med=[36m7.15ms[0m   max=[36m16.99s[0m   p(90)=[36m86.38ms[0m  p(95)=[36m405.41ms[0m p(99)=[36m2.12s[0m   
     [32m✓[0m { feature:auth }[2m.............:[0m avg=[36m145.68ms[0m min=[36m14.37ms[0m med=[36m93.78ms[0m  max=[36m1.61s[0m    p(90)=[36m177.32ms[0m p(95)=[36m575.97ms[0m p(99)=[36m1.14s[0m   
     [32m✓[0m { feature:board }[2m............:[0m avg=[36m5.13ms[0m   min=[36m2.11ms[0m  med=[36m3.31ms[0m   max=[36m105.97ms[0m p(90)=[36m8.63ms[0m   p(95)=[36m10ms[0m     p(99)=[36m32.66ms[0m 
     [32m✓[0m { feature:chat }[2m.............:[0m avg=[36m8.51ms[0m   min=[36m2.12ms[0m  med=[36m5.25ms[0m   max=[36m438.68ms[0m p(90)=[36m13.49ms[0m  p(95)=[36m15.63ms[0m  p(99)=[36m53.65ms[0m 
     [32m✓[0m { feature:comment }[2m..........:[0m avg=[36m423.01ms[0m min=[36m2.01ms[0m  med=[36m59.42ms[0m  max=[36m16.99s[0m   p(90)=[36m1.36s[0m    p(95)=[36m2.14s[0m    p(99)=[36m2.59s[0m   
     [32m✓[0m { feature:friend }[2m...........:[0m avg=[36m5.76ms[0m   min=[36m1.96ms[0m  med=[36m3.94ms[0m   max=[36m27.94ms[0m  p(90)=[36m10.65ms[0m  p(95)=[36m12.02ms[0m  p(99)=[36m13.67ms[0m 
     [32m✓[0m { feature:hot }[2m..............:[0m avg=[36m16.76ms[0m  min=[36m7.08ms[0m  med=[36m12.98ms[0m  max=[36m195.54ms[0m p(90)=[36m26.2ms[0m   p(95)=[36m28.71ms[0m  p(99)=[36m53.95ms[0m 
     [32m✓[0m { feature:mypage }[2m...........:[0m avg=[36m5.05ms[0m   min=[36m2.29ms[0m  med=[36m3.66ms[0m   max=[36m13.39ms[0m  p(90)=[36m10.38ms[0m  p(95)=[36m11.46ms[0m  p(99)=[36m12.77ms[0m 
     [32m✓[0m { feature:notification }[2m.....:[0m avg=[36m10.12ms[0m  min=[36m2.33ms[0m  med=[36m8.02ms[0m   max=[36m113.23ms[0m p(90)=[36m20.49ms[0m  p(95)=[36m24.73ms[0m  p(99)=[36m38.94ms[0m 
     [32m✓[0m { feature:post }[2m.............:[0m avg=[36m9.78ms[0m   min=[36m1.88ms[0m  med=[36m5.44ms[0m   max=[36m1.02s[0m    p(90)=[36m15.42ms[0m  p(95)=[36m22.21ms[0m  p(99)=[36m51.17ms[0m 
     [32m✓[0m { feature:reaction }[2m.........:[0m avg=[36m32.61ms[0m  min=[36m16.32ms[0m med=[36m23.18ms[0m  max=[36m637.03ms[0m p(90)=[36m38.29ms[0m  p(95)=[36m47.53ms[0m  p(99)=[36m146.25ms[0m
     [32m✓[0m { feature:school }[2m...........:[0m avg=[36m8.66ms[0m   min=[36m2.91ms[0m  med=[36m4.59ms[0m   max=[36m129.1ms[0m  p(90)=[36m10.83ms[0m  p(95)=[36m11.25ms[0m  p(99)=[36m84.2ms[0m  
     [32m✓[0m { feature:scrap }[2m............:[0m avg=[36m42.55ms[0m  min=[36m14.83ms[0m med=[36m20.75ms[0m  max=[36m943.1ms[0m  p(90)=[36m35.03ms[0m  p(95)=[36m40.72ms[0m  p(99)=[36m530.08ms[0m
     [32m✓[0m { feature:timetable }[2m........:[0m avg=[36m5.4ms[0m    min=[36m2.19ms[0m  med=[36m3.36ms[0m   max=[36m37.95ms[0m  p(90)=[36m8.25ms[0m   p(95)=[36m9.86ms[0m   p(99)=[36m28.44ms[0m 
     [32m✓[0m { op:auth }[2m..................:[0m avg=[36m145.68ms[0m min=[36m14.37ms[0m med=[36m93.78ms[0m  max=[36m1.61s[0m    p(90)=[36m177.32ms[0m p(95)=[36m575.97ms[0m p(99)=[36m1.14s[0m   
     [31m✗[0m { op:read,phase:measure }[2m....:[0m avg=[36m79.63ms[0m  min=[36m1.88ms[0m  med=[36m5.76ms[0m   max=[36m3.18s[0m    p(90)=[36m46.07ms[0m  p(95)=[36m342.62ms[0m p(99)=[36m2.09s[0m   
     [32m✓[0m { op:write,phase:measure }[2m...:[0m avg=[36m23.29ms[0m  min=[36m2.66ms[0m  med=[36m18.66ms[0m  max=[36m943.1ms[0m  p(90)=[36m36.2ms[0m   p(95)=[36m45.36ms[0m  p(99)=[36m83.55ms[0m 
     [32m✓[0m { page:0 }[2m...................:[0m avg=[36m8.52ms[0m   min=[36m1.88ms[0m  med=[36m3.51ms[0m   max=[36m66.57ms[0m  p(90)=[36m29.36ms[0m  p(95)=[36m38.5ms[0m   p(99)=[36m62.33ms[0m 
     [32m✓[0m { page:1 }[2m...................:[0m avg=[36m17.63ms[0m  min=[36m1.88ms[0m  med=[36m4.23ms[0m   max=[36m1.02s[0m    p(90)=[36m30.7ms[0m   p(95)=[36m48.04ms[0m  p(99)=[36m111.49ms[0m
     [32m✓[0m { page:2 }[2m...................:[0m avg=[36m18.4ms[0m   min=[36m2.09ms[0m  med=[36m3.78ms[0m   max=[36m958ms[0m    p(90)=[36m29.93ms[0m  p(95)=[36m35.85ms[0m  p(99)=[36m136.89ms[0m
     [32m✓[0m { page:3 }[2m...................:[0m avg=[36m6.79ms[0m   min=[36m1.99ms[0m  med=[36m3.28ms[0m   max=[36m44.69ms[0m  p(90)=[36m8.79ms[0m   p(95)=[36m34.31ms[0m  p(99)=[36m41.51ms[0m 
     [32m✓[0m { page:4 }[2m...................:[0m avg=[36m9.75ms[0m   min=[36m2.43ms[0m  med=[36m4.08ms[0m   max=[36m84.75ms[0m  p(90)=[36m26.37ms[0m  p(95)=[36m32.34ms[0m  p(99)=[36m67.98ms[0m 
     [32m✓[0m { phase:measure }[2m............:[0m avg=[36m75.39ms[0m  min=[36m1.88ms[0m  med=[36m6.15ms[0m   max=[36m3.18s[0m    p(90)=[36m44.33ms[0m  p(95)=[36m286.41ms[0m p(99)=[36m2.07s[0m   
     [32m✓[0m { phase:rampdown }[2m...........:[0m avg=[36m97.58ms[0m  min=[36m1.96ms[0m  med=[36m7.29ms[0m   max=[36m2.5s[0m     p(90)=[36m109.61ms[0m p(95)=[36m607.5ms[0m  p(99)=[36m2.14s[0m   
     [32m✓[0m { phase:warmup }[2m.............:[0m avg=[36m125.71ms[0m min=[36m2.77ms[0m  med=[36m9.82ms[0m   max=[36m16.99s[0m   p(90)=[36m160.47ms[0m p(95)=[36m530.91ms[0m p(99)=[36m2.26s[0m   
     http_req_failed[2m................:[0m [36m0.00%[0m   [36;2m✓ 0[0m         [36;2m✗ 8082[0m 
     [32m✓[0m { phase:measure }[2m............:[0m [36m0.00%[0m   [36;2m✓ 0[0m         [36;2m✗ 5236[0m 
     [32m✓[0m { phase:rampdown }[2m...........:[0m [36m0.00%[0m   [36;2m✓ 0[0m         [36;2m✗ 1184[0m 
     [32m✓[0m { phase:warmup }[2m.............:[0m [36m0.00%[0m   [36;2m✓ 0[0m         [36;2m✗ 1662[0m 
     http_req_receiving[2m.............:[0m avg=[36m606.08µs[0m min=[36m26.21µs[0m med=[36m186.11µs[0m max=[36m75.26ms[0m  p(90)=[36m605.24µs[0m p(95)=[36m2.25ms[0m   p(99)=[36m10.44ms[0m 
     http_req_sending[2m...............:[0m avg=[36m45.43µs[0m  min=[36m5.95µs[0m  med=[36m29.4µs[0m   max=[36m13.93ms[0m  p(90)=[36m84.96µs[0m  p(95)=[36m110.73µs[0m p(99)=[36m172.41µs[0m
     http_req_tls_handshaking[2m.......:[0m avg=[36m0s[0m       min=[36m0s[0m      med=[36m0s[0m       max=[36m0s[0m       p(90)=[36m0s[0m       p(95)=[36m0s[0m       p(99)=[36m0s[0m      
     http_req_waiting[2m...............:[0m avg=[36m88.34ms[0m  min=[36m1.75ms[0m  med=[36m6.83ms[0m   max=[36m16.96s[0m   p(90)=[36m85.55ms[0m  p(95)=[36m403.38ms[0m p(99)=[36m2.11s[0m   
     http_reqs[2m......................:[0m [36m8082[0m    [36;2m13.280602/s[0m
     [32m✓[0m { feature:auth }[2m.............:[0m [36m159[0m     [36;2m0.261274/s[0m
     [32m✓[0m { feature:board }[2m............:[0m [36m762[0m     [36;2m1.252143/s[0m
     [32m✓[0m { feature:chat }[2m.............:[0m [36m608[0m     [36;2m0.999085/s[0m
     [32m✓[0m { feature:comment }[2m..........:[0m [36m1486[0m    [36;2m2.441843/s[0m
     [32m✓[0m { feature:friend }[2m...........:[0m [36m124[0m     [36;2m0.203761/s[0m
     [32m✓[0m { feature:hot }[2m..............:[0m [36m762[0m     [36;2m1.252143/s[0m
     [32m✓[0m { feature:mypage }[2m...........:[0m [36m110[0m     [36;2m0.180756/s[0m
     [32m✓[0m { feature:notification }[2m.....:[0m [36m315[0m     [36;2m0.517618/s[0m
     [32m✓[0m { feature:post }[2m.............:[0m [36m3490[0m    [36;2m5.73488/s[0m
     [32m✓[0m { feature:reaction }[2m.........:[0m [36m136[0m     [36;2m0.22348/s[0m
     [32m✓[0m { feature:school }[2m...........:[0m [36m45[0m      [36;2m0.073945/s[0m
     [32m✓[0m { feature:scrap }[2m............:[0m [36m47[0m      [36;2m0.077232/s[0m
     [32m✓[0m { feature:timetable }[2m........:[0m [36m38[0m      [36;2m0.062443/s[0m
     [32m✓[0m { op:auth }[2m..................:[0m [36m159[0m     [36;2m0.261274/s[0m
     [32m✓[0m { op:read }[2m..................:[0m [36m7361[0m    [36;2m12.095832/s[0m
     [32m✓[0m { op:write }[2m.................:[0m [36m562[0m     [36;2m0.923496/s[0m
     [32m✓[0m { page:0 }[2m...................:[0m [36m430[0m     [36;2m0.70659/s[0m
     [32m✓[0m { page:1 }[2m...................:[0m [36m138[0m     [36;2m0.226766/s[0m
     [32m✓[0m { page:2 }[2m...................:[0m [36m100[0m     [36;2m0.164323/s[0m
     [32m✓[0m { page:3 }[2m...................:[0m [36m59[0m      [36;2m0.096951/s[0m
     [32m✓[0m { page:4 }[2m...................:[0m [36m35[0m      [36;2m0.057513/s[0m
     [32m✓[0m { phase:measure }[2m............:[0m [36m5236[0m    [36;2m8.603963/s[0m
     [32m✓[0m { phase:rampdown }[2m...........:[0m [36m1184[0m    [36;2m1.945587/s[0m
     [32m✓[0m { phase:warmup }[2m.............:[0m [36m1662[0m    [36;2m2.731052/s[0m
     iteration_duration[2m.............:[0m avg=[36m10.32s[0m   min=[36m1s[0m      med=[36m8.49s[0m    max=[36m32s[0m      p(90)=[36m19.14s[0m   p(95)=[36m21.21s[0m   p(99)=[36m27.2s[0m   
     iterations[2m.....................:[0m [36m1799[0m    [36;2m2.956175/s[0m
     [32m✓[0m { phase:measure }[2m............:[0m [36m0[0m       [36;2m0/s[0m
     [32m✓[0m { phase:rampdown }[2m...........:[0m [36m0[0m       [36;2m0/s[0m
     [32m✓[0m { phase:warmup }[2m.............:[0m [36m0[0m       [36;2m0/s[0m
     phase_iterations[2m...............:[0m [36m1799[0m    [36;2m2.956175/s[0m
     [32m✓[0m { phase:measure }[2m............:[0m [36m1201[0m    [36;2m1.973522/s[0m
     [32m✓[0m { phase:rampdown }[2m...........:[0m [36m274[0m     [36;2m0.450246/s[0m
     [32m✓[0m { phase:warmup }[2m.............:[0m [36m324[0m     [36;2m0.532407/s[0m
     vus[2m............................:[0m [36m1[0m       [36;2mmin=0[0m       [36;2mmax=47[0m 
     vus_max[2m........................:[0m [36m100[0m     [36;2mmin=100[0m     [36;2mmax=100[0m
     ws_connecting[2m..................:[0m avg=[36m7.25ms[0m   min=[36m2.2ms[0m   med=[36m3.16ms[0m   max=[36m290.54ms[0m p(90)=[36m5.8ms[0m    p(95)=[36m7.38ms[0m   p(99)=[36m67.11ms[0m 
     ws_msgs_received[2m...............:[0m [36m506[0m     [36;2m0.831475/s[0m
     ws_msgs_sent[2m...................:[0m [36m588[0m     [36;2m0.96622/s[0m
     ws_session_duration[2m............:[0m avg=[36m22.6s[0m    min=[36m15.12s[0m  med=[36m22.68s[0m   max=[36m29.76s[0m   p(90)=[36m28.42s[0m   p(95)=[36m29.04s[0m   p(99)=[36m29.63s[0m  
     ws_sessions[2m....................:[0m [36m82[0m      [36;2m0.134745/s[0m
running (10m08.6s), 000/100 VUs, 1799 complete and 0 interrupted iterations
normal_day ✓ [ 100% ] 000/100 VUs  10m0s  0.13 iters/s
  호스트(Windows) 593표본 · CPU 12.7% (max 45.0) · 정규화성능 118.3% · vmmem 153.4% · 바쁜코어 —개 · 가용메모리 3785MB
  부하 중 벤치(warmup +60초, 3회 중앙값) · single 6066ms (유휴 대비 4.7%) · parallel 5465ms (유휴 대비 1.1%) · ctxswitch 2586ms (유휴 대비 -2.9%)

  실행 후 상태 sha256:db2cf311724f — chat_messages.count +424, chat_messages.maxId +424, posts.maxId +80, comments.count +72, comments.maxId +72 (외 13개)
    (지문 제외 항목: posts.sumViewCount +2139, daily_hot_post.count +55)
Prometheus 스크레이프 대기 20초...

══════════════════════════════════════════════════════════════════════════
  Performance Report — normal-day   Run #117   ❌ FAIL
══════════════════════════════════════════════════════════════════════════
  환경 perf  |  브랜치 personal/localdocs  |  커밋 3e96d946  |  빌드 local
  시작 2026-08-20 20:44:59 KST  |  수행 10m 9s  |  VU max 100
  데이터셋 medium  |  부하 ramping-arrival-rate 0→4@3m0s→4@5m0s→0@2m0s maxVU 600

  ── 성능 (measure 구간) ─────────────────────────────────────────
  평균 75ms      P95 286ms     P99 2.07s    
  RPS  17.5      TPS 4.00      오류율 0.00%

  ── 인프라 ────────────────────────────────────────────────────────
  CPU  0.91 core (한계의 46%)   throttled 4.2%
  Heap 787 MB (77%)   GC max 139ms × 71회
  DB   slow 783  QPS 4,584  풀 30%  대기 0
  Redis hit 99.4%  ops 59.5/s  evicted 0

  ── 회귀 (기준: normal-day-2026-08-20T11-42-13) ────────────────
  ⚠  기준선은 당시 k6 threshold 미통과 실행입니다, 당시 Node 판정 FAIL.
     아래 증감률은 개선/악화 폭이며 현재 SLO 통과를 뜻하지 않습니다.
  ❌ P99 응답시간                   2.26s → 2.07s (-8.1%)
       2073 > 상한 1200
  ⚠️  CPU throttling 비율          11.0% → 4.2% (-62.2%)
       4.18 > 상한 1.00

  ── 병목 가설 ─────────────────────────────────────────────────────
  • CPU throttling 발생
    cgroup이 CPU를 강제 회수한 주기가 4.2%다. CPU 한계(2 core)를 올리거나 요청당 CPU 사용을 줄여야 p99가 안정된다.
  • HTTP 요청당 쿼리 수 과다
    요청 1건당 평균 262.7개 쿼리가 실행됐다. N+1 패턴 가능성이 높다.
  • Slow Query 다발
    요청 1000건당 149.6건의 slow query(>100ms). 인덱스 또는 쿼리 계획 점검 대상.

  보고서 : reports\runs\normal-day-2026-08-20T11-55-07\report.html
  Grafana(전체 실행): http://localhost:3001/d/htd-perf-overview/highteenday-performance-overview?from=1787226179356&to=1787227027913
  Grafana(measure) : http://localhost:3001/d/htd-perf-overview/highteenday-performance-overview?from=1787226359356&to=1787226899356
══════════════════════════════════════════════════════════════════════════

  [2/4] p95 286.4ms · 평균 75.4ms · 서버측 73.6ms · 경로 1.8ms

──────── [3/4] 리셋 (restart) ────────

▶ k6 run scenarios/normal-day.js
  브랜치 personal/localdocs · 커밋 3e96d9463207 · 실행자 user@DESKTOP-DJJPASG
  환경 perf · "KI-27 Before-B (drift error bar, unchanged code) — repeatability 3/4"
  데이터셋 medium · 상태 sha256:db2cf311724f (718ms)
  캐시 cold (키 0개)
  guard strict — 상태 불일치 시 스냅샷 복원 후 재확인 [perf.config.json]
    guard=strict — 스냅샷으로 복원합니다.
▶ 복원 — medium-20260816-062210 → perf-mysql-data-medium
  앱·MySQL 정지
  MySQL 기동
  Redis FLUSHALL (복원 후 캐시는 cold 다)
  앱 기동
  복원 후 상태 지문 sha256:ffe696d17416 = 스냅샷 일치

✅ 복원 완료 · 소요 5.5초 (압축 해제 구간)

  부하 발생기: 컨테이너 perf-k6 (grafana/k6:2.1.0, CPU 상한 4)
  k6 지표 전송: http://prometheus:9090/api/v1/write (native histogram, 5s 간격)
  환경 대조 벤치 실행 중(3축 3회, 약 40초)... single 5970ms · parallel 6576ms · ctxswitch 2518ms
  부하 중 벤치 예약: k6 시작 +60초 (warmup 구간, 3회)

         /\      Grafana   /‾‾/  
    /\  /  \     |\  __   /  /   
   /  \/    \    | |/ /  /   ‾‾\ 
  /          \   |   (  |  (‾)  |
 / __________ \  |_|\_\  \_____/ 


     execution: local
        script: scenarios/normal-day.js
        output: Prometheus remote write (http://prometheus:9090/api/v1/write)

     scenarios: (100.00%) 1 scenario, 600 max VUs, 10m30s max duration (incl. graceful stop):
              * normal_day: Up to 4.00 iterations/s for 10m0s over 3 stages (maxVUs: 100-600, gracefulStop: 30s)


running (00m00.9s), 000/100 VUs, 0 complete and 0 interrupted iterations
normal_day   [   0% ] 000/100 VUs  00m00.9s/10m0s  0.11 iters/s

running (00m01.9s), 000/100 VUs, 0 complete and 0 interrupted iterations
normal_day   [   0% ] 000/100 VUs  00m01.9s/10m0s  0.11 iters/s

running (00m02.9s), 000/100 VUs, 0 complete and 0 interrupted iterations
normal_day   [   0% ] 000/100 VUs  00m02.9s/10m0s  0.11 iters/s

running (00m03.9s), 000/100 VUs, 0 complete and 0 interrupted iterations
normal_day   [   1% ] 000/100 VUs  00m03.9s/10m0s  0.11 iters/s

running (00m04.9s), 000/100 VUs, 0 complete and 0 interrupted iterations
normal_day   [   1% ] 000/100 VUs  00m04.9s/10m0s  0.11 iters/s

running (00m05.9s), 000/100 VUs, 0 complete and 0 interrupted iterations
normal_day   [   1% ] 000/100 VUs  00m05.9s/10m0s  0.11 iters/s

running (00m06.9s), 000/100 VUs, 0 complete and 0 interrupted iterations
normal_day   [   1% ] 000/100 VUs  00m06.9s/10m0s  0.11 iters/s

running (00m07.9s), 000/100 VUs, 0 complete and 0 interrupted iterations
normal_day   [   1% ] 000/100 VUs  00m07.9s/10m0s  0.11 iters/s

running (00m08.9s), 000/100 VUs, 0 complete and 0 interrupted iterations
normal_day   [   1% ] 000/100 VUs  00m08.9s/10m0s  0.11 iters/s

running (00m09.9s), 001/100 VUs, 0 complete and 0 interrupted iterations
normal_day   [   2% ] 001/100 VUs  00m09.9s/10m0s  0.25 iters/s

running (00m10.9s), 001/100 VUs, 0 complete and 0 interrupted iterations
normal_day   [   2% ] 001/100 VUs  00m10.9s/10m0s  0.25 iters/s

running (00m11.9s), 001/100 VUs, 0 complete and 0 interrupted iterations
normal_day   [   2% ] 001/100 VUs  00m11.9s/10m0s  0.25 iters/s

running (00m12.9s), 001/100 VUs, 0 complete and 0 interrupted iterations
normal_day   [   2% ] 001/100 VUs  00m12.9s/10m0s  0.25 iters/s

running (00m13.9s), 002/100 VUs, 0 complete and 0 interrupted iterations
normal_day   [   2% ] 002/100 VUs  00m13.9s/10m0s  0.33 iters/s

running (00m14.9s), 002/100 VUs, 0 complete and 0 interrupted iterations
normal_day   [   2% ] 002/100 VUs  00m14.9s/10m0s  0.33 iters/s

running (00m15.9s), 002/100 VUs, 0 complete and 0 interrupted iterations
normal_day   [   3% ] 002/100 VUs  00m15.9s/10m0s  0.33 iters/s

running (00m16.9s), 003/100 VUs, 0 complete and 0 interrupted iterations
normal_day   [   3% ] 003/100 VUs  00m16.9s/10m0s  0.39 iters/s

running (00m17.9s), 003/100 VUs, 0 complete and 0 interrupted iterations
normal_day   [   3% ] 003/100 VUs  00m17.9s/10m0s  0.39 iters/s

running (00m18.9s), 003/100 VUs, 0 complete and 0 interrupted iterations
normal_day   [   3% ] 003/100 VUs  00m18.9s/10m0s  0.39 iters/s

running (00m19.9s), 004/100 VUs, 0 complete and 0 interrupted iterations
normal_day   [   3% ] 004/100 VUs  00m19.9s/10m0s  0.45 iters/s

running (00m20.9s), 003/100 VUs, 1 complete and 0 interrupted iterations
normal_day   [   3% ] 003/100 VUs  00m20.9s/10m0s  0.45 iters/s

running (00m21.9s), 002/100 VUs, 3 complete and 0 interrupted iterations
normal_day   [   4% ] 002/100 VUs  00m21.9s/10m0s  0.49 iters/s

running (00m22.9s), 002/100 VUs, 3 complete and 0 interrupted iterations
normal_day   [   4% ] 002/100 VUs  00m22.9s/10m0s  0.49 iters/s

running (00m23.9s), 003/100 VUs, 3 complete and 0 interrupted iterations
normal_day   [   4% ] 003/100 VUs  00m23.9s/10m0s  0.54 iters/s

running (00m24.9s), 003/100 VUs, 3 complete and 0 interrupted iterations
normal_day   [   4% ] 003/100 VUs  00m24.9s/10m0s  0.54 iters/s

running (00m25.9s), 004/100 VUs, 3 complete and 0 interrupted iterations
normal_day   [   4% ] 004/100 VUs  00m25.9s/10m0s  0.58 iters/s

running (00m26.9s), 004/100 VUs, 4 complete and 0 interrupted iterations
normal_day   [   4% ] 004/100 VUs  00m26.9s/10m0s  0.61 iters/s

running (00m27.9s), 004/100 VUs, 4 complete and 0 interrupted iterations
normal_day   [   5% ] 004/100 VUs  00m27.9s/10m0s  0.61 iters/s

running (00m28.9s), 004/100 VUs, 5 complete and 0 interrupted iterations
normal_day   [   5% ] 004/100 VUs  00m28.9s/10m0s  0.65 iters/s

running (00m29.9s), 003/100 VUs, 6 complete and 0 interrupted iterations
normal_day   [   5% ] 003/100 VUs  00m29.9s/10m0s  0.65 iters/s

running (00m30.9s), 003/100 VUs, 7 complete and 0 interrupted iterations
normal_day   [   5% ] 003/100 VUs  00m30.9s/10m0s  0.68 iters/s

running (00m31.9s), 004/100 VUs, 7 complete and 0 interrupted iterations
normal_day   [   5% ] 004/100 VUs  00m31.9s/10m0s  0.71 iters/s

running (00m32.9s), 005/100 VUs, 7 complete and 0 interrupted iterations
normal_day   [   5% ] 005/100 VUs  00m32.9s/10m0s  0.75 iters/s

running (00m33.9s), 005/100 VUs, 7 complete and 0 interrupted iterations
normal_day   [   6% ] 005/100 VUs  00m33.9s/10m0s  0.75 iters/s

running (00m34.9s), 006/100 VUs, 7 complete and 0 interrupted iterations
normal_day   [   6% ] 006/100 VUs  00m34.9s/10m0s  0.77 iters/s

running (00m35.9s), 007/100 VUs, 7 complete and 0 interrupted iterations
normal_day   [   6% ] 007/100 VUs  00m35.9s/10m0s  0.80 iters/s

running (00m36.9s), 007/100 VUs, 8 complete and 0 interrupted iterations
normal_day   [   6% ] 007/100 VUs  00m36.9s/10m0s  0.83 iters/s

running (00m37.9s), 007/100 VUs, 8 complete and 0 interrupted iterations
normal_day   [   6% ] 007/100 VUs  00m37.9s/10m0s  0.83 iters/s

running (00m38.9s), 008/100 VUs, 8 complete and 0 interrupted iterations
normal_day   [   6% ] 008/100 VUs  00m38.9s/10m0s  0.86 iters/s

running (00m39.9s), 009/100 VUs, 8 complete and 0 interrupted iterations
normal_day   [   7% ] 009/100 VUs  00m39.9s/10m0s  0.88 iters/s

running (00m40.9s), 010/100 VUs, 8 complete and 0 interrupted iterations
normal_day   [   7% ] 010/100 VUs  00m40.9s/10m0s  0.91 iters/s

running (00m41.9s), 011/100 VUs, 8 complete and 0 interrupted iterations
normal_day   [   7% ] 011/100 VUs  00m41.9s/10m0s  0.93 iters/s

running (00m42.9s), 011/100 VUs, 9 complete and 0 interrupted iterations
normal_day   [   7% ] 011/100 VUs  00m42.9s/10m0s  0.95 iters/s

running (00m43.9s), 011/100 VUs, 10 complete and 0 interrupted iterations
normal_day   [   7% ] 011/100 VUs  00m43.9s/10m0s  0.98 iters/s

running (00m44.9s), 011/100 VUs, 11 complete and 0 interrupted iterations
normal_day   [   7% ] 011/100 VUs  00m44.9s/10m0s  1.00 iters/s

running (00m45.9s), 012/100 VUs, 11 complete and 0 interrupted iterations
normal_day   [   8% ] 012/100 VUs  00m45.9s/10m0s  1.02 iters/s

running (00m46.9s), 012/100 VUs, 12 complete and 0 interrupted iterations
normal_day   [   8% ] 012/100 VUs  00m46.9s/10m0s  1.04 iters/s

running (00m47.9s), 010/100 VUs, 15 complete and 0 interrupted iterations
normal_day   [   8% ] 010/100 VUs  00m47.9s/10m0s  1.06 iters/s

running (00m48.9s), 009/100 VUs, 17 complete and 0 interrupted iterations
normal_day   [   8% ] 009/100 VUs  00m48.9s/10m0s  1.09 iters/s

running (00m49.9s), 010/100 VUs, 17 complete and 0 interrupted iterations
normal_day   [   8% ] 010/100 VUs  00m49.9s/10m0s  1.11 iters/s

running (00m50.9s), 011/100 VUs, 17 complete and 0 interrupted iterations
normal_day   [   8% ] 011/100 VUs  00m50.9s/10m0s  1.13 iters/s

running (00m51.9s), 012/100 VUs, 17 complete and 0 interrupted iterations
normal_day   [   9% ] 012/100 VUs  00m51.9s/10m0s  1.14 iters/s

running (00m52.9s), 014/100 VUs, 17 complete and 0 interrupted iterations
normal_day   [   9% ] 014/100 VUs  00m52.9s/10m0s  1.18 iters/s

running (00m53.9s), 014/100 VUs, 18 complete and 0 interrupted iterations
normal_day   [   9% ] 014/100 VUs  00m53.9s/10m0s  1.20 iters/s

running (00m54.9s), 012/100 VUs, 21 complete and 0 interrupted iterations
normal_day   [   9% ] 012/100 VUs  00m54.9s/10m0s  1.22 iters/s

running (00m55.9s), 012/100 VUs, 22 complete and 0 interrupted iterations
normal_day   [   9% ] 012/100 VUs  00m55.9s/10m0s  1.24 iters/s

running (00m56.9s), 013/100 VUs, 22 complete and 0 interrupted iterations
normal_day   [   9% ] 013/100 VUs  00m56.9s/10m0s  1.26 iters/s

running (00m57.9s), 015/100 VUs, 22 complete and 0 interrupted iterations
normal_day   [  10% ] 015/100 VUs  00m57.9s/10m0s  1.29 iters/s

running (00m58.9s), 015/100 VUs, 23 complete and 0 interrupted iterations
normal_day   [  10% ] 015/100 VUs  00m58.9s/10m0s  1.31 iters/s

running (00m59.9s), 015/100 VUs, 24 complete and 0 interrupted iterations
normal_day   [  10% ] 015/100 VUs  00m59.9s/10m0s  1.32 iters/s

running (01m00.9s), 016/100 VUs, 25 complete and 0 interrupted iterations
normal_day   [  10% ] 016/100 VUs  01m00.9s/10m0s  1.36 iters/s

running (01m01.9s), 015/100 VUs, 27 complete and 0 interrupted iterations
normal_day   [  10% ] 015/100 VUs  01m01.9s/10m0s  1.37 iters/s

running (01m02.9s), 016/100 VUs, 27 complete and 0 interrupted iterations
normal_day   [  10% ] 016/100 VUs  01m02.9s/10m0s  1.39 iters/s

running (01m03.9s), 013/100 VUs, 32 complete and 0 interrupted iterations
normal_day   [  11% ] 013/100 VUs  01m03.9s/10m0s  1.42 iters/s

running (01m04.9s), 014/100 VUs, 32 complete and 0 interrupted iterations
normal_day   [  11% ] 014/100 VUs  01m04.9s/10m0s  1.44 iters/s

running (01m05.9s), 015/100 VUs, 33 complete and 0 interrupted iterations
normal_day   [  11% ] 015/100 VUs  01m05.9s/10m0s  1.47 iters/s

running (01m06.9s), 014/100 VUs, 35 complete and 0 interrupted iterations
normal_day   [  11% ] 014/100 VUs  01m06.9s/10m0s  1.48 iters/s

running (01m07.9s), 015/100 VUs, 36 complete and 0 interrupted iterations
normal_day   [  11% ] 015/100 VUs  01m07.9s/10m0s  1.51 iters/s

running (01m08.9s), 014/100 VUs, 38 complete and 0 interrupted iterations
normal_day   [  11% ] 014/100 VUs  01m08.9s/10m0s  1.53 iters/s

running (01m09.9s), 014/100 VUs, 40 complete and 0 interrupted iterations
normal_day   [  12% ] 014/100 VUs  01m09.9s/10m0s  1.56 iters/s

running (01m10.9s), 014/100 VUs, 41 complete and 0 interrupted iterations
normal_day   [  12% ] 014/100 VUs  01m10.9s/10m0s  1.57 iters/s

running (01m11.9s), 015/100 VUs, 42 complete and 0 interrupted iterations
normal_day   [  12% ] 015/100 VUs  01m11.9s/10m0s  1.60 iters/s

running (01m12.9s), 016/100 VUs, 43 complete and 0 interrupted iterations
normal_day   [  12% ] 016/100 VUs  01m12.9s/10m0s  1.63 iters/s

running (01m13.9s), 013/100 VUs, 47 complete and 0 interrupted iterations
normal_day   [  12% ] 013/100 VUs  01m13.9s/10m0s  1.64 iters/s

running (01m14.9s), 012/100 VUs, 50 complete and 0 interrupted iterations
normal_day   [  12% ] 012/100 VUs  01m14.9s/10m0s  1.67 iters/s

running (01m15.9s), 013/100 VUs, 51 complete and 0 interrupted iterations
normal_day   [  13% ] 013/100 VUs  01m15.9s/10m0s  1.69 iters/s

running (01m16.9s), 013/100 VUs, 52 complete and 0 interrupted iterations
normal_day   [  13% ] 013/100 VUs  01m16.9s/10m0s  1.71 iters/s

running (01m17.9s), 015/100 VUs, 52 complete and 0 interrupted iterations
normal_day   [  13% ] 015/100 VUs  01m17.9s/10m0s  1.73 iters/s

running (01m18.9s), 015/100 VUs, 54 complete and 0 interrupted iterations
normal_day   [  13% ] 015/100 VUs  01m18.9s/10m0s  1.76 iters/s

running (01m19.9s), 015/100 VUs, 55 complete and 0 interrupted iterations
normal_day   [  13% ] 015/100 VUs  01m19.9s/10m0s  1.77 iters/s

running (01m20.9s), 017/100 VUs, 55 complete and 0 interrupted iterations
normal_day   [  13% ] 017/100 VUs  01m20.9s/10m0s  1.80 iters/s

running (01m21.9s), 018/100 VUs, 56 complete and 0 interrupted iterations
normal_day   [  14% ] 018/100 VUs  01m21.9s/10m0s  1.82 iters/s

running (01m22.9s), 016/100 VUs, 60 complete and 0 interrupted iterations
normal_day   [  14% ] 016/100 VUs  01m22.9s/10m0s  1.84 iters/s

running (01m23.9s), 017/100 VUs, 61 complete and 0 interrupted iterations
normal_day   [  14% ] 017/100 VUs  01m23.9s/10m0s  1.87 iters/s

running (01m24.9s), 019/100 VUs, 61 complete and 0 interrupted iterations
normal_day   [  14% ] 019/100 VUs  01m24.9s/10m0s  1.89 iters/s

running (01m25.9s), 019/100 VUs, 62 complete and 0 interrupted iterations
normal_day   [  14% ] 019/100 VUs  01m25.9s/10m0s  1.90 iters/s

running (01m26.9s), 019/100 VUs, 64 complete and 0 interrupted iterations
normal_day   [  14% ] 019/100 VUs  01m26.9s/10m0s  1.93 iters/s

running (01m27.9s), 021/100 VUs, 64 complete and 0 interrupted iterations
normal_day   [  15% ] 021/100 VUs  01m27.9s/10m0s  1.95 iters/s

running (01m28.9s), 021/100 VUs, 66 complete and 0 interrupted iterations
normal_day   [  15% ] 021/100 VUs  01m28.9s/10m0s  1.97 iters/s

running (01m29.9s), 021/100 VUs, 68 complete and 0 interrupted iterations
normal_day   [  15% ] 021/100 VUs  01m29.9s/10m0s  1.99 iters/s

running (01m30.9s), 020/100 VUs, 71 complete and 0 interrupted iterations
normal_day   [  15% ] 020/100 VUs  01m30.9s/10m0s  2.02 iters/s

running (01m31.9s), 021/100 VUs, 72 complete and 0 interrupted iterations
normal_day   [  15% ] 021/100 VUs  01m31.9s/10m0s  2.04 iters/s

running (01m32.9s), 021/100 VUs, 74 complete and 0 interrupted iterations
normal_day   [  15% ] 021/100 VUs  01m32.9s/10m0s  2.06 iters/s

running (01m33.9s), 020/100 VUs, 77 complete and 0 interrupted iterations
normal_day   [  16% ] 020/100 VUs  01m33.9s/10m0s  2.08 iters/s

running (01m34.9s), 021/100 VUs, 79 complete and 0 interrupted iterations
normal_day   [  16% ] 021/100 VUs  01m34.9s/10m0s  2.11 iters/s

running (01m35.9s), 020/100 VUs, 82 complete and 0 interrupted iterations
normal_day   [  16% ] 020/100 VUs  01m35.9s/10m0s  2.13 iters/s

running (01m36.9s), 017/100 VUs, 87 complete and 0 interrupted iterations
normal_day   [  16% ] 017/100 VUs  01m36.9s/10m0s  2.16 iters/s

running (01m37.9s), 015/100 VUs, 91 complete and 0 interrupted iterations
normal_day   [  16% ] 015/100 VUs  01m37.9s/10m0s  2.18 iters/s

running (01m38.9s), 014/100 VUs, 94 complete and 0 interrupted iterations
normal_day   [  16% ] 014/100 VUs  01m38.9s/10m0s  2.20 iters/s

running (01m39.9s), 015/100 VUs, 95 complete and 0 interrupted iterations
normal_day   [  17% ] 015/100 VUs  01m39.9s/10m0s  2.22 iters/s

running (01m40.9s), 016/100 VUs, 97 complete and 0 interrupted iterations
normal_day   [  17% ] 016/100 VUs  01m40.9s/10m0s  2.25 iters/s

running (01m41.9s), 017/100 VUs, 98 complete and 0 interrupted iterations
normal_day   [  17% ] 017/100 VUs  01m41.9s/10m0s  2.27 iters/s

running (01m42.9s), 019/100 VUs, 98 complete and 0 interrupted iterations
normal_day   [  17% ] 019/100 VUs  01m42.9s/10m0s  2.29 iters/s

running (01m43.9s), 018/100 VUs, 101 complete and 0 interrupted iterations
normal_day   [  17% ] 018/100 VUs  01m43.9s/10m0s  2.30 iters/s

running (01m44.9s), 018/100 VUs, 104 complete and 0 interrupted iterations
normal_day   [  17% ] 018/100 VUs  01m44.9s/10m0s  2.33 iters/s

running (01m45.9s), 019/100 VUs, 105 complete and 0 interrupted iterations
normal_day   [  18% ] 019/100 VUs  01m45.9s/10m0s  2.35 iters/s

running (01m46.9s), 020/100 VUs, 106 complete and 0 interrupted iterations
normal_day   [  18% ] 020/100 VUs  01m46.9s/10m0s  2.37 iters/s

running (01m47.9s), 021/100 VUs, 108 complete and 0 interrupted iterations
normal_day   [  18% ] 021/100 VUs  01m47.9s/10m0s  2.40 iters/s

running (01m48.9s), 022/100 VUs, 109 complete and 0 interrupted iterations
normal_day   [  18% ] 022/100 VUs  01m48.9s/10m0s  2.42 iters/s

running (01m49.9s), 024/100 VUs, 110 complete and 0 interrupted iterations
normal_day   [  18% ] 024/100 VUs  01m49.9s/10m0s  2.44 iters/s

running (01m50.9s), 025/100 VUs, 111 complete and 0 interrupted iterations
normal_day   [  18% ] 025/100 VUs  01m50.9s/10m0s  2.46 iters/s

running (01m51.9s), 026/100 VUs, 113 complete and 0 interrupted iterations
normal_day   [  19% ] 026/100 VUs  01m51.9s/10m0s  2.49 iters/s

running (01m52.9s), 028/100 VUs, 113 complete and 0 interrupted iterations
normal_day   [  19% ] 028/100 VUs  01m52.9s/10m0s  2.51 iters/s

running (01m53.9s), 029/100 VUs, 115 complete and 0 interrupted iterations
normal_day   [  19% ] 029/100 VUs  01m53.9s/10m0s  2.53 iters/s

running (01m54.9s), 028/100 VUs, 118 complete and 0 interrupted iterations
normal_day   [  19% ] 028/100 VUs  01m54.9s/10m0s  2.55 iters/s

running (01m55.9s), 029/100 VUs, 120 complete and 0 interrupted iterations
normal_day   [  19% ] 029/100 VUs  01m55.9s/10m0s  2.58 iters/s

running (01m56.9s), 029/100 VUs, 122 complete and 0 interrupted iterations
normal_day   [  19% ] 029/100 VUs  01m56.9s/10m0s  2.59 iters/s

running (01m57.9s), 028/100 VUs, 126 complete and 0 interrupted iterations
normal_day   [  20% ] 028/100 VUs  01m57.9s/10m0s  2.62 iters/s

running (01m58.9s), 028/100 VUs, 129 complete and 0 interrupted iterations
normal_day   [  20% ] 028/100 VUs  01m58.9s/10m0s  2.65 iters/s

running (01m59.9s), 026/100 VUs, 133 complete and 0 interrupted iterations
normal_day   [  20% ] 026/100 VUs  01m59.9s/10m0s  2.66 iters/s

running (02m00.9s), 027/100 VUs, 135 complete and 0 interrupted iterations
normal_day   [  20% ] 027/100 VUs  02m00.9s/10m0s  2.69 iters/s

running (02m01.9s), 028/100 VUs, 137 complete and 0 interrupted iterations
normal_day   [  20% ] 028/100 VUs  02m01.9s/10m0s  2.71 iters/s

running (02m02.9s), 027/100 VUs, 140 complete and 0 interrupted iterations
normal_day   [  20% ] 027/100 VUs  02m02.9s/10m0s  2.73 iters/s

running (02m03.9s), 024/100 VUs, 146 complete and 0 interrupted iterations
normal_day   [  21% ] 024/100 VUs  02m03.9s/10m0s  2.75 iters/s

running (02m04.9s), 024/100 VUs, 149 complete and 0 interrupted iterations
normal_day   [  21% ] 024/100 VUs  02m04.9s/10m0s  2.78 iters/s

running (02m05.9s), 026/100 VUs, 150 complete and 0 interrupted iterations
normal_day   [  21% ] 026/100 VUs  02m05.9s/10m0s  2.80 iters/s

running (02m06.9s), 026/100 VUs, 152 complete and 0 interrupted iterations
normal_day   [  21% ] 026/100 VUs  02m06.9s/10m0s  2.82 iters/s

running (02m07.9s), 026/100 VUs, 155 complete and 0 interrupted iterations
normal_day   [  21% ] 026/100 VUs  02m07.9s/10m0s  2.84 iters/s

running (02m08.9s), 022/100 VUs, 162 complete and 0 interrupted iterations
normal_day   [  21% ] 022/100 VUs  02m08.9s/10m0s  2.86 iters/s

running (02m09.9s), 024/100 VUs, 163 complete and 0 interrupted iterations
normal_day   [  22% ] 024/100 VUs  02m09.9s/10m0s  2.89 iters/s

running (02m10.9s), 025/100 VUs, 165 complete and 0 interrupted iterations
normal_day   [  22% ] 025/100 VUs  02m10.9s/10m0s  2.91 iters/s

running (02m11.9s), 026/100 VUs, 167 complete and 0 interrupted iterations
normal_day   [  22% ] 026/100 VUs  02m11.9s/10m0s  2.93 iters/s

running (02m12.9s), 026/100 VUs, 170 complete and 0 interrupted iterations
normal_day   [  22% ] 026/100 VUs  02m12.9s/10m0s  2.96 iters/s

running (02m13.9s), 026/100 VUs, 173 complete and 0 interrupted iterations
normal_day   [  22% ] 026/100 VUs  02m13.9s/10m0s  2.98 iters/s

running (02m14.9s), 028/100 VUs, 174 complete and 0 interrupted iterations
normal_day   [  22% ] 028/100 VUs  02m14.9s/10m0s  3.00 iters/s

running (02m15.9s), 025/100 VUs, 180 complete and 0 interrupted iterations
normal_day   [  23% ] 025/100 VUs  02m15.9s/10m0s  3.02 iters/s

running (02m16.9s), 026/100 VUs, 182 complete and 0 interrupted iterations
normal_day   [  23% ] 026/100 VUs  02m16.9s/10m0s  3.04 iters/s

running (02m17.9s), 027/100 VUs, 184 complete and 0 interrupted iterations
normal_day   [  23% ] 027/100 VUs  02m17.9s/10m0s  3.07 iters/s

running (02m18.9s), 027/100 VUs, 187 complete and 0 interrupted iterations
normal_day   [  23% ] 027/100 VUs  02m18.9s/10m0s  3.09 iters/s

running (02m19.9s), 025/100 VUs, 192 complete and 0 interrupted iterations
normal_day   [  23% ] 025/100 VUs  02m19.9s/10m0s  3.11 iters/s

running (02m20.9s), 028/100 VUs, 192 complete and 0 interrupted iterations
normal_day   [  23% ] 028/100 VUs  02m20.9s/10m0s  3.13 iters/s

running (02m21.9s), 029/100 VUs, 194 complete and 0 interrupted iterations
normal_day   [  24% ] 029/100 VUs  02m21.9s/10m0s  3.15 iters/s

running (02m22.9s), 030/100 VUs, 196 complete and 0 interrupted iterations
normal_day   [  24% ] 030/100 VUs  02m22.9s/10m0s  3.17 iters/s

running (02m23.9s), 032/100 VUs, 198 complete and 0 interrupted iterations
normal_day   [  24% ] 032/100 VUs  02m23.9s/10m0s  3.20 iters/s

running (02m24.9s), 032/100 VUs, 201 complete and 0 interrupted iterations
normal_day   [  24% ] 032/100 VUs  02m24.9s/10m0s  3.22 iters/s

running (02m25.9s), 031/100 VUs, 205 complete and 0 interrupted iterations
normal_day   [  24% ] 031/100 VUs  02m25.9s/10m0s  3.24 iters/s

running (02m26.9s), 033/100 VUs, 206 complete and 0 interrupted iterations
normal_day   [  24% ] 033/100 VUs  02m26.9s/10m0s  3.26 iters/s

running (02m27.9s), 034/100 VUs, 209 complete and 0 interrupted iterations
normal_day   [  25% ] 034/100 VUs  02m27.9s/10m0s  3.29 iters/s

running (02m28.9s), 034/100 VUs, 212 complete and 0 interrupted iterations
normal_day   [  25% ] 034/100 VUs  02m28.9s/10m0s  3.31 iters/s

running (02m29.9s), 032/100 VUs, 217 complete and 0 interrupted iterations
normal_day   [  25% ] 032/100 VUs  02m29.9s/10m0s  3.33 iters/s

running (02m30.9s), 032/100 VUs, 221 complete and 0 interrupted iterations
normal_day   [  25% ] 032/100 VUs  02m30.9s/10m0s  3.36 iters/s

running (02m31.9s), 032/100 VUs, 224 complete and 0 interrupted iterations
normal_day   [  25% ] 032/100 VUs  02m31.9s/10m0s  3.38 iters/s

running (02m32.9s), 033/100 VUs, 226 complete and 0 interrupted iterations
normal_day   [  25% ] 033/100 VUs  02m32.9s/10m0s  3.40 iters/s

running (02m33.9s), 034/100 VUs, 229 complete and 0 interrupted iterations
normal_day   [  26% ] 034/100 VUs  02m33.9s/10m0s  3.42 iters/s

running (02m34.9s), 033/100 VUs, 233 complete and 0 interrupted iterations
normal_day   [  26% ] 033/100 VUs  02m34.9s/10m0s  3.44 iters/s

running (02m35.9s), 033/100 VUs, 237 complete and 0 interrupted iterations
normal_day   [  26% ] 033/100 VUs  02m35.9s/10m0s  3.47 iters/s

running (02m36.9s), 034/100 VUs, 239 complete and 0 interrupted iterations
normal_day   [  26% ] 034/100 VUs  02m36.9s/10m0s  3.49 iters/s

running (02m37.9s), 035/100 VUs, 242 complete and 0 interrupted iterations
normal_day   [  26% ] 035/100 VUs  02m37.9s/10m0s  3.51 iters/s

running (02m38.9s), 033/100 VUs, 247 complete and 0 interrupted iterations
normal_day   [  26% ] 033/100 VUs  02m38.9s/10m0s  3.53 iters/s

running (02m39.9s), 034/100 VUs, 250 complete and 0 interrupted iterations
normal_day   [  27% ] 034/100 VUs  02m39.9s/10m0s  3.56 iters/s

running (02m40.9s), 035/100 VUs, 252 complete and 0 interrupted iterations
normal_day   [  27% ] 035/100 VUs  02m40.9s/10m0s  3.57 iters/s

running (02m41.9s), 036/100 VUs, 255 complete and 0 interrupted iterations
normal_day   [  27% ] 036/100 VUs  02m41.9s/10m0s  3.60 iters/s

running (02m42.9s), 033/100 VUs, 261 complete and 0 interrupted iterations
normal_day   [  27% ] 033/100 VUs  02m42.9s/10m0s  3.62 iters/s

running (02m43.9s), 037/100 VUs, 261 complete and 0 interrupted iterations
normal_day   [  27% ] 037/100 VUs  02m43.9s/10m0s  3.64 iters/s

running (02m44.9s), 039/100 VUs, 263 complete and 0 interrupted iterations
normal_day   [  27% ] 039/100 VUs  02m44.9s/10m0s  3.67 iters/s

running (02m45.9s), 041/100 VUs, 264 complete and 0 interrupted iterations
normal_day   [  28% ] 041/100 VUs  02m45.9s/10m0s  3.68 iters/s

running (02m46.9s), 044/100 VUs, 265 complete and 0 interrupted iterations
normal_day   [  28% ] 044/100 VUs  02m46.9s/10m0s  3.71 iters/s

running (02m47.9s), 043/100 VUs, 270 complete and 0 interrupted iterations
normal_day   [  28% ] 043/100 VUs  02m47.9s/10m0s  3.73 iters/s

running (02m48.9s), 043/100 VUs, 273 complete and 0 interrupted iterations
normal_day   [  28% ] 043/100 VUs  02m48.9s/10m0s  3.75 iters/s

running (02m49.9s), 040/100 VUs, 280 complete and 0 interrupted iterations
normal_day   [  28% ] 040/100 VUs  02m49.9s/10m0s  3.77 iters/s

running (02m50.9s), 037/100 VUs, 287 complete and 0 interrupted iterations
normal_day   [  28% ] 037/100 VUs  02m50.9s/10m0s  3.80 iters/s

running (02m51.9s), 039/100 VUs, 289 complete and 0 interrupted iterations
normal_day   [  29% ] 039/100 VUs  02m51.9s/10m0s  3.82 iters/s

running (02m52.9s), 039/100 VUs, 293 complete and 0 interrupted iterations
normal_day   [  29% ] 039/100 VUs  02m52.9s/10m0s  3.84 iters/s

running (02m53.9s), 037/100 VUs, 299 complete and 0 interrupted iterations
normal_day   [  29% ] 037/100 VUs  02m53.9s/10m0s  3.87 iters/s

running (02m54.9s), 036/100 VUs, 303 complete and 0 interrupted iterations
normal_day   [  29% ] 036/100 VUs  02m54.9s/10m0s  3.88 iters/s

running (02m55.9s), 038/100 VUs, 305 complete and 0 interrupted iterations
normal_day   [  29% ] 038/100 VUs  02m55.9s/10m0s  3.91 iters/s

running (02m56.9s), 040/100 VUs, 307 complete and 0 interrupted iterations
normal_day   [  29% ] 040/100 VUs  02m56.9s/10m0s  3.93 iters/s

running (02m57.9s), 042/100 VUs, 309 complete and 0 interrupted iterations
normal_day   [  30% ] 042/100 VUs  02m57.9s/10m0s  3.95 iters/s

running (02m58.9s), 044/100 VUs, 311 complete and 0 interrupted iterations
normal_day   [  30% ] 044/100 VUs  02m58.9s/10m0s  3.97 iters/s

running (02m59.9s), 039/100 VUs, 320 complete and 0 interrupted iterations
normal_day   [  30% ] 039/100 VUs  02m59.9s/10m0s  4.00 iters/s

running (03m00.9s), 038/100 VUs, 325 complete and 0 interrupted iterations
normal_day   [  30% ] 038/100 VUs  03m00.9s/10m0s  4.00 iters/s

running (03m01.9s), 036/100 VUs, 331 complete and 0 interrupted iterations
normal_day   [  30% ] 036/100 VUs  03m01.9s/10m0s  4.00 iters/s

running (03m02.9s), 036/100 VUs, 335 complete and 0 interrupted iterations
normal_day   [  30% ] 036/100 VUs  03m02.9s/10m0s  4.00 iters/s

running (03m03.9s), 037/100 VUs, 338 complete and 0 interrupted iterations
normal_day   [  31% ] 037/100 VUs  03m03.9s/10m0s  4.00 iters/s

running (03m04.9s), 039/100 VUs, 340 complete and 0 interrupted iterations
normal_day   [  31% ] 039/100 VUs  03m04.9s/10m0s  4.00 iters/s

running (03m05.9s), 040/100 VUs, 343 complete and 0 interrupted iterations
normal_day   [  31% ] 040/100 VUs  03m05.9s/10m0s  4.00 iters/s

running (03m06.9s), 042/100 VUs, 345 complete and 0 interrupted iterations
normal_day   [  31% ] 042/100 VUs  03m06.9s/10m0s  4.00 iters/s

running (03m07.9s), 043/100 VUs, 348 complete and 0 interrupted iterations
normal_day   [  31% ] 043/100 VUs  03m07.9s/10m0s  4.00 iters/s

running (03m08.9s), 044/100 VUs, 351 complete and 0 interrupted iterations
normal_day   [  31% ] 044/100 VUs  03m08.9s/10m0s  4.00 iters/s

running (03m09.9s), 043/100 VUs, 356 complete and 0 interrupted iterations
normal_day   [  32% ] 043/100 VUs  03m09.9s/10m0s  4.00 iters/s

running (03m10.9s), 044/100 VUs, 359 complete and 0 interrupted iterations
normal_day   [  32% ] 044/100 VUs  03m10.9s/10m0s  4.00 iters/s

running (03m11.9s), 042/100 VUs, 365 complete and 0 interrupted iterations
normal_day   [  32% ] 042/100 VUs  03m11.9s/10m0s  4.00 iters/s

running (03m12.9s), 044/100 VUs, 367 complete and 0 interrupted iterations
normal_day   [  32% ] 044/100 VUs  03m12.9s/10m0s  4.00 iters/s

running (03m13.9s), 042/100 VUs, 373 complete and 0 interrupted iterations
normal_day   [  32% ] 042/100 VUs  03m13.9s/10m0s  4.00 iters/s

running (03m14.9s), 040/100 VUs, 379 complete and 0 interrupted iterations
normal_day   [  32% ] 040/100 VUs  03m14.9s/10m0s  4.00 iters/s

running (03m15.9s), 042/100 VUs, 381 complete and 0 interrupted iterations
normal_day   [  33% ] 042/100 VUs  03m15.9s/10m0s  4.00 iters/s

running (03m16.9s), 042/100 VUs, 385 complete and 0 interrupted iterations
normal_day   [  33% ] 042/100 VUs  03m16.9s/10m0s  4.00 iters/s

running (03m17.9s), 038/100 VUs, 393 complete and 0 interrupted iterations
normal_day   [  33% ] 038/100 VUs  03m17.9s/10m0s  4.00 iters/s

running (03m18.9s), 035/100 VUs, 400 complete and 0 interrupted iterations
normal_day   [  33% ] 035/100 VUs  03m18.9s/10m0s  4.00 iters/s

running (03m19.9s), 035/100 VUs, 404 complete and 0 interrupted iterations
normal_day   [  33% ] 035/100 VUs  03m19.9s/10m0s  4.00 iters/s

running (03m20.9s), 035/100 VUs, 408 complete and 0 interrupted iterations
normal_day   [  33% ] 035/100 VUs  03m20.9s/10m0s  4.00 iters/s

running (03m21.9s), 034/100 VUs, 413 complete and 0 interrupted iterations
normal_day   [  34% ] 034/100 VUs  03m21.9s/10m0s  4.00 iters/s

running (03m22.9s), 034/100 VUs, 417 complete and 0 interrupted iterations
normal_day   [  34% ] 034/100 VUs  03m22.9s/10m0s  4.00 iters/s

running (03m23.9s), 038/100 VUs, 417 complete and 0 interrupted iterations
normal_day   [  34% ] 038/100 VUs  03m23.9s/10m0s  4.00 iters/s

running (03m24.9s), 040/100 VUs, 419 complete and 0 interrupted iterations
normal_day   [  34% ] 040/100 VUs  03m24.9s/10m0s  4.00 iters/s

running (03m25.9s), 039/100 VUs, 424 complete and 0 interrupted iterations
normal_day   [  34% ] 039/100 VUs  03m25.9s/10m0s  4.00 iters/s

running (03m26.9s), 040/100 VUs, 427 complete and 0 interrupted iterations
normal_day   [  34% ] 040/100 VUs  03m26.9s/10m0s  4.00 iters/s

running (03m27.9s), 039/100 VUs, 432 complete and 0 interrupted iterations
normal_day   [  35% ] 039/100 VUs  03m27.9s/10m0s  4.00 iters/s

running (03m28.9s), 039/100 VUs, 436 complete and 0 interrupted iterations
normal_day   [  35% ] 039/100 VUs  03m28.9s/10m0s  4.00 iters/s

running (03m29.9s), 040/100 VUs, 439 complete and 0 interrupted iterations
normal_day   [  35% ] 040/100 VUs  03m29.9s/10m0s  4.00 iters/s

running (03m30.9s), 042/100 VUs, 441 complete and 0 interrupted iterations
normal_day   [  35% ] 042/100 VUs  03m30.9s/10m0s  4.00 iters/s

running (03m31.9s), 043/100 VUs, 444 complete and 0 interrupted iterations
normal_day   [  35% ] 043/100 VUs  03m31.9s/10m0s  4.00 iters/s

running (03m32.9s), 041/100 VUs, 450 complete and 0 interrupted iterations
normal_day   [  35% ] 041/100 VUs  03m32.9s/10m0s  4.00 iters/s

running (03m33.9s), 042/100 VUs, 453 complete and 0 interrupted iterations
normal_day   [  36% ] 042/100 VUs  03m33.9s/10m0s  4.00 iters/s

running (03m34.9s), 041/100 VUs, 458 complete and 0 interrupted iterations
normal_day   [  36% ] 041/100 VUs  03m34.9s/10m0s  4.00 iters/s

running (03m35.9s), 042/100 VUs, 461 complete and 0 interrupted iterations
normal_day   [  36% ] 042/100 VUs  03m35.9s/10m0s  4.00 iters/s

running (03m36.9s), 042/100 VUs, 465 complete and 0 interrupted iterations
normal_day   [  36% ] 042/100 VUs  03m36.9s/10m0s  4.00 iters/s

running (03m37.9s), 045/100 VUs, 466 complete and 0 interrupted iterations
normal_day   [  36% ] 045/100 VUs  03m37.9s/10m0s  4.00 iters/s

running (03m38.9s), 045/100 VUs, 470 complete and 0 interrupted iterations
normal_day   [  36% ] 045/100 VUs  03m38.9s/10m0s  4.00 iters/s

running (03m39.9s), 044/100 VUs, 475 complete and 0 interrupted iterations
normal_day   [  37% ] 044/100 VUs  03m39.9s/10m0s  4.00 iters/s

running (03m40.9s), 042/100 VUs, 481 complete and 0 interrupted iterations
normal_day   [  37% ] 042/100 VUs  03m40.9s/10m0s  4.00 iters/s

running (03m41.9s), 039/100 VUs, 488 complete and 0 interrupted iterations
normal_day   [  37% ] 039/100 VUs  03m41.9s/10m0s  4.00 iters/s

running (03m42.9s), 038/100 VUs, 493 complete and 0 interrupted iterations
normal_day   [  37% ] 038/100 VUs  03m42.9s/10m0s  4.00 iters/s

running (03m43.9s), 038/100 VUs, 497 complete and 0 interrupted iterations
normal_day   [  37% ] 038/100 VUs  03m43.9s/10m0s  4.00 iters/s

running (03m44.9s), 037/100 VUs, 502 complete and 0 interrupted iterations
normal_day   [  37% ] 037/100 VUs  03m44.9s/10m0s  4.00 iters/s

running (03m45.9s), 035/100 VUs, 508 complete and 0 interrupted iterations
normal_day   [  38% ] 035/100 VUs  03m45.9s/10m0s  4.00 iters/s

running (03m46.9s), 038/100 VUs, 509 complete and 0 interrupted iterations
normal_day   [  38% ] 038/100 VUs  03m46.9s/10m0s  4.00 iters/s

running (03m47.9s), 037/100 VUs, 514 complete and 0 interrupted iterations
normal_day   [  38% ] 037/100 VUs  03m47.9s/10m0s  4.00 iters/s

running (03m48.9s), 038/100 VUs, 517 complete and 0 interrupted iterations
normal_day   [  38% ] 038/100 VUs  03m48.9s/10m0s  4.00 iters/s

running (03m49.9s), 035/100 VUs, 524 complete and 0 interrupted iterations
normal_day   [  38% ] 035/100 VUs  03m49.9s/10m0s  4.00 iters/s

running (03m50.9s), 036/100 VUs, 527 complete and 0 interrupted iterations
normal_day   [  38% ] 036/100 VUs  03m50.9s/10m0s  4.00 iters/s

running (03m51.9s), 035/100 VUs, 532 complete and 0 interrupted iterations
normal_day   [  39% ] 035/100 VUs  03m51.9s/10m0s  4.00 iters/s

running (03m52.9s), 037/100 VUs, 534 complete and 0 interrupted iterations
normal_day   [  39% ] 037/100 VUs  03m52.9s/10m0s  4.00 iters/s

running (03m53.9s), 039/100 VUs, 536 complete and 0 interrupted iterations
normal_day   [  39% ] 039/100 VUs  03m53.9s/10m0s  4.00 iters/s

running (03m54.9s), 038/100 VUs, 541 complete and 0 interrupted iterations
normal_day   [  39% ] 038/100 VUs  03m54.9s/10m0s  4.00 iters/s

running (03m55.9s), 039/100 VUs, 544 complete and 0 interrupted iterations
normal_day   [  39% ] 039/100 VUs  03m55.9s/10m0s  4.00 iters/s

running (03m56.9s), 041/100 VUs, 546 complete and 0 interrupted iterations
normal_day   [  39% ] 041/100 VUs  03m56.9s/10m0s  4.00 iters/s

running (03m57.9s), 045/100 VUs, 546 complete and 0 interrupted iterations
normal_day   [  40% ] 045/100 VUs  03m57.9s/10m0s  4.00 iters/s

running (03m58.9s), 047/100 VUs, 548 complete and 0 interrupted iterations
normal_day   [  40% ] 047/100 VUs  03m58.9s/10m0s  4.00 iters/s

running (03m59.9s), 045/100 VUs, 554 complete and 0 interrupted iterations
normal_day   [  40% ] 045/100 VUs  03m59.9s/10m0s  4.00 iters/s

running (04m00.9s), 043/100 VUs, 560 complete and 0 interrupted iterations
normal_day   [  40% ] 043/100 VUs  04m00.9s/10m0s  4.00 iters/s

running (04m01.9s), 041/100 VUs, 566 complete and 0 interrupted iterations
normal_day   [  40% ] 041/100 VUs  04m01.9s/10m0s  4.00 iters/s

running (04m02.9s), 039/100 VUs, 572 complete and 0 interrupted iterations
normal_day   [  40% ] 039/100 VUs  04m02.9s/10m0s  4.00 iters/s

running (04m03.9s), 038/100 VUs, 577 complete and 0 interrupted iterations
normal_day   [  41% ] 038/100 VUs  04m03.9s/10m0s  4.00 iters/s

running (04m04.9s), 038/100 VUs, 581 complete and 0 interrupted iterations
normal_day   [  41% ] 038/100 VUs  04m04.9s/10m0s  4.00 iters/s

running (04m05.9s), 039/100 VUs, 584 complete and 0 interrupted iterations
normal_day   [  41% ] 039/100 VUs  04m05.9s/10m0s  4.00 iters/s

running (04m06.9s), 036/100 VUs, 591 complete and 0 interrupted iterations
normal_day   [  41% ] 036/100 VUs  04m06.9s/10m0s  4.00 iters/s

running (04m07.9s), 036/100 VUs, 595 complete and 0 interrupted iterations
normal_day   [  41% ] 036/100 VUs  04m07.9s/10m0s  4.00 iters/s

running (04m08.9s), 034/100 VUs, 601 complete and 0 interrupted iterations
normal_day   [  41% ] 034/100 VUs  04m08.9s/10m0s  4.00 iters/s

running (04m09.9s), 033/100 VUs, 606 complete and 0 interrupted iterations
normal_day   [  42% ] 033/100 VUs  04m09.9s/10m0s  4.00 iters/s

running (04m10.9s), 036/100 VUs, 607 complete and 0 interrupted iterations
normal_day   [  42% ] 036/100 VUs  04m10.9s/10m0s  4.00 iters/s

running (04m11.9s), 034/100 VUs, 613 complete and 0 interrupted iterations
normal_day   [  42% ] 034/100 VUs  04m11.9s/10m0s  4.00 iters/s

running (04m12.9s), 034/100 VUs, 617 complete and 0 interrupted iterations
normal_day   [  42% ] 034/100 VUs  04m12.9s/10m0s  4.00 iters/s

running (04m13.9s), 036/100 VUs, 619 complete and 0 interrupted iterations
normal_day   [  42% ] 036/100 VUs  04m13.9s/10m0s  4.00 iters/s

running (04m14.9s), 033/100 VUs, 626 complete and 0 interrupted iterations
normal_day   [  42% ] 033/100 VUs  04m14.9s/10m0s  4.00 iters/s

running (04m15.9s), 032/100 VUs, 631 complete and 0 interrupted iterations
normal_day   [  43% ] 032/100 VUs  04m15.9s/10m0s  4.00 iters/s

running (04m16.9s), 033/100 VUs, 634 complete and 0 interrupted iterations
normal_day   [  43% ] 033/100 VUs  04m16.9s/10m0s  4.00 iters/s

running (04m17.9s), 034/100 VUs, 637 complete and 0 interrupted iterations
normal_day   [  43% ] 034/100 VUs  04m17.9s/10m0s  4.00 iters/s

running (04m18.9s), 035/100 VUs, 640 complete and 0 interrupted iterations
normal_day   [  43% ] 035/100 VUs  04m18.9s/10m0s  4.00 iters/s

running (04m19.9s), 039/100 VUs, 640 complete and 0 interrupted iterations
normal_day   [  43% ] 039/100 VUs  04m19.9s/10m0s  4.00 iters/s

running (04m20.9s), 040/100 VUs, 643 complete and 0 interrupted iterations
normal_day   [  43% ] 040/100 VUs  04m20.9s/10m0s  4.00 iters/s

running (04m21.9s), 042/100 VUs, 645 complete and 0 interrupted iterations
normal_day   [  44% ] 042/100 VUs  04m21.9s/10m0s  4.00 iters/s

running (04m22.9s), 044/100 VUs, 647 complete and 0 interrupted iterations
normal_day   [  44% ] 044/100 VUs  04m22.9s/10m0s  4.00 iters/s

running (04m23.9s), 043/100 VUs, 652 complete and 0 interrupted iterations
normal_day   [  44% ] 043/100 VUs  04m23.9s/10m0s  4.00 iters/s

running (04m24.9s), 044/100 VUs, 655 complete and 0 interrupted iterations
normal_day   [  44% ] 044/100 VUs  04m24.9s/10m0s  4.00 iters/s

running (04m25.9s), 042/100 VUs, 661 complete and 0 interrupted iterations
normal_day   [  44% ] 042/100 VUs  04m25.9s/10m0s  4.00 iters/s

running (04m26.9s), 042/100 VUs, 665 complete and 0 interrupted iterations
normal_day   [  44% ] 042/100 VUs  04m26.9s/10m0s  4.00 iters/s

running (04m27.9s), 043/100 VUs, 668 complete and 0 interrupted iterations
normal_day   [  45% ] 043/100 VUs  04m27.9s/10m0s  4.00 iters/s

running (04m28.9s), 042/100 VUs, 673 complete and 0 interrupted iterations
normal_day   [  45% ] 042/100 VUs  04m28.9s/10m0s  4.00 iters/s

running (04m29.9s), 043/100 VUs, 676 complete and 0 interrupted iterations
normal_day   [  45% ] 043/100 VUs  04m29.9s/10m0s  4.00 iters/s

running (04m30.9s), 042/100 VUs, 681 complete and 0 interrupted iterations
normal_day   [  45% ] 042/100 VUs  04m30.9s/10m0s  4.00 iters/s

running (04m31.9s), 041/100 VUs, 686 complete and 0 interrupted iterations
normal_day   [  45% ] 041/100 VUs  04m31.9s/10m0s  4.00 iters/s

running (04m32.9s), 040/100 VUs, 691 complete and 0 interrupted iterations
normal_day   [  45% ] 040/100 VUs  04m32.9s/10m0s  4.00 iters/s

running (04m33.9s), 039/100 VUs, 696 complete and 0 interrupted iterations
normal_day   [  46% ] 039/100 VUs  04m33.9s/10m0s  4.00 iters/s

running (04m34.9s), 039/100 VUs, 700 complete and 0 interrupted iterations
normal_day   [  46% ] 039/100 VUs  04m34.9s/10m0s  4.00 iters/s

running (04m35.9s), 037/100 VUs, 706 complete and 0 interrupted iterations
normal_day   [  46% ] 037/100 VUs  04m35.9s/10m0s  4.00 iters/s

running (04m36.9s), 037/100 VUs, 710 complete and 0 interrupted iterations
normal_day   [  46% ] 037/100 VUs  04m36.9s/10m0s  4.00 iters/s

running (04m37.9s), 035/100 VUs, 716 complete and 0 interrupted iterations
normal_day   [  46% ] 035/100 VUs  04m37.9s/10m0s  4.00 iters/s

running (04m38.9s), 033/100 VUs, 722 complete and 0 interrupted iterations
normal_day   [  46% ] 033/100 VUs  04m38.9s/10m0s  4.00 iters/s

running (04m39.9s), 033/100 VUs, 726 complete and 0 interrupted iterations
normal_day   [  47% ] 033/100 VUs  04m39.9s/10m0s  4.00 iters/s

running (04m40.9s), 032/100 VUs, 731 complete and 0 interrupted iterations
normal_day   [  47% ] 032/100 VUs  04m40.9s/10m0s  4.00 iters/s

running (04m41.9s), 033/100 VUs, 734 complete and 0 interrupted iterations
normal_day   [  47% ] 033/100 VUs  04m41.9s/10m0s  4.00 iters/s

running (04m42.9s), 035/100 VUs, 736 complete and 0 interrupted iterations
normal_day   [  47% ] 035/100 VUs  04m42.9s/10m0s  4.00 iters/s

running (04m43.9s), 035/100 VUs, 740 complete and 0 interrupted iterations
normal_day   [  47% ] 035/100 VUs  04m43.9s/10m0s  4.00 iters/s

running (04m44.9s), 035/100 VUs, 744 complete and 0 interrupted iterations
normal_day   [  47% ] 035/100 VUs  04m44.9s/10m0s  4.00 iters/s

running (04m45.9s), 037/100 VUs, 746 complete and 0 interrupted iterations
normal_day   [  48% ] 037/100 VUs  04m45.9s/10m0s  4.00 iters/s

running (04m46.9s), 039/100 VUs, 748 complete and 0 interrupted iterations
normal_day   [  48% ] 039/100 VUs  04m46.9s/10m0s  4.00 iters/s

running (04m47.9s), 041/100 VUs, 750 complete and 0 interrupted iterations
normal_day   [  48% ] 041/100 VUs  04m47.9s/10m0s  4.00 iters/s

running (04m48.9s), 041/100 VUs, 754 complete and 0 interrupted iterations
normal_day   [  48% ] 041/100 VUs  04m48.9s/10m0s  4.00 iters/s

running (04m49.9s), 043/100 VUs, 756 complete and 0 interrupted iterations
normal_day   [  48% ] 043/100 VUs  04m49.9s/10m0s  4.00 iters/s

running (04m50.9s), 044/100 VUs, 759 complete and 0 interrupted iterations
normal_day   [  48% ] 044/100 VUs  04m50.9s/10m0s  4.00 iters/s

running (04m51.9s), 047/100 VUs, 760 complete and 0 interrupted iterations
normal_day   [  49% ] 047/100 VUs  04m51.9s/10m0s  4.00 iters/s

running (04m52.9s), 045/100 VUs, 766 complete and 0 interrupted iterations
normal_day   [  49% ] 045/100 VUs  04m52.9s/10m0s  4.00 iters/s

running (04m53.9s), 043/100 VUs, 772 complete and 0 interrupted iterations
normal_day   [  49% ] 043/100 VUs  04m53.9s/10m0s  4.00 iters/s

running (04m54.9s), 044/100 VUs, 775 complete and 0 interrupted iterations
normal_day   [  49% ] 044/100 VUs  04m54.9s/10m0s  4.00 iters/s

running (04m55.9s), 040/100 VUs, 783 complete and 0 interrupted iterations
normal_day   [  49% ] 040/100 VUs  04m55.9s/10m0s  4.00 iters/s

running (04m56.9s), 039/100 VUs, 788 complete and 0 interrupted iterations
normal_day   [  49% ] 039/100 VUs  04m56.9s/10m0s  4.00 iters/s

running (04m57.9s), 038/100 VUs, 793 complete and 0 interrupted iterations
normal_day   [  50% ] 038/100 VUs  04m57.9s/10m0s  4.00 iters/s

running (04m58.9s), 041/100 VUs, 794 complete and 0 interrupted iterations
normal_day   [  50% ] 041/100 VUs  04m58.9s/10m0s  4.00 iters/s

running (04m59.9s), 041/100 VUs, 798 complete and 0 interrupted iterations
normal_day   [  50% ] 041/100 VUs  04m59.9s/10m0s  4.00 iters/s

running (05m00.9s), 042/100 VUs, 801 complete and 0 interrupted iterations
normal_day   [  50% ] 042/100 VUs  05m00.9s/10m0s  4.00 iters/s

running (05m01.9s), 041/100 VUs, 806 complete and 0 interrupted iterations
normal_day   [  50% ] 041/100 VUs  05m01.9s/10m0s  4.00 iters/s

running (05m02.9s), 037/100 VUs, 814 complete and 0 interrupted iterations
normal_day   [  50% ] 037/100 VUs  05m02.9s/10m0s  4.00 iters/s

running (05m03.9s), 036/100 VUs, 819 complete and 0 interrupted iterations
normal_day   [  51% ] 036/100 VUs  05m03.9s/10m0s  4.00 iters/s

running (05m04.9s), 033/100 VUs, 826 complete and 0 interrupted iterations
normal_day   [  51% ] 033/100 VUs  05m04.9s/10m0s  4.00 iters/s

running (05m05.9s), 032/100 VUs, 831 complete and 0 interrupted iterations
normal_day   [  51% ] 032/100 VUs  05m05.9s/10m0s  4.00 iters/s

running (05m06.9s), 034/100 VUs, 833 complete and 0 interrupted iterations
normal_day   [  51% ] 034/100 VUs  05m06.9s/10m0s  4.00 iters/s

running (05m07.9s), 033/100 VUs, 838 complete and 0 interrupted iterations
normal_day   [  51% ] 033/100 VUs  05m07.9s/10m0s  4.00 iters/s

running (05m08.9s), 036/100 VUs, 839 complete and 0 interrupted iterations
normal_day   [  51% ] 036/100 VUs  05m08.9s/10m0s  4.00 iters/s

running (05m09.9s), 038/100 VUs, 841 complete and 0 interrupted iterations
normal_day   [  52% ] 038/100 VUs  05m09.9s/10m0s  4.00 iters/s

running (05m10.9s), 039/100 VUs, 844 complete and 0 interrupted iterations
normal_day   [  52% ] 039/100 VUs  05m10.9s/10m0s  4.00 iters/s

running (05m11.9s), 041/100 VUs, 846 complete and 0 interrupted iterations
normal_day   [  52% ] 041/100 VUs  05m11.9s/10m0s  4.00 iters/s

running (05m12.9s), 042/100 VUs, 849 complete and 0 interrupted iterations
normal_day   [  52% ] 042/100 VUs  05m12.9s/10m0s  4.00 iters/s

running (05m13.9s), 044/100 VUs, 851 complete and 0 interrupted iterations
normal_day   [  52% ] 044/100 VUs  05m13.9s/10m0s  4.00 iters/s

running (05m14.9s), 043/100 VUs, 856 complete and 0 interrupted iterations
normal_day   [  52% ] 043/100 VUs  05m14.9s/10m0s  4.00 iters/s

running (05m15.9s), 042/100 VUs, 861 complete and 0 interrupted iterations
normal_day   [  53% ] 042/100 VUs  05m15.9s/10m0s  4.00 iters/s

running (05m16.9s), 045/100 VUs, 862 complete and 0 interrupted iterations
normal_day   [  53% ] 045/100 VUs  05m16.9s/10m0s  4.00 iters/s

running (05m17.9s), 046/100 VUs, 865 complete and 0 interrupted iterations
normal_day   [  53% ] 046/100 VUs  05m17.9s/10m0s  4.00 iters/s

running (05m18.9s), 047/100 VUs, 868 complete and 0 interrupted iterations
normal_day   [  53% ] 047/100 VUs  05m18.9s/10m0s  4.00 iters/s

running (05m19.9s), 044/100 VUs, 875 complete and 0 interrupted iterations
normal_day   [  53% ] 044/100 VUs  05m19.9s/10m0s  4.00 iters/s

running (05m20.9s), 042/100 VUs, 881 complete and 0 interrupted iterations
normal_day   [  53% ] 042/100 VUs  05m20.9s/10m0s  4.00 iters/s

running (05m21.9s), 039/100 VUs, 888 complete and 0 interrupted iterations
normal_day   [  54% ] 039/100 VUs  05m21.9s/10m0s  4.00 iters/s

running (05m22.9s), 039/100 VUs, 892 complete and 0 interrupted iterations
normal_day   [  54% ] 039/100 VUs  05m22.9s/10m0s  4.00 iters/s

running (05m23.9s), 041/100 VUs, 894 complete and 0 interrupted iterations
normal_day   [  54% ] 041/100 VUs  05m23.9s/10m0s  4.00 iters/s

running (05m24.9s), 038/100 VUs, 901 complete and 0 interrupted iterations
normal_day   [  54% ] 038/100 VUs  05m24.9s/10m0s  4.00 iters/s

running (05m25.9s), 038/100 VUs, 905 complete and 0 interrupted iterations
normal_day   [  54% ] 038/100 VUs  05m25.9s/10m0s  4.00 iters/s

running (05m26.9s), 038/100 VUs, 909 complete and 0 interrupted iterations
normal_day   [  54% ] 038/100 VUs  05m26.9s/10m0s  4.00 iters/s

running (05m27.9s), 041/100 VUs, 910 complete and 0 interrupted iterations
normal_day   [  55% ] 041/100 VUs  05m27.9s/10m0s  4.00 iters/s

running (05m28.9s), 038/100 VUs, 917 complete and 0 interrupted iterations
normal_day   [  55% ] 038/100 VUs  05m28.9s/10m0s  4.00 iters/s

running (05m29.9s), 038/100 VUs, 921 complete and 0 interrupted iterations
normal_day   [  55% ] 038/100 VUs  05m29.9s/10m0s  4.00 iters/s

running (05m30.9s), 039/100 VUs, 924 complete and 0 interrupted iterations
normal_day   [  55% ] 039/100 VUs  05m30.9s/10m0s  4.00 iters/s

running (05m31.9s), 034/100 VUs, 933 complete and 0 interrupted iterations
normal_day   [  55% ] 034/100 VUs  05m31.9s/10m0s  4.00 iters/s

running (05m32.9s), 034/100 VUs, 937 complete and 0 interrupted iterations
normal_day   [  55% ] 034/100 VUs  05m32.9s/10m0s  4.00 iters/s

running (05m33.9s), 031/100 VUs, 944 complete and 0 interrupted iterations
normal_day   [  56% ] 031/100 VUs  05m33.9s/10m0s  4.00 iters/s

running (05m34.9s), 033/100 VUs, 946 complete and 0 interrupted iterations
normal_day   [  56% ] 033/100 VUs  05m34.9s/10m0s  4.00 iters/s

running (05m35.9s), 034/100 VUs, 949 complete and 0 interrupted iterations
normal_day   [  56% ] 034/100 VUs  05m35.9s/10m0s  4.00 iters/s

running (05m36.9s), 035/100 VUs, 952 complete and 0 interrupted iterations
normal_day   [  56% ] 035/100 VUs  05m36.9s/10m0s  4.00 iters/s

running (05m37.9s), 035/100 VUs, 956 complete and 0 interrupted iterations
normal_day   [  56% ] 035/100 VUs  05m37.9s/10m0s  4.00 iters/s

running (05m38.9s), 034/100 VUs, 961 complete and 0 interrupted iterations
normal_day   [  56% ] 034/100 VUs  05m38.9s/10m0s  4.00 iters/s

running (05m39.9s), 033/100 VUs, 966 complete and 0 interrupted iterations
normal_day   [  57% ] 033/100 VUs  05m39.9s/10m0s  4.00 iters/s

running (05m40.9s), 034/100 VUs, 969 complete and 0 interrupted iterations
normal_day   [  57% ] 034/100 VUs  05m40.9s/10m0s  4.00 iters/s

running (05m41.9s), 033/100 VUs, 974 complete and 0 interrupted iterations
normal_day   [  57% ] 033/100 VUs  05m41.9s/10m0s  4.00 iters/s

running (05m42.9s), 032/100 VUs, 979 complete and 0 interrupted iterations
normal_day   [  57% ] 032/100 VUs  05m42.9s/10m0s  4.00 iters/s

running (05m43.9s), 035/100 VUs, 980 complete and 0 interrupted iterations
normal_day   [  57% ] 035/100 VUs  05m43.9s/10m0s  4.00 iters/s

running (05m44.9s), 034/100 VUs, 985 complete and 0 interrupted iterations
normal_day   [  57% ] 034/100 VUs  05m44.9s/10m0s  4.00 iters/s

running (05m45.9s), 030/100 VUs, 993 complete and 0 interrupted iterations
normal_day   [  58% ] 030/100 VUs  05m45.9s/10m0s  4.00 iters/s

running (05m46.9s), 032/100 VUs, 995 complete and 0 interrupted iterations
normal_day   [  58% ] 032/100 VUs  05m46.9s/10m0s  4.00 iters/s

running (05m47.9s), 032/100 VUs, 999 complete and 0 interrupted iterations
normal_day   [  58% ] 032/100 VUs  05m47.9s/10m0s  4.00 iters/s

running (05m48.9s), 034/100 VUs, 1001 complete and 0 interrupted iterations
normal_day   [  58% ] 034/100 VUs  05m48.9s/10m0s  4.00 iters/s

running (05m49.9s), 036/100 VUs, 1003 complete and 0 interrupted iterations
normal_day   [  58% ] 036/100 VUs  05m49.9s/10m0s  4.00 iters/s

running (05m50.9s), 038/100 VUs, 1005 complete and 0 interrupted iterations
normal_day   [  58% ] 038/100 VUs  05m50.9s/10m0s  4.00 iters/s

running (05m51.9s), 037/100 VUs, 1010 complete and 0 interrupted iterations
normal_day   [  59% ] 037/100 VUs  05m51.9s/10m0s  4.00 iters/s

running (05m52.9s), 035/100 VUs, 1016 complete and 0 interrupted iterations
normal_day   [  59% ] 035/100 VUs  05m52.9s/10m0s  4.00 iters/s

running (05m53.9s), 034/100 VUs, 1021 complete and 0 interrupted iterations
normal_day   [  59% ] 034/100 VUs  05m53.9s/10m0s  4.00 iters/s

running (05m54.9s), 036/100 VUs, 1023 complete and 0 interrupted iterations
normal_day   [  59% ] 036/100 VUs  05m54.9s/10m0s  4.00 iters/s

running (05m55.9s), 037/100 VUs, 1026 complete and 0 interrupted iterations
normal_day   [  59% ] 037/100 VUs  05m55.9s/10m0s  4.00 iters/s

running (05m56.9s), 033/100 VUs, 1034 complete and 0 interrupted iterations
normal_day   [  59% ] 033/100 VUs  05m56.9s/10m0s  4.00 iters/s

running (05m57.9s), 035/100 VUs, 1036 complete and 0 interrupted iterations
normal_day   [  60% ] 035/100 VUs  05m57.9s/10m0s  4.00 iters/s

running (05m58.9s), 037/100 VUs, 1038 complete and 0 interrupted iterations
normal_day   [  60% ] 037/100 VUs  05m58.9s/10m0s  4.00 iters/s

running (05m59.9s), 036/100 VUs, 1043 complete and 0 interrupted iterations
normal_day   [  60% ] 036/100 VUs  05m59.9s/10m0s  4.00 iters/s

running (06m00.9s), 035/100 VUs, 1048 complete and 0 interrupted iterations
normal_day   [  60% ] 035/100 VUs  06m00.9s/10m0s  4.00 iters/s

running (06m01.9s), 039/100 VUs, 1048 complete and 0 interrupted iterations
normal_day   [  60% ] 039/100 VUs  06m01.9s/10m0s  4.00 iters/s

running (06m02.9s), 038/100 VUs, 1053 complete and 0 interrupted iterations
normal_day   [  60% ] 038/100 VUs  06m02.9s/10m0s  4.00 iters/s

running (06m03.9s), 038/100 VUs, 1057 complete and 0 interrupted iterations
normal_day   [  61% ] 038/100 VUs  06m03.9s/10m0s  4.00 iters/s

running (06m04.9s), 037/100 VUs, 1062 complete and 0 interrupted iterations
normal_day   [  61% ] 037/100 VUs  06m04.9s/10m0s  4.00 iters/s

running (06m05.9s), 036/100 VUs, 1067 complete and 0 interrupted iterations
normal_day   [  61% ] 036/100 VUs  06m05.9s/10m0s  4.00 iters/s

running (06m06.9s), 033/100 VUs, 1074 complete and 0 interrupted iterations
normal_day   [  61% ] 033/100 VUs  06m06.9s/10m0s  4.00 iters/s

running (06m07.9s), 032/100 VUs, 1079 complete and 0 interrupted iterations
normal_day   [  61% ] 032/100 VUs  06m07.9s/10m0s  4.00 iters/s

running (06m08.9s), 033/100 VUs, 1082 complete and 0 interrupted iterations
normal_day   [  61% ] 033/100 VUs  06m08.9s/10m0s  4.00 iters/s

running (06m09.9s), 035/100 VUs, 1084 complete and 0 interrupted iterations
normal_day   [  62% ] 035/100 VUs  06m09.9s/10m0s  4.00 iters/s

running (06m10.9s), 036/100 VUs, 1087 complete and 0 interrupted iterations
normal_day   [  62% ] 036/100 VUs  06m10.9s/10m0s  4.00 iters/s

running (06m11.9s), 034/100 VUs, 1093 complete and 0 interrupted iterations
normal_day   [  62% ] 034/100 VUs  06m11.9s/10m0s  4.00 iters/s

running (06m12.9s), 035/100 VUs, 1096 complete and 0 interrupted iterations
normal_day   [  62% ] 035/100 VUs  06m12.9s/10m0s  4.00 iters/s

running (06m13.9s), 033/100 VUs, 1102 complete and 0 interrupted iterations
normal_day   [  62% ] 033/100 VUs  06m13.9s/10m0s  4.00 iters/s

running (06m14.9s), 035/100 VUs, 1104 complete and 0 interrupted iterations
normal_day   [  62% ] 035/100 VUs  06m14.9s/10m0s  4.00 iters/s

running (06m15.9s), 035/100 VUs, 1108 complete and 0 interrupted iterations
normal_day   [  63% ] 035/100 VUs  06m15.9s/10m0s  4.00 iters/s

running (06m16.9s), 037/100 VUs, 1110 complete and 0 interrupted iterations
normal_day   [  63% ] 037/100 VUs  06m16.9s/10m0s  4.00 iters/s

running (06m17.9s), 037/100 VUs, 1114 complete and 0 interrupted iterations
normal_day   [  63% ] 037/100 VUs  06m17.9s/10m0s  4.00 iters/s

running (06m18.9s), 036/100 VUs, 1119 complete and 0 interrupted iterations
normal_day   [  63% ] 036/100 VUs  06m18.9s/10m0s  4.00 iters/s

running (06m19.9s), 039/100 VUs, 1120 complete and 0 interrupted iterations
normal_day   [  63% ] 039/100 VUs  06m19.9s/10m0s  4.00 iters/s

running (06m20.9s), 041/100 VUs, 1122 complete and 0 interrupted iterations
normal_day   [  63% ] 041/100 VUs  06m20.9s/10m0s  4.00 iters/s

running (06m21.9s), 042/100 VUs, 1125 complete and 0 interrupted iterations
normal_day   [  64% ] 042/100 VUs  06m21.9s/10m0s  4.00 iters/s

running (06m22.9s), 042/100 VUs, 1129 complete and 0 interrupted iterations
normal_day   [  64% ] 042/100 VUs  06m22.9s/10m0s  4.00 iters/s

running (06m23.9s), 046/100 VUs, 1129 complete and 0 interrupted iterations
normal_day   [  64% ] 046/100 VUs  06m23.9s/10m0s  4.00 iters/s

running (06m24.9s), 044/100 VUs, 1135 complete and 0 interrupted iterations
normal_day   [  64% ] 044/100 VUs  06m24.9s/10m0s  4.00 iters/s

running (06m25.9s), 045/100 VUs, 1138 complete and 0 interrupted iterations
normal_day   [  64% ] 045/100 VUs  06m25.9s/10m0s  4.00 iters/s

running (06m26.9s), 040/100 VUs, 1147 complete and 0 interrupted iterations
normal_day   [  64% ] 040/100 VUs  06m26.9s/10m0s  4.00 iters/s

running (06m27.9s), 041/100 VUs, 1150 complete and 0 interrupted iterations
normal_day   [  65% ] 041/100 VUs  06m27.9s/10m0s  4.00 iters/s

running (06m28.9s), 039/100 VUs, 1156 complete and 0 interrupted iterations
normal_day   [  65% ] 039/100 VUs  06m28.9s/10m0s  4.00 iters/s

running (06m29.9s), 043/100 VUs, 1156 complete and 0 interrupted iterations
normal_day   [  65% ] 043/100 VUs  06m29.9s/10m0s  4.00 iters/s

running (06m30.9s), 042/100 VUs, 1161 complete and 0 interrupted iterations
normal_day   [  65% ] 042/100 VUs  06m30.9s/10m0s  4.00 iters/s

running (06m31.9s), 037/100 VUs, 1170 complete and 0 interrupted iterations
normal_day   [  65% ] 037/100 VUs  06m31.9s/10m0s  4.00 iters/s

running (06m32.9s), 038/100 VUs, 1173 complete and 0 interrupted iterations
normal_day   [  65% ] 038/100 VUs  06m32.9s/10m0s  4.00 iters/s

running (06m33.9s), 040/100 VUs, 1175 complete and 0 interrupted iterations
normal_day   [  66% ] 040/100 VUs  06m33.9s/10m0s  4.00 iters/s

running (06m34.9s), 039/100 VUs, 1180 complete and 0 interrupted iterations
normal_day   [  66% ] 039/100 VUs  06m34.9s/10m0s  4.00 iters/s

running (06m35.9s), 040/100 VUs, 1183 complete and 0 interrupted iterations
normal_day   [  66% ] 040/100 VUs  06m35.9s/10m0s  4.00 iters/s

running (06m36.9s), 040/100 VUs, 1187 complete and 0 interrupted iterations
normal_day   [  66% ] 040/100 VUs  06m36.9s/10m0s  4.00 iters/s

running (06m37.9s), 039/100 VUs, 1192 complete and 0 interrupted iterations
normal_day   [  66% ] 039/100 VUs  06m37.9s/10m0s  4.00 iters/s

running (06m38.9s), 037/100 VUs, 1198 complete and 0 interrupted iterations
normal_day   [  66% ] 037/100 VUs  06m38.9s/10m0s  4.00 iters/s

running (06m39.9s), 040/100 VUs, 1199 complete and 0 interrupted iterations
normal_day   [  67% ] 040/100 VUs  06m39.9s/10m0s  4.00 iters/s

running (06m40.9s), 042/100 VUs, 1201 complete and 0 interrupted iterations
normal_day   [  67% ] 042/100 VUs  06m40.9s/10m0s  4.00 iters/s

running (06m41.9s), 044/100 VUs, 1203 complete and 0 interrupted iterations
normal_day   [  67% ] 044/100 VUs  06m41.9s/10m0s  4.00 iters/s

running (06m42.9s), 045/100 VUs, 1206 complete and 0 interrupted iterations
normal_day   [  67% ] 045/100 VUs  06m42.9s/10m0s  4.00 iters/s

running (06m43.9s), 043/100 VUs, 1212 complete and 0 interrupted iterations
normal_day   [  67% ] 043/100 VUs  06m43.9s/10m0s  4.00 iters/s

running (06m44.9s), 044/100 VUs, 1215 complete and 0 interrupted iterations
normal_day   [  67% ] 044/100 VUs  06m44.9s/10m0s  4.00 iters/s

running (06m45.9s), 045/100 VUs, 1218 complete and 0 interrupted iterations
normal_day   [  68% ] 045/100 VUs  06m45.9s/10m0s  4.00 iters/s

running (06m46.9s), 044/100 VUs, 1223 complete and 0 interrupted iterations
normal_day   [  68% ] 044/100 VUs  06m46.9s/10m0s  4.00 iters/s

running (06m47.9s), 046/100 VUs, 1225 complete and 0 interrupted iterations
normal_day   [  68% ] 046/100 VUs  06m47.9s/10m0s  4.00 iters/s

running (06m48.9s), 044/100 VUs, 1231 complete and 0 interrupted iterations
normal_day   [  68% ] 044/100 VUs  06m48.9s/10m0s  4.00 iters/s

running (06m49.9s), 042/100 VUs, 1237 complete and 0 interrupted iterations
normal_day   [  68% ] 042/100 VUs  06m49.9s/10m0s  4.00 iters/s

running (06m50.9s), 042/100 VUs, 1241 complete and 0 interrupted iterations
normal_day   [  68% ] 042/100 VUs  06m50.9s/10m0s  4.00 iters/s

running (06m51.9s), 041/100 VUs, 1246 complete and 0 interrupted iterations
normal_day   [  69% ] 041/100 VUs  06m51.9s/10m0s  4.00 iters/s

running (06m52.9s), 041/100 VUs, 1250 complete and 0 interrupted iterations
normal_day   [  69% ] 041/100 VUs  06m52.9s/10m0s  4.00 iters/s

running (06m53.9s), 042/100 VUs, 1253 complete and 0 interrupted iterations
normal_day   [  69% ] 042/100 VUs  06m53.9s/10m0s  4.00 iters/s

running (06m54.9s), 039/100 VUs, 1260 complete and 0 interrupted iterations
normal_day   [  69% ] 039/100 VUs  06m54.9s/10m0s  4.00 iters/s

running (06m55.9s), 037/100 VUs, 1266 complete and 0 interrupted iterations
normal_day   [  69% ] 037/100 VUs  06m55.9s/10m0s  4.00 iters/s

running (06m56.9s), 037/100 VUs, 1270 complete and 0 interrupted iterations
normal_day   [  69% ] 037/100 VUs  06m56.9s/10m0s  4.00 iters/s

running (06m57.9s), 036/100 VUs, 1275 complete and 0 interrupted iterations
normal_day   [  70% ] 036/100 VUs  06m57.9s/10m0s  4.00 iters/s

running (06m58.9s), 040/100 VUs, 1275 complete and 0 interrupted iterations
normal_day   [  70% ] 040/100 VUs  06m58.9s/10m0s  4.00 iters/s

running (06m59.9s), 044/100 VUs, 1275 complete and 0 interrupted iterations
normal_day   [  70% ] 044/100 VUs  06m59.9s/10m0s  4.00 iters/s

running (07m00.9s), 045/100 VUs, 1278 complete and 0 interrupted iterations
normal_day   [  70% ] 045/100 VUs  07m00.9s/10m0s  4.00 iters/s

running (07m01.9s), 046/100 VUs, 1281 complete and 0 interrupted iterations
normal_day   [  70% ] 046/100 VUs  07m01.9s/10m0s  4.00 iters/s

running (07m02.9s), 045/100 VUs, 1286 complete and 0 interrupted iterations
normal_day   [  70% ] 045/100 VUs  07m02.9s/10m0s  4.00 iters/s

running (07m03.9s), 047/100 VUs, 1288 complete and 0 interrupted iterations
normal_day   [  71% ] 047/100 VUs  07m03.9s/10m0s  4.00 iters/s

running (07m04.9s), 044/100 VUs, 1295 complete and 0 interrupted iterations
normal_day   [  71% ] 044/100 VUs  07m04.9s/10m0s  4.00 iters/s

running (07m05.9s), 046/100 VUs, 1297 complete and 0 interrupted iterations
normal_day   [  71% ] 046/100 VUs  07m05.9s/10m0s  4.00 iters/s

running (07m06.9s), 046/100 VUs, 1301 complete and 0 interrupted iterations
normal_day   [  71% ] 046/100 VUs  07m06.9s/10m0s  4.00 iters/s

running (07m07.9s), 044/100 VUs, 1307 complete and 0 interrupted iterations
normal_day   [  71% ] 044/100 VUs  07m07.9s/10m0s  4.00 iters/s

running (07m08.9s), 046/100 VUs, 1309 complete and 0 interrupted iterations
normal_day   [  71% ] 046/100 VUs  07m08.9s/10m0s  4.00 iters/s

running (07m09.9s), 047/100 VUs, 1312 complete and 0 interrupted iterations
normal_day   [  72% ] 047/100 VUs  07m09.9s/10m0s  4.00 iters/s

running (07m10.9s), 048/100 VUs, 1315 complete and 0 interrupted iterations
normal_day   [  72% ] 048/100 VUs  07m10.9s/10m0s  4.00 iters/s

running (07m11.9s), 047/100 VUs, 1320 complete and 0 interrupted iterations
normal_day   [  72% ] 047/100 VUs  07m11.9s/10m0s  4.00 iters/s

running (07m12.9s), 045/100 VUs, 1326 complete and 0 interrupted iterations
normal_day   [  72% ] 045/100 VUs  07m12.9s/10m0s  4.00 iters/s

running (07m13.9s), 045/100 VUs, 1330 complete and 0 interrupted iterations
normal_day   [  72% ] 045/100 VUs  07m13.9s/10m0s  4.00 iters/s

running (07m14.9s), 046/100 VUs, 1333 complete and 0 interrupted iterations
normal_day   [  72% ] 046/100 VUs  07m14.9s/10m0s  4.00 iters/s

running (07m15.9s), 045/100 VUs, 1338 complete and 0 interrupted iterations
normal_day   [  73% ] 045/100 VUs  07m15.9s/10m0s  4.00 iters/s

running (07m16.9s), 044/100 VUs, 1343 complete and 0 interrupted iterations
normal_day   [  73% ] 044/100 VUs  07m16.9s/10m0s  4.00 iters/s

running (07m17.9s), 045/100 VUs, 1346 complete and 0 interrupted iterations
normal_day   [  73% ] 045/100 VUs  07m17.9s/10m0s  4.00 iters/s

running (07m18.9s), 044/100 VUs, 1351 complete and 0 interrupted iterations
normal_day   [  73% ] 044/100 VUs  07m18.9s/10m0s  4.00 iters/s

running (07m19.9s), 045/100 VUs, 1354 complete and 0 interrupted iterations
normal_day   [  73% ] 045/100 VUs  07m19.9s/10m0s  4.00 iters/s

running (07m20.9s), 044/100 VUs, 1359 complete and 0 interrupted iterations
normal_day   [  73% ] 044/100 VUs  07m20.9s/10m0s  4.00 iters/s

running (07m21.9s), 045/100 VUs, 1362 complete and 0 interrupted iterations
normal_day   [  74% ] 045/100 VUs  07m21.9s/10m0s  4.00 iters/s

running (07m22.9s), 048/100 VUs, 1363 complete and 0 interrupted iterations
normal_day   [  74% ] 048/100 VUs  07m22.9s/10m0s  4.00 iters/s

running (07m23.9s), 047/100 VUs, 1368 complete and 0 interrupted iterations
normal_day   [  74% ] 047/100 VUs  07m23.9s/10m0s  4.00 iters/s

running (07m24.9s), 049/100 VUs, 1370 complete and 0 interrupted iterations
normal_day   [  74% ] 049/100 VUs  07m24.9s/10m0s  4.00 iters/s

running (07m25.9s), 048/100 VUs, 1375 complete and 0 interrupted iterations
normal_day   [  74% ] 048/100 VUs  07m25.9s/10m0s  4.00 iters/s

running (07m26.9s), 045/100 VUs, 1382 complete and 0 interrupted iterations
normal_day   [  74% ] 045/100 VUs  07m26.9s/10m0s  4.00 iters/s

running (07m27.9s), 048/100 VUs, 1383 complete and 0 interrupted iterations
normal_day   [  75% ] 048/100 VUs  07m27.9s/10m0s  4.00 iters/s

running (07m28.9s), 048/100 VUs, 1387 complete and 0 interrupted iterations
normal_day   [  75% ] 048/100 VUs  07m28.9s/10m0s  4.00 iters/s

running (07m29.9s), 044/100 VUs, 1395 complete and 0 interrupted iterations
normal_day   [  75% ] 044/100 VUs  07m29.9s/10m0s  4.00 iters/s

running (07m30.9s), 042/100 VUs, 1401 complete and 0 interrupted iterations
normal_day   [  75% ] 042/100 VUs  07m30.9s/10m0s  4.00 iters/s

running (07m31.9s), 042/100 VUs, 1405 complete and 0 interrupted iterations
normal_day   [  75% ] 042/100 VUs  07m31.9s/10m0s  4.00 iters/s

running (07m32.9s), 040/100 VUs, 1411 complete and 0 interrupted iterations
normal_day   [  75% ] 040/100 VUs  07m32.9s/10m0s  4.00 iters/s

running (07m33.9s), 040/100 VUs, 1415 complete and 0 interrupted iterations
normal_day   [  76% ] 040/100 VUs  07m33.9s/10m0s  4.00 iters/s

running (07m34.9s), 037/100 VUs, 1422 complete and 0 interrupted iterations
normal_day   [  76% ] 037/100 VUs  07m34.9s/10m0s  4.00 iters/s

running (07m35.9s), 039/100 VUs, 1424 complete and 0 interrupted iterations
normal_day   [  76% ] 039/100 VUs  07m35.9s/10m0s  4.00 iters/s

running (07m36.9s), 039/100 VUs, 1428 complete and 0 interrupted iterations
normal_day   [  76% ] 039/100 VUs  07m36.9s/10m0s  4.00 iters/s

running (07m37.9s), 038/100 VUs, 1433 complete and 0 interrupted iterations
normal_day   [  76% ] 038/100 VUs  07m37.9s/10m0s  4.00 iters/s

running (07m38.9s), 041/100 VUs, 1434 complete and 0 interrupted iterations
normal_day   [  76% ] 041/100 VUs  07m38.9s/10m0s  4.00 iters/s

running (07m39.9s), 043/100 VUs, 1436 complete and 0 interrupted iterations
normal_day   [  77% ] 043/100 VUs  07m39.9s/10m0s  4.00 iters/s

running (07m40.9s), 044/100 VUs, 1439 complete and 0 interrupted iterations
normal_day   [  77% ] 044/100 VUs  07m40.9s/10m0s  4.00 iters/s

running (07m41.9s), 042/100 VUs, 1445 complete and 0 interrupted iterations
normal_day   [  77% ] 042/100 VUs  07m41.9s/10m0s  4.00 iters/s

running (07m42.9s), 039/100 VUs, 1452 complete and 0 interrupted iterations
normal_day   [  77% ] 039/100 VUs  07m42.9s/10m0s  4.00 iters/s

running (07m43.9s), 038/100 VUs, 1457 complete and 0 interrupted iterations
normal_day   [  77% ] 038/100 VUs  07m43.9s/10m0s  4.00 iters/s

running (07m44.9s), 036/100 VUs, 1463 complete and 0 interrupted iterations
normal_day   [  77% ] 036/100 VUs  07m44.9s/10m0s  4.00 iters/s

running (07m45.9s), 034/100 VUs, 1469 complete and 0 interrupted iterations
normal_day   [  78% ] 034/100 VUs  07m45.9s/10m0s  4.00 iters/s

running (07m46.9s), 037/100 VUs, 1470 complete and 0 interrupted iterations
normal_day   [  78% ] 037/100 VUs  07m46.9s/10m0s  4.00 iters/s

running (07m47.9s), 039/100 VUs, 1472 complete and 0 interrupted iterations
normal_day   [  78% ] 039/100 VUs  07m47.9s/10m0s  4.00 iters/s

running (07m48.9s), 040/100 VUs, 1475 complete and 0 interrupted iterations
normal_day   [  78% ] 040/100 VUs  07m48.9s/10m0s  4.00 iters/s

running (07m49.9s), 042/100 VUs, 1477 complete and 0 interrupted iterations
normal_day   [  78% ] 042/100 VUs  07m49.9s/10m0s  4.00 iters/s

running (07m50.9s), 042/100 VUs, 1481 complete and 0 interrupted iterations
normal_day   [  78% ] 042/100 VUs  07m50.9s/10m0s  4.00 iters/s

running (07m51.9s), 041/100 VUs, 1486 complete and 0 interrupted iterations
normal_day   [  79% ] 041/100 VUs  07m51.9s/10m0s  4.00 iters/s

running (07m52.9s), 040/100 VUs, 1491 complete and 0 interrupted iterations
normal_day   [  79% ] 040/100 VUs  07m52.9s/10m0s  4.00 iters/s

running (07m53.9s), 040/100 VUs, 1495 complete and 0 interrupted iterations
normal_day   [  79% ] 040/100 VUs  07m53.9s/10m0s  4.00 iters/s

running (07m54.9s), 043/100 VUs, 1496 complete and 0 interrupted iterations
normal_day   [  79% ] 043/100 VUs  07m54.9s/10m0s  4.00 iters/s

running (07m55.9s), 045/100 VUs, 1498 complete and 0 interrupted iterations
normal_day   [  79% ] 045/100 VUs  07m55.9s/10m0s  4.00 iters/s

running (07m56.9s), 045/100 VUs, 1502 complete and 0 interrupted iterations
normal_day   [  79% ] 045/100 VUs  07m56.9s/10m0s  4.00 iters/s

running (07m57.9s), 048/100 VUs, 1503 complete and 0 interrupted iterations
normal_day   [  80% ] 048/100 VUs  07m57.9s/10m0s  4.00 iters/s

running (07m58.9s), 046/100 VUs, 1509 complete and 0 interrupted iterations
normal_day   [  80% ] 046/100 VUs  07m58.9s/10m0s  4.00 iters/s

running (07m59.9s), 045/100 VUs, 1514 complete and 0 interrupted iterations
normal_day   [  80% ] 045/100 VUs  07m59.9s/10m0s  4.00 iters/s

running (08m00.9s), 046/100 VUs, 1517 complete and 0 interrupted iterations
normal_day   [  80% ] 046/100 VUs  08m00.9s/10m0s  3.97 iters/s

running (08m01.9s), 043/100 VUs, 1524 complete and 0 interrupted iterations
normal_day   [  80% ] 043/100 VUs  08m01.9s/10m0s  3.94 iters/s

running (08m02.9s), 045/100 VUs, 1526 complete and 0 interrupted iterations
normal_day   [  80% ] 045/100 VUs  08m02.9s/10m0s  3.90 iters/s

running (08m03.9s), 044/100 VUs, 1531 complete and 0 interrupted iterations
normal_day   [  81% ] 044/100 VUs  08m03.9s/10m0s  3.87 iters/s

running (08m04.9s), 043/100 VUs, 1536 complete and 0 interrupted iterations
normal_day   [  81% ] 043/100 VUs  08m04.9s/10m0s  3.83 iters/s

running (08m05.9s), 044/100 VUs, 1539 complete and 0 interrupted iterations
normal_day   [  81% ] 044/100 VUs  08m05.9s/10m0s  3.80 iters/s

running (08m06.9s), 042/100 VUs, 1544 complete and 0 interrupted iterations
normal_day   [  81% ] 042/100 VUs  08m06.9s/10m0s  3.77 iters/s

running (08m07.9s), 041/100 VUs, 1549 complete and 0 interrupted iterations
normal_day   [  81% ] 041/100 VUs  08m07.9s/10m0s  3.74 iters/s

running (08m08.9s), 041/100 VUs, 1553 complete and 0 interrupted iterations
normal_day   [  81% ] 041/100 VUs  08m08.9s/10m0s  3.70 iters/s

running (08m09.9s), 041/100 VUs, 1556 complete and 0 interrupted iterations
normal_day   [  82% ] 041/100 VUs  08m09.9s/10m0s  3.67 iters/s

running (08m10.9s), 041/100 VUs, 1560 complete and 0 interrupted iterations
normal_day   [  82% ] 041/100 VUs  08m10.9s/10m0s  3.64 iters/s

running (08m11.9s), 043/100 VUs, 1562 complete and 0 interrupted iterations
normal_day   [  82% ] 043/100 VUs  08m11.9s/10m0s  3.60 iters/s

running (08m12.9s), 038/100 VUs, 1570 complete and 0 interrupted iterations
normal_day   [  82% ] 038/100 VUs  08m12.9s/10m0s  3.57 iters/s

running (08m13.9s), 038/100 VUs, 1574 complete and 0 interrupted iterations
normal_day   [  82% ] 038/100 VUs  08m13.9s/10m0s  3.54 iters/s

running (08m14.9s), 040/100 VUs, 1575 complete and 0 interrupted iterations
normal_day   [  82% ] 040/100 VUs  08m14.9s/10m0s  3.51 iters/s

running (08m15.9s), 040/100 VUs, 1579 complete and 0 interrupted iterations
normal_day   [  83% ] 040/100 VUs  08m15.9s/10m0s  3.47 iters/s

running (08m16.9s), 039/100 VUs, 1583 complete and 0 interrupted iterations
normal_day   [  83% ] 039/100 VUs  08m16.9s/10m0s  3.44 iters/s

running (08m17.9s), 041/100 VUs, 1585 complete and 0 interrupted iterations
normal_day   [  83% ] 041/100 VUs  08m17.9s/10m0s  3.40 iters/s

running (08m18.9s), 039/100 VUs, 1590 complete and 0 interrupted iterations
normal_day   [  83% ] 039/100 VUs  08m18.9s/10m0s  3.37 iters/s

running (08m19.9s), 037/100 VUs, 1596 complete and 0 interrupted iterations
normal_day   [  83% ] 037/100 VUs  08m19.9s/10m0s  3.33 iters/s

running (08m20.9s), 038/100 VUs, 1598 complete and 0 interrupted iterations
normal_day   [  83% ] 038/100 VUs  08m20.9s/10m0s  3.30 iters/s

running (08m21.9s), 036/100 VUs, 1603 complete and 0 interrupted iterations
normal_day   [  84% ] 036/100 VUs  08m21.9s/10m0s  3.27 iters/s

running (08m22.9s), 029/100 VUs, 1613 complete and 0 interrupted iterations
normal_day   [  84% ] 029/100 VUs  08m22.9s/10m0s  3.24 iters/s

running (08m23.9s), 032/100 VUs, 1614 complete and 0 interrupted iterations
normal_day   [  84% ] 032/100 VUs  08m23.9s/10m0s  3.20 iters/s

running (08m24.9s), 032/100 VUs, 1617 complete and 0 interrupted iterations
normal_day   [  84% ] 032/100 VUs  08m24.9s/10m0s  3.17 iters/s

running (08m25.9s), 032/100 VUs, 1620 complete and 0 interrupted iterations
normal_day   [  84% ] 032/100 VUs  08m25.9s/10m0s  3.14 iters/s

running (08m26.9s), 033/100 VUs, 1622 complete and 0 interrupted iterations
normal_day   [  84% ] 033/100 VUs  08m26.9s/10m0s  3.10 iters/s

running (08m27.9s), 031/100 VUs, 1627 complete and 0 interrupted iterations
normal_day   [  85% ] 031/100 VUs  08m27.9s/10m0s  3.07 iters/s

running (08m28.9s), 033/100 VUs, 1628 complete and 0 interrupted iterations
normal_day   [  85% ] 033/100 VUs  08m28.9s/10m0s  3.04 iters/s

running (08m29.9s), 034/100 VUs, 1630 complete and 0 interrupted iterations
normal_day   [  85% ] 034/100 VUs  08m29.9s/10m0s  3.01 iters/s

running (08m30.9s), 035/100 VUs, 1632 complete and 0 interrupted iterations
normal_day   [  85% ] 035/100 VUs  08m30.9s/10m0s  2.97 iters/s

running (08m31.9s), 033/100 VUs, 1637 complete and 0 interrupted iterations
normal_day   [  85% ] 033/100 VUs  08m31.9s/10m0s  2.94 iters/s

running (08m32.9s), 031/100 VUs, 1642 complete and 0 interrupted iterations
normal_day   [  85% ] 031/100 VUs  08m32.9s/10m0s  2.90 iters/s

running (08m33.9s), 034/100 VUs, 1642 complete and 0 interrupted iterations
normal_day   [  86% ] 034/100 VUs  08m33.9s/10m0s  2.87 iters/s

running (08m34.9s), 032/100 VUs, 1647 complete and 0 interrupted iterations
normal_day   [  86% ] 032/100 VUs  08m34.9s/10m0s  2.83 iters/s

running (08m35.9s), 031/100 VUs, 1651 complete and 0 interrupted iterations
normal_day   [  86% ] 031/100 VUs  08m35.9s/10m0s  2.80 iters/s

running (08m36.9s), 030/100 VUs, 1654 complete and 0 interrupted iterations
normal_day   [  86% ] 030/100 VUs  08m36.9s/10m0s  2.77 iters/s

running (08m37.9s), 029/100 VUs, 1658 complete and 0 interrupted iterations
normal_day   [  86% ] 029/100 VUs  08m37.9s/10m0s  2.74 iters/s

running (08m38.9s), 029/100 VUs, 1661 complete and 0 interrupted iterations
normal_day   [  86% ] 029/100 VUs  08m38.9s/10m0s  2.70 iters/s

running (08m39.9s), 030/100 VUs, 1663 complete and 0 interrupted iterations
normal_day   [  87% ] 030/100 VUs  08m39.9s/10m0s  2.66 iters/s

running (08m40.9s), 027/100 VUs, 1668 complete and 0 interrupted iterations
normal_day   [  87% ] 027/100 VUs  08m40.9s/10m0s  2.64 iters/s

running (08m41.9s), 025/100 VUs, 1673 complete and 0 interrupted iterations
normal_day   [  87% ] 025/100 VUs  08m41.9s/10m0s  2.60 iters/s

running (08m42.9s), 025/100 VUs, 1675 complete and 0 interrupted iterations
normal_day   [  87% ] 025/100 VUs  08m42.9s/10m0s  2.58 iters/s

running (08m43.9s), 025/100 VUs, 1678 complete and 0 interrupted iterations
normal_day   [  87% ] 025/100 VUs  08m43.9s/10m0s  2.54 iters/s

running (08m44.9s), 026/100 VUs, 1680 complete and 0 interrupted iterations
normal_day   [  87% ] 026/100 VUs  08m44.9s/10m0s  2.50 iters/s

running (08m45.9s), 025/100 VUs, 1683 complete and 0 interrupted iterations
normal_day   [  88% ] 025/100 VUs  08m45.9s/10m0s  2.47 iters/s

running (08m46.9s), 027/100 VUs, 1683 complete and 0 interrupted iterations
normal_day   [  88% ] 027/100 VUs  08m46.9s/10m0s  2.44 iters/s

running (08m47.9s), 029/100 VUs, 1684 complete and 0 interrupted iterations
normal_day   [  88% ] 029/100 VUs  08m47.9s/10m0s  2.40 iters/s

running (08m48.9s), 028/100 VUs, 1687 complete and 0 interrupted iterations
normal_day   [  88% ] 028/100 VUs  08m48.9s/10m0s  2.37 iters/s

running (08m49.9s), 028/100 VUs, 1690 complete and 0 interrupted iterations
normal_day   [  88% ] 028/100 VUs  08m49.9s/10m0s  2.33 iters/s

running (08m50.9s), 024/100 VUs, 1696 complete and 0 interrupted iterations
normal_day   [  88% ] 024/100 VUs  08m50.9s/10m0s  2.30 iters/s

running (08m51.9s), 024/100 VUs, 1698 complete and 0 interrupted iterations
normal_day   [  89% ] 024/100 VUs  08m51.9s/10m0s  2.27 iters/s

running (08m52.9s), 023/100 VUs, 1701 complete and 0 interrupted iterations
normal_day   [  89% ] 023/100 VUs  08m52.9s/10m0s  2.24 iters/s

running (08m53.9s), 021/100 VUs, 1706 complete and 0 interrupted iterations
normal_day   [  89% ] 021/100 VUs  08m53.9s/10m0s  2.20 iters/s

running (08m54.9s), 022/100 VUs, 1707 complete and 0 interrupted iterations
normal_day   [  89% ] 022/100 VUs  08m54.9s/10m0s  2.17 iters/s

running (08m55.9s), 021/100 VUs, 1710 complete and 0 interrupted iterations
normal_day   [  89% ] 021/100 VUs  08m55.9s/10m0s  2.14 iters/s

running (08m56.9s), 019/100 VUs, 1714 complete and 0 interrupted iterations
normal_day   [  89% ] 019/100 VUs  08m56.9s/10m0s  2.11 iters/s

running (08m57.9s), 020/100 VUs, 1715 complete and 0 interrupted iterations
normal_day   [  90% ] 020/100 VUs  08m57.9s/10m0s  2.07 iters/s

running (08m58.9s), 022/100 VUs, 1715 complete and 0 interrupted iterations
normal_day   [  90% ] 022/100 VUs  08m58.9s/10m0s  2.04 iters/s

running (08m59.9s), 023/100 VUs, 1716 complete and 0 interrupted iterations
normal_day   [  90% ] 023/100 VUs  08m59.9s/10m0s  2.01 iters/s

running (09m00.9s), 023/100 VUs, 1718 complete and 0 interrupted iterations
normal_day   [  90% ] 023/100 VUs  09m00.9s/10m0s  1.97 iters/s

running (09m01.9s), 024/100 VUs, 1719 complete and 0 interrupted iterations
normal_day   [  90% ] 024/100 VUs  09m01.9s/10m0s  1.94 iters/s

running (09m02.9s), 025/100 VUs, 1720 complete and 0 interrupted iterations
normal_day   [  90% ] 025/100 VUs  09m02.9s/10m0s  1.91 iters/s

running (09m03.9s), 024/100 VUs, 1723 complete and 0 interrupted iterations
normal_day   [  91% ] 024/100 VUs  09m03.9s/10m0s  1.87 iters/s

running (09m04.9s), 024/100 VUs, 1725 complete and 0 interrupted iterations
normal_day   [  91% ] 024/100 VUs  09m04.9s/10m0s  1.83 iters/s

running (09m05.9s), 025/100 VUs, 1726 complete and 0 interrupted iterations
normal_day   [  91% ] 025/100 VUs  09m05.9s/10m0s  1.80 iters/s

running (09m06.9s), 024/100 VUs, 1729 complete and 0 interrupted iterations
normal_day   [  91% ] 024/100 VUs  09m06.9s/10m0s  1.76 iters/s

running (09m07.9s), 021/100 VUs, 1733 complete and 0 interrupted iterations
normal_day   [  91% ] 021/100 VUs  09m07.9s/10m0s  1.74 iters/s

running (09m08.9s), 022/100 VUs, 1734 complete and 0 interrupted iterations
normal_day   [  91% ] 022/100 VUs  09m08.9s/10m0s  1.70 iters/s

running (09m09.9s), 020/100 VUs, 1738 complete and 0 interrupted iterations
normal_day   [  92% ] 020/100 VUs  09m09.9s/10m0s  1.66 iters/s

running (09m10.9s), 016/100 VUs, 1743 complete and 0 interrupted iterations
normal_day   [  92% ] 016/100 VUs  09m10.9s/10m0s  1.64 iters/s

running (09m11.9s), 017/100 VUs, 1744 complete and 0 interrupted iterations
normal_day   [  92% ] 017/100 VUs  09m11.9s/10m0s  1.60 iters/s

running (09m12.9s), 019/100 VUs, 1744 complete and 0 interrupted iterations
normal_day   [  92% ] 019/100 VUs  09m12.9s/10m0s  1.56 iters/s

running (09m13.9s), 017/100 VUs, 1747 complete and 0 interrupted iterations
normal_day   [  92% ] 017/100 VUs  09m13.9s/10m0s  1.54 iters/s

running (09m14.9s), 017/100 VUs, 1749 complete and 0 interrupted iterations
normal_day   [  92% ] 017/100 VUs  09m14.9s/10m0s  1.49 iters/s

running (09m15.9s), 016/100 VUs, 1751 complete and 0 interrupted iterations
normal_day   [  93% ] 016/100 VUs  09m15.9s/10m0s  1.47 iters/s

running (09m16.9s), 017/100 VUs, 1752 complete and 0 interrupted iterations
normal_day   [  93% ] 017/100 VUs  09m16.9s/10m0s  1.43 iters/s

running (09m17.9s), 015/100 VUs, 1755 complete and 0 interrupted iterations
normal_day   [  93% ] 015/100 VUs  09m17.9s/10m0s  1.40 iters/s

running (09m18.9s), 015/100 VUs, 1756 complete and 0 interrupted iterations
normal_day   [  93% ] 015/100 VUs  09m18.9s/10m0s  1.38 iters/s

running (09m19.9s), 016/100 VUs, 1757 complete and 0 interrupted iterations
normal_day   [  93% ] 016/100 VUs  09m19.9s/10m0s  1.33 iters/s

running (09m20.9s), 016/100 VUs, 1758 complete and 0 interrupted iterations
normal_day   [  93% ] 016/100 VUs  09m20.9s/10m0s  1.30 iters/s

running (09m21.9s), 017/100 VUs, 1758 complete and 0 interrupted iterations
normal_day   [  94% ] 017/100 VUs  09m21.9s/10m0s  1.28 iters/s

running (09m22.9s), 018/100 VUs, 1759 complete and 0 interrupted iterations
normal_day   [  94% ] 018/100 VUs  09m22.9s/10m0s  1.22 iters/s

running (09m23.9s), 015/100 VUs, 1763 complete and 0 interrupted iterations
normal_day   [  94% ] 015/100 VUs  09m23.9s/10m0s  1.20 iters/s

running (09m24.9s), 013/100 VUs, 1766 complete and 0 interrupted iterations
normal_day   [  94% ] 013/100 VUs  09m24.9s/10m0s  1.17 iters/s

running (09m25.9s), 013/100 VUs, 1767 complete and 0 interrupted iterations
normal_day   [  94% ] 013/100 VUs  09m25.9s/10m0s  1.14 iters/s

running (09m26.9s), 014/100 VUs, 1767 complete and 0 interrupted iterations
normal_day   [  94% ] 014/100 VUs  09m26.9s/10m0s  1.11 iters/s

running (09m27.9s), 013/100 VUs, 1769 complete and 0 interrupted iterations
normal_day   [  95% ] 013/100 VUs  09m27.9s/10m0s  1.08 iters/s

running (09m28.9s), 013/100 VUs, 1770 complete and 0 interrupted iterations
normal_day   [  95% ] 013/100 VUs  09m28.9s/10m0s  1.05 iters/s

running (09m29.9s), 014/100 VUs, 1770 complete and 0 interrupted iterations
normal_day   [  95% ] 014/100 VUs  09m29.9s/10m0s  1.02 iters/s

running (09m30.9s), 015/100 VUs, 1770 complete and 0 interrupted iterations
normal_day   [  95% ] 015/100 VUs  09m30.9s/10m0s  0.98 iters/s

running (09m31.9s), 012/100 VUs, 1774 complete and 0 interrupted iterations
normal_day   [  95% ] 012/100 VUs  09m31.9s/10m0s  0.95 iters/s

running (09m32.9s), 013/100 VUs, 1774 complete and 0 interrupted iterations
normal_day   [  95% ] 013/100 VUs  09m32.9s/10m0s  0.91 iters/s

running (09m33.9s), 014/100 VUs, 1774 complete and 0 interrupted iterations
normal_day   [  96% ] 014/100 VUs  09m33.9s/10m0s  0.88 iters/s

running (09m34.9s), 013/100 VUs, 1776 complete and 0 interrupted iterations
normal_day   [  96% ] 013/100 VUs  09m34.9s/10m0s  0.84 iters/s

running (09m35.9s), 014/100 VUs, 1776 complete and 0 interrupted iterations
normal_day   [  96% ] 014/100 VUs  09m35.9s/10m0s  0.80 iters/s

running (09m36.9s), 011/100 VUs, 1780 complete and 0 interrupted iterations
normal_day   [  96% ] 011/100 VUs  09m36.9s/10m0s  0.75 iters/s

running (09m37.9s), 009/100 VUs, 1782 complete and 0 interrupted iterations
normal_day   [  96% ] 009/100 VUs  09m37.9s/10m0s  0.75 iters/s

running (09m38.9s), 008/100 VUs, 1784 complete and 0 interrupted iterations
normal_day   [  96% ] 008/100 VUs  09m38.9s/10m0s  0.71 iters/s

running (09m39.9s), 009/100 VUs, 1784 complete and 0 interrupted iterations
normal_day   [  97% ] 009/100 VUs  09m39.9s/10m0s  0.66 iters/s

running (09m40.9s), 009/100 VUs, 1784 complete and 0 interrupted iterations
normal_day   [  97% ] 009/100 VUs  09m40.9s/10m0s  0.66 iters/s

running (09m41.9s), 009/100 VUs, 1785 complete and 0 interrupted iterations
normal_day   [  97% ] 009/100 VUs  09m41.9s/10m0s  0.60 iters/s

running (09m42.9s), 010/100 VUs, 1785 complete and 0 interrupted iterations
normal_day   [  97% ] 010/100 VUs  09m42.9s/10m0s  0.55 iters/s

running (09m43.9s), 010/100 VUs, 1785 complete and 0 interrupted iterations
normal_day   [  97% ] 010/100 VUs  09m43.9s/10m0s  0.55 iters/s

running (09m44.9s), 011/100 VUs, 1785 complete and 0 interrupted iterations
normal_day   [  97% ] 011/100 VUs  09m44.9s/10m0s  0.48 iters/s

running (09m45.9s), 011/100 VUs, 1785 complete and 0 interrupted iterations
normal_day   [  98% ] 011/100 VUs  09m45.9s/10m0s  0.48 iters/s

running (09m46.9s), 011/100 VUs, 1786 complete and 0 interrupted iterations
normal_day   [  98% ] 011/100 VUs  09m46.9s/10m0s  0.41 iters/s

running (09m47.9s), 010/100 VUs, 1787 complete and 0 interrupted iterations
normal_day   [  98% ] 010/100 VUs  09m47.9s/10m0s  0.41 iters/s

running (09m48.9s), 006/100 VUs, 1791 complete and 0 interrupted iterations
normal_day   [  98% ] 006/100 VUs  09m48.9s/10m0s  0.41 iters/s

running (09m49.9s), 007/100 VUs, 1791 complete and 0 interrupted iterations
normal_day   [  98% ] 007/100 VUs  09m49.9s/10m0s  0.31 iters/s

running (09m50.9s), 006/100 VUs, 1792 complete and 0 interrupted iterations
normal_day   [  98% ] 006/100 VUs  09m50.9s/10m0s  0.31 iters/s

running (09m51.9s), 006/100 VUs, 1792 complete and 0 interrupted iterations
normal_day   [  99% ] 006/100 VUs  09m51.9s/10m0s  0.31 iters/s

running (09m52.9s), 007/100 VUs, 1792 complete and 0 interrupted iterations
normal_day   [  99% ] 007/100 VUs  09m52.9s/10m0s  0.13 iters/s

running (09m53.9s), 006/100 VUs, 1793 complete and 0 interrupted iterations
normal_day   [  99% ] 006/100 VUs  09m53.9s/10m0s  0.13 iters/s

running (09m54.9s), 006/100 VUs, 1793 complete and 0 interrupted iterations
normal_day   [  99% ] 006/100 VUs  09m54.9s/10m0s  0.13 iters/s

running (09m55.9s), 005/100 VUs, 1794 complete and 0 interrupted iterations
normal_day   [  99% ] 005/100 VUs  09m55.9s/10m0s  0.13 iters/s

running (09m56.9s), 004/100 VUs, 1795 complete and 0 interrupted iterations
normal_day   [  99% ] 004/100 VUs  09m56.9s/10m0s  0.13 iters/s

running (09m57.9s), 004/100 VUs, 1795 complete and 0 interrupted iterations
normal_day   [ 100% ] 004/100 VUs  09m57.9s/10m0s  0.13 iters/s

running (09m58.9s), 003/100 VUs, 1796 complete and 0 interrupted iterations
normal_day   [ 100% ] 003/100 VUs  09m58.9s/10m0s  0.13 iters/s

running (09m59.9s), 003/100 VUs, 1796 complete and 0 interrupted iterations
normal_day   [ 100% ] 003/100 VUs  09m59.9s/10m0s  0.13 iters/s

running (10m00.9s), 003/100 VUs, 1796 complete and 0 interrupted iterations
normal_day ↓ [ 100% ] 003/100 VUs  10m0s  0.13 iters/s

running (10m01.9s), 002/100 VUs, 1797 complete and 0 interrupted iterations
normal_day ↓ [ 100% ] 003/100 VUs  10m0s  0.13 iters/s

running (10m02.9s), 001/100 VUs, 1798 complete and 0 interrupted iterations
normal_day ↓ [ 100% ] 003/100 VUs  10m0s  0.13 iters/s

running (10m03.9s), 001/100 VUs, 1798 complete and 0 interrupted iterations
normal_day ↓ [ 100% ] 003/100 VUs  10m0s  0.13 iters/s

running (10m04.9s), 001/100 VUs, 1798 complete and 0 interrupted iterations
normal_day ↓ [ 100% ] 003/100 VUs  10m0s  0.13 iters/s

running (10m05.9s), 001/100 VUs, 1798 complete and 0 interrupted iterations
normal_day ↓ [ 100% ] 003/100 VUs  10m0s  0.13 iters/s
[32m     ✓ login 200[0m
[32m     ✓ chat rooms 200[0m
[32m     ✓ chat messages 200[0m
[32m     ✓ post detail 200[0m
[32m     ✓ chat read 200[0m
[32m     ✓ post reaction 2xx[0m
[32m     ✓ unread count 200[0m
[32m     ✓ logout 200[0m
[32m     ✓ board list 200[0m
[32m     ✓ ws handshake 101[0m
[32m     ✓ hot daily 200[0m
[32m     ✓ post list 200[0m
[32m     ✓ comment list 200[0m
[32m     ✓ post search 200[0m
[32m     ✓ notif list 200[0m
[32m     ✓ meal today 200[0m
[32m     ✓ timetable today 200[0m
[32m     ✓ read all 200[0m
[32m     ✓ post create 2xx[0m
[32m     ✓ scrap 2xx[0m
[32m     ✓ comment create 2xx[0m
[32m     ✓ friend list 200[0m
[32m     ✓ post update 200[0m
[32m     ✓ post delete 200[0m
[32m     ✓ received reqs 200[0m
[32m     ✓ read one 200[0m
[32m     ✓ user info 200[0m
[32m     ✓ my posts 200[0m
[32m     ✓ refresh 200[0m
[32m     ✓ comment reaction 200[0m
[32m     ✓ meal month 200[0m

     auth_token_refreshes[2m...........:[0m [36m20[0m      [36;2m0.032974/s[0m
     chat_ws_messages_sent[2m..........:[0m [36m586[0m     [36;2m0.966149/s[0m
     chat_ws_rtt[2m....................:[0m avg=[36m27.83ms[0m  min=[36m14ms[0m    med=[36m24ms[0m     max=[36m288ms[0m    p(90)=[36m37ms[0m     p(95)=[36m42ms[0m     p(99)=[36m80.59ms[0m 
     checks[2m.........................:[0m [36m100.00%[0m [36;2m✓ 7762[0m      [36;2m✗ 0[0m    
     [32m✓[0m { phase:measure }[2m............:[0m [36m100.00%[0m [36;2m✓ 5145[0m      [36;2m✗ 0[0m    
     [32m✓[0m { phase:rampdown }[2m...........:[0m [36m100.00%[0m [36;2m✓ 1120[0m      [36;2m✗ 0[0m    
     [32m✓[0m { phase:warmup }[2m.............:[0m [36m100.00%[0m [36;2m✓ 1497[0m      [36;2m✗ 0[0m    
     data_received[2m..................:[0m [36m330 MB[0m  [36;2m544 kB/s[0m
     data_sent[2m......................:[0m [36m3.2 MB[0m  [36;2m5.2 kB/s[0m
     http_req_blocked[2m...............:[0m avg=[36m18.08µs[0m  min=[36m1.74µs[0m  med=[36m5.72µs[0m   max=[36m21.17ms[0m  p(90)=[36m15.87µs[0m  p(95)=[36m18.42µs[0m  p(99)=[36m275.64µs[0m
     http_req_connecting[2m............:[0m avg=[36m7.54µs[0m   min=[36m0s[0m      med=[36m0s[0m       max=[36m21.04ms[0m  p(90)=[36m0s[0m       p(95)=[36m0s[0m       p(99)=[36m183.57µs[0m
     http_req_duration[2m..............:[0m avg=[36m83.01ms[0m  min=[36m2.02ms[0m  med=[36m7.66ms[0m   max=[36m19.35s[0m   p(90)=[36m85.74ms[0m  p(95)=[36m402.68ms[0m p(99)=[36m2.07s[0m   
       { expected_response:true }[2m...:[0m avg=[36m83.01ms[0m  min=[36m2.02ms[0m  med=[36m7.66ms[0m   max=[36m19.35s[0m   p(90)=[36m85.74ms[0m  p(95)=[36m402.68ms[0m p(99)=[36m2.07s[0m   
     [32m✓[0m { feature:auth }[2m.............:[0m avg=[36m132.55ms[0m min=[36m14.76ms[0m med=[36m92.81ms[0m  max=[36m1.03s[0m    p(90)=[36m329.38ms[0m p(95)=[36m554.69ms[0m p(99)=[36m743.4ms[0m 
     [32m✓[0m { feature:board }[2m............:[0m avg=[36m5.97ms[0m   min=[36m2.14ms[0m  med=[36m3.51ms[0m   max=[36m279.28ms[0m p(90)=[36m9.66ms[0m   p(95)=[36m10.99ms[0m  p(99)=[36m21.11ms[0m 
     [32m✓[0m { feature:chat }[2m.............:[0m avg=[36m8.71ms[0m   min=[36m2.24ms[0m  med=[36m5.26ms[0m   max=[36m201.23ms[0m p(90)=[36m13.72ms[0m  p(95)=[36m15.51ms[0m  p(99)=[36m92.68ms[0m 
     [32m✓[0m { feature:comment }[2m..........:[0m avg=[36m394.81ms[0m min=[36m2.12ms[0m  med=[36m56.17ms[0m  max=[36m19.35s[0m   p(90)=[36m1.26s[0m    p(95)=[36m2.09s[0m    p(99)=[36m2.39s[0m   
     [32m✓[0m { feature:friend }[2m...........:[0m avg=[36m5.8ms[0m    min=[36m2.64ms[0m  med=[36m4.41ms[0m   max=[36m17.51ms[0m  p(90)=[36m11.27ms[0m  p(95)=[36m12.04ms[0m  p(99)=[36m16.26ms[0m 
     [32m✓[0m { feature:hot }[2m..............:[0m avg=[36m18.17ms[0m  min=[36m9.04ms[0m  med=[36m13.1ms[0m   max=[36m404.72ms[0m p(90)=[36m26.68ms[0m  p(95)=[36m29.41ms[0m  p(99)=[36m99.74ms[0m 
     [32m✓[0m { feature:mypage }[2m...........:[0m avg=[36m4.79ms[0m   min=[36m2.57ms[0m  med=[36m3.75ms[0m   max=[36m13.09ms[0m  p(90)=[36m8.62ms[0m   p(95)=[36m10.35ms[0m  p(99)=[36m12.88ms[0m 
     [32m✓[0m { feature:notification }[2m.....:[0m avg=[36m12.16ms[0m  min=[36m2.15ms[0m  med=[36m8.07ms[0m   max=[36m324.42ms[0m p(90)=[36m19.42ms[0m  p(95)=[36m24.95ms[0m  p(99)=[36m125.66ms[0m
     [32m✓[0m { feature:post }[2m.............:[0m avg=[36m10.42ms[0m  min=[36m2.02ms[0m  med=[36m5.54ms[0m   max=[36m1s[0m       p(90)=[36m16.6ms[0m   p(95)=[36m28.02ms[0m  p(99)=[36m52.73ms[0m 
     [32m✓[0m { feature:reaction }[2m.........:[0m avg=[36m27.55ms[0m  min=[36m15.96ms[0m med=[36m23.67ms[0m  max=[36m143.93ms[0m p(90)=[36m38.15ms[0m  p(95)=[36m46.77ms[0m  p(99)=[36m73.27ms[0m 
     [32m✓[0m { feature:school }[2m...........:[0m avg=[36m5.56ms[0m   min=[36m2.79ms[0m  med=[36m3.81ms[0m   max=[36m29.03ms[0m  p(90)=[36m10.35ms[0m  p(95)=[36m11.83ms[0m  p(99)=[36m19.26ms[0m 
     [32m✓[0m { feature:scrap }[2m............:[0m avg=[36m25.19ms[0m  min=[36m14.76ms[0m med=[36m23.43ms[0m  max=[36m45.14ms[0m  p(90)=[36m35ms[0m     p(95)=[36m36.63ms[0m  p(99)=[36m44.46ms[0m 
     [32m✓[0m { feature:timetable }[2m........:[0m avg=[36m8.28ms[0m   min=[36m2.28ms[0m  med=[36m3.34ms[0m   max=[36m230.01ms[0m p(90)=[36m6.12ms[0m   p(95)=[36m9.24ms[0m   p(99)=[36m118.17ms[0m
     [32m✓[0m { op:auth }[2m..................:[0m avg=[36m132.55ms[0m min=[36m14.76ms[0m med=[36m92.81ms[0m  max=[36m1.03s[0m    p(90)=[36m329.38ms[0m p(95)=[36m554.69ms[0m p(99)=[36m743.4ms[0m 
     [31m✗[0m { op:read,phase:measure }[2m....:[0m avg=[36m78.38ms[0m  min=[36m2.02ms[0m  med=[36m5.89ms[0m   max=[36m2.62s[0m    p(90)=[36m58ms[0m     p(95)=[36m445.6ms[0m  p(99)=[36m2.06s[0m   
     [32m✓[0m { op:write,phase:measure }[2m...:[0m avg=[36m21.53ms[0m  min=[36m2.64ms[0m  med=[36m20.15ms[0m  max=[36m73.61ms[0m  p(90)=[36m36.44ms[0m  p(95)=[36m40.77ms[0m  p(99)=[36m50.58ms[0m 
     [32m✓[0m { page:0 }[2m...................:[0m avg=[36m16.3ms[0m   min=[36m2.12ms[0m  med=[36m3.47ms[0m   max=[36m938.99ms[0m p(90)=[36m34.77ms[0m  p(95)=[36m41.13ms[0m  p(99)=[36m149.73ms[0m
     [32m✓[0m { page:1 }[2m...................:[0m avg=[36m8.16ms[0m   min=[36m2.05ms[0m  med=[36m3.52ms[0m   max=[36m67.65ms[0m  p(90)=[36m31.06ms[0m  p(95)=[36m37.64ms[0m  p(99)=[36m50.07ms[0m 
     [32m✓[0m { page:2 }[2m...................:[0m avg=[36m16.16ms[0m  min=[36m2.08ms[0m  med=[36m3.88ms[0m   max=[36m525.18ms[0m p(90)=[36m35.55ms[0m  p(95)=[36m42.59ms[0m  p(99)=[36m163.25ms[0m
     [32m✓[0m { page:3 }[2m...................:[0m avg=[36m8.49ms[0m   min=[36m2.34ms[0m  med=[36m3.33ms[0m   max=[36m90.04ms[0m  p(90)=[36m10.63ms[0m  p(95)=[36m41.49ms[0m  p(99)=[36m70.73ms[0m 
     [32m✓[0m { page:4 }[2m...................:[0m avg=[36m9ms[0m      min=[36m2.02ms[0m  med=[36m3.44ms[0m   max=[36m49.5ms[0m   p(90)=[36m26.32ms[0m  p(95)=[36m42.51ms[0m  p(99)=[36m49ms[0m    
     [32m✓[0m { phase:measure }[2m............:[0m avg=[36m73.62ms[0m  min=[36m2.02ms[0m  med=[36m6.48ms[0m   max=[36m2.62s[0m    p(90)=[36m47.43ms[0m  p(95)=[36m375.54ms[0m p(99)=[36m2.01s[0m   
     [32m✓[0m { phase:rampdown }[2m...........:[0m avg=[36m74.75ms[0m  min=[36m2.12ms[0m  med=[36m7.89ms[0m   max=[36m2.56s[0m    p(90)=[36m48.31ms[0m  p(95)=[36m386.19ms[0m p(99)=[36m1.83s[0m   
     [32m✓[0m { phase:warmup }[2m.............:[0m avg=[36m121.42ms[0m min=[36m2.69ms[0m  med=[36m11.62ms[0m  max=[36m19.35s[0m   p(90)=[36m136.41ms[0m p(95)=[36m524.29ms[0m p(99)=[36m2.26s[0m   
     http_req_failed[2m................:[0m [36m0.00%[0m   [36;2m✓ 0[0m         [36;2m✗ 7659[0m 
     [32m✓[0m { phase:measure }[2m............:[0m [36m0.00%[0m   [36;2m✓ 0[0m         [36;2m✗ 5083[0m 
     [32m✓[0m { phase:rampdown }[2m...........:[0m [36m0.00%[0m   [36;2m✓ 0[0m         [36;2m✗ 1098[0m 
     [32m✓[0m { phase:warmup }[2m.............:[0m [36m0.00%[0m   [36;2m✓ 0[0m         [36;2m✗ 1478[0m 
     http_req_receiving[2m.............:[0m avg=[36m624.46µs[0m min=[36m18.91µs[0m med=[36m190.98µs[0m max=[36m223.4ms[0m  p(90)=[36m599.65µs[0m p(95)=[36m2.07ms[0m   p(99)=[36m10.54ms[0m 
     http_req_sending[2m...............:[0m avg=[36m42.2µs[0m   min=[36m6.23µs[0m  med=[36m29.68µs[0m  max=[36m795.71µs[0m p(90)=[36m92.06µs[0m  p(95)=[36m112.92µs[0m p(99)=[36m176.99µs[0m
     http_req_tls_handshaking[2m.......:[0m avg=[36m0s[0m       min=[36m0s[0m      med=[36m0s[0m       max=[36m0s[0m       p(90)=[36m0s[0m       p(95)=[36m0s[0m       p(99)=[36m0s[0m      
     http_req_waiting[2m...............:[0m avg=[36m82.34ms[0m  min=[36m1.91ms[0m  med=[36m7.31ms[0m   max=[36m19.13s[0m   p(90)=[36m85.14ms[0m  p(95)=[36m398.99ms[0m p(99)=[36m2.05s[0m   
     http_reqs[2m......................:[0m [36m7659[0m    [36;2m12.627529/s[0m
     [32m✓[0m { feature:auth }[2m.............:[0m [36m166[0m     [36;2m0.273687/s[0m
     [32m✓[0m { feature:board }[2m............:[0m [36m712[0m     [36;2m1.173887/s[0m
     [32m✓[0m { feature:chat }[2m.............:[0m [36m559[0m     [36;2m0.921633/s[0m
     [32m✓[0m { feature:comment }[2m..........:[0m [36m1383[0m    [36;2m2.280177/s[0m
     [32m✓[0m { feature:friend }[2m...........:[0m [36m115[0m     [36;2m0.189603/s[0m
     [32m✓[0m { feature:hot }[2m..............:[0m [36m712[0m     [36;2m1.173887/s[0m
     [32m✓[0m { feature:mypage }[2m...........:[0m [36m54[0m      [36;2m0.089031/s[0m
     [32m✓[0m { feature:notification }[2m.....:[0m [36m316[0m     [36;2m0.520995/s[0m
     [32m✓[0m { feature:post }[2m.............:[0m [36m3322[0m    [36;2m5.47704/s[0m
     [32m✓[0m { feature:reaction }[2m.........:[0m [36m163[0m     [36;2m0.268741/s[0m
     [32m✓[0m { feature:school }[2m...........:[0m [36m64[0m      [36;2m0.105518/s[0m
     [32m✓[0m { feature:scrap }[2m............:[0m [36m41[0m      [36;2m0.067597/s[0m
     [32m✓[0m { feature:timetable }[2m........:[0m [36m52[0m      [36;2m0.085733/s[0m
     [32m✓[0m { op:auth }[2m..................:[0m [36m166[0m     [36;2m0.273687/s[0m
     [32m✓[0m { op:read }[2m..................:[0m [36m6882[0m    [36;2m11.346475/s[0m
     [32m✓[0m { op:write }[2m.................:[0m [36m611[0m     [36;2m1.007367/s[0m
     [32m✓[0m { page:0 }[2m...................:[0m [36m395[0m     [36;2m0.651243/s[0m
     [32m✓[0m { page:1 }[2m...................:[0m [36m148[0m     [36;2m0.24401/s[0m
     [32m✓[0m { page:2 }[2m...................:[0m [36m78[0m      [36;2m0.1286/s[0m
     [32m✓[0m { page:3 }[2m...................:[0m [36m46[0m      [36;2m0.075841/s[0m
     [32m✓[0m { page:4 }[2m...................:[0m [36m45[0m      [36;2m0.074192/s[0m
     [32m✓[0m { phase:measure }[2m............:[0m [36m5083[0m    [36;2m8.380432/s[0m
     [32m✓[0m { phase:rampdown }[2m...........:[0m [36m1098[0m    [36;2m1.810292/s[0m
     [32m✓[0m { phase:warmup }[2m.............:[0m [36m1478[0m    [36;2m2.436805/s[0m
     iteration_duration[2m.............:[0m avg=[36m10.07s[0m   min=[36m1.02s[0m   med=[36m7.85s[0m    max=[36m33.5s[0m    p(90)=[36m19.29s[0m   p(95)=[36m21.62s[0m   p(99)=[36m27.06s[0m  
     iterations[2m.....................:[0m [36m1799[0m    [36;2m2.966043/s[0m
     [32m✓[0m { phase:measure }[2m............:[0m [36m0[0m       [36;2m0/s[0m
     [32m✓[0m { phase:rampdown }[2m...........:[0m [36m0[0m       [36;2m0/s[0m
     [32m✓[0m { phase:warmup }[2m.............:[0m [36m0[0m       [36;2m0/s[0m
     phase_iterations[2m...............:[0m [36m1799[0m    [36;2m2.966043/s[0m
     [32m✓[0m { phase:measure }[2m............:[0m [36m1193[0m    [36;2m1.96692/s[0m
     [32m✓[0m { phase:rampdown }[2m...........:[0m [36m285[0m     [36;2m0.469885/s[0m
     [32m✓[0m { phase:warmup }[2m.............:[0m [36m321[0m     [36;2m0.529238/s[0m
     vus[2m............................:[0m [36m1[0m       [36;2mmin=0[0m       [36;2mmax=49[0m 
     vus_max[2m........................:[0m [36m100[0m     [36;2mmin=100[0m     [36;2mmax=100[0m
     ws_connecting[2m..................:[0m avg=[36m5.07ms[0m   min=[36m2.14ms[0m  med=[36m3.07ms[0m   max=[36m90.08ms[0m  p(90)=[36m5.64ms[0m   p(95)=[36m6.32ms[0m   p(99)=[36m73.32ms[0m 
     ws_msgs_received[2m...............:[0m [36m689[0m     [36;2m1.135966/s[0m
     ws_msgs_sent[2m...................:[0m [36m792[0m     [36;2m1.305784/s[0m
     ws_session_duration[2m............:[0m avg=[36m22.55s[0m   min=[36m15.05s[0m  med=[36m23.14s[0m   max=[36m29.98s[0m   p(90)=[36m29.06s[0m   p(95)=[36m29.44s[0m   p(99)=[36m29.96s[0m  
     ws_sessions[2m....................:[0m [36m103[0m     [36;2m0.169818/s[0m
running (10m06.5s), 000/100 VUs, 1799 complete and 0 interrupted iterations
normal_day ✓ [ 100% ] 000/100 VUs  10m0s  0.13 iters/s
  호스트(Windows) 591표본 · CPU 12.2% (max 40.4) · 정규화성능 117.1% · vmmem 143.7% · 바쁜코어 2.4개 · 가용메모리 3398MB
  부하 중 벤치(warmup +60초, 3회 중앙값) · single 6062ms (유휴 대비 1.5%) · parallel 5356ms (유휴 대비 -18.6%) · ctxswitch 2540ms (유휴 대비 0.9%)

  실행 후 상태 sha256:4d456b450b99 — chat_messages.count +586, chat_messages.maxId +586, posts.maxId +109, posts.count +87, comments.count +84 (외 13개)
    (지문 제외 항목: posts.sumViewCount +2027, daily_hot_post.count +52)
Prometheus 스크레이프 대기 20초...

══════════════════════════════════════════════════════════════════════════
  Performance Report — normal-day   Run #118   ❌ FAIL
══════════════════════════════════════════════════════════════════════════
  환경 perf  |  브랜치 personal/localdocs  |  커밋 3e96d946  |  빌드 local
  시작 2026-08-20 20:58:03 KST  |  수행 10m 7s  |  VU max 100
  데이터셋 medium  |  부하 ramping-arrival-rate 0→4@3m0s→4@5m0s→0@2m0s maxVU 600

  ── 성능 (measure 구간) ─────────────────────────────────────────
  평균 74ms      P95 376ms     P99 2.01s    
  RPS  16.9      TPS 3.98      오류율 0.00%

  ── 인프라 ────────────────────────────────────────────────────────
  CPU  0.91 core (한계의 45%)   throttled 3.3%
  Heap 796 MB (78%)   GC max 95ms × 69회
  DB   slow 743  QPS 4,487  풀 20%  대기 0
  Redis hit 99.2%  ops 66.8/s  evicted 0

  ── 회귀 (기준: normal-day-2026-08-20T11-55-07) ────────────────
  ⚠  기준선은 당시 k6 threshold 미통과 실행입니다, 당시 Node 판정 FAIL.
     아래 증감률은 개선/악화 폭이며 현재 SLO 통과를 뜻하지 않습니다.
  ❌ P95 응답시간                   286ms → 376ms (+31.1%)
       직전 대비 +31.1% 악화 (허용 20%)
  ❌ P99 응답시간                   2.07s → 2.01s (-2.9%)
       2013 > 상한 1200
  ⚠️  CPU throttling 비율          4.2% → 3.3% (-20.3%)
       3.33 > 상한 1.00

  ── 병목 가설 ─────────────────────────────────────────────────────
  • CPU throttling 발생
    cgroup이 CPU를 강제 회수한 주기가 3.3%다. CPU 한계(2 core)를 올리거나 요청당 CPU 사용을 줄여야 p99가 안정된다.
  • HTTP 요청당 쿼리 수 과다
    요청 1건당 평균 264.8개 쿼리가 실행됐다. N+1 패턴 가능성이 높다.
  • Slow Query 다발
    요청 1000건당 146.3건의 slow query(>100ms). 인덱스 또는 쿼리 계획 점검 대상.

  보고서 : reports\runs\normal-day-2026-08-20T12-08-10\report.html
  Grafana(전체 실행): http://localhost:3001/d/htd-perf-overview/highteenday-performance-overview?from=1787226963870&to=1787227810402
  Grafana(measure) : http://localhost:3001/d/htd-perf-overview/highteenday-performance-overview?from=1787227143870&to=1787227683870
══════════════════════════════════════════════════════════════════════════

  [3/4] p95 375.5ms · 평균 73.6ms · 서버측 71.6ms · 경로 2.0ms

──────── [4/4] 리셋 (restart) ────────

▶ k6 run scenarios/normal-day.js
  브랜치 personal/localdocs · 커밋 3e96d9463207 · 실행자 user@DESKTOP-DJJPASG
  환경 perf · "KI-27 Before-B (drift error bar, unchanged code) — repeatability 4/4"
  데이터셋 medium · 상태 sha256:4d456b450b99 (169ms)
  캐시 cold (키 0개)
  guard strict — 상태 불일치 시 스냅샷 복원 후 재확인 [perf.config.json]
    guard=strict — 스냅샷으로 복원합니다.
▶ 복원 — medium-20260816-062210 → perf-mysql-data-medium
  앱·MySQL 정지
  MySQL 기동
  Redis FLUSHALL (복원 후 캐시는 cold 다)
  앱 기동
  복원 후 상태 지문 sha256:ffe696d17416 = 스냅샷 일치

✅ 복원 완료 · 소요 4.9초 (압축 해제 구간)

  부하 발생기: 컨테이너 perf-k6 (grafana/k6:2.1.0, CPU 상한 4)
  k6 지표 전송: http://prometheus:9090/api/v1/write (native histogram, 5s 간격)
  환경 대조 벤치 실행 중(3축 3회, 약 40초)... single 5863ms · parallel 5152ms · ctxswitch 2543ms
  부하 중 벤치 예약: k6 시작 +60초 (warmup 구간, 3회)

         /\      Grafana   /‾‾/  
    /\  /  \     |\  __   /  /   
   /  \/    \    | |/ /  /   ‾‾\ 
  /          \   |   (  |  (‾)  |
 / __________ \  |_|\_\  \_____/ 


     execution: local
        script: scenarios/normal-day.js
        output: Prometheus remote write (http://prometheus:9090/api/v1/write)

     scenarios: (100.00%) 1 scenario, 600 max VUs, 10m30s max duration (incl. graceful stop):
              * normal_day: Up to 4.00 iterations/s for 10m0s over 3 stages (maxVUs: 100-600, gracefulStop: 30s)


running (00m00.9s), 000/100 VUs, 0 complete and 0 interrupted iterations
normal_day   [   0% ] 000/100 VUs  00m00.9s/10m0s  0.11 iters/s

running (00m01.9s), 000/100 VUs, 0 complete and 0 interrupted iterations
normal_day   [   0% ] 000/100 VUs  00m01.9s/10m0s  0.11 iters/s

running (00m02.9s), 000/100 VUs, 0 complete and 0 interrupted iterations
normal_day   [   0% ] 000/100 VUs  00m02.9s/10m0s  0.11 iters/s

running (00m03.9s), 000/100 VUs, 0 complete and 0 interrupted iterations
normal_day   [   1% ] 000/100 VUs  00m03.9s/10m0s  0.11 iters/s

running (00m04.9s), 000/100 VUs, 0 complete and 0 interrupted iterations
normal_day   [   1% ] 000/100 VUs  00m04.9s/10m0s  0.11 iters/s

running (00m05.9s), 000/100 VUs, 0 complete and 0 interrupted iterations
normal_day   [   1% ] 000/100 VUs  00m05.9s/10m0s  0.11 iters/s

running (00m06.9s), 000/100 VUs, 0 complete and 0 interrupted iterations
normal_day   [   1% ] 000/100 VUs  00m06.9s/10m0s  0.11 iters/s

running (00m07.9s), 000/100 VUs, 0 complete and 0 interrupted iterations
normal_day   [   1% ] 000/100 VUs  00m07.9s/10m0s  0.11 iters/s

running (00m08.9s), 000/100 VUs, 0 complete and 0 interrupted iterations
normal_day   [   1% ] 000/100 VUs  00m08.9s/10m0s  0.11 iters/s

running (00m09.9s), 001/100 VUs, 0 complete and 0 interrupted iterations
normal_day   [   2% ] 001/100 VUs  00m09.9s/10m0s  0.25 iters/s

running (00m10.9s), 001/100 VUs, 0 complete and 0 interrupted iterations
normal_day   [   2% ] 001/100 VUs  00m10.9s/10m0s  0.25 iters/s

running (00m11.9s), 001/100 VUs, 0 complete and 0 interrupted iterations
normal_day   [   2% ] 001/100 VUs  00m11.9s/10m0s  0.25 iters/s

running (00m12.9s), 001/100 VUs, 0 complete and 0 interrupted iterations
normal_day   [   2% ] 001/100 VUs  00m12.9s/10m0s  0.25 iters/s

running (00m13.9s), 002/100 VUs, 0 complete and 0 interrupted iterations
normal_day   [   2% ] 002/100 VUs  00m13.9s/10m0s  0.33 iters/s

running (00m14.9s), 002/100 VUs, 0 complete and 0 interrupted iterations
normal_day   [   2% ] 002/100 VUs  00m14.9s/10m0s  0.33 iters/s

running (00m15.9s), 002/100 VUs, 0 complete and 0 interrupted iterations
normal_day   [   3% ] 002/100 VUs  00m15.9s/10m0s  0.33 iters/s

running (00m16.9s), 003/100 VUs, 0 complete and 0 interrupted iterations
normal_day   [   3% ] 003/100 VUs  00m16.9s/10m0s  0.39 iters/s

running (00m17.9s), 003/100 VUs, 0 complete and 0 interrupted iterations
normal_day   [   3% ] 003/100 VUs  00m17.9s/10m0s  0.39 iters/s

running (00m18.9s), 003/100 VUs, 0 complete and 0 interrupted iterations
normal_day   [   3% ] 003/100 VUs  00m18.9s/10m0s  0.39 iters/s

running (00m19.9s), 004/100 VUs, 0 complete and 0 interrupted iterations
normal_day   [   3% ] 004/100 VUs  00m19.9s/10m0s  0.45 iters/s

running (00m20.9s), 004/100 VUs, 0 complete and 0 interrupted iterations
normal_day   [   3% ] 004/100 VUs  00m20.9s/10m0s  0.45 iters/s

running (00m21.9s), 003/100 VUs, 2 complete and 0 interrupted iterations
normal_day   [   4% ] 003/100 VUs  00m21.9s/10m0s  0.49 iters/s

running (00m22.9s), 003/100 VUs, 2 complete and 0 interrupted iterations
normal_day   [   4% ] 003/100 VUs  00m22.9s/10m0s  0.49 iters/s

running (00m23.9s), 004/100 VUs, 2 complete and 0 interrupted iterations
normal_day   [   4% ] 004/100 VUs  00m23.9s/10m0s  0.54 iters/s

running (00m24.9s), 004/100 VUs, 2 complete and 0 interrupted iterations
normal_day   [   4% ] 004/100 VUs  00m24.9s/10m0s  0.54 iters/s

running (00m25.9s), 004/100 VUs, 3 complete and 0 interrupted iterations
normal_day   [   4% ] 004/100 VUs  00m25.9s/10m0s  0.58 iters/s

running (00m26.9s), 005/100 VUs, 3 complete and 0 interrupted iterations
normal_day   [   4% ] 005/100 VUs  00m26.9s/10m0s  0.61 iters/s

running (00m27.9s), 005/100 VUs, 3 complete and 0 interrupted iterations
normal_day   [   5% ] 005/100 VUs  00m27.9s/10m0s  0.61 iters/s

running (00m28.9s), 006/100 VUs, 3 complete and 0 interrupted iterations
normal_day   [   5% ] 006/100 VUs  00m28.9s/10m0s  0.65 iters/s

running (00m29.9s), 006/100 VUs, 3 complete and 0 interrupted iterations
normal_day   [   5% ] 006/100 VUs  00m29.9s/10m0s  0.65 iters/s

running (00m30.9s), 007/100 VUs, 3 complete and 0 interrupted iterations
normal_day   [   5% ] 007/100 VUs  00m30.9s/10m0s  0.68 iters/s

running (00m31.9s), 008/100 VUs, 3 complete and 0 interrupted iterations
normal_day   [   5% ] 008/100 VUs  00m31.9s/10m0s  0.71 iters/s

running (00m32.9s), 007/100 VUs, 5 complete and 0 interrupted iterations
normal_day   [   5% ] 007/100 VUs  00m32.9s/10m0s  0.75 iters/s

running (00m33.9s), 007/100 VUs, 5 complete and 0 interrupted iterations
normal_day   [   6% ] 007/100 VUs  00m33.9s/10m0s  0.75 iters/s

running (00m34.9s), 007/100 VUs, 6 complete and 0 interrupted iterations
normal_day   [   6% ] 007/100 VUs  00m34.9s/10m0s  0.77 iters/s

running (00m35.9s), 008/100 VUs, 6 complete and 0 interrupted iterations
normal_day   [   6% ] 008/100 VUs  00m35.9s/10m0s  0.80 iters/s

running (00m36.9s), 009/100 VUs, 6 complete and 0 interrupted iterations
normal_day   [   6% ] 009/100 VUs  00m36.9s/10m0s  0.83 iters/s

running (00m37.9s), 009/100 VUs, 6 complete and 0 interrupted iterations
normal_day   [   6% ] 009/100 VUs  00m37.9s/10m0s  0.83 iters/s

running (00m38.9s), 010/100 VUs, 6 complete and 0 interrupted iterations
normal_day   [   6% ] 010/100 VUs  00m38.9s/10m0s  0.86 iters/s

running (00m39.9s), 010/100 VUs, 7 complete and 0 interrupted iterations
normal_day   [   7% ] 010/100 VUs  00m39.9s/10m0s  0.88 iters/s

running (00m40.9s), 011/100 VUs, 7 complete and 0 interrupted iterations
normal_day   [   7% ] 011/100 VUs  00m40.9s/10m0s  0.91 iters/s

running (00m41.9s), 010/100 VUs, 9 complete and 0 interrupted iterations
normal_day   [   7% ] 010/100 VUs  00m41.9s/10m0s  0.93 iters/s

running (00m42.9s), 011/100 VUs, 9 complete and 0 interrupted iterations
normal_day   [   7% ] 011/100 VUs  00m42.9s/10m0s  0.95 iters/s

running (00m43.9s), 012/100 VUs, 9 complete and 0 interrupted iterations
normal_day   [   7% ] 012/100 VUs  00m43.9s/10m0s  0.98 iters/s

running (00m44.9s), 011/100 VUs, 11 complete and 0 interrupted iterations
normal_day   [   7% ] 011/100 VUs  00m44.9s/10m0s  1.00 iters/s

running (00m45.9s), 011/100 VUs, 12 complete and 0 interrupted iterations
normal_day   [   8% ] 011/100 VUs  00m45.9s/10m0s  1.02 iters/s

running (00m46.9s), 012/100 VUs, 12 complete and 0 interrupted iterations
normal_day   [   8% ] 012/100 VUs  00m46.9s/10m0s  1.04 iters/s

running (00m47.9s), 011/100 VUs, 14 complete and 0 interrupted iterations
normal_day   [   8% ] 011/100 VUs  00m47.9s/10m0s  1.06 iters/s

running (00m48.9s), 011/100 VUs, 15 complete and 0 interrupted iterations
normal_day   [   8% ] 011/100 VUs  00m48.9s/10m0s  1.09 iters/s

running (00m49.9s), 012/100 VUs, 15 complete and 0 interrupted iterations
normal_day   [   8% ] 012/100 VUs  00m49.9s/10m0s  1.11 iters/s

running (00m50.9s), 013/100 VUs, 15 complete and 0 interrupted iterations
normal_day   [   8% ] 013/100 VUs  00m50.9s/10m0s  1.13 iters/s

running (00m51.9s), 012/100 VUs, 17 complete and 0 interrupted iterations
normal_day   [   9% ] 012/100 VUs  00m51.9s/10m0s  1.14 iters/s

running (00m52.9s), 014/100 VUs, 17 complete and 0 interrupted iterations
normal_day   [   9% ] 014/100 VUs  00m52.9s/10m0s  1.18 iters/s

running (00m53.9s), 011/100 VUs, 21 complete and 0 interrupted iterations
normal_day   [   9% ] 011/100 VUs  00m53.9s/10m0s  1.20 iters/s

running (00m54.9s), 011/100 VUs, 22 complete and 0 interrupted iterations
normal_day   [   9% ] 011/100 VUs  00m54.9s/10m0s  1.22 iters/s

running (00m55.9s), 011/100 VUs, 23 complete and 0 interrupted iterations
normal_day   [   9% ] 011/100 VUs  00m55.9s/10m0s  1.24 iters/s

running (00m56.9s), 009/100 VUs, 26 complete and 0 interrupted iterations
normal_day   [   9% ] 009/100 VUs  00m56.9s/10m0s  1.26 iters/s

running (00m57.9s), 011/100 VUs, 26 complete and 0 interrupted iterations
normal_day   [  10% ] 011/100 VUs  00m57.9s/10m0s  1.29 iters/s

running (00m58.9s), 012/100 VUs, 26 complete and 0 interrupted iterations
normal_day   [  10% ] 012/100 VUs  00m58.9s/10m0s  1.31 iters/s

running (00m59.9s), 013/100 VUs, 26 complete and 0 interrupted iterations
normal_day   [  10% ] 013/100 VUs  00m59.9s/10m0s  1.32 iters/s

running (01m00.9s), 013/100 VUs, 28 complete and 0 interrupted iterations
normal_day   [  10% ] 013/100 VUs  01m00.9s/10m0s  1.36 iters/s

running (01m01.9s), 013/100 VUs, 29 complete and 0 interrupted iterations
normal_day   [  10% ] 013/100 VUs  01m01.9s/10m0s  1.37 iters/s

running (01m02.9s), 011/100 VUs, 32 complete and 0 interrupted iterations
normal_day   [  10% ] 011/100 VUs  01m02.9s/10m0s  1.39 iters/s

running (01m03.9s), 013/100 VUs, 32 complete and 0 interrupted iterations
normal_day   [  11% ] 013/100 VUs  01m03.9s/10m0s  1.42 iters/s

running (01m04.9s), 012/100 VUs, 34 complete and 0 interrupted iterations
normal_day   [  11% ] 012/100 VUs  01m04.9s/10m0s  1.44 iters/s

running (01m05.9s), 013/100 VUs, 35 complete and 0 interrupted iterations
normal_day   [  11% ] 013/100 VUs  01m05.9s/10m0s  1.47 iters/s

running (01m06.9s), 014/100 VUs, 35 complete and 0 interrupted iterations
normal_day   [  11% ] 014/100 VUs  01m06.9s/10m0s  1.48 iters/s

running (01m07.9s), 016/100 VUs, 35 complete and 0 interrupted iterations
normal_day   [  11% ] 016/100 VUs  01m07.9s/10m0s  1.51 iters/s

running (01m08.9s), 016/100 VUs, 36 complete and 0 interrupted iterations
normal_day   [  11% ] 016/100 VUs  01m08.9s/10m0s  1.53 iters/s

running (01m09.9s), 018/100 VUs, 36 complete and 0 interrupted iterations
normal_day   [  12% ] 018/100 VUs  01m09.9s/10m0s  1.56 iters/s

running (01m10.9s), 017/100 VUs, 38 complete and 0 interrupted iterations
normal_day   [  12% ] 017/100 VUs  01m10.9s/10m0s  1.57 iters/s

running (01m11.9s), 017/100 VUs, 40 complete and 0 interrupted iterations
normal_day   [  12% ] 017/100 VUs  01m11.9s/10m0s  1.60 iters/s

running (01m12.9s), 017/100 VUs, 42 complete and 0 interrupted iterations
normal_day   [  12% ] 017/100 VUs  01m12.9s/10m0s  1.63 iters/s

running (01m13.9s), 015/100 VUs, 45 complete and 0 interrupted iterations
normal_day   [  12% ] 015/100 VUs  01m13.9s/10m0s  1.64 iters/s

running (01m14.9s), 016/100 VUs, 46 complete and 0 interrupted iterations
normal_day   [  12% ] 016/100 VUs  01m14.9s/10m0s  1.67 iters/s

running (01m15.9s), 015/100 VUs, 48 complete and 0 interrupted iterations
normal_day   [  13% ] 015/100 VUs  01m15.9s/10m0s  1.68 iters/s

running (01m16.9s), 015/100 VUs, 50 complete and 0 interrupted iterations
normal_day   [  13% ] 015/100 VUs  01m16.9s/10m0s  1.71 iters/s

running (01m17.9s), 015/100 VUs, 52 complete and 0 interrupted iterations
normal_day   [  13% ] 015/100 VUs  01m17.9s/10m0s  1.73 iters/s

running (01m18.9s), 017/100 VUs, 52 complete and 0 interrupted iterations
normal_day   [  13% ] 017/100 VUs  01m18.9s/10m0s  1.76 iters/s

running (01m19.9s), 016/100 VUs, 54 complete and 0 interrupted iterations
normal_day   [  13% ] 016/100 VUs  01m19.9s/10m0s  1.77 iters/s

running (01m20.9s), 018/100 VUs, 54 complete and 0 interrupted iterations
normal_day   [  13% ] 018/100 VUs  01m20.9s/10m0s  1.80 iters/s

running (01m21.9s), 019/100 VUs, 55 complete and 0 interrupted iterations
normal_day   [  14% ] 019/100 VUs  01m21.9s/10m0s  1.82 iters/s

running (01m22.9s), 019/100 VUs, 57 complete and 0 interrupted iterations
normal_day   [  14% ] 019/100 VUs  01m22.9s/10m0s  1.84 iters/s

running (01m23.9s), 018/100 VUs, 60 complete and 0 interrupted iterations
normal_day   [  14% ] 018/100 VUs  01m23.9s/10m0s  1.87 iters/s

running (01m24.9s), 018/100 VUs, 62 complete and 0 interrupted iterations
normal_day   [  14% ] 018/100 VUs  01m24.9s/10m0s  1.89 iters/s

running (01m25.9s), 017/100 VUs, 64 complete and 0 interrupted iterations
normal_day   [  14% ] 017/100 VUs  01m25.9s/10m0s  1.90 iters/s

running (01m26.9s), 017/100 VUs, 66 complete and 0 interrupted iterations
normal_day   [  14% ] 017/100 VUs  01m26.9s/10m0s  1.93 iters/s

running (01m27.9s), 016/100 VUs, 69 complete and 0 interrupted iterations
normal_day   [  15% ] 016/100 VUs  01m27.9s/10m0s  1.95 iters/s

running (01m28.9s), 016/100 VUs, 71 complete and 0 interrupted iterations
normal_day   [  15% ] 016/100 VUs  01m28.9s/10m0s  1.97 iters/s

running (01m29.9s), 015/100 VUs, 74 complete and 0 interrupted iterations
normal_day   [  15% ] 015/100 VUs  01m29.9s/10m0s  1.99 iters/s

running (01m30.9s), 012/100 VUs, 79 complete and 0 interrupted iterations
normal_day   [  15% ] 012/100 VUs  01m30.9s/10m0s  2.02 iters/s

running (01m31.9s), 012/100 VUs, 81 complete and 0 interrupted iterations
normal_day   [  15% ] 012/100 VUs  01m31.9s/10m0s  2.04 iters/s

running (01m32.9s), 014/100 VUs, 81 complete and 0 interrupted iterations
normal_day   [  15% ] 014/100 VUs  01m32.9s/10m0s  2.06 iters/s

running (01m33.9s), 011/100 VUs, 86 complete and 0 interrupted iterations
normal_day   [  16% ] 011/100 VUs  01m33.9s/10m0s  2.08 iters/s

running (01m34.9s), 013/100 VUs, 87 complete and 0 interrupted iterations
normal_day   [  16% ] 013/100 VUs  01m34.9s/10m0s  2.11 iters/s

running (01m35.9s), 015/100 VUs, 87 complete and 0 interrupted iterations
normal_day   [  16% ] 015/100 VUs  01m35.9s/10m0s  2.13 iters/s

running (01m36.9s), 015/100 VUs, 89 complete and 0 interrupted iterations
normal_day   [  16% ] 015/100 VUs  01m36.9s/10m0s  2.16 iters/s

running (01m37.9s), 015/100 VUs, 91 complete and 0 interrupted iterations
normal_day   [  16% ] 015/100 VUs  01m37.9s/10m0s  2.18 iters/s

running (01m38.9s), 015/100 VUs, 93 complete and 0 interrupted iterations
normal_day   [  16% ] 015/100 VUs  01m38.9s/10m0s  2.20 iters/s

running (01m39.9s), 015/100 VUs, 95 complete and 0 interrupted iterations
normal_day   [  17% ] 015/100 VUs  01m39.9s/10m0s  2.22 iters/s

running (01m40.9s), 016/100 VUs, 97 complete and 0 interrupted iterations
normal_day   [  17% ] 016/100 VUs  01m40.9s/10m0s  2.25 iters/s

running (01m41.9s), 016/100 VUs, 99 complete and 0 interrupted iterations
normal_day   [  17% ] 016/100 VUs  01m41.9s/10m0s  2.27 iters/s

running (01m42.9s), 017/100 VUs, 100 complete and 0 interrupted iterations
normal_day   [  17% ] 017/100 VUs  01m42.9s/10m0s  2.29 iters/s

running (01m43.9s), 017/100 VUs, 102 complete and 0 interrupted iterations
normal_day   [  17% ] 017/100 VUs  01m43.9s/10m0s  2.30 iters/s

running (01m44.9s), 019/100 VUs, 103 complete and 0 interrupted iterations
normal_day   [  17% ] 019/100 VUs  01m44.9s/10m0s  2.33 iters/s

running (01m45.9s), 021/100 VUs, 103 complete and 0 interrupted iterations
normal_day   [  18% ] 021/100 VUs  01m45.9s/10m0s  2.35 iters/s

running (01m46.9s), 022/100 VUs, 104 complete and 0 interrupted iterations
normal_day   [  18% ] 022/100 VUs  01m46.9s/10m0s  2.37 iters/s

running (01m47.9s), 023/100 VUs, 106 complete and 0 interrupted iterations
normal_day   [  18% ] 023/100 VUs  01m47.9s/10m0s  2.40 iters/s

running (01m48.9s), 023/100 VUs, 108 complete and 0 interrupted iterations
normal_day   [  18% ] 023/100 VUs  01m48.9s/10m0s  2.42 iters/s

running (01m49.9s), 025/100 VUs, 109 complete and 0 interrupted iterations
normal_day   [  18% ] 025/100 VUs  01m49.9s/10m0s  2.44 iters/s

running (01m50.9s), 023/100 VUs, 113 complete and 0 interrupted iterations
normal_day   [  18% ] 023/100 VUs  01m50.9s/10m0s  2.46 iters/s

running (01m51.9s), 025/100 VUs, 114 complete and 0 interrupted iterations
normal_day   [  19% ] 025/100 VUs  01m51.9s/10m0s  2.49 iters/s

running (01m52.9s), 026/100 VUs, 115 complete and 0 interrupted iterations
normal_day   [  19% ] 026/100 VUs  01m52.9s/10m0s  2.51 iters/s

running (01m53.9s), 025/100 VUs, 119 complete and 0 interrupted iterations
normal_day   [  19% ] 025/100 VUs  01m53.9s/10m0s  2.53 iters/s

running (01m54.9s), 026/100 VUs, 120 complete and 0 interrupted iterations
normal_day   [  19% ] 026/100 VUs  01m54.9s/10m0s  2.55 iters/s

running (01m55.9s), 026/100 VUs, 123 complete and 0 interrupted iterations
normal_day   [  19% ] 026/100 VUs  01m55.9s/10m0s  2.58 iters/s

running (01m56.9s), 026/100 VUs, 125 complete and 0 interrupted iterations
normal_day   [  19% ] 026/100 VUs  01m56.9s/10m0s  2.59 iters/s

running (01m57.9s), 026/100 VUs, 128 complete and 0 interrupted iterations
normal_day   [  20% ] 026/100 VUs  01m57.9s/10m0s  2.62 iters/s

running (01m58.9s), 027/100 VUs, 130 complete and 0 interrupted iterations
normal_day   [  20% ] 027/100 VUs  01m58.9s/10m0s  2.65 iters/s

running (01m59.9s), 028/100 VUs, 131 complete and 0 interrupted iterations
normal_day   [  20% ] 028/100 VUs  01m59.9s/10m0s  2.66 iters/s

running (02m00.9s), 028/100 VUs, 134 complete and 0 interrupted iterations
normal_day   [  20% ] 028/100 VUs  02m00.9s/10m0s  2.69 iters/s

running (02m01.9s), 027/100 VUs, 138 complete and 0 interrupted iterations
normal_day   [  20% ] 027/100 VUs  02m01.9s/10m0s  2.71 iters/s

running (02m02.9s), 027/100 VUs, 140 complete and 0 interrupted iterations
normal_day   [  20% ] 027/100 VUs  02m02.9s/10m0s  2.73 iters/s

running (02m03.9s), 028/100 VUs, 142 complete and 0 interrupted iterations
normal_day   [  21% ] 028/100 VUs  02m03.9s/10m0s  2.75 iters/s

running (02m04.9s), 029/100 VUs, 144 complete and 0 interrupted iterations
normal_day   [  21% ] 029/100 VUs  02m04.9s/10m0s  2.78 iters/s

running (02m05.9s), 027/100 VUs, 149 complete and 0 interrupted iterations
normal_day   [  21% ] 027/100 VUs  02m05.9s/10m0s  2.80 iters/s

running (02m06.9s), 028/100 VUs, 150 complete and 0 interrupted iterations
normal_day   [  21% ] 028/100 VUs  02m06.9s/10m0s  2.82 iters/s

running (02m07.9s), 030/100 VUs, 151 complete and 0 interrupted iterations
normal_day   [  21% ] 030/100 VUs  02m07.9s/10m0s  2.84 iters/s

running (02m08.9s), 031/100 VUs, 153 complete and 0 interrupted iterations
normal_day   [  21% ] 031/100 VUs  02m08.9s/10m0s  2.86 iters/s

running (02m09.9s), 033/100 VUs, 154 complete and 0 interrupted iterations
normal_day   [  22% ] 033/100 VUs  02m09.9s/10m0s  2.89 iters/s

running (02m10.9s), 033/100 VUs, 157 complete and 0 interrupted iterations
normal_day   [  22% ] 033/100 VUs  02m10.9s/10m0s  2.91 iters/s

running (02m11.9s), 034/100 VUs, 159 complete and 0 interrupted iterations
normal_day   [  22% ] 034/100 VUs  02m11.9s/10m0s  2.93 iters/s

running (02m12.9s), 032/100 VUs, 164 complete and 0 interrupted iterations
normal_day   [  22% ] 032/100 VUs  02m12.9s/10m0s  2.96 iters/s

running (02m13.9s), 031/100 VUs, 168 complete and 0 interrupted iterations
normal_day   [  22% ] 031/100 VUs  02m13.9s/10m0s  2.98 iters/s

running (02m14.9s), 031/100 VUs, 171 complete and 0 interrupted iterations
normal_day   [  22% ] 031/100 VUs  02m14.9s/10m0s  3.00 iters/s

running (02m15.9s), 031/100 VUs, 174 complete and 0 interrupted iterations
normal_day   [  23% ] 031/100 VUs  02m15.9s/10m0s  3.02 iters/s

running (02m16.9s), 031/100 VUs, 177 complete and 0 interrupted iterations
normal_day   [  23% ] 031/100 VUs  02m16.9s/10m0s  3.04 iters/s

running (02m17.9s), 031/100 VUs, 180 complete and 0 interrupted iterations
normal_day   [  23% ] 031/100 VUs  02m17.9s/10m0s  3.07 iters/s

running (02m18.9s), 030/100 VUs, 184 complete and 0 interrupted iterations
normal_day   [  23% ] 030/100 VUs  02m18.9s/10m0s  3.09 iters/s

running (02m19.9s), 031/100 VUs, 186 complete and 0 interrupted iterations
normal_day   [  23% ] 031/100 VUs  02m19.9s/10m0s  3.11 iters/s

running (02m20.9s), 031/100 VUs, 189 complete and 0 interrupted iterations
normal_day   [  23% ] 031/100 VUs  02m20.9s/10m0s  3.13 iters/s

running (02m21.9s), 028/100 VUs, 195 complete and 0 interrupted iterations
normal_day   [  24% ] 028/100 VUs  02m21.9s/10m0s  3.15 iters/s

running (02m22.9s), 027/100 VUs, 199 complete and 0 interrupted iterations
normal_day   [  24% ] 027/100 VUs  02m22.9s/10m0s  3.17 iters/s

running (02m23.9s), 025/100 VUs, 205 complete and 0 interrupted iterations
normal_day   [  24% ] 025/100 VUs  02m23.9s/10m0s  3.20 iters/s

running (02m24.9s), 027/100 VUs, 206 complete and 0 interrupted iterations
normal_day   [  24% ] 027/100 VUs  02m24.9s/10m0s  3.22 iters/s

running (02m25.9s), 026/100 VUs, 210 complete and 0 interrupted iterations
normal_day   [  24% ] 026/100 VUs  02m25.9s/10m0s  3.24 iters/s

running (02m26.9s), 028/100 VUs, 211 complete and 0 interrupted iterations
normal_day   [  24% ] 028/100 VUs  02m26.9s/10m0s  3.26 iters/s

running (02m27.9s), 029/100 VUs, 214 complete and 0 interrupted iterations
normal_day   [  25% ] 029/100 VUs  02m27.9s/10m0s  3.29 iters/s

running (02m28.9s), 028/100 VUs, 218 complete and 0 interrupted iterations
normal_day   [  25% ] 028/100 VUs  02m28.9s/10m0s  3.31 iters/s

running (02m29.9s), 031/100 VUs, 218 complete and 0 interrupted iterations
normal_day   [  25% ] 031/100 VUs  02m29.9s/10m0s  3.33 iters/s

running (02m30.9s), 032/100 VUs, 220 complete and 0 interrupted iterations
normal_day   [  25% ] 032/100 VUs  02m30.9s/10m0s  3.35 iters/s

running (02m31.9s), 031/100 VUs, 225 complete and 0 interrupted iterations
normal_day   [  25% ] 031/100 VUs  02m31.9s/10m0s  3.38 iters/s

running (02m32.9s), 026/100 VUs, 233 complete and 0 interrupted iterations
normal_day   [  25% ] 026/100 VUs  02m32.9s/10m0s  3.40 iters/s

running (02m33.9s), 030/100 VUs, 233 complete and 0 interrupted iterations
normal_day   [  26% ] 030/100 VUs  02m33.9s/10m0s  3.42 iters/s

running (02m34.9s), 025/100 VUs, 241 complete and 0 interrupted iterations
normal_day   [  26% ] 025/100 VUs  02m34.9s/10m0s  3.44 iters/s

running (02m35.9s), 029/100 VUs, 241 complete and 0 interrupted iterations
normal_day   [  26% ] 029/100 VUs  02m35.9s/10m0s  3.47 iters/s

running (02m36.9s), 029/100 VUs, 244 complete and 0 interrupted iterations
normal_day   [  26% ] 029/100 VUs  02m36.9s/10m0s  3.49 iters/s

running (02m37.9s), 031/100 VUs, 246 complete and 0 interrupted iterations
normal_day   [  26% ] 031/100 VUs  02m37.9s/10m0s  3.51 iters/s

running (02m38.9s), 030/100 VUs, 250 complete and 0 interrupted iterations
normal_day   [  26% ] 030/100 VUs  02m38.9s/10m0s  3.53 iters/s

running (02m39.9s), 032/100 VUs, 252 complete and 0 interrupted iterations
normal_day   [  27% ] 032/100 VUs  02m39.9s/10m0s  3.56 iters/s

running (02m40.9s), 032/100 VUs, 255 complete and 0 interrupted iterations
normal_day   [  27% ] 032/100 VUs  02m40.9s/10m0s  3.57 iters/s

running (02m41.9s), 034/100 VUs, 257 complete and 0 interrupted iterations
normal_day   [  27% ] 034/100 VUs  02m41.9s/10m0s  3.60 iters/s

running (02m42.9s), 031/100 VUs, 263 complete and 0 interrupted iterations
normal_day   [  27% ] 031/100 VUs  02m42.9s/10m0s  3.62 iters/s

running (02m43.9s), 034/100 VUs, 264 complete and 0 interrupted iterations
normal_day   [  27% ] 034/100 VUs  02m43.9s/10m0s  3.64 iters/s

running (02m44.9s), 034/100 VUs, 268 complete and 0 interrupted iterations
normal_day   [  27% ] 034/100 VUs  02m44.9s/10m0s  3.67 iters/s

running (02m45.9s), 033/100 VUs, 272 complete and 0 interrupted iterations
normal_day   [  28% ] 033/100 VUs  02m45.9s/10m0s  3.68 iters/s

running (02m46.9s), 036/100 VUs, 273 complete and 0 interrupted iterations
normal_day   [  28% ] 036/100 VUs  02m46.9s/10m0s  3.71 iters/s

running (02m47.9s), 037/100 VUs, 276 complete and 0 interrupted iterations
normal_day   [  28% ] 037/100 VUs  02m47.9s/10m0s  3.73 iters/s

running (02m48.9s), 039/100 VUs, 277 complete and 0 interrupted iterations
normal_day   [  28% ] 039/100 VUs  02m48.9s/10m0s  3.75 iters/s

running (02m49.9s), 039/100 VUs, 281 complete and 0 interrupted iterations
normal_day   [  28% ] 039/100 VUs  02m49.9s/10m0s  3.77 iters/s

running (02m50.9s), 036/100 VUs, 288 complete and 0 interrupted iterations
normal_day   [  28% ] 036/100 VUs  02m50.9s/10m0s  3.80 iters/s

running (02m51.9s), 037/100 VUs, 291 complete and 0 interrupted iterations
normal_day   [  29% ] 037/100 VUs  02m51.9s/10m0s  3.82 iters/s

running (02m52.9s), 034/100 VUs, 298 complete and 0 interrupted iterations
normal_day   [  29% ] 034/100 VUs  02m52.9s/10m0s  3.84 iters/s

running (02m53.9s), 034/100 VUs, 301 complete and 0 interrupted iterations
normal_day   [  29% ] 034/100 VUs  02m53.9s/10m0s  3.86 iters/s

running (02m54.9s), 035/100 VUs, 304 complete and 0 interrupted iterations
normal_day   [  29% ] 035/100 VUs  02m54.9s/10m0s  3.88 iters/s

running (02m55.9s), 036/100 VUs, 307 complete and 0 interrupted iterations
normal_day   [  29% ] 036/100 VUs  02m55.9s/10m0s  3.91 iters/s

running (02m56.9s), 039/100 VUs, 308 complete and 0 interrupted iterations
normal_day   [  29% ] 039/100 VUs  02m56.9s/10m0s  3.93 iters/s

running (02m57.9s), 039/100 VUs, 312 complete and 0 interrupted iterations
normal_day   [  30% ] 039/100 VUs  02m57.9s/10m0s  3.95 iters/s

running (02m58.9s), 039/100 VUs, 316 complete and 0 interrupted iterations
normal_day   [  30% ] 039/100 VUs  02m58.9s/10m0s  3.97 iters/s

running (02m59.9s), 035/100 VUs, 324 complete and 0 interrupted iterations
normal_day   [  30% ] 035/100 VUs  02m59.9s/10m0s  4.00 iters/s

running (03m00.9s), 034/100 VUs, 329 complete and 0 interrupted iterations
normal_day   [  30% ] 034/100 VUs  03m00.9s/10m0s  4.00 iters/s

running (03m01.9s), 036/100 VUs, 331 complete and 0 interrupted iterations
normal_day   [  30% ] 036/100 VUs  03m01.9s/10m0s  4.00 iters/s

running (03m02.9s), 035/100 VUs, 336 complete and 0 interrupted iterations
normal_day   [  30% ] 035/100 VUs  03m02.9s/10m0s  4.00 iters/s

running (03m03.9s), 035/100 VUs, 340 complete and 0 interrupted iterations
normal_day   [  31% ] 035/100 VUs  03m03.9s/10m0s  4.00 iters/s

running (03m04.9s), 036/100 VUs, 343 complete and 0 interrupted iterations
normal_day   [  31% ] 036/100 VUs  03m04.9s/10m0s  4.00 iters/s

running (03m05.9s), 036/100 VUs, 347 complete and 0 interrupted iterations
normal_day   [  31% ] 036/100 VUs  03m05.9s/10m0s  4.00 iters/s

running (03m06.9s), 036/100 VUs, 351 complete and 0 interrupted iterations
normal_day   [  31% ] 036/100 VUs  03m06.9s/10m0s  4.00 iters/s

running (03m07.9s), 035/100 VUs, 356 complete and 0 interrupted iterations
normal_day   [  31% ] 035/100 VUs  03m07.9s/10m0s  4.00 iters/s

running (03m08.9s), 037/100 VUs, 358 complete and 0 interrupted iterations
normal_day   [  31% ] 037/100 VUs  03m08.9s/10m0s  4.00 iters/s

running (03m09.9s), 036/100 VUs, 363 complete and 0 interrupted iterations
normal_day   [  32% ] 036/100 VUs  03m09.9s/10m0s  4.00 iters/s

running (03m10.9s), 035/100 VUs, 368 complete and 0 interrupted iterations
normal_day   [  32% ] 035/100 VUs  03m10.9s/10m0s  4.00 iters/s

running (03m11.9s), 036/100 VUs, 371 complete and 0 interrupted iterations
normal_day   [  32% ] 036/100 VUs  03m11.9s/10m0s  4.00 iters/s

running (03m12.9s), 033/100 VUs, 378 complete and 0 interrupted iterations
normal_day   [  32% ] 033/100 VUs  03m12.9s/10m0s  4.00 iters/s

running (03m13.9s), 033/100 VUs, 382 complete and 0 interrupted iterations
normal_day   [  32% ] 033/100 VUs  03m13.9s/10m0s  4.00 iters/s

running (03m14.9s), 037/100 VUs, 382 complete and 0 interrupted iterations
normal_day   [  32% ] 037/100 VUs  03m14.9s/10m0s  4.00 iters/s

running (03m15.9s), 040/100 VUs, 383 complete and 0 interrupted iterations
normal_day   [  33% ] 040/100 VUs  03m15.9s/10m0s  4.00 iters/s

running (03m16.9s), 042/100 VUs, 385 complete and 0 interrupted iterations
normal_day   [  33% ] 042/100 VUs  03m16.9s/10m0s  4.00 iters/s

running (03m17.9s), 041/100 VUs, 390 complete and 0 interrupted iterations
normal_day   [  33% ] 041/100 VUs  03m17.9s/10m0s  4.00 iters/s

running (03m18.9s), 042/100 VUs, 393 complete and 0 interrupted iterations
normal_day   [  33% ] 042/100 VUs  03m18.9s/10m0s  4.00 iters/s

running (03m19.9s), 042/100 VUs, 397 complete and 0 interrupted iterations
normal_day   [  33% ] 042/100 VUs  03m19.9s/10m0s  4.00 iters/s

running (03m20.9s), 043/100 VUs, 400 complete and 0 interrupted iterations
normal_day   [  33% ] 043/100 VUs  03m20.9s/10m0s  4.00 iters/s

running (03m21.9s), 041/100 VUs, 406 complete and 0 interrupted iterations
normal_day   [  34% ] 041/100 VUs  03m21.9s/10m0s  4.00 iters/s

running (03m22.9s), 042/100 VUs, 409 complete and 0 interrupted iterations
normal_day   [  34% ] 042/100 VUs  03m22.9s/10m0s  4.00 iters/s

running (03m23.9s), 044/100 VUs, 411 complete and 0 interrupted iterations
normal_day   [  34% ] 044/100 VUs  03m23.9s/10m0s  4.00 iters/s

running (03m24.9s), 044/100 VUs, 415 complete and 0 interrupted iterations
normal_day   [  34% ] 044/100 VUs  03m24.9s/10m0s  4.00 iters/s

running (03m25.9s), 042/100 VUs, 421 complete and 0 interrupted iterations
normal_day   [  34% ] 042/100 VUs  03m25.9s/10m0s  4.00 iters/s

running (03m26.9s), 043/100 VUs, 424 complete and 0 interrupted iterations
normal_day   [  34% ] 043/100 VUs  03m26.9s/10m0s  4.00 iters/s

running (03m27.9s), 043/100 VUs, 428 complete and 0 interrupted iterations
normal_day   [  35% ] 043/100 VUs  03m27.9s/10m0s  4.00 iters/s

running (03m28.9s), 043/100 VUs, 432 complete and 0 interrupted iterations
normal_day   [  35% ] 043/100 VUs  03m28.9s/10m0s  4.00 iters/s

running (03m29.9s), 044/100 VUs, 435 complete and 0 interrupted iterations
normal_day   [  35% ] 044/100 VUs  03m29.9s/10m0s  4.00 iters/s

running (03m30.9s), 046/100 VUs, 437 complete and 0 interrupted iterations
normal_day   [  35% ] 046/100 VUs  03m30.9s/10m0s  4.00 iters/s

running (03m31.9s), 047/100 VUs, 440 complete and 0 interrupted iterations
normal_day   [  35% ] 047/100 VUs  03m31.9s/10m0s  4.00 iters/s

running (03m32.9s), 046/100 VUs, 445 complete and 0 interrupted iterations
normal_day   [  35% ] 046/100 VUs  03m32.9s/10m0s  4.00 iters/s

running (03m33.9s), 043/100 VUs, 452 complete and 0 interrupted iterations
normal_day   [  36% ] 043/100 VUs  03m33.9s/10m0s  4.00 iters/s

running (03m34.9s), 042/100 VUs, 457 complete and 0 interrupted iterations
normal_day   [  36% ] 042/100 VUs  03m34.9s/10m0s  4.00 iters/s

running (03m35.9s), 044/100 VUs, 459 complete and 0 interrupted iterations
normal_day   [  36% ] 044/100 VUs  03m35.9s/10m0s  4.00 iters/s

running (03m36.9s), 044/100 VUs, 463 complete and 0 interrupted iterations
normal_day   [  36% ] 044/100 VUs  03m36.9s/10m0s  4.00 iters/s

running (03m37.9s), 045/100 VUs, 466 complete and 0 interrupted iterations
normal_day   [  36% ] 045/100 VUs  03m37.9s/10m0s  4.00 iters/s

running (03m38.9s), 044/100 VUs, 471 complete and 0 interrupted iterations
normal_day   [  36% ] 044/100 VUs  03m38.9s/10m0s  4.00 iters/s

running (03m39.9s), 044/100 VUs, 475 complete and 0 interrupted iterations
normal_day   [  37% ] 044/100 VUs  03m39.9s/10m0s  4.00 iters/s

running (03m40.9s), 042/100 VUs, 481 complete and 0 interrupted iterations
normal_day   [  37% ] 042/100 VUs  03m40.9s/10m0s  4.00 iters/s

running (03m41.9s), 046/100 VUs, 481 complete and 0 interrupted iterations
normal_day   [  37% ] 046/100 VUs  03m41.9s/10m0s  4.00 iters/s

running (03m42.9s), 044/100 VUs, 487 complete and 0 interrupted iterations
normal_day   [  37% ] 044/100 VUs  03m42.9s/10m0s  4.00 iters/s

running (03m43.9s), 044/100 VUs, 491 complete and 0 interrupted iterations
normal_day   [  37% ] 044/100 VUs  03m43.9s/10m0s  4.00 iters/s

running (03m44.9s), 045/100 VUs, 494 complete and 0 interrupted iterations
normal_day   [  37% ] 045/100 VUs  03m44.9s/10m0s  4.00 iters/s

running (03m45.9s), 047/100 VUs, 496 complete and 0 interrupted iterations
normal_day   [  38% ] 047/100 VUs  03m45.9s/10m0s  4.00 iters/s

running (03m46.9s), 045/100 VUs, 502 complete and 0 interrupted iterations
normal_day   [  38% ] 045/100 VUs  03m46.9s/10m0s  4.00 iters/s

running (03m47.9s), 042/100 VUs, 509 complete and 0 interrupted iterations
normal_day   [  38% ] 042/100 VUs  03m47.9s/10m0s  4.00 iters/s

running (03m48.9s), 040/100 VUs, 515 complete and 0 interrupted iterations
normal_day   [  38% ] 040/100 VUs  03m48.9s/10m0s  4.00 iters/s

running (03m49.9s), 043/100 VUs, 516 complete and 0 interrupted iterations
normal_day   [  38% ] 043/100 VUs  03m49.9s/10m0s  4.00 iters/s

running (03m50.9s), 042/100 VUs, 521 complete and 0 interrupted iterations
normal_day   [  38% ] 042/100 VUs  03m50.9s/10m0s  4.00 iters/s

running (03m51.9s), 039/100 VUs, 528 complete and 0 interrupted iterations
normal_day   [  39% ] 039/100 VUs  03m51.9s/10m0s  4.00 iters/s

running (03m52.9s), 041/100 VUs, 530 complete and 0 interrupted iterations
normal_day   [  39% ] 041/100 VUs  03m52.9s/10m0s  4.00 iters/s

running (03m53.9s), 041/100 VUs, 534 complete and 0 interrupted iterations
normal_day   [  39% ] 041/100 VUs  03m53.9s/10m0s  4.00 iters/s

running (03m54.9s), 043/100 VUs, 536 complete and 0 interrupted iterations
normal_day   [  39% ] 043/100 VUs  03m54.9s/10m0s  4.00 iters/s

running (03m55.9s), 039/100 VUs, 544 complete and 0 interrupted iterations
normal_day   [  39% ] 039/100 VUs  03m55.9s/10m0s  4.00 iters/s

running (03m56.9s), 041/100 VUs, 546 complete and 0 interrupted iterations
normal_day   [  39% ] 041/100 VUs  03m56.9s/10m0s  4.00 iters/s

running (03m57.9s), 042/100 VUs, 549 complete and 0 interrupted iterations
normal_day   [  40% ] 042/100 VUs  03m57.9s/10m0s  4.00 iters/s

running (03m58.9s), 042/100 VUs, 553 complete and 0 interrupted iterations
normal_day   [  40% ] 042/100 VUs  03m58.9s/10m0s  4.00 iters/s

running (03m59.9s), 041/100 VUs, 558 complete and 0 interrupted iterations
normal_day   [  40% ] 041/100 VUs  03m59.9s/10m0s  4.00 iters/s

running (04m00.9s), 042/100 VUs, 561 complete and 0 interrupted iterations
normal_day   [  40% ] 042/100 VUs  04m00.9s/10m0s  4.00 iters/s

running (04m01.9s), 043/100 VUs, 564 complete and 0 interrupted iterations
normal_day   [  40% ] 043/100 VUs  04m01.9s/10m0s  4.00 iters/s

running (04m02.9s), 044/100 VUs, 567 complete and 0 interrupted iterations
normal_day   [  40% ] 044/100 VUs  04m02.9s/10m0s  4.00 iters/s

running (04m03.9s), 044/100 VUs, 571 complete and 0 interrupted iterations
normal_day   [  41% ] 044/100 VUs  04m03.9s/10m0s  4.00 iters/s

running (04m04.9s), 041/100 VUs, 578 complete and 0 interrupted iterations
normal_day   [  41% ] 041/100 VUs  04m04.9s/10m0s  4.00 iters/s

running (04m05.9s), 041/100 VUs, 582 complete and 0 interrupted iterations
normal_day   [  41% ] 041/100 VUs  04m05.9s/10m0s  4.00 iters/s

running (04m06.9s), 039/100 VUs, 588 complete and 0 interrupted iterations
normal_day   [  41% ] 039/100 VUs  04m06.9s/10m0s  4.00 iters/s

running (04m07.9s), 037/100 VUs, 594 complete and 0 interrupted iterations
normal_day   [  41% ] 037/100 VUs  04m07.9s/10m0s  4.00 iters/s

running (04m08.9s), 033/100 VUs, 602 complete and 0 interrupted iterations
normal_day   [  41% ] 033/100 VUs  04m08.9s/10m0s  4.00 iters/s

running (04m09.9s), 034/100 VUs, 605 complete and 0 interrupted iterations
normal_day   [  42% ] 034/100 VUs  04m09.9s/10m0s  4.00 iters/s

running (04m10.9s), 035/100 VUs, 608 complete and 0 interrupted iterations
normal_day   [  42% ] 035/100 VUs  04m10.9s/10m0s  4.00 iters/s

running (04m11.9s), 035/100 VUs, 612 complete and 0 interrupted iterations
normal_day   [  42% ] 035/100 VUs  04m11.9s/10m0s  4.00 iters/s

running (04m12.9s), 039/100 VUs, 612 complete and 0 interrupted iterations
normal_day   [  42% ] 039/100 VUs  04m12.9s/10m0s  4.00 iters/s

running (04m13.9s), 039/100 VUs, 616 complete and 0 interrupted iterations
normal_day   [  42% ] 039/100 VUs  04m13.9s/10m0s  4.00 iters/s

running (04m14.9s), 039/100 VUs, 620 complete and 0 interrupted iterations
normal_day   [  42% ] 039/100 VUs  04m14.9s/10m0s  4.00 iters/s

running (04m15.9s), 039/100 VUs, 624 complete and 0 interrupted iterations
normal_day   [  43% ] 039/100 VUs  04m15.9s/10m0s  4.00 iters/s

running (04m16.9s), 035/100 VUs, 632 complete and 0 interrupted iterations
normal_day   [  43% ] 035/100 VUs  04m16.9s/10m0s  4.00 iters/s

running (04m17.9s), 036/100 VUs, 635 complete and 0 interrupted iterations
normal_day   [  43% ] 036/100 VUs  04m17.9s/10m0s  4.00 iters/s

running (04m18.9s), 034/100 VUs, 641 complete and 0 interrupted iterations
normal_day   [  43% ] 034/100 VUs  04m18.9s/10m0s  4.00 iters/s

running (04m19.9s), 035/100 VUs, 644 complete and 0 interrupted iterations
normal_day   [  43% ] 035/100 VUs  04m19.9s/10m0s  4.00 iters/s

running (04m20.9s), 034/100 VUs, 649 complete and 0 interrupted iterations
normal_day   [  43% ] 034/100 VUs  04m20.9s/10m0s  4.00 iters/s

running (04m21.9s), 035/100 VUs, 652 complete and 0 interrupted iterations
normal_day   [  44% ] 035/100 VUs  04m21.9s/10m0s  4.00 iters/s

running (04m22.9s), 034/100 VUs, 657 complete and 0 interrupted iterations
normal_day   [  44% ] 034/100 VUs  04m22.9s/10m0s  4.00 iters/s

running (04m23.9s), 036/100 VUs, 659 complete and 0 interrupted iterations
normal_day   [  44% ] 036/100 VUs  04m23.9s/10m0s  4.00 iters/s

running (04m24.9s), 035/100 VUs, 664 complete and 0 interrupted iterations
normal_day   [  44% ] 035/100 VUs  04m24.9s/10m0s  4.00 iters/s

running (04m25.9s), 033/100 VUs, 670 complete and 0 interrupted iterations
normal_day   [  44% ] 033/100 VUs  04m25.9s/10m0s  4.00 iters/s

running (04m26.9s), 034/100 VUs, 673 complete and 0 interrupted iterations
normal_day   [  44% ] 034/100 VUs  04m26.9s/10m0s  4.00 iters/s

running (04m27.9s), 035/100 VUs, 676 complete and 0 interrupted iterations
normal_day   [  45% ] 035/100 VUs  04m27.9s/10m0s  4.00 iters/s

running (04m28.9s), 037/100 VUs, 678 complete and 0 interrupted iterations
normal_day   [  45% ] 037/100 VUs  04m28.9s/10m0s  4.00 iters/s

running (04m29.9s), 037/100 VUs, 682 complete and 0 interrupted iterations
normal_day   [  45% ] 037/100 VUs  04m29.9s/10m0s  4.00 iters/s

running (04m30.9s), 037/100 VUs, 686 complete and 0 interrupted iterations
normal_day   [  45% ] 037/100 VUs  04m30.9s/10m0s  4.00 iters/s

running (04m31.9s), 039/100 VUs, 688 complete and 0 interrupted iterations
normal_day   [  45% ] 039/100 VUs  04m31.9s/10m0s  4.00 iters/s

running (04m32.9s), 039/100 VUs, 692 complete and 0 interrupted iterations
normal_day   [  45% ] 039/100 VUs  04m32.9s/10m0s  4.00 iters/s

running (04m33.9s), 039/100 VUs, 696 complete and 0 interrupted iterations
normal_day   [  46% ] 039/100 VUs  04m33.9s/10m0s  4.00 iters/s

running (04m34.9s), 040/100 VUs, 699 complete and 0 interrupted iterations
normal_day   [  46% ] 040/100 VUs  04m34.9s/10m0s  4.00 iters/s

running (04m35.9s), 040/100 VUs, 703 complete and 0 interrupted iterations
normal_day   [  46% ] 040/100 VUs  04m35.9s/10m0s  4.00 iters/s

running (04m36.9s), 039/100 VUs, 708 complete and 0 interrupted iterations
normal_day   [  46% ] 039/100 VUs  04m36.9s/10m0s  4.00 iters/s

running (04m37.9s), 039/100 VUs, 712 complete and 0 interrupted iterations
normal_day   [  46% ] 039/100 VUs  04m37.9s/10m0s  4.00 iters/s

running (04m38.9s), 039/100 VUs, 716 complete and 0 interrupted iterations
normal_day   [  46% ] 039/100 VUs  04m38.9s/10m0s  4.00 iters/s

running (04m39.9s), 037/100 VUs, 722 complete and 0 interrupted iterations
normal_day   [  47% ] 037/100 VUs  04m39.9s/10m0s  4.00 iters/s

running (04m40.9s), 038/100 VUs, 725 complete and 0 interrupted iterations
normal_day   [  47% ] 038/100 VUs  04m40.9s/10m0s  4.00 iters/s

running (04m41.9s), 041/100 VUs, 726 complete and 0 interrupted iterations
normal_day   [  47% ] 041/100 VUs  04m41.9s/10m0s  4.00 iters/s

running (04m42.9s), 039/100 VUs, 732 complete and 0 interrupted iterations
normal_day   [  47% ] 039/100 VUs  04m42.9s/10m0s  4.00 iters/s

running (04m43.9s), 036/100 VUs, 739 complete and 0 interrupted iterations
normal_day   [  47% ] 036/100 VUs  04m43.9s/10m0s  4.00 iters/s

running (04m44.9s), 038/100 VUs, 741 complete and 0 interrupted iterations
normal_day   [  47% ] 038/100 VUs  04m44.9s/10m0s  4.00 iters/s

running (04m45.9s), 037/100 VUs, 746 complete and 0 interrupted iterations
normal_day   [  48% ] 037/100 VUs  04m45.9s/10m0s  4.00 iters/s

running (04m46.9s), 033/100 VUs, 754 complete and 0 interrupted iterations
normal_day   [  48% ] 033/100 VUs  04m46.9s/10m0s  4.00 iters/s

running (04m47.9s), 036/100 VUs, 755 complete and 0 interrupted iterations
normal_day   [  48% ] 036/100 VUs  04m47.9s/10m0s  4.00 iters/s

running (04m48.9s), 039/100 VUs, 756 complete and 0 interrupted iterations
normal_day   [  48% ] 039/100 VUs  04m48.9s/10m0s  4.00 iters/s

running (04m49.9s), 041/100 VUs, 758 complete and 0 interrupted iterations
normal_day   [  48% ] 041/100 VUs  04m49.9s/10m0s  4.00 iters/s

running (04m50.9s), 042/100 VUs, 761 complete and 0 interrupted iterations
normal_day   [  48% ] 042/100 VUs  04m50.9s/10m0s  4.00 iters/s

running (04m51.9s), 041/100 VUs, 766 complete and 0 interrupted iterations
normal_day   [  49% ] 041/100 VUs  04m51.9s/10m0s  4.00 iters/s

running (04m52.9s), 038/100 VUs, 773 complete and 0 interrupted iterations
normal_day   [  49% ] 038/100 VUs  04m52.9s/10m0s  4.00 iters/s

running (04m53.9s), 039/100 VUs, 776 complete and 0 interrupted iterations
normal_day   [  49% ] 039/100 VUs  04m53.9s/10m0s  4.00 iters/s

running (04m54.9s), 039/100 VUs, 780 complete and 0 interrupted iterations
normal_day   [  49% ] 039/100 VUs  04m54.9s/10m0s  4.00 iters/s

running (04m55.9s), 037/100 VUs, 786 complete and 0 interrupted iterations
normal_day   [  49% ] 037/100 VUs  04m55.9s/10m0s  4.00 iters/s

running (04m56.9s), 037/100 VUs, 790 complete and 0 interrupted iterations
normal_day   [  49% ] 037/100 VUs  04m56.9s/10m0s  4.00 iters/s

running (04m57.9s), 034/100 VUs, 797 complete and 0 interrupted iterations
normal_day   [  50% ] 034/100 VUs  04m57.9s/10m0s  4.00 iters/s

running (04m58.9s), 034/100 VUs, 801 complete and 0 interrupted iterations
normal_day   [  50% ] 034/100 VUs  04m58.9s/10m0s  4.00 iters/s

running (04m59.9s), 035/100 VUs, 804 complete and 0 interrupted iterations
normal_day   [  50% ] 035/100 VUs  04m59.9s/10m0s  4.00 iters/s

running (05m00.9s), 035/100 VUs, 808 complete and 0 interrupted iterations
normal_day   [  50% ] 035/100 VUs  05m00.9s/10m0s  4.00 iters/s

running (05m01.9s), 034/100 VUs, 813 complete and 0 interrupted iterations
normal_day   [  50% ] 034/100 VUs  05m01.9s/10m0s  4.00 iters/s

running (05m02.9s), 034/100 VUs, 817 complete and 0 interrupted iterations
normal_day   [  50% ] 034/100 VUs  05m02.9s/10m0s  4.00 iters/s

running (05m03.9s), 035/100 VUs, 820 complete and 0 interrupted iterations
normal_day   [  51% ] 035/100 VUs  05m03.9s/10m0s  4.00 iters/s

running (05m04.9s), 037/100 VUs, 822 complete and 0 interrupted iterations
normal_day   [  51% ] 037/100 VUs  05m04.9s/10m0s  4.00 iters/s

running (05m05.9s), 041/100 VUs, 822 complete and 0 interrupted iterations
normal_day   [  51% ] 041/100 VUs  05m05.9s/10m0s  4.00 iters/s

running (05m06.9s), 041/100 VUs, 826 complete and 0 interrupted iterations
normal_day   [  51% ] 041/100 VUs  05m06.9s/10m0s  4.00 iters/s

running (05m07.9s), 038/100 VUs, 833 complete and 0 interrupted iterations
normal_day   [  51% ] 038/100 VUs  05m07.9s/10m0s  4.00 iters/s

running (05m08.9s), 037/100 VUs, 838 complete and 0 interrupted iterations
normal_day   [  51% ] 037/100 VUs  05m08.9s/10m0s  4.00 iters/s

running (05m09.9s), 036/100 VUs, 843 complete and 0 interrupted iterations
normal_day   [  52% ] 036/100 VUs  05m09.9s/10m0s  4.00 iters/s

running (05m10.9s), 034/100 VUs, 849 complete and 0 interrupted iterations
normal_day   [  52% ] 034/100 VUs  05m10.9s/10m0s  4.00 iters/s

running (05m11.9s), 032/100 VUs, 855 complete and 0 interrupted iterations
normal_day   [  52% ] 032/100 VUs  05m11.9s/10m0s  4.00 iters/s

running (05m12.9s), 033/100 VUs, 858 complete and 0 interrupted iterations
normal_day   [  52% ] 033/100 VUs  05m12.9s/10m0s  4.00 iters/s

running (05m13.9s), 034/100 VUs, 861 complete and 0 interrupted iterations
normal_day   [  52% ] 034/100 VUs  05m13.9s/10m0s  4.00 iters/s

running (05m14.9s), 035/100 VUs, 864 complete and 0 interrupted iterations
normal_day   [  52% ] 035/100 VUs  05m14.9s/10m0s  4.00 iters/s

running (05m15.9s), 037/100 VUs, 866 complete and 0 interrupted iterations
normal_day   [  53% ] 037/100 VUs  05m15.9s/10m0s  4.00 iters/s

running (05m16.9s), 040/100 VUs, 867 complete and 0 interrupted iterations
normal_day   [  53% ] 040/100 VUs  05m16.9s/10m0s  4.00 iters/s

running (05m17.9s), 037/100 VUs, 874 complete and 0 interrupted iterations
normal_day   [  53% ] 037/100 VUs  05m17.9s/10m0s  4.00 iters/s

running (05m18.9s), 039/100 VUs, 876 complete and 0 interrupted iterations
normal_day   [  53% ] 039/100 VUs  05m18.9s/10m0s  4.00 iters/s

running (05m19.9s), 039/100 VUs, 880 complete and 0 interrupted iterations
normal_day   [  53% ] 039/100 VUs  05m19.9s/10m0s  4.00 iters/s

running (05m20.9s), 039/100 VUs, 884 complete and 0 interrupted iterations
normal_day   [  53% ] 039/100 VUs  05m20.9s/10m0s  4.00 iters/s

running (05m21.9s), 042/100 VUs, 885 complete and 0 interrupted iterations
normal_day   [  54% ] 042/100 VUs  05m21.9s/10m0s  4.00 iters/s

running (05m22.9s), 042/100 VUs, 889 complete and 0 interrupted iterations
normal_day   [  54% ] 042/100 VUs  05m22.9s/10m0s  4.00 iters/s

running (05m23.9s), 040/100 VUs, 895 complete and 0 interrupted iterations
normal_day   [  54% ] 040/100 VUs  05m23.9s/10m0s  4.00 iters/s

running (05m24.9s), 040/100 VUs, 899 complete and 0 interrupted iterations
normal_day   [  54% ] 040/100 VUs  05m24.9s/10m0s  4.00 iters/s

running (05m25.9s), 037/100 VUs, 906 complete and 0 interrupted iterations
normal_day   [  54% ] 037/100 VUs  05m25.9s/10m0s  4.00 iters/s

running (05m26.9s), 038/100 VUs, 909 complete and 0 interrupted iterations
normal_day   [  54% ] 038/100 VUs  05m26.9s/10m0s  4.00 iters/s

running (05m27.9s), 035/100 VUs, 916 complete and 0 interrupted iterations
normal_day   [  55% ] 035/100 VUs  05m27.9s/10m0s  4.00 iters/s

running (05m28.9s), 036/100 VUs, 919 complete and 0 interrupted iterations
normal_day   [  55% ] 036/100 VUs  05m28.9s/10m0s  4.00 iters/s

running (05m29.9s), 038/100 VUs, 921 complete and 0 interrupted iterations
normal_day   [  55% ] 038/100 VUs  05m29.9s/10m0s  4.00 iters/s

running (05m30.9s), 039/100 VUs, 924 complete and 0 interrupted iterations
normal_day   [  55% ] 039/100 VUs  05m30.9s/10m0s  4.00 iters/s

running (05m31.9s), 040/100 VUs, 927 complete and 0 interrupted iterations
normal_day   [  55% ] 040/100 VUs  05m31.9s/10m0s  4.00 iters/s

running (05m32.9s), 040/100 VUs, 931 complete and 0 interrupted iterations
normal_day   [  55% ] 040/100 VUs  05m32.9s/10m0s  4.00 iters/s

running (05m33.9s), 040/100 VUs, 935 complete and 0 interrupted iterations
normal_day   [  56% ] 040/100 VUs  05m33.9s/10m0s  4.00 iters/s

running (05m34.9s), 036/100 VUs, 943 complete and 0 interrupted iterations
normal_day   [  56% ] 036/100 VUs  05m34.9s/10m0s  4.00 iters/s

running (05m35.9s), 038/100 VUs, 945 complete and 0 interrupted iterations
normal_day   [  56% ] 038/100 VUs  05m35.9s/10m0s  4.00 iters/s

running (05m36.9s), 038/100 VUs, 949 complete and 0 interrupted iterations
normal_day   [  56% ] 038/100 VUs  05m36.9s/10m0s  4.00 iters/s

running (05m37.9s), 037/100 VUs, 954 complete and 0 interrupted iterations
normal_day   [  56% ] 037/100 VUs  05m37.9s/10m0s  4.00 iters/s

running (05m38.9s), 036/100 VUs, 959 complete and 0 interrupted iterations
normal_day   [  56% ] 036/100 VUs  05m38.9s/10m0s  4.00 iters/s

running (05m39.9s), 035/100 VUs, 964 complete and 0 interrupted iterations
normal_day   [  57% ] 035/100 VUs  05m39.9s/10m0s  4.00 iters/s

running (05m40.9s), 038/100 VUs, 965 complete and 0 interrupted iterations
normal_day   [  57% ] 038/100 VUs  05m40.9s/10m0s  4.00 iters/s

running (05m41.9s), 039/100 VUs, 968 complete and 0 interrupted iterations
normal_day   [  57% ] 039/100 VUs  05m41.9s/10m0s  4.00 iters/s

running (05m42.9s), 037/100 VUs, 974 complete and 0 interrupted iterations
normal_day   [  57% ] 037/100 VUs  05m42.9s/10m0s  4.00 iters/s

running (05m43.9s), 038/100 VUs, 977 complete and 0 interrupted iterations
normal_day   [  57% ] 038/100 VUs  05m43.9s/10m0s  4.00 iters/s

running (05m44.9s), 041/100 VUs, 978 complete and 0 interrupted iterations
normal_day   [  57% ] 041/100 VUs  05m44.9s/10m0s  4.00 iters/s

running (05m45.9s), 037/100 VUs, 986 complete and 0 interrupted iterations
normal_day   [  58% ] 037/100 VUs  05m45.9s/10m0s  4.00 iters/s

running (05m46.9s), 039/100 VUs, 988 complete and 0 interrupted iterations
normal_day   [  58% ] 039/100 VUs  05m46.9s/10m0s  4.00 iters/s

running (05m47.9s), 037/100 VUs, 994 complete and 0 interrupted iterations
normal_day   [  58% ] 037/100 VUs  05m47.9s/10m0s  4.00 iters/s

running (05m48.9s), 038/100 VUs, 997 complete and 0 interrupted iterations
normal_day   [  58% ] 038/100 VUs  05m48.9s/10m0s  4.00 iters/s

running (05m49.9s), 039/100 VUs, 1000 complete and 0 interrupted iterations
normal_day   [  58% ] 039/100 VUs  05m49.9s/10m0s  4.00 iters/s

running (05m50.9s), 040/100 VUs, 1003 complete and 0 interrupted iterations
normal_day   [  58% ] 040/100 VUs  05m50.9s/10m0s  4.00 iters/s

running (05m51.9s), 044/100 VUs, 1003 complete and 0 interrupted iterations
normal_day   [  59% ] 044/100 VUs  05m51.9s/10m0s  4.00 iters/s

running (05m52.9s), 043/100 VUs, 1008 complete and 0 interrupted iterations
normal_day   [  59% ] 043/100 VUs  05m52.9s/10m0s  4.00 iters/s

running (05m53.9s), 044/100 VUs, 1011 complete and 0 interrupted iterations
normal_day   [  59% ] 044/100 VUs  05m53.9s/10m0s  4.00 iters/s

running (05m54.9s), 041/100 VUs, 1018 complete and 0 interrupted iterations
normal_day   [  59% ] 041/100 VUs  05m54.9s/10m0s  4.00 iters/s

running (05m55.9s), 036/100 VUs, 1027 complete and 0 interrupted iterations
normal_day   [  59% ] 036/100 VUs  05m55.9s/10m0s  4.00 iters/s

running (05m56.9s), 037/100 VUs, 1030 complete and 0 interrupted iterations
normal_day   [  59% ] 037/100 VUs  05m56.9s/10m0s  4.00 iters/s

running (05m57.9s), 039/100 VUs, 1032 complete and 0 interrupted iterations
normal_day   [  60% ] 039/100 VUs  05m57.9s/10m0s  4.00 iters/s

running (05m58.9s), 040/100 VUs, 1035 complete and 0 interrupted iterations
normal_day   [  60% ] 040/100 VUs  05m58.9s/10m0s  4.00 iters/s

running (05m59.9s), 039/100 VUs, 1040 complete and 0 interrupted iterations
normal_day   [  60% ] 039/100 VUs  05m59.9s/10m0s  4.00 iters/s

running (06m00.9s), 038/100 VUs, 1045 complete and 0 interrupted iterations
normal_day   [  60% ] 038/100 VUs  06m00.9s/10m0s  4.00 iters/s

running (06m01.9s), 040/100 VUs, 1047 complete and 0 interrupted iterations
normal_day   [  60% ] 040/100 VUs  06m01.9s/10m0s  4.00 iters/s

running (06m02.9s), 038/100 VUs, 1053 complete and 0 interrupted iterations
normal_day   [  60% ] 038/100 VUs  06m02.9s/10m0s  4.00 iters/s

running (06m03.9s), 031/100 VUs, 1064 complete and 0 interrupted iterations
normal_day   [  61% ] 031/100 VUs  06m03.9s/10m0s  4.00 iters/s

running (06m04.9s), 032/100 VUs, 1067 complete and 0 interrupted iterations
normal_day   [  61% ] 032/100 VUs  06m04.9s/10m0s  4.00 iters/s

running (06m05.9s), 031/100 VUs, 1072 complete and 0 interrupted iterations
normal_day   [  61% ] 031/100 VUs  06m05.9s/10m0s  4.00 iters/s

running (06m06.9s), 034/100 VUs, 1073 complete and 0 interrupted iterations
normal_day   [  61% ] 034/100 VUs  06m06.9s/10m0s  4.00 iters/s

running (06m07.9s), 035/100 VUs, 1076 complete and 0 interrupted iterations
normal_day   [  61% ] 035/100 VUs  06m07.9s/10m0s  4.00 iters/s

running (06m08.9s), 036/100 VUs, 1079 complete and 0 interrupted iterations
normal_day   [  61% ] 036/100 VUs  06m08.9s/10m0s  4.00 iters/s

running (06m09.9s), 037/100 VUs, 1082 complete and 0 interrupted iterations
normal_day   [  62% ] 037/100 VUs  06m09.9s/10m0s  4.00 iters/s

running (06m10.9s), 040/100 VUs, 1083 complete and 0 interrupted iterations
normal_day   [  62% ] 040/100 VUs  06m10.9s/10m0s  4.00 iters/s

running (06m11.9s), 040/100 VUs, 1087 complete and 0 interrupted iterations
normal_day   [  62% ] 040/100 VUs  06m11.9s/10m0s  4.00 iters/s

running (06m12.9s), 038/100 VUs, 1093 complete and 0 interrupted iterations
normal_day   [  62% ] 038/100 VUs  06m12.9s/10m0s  4.00 iters/s

running (06m13.9s), 038/100 VUs, 1097 complete and 0 interrupted iterations
normal_day   [  62% ] 038/100 VUs  06m13.9s/10m0s  4.00 iters/s

running (06m14.9s), 037/100 VUs, 1102 complete and 0 interrupted iterations
normal_day   [  62% ] 037/100 VUs  06m14.9s/10m0s  4.00 iters/s

running (06m15.9s), 036/100 VUs, 1107 complete and 0 interrupted iterations
normal_day   [  63% ] 036/100 VUs  06m15.9s/10m0s  4.00 iters/s

running (06m16.9s), 037/100 VUs, 1110 complete and 0 interrupted iterations
normal_day   [  63% ] 037/100 VUs  06m16.9s/10m0s  4.00 iters/s

running (06m17.9s), 037/100 VUs, 1114 complete and 0 interrupted iterations
normal_day   [  63% ] 037/100 VUs  06m17.9s/10m0s  4.00 iters/s

running (06m18.9s), 035/100 VUs, 1120 complete and 0 interrupted iterations
normal_day   [  63% ] 035/100 VUs  06m18.9s/10m0s  4.00 iters/s

running (06m19.9s), 035/100 VUs, 1124 complete and 0 interrupted iterations
normal_day   [  63% ] 035/100 VUs  06m19.9s/10m0s  4.00 iters/s

running (06m20.9s), 033/100 VUs, 1130 complete and 0 interrupted iterations
normal_day   [  63% ] 033/100 VUs  06m20.9s/10m0s  4.00 iters/s

running (06m21.9s), 035/100 VUs, 1132 complete and 0 interrupted iterations
normal_day   [  64% ] 035/100 VUs  06m21.9s/10m0s  4.00 iters/s

running (06m22.9s), 033/100 VUs, 1138 complete and 0 interrupted iterations
normal_day   [  64% ] 033/100 VUs  06m22.9s/10m0s  4.00 iters/s

running (06m23.9s), 034/100 VUs, 1141 complete and 0 interrupted iterations
normal_day   [  64% ] 034/100 VUs  06m23.9s/10m0s  4.00 iters/s

running (06m24.9s), 033/100 VUs, 1146 complete and 0 interrupted iterations
normal_day   [  64% ] 033/100 VUs  06m24.9s/10m0s  4.00 iters/s

running (06m25.9s), 032/100 VUs, 1151 complete and 0 interrupted iterations
normal_day   [  64% ] 032/100 VUs  06m25.9s/10m0s  4.00 iters/s

running (06m26.9s), 034/100 VUs, 1153 complete and 0 interrupted iterations
normal_day   [  64% ] 034/100 VUs  06m26.9s/10m0s  4.00 iters/s

running (06m27.9s), 034/100 VUs, 1157 complete and 0 interrupted iterations
normal_day   [  65% ] 034/100 VUs  06m27.9s/10m0s  4.00 iters/s

running (06m28.9s), 034/100 VUs, 1161 complete and 0 interrupted iterations
normal_day   [  65% ] 034/100 VUs  06m28.9s/10m0s  4.00 iters/s

running (06m29.9s), 032/100 VUs, 1167 complete and 0 interrupted iterations
normal_day   [  65% ] 032/100 VUs  06m29.9s/10m0s  4.00 iters/s

running (06m30.9s), 032/100 VUs, 1171 complete and 0 interrupted iterations
normal_day   [  65% ] 032/100 VUs  06m30.9s/10m0s  4.00 iters/s

running (06m31.9s), 034/100 VUs, 1173 complete and 0 interrupted iterations
normal_day   [  65% ] 034/100 VUs  06m31.9s/10m0s  4.00 iters/s

running (06m32.9s), 035/100 VUs, 1176 complete and 0 interrupted iterations
normal_day   [  65% ] 035/100 VUs  06m32.9s/10m0s  4.00 iters/s

running (06m33.9s), 037/100 VUs, 1178 complete and 0 interrupted iterations
normal_day   [  66% ] 037/100 VUs  06m33.9s/10m0s  4.00 iters/s

running (06m34.9s), 037/100 VUs, 1182 complete and 0 interrupted iterations
normal_day   [  66% ] 037/100 VUs  06m34.9s/10m0s  4.00 iters/s

running (06m35.9s), 040/100 VUs, 1183 complete and 0 interrupted iterations
normal_day   [  66% ] 040/100 VUs  06m35.9s/10m0s  4.00 iters/s

running (06m36.9s), 042/100 VUs, 1185 complete and 0 interrupted iterations
normal_day   [  66% ] 042/100 VUs  06m36.9s/10m0s  4.00 iters/s

running (06m37.9s), 043/100 VUs, 1188 complete and 0 interrupted iterations
normal_day   [  66% ] 043/100 VUs  06m37.9s/10m0s  4.00 iters/s

running (06m38.9s), 046/100 VUs, 1189 complete and 0 interrupted iterations
normal_day   [  66% ] 046/100 VUs  06m38.9s/10m0s  4.00 iters/s

running (06m39.9s), 049/100 VUs, 1190 complete and 0 interrupted iterations
normal_day   [  67% ] 049/100 VUs  06m39.9s/10m0s  4.00 iters/s

running (06m40.9s), 048/100 VUs, 1195 complete and 0 interrupted iterations
normal_day   [  67% ] 048/100 VUs  06m40.9s/10m0s  4.00 iters/s

running (06m41.9s), 050/100 VUs, 1197 complete and 0 interrupted iterations
normal_day   [  67% ] 050/100 VUs  06m41.9s/10m0s  4.00 iters/s

running (06m42.9s), 050/100 VUs, 1201 complete and 0 interrupted iterations
normal_day   [  67% ] 050/100 VUs  06m42.9s/10m0s  4.00 iters/s

running (06m43.9s), 048/100 VUs, 1207 complete and 0 interrupted iterations
normal_day   [  67% ] 048/100 VUs  06m43.9s/10m0s  4.00 iters/s

running (06m44.9s), 044/100 VUs, 1215 complete and 0 interrupted iterations
normal_day   [  67% ] 044/100 VUs  06m44.9s/10m0s  4.00 iters/s

running (06m45.9s), 041/100 VUs, 1222 complete and 0 interrupted iterations
normal_day   [  68% ] 041/100 VUs  06m45.9s/10m0s  4.00 iters/s

running (06m46.9s), 045/100 VUs, 1222 complete and 0 interrupted iterations
normal_day   [  68% ] 045/100 VUs  06m46.9s/10m0s  4.00 iters/s

running (06m47.9s), 046/100 VUs, 1225 complete and 0 interrupted iterations
normal_day   [  68% ] 046/100 VUs  06m47.9s/10m0s  4.00 iters/s

running (06m48.9s), 047/100 VUs, 1228 complete and 0 interrupted iterations
normal_day   [  68% ] 047/100 VUs  06m48.9s/10m0s  4.00 iters/s

running (06m49.9s), 047/100 VUs, 1232 complete and 0 interrupted iterations
normal_day   [  68% ] 047/100 VUs  06m49.9s/10m0s  4.00 iters/s

running (06m50.9s), 049/100 VUs, 1234 complete and 0 interrupted iterations
normal_day   [  68% ] 049/100 VUs  06m50.9s/10m0s  4.00 iters/s

running (06m51.9s), 049/100 VUs, 1238 complete and 0 interrupted iterations
normal_day   [  69% ] 049/100 VUs  06m51.9s/10m0s  4.00 iters/s

running (06m52.9s), 046/100 VUs, 1245 complete and 0 interrupted iterations
normal_day   [  69% ] 046/100 VUs  06m52.9s/10m0s  4.00 iters/s

running (06m53.9s), 049/100 VUs, 1246 complete and 0 interrupted iterations
normal_day   [  69% ] 049/100 VUs  06m53.9s/10m0s  4.00 iters/s

running (06m54.9s), 048/100 VUs, 1251 complete and 0 interrupted iterations
normal_day   [  69% ] 048/100 VUs  06m54.9s/10m0s  4.00 iters/s

running (06m55.9s), 048/100 VUs, 1255 complete and 0 interrupted iterations
normal_day   [  69% ] 048/100 VUs  06m55.9s/10m0s  4.00 iters/s

running (06m56.9s), 045/100 VUs, 1262 complete and 0 interrupted iterations
normal_day   [  69% ] 045/100 VUs  06m56.9s/10m0s  4.00 iters/s

running (06m57.9s), 045/100 VUs, 1266 complete and 0 interrupted iterations
normal_day   [  70% ] 045/100 VUs  06m57.9s/10m0s  4.00 iters/s

running (06m58.9s), 048/100 VUs, 1267 complete and 0 interrupted iterations
normal_day   [  70% ] 048/100 VUs  06m58.9s/10m0s  4.00 iters/s

running (06m59.9s), 048/100 VUs, 1271 complete and 0 interrupted iterations
normal_day   [  70% ] 048/100 VUs  06m59.9s/10m0s  4.00 iters/s

running (07m00.9s), 046/100 VUs, 1277 complete and 0 interrupted iterations
normal_day   [  70% ] 046/100 VUs  07m00.9s/10m0s  4.00 iters/s

running (07m01.9s), 046/100 VUs, 1281 complete and 0 interrupted iterations
normal_day   [  70% ] 046/100 VUs  07m01.9s/10m0s  4.00 iters/s

running (07m02.9s), 043/100 VUs, 1288 complete and 0 interrupted iterations
normal_day   [  70% ] 043/100 VUs  07m02.9s/10m0s  4.00 iters/s

running (07m03.9s), 041/100 VUs, 1294 complete and 0 interrupted iterations
normal_day   [  71% ] 041/100 VUs  07m03.9s/10m0s  4.00 iters/s

running (07m04.9s), 044/100 VUs, 1295 complete and 0 interrupted iterations
normal_day   [  71% ] 044/100 VUs  07m04.9s/10m0s  4.00 iters/s

running (07m05.9s), 042/100 VUs, 1301 complete and 0 interrupted iterations
normal_day   [  71% ] 042/100 VUs  07m05.9s/10m0s  4.00 iters/s

running (07m06.9s), 042/100 VUs, 1305 complete and 0 interrupted iterations
normal_day   [  71% ] 042/100 VUs  07m06.9s/10m0s  4.00 iters/s

running (07m07.9s), 039/100 VUs, 1312 complete and 0 interrupted iterations
normal_day   [  71% ] 039/100 VUs  07m07.9s/10m0s  4.00 iters/s

running (07m08.9s), 039/100 VUs, 1316 complete and 0 interrupted iterations
normal_day   [  71% ] 039/100 VUs  07m08.9s/10m0s  4.00 iters/s

running (07m09.9s), 041/100 VUs, 1318 complete and 0 interrupted iterations
normal_day   [  72% ] 041/100 VUs  07m09.9s/10m0s  4.00 iters/s

running (07m10.9s), 038/100 VUs, 1325 complete and 0 interrupted iterations
normal_day   [  72% ] 038/100 VUs  07m10.9s/10m0s  4.00 iters/s

running (07m11.9s), 040/100 VUs, 1327 complete and 0 interrupted iterations
normal_day   [  72% ] 040/100 VUs  07m11.9s/10m0s  4.00 iters/s

running (07m12.9s), 035/100 VUs, 1336 complete and 0 interrupted iterations
normal_day   [  72% ] 035/100 VUs  07m12.9s/10m0s  4.00 iters/s

running (07m13.9s), 035/100 VUs, 1340 complete and 0 interrupted iterations
normal_day   [  72% ] 035/100 VUs  07m13.9s/10m0s  4.00 iters/s

running (07m14.9s), 037/100 VUs, 1342 complete and 0 interrupted iterations
normal_day   [  72% ] 037/100 VUs  07m14.9s/10m0s  4.00 iters/s

running (07m15.9s), 038/100 VUs, 1345 complete and 0 interrupted iterations
normal_day   [  73% ] 038/100 VUs  07m15.9s/10m0s  4.00 iters/s

running (07m16.9s), 034/100 VUs, 1353 complete and 0 interrupted iterations
normal_day   [  73% ] 034/100 VUs  07m16.9s/10m0s  4.00 iters/s

running (07m17.9s), 033/100 VUs, 1358 complete and 0 interrupted iterations
normal_day   [  73% ] 033/100 VUs  07m17.9s/10m0s  4.00 iters/s

running (07m18.9s), 037/100 VUs, 1358 complete and 0 interrupted iterations
normal_day   [  73% ] 037/100 VUs  07m18.9s/10m0s  4.00 iters/s

running (07m19.9s), 031/100 VUs, 1368 complete and 0 interrupted iterations
normal_day   [  73% ] 031/100 VUs  07m19.9s/10m0s  4.00 iters/s

running (07m20.9s), 031/100 VUs, 1372 complete and 0 interrupted iterations
normal_day   [  73% ] 031/100 VUs  07m20.9s/10m0s  4.00 iters/s

running (07m21.9s), 035/100 VUs, 1372 complete and 0 interrupted iterations
normal_day   [  74% ] 035/100 VUs  07m21.9s/10m0s  4.00 iters/s

running (07m22.9s), 036/100 VUs, 1375 complete and 0 interrupted iterations
normal_day   [  74% ] 036/100 VUs  07m22.9s/10m0s  4.00 iters/s

running (07m23.9s), 033/100 VUs, 1382 complete and 0 interrupted iterations
normal_day   [  74% ] 033/100 VUs  07m23.9s/10m0s  4.00 iters/s

running (07m24.9s), 034/100 VUs, 1385 complete and 0 interrupted iterations
normal_day   [  74% ] 034/100 VUs  07m24.9s/10m0s  4.00 iters/s

running (07m25.9s), 037/100 VUs, 1386 complete and 0 interrupted iterations
normal_day   [  74% ] 037/100 VUs  07m25.9s/10m0s  4.00 iters/s

running (07m26.9s), 038/100 VUs, 1389 complete and 0 interrupted iterations
normal_day   [  74% ] 038/100 VUs  07m26.9s/10m0s  4.00 iters/s

running (07m27.9s), 040/100 VUs, 1391 complete and 0 interrupted iterations
normal_day   [  75% ] 040/100 VUs  07m27.9s/10m0s  4.00 iters/s

running (07m28.9s), 040/100 VUs, 1395 complete and 0 interrupted iterations
normal_day   [  75% ] 040/100 VUs  07m28.9s/10m0s  4.00 iters/s

running (07m29.9s), 038/100 VUs, 1401 complete and 0 interrupted iterations
normal_day   [  75% ] 038/100 VUs  07m29.9s/10m0s  4.00 iters/s

running (07m30.9s), 039/100 VUs, 1404 complete and 0 interrupted iterations
normal_day   [  75% ] 039/100 VUs  07m30.9s/10m0s  4.00 iters/s

running (07m31.9s), 039/100 VUs, 1408 complete and 0 interrupted iterations
normal_day   [  75% ] 039/100 VUs  07m31.9s/10m0s  4.00 iters/s

running (07m32.9s), 037/100 VUs, 1414 complete and 0 interrupted iterations
normal_day   [  75% ] 037/100 VUs  07m32.9s/10m0s  4.00 iters/s

running (07m33.9s), 041/100 VUs, 1414 complete and 0 interrupted iterations
normal_day   [  76% ] 041/100 VUs  07m33.9s/10m0s  4.00 iters/s

running (07m34.9s), 037/100 VUs, 1422 complete and 0 interrupted iterations
normal_day   [  76% ] 037/100 VUs  07m34.9s/10m0s  4.00 iters/s

running (07m35.9s), 036/100 VUs, 1427 complete and 0 interrupted iterations
normal_day   [  76% ] 036/100 VUs  07m35.9s/10m0s  4.00 iters/s

running (07m36.9s), 035/100 VUs, 1432 complete and 0 interrupted iterations
normal_day   [  76% ] 035/100 VUs  07m36.9s/10m0s  4.00 iters/s

running (07m37.9s), 037/100 VUs, 1434 complete and 0 interrupted iterations
normal_day   [  76% ] 037/100 VUs  07m37.9s/10m0s  4.00 iters/s

running (07m38.9s), 034/100 VUs, 1441 complete and 0 interrupted iterations
normal_day   [  76% ] 034/100 VUs  07m38.9s/10m0s  4.00 iters/s

running (07m39.9s), 036/100 VUs, 1443 complete and 0 interrupted iterations
normal_day   [  77% ] 036/100 VUs  07m39.9s/10m0s  4.00 iters/s

running (07m40.9s), 037/100 VUs, 1446 complete and 0 interrupted iterations
normal_day   [  77% ] 037/100 VUs  07m40.9s/10m0s  4.00 iters/s

running (07m41.9s), 038/100 VUs, 1449 complete and 0 interrupted iterations
normal_day   [  77% ] 038/100 VUs  07m41.9s/10m0s  4.00 iters/s

running (07m42.9s), 035/100 VUs, 1456 complete and 0 interrupted iterations
normal_day   [  77% ] 035/100 VUs  07m42.9s/10m0s  4.00 iters/s

running (07m43.9s), 036/100 VUs, 1459 complete and 0 interrupted iterations
normal_day   [  77% ] 036/100 VUs  07m43.9s/10m0s  4.00 iters/s

running (07m44.9s), 038/100 VUs, 1461 complete and 0 interrupted iterations
normal_day   [  77% ] 038/100 VUs  07m44.9s/10m0s  4.00 iters/s

running (07m45.9s), 039/100 VUs, 1464 complete and 0 interrupted iterations
normal_day   [  78% ] 039/100 VUs  07m45.9s/10m0s  4.00 iters/s

running (07m46.9s), 041/100 VUs, 1466 complete and 0 interrupted iterations
normal_day   [  78% ] 041/100 VUs  07m46.9s/10m0s  4.00 iters/s

running (07m47.9s), 040/100 VUs, 1471 complete and 0 interrupted iterations
normal_day   [  78% ] 040/100 VUs  07m47.9s/10m0s  4.00 iters/s

running (07m48.9s), 038/100 VUs, 1477 complete and 0 interrupted iterations
normal_day   [  78% ] 038/100 VUs  07m48.9s/10m0s  4.00 iters/s

running (07m49.9s), 038/100 VUs, 1481 complete and 0 interrupted iterations
normal_day   [  78% ] 038/100 VUs  07m49.9s/10m0s  4.00 iters/s

running (07m50.9s), 040/100 VUs, 1483 complete and 0 interrupted iterations
normal_day   [  78% ] 040/100 VUs  07m50.9s/10m0s  4.00 iters/s

running (07m51.9s), 040/100 VUs, 1487 complete and 0 interrupted iterations
normal_day   [  79% ] 040/100 VUs  07m51.9s/10m0s  4.00 iters/s

running (07m52.9s), 038/100 VUs, 1493 complete and 0 interrupted iterations
normal_day   [  79% ] 038/100 VUs  07m52.9s/10m0s  4.00 iters/s

running (07m53.9s), 040/100 VUs, 1495 complete and 0 interrupted iterations
normal_day   [  79% ] 040/100 VUs  07m53.9s/10m0s  4.00 iters/s

running (07m54.9s), 043/100 VUs, 1496 complete and 0 interrupted iterations
normal_day   [  79% ] 043/100 VUs  07m54.9s/10m0s  4.00 iters/s

running (07m55.9s), 040/100 VUs, 1503 complete and 0 interrupted iterations
normal_day   [  79% ] 040/100 VUs  07m55.9s/10m0s  4.00 iters/s

running (07m56.9s), 040/100 VUs, 1507 complete and 0 interrupted iterations
normal_day   [  79% ] 040/100 VUs  07m56.9s/10m0s  4.00 iters/s

running (07m57.9s), 041/100 VUs, 1510 complete and 0 interrupted iterations
normal_day   [  80% ] 041/100 VUs  07m57.9s/10m0s  4.00 iters/s

running (07m58.9s), 038/100 VUs, 1517 complete and 0 interrupted iterations
normal_day   [  80% ] 038/100 VUs  07m58.9s/10m0s  4.00 iters/s

running (07m59.9s), 039/100 VUs, 1520 complete and 0 interrupted iterations
normal_day   [  80% ] 039/100 VUs  07m59.9s/10m0s  4.00 iters/s

running (08m00.9s), 037/100 VUs, 1526 complete and 0 interrupted iterations
normal_day   [  80% ] 037/100 VUs  08m00.9s/10m0s  3.97 iters/s

running (08m01.9s), 035/100 VUs, 1532 complete and 0 interrupted iterations
normal_day   [  80% ] 035/100 VUs  08m01.9s/10m0s  3.94 iters/s

running (08m02.9s), 035/100 VUs, 1536 complete and 0 interrupted iterations
normal_day   [  80% ] 035/100 VUs  08m02.9s/10m0s  3.90 iters/s

running (08m03.9s), 039/100 VUs, 1536 complete and 0 interrupted iterations
normal_day   [  81% ] 039/100 VUs  08m03.9s/10m0s  3.87 iters/s

running (08m04.9s), 040/100 VUs, 1539 complete and 0 interrupted iterations
normal_day   [  81% ] 040/100 VUs  08m04.9s/10m0s  3.83 iters/s

running (08m05.9s), 039/100 VUs, 1543 complete and 0 interrupted iterations
normal_day   [  81% ] 039/100 VUs  08m05.9s/10m0s  3.81 iters/s

running (08m06.9s), 039/100 VUs, 1547 complete and 0 interrupted iterations
normal_day   [  81% ] 039/100 VUs  08m06.9s/10m0s  3.77 iters/s

running (08m07.9s), 043/100 VUs, 1547 complete and 0 interrupted iterations
normal_day   [  81% ] 043/100 VUs  08m07.9s/10m0s  3.74 iters/s

running (08m08.9s), 042/100 VUs, 1552 complete and 0 interrupted iterations
normal_day   [  81% ] 042/100 VUs  08m08.9s/10m0s  3.70 iters/s

running (08m09.9s), 040/100 VUs, 1557 complete and 0 interrupted iterations
normal_day   [  82% ] 040/100 VUs  08m09.9s/10m0s  3.67 iters/s

running (08m10.9s), 043/100 VUs, 1558 complete and 0 interrupted iterations
normal_day   [  82% ] 043/100 VUs  08m10.9s/10m0s  3.64 iters/s

running (08m11.9s), 040/100 VUs, 1565 complete and 0 interrupted iterations
normal_day   [  82% ] 040/100 VUs  08m11.9s/10m0s  3.60 iters/s

running (08m12.9s), 039/100 VUs, 1569 complete and 0 interrupted iterations
normal_day   [  82% ] 039/100 VUs  08m12.9s/10m0s  3.57 iters/s

running (08m13.9s), 040/100 VUs, 1572 complete and 0 interrupted iterations
normal_day   [  82% ] 040/100 VUs  08m13.9s/10m0s  3.54 iters/s

running (08m14.9s), 038/100 VUs, 1577 complete and 0 interrupted iterations
normal_day   [  82% ] 038/100 VUs  08m14.9s/10m0s  3.51 iters/s

running (08m15.9s), 033/100 VUs, 1586 complete and 0 interrupted iterations
normal_day   [  83% ] 033/100 VUs  08m15.9s/10m0s  3.47 iters/s

running (08m16.9s), 033/100 VUs, 1589 complete and 0 interrupted iterations
normal_day   [  83% ] 033/100 VUs  08m16.9s/10m0s  3.44 iters/s

running (08m17.9s), 033/100 VUs, 1593 complete and 0 interrupted iterations
normal_day   [  83% ] 033/100 VUs  08m17.9s/10m0s  3.40 iters/s

running (08m18.9s), 036/100 VUs, 1593 complete and 0 interrupted iterations
normal_day   [  83% ] 036/100 VUs  08m18.9s/10m0s  3.37 iters/s

running (08m19.9s), 036/100 VUs, 1596 complete and 0 interrupted iterations
normal_day   [  83% ] 036/100 VUs  08m19.9s/10m0s  3.34 iters/s

running (08m20.9s), 037/100 VUs, 1599 complete and 0 interrupted iterations
normal_day   [  83% ] 037/100 VUs  08m20.9s/10m0s  3.30 iters/s

running (08m21.9s), 037/100 VUs, 1602 complete and 0 interrupted iterations
normal_day   [  84% ] 037/100 VUs  08m21.9s/10m0s  3.27 iters/s

running (08m22.9s), 033/100 VUs, 1609 complete and 0 interrupted iterations
normal_day   [  84% ] 033/100 VUs  08m22.9s/10m0s  3.24 iters/s

running (08m23.9s), 033/100 VUs, 1613 complete and 0 interrupted iterations
normal_day   [  84% ] 033/100 VUs  08m23.9s/10m0s  3.20 iters/s

running (08m24.9s), 032/100 VUs, 1617 complete and 0 interrupted iterations
normal_day   [  84% ] 032/100 VUs  08m24.9s/10m0s  3.17 iters/s

running (08m25.9s), 031/100 VUs, 1621 complete and 0 interrupted iterations
normal_day   [  84% ] 031/100 VUs  08m25.9s/10m0s  3.14 iters/s

running (08m26.9s), 032/100 VUs, 1623 complete and 0 interrupted iterations
normal_day   [  84% ] 032/100 VUs  08m26.9s/10m0s  3.10 iters/s

running (08m27.9s), 032/100 VUs, 1626 complete and 0 interrupted iterations
normal_day   [  85% ] 032/100 VUs  08m27.9s/10m0s  3.07 iters/s

running (08m28.9s), 034/100 VUs, 1627 complete and 0 interrupted iterations
normal_day   [  85% ] 034/100 VUs  08m28.9s/10m0s  3.04 iters/s

running (08m29.9s), 032/100 VUs, 1632 complete and 0 interrupted iterations
normal_day   [  85% ] 032/100 VUs  08m29.9s/10m0s  3.01 iters/s

running (08m30.9s), 032/100 VUs, 1635 complete and 0 interrupted iterations
normal_day   [  85% ] 032/100 VUs  08m30.9s/10m0s  2.97 iters/s

running (08m31.9s), 032/100 VUs, 1638 complete and 0 interrupted iterations
normal_day   [  85% ] 032/100 VUs  08m31.9s/10m0s  2.94 iters/s

running (08m32.9s), 031/100 VUs, 1642 complete and 0 interrupted iterations
normal_day   [  85% ] 031/100 VUs  08m32.9s/10m0s  2.90 iters/s

running (08m33.9s), 033/100 VUs, 1643 complete and 0 interrupted iterations
normal_day   [  86% ] 033/100 VUs  08m33.9s/10m0s  2.87 iters/s

running (08m34.9s), 034/100 VUs, 1645 complete and 0 interrupted iterations
normal_day   [  86% ] 034/100 VUs  08m34.9s/10m0s  2.83 iters/s

running (08m35.9s), 036/100 VUs, 1646 complete and 0 interrupted iterations
normal_day   [  86% ] 036/100 VUs  08m35.9s/10m0s  2.80 iters/s

running (08m36.9s), 036/100 VUs, 1648 complete and 0 interrupted iterations
normal_day   [  86% ] 036/100 VUs  08m36.9s/10m0s  2.77 iters/s

running (08m37.9s), 037/100 VUs, 1650 complete and 0 interrupted iterations
normal_day   [  86% ] 037/100 VUs  08m37.9s/10m0s  2.74 iters/s

running (08m38.9s), 037/100 VUs, 1653 complete and 0 interrupted iterations
normal_day   [  86% ] 037/100 VUs  08m38.9s/10m0s  2.70 iters/s

running (08m39.9s), 036/100 VUs, 1657 complete and 0 interrupted iterations
normal_day   [  87% ] 036/100 VUs  08m39.9s/10m0s  2.66 iters/s

running (08m40.9s), 034/100 VUs, 1661 complete and 0 interrupted iterations
normal_day   [  87% ] 034/100 VUs  08m40.9s/10m0s  2.64 iters/s

running (08m41.9s), 031/100 VUs, 1667 complete and 0 interrupted iterations
normal_day   [  87% ] 031/100 VUs  08m41.9s/10m0s  2.60 iters/s

running (08m42.9s), 030/100 VUs, 1670 complete and 0 interrupted iterations
normal_day   [  87% ] 030/100 VUs  08m42.9s/10m0s  2.58 iters/s

running (08m43.9s), 032/100 VUs, 1671 complete and 0 interrupted iterations
normal_day   [  87% ] 032/100 VUs  08m43.9s/10m0s  2.54 iters/s

running (08m44.9s), 027/100 VUs, 1678 complete and 0 interrupted iterations
normal_day   [  87% ] 027/100 VUs  08m44.9s/10m0s  2.51 iters/s

running (08m45.9s), 026/100 VUs, 1682 complete and 0 interrupted iterations
normal_day   [  88% ] 026/100 VUs  08m45.9s/10m0s  2.47 iters/s

running (08m46.9s), 025/100 VUs, 1685 complete and 0 interrupted iterations
normal_day   [  88% ] 025/100 VUs  08m46.9s/10m0s  2.44 iters/s

running (08m47.9s), 026/100 VUs, 1687 complete and 0 interrupted iterations
normal_day   [  88% ] 026/100 VUs  08m47.9s/10m0s  2.40 iters/s

running (08m48.9s), 024/100 VUs, 1691 complete and 0 interrupted iterations
normal_day   [  88% ] 024/100 VUs  08m48.9s/10m0s  2.37 iters/s

running (08m49.9s), 021/100 VUs, 1697 complete and 0 interrupted iterations
normal_day   [  88% ] 021/100 VUs  08m49.9s/10m0s  2.33 iters/s

running (08m50.9s), 021/100 VUs, 1699 complete and 0 interrupted iterations
normal_day   [  88% ] 021/100 VUs  08m50.9s/10m0s  2.30 iters/s

running (08m51.9s), 020/100 VUs, 1702 complete and 0 interrupted iterations
normal_day   [  89% ] 020/100 VUs  08m51.9s/10m0s  2.27 iters/s

running (08m52.9s), 018/100 VUs, 1706 complete and 0 interrupted iterations
normal_day   [  89% ] 018/100 VUs  08m52.9s/10m0s  2.24 iters/s

running (08m53.9s), 021/100 VUs, 1706 complete and 0 interrupted iterations
normal_day   [  89% ] 021/100 VUs  08m53.9s/10m0s  2.20 iters/s

running (08m54.9s), 019/100 VUs, 1710 complete and 0 interrupted iterations
normal_day   [  89% ] 019/100 VUs  08m54.9s/10m0s  2.17 iters/s

running (08m55.9s), 019/100 VUs, 1712 complete and 0 interrupted iterations
normal_day   [  89% ] 019/100 VUs  08m55.9s/10m0s  2.14 iters/s

running (08m56.9s), 018/100 VUs, 1715 complete and 0 interrupted iterations
normal_day   [  89% ] 018/100 VUs  08m56.9s/10m0s  2.11 iters/s

running (08m57.9s), 016/100 VUs, 1719 complete and 0 interrupted iterations
normal_day   [  90% ] 016/100 VUs  08m57.9s/10m0s  2.07 iters/s

running (08m58.9s), 018/100 VUs, 1719 complete and 0 interrupted iterations
normal_day   [  90% ] 018/100 VUs  08m58.9s/10m0s  2.04 iters/s

running (08m59.9s), 018/100 VUs, 1721 complete and 0 interrupted iterations
normal_day   [  90% ] 018/100 VUs  08m59.9s/10m0s  2.01 iters/s

running (09m00.9s), 017/100 VUs, 1724 complete and 0 interrupted iterations
normal_day   [  90% ] 017/100 VUs  09m00.9s/10m0s  1.97 iters/s

running (09m01.9s), 019/100 VUs, 1724 complete and 0 interrupted iterations
normal_day   [  90% ] 019/100 VUs  09m01.9s/10m0s  1.94 iters/s

running (09m02.9s), 020/100 VUs, 1725 complete and 0 interrupted iterations
normal_day   [  90% ] 020/100 VUs  09m02.9s/10m0s  1.91 iters/s

running (09m03.9s), 022/100 VUs, 1725 complete and 0 interrupted iterations
normal_day   [  91% ] 022/100 VUs  09m03.9s/10m0s  1.87 iters/s

running (09m04.9s), 024/100 VUs, 1725 complete and 0 interrupted iterations
normal_day   [  91% ] 024/100 VUs  09m04.9s/10m0s  1.83 iters/s

running (09m05.9s), 019/100 VUs, 1732 complete and 0 interrupted iterations
normal_day   [  91% ] 019/100 VUs  09m05.9s/10m0s  1.80 iters/s

running (09m06.9s), 017/100 VUs, 1735 complete and 0 interrupted iterations
normal_day   [  91% ] 017/100 VUs  09m06.9s/10m0s  1.78 iters/s

running (09m07.9s), 017/100 VUs, 1737 complete and 0 interrupted iterations
normal_day   [  91% ] 017/100 VUs  09m07.9s/10m0s  1.74 iters/s

running (09m08.9s), 018/100 VUs, 1738 complete and 0 interrupted iterations
normal_day   [  91% ] 018/100 VUs  09m08.9s/10m0s  1.70 iters/s

running (09m09.9s), 018/100 VUs, 1740 complete and 0 interrupted iterations
normal_day   [  92% ] 018/100 VUs  09m09.9s/10m0s  1.66 iters/s

running (09m10.9s), 018/100 VUs, 1741 complete and 0 interrupted iterations
normal_day   [  92% ] 018/100 VUs  09m10.9s/10m0s  1.64 iters/s

running (09m11.9s), 019/100 VUs, 1742 complete and 0 interrupted iterations
normal_day   [  92% ] 019/100 VUs  09m11.9s/10m0s  1.60 iters/s

running (09m12.9s), 019/100 VUs, 1744 complete and 0 interrupted iterations
normal_day   [  92% ] 019/100 VUs  09m12.9s/10m0s  1.56 iters/s

running (09m13.9s), 019/100 VUs, 1745 complete and 0 interrupted iterations
normal_day   [  92% ] 019/100 VUs  09m13.9s/10m0s  1.54 iters/s

running (09m14.9s), 019/100 VUs, 1747 complete and 0 interrupted iterations
normal_day   [  92% ] 019/100 VUs  09m14.9s/10m0s  1.49 iters/s

running (09m15.9s), 018/100 VUs, 1749 complete and 0 interrupted iterations
normal_day   [  93% ] 018/100 VUs  09m15.9s/10m0s  1.47 iters/s

running (09m16.9s), 018/100 VUs, 1751 complete and 0 interrupted iterations
normal_day   [  93% ] 018/100 VUs  09m16.9s/10m0s  1.43 iters/s

running (09m17.9s), 016/100 VUs, 1754 complete and 0 interrupted iterations
normal_day   [  93% ] 016/100 VUs  09m17.9s/10m0s  1.40 iters/s

running (09m18.9s), 016/100 VUs, 1755 complete and 0 interrupted iterations
normal_day   [  93% ] 016/100 VUs  09m18.9s/10m0s  1.38 iters/s

running (09m19.9s), 017/100 VUs, 1756 complete and 0 interrupted iterations
normal_day   [  93% ] 017/100 VUs  09m19.9s/10m0s  1.33 iters/s

running (09m20.9s), 015/100 VUs, 1759 complete and 0 interrupted iterations
normal_day   [  93% ] 015/100 VUs  09m20.9s/10m0s  1.30 iters/s

running (09m21.9s), 014/100 VUs, 1761 complete and 0 interrupted iterations
normal_day   [  94% ] 014/100 VUs  09m21.9s/10m0s  1.28 iters/s

running (09m22.9s), 015/100 VUs, 1762 complete and 0 interrupted iterations
normal_day   [  94% ] 015/100 VUs  09m22.9s/10m0s  1.22 iters/s

running (09m23.9s), 016/100 VUs, 1762 complete and 0 interrupted iterations
normal_day   [  94% ] 016/100 VUs  09m23.9s/10m0s  1.20 iters/s

running (09m24.9s), 014/100 VUs, 1765 complete and 0 interrupted iterations
normal_day   [  94% ] 014/100 VUs  09m24.9s/10m0s  1.17 iters/s

running (09m25.9s), 015/100 VUs, 1765 complete and 0 interrupted iterations
normal_day   [  94% ] 015/100 VUs  09m25.9s/10m0s  1.14 iters/s

running (09m26.9s), 010/100 VUs, 1771 complete and 0 interrupted iterations
normal_day   [  94% ] 010/100 VUs  09m26.9s/10m0s  1.11 iters/s

running (09m27.9s), 011/100 VUs, 1771 complete and 0 interrupted iterations
normal_day   [  95% ] 011/100 VUs  09m27.9s/10m0s  1.08 iters/s

running (09m28.9s), 011/100 VUs, 1772 complete and 0 interrupted iterations
normal_day   [  95% ] 011/100 VUs  09m28.9s/10m0s  1.05 iters/s

running (09m29.9s), 011/100 VUs, 1773 complete and 0 interrupted iterations
normal_day   [  95% ] 011/100 VUs  09m29.9s/10m0s  1.02 iters/s

running (09m30.9s), 012/100 VUs, 1773 complete and 0 interrupted iterations
normal_day   [  95% ] 012/100 VUs  09m30.9s/10m0s  0.98 iters/s

running (09m31.9s), 013/100 VUs, 1773 complete and 0 interrupted iterations
normal_day   [  95% ] 013/100 VUs  09m31.9s/10m0s  0.95 iters/s

running (09m32.9s), 012/100 VUs, 1775 complete and 0 interrupted iterations
normal_day   [  95% ] 012/100 VUs  09m32.9s/10m0s  0.91 iters/s

running (09m33.9s), 012/100 VUs, 1776 complete and 0 interrupted iterations
normal_day   [  96% ] 012/100 VUs  09m33.9s/10m0s  0.88 iters/s

running (09m34.9s), 013/100 VUs, 1776 complete and 0 interrupted iterations
normal_day   [  96% ] 013/100 VUs  09m34.9s/10m0s  0.84 iters/s

running (09m35.9s), 014/100 VUs, 1776 complete and 0 interrupted iterations
normal_day   [  96% ] 014/100 VUs  09m35.9s/10m0s  0.80 iters/s

running (09m36.9s), 012/100 VUs, 1779 complete and 0 interrupted iterations
normal_day   [  96% ] 012/100 VUs  09m36.9s/10m0s  0.75 iters/s

running (09m37.9s), 010/100 VUs, 1781 complete and 0 interrupted iterations
normal_day   [  96% ] 010/100 VUs  09m37.9s/10m0s  0.75 iters/s

running (09m38.9s), 010/100 VUs, 1782 complete and 0 interrupted iterations
normal_day   [  96% ] 010/100 VUs  09m38.9s/10m0s  0.71 iters/s

running (09m39.9s), 010/100 VUs, 1783 complete and 0 interrupted iterations
normal_day   [  97% ] 010/100 VUs  09m39.9s/10m0s  0.66 iters/s

running (09m40.9s), 010/100 VUs, 1783 complete and 0 interrupted iterations
normal_day   [  97% ] 010/100 VUs  09m40.9s/10m0s  0.66 iters/s

running (09m41.9s), 008/100 VUs, 1786 complete and 0 interrupted iterations
normal_day   [  97% ] 008/100 VUs  09m41.9s/10m0s  0.60 iters/s

running (09m42.9s), 009/100 VUs, 1786 complete and 0 interrupted iterations
normal_day   [  97% ] 009/100 VUs  09m42.9s/10m0s  0.55 iters/s

running (09m43.9s), 009/100 VUs, 1786 complete and 0 interrupted iterations
normal_day   [  97% ] 009/100 VUs  09m43.9s/10m0s  0.55 iters/s

running (09m44.9s), 008/100 VUs, 1788 complete and 0 interrupted iterations
normal_day   [  97% ] 008/100 VUs  09m44.9s/10m0s  0.48 iters/s

running (09m45.9s), 008/100 VUs, 1788 complete and 0 interrupted iterations
normal_day   [  98% ] 008/100 VUs  09m45.9s/10m0s  0.48 iters/s

running (09m46.9s), 009/100 VUs, 1788 complete and 0 interrupted iterations
normal_day   [  98% ] 009/100 VUs  09m46.9s/10m0s  0.41 iters/s

running (09m47.9s), 008/100 VUs, 1789 complete and 0 interrupted iterations
normal_day   [  98% ] 008/100 VUs  09m47.9s/10m0s  0.41 iters/s

running (09m48.9s), 007/100 VUs, 1790 complete and 0 interrupted iterations
normal_day   [  98% ] 007/100 VUs  09m48.9s/10m0s  0.41 iters/s

running (09m49.9s), 007/100 VUs, 1791 complete and 0 interrupted iterations
normal_day   [  98% ] 007/100 VUs  09m49.9s/10m0s  0.31 iters/s

running (09m50.9s), 005/100 VUs, 1793 complete and 0 interrupted iterations
normal_day   [  98% ] 005/100 VUs  09m50.9s/10m0s  0.31 iters/s

running (09m51.9s), 003/100 VUs, 1795 complete and 0 interrupted iterations
normal_day   [  99% ] 003/100 VUs  09m51.9s/10m0s  0.31 iters/s

running (09m52.9s), 004/100 VUs, 1795 complete and 0 interrupted iterations
normal_day   [  99% ] 004/100 VUs  09m52.9s/10m0s  0.13 iters/s

running (09m53.9s), 004/100 VUs, 1795 complete and 0 interrupted iterations
normal_day   [  99% ] 004/100 VUs  09m53.9s/10m0s  0.13 iters/s

running (09m54.9s), 004/100 VUs, 1795 complete and 0 interrupted iterations
normal_day   [  99% ] 004/100 VUs  09m54.9s/10m0s  0.13 iters/s

running (09m55.9s), 003/100 VUs, 1796 complete and 0 interrupted iterations
normal_day   [  99% ] 003/100 VUs  09m55.9s/10m0s  0.13 iters/s

running (09m56.9s), 003/100 VUs, 1796 complete and 0 interrupted iterations
normal_day   [  99% ] 003/100 VUs  09m56.9s/10m0s  0.13 iters/s

running (09m57.9s), 003/100 VUs, 1796 complete and 0 interrupted iterations
normal_day   [ 100% ] 003/100 VUs  09m57.9s/10m0s  0.13 iters/s

running (09m58.9s), 002/100 VUs, 1797 complete and 0 interrupted iterations
normal_day   [ 100% ] 002/100 VUs  09m58.9s/10m0s  0.13 iters/s

running (09m59.9s), 002/100 VUs, 1797 complete and 0 interrupted iterations
normal_day   [ 100% ] 002/100 VUs  09m59.9s/10m0s  0.13 iters/s

running (10m00.9s), 001/100 VUs, 1798 complete and 0 interrupted iterations
normal_day ↓ [ 100% ] 002/100 VUs  10m0s  0.13 iters/s

running (10m01.9s), 001/100 VUs, 1798 complete and 0 interrupted iterations
normal_day ↓ [ 100% ] 002/100 VUs  10m0s  0.13 iters/s

running (10m02.9s), 001/100 VUs, 1798 complete and 0 interrupted iterations
normal_day ↓ [ 100% ] 002/100 VUs  10m0s  0.13 iters/s
[32m     ✓ login 200[0m
[32m     ✓ board list 200[0m
[32m     ✓ hot daily 200[0m
[32m     ✓ post detail 200[0m
[32m     ✓ post list 200[0m
[32m     ✓ post reaction 2xx[0m
[32m     ✓ post create 2xx[0m
[32m     ✓ comment list 200[0m
[32m     ✓ comment create 2xx[0m
[32m     ✓ chat rooms 200[0m
[32m     ✓ post search 200[0m
[32m     ✓ chat messages 200[0m
[32m     ✓ meal today 200[0m
[32m     ✓ chat read 200[0m
[32m     ✓ user info 200[0m
[32m     ✓ timetable today 200[0m
[32m     ✓ my posts 200[0m
[32m     ✓ friend list 200[0m
[32m     ✓ received reqs 200[0m
[32m     ✓ ws handshake 101[0m
[32m     ✓ unread count 200[0m
[32m     ✓ comment reaction 200[0m
[32m     ✓ notif list 200[0m
[32m     ✓ read one 200[0m
[32m     ✓ refresh 200[0m
[32m     ✓ logout 200[0m
[32m     ✓ post update 200[0m
[32m     ✓ post delete 200[0m
[32m     ✓ scrap 2xx[0m
[32m     ✓ meal month 200[0m
[32m     ✓ read all 200[0m

     auth_token_refreshes[2m...........:[0m [36m18[0m      [36;2m0.029846/s[0m
     chat_ws_messages_sent[2m..........:[0m [36m444[0m     [36;2m0.73619/s[0m
     chat_ws_rtt[2m....................:[0m avg=[36m30.73ms[0m  min=[36m15ms[0m    med=[36m24ms[0m     max=[36m703ms[0m    p(90)=[36m38ms[0m     p(95)=[36m46.84ms[0m  p(99)=[36m121.41ms[0m
     checks[2m.........................:[0m [36m100.00%[0m [36;2m✓ 7671[0m      [36;2m✗ 0[0m    
     [32m✓[0m { phase:measure }[2m............:[0m [36m100.00%[0m [36;2m✓ 5012[0m      [36;2m✗ 0[0m    
     [32m✓[0m { phase:rampdown }[2m...........:[0m [36m100.00%[0m [36;2m✓ 1158[0m      [36;2m✗ 0[0m    
     [32m✓[0m { phase:warmup }[2m.............:[0m [36m100.00%[0m [36;2m✓ 1501[0m      [36;2m✗ 0[0m    
     data_received[2m..................:[0m [36m338 MB[0m  [36;2m560 kB/s[0m
     data_sent[2m......................:[0m [36m3.1 MB[0m  [36;2m5.1 kB/s[0m
     http_req_blocked[2m...............:[0m avg=[36m17.11µs[0m  min=[36m1.67µs[0m  med=[36m5.71µs[0m   max=[36m12.88ms[0m  p(90)=[36m14.88µs[0m  p(95)=[36m17.71µs[0m  p(99)=[36m294.84µs[0m
     http_req_connecting[2m............:[0m avg=[36m7.02µs[0m   min=[36m0s[0m      med=[36m0s[0m       max=[36m12.79ms[0m  p(90)=[36m0s[0m       p(95)=[36m0s[0m       p(99)=[36m205.25µs[0m
     http_req_duration[2m..............:[0m avg=[36m92.44ms[0m  min=[36m1.98ms[0m  med=[36m7.58ms[0m   max=[36m8.45s[0m    p(90)=[36m78.7ms[0m   p(95)=[36m364.65ms[0m p(99)=[36m2.15s[0m   
       { expected_response:true }[2m...:[0m avg=[36m92.44ms[0m  min=[36m1.98ms[0m  med=[36m7.58ms[0m   max=[36m8.45s[0m    p(90)=[36m78.7ms[0m   p(95)=[36m364.65ms[0m p(99)=[36m2.15s[0m   
     [32m✓[0m { feature:auth }[2m.............:[0m avg=[36m108.1ms[0m  min=[36m15.29ms[0m med=[36m93.37ms[0m  max=[36m992.74ms[0m p(90)=[36m137.63ms[0m p(95)=[36m347.58ms[0m p(99)=[36m602.61ms[0m
     [32m✓[0m { feature:board }[2m............:[0m avg=[36m6.24ms[0m   min=[36m2.16ms[0m  med=[36m3.74ms[0m   max=[36m157.21ms[0m p(90)=[36m9.24ms[0m   p(95)=[36m11.32ms[0m  p(99)=[36m54.54ms[0m 
     [32m✓[0m { feature:chat }[2m.............:[0m avg=[36m9.83ms[0m   min=[36m2.26ms[0m  med=[36m5.62ms[0m   max=[36m451.38ms[0m p(90)=[36m14.37ms[0m  p(95)=[36m17.64ms[0m  p(99)=[36m71.3ms[0m  
     [32m✓[0m { feature:comment }[2m..........:[0m avg=[36m461.1ms[0m  min=[36m2.18ms[0m  med=[36m54.04ms[0m  max=[36m8.45s[0m    p(90)=[36m1.88s[0m    p(95)=[36m2.18s[0m    p(99)=[36m4.06s[0m   
     [32m✓[0m { feature:friend }[2m...........:[0m avg=[36m6.49ms[0m   min=[36m2.61ms[0m  med=[36m3.78ms[0m   max=[36m103.39ms[0m p(90)=[36m10.3ms[0m   p(95)=[36m12.68ms[0m  p(99)=[36m38.09ms[0m 
     [32m✓[0m { feature:hot }[2m..............:[0m avg=[36m17.71ms[0m  min=[36m7.92ms[0m  med=[36m13.19ms[0m  max=[36m310.62ms[0m p(90)=[36m27.11ms[0m  p(95)=[36m30.23ms[0m  p(99)=[36m64.2ms[0m  
     [32m✓[0m { feature:mypage }[2m...........:[0m avg=[36m6.58ms[0m   min=[36m2.5ms[0m   med=[36m3.7ms[0m    max=[36m84.86ms[0m  p(90)=[36m10.3ms[0m   p(95)=[36m12.82ms[0m  p(99)=[36m69.03ms[0m 
     [32m✓[0m { feature:notification }[2m.....:[0m avg=[36m14.05ms[0m  min=[36m2.4ms[0m   med=[36m8.11ms[0m   max=[36m643.97ms[0m p(90)=[36m21.53ms[0m  p(95)=[36m29.44ms[0m  p(99)=[36m86.22ms[0m 
     [32m✓[0m { feature:post }[2m.............:[0m avg=[36m10.1ms[0m   min=[36m1.98ms[0m  med=[36m5.6ms[0m    max=[36m557.36ms[0m p(90)=[36m16.98ms[0m  p(95)=[36m28.92ms[0m  p(99)=[36m63.04ms[0m 
     [32m✓[0m { feature:reaction }[2m.........:[0m avg=[36m28.59ms[0m  min=[36m15.47ms[0m med=[36m24.24ms[0m  max=[36m223.08ms[0m p(90)=[36m38.22ms[0m  p(95)=[36m45.08ms[0m  p(99)=[36m76.52ms[0m 
     [32m✓[0m { feature:school }[2m...........:[0m avg=[36m6.93ms[0m   min=[36m2.85ms[0m  med=[36m4ms[0m      max=[36m77.86ms[0m  p(90)=[36m10.44ms[0m  p(95)=[36m11.6ms[0m   p(99)=[36m52.93ms[0m 
     [32m✓[0m { feature:scrap }[2m............:[0m avg=[36m26.02ms[0m  min=[36m15ms[0m    med=[36m21.79ms[0m  max=[36m157.55ms[0m p(90)=[36m32.22ms[0m  p(95)=[36m36.71ms[0m  p(99)=[36m97.28ms[0m 
     [32m✓[0m { feature:timetable }[2m........:[0m avg=[36m13.91ms[0m  min=[36m2.3ms[0m   med=[36m3.54ms[0m   max=[36m391.84ms[0m p(90)=[36m9.64ms[0m   p(95)=[36m12.46ms[0m  p(99)=[36m296.82ms[0m
     [32m✓[0m { op:auth }[2m..................:[0m avg=[36m108.1ms[0m  min=[36m15.29ms[0m med=[36m93.37ms[0m  max=[36m992.74ms[0m p(90)=[36m137.63ms[0m p(95)=[36m347.58ms[0m p(99)=[36m602.61ms[0m
     [31m✗[0m { op:read,phase:measure }[2m....:[0m avg=[36m99.21ms[0m  min=[36m1.98ms[0m  med=[36m6.07ms[0m   max=[36m8.45s[0m    p(90)=[36m66.04ms[0m  p(95)=[36m436.92ms[0m p(99)=[36m2.17s[0m   
     [32m✓[0m { op:write,phase:measure }[2m...:[0m avg=[36m23.67ms[0m  min=[36m2.82ms[0m  med=[36m20.48ms[0m  max=[36m310.18ms[0m p(90)=[36m39.61ms[0m  p(95)=[36m49.24ms[0m  p(99)=[36m90.8ms[0m  
     [32m✓[0m { page:0 }[2m...................:[0m avg=[36m10.41ms[0m  min=[36m2.04ms[0m  med=[36m3.68ms[0m   max=[36m341.04ms[0m p(90)=[36m32.43ms[0m  p(95)=[36m38.56ms[0m  p(99)=[36m63.81ms[0m 
     [32m✓[0m { page:1 }[2m...................:[0m avg=[36m15.23ms[0m  min=[36m1.98ms[0m  med=[36m3.77ms[0m   max=[36m557.36ms[0m p(90)=[36m37.64ms[0m  p(95)=[36m46.96ms[0m  p(99)=[36m130.24ms[0m
     [32m✓[0m { page:2 }[2m...................:[0m avg=[36m7.84ms[0m   min=[36m2.39ms[0m  med=[36m3.35ms[0m   max=[36m43.29ms[0m  p(90)=[36m20.83ms[0m  p(95)=[36m34.39ms[0m  p(99)=[36m42.98ms[0m 
     [32m✓[0m { page:3 }[2m...................:[0m avg=[36m10.47ms[0m  min=[36m2.37ms[0m  med=[36m3.87ms[0m   max=[36m221.12ms[0m p(90)=[36m9.25ms[0m   p(95)=[36m31.01ms[0m  p(99)=[36m131.32ms[0m
     [32m✓[0m { page:4 }[2m...................:[0m avg=[36m9.56ms[0m   min=[36m2.03ms[0m  med=[36m3.35ms[0m   max=[36m76.33ms[0m  p(90)=[36m37.24ms[0m  p(95)=[36m38.13ms[0m  p(99)=[36m65.09ms[0m 
     [32m✓[0m { phase:measure }[2m............:[0m avg=[36m93.08ms[0m  min=[36m1.98ms[0m  med=[36m6.58ms[0m   max=[36m8.45s[0m    p(90)=[36m56.63ms[0m  p(95)=[36m368.24ms[0m p(99)=[36m2.14s[0m   
     [32m✓[0m { phase:rampdown }[2m...........:[0m avg=[36m90.63ms[0m  min=[36m2.03ms[0m  med=[36m7.08ms[0m   max=[36m2.51s[0m    p(90)=[36m69.96ms[0m  p(95)=[36m468.38ms[0m p(99)=[36m2.11s[0m   
     [32m✓[0m { phase:warmup }[2m.............:[0m avg=[36m91.68ms[0m  min=[36m2.91ms[0m  med=[36m9.47ms[0m   max=[36m7.49s[0m    p(90)=[36m98.25ms[0m  p(95)=[36m245.86ms[0m p(99)=[36m2.24s[0m   
     http_req_failed[2m................:[0m [36m0.00%[0m   [36;2m✓ 0[0m         [36;2m✗ 7596[0m 
     [32m✓[0m { phase:measure }[2m............:[0m [36m0.00%[0m   [36;2m✓ 0[0m         [36;2m✗ 4962[0m 
     [32m✓[0m { phase:rampdown }[2m...........:[0m [36m0.00%[0m   [36;2m✓ 0[0m         [36;2m✗ 1143[0m 
     [32m✓[0m { phase:warmup }[2m.............:[0m [36m0.00%[0m   [36;2m✓ 0[0m         [36;2m✗ 1491[0m 
     http_req_receiving[2m.............:[0m avg=[36m610.55µs[0m min=[36m25.03µs[0m med=[36m196.95µs[0m max=[36m79.29ms[0m  p(90)=[36m593.89µs[0m p(95)=[36m1.9ms[0m    p(99)=[36m10.47ms[0m 
     http_req_sending[2m...............:[0m avg=[36m42.29µs[0m  min=[36m6.79µs[0m  med=[36m30.22µs[0m  max=[36m2.4ms[0m    p(90)=[36m88.1µs[0m   p(95)=[36m111.68µs[0m p(99)=[36m168.08µs[0m
     http_req_tls_handshaking[2m.......:[0m avg=[36m0s[0m       min=[36m0s[0m      med=[36m0s[0m       max=[36m0s[0m       p(90)=[36m0s[0m       p(95)=[36m0s[0m       p(99)=[36m0s[0m      
     http_req_waiting[2m...............:[0m avg=[36m91.78ms[0m  min=[36m1.91ms[0m  med=[36m7.26ms[0m   max=[36m8.44s[0m    p(90)=[36m77.92ms[0m  p(95)=[36m361.76ms[0m p(99)=[36m2.14s[0m   
     http_reqs[2m......................:[0m [36m7596[0m    [36;2m12.594822/s[0m
     [32m✓[0m { feature:auth }[2m.............:[0m [36m154[0m     [36;2m0.255345/s[0m
     [32m✓[0m { feature:board }[2m............:[0m [36m686[0m     [36;2m1.137447/s[0m
     [32m✓[0m { feature:chat }[2m.............:[0m [36m630[0m     [36;2m1.044594/s[0m
     [32m✓[0m { feature:comment }[2m..........:[0m [36m1340[0m    [36;2m2.221835/s[0m
     [32m✓[0m { feature:friend }[2m...........:[0m [36m123[0m     [36;2m0.203945/s[0m
     [32m✓[0m { feature:hot }[2m..............:[0m [36m686[0m     [36;2m1.137447/s[0m
     [32m✓[0m { feature:mypage }[2m...........:[0m [36m142[0m     [36;2m0.235448/s[0m
     [32m✓[0m { feature:notification }[2m.....:[0m [36m285[0m     [36;2m0.472555/s[0m
     [32m✓[0m { feature:post }[2m.............:[0m [36m3205[0m    [36;2m5.314166/s[0m
     [32m✓[0m { feature:reaction }[2m.........:[0m [36m139[0m     [36;2m0.230474/s[0m
     [32m✓[0m { feature:school }[2m...........:[0m [36m83[0m      [36;2m0.137621/s[0m
     [32m✓[0m { feature:scrap }[2m............:[0m [36m52[0m      [36;2m0.08622/s[0m
     [32m✓[0m { feature:timetable }[2m........:[0m [36m71[0m      [36;2m0.117724/s[0m
     [32m✓[0m { op:auth }[2m..................:[0m [36m154[0m     [36;2m0.255345/s[0m
     [32m✓[0m { op:read }[2m..................:[0m [36m6840[0m    [36;2m11.341309/s[0m
     [32m✓[0m { op:write }[2m.................:[0m [36m602[0m     [36;2m0.998168/s[0m
     [32m✓[0m { page:0 }[2m...................:[0m [36m375[0m     [36;2m0.621782/s[0m
     [32m✓[0m { page:1 }[2m...................:[0m [36m135[0m     [36;2m0.223842/s[0m
     [32m✓[0m { page:2 }[2m...................:[0m [36m86[0m      [36;2m0.142595/s[0m
     [32m✓[0m { page:3 }[2m...................:[0m [36m49[0m      [36;2m0.081246/s[0m
     [32m✓[0m { page:4 }[2m...................:[0m [36m41[0m      [36;2m0.067982/s[0m
     [32m✓[0m { phase:measure }[2m............:[0m [36m4962[0m    [36;2m8.227423/s[0m
     [32m✓[0m { phase:rampdown }[2m...........:[0m [36m1143[0m    [36;2m1.895192/s[0m
     [32m✓[0m { phase:warmup }[2m.............:[0m [36m1491[0m    [36;2m2.472206/s[0m
     iteration_duration[2m.............:[0m avg=[36m9.82s[0m    min=[36m1.03s[0m   med=[36m7.33s[0m    max=[36m29.9s[0m    p(90)=[36m19.12s[0m   p(95)=[36m20.96s[0m   p(99)=[36m26.96s[0m  
     iterations[2m.....................:[0m [36m1799[0m    [36;2m2.982897/s[0m
     [32m✓[0m { phase:measure }[2m............:[0m [36m0[0m       [36;2m0/s[0m
     [32m✓[0m { phase:rampdown }[2m...........:[0m [36m0[0m       [36;2m0/s[0m
     [32m✓[0m { phase:warmup }[2m.............:[0m [36m0[0m       [36;2m0/s[0m
     phase_iterations[2m...............:[0m [36m1799[0m    [36;2m2.982897/s[0m
     [32m✓[0m { phase:measure }[2m............:[0m [36m1194[0m    [36;2m1.979755/s[0m
     [32m✓[0m { phase:rampdown }[2m...........:[0m [36m279[0m     [36;2m0.462606/s[0m
     [32m✓[0m { phase:warmup }[2m.............:[0m [36m326[0m     [36;2m0.540536/s[0m
     vus[2m............................:[0m [36m1[0m       [36;2mmin=0[0m       [36;2mmax=50[0m 
     vus_max[2m........................:[0m [36m100[0m     [36;2mmin=100[0m     [36;2mmax=100[0m
     ws_connecting[2m..................:[0m avg=[36m6.52ms[0m   min=[36m2.2ms[0m   med=[36m3.56ms[0m   max=[36m196.63ms[0m p(90)=[36m5.77ms[0m   p(95)=[36m6.45ms[0m   p(99)=[36m63.3ms[0m  
     ws_msgs_received[2m...............:[0m [36m519[0m     [36;2m0.860547/s[0m
     ws_msgs_sent[2m...................:[0m [36m594[0m     [36;2m0.984903/s[0m
     ws_session_duration[2m............:[0m avg=[36m22.83s[0m   min=[36m15.1s[0m   med=[36m23.43s[0m   max=[36m29.9s[0m    p(90)=[36m28.38s[0m   p(95)=[36m29.25s[0m   p(99)=[36m29.83s[0m  
     ws_sessions[2m....................:[0m [36m75[0m      [36;2m0.124356/s[0m
running (10m03.1s), 000/100 VUs, 1799 complete and 0 interrupted iterations
normal_day ✓ [ 100% ] 000/100 VUs  10m0s  0.13 iters/s
  호스트(Windows) 587표본 · CPU 12.7% (max 38.9) · 정규화성능 117.1% · vmmem 147.3% · 바쁜코어 2.5개 · 가용메모리 3421MB
  부하 중 벤치(warmup +60초, 3회 중앙값) · single 5987ms (유휴 대비 2.1%) · parallel 5528ms (유휴 대비 7.3%) · ctxswitch 2553ms (유휴 대비 0.4%)

  실행 후 상태 sha256:1b6f8c71c4be — chat_messages.count +444, chat_messages.maxId +444, comments.count +93, comments.maxId +93, notifications.count +93 (외 13개)
    (지문 제외 항목: posts.sumViewCount +1948, daily_hot_post.count +57)
Prometheus 스크레이프 대기 20초...

══════════════════════════════════════════════════════════════════════════
  Performance Report — normal-day   Run #119   ❌ FAIL
══════════════════════════════════════════════════════════════════════════
  환경 perf  |  브랜치 personal/localdocs  |  커밋 3e96d946  |  빌드 local
  시작 2026-08-20 21:10:53 KST  |  수행 10m 3s  |  VU max 100
  데이터셋 medium  |  부하 ramping-arrival-rate 0→4@3m0s→4@5m0s→0@2m0s maxVU 600

  ── 성능 (measure 구간) ─────────────────────────────────────────
  평균 93ms      P95 368ms     P99 2.15s    
  RPS  16.5      TPS 3.98      오류율 0.00%

  ── 인프라 ────────────────────────────────────────────────────────
  CPU  0.99 core (한계의 50%)   throttled 8.6%
  Heap 729 MB (71%)   GC max 82ms × 70회
  DB   slow 730  QPS 4,544  풀 30%  대기 0
  Redis hit 99.3%  ops 55.2/s  evicted 0

  ── 회귀 (기준: normal-day-2026-08-20T12-08-10) ────────────────
  ⚠  기준선은 당시 k6 threshold 미통과 실행입니다, 당시 Node 판정 FAIL.
     아래 증감률은 개선/악화 폭이며 현재 SLO 통과를 뜻하지 않습니다.
  ❌ P99 응답시간                   2.01s → 2.15s (+6.7%)
       2148 > 상한 1200
  ❌ 평균 응답시간                    74ms → 93ms (+26.4%)
       직전 대비 +26.4% 악화 (허용 25%)
  ⚠️  CPU throttling 비율          3.3% → 8.6% (+158.3%)
       8.60 > 상한 1.00

  ── 병목 가설 ─────────────────────────────────────────────────────
  • CPU throttling 발생
    cgroup이 CPU를 강제 회수한 주기가 8.6%다. CPU 한계(2 core)를 올리거나 요청당 CPU 사용을 줄여야 p99가 안정된다.
  • HTTP 요청당 쿼리 수 과다
    요청 1건당 평균 274.7개 쿼리가 실행됐다. N+1 패턴 가능성이 높다.
  • Slow Query 다발
    요청 1000건당 147.2건의 slow query(>100ms). 인덱스 또는 쿼리 계획 점검 대상.

  보고서 : reports\runs\normal-day-2026-08-20T12-20-57\report.html
  Grafana(전체 실행): http://localhost:3001/d/htd-perf-overview/highteenday-performance-overview?from=1787227733926&to=1787228577031
  Grafana(measure) : http://localhost:3001/d/htd-perf-overview/highteenday-performance-overview?from=1787227913926&to=1787228453926
══════════════════════════════════════════════════════════════════════════

  [4/4] p95 368.2ms · 평균 93.1ms · 서버측 89.3ms · 경로 3.8ms

══════════════════════════════════════════════════════════════════════════
  결과 — 유효 4/4회
══════════════════════════════════════════════════════════════════════════
  지표          평균        표준편차      CV        최소        최대
  ──────────────────────────────────────────────────────────────────────
  P95             363.9        57.57    15.82%      286.4       425.4
  P99            2122.6       104.93     4.94%     2013.1      2256.4
  평균               84.3        11.35    13.46%       73.6        95.1
  TPS               4.0         0.01     0.34%        4.0         4.0
  RPS              17.1         0.50     2.91%       16.5        17.6
  서버측 평균           81.7        10.69    13.08%       71.6        92.5
  경로 오버헤드           2.6         0.86    33.88%        1.8         3.8
  ──────────────────────────────────────────────────────────────────────

  ▶ 판정 지표: P95 CV = 15.82%  (같은 조건 반복 시 p95가 평균 대비 이만큼 흔들린다)

  저장: reports\repeatability\perf-2026-08-20T12-21-18.json
  원자료: reports/runs/ (환경 perf)

