══════════════════════════════════════════════════════════════════════════
  반복 정밀도 측정 — scenarios/normal-day.js
  반복 5회 · 도착률 4/s (open model) · 기본 · 데이터셋 medium
  환경 perf · 리셋 restart · 스크레이프 대기 20s
══════════════════════════════════════════════════════════════════════════

──────── [1/5] 리셋 (restart) ────────

▶ k6 run scenarios/normal-day.js
  브랜치 personal/localdocs · 커밋 f915176eabd4 · 실행자 user@DESKTOP-DJJPASG
  환경 perf · "KI-27 Before — API 축 포함 CV 확정용 5회 (재시작) — repeatability 1/5"
  데이터셋 medium · 상태 sha256:e5631b5b6f6c (179ms)
  캐시 cold (키 0개)
  guard strict — 상태 불일치 시 스냅샷 복원 후 재확인 [perf.config.json]
    guard=strict — 스냅샷으로 복원합니다.
▶ 복원 — medium-20260816-062210 → perf-mysql-data-medium
  앱·MySQL 정지
  MySQL 기동
  Redis FLUSHALL (복원 후 캐시는 cold 다)
  앱 기동
  복원 후 상태 지문 sha256:ffe696d17416 = 스냅샷 일치

✅ 복원 완료 · 소요 6.0초 (압축 해제 구간)

  부하 발생기: 컨테이너 perf-k6 (grafana/k6:2.1.0, CPU 상한 4)
  k6 지표 전송: http://prometheus:9090/api/v1/write (native histogram, 5s 간격)
  환경 대조 벤치 실행 중(3축 3회, 약 40초)... single 5357ms · parallel 4262ms · ctxswitch 2415ms
  부하 중 벤치 예약: k6 시작 +60초 (warmup 구간, 3회)

         /\      Grafana   /‾‾/  
    /\  /  \     |\  __   /  /   
   /  \/    \    | |/ /  /   ‾‾\ 
  /          \   |   (  |  (‾)  |
 / __________ \  |_|\_\  \_____/ 


     execution: local
        script: scenarios/normal-day.js
        output: Prometheus remote write (http://prometheus:9090/api/v1/write)

     scenarios: (100.00%) 1 scenario, 600 max VUs, 10m30s max duration (incl. graceful stop):
              * normal_day: Up to 4.00 iterations/s for 10m0s over 3 stages (maxVUs: 100-600, gracefulStop: 30s)


running (00m00.9s), 000/100 VUs, 0 complete and 0 interrupted iterations
normal_day   [   0% ] 000/100 VUs  00m00.9s/10m0s  0.11 iters/s

running (00m01.9s), 000/100 VUs, 0 complete and 0 interrupted iterations
normal_day   [   0% ] 000/100 VUs  00m01.9s/10m0s  0.11 iters/s

running (00m02.9s), 000/100 VUs, 0 complete and 0 interrupted iterations
normal_day   [   0% ] 000/100 VUs  00m02.9s/10m0s  0.11 iters/s

running (00m03.9s), 000/100 VUs, 0 complete and 0 interrupted iterations
normal_day   [   1% ] 000/100 VUs  00m03.9s/10m0s  0.11 iters/s

running (00m04.9s), 000/100 VUs, 0 complete and 0 interrupted iterations
normal_day   [   1% ] 000/100 VUs  00m04.9s/10m0s  0.11 iters/s

running (00m05.9s), 000/100 VUs, 0 complete and 0 interrupted iterations
normal_day   [   1% ] 000/100 VUs  00m05.9s/10m0s  0.11 iters/s

running (00m06.9s), 000/100 VUs, 0 complete and 0 interrupted iterations
normal_day   [   1% ] 000/100 VUs  00m06.9s/10m0s  0.11 iters/s

running (00m07.9s), 000/100 VUs, 0 complete and 0 interrupted iterations
normal_day   [   1% ] 000/100 VUs  00m07.9s/10m0s  0.11 iters/s

running (00m08.9s), 000/100 VUs, 0 complete and 0 interrupted iterations
normal_day   [   1% ] 000/100 VUs  00m08.9s/10m0s  0.11 iters/s

running (00m09.9s), 001/100 VUs, 0 complete and 0 interrupted iterations
normal_day   [   2% ] 001/100 VUs  00m09.9s/10m0s  0.25 iters/s

running (00m10.9s), 001/100 VUs, 0 complete and 0 interrupted iterations
normal_day   [   2% ] 001/100 VUs  00m10.9s/10m0s  0.25 iters/s

running (00m11.9s), 001/100 VUs, 0 complete and 0 interrupted iterations
normal_day   [   2% ] 001/100 VUs  00m11.9s/10m0s  0.25 iters/s

running (00m12.9s), 001/100 VUs, 0 complete and 0 interrupted iterations
normal_day   [   2% ] 001/100 VUs  00m12.9s/10m0s  0.25 iters/s

running (00m13.9s), 002/100 VUs, 0 complete and 0 interrupted iterations
normal_day   [   2% ] 002/100 VUs  00m13.9s/10m0s  0.33 iters/s

running (00m14.9s), 002/100 VUs, 0 complete and 0 interrupted iterations
normal_day   [   2% ] 002/100 VUs  00m14.9s/10m0s  0.33 iters/s

running (00m15.9s), 001/100 VUs, 1 complete and 0 interrupted iterations
normal_day   [   3% ] 001/100 VUs  00m15.9s/10m0s  0.33 iters/s

running (00m16.9s), 001/100 VUs, 2 complete and 0 interrupted iterations
normal_day   [   3% ] 001/100 VUs  00m16.9s/10m0s  0.39 iters/s

running (00m17.9s), 001/100 VUs, 2 complete and 0 interrupted iterations
normal_day   [   3% ] 001/100 VUs  00m17.9s/10m0s  0.39 iters/s

running (00m18.9s), 001/100 VUs, 2 complete and 0 interrupted iterations
normal_day   [   3% ] 001/100 VUs  00m18.9s/10m0s  0.39 iters/s

running (00m19.9s), 001/100 VUs, 3 complete and 0 interrupted iterations
normal_day   [   3% ] 001/100 VUs  00m19.9s/10m0s  0.45 iters/s

running (00m20.9s), 001/100 VUs, 3 complete and 0 interrupted iterations
normal_day   [   3% ] 001/100 VUs  00m20.9s/10m0s  0.45 iters/s

running (00m21.9s), 002/100 VUs, 3 complete and 0 interrupted iterations
normal_day   [   4% ] 002/100 VUs  00m21.9s/10m0s  0.49 iters/s

running (00m22.9s), 002/100 VUs, 3 complete and 0 interrupted iterations
normal_day   [   4% ] 002/100 VUs  00m22.9s/10m0s  0.49 iters/s

running (00m23.9s), 003/100 VUs, 3 complete and 0 interrupted iterations
normal_day   [   4% ] 003/100 VUs  00m23.9s/10m0s  0.54 iters/s

running (00m24.9s), 003/100 VUs, 3 complete and 0 interrupted iterations
normal_day   [   4% ] 003/100 VUs  00m24.9s/10m0s  0.54 iters/s

running (00m25.9s), 004/100 VUs, 3 complete and 0 interrupted iterations
normal_day   [   4% ] 004/100 VUs  00m25.9s/10m0s  0.58 iters/s

running (00m26.9s), 005/100 VUs, 3 complete and 0 interrupted iterations
normal_day   [   4% ] 005/100 VUs  00m26.9s/10m0s  0.61 iters/s

running (00m27.9s), 005/100 VUs, 3 complete and 0 interrupted iterations
normal_day   [   5% ] 005/100 VUs  00m27.9s/10m0s  0.61 iters/s

running (00m28.9s), 006/100 VUs, 3 complete and 0 interrupted iterations
normal_day   [   5% ] 006/100 VUs  00m28.9s/10m0s  0.65 iters/s

running (00m29.9s), 004/100 VUs, 5 complete and 0 interrupted iterations
normal_day   [   5% ] 004/100 VUs  00m29.9s/10m0s  0.65 iters/s

running (00m30.9s), 005/100 VUs, 5 complete and 0 interrupted iterations
normal_day   [   5% ] 005/100 VUs  00m30.9s/10m0s  0.68 iters/s

running (00m31.9s), 006/100 VUs, 5 complete and 0 interrupted iterations
normal_day   [   5% ] 006/100 VUs  00m31.9s/10m0s  0.71 iters/s

running (00m32.9s), 004/100 VUs, 7 complete and 0 interrupted iterations
normal_day   [   5% ] 004/100 VUs  00m32.9s/10m0s  0.71 iters/s

running (00m33.9s), 005/100 VUs, 7 complete and 0 interrupted iterations
normal_day   [   6% ] 005/100 VUs  00m33.9s/10m0s  0.75 iters/s

running (00m34.9s), 006/100 VUs, 7 complete and 0 interrupted iterations
normal_day   [   6% ] 006/100 VUs  00m34.9s/10m0s  0.77 iters/s

running (00m35.9s), 007/100 VUs, 7 complete and 0 interrupted iterations
normal_day   [   6% ] 007/100 VUs  00m35.9s/10m0s  0.80 iters/s

running (00m36.9s), 008/100 VUs, 7 complete and 0 interrupted iterations
normal_day   [   6% ] 008/100 VUs  00m36.9s/10m0s  0.83 iters/s

running (00m37.9s), 008/100 VUs, 7 complete and 0 interrupted iterations
normal_day   [   6% ] 008/100 VUs  00m37.9s/10m0s  0.83 iters/s

running (00m38.9s), 009/100 VUs, 7 complete and 0 interrupted iterations
normal_day   [   6% ] 009/100 VUs  00m38.9s/10m0s  0.86 iters/s

running (00m39.9s), 010/100 VUs, 7 complete and 0 interrupted iterations
normal_day   [   7% ] 010/100 VUs  00m39.9s/10m0s  0.88 iters/s

running (00m40.9s), 008/100 VUs, 10 complete and 0 interrupted iterations
normal_day   [   7% ] 008/100 VUs  00m40.9s/10m0s  0.91 iters/s

running (00m41.9s), 009/100 VUs, 10 complete and 0 interrupted iterations
normal_day   [   7% ] 009/100 VUs  00m41.9s/10m0s  0.93 iters/s

running (00m42.9s), 010/100 VUs, 10 complete and 0 interrupted iterations
normal_day   [   7% ] 010/100 VUs  00m42.9s/10m0s  0.95 iters/s

running (00m43.9s), 010/100 VUs, 11 complete and 0 interrupted iterations
normal_day   [   7% ] 010/100 VUs  00m43.9s/10m0s  0.98 iters/s

running (00m44.9s), 010/100 VUs, 12 complete and 0 interrupted iterations
normal_day   [   7% ] 010/100 VUs  00m44.9s/10m0s  1.00 iters/s

running (00m45.9s), 008/100 VUs, 15 complete and 0 interrupted iterations
normal_day   [   8% ] 008/100 VUs  00m45.9s/10m0s  1.02 iters/s

running (00m46.9s), 009/100 VUs, 15 complete and 0 interrupted iterations
normal_day   [   8% ] 009/100 VUs  00m46.9s/10m0s  1.04 iters/s

running (00m47.9s), 009/100 VUs, 16 complete and 0 interrupted iterations
normal_day   [   8% ] 009/100 VUs  00m47.9s/10m0s  1.06 iters/s

running (00m48.9s), 010/100 VUs, 16 complete and 0 interrupted iterations
normal_day   [   8% ] 010/100 VUs  00m48.9s/10m0s  1.09 iters/s

running (00m49.9s), 010/100 VUs, 17 complete and 0 interrupted iterations
normal_day   [   8% ] 010/100 VUs  00m49.9s/10m0s  1.11 iters/s

running (00m50.9s), 009/100 VUs, 19 complete and 0 interrupted iterations
normal_day   [   8% ] 009/100 VUs  00m50.9s/10m0s  1.13 iters/s

running (00m51.9s), 010/100 VUs, 19 complete and 0 interrupted iterations
normal_day   [   9% ] 010/100 VUs  00m51.9s/10m0s  1.14 iters/s

running (00m52.9s), 011/100 VUs, 20 complete and 0 interrupted iterations
normal_day   [   9% ] 011/100 VUs  00m52.9s/10m0s  1.18 iters/s

running (00m53.9s), 012/100 VUs, 20 complete and 0 interrupted iterations
normal_day   [   9% ] 012/100 VUs  00m53.9s/10m0s  1.20 iters/s

running (00m54.9s), 012/100 VUs, 21 complete and 0 interrupted iterations
normal_day   [   9% ] 012/100 VUs  00m54.9s/10m0s  1.22 iters/s

running (00m55.9s), 012/100 VUs, 22 complete and 0 interrupted iterations
normal_day   [   9% ] 012/100 VUs  00m55.9s/10m0s  1.24 iters/s

running (00m56.9s), 011/100 VUs, 24 complete and 0 interrupted iterations
normal_day   [   9% ] 011/100 VUs  00m56.9s/10m0s  1.26 iters/s

running (00m57.9s), 012/100 VUs, 25 complete and 0 interrupted iterations
normal_day   [  10% ] 012/100 VUs  00m57.9s/10m0s  1.29 iters/s

running (00m58.9s), 012/100 VUs, 26 complete and 0 interrupted iterations
normal_day   [  10% ] 012/100 VUs  00m58.9s/10m0s  1.31 iters/s

running (00m59.9s), 012/100 VUs, 27 complete and 0 interrupted iterations
normal_day   [  10% ] 012/100 VUs  00m59.9s/10m0s  1.32 iters/s

running (01m00.9s), 014/100 VUs, 27 complete and 0 interrupted iterations
normal_day   [  10% ] 014/100 VUs  01m00.9s/10m0s  1.36 iters/s

running (01m01.9s), 012/100 VUs, 30 complete and 0 interrupted iterations
normal_day   [  10% ] 012/100 VUs  01m01.9s/10m0s  1.37 iters/s

running (01m02.9s), 012/100 VUs, 31 complete and 0 interrupted iterations
normal_day   [  10% ] 012/100 VUs  01m02.9s/10m0s  1.39 iters/s

running (01m03.9s), 012/100 VUs, 33 complete and 0 interrupted iterations
normal_day   [  11% ] 012/100 VUs  01m03.9s/10m0s  1.42 iters/s

running (01m04.9s), 012/100 VUs, 34 complete and 0 interrupted iterations
normal_day   [  11% ] 012/100 VUs  01m04.9s/10m0s  1.44 iters/s

running (01m05.9s), 012/100 VUs, 36 complete and 0 interrupted iterations
normal_day   [  11% ] 012/100 VUs  01m05.9s/10m0s  1.47 iters/s

running (01m06.9s), 012/100 VUs, 37 complete and 0 interrupted iterations
normal_day   [  11% ] 012/100 VUs  01m06.9s/10m0s  1.48 iters/s

running (01m07.9s), 013/100 VUs, 38 complete and 0 interrupted iterations
normal_day   [  11% ] 013/100 VUs  01m07.9s/10m0s  1.51 iters/s

running (01m08.9s), 013/100 VUs, 39 complete and 0 interrupted iterations
normal_day   [  11% ] 013/100 VUs  01m08.9s/10m0s  1.53 iters/s

running (01m09.8s), 015/100 VUs, 39 complete and 0 interrupted iterations
normal_day   [  12% ] 015/100 VUs  01m09.9s/10m0s  1.56 iters/s

running (01m10.8s), 014/100 VUs, 41 complete and 0 interrupted iterations
normal_day   [  12% ] 014/100 VUs  01m10.9s/10m0s  1.57 iters/s

running (01m11.8s), 014/100 VUs, 43 complete and 0 interrupted iterations
normal_day   [  12% ] 014/100 VUs  01m11.9s/10m0s  1.60 iters/s

running (01m12.8s), 014/100 VUs, 44 complete and 0 interrupted iterations
normal_day   [  12% ] 014/100 VUs  01m12.9s/10m0s  1.61 iters/s

running (01m13.8s), 016/100 VUs, 44 complete and 0 interrupted iterations
normal_day   [  12% ] 016/100 VUs  01m13.9s/10m0s  1.64 iters/s

running (01m14.8s), 016/100 VUs, 46 complete and 0 interrupted iterations
normal_day   [  12% ] 016/100 VUs  01m14.9s/10m0s  1.67 iters/s

running (01m15.8s), 016/100 VUs, 47 complete and 0 interrupted iterations
normal_day   [  13% ] 016/100 VUs  01m15.9s/10m0s  1.68 iters/s

running (01m16.8s), 015/100 VUs, 50 complete and 0 interrupted iterations
normal_day   [  13% ] 015/100 VUs  01m16.9s/10m0s  1.71 iters/s

running (01m17.8s), 013/100 VUs, 54 complete and 0 interrupted iterations
normal_day   [  13% ] 013/100 VUs  01m17.9s/10m0s  1.73 iters/s

running (01m18.8s), 014/100 VUs, 55 complete and 0 interrupted iterations
normal_day   [  13% ] 014/100 VUs  01m18.9s/10m0s  1.76 iters/s

running (01m19.8s), 014/100 VUs, 56 complete and 0 interrupted iterations
normal_day   [  13% ] 014/100 VUs  01m19.9s/10m0s  1.77 iters/s

running (01m20.8s), 016/100 VUs, 56 complete and 0 interrupted iterations
normal_day   [  13% ] 016/100 VUs  01m20.9s/10m0s  1.80 iters/s

running (01m21.8s), 015/100 VUs, 59 complete and 0 interrupted iterations
normal_day   [  14% ] 015/100 VUs  01m21.9s/10m0s  1.82 iters/s

running (01m22.8s), 016/100 VUs, 60 complete and 0 interrupted iterations
normal_day   [  14% ] 016/100 VUs  01m22.9s/10m0s  1.84 iters/s

running (01m23.8s), 017/100 VUs, 61 complete and 0 interrupted iterations
normal_day   [  14% ] 017/100 VUs  01m23.9s/10m0s  1.87 iters/s

running (01m24.8s), 019/100 VUs, 61 complete and 0 interrupted iterations
normal_day   [  14% ] 019/100 VUs  01m24.9s/10m0s  1.89 iters/s

running (01m25.8s), 019/100 VUs, 62 complete and 0 interrupted iterations
normal_day   [  14% ] 019/100 VUs  01m25.9s/10m0s  1.90 iters/s

running (01m26.8s), 021/100 VUs, 62 complete and 0 interrupted iterations
normal_day   [  14% ] 021/100 VUs  01m26.9s/10m0s  1.93 iters/s

running (01m27.8s), 021/100 VUs, 64 complete and 0 interrupted iterations
normal_day   [  15% ] 021/100 VUs  01m27.9s/10m0s  1.95 iters/s

running (01m28.8s), 021/100 VUs, 66 complete and 0 interrupted iterations
normal_day   [  15% ] 021/100 VUs  01m28.9s/10m0s  1.97 iters/s

running (01m29.8s), 023/100 VUs, 66 complete and 0 interrupted iterations
normal_day   [  15% ] 023/100 VUs  01m29.9s/10m0s  1.99 iters/s

running (01m30.8s), 022/100 VUs, 69 complete and 0 interrupted iterations
normal_day   [  15% ] 022/100 VUs  01m30.9s/10m0s  2.02 iters/s

running (01m31.8s), 023/100 VUs, 70 complete and 0 interrupted iterations
normal_day   [  15% ] 023/100 VUs  01m31.9s/10m0s  2.04 iters/s

running (01m32.8s), 022/100 VUs, 73 complete and 0 interrupted iterations
normal_day   [  15% ] 022/100 VUs  01m32.9s/10m0s  2.06 iters/s

running (01m33.8s), 023/100 VUs, 74 complete and 0 interrupted iterations
normal_day   [  16% ] 023/100 VUs  01m33.9s/10m0s  2.08 iters/s

running (01m34.8s), 023/100 VUs, 76 complete and 0 interrupted iterations
normal_day   [  16% ] 023/100 VUs  01m34.9s/10m0s  2.10 iters/s

running (01m35.8s), 021/100 VUs, 81 complete and 0 interrupted iterations
normal_day   [  16% ] 021/100 VUs  01m35.9s/10m0s  2.13 iters/s

running (01m36.8s), 023/100 VUs, 81 complete and 0 interrupted iterations
normal_day   [  16% ] 023/100 VUs  01m36.9s/10m0s  2.16 iters/s

running (01m37.8s), 020/100 VUs, 86 complete and 0 interrupted iterations
normal_day   [  16% ] 020/100 VUs  01m37.9s/10m0s  2.18 iters/s

running (01m38.8s), 020/100 VUs, 88 complete and 0 interrupted iterations
normal_day   [  16% ] 020/100 VUs  01m38.9s/10m0s  2.20 iters/s

running (01m39.8s), 020/100 VUs, 90 complete and 0 interrupted iterations
normal_day   [  17% ] 020/100 VUs  01m39.9s/10m0s  2.22 iters/s

running (01m40.8s), 020/100 VUs, 93 complete and 0 interrupted iterations
normal_day   [  17% ] 020/100 VUs  01m40.9s/10m0s  2.25 iters/s

running (01m41.8s), 019/100 VUs, 96 complete and 0 interrupted iterations
normal_day   [  17% ] 019/100 VUs  01m41.9s/10m0s  2.27 iters/s

running (01m42.8s), 021/100 VUs, 96 complete and 0 interrupted iterations
normal_day   [  17% ] 021/100 VUs  01m42.9s/10m0s  2.29 iters/s

running (01m43.8s), 022/100 VUs, 97 complete and 0 interrupted iterations
normal_day   [  17% ] 022/100 VUs  01m43.9s/10m0s  2.30 iters/s

running (01m44.8s), 024/100 VUs, 98 complete and 0 interrupted iterations
normal_day   [  17% ] 024/100 VUs  01m44.9s/10m0s  2.33 iters/s

running (01m45.8s), 024/100 VUs, 100 complete and 0 interrupted iterations
normal_day   [  18% ] 024/100 VUs  01m45.9s/10m0s  2.35 iters/s

running (01m46.8s), 025/100 VUs, 101 complete and 0 interrupted iterations
normal_day   [  18% ] 025/100 VUs  01m46.9s/10m0s  2.37 iters/s

running (01m47.8s), 026/100 VUs, 103 complete and 0 interrupted iterations
normal_day   [  18% ] 026/100 VUs  01m47.9s/10m0s  2.40 iters/s

running (01m48.8s), 027/100 VUs, 104 complete and 0 interrupted iterations
normal_day   [  18% ] 027/100 VUs  01m48.9s/10m0s  2.42 iters/s

running (01m49.8s), 029/100 VUs, 105 complete and 0 interrupted iterations
normal_day   [  18% ] 029/100 VUs  01m49.9s/10m0s  2.44 iters/s

running (01m50.8s), 029/100 VUs, 107 complete and 0 interrupted iterations
normal_day   [  18% ] 029/100 VUs  01m50.9s/10m0s  2.46 iters/s

running (01m51.8s), 029/100 VUs, 110 complete and 0 interrupted iterations
normal_day   [  19% ] 029/100 VUs  01m51.9s/10m0s  2.49 iters/s

running (01m52.8s), 028/100 VUs, 113 complete and 0 interrupted iterations
normal_day   [  19% ] 028/100 VUs  01m52.9s/10m0s  2.51 iters/s

running (01m53.8s), 028/100 VUs, 116 complete and 0 interrupted iterations
normal_day   [  19% ] 028/100 VUs  01m53.9s/10m0s  2.53 iters/s

running (01m54.8s), 029/100 VUs, 117 complete and 0 interrupted iterations
normal_day   [  19% ] 029/100 VUs  01m54.9s/10m0s  2.55 iters/s

running (01m55.8s), 030/100 VUs, 119 complete and 0 interrupted iterations
normal_day   [  19% ] 030/100 VUs  01m55.9s/10m0s  2.58 iters/s

running (01m56.8s), 027/100 VUs, 124 complete and 0 interrupted iterations
normal_day   [  19% ] 027/100 VUs  01m56.9s/10m0s  2.59 iters/s

running (01m57.8s), 027/100 VUs, 127 complete and 0 interrupted iterations
normal_day   [  20% ] 027/100 VUs  01m57.9s/10m0s  2.62 iters/s

running (01m58.8s), 026/100 VUs, 130 complete and 0 interrupted iterations
normal_day   [  20% ] 026/100 VUs  01m58.9s/10m0s  2.64 iters/s

running (01m59.8s), 026/100 VUs, 133 complete and 0 interrupted iterations
normal_day   [  20% ] 026/100 VUs  01m59.9s/10m0s  2.66 iters/s

running (02m00.8s), 026/100 VUs, 136 complete and 0 interrupted iterations
normal_day   [  20% ] 026/100 VUs  02m00.9s/10m0s  2.69 iters/s

running (02m01.8s), 025/100 VUs, 139 complete and 0 interrupted iterations
normal_day   [  20% ] 025/100 VUs  02m01.9s/10m0s  2.70 iters/s

running (02m02.8s), 024/100 VUs, 143 complete and 0 interrupted iterations
normal_day   [  20% ] 024/100 VUs  02m02.9s/10m0s  2.73 iters/s

running (02m03.8s), 024/100 VUs, 146 complete and 0 interrupted iterations
normal_day   [  21% ] 024/100 VUs  02m03.9s/10m0s  2.75 iters/s

running (02m04.8s), 025/100 VUs, 148 complete and 0 interrupted iterations
normal_day   [  21% ] 025/100 VUs  02m04.9s/10m0s  2.78 iters/s

running (02m05.8s), 023/100 VUs, 152 complete and 0 interrupted iterations
normal_day   [  21% ] 023/100 VUs  02m05.9s/10m0s  2.79 iters/s

running (02m06.8s), 024/100 VUs, 154 complete and 0 interrupted iterations
normal_day   [  21% ] 024/100 VUs  02m06.9s/10m0s  2.82 iters/s

running (02m07.8s), 025/100 VUs, 156 complete and 0 interrupted iterations
normal_day   [  21% ] 025/100 VUs  02m07.9s/10m0s  2.84 iters/s

running (02m08.8s), 026/100 VUs, 158 complete and 0 interrupted iterations
normal_day   [  21% ] 026/100 VUs  02m08.9s/10m0s  2.86 iters/s

running (02m09.8s), 022/100 VUs, 165 complete and 0 interrupted iterations
normal_day   [  22% ] 022/100 VUs  02m09.9s/10m0s  2.89 iters/s

running (02m10.8s), 023/100 VUs, 167 complete and 0 interrupted iterations
normal_day   [  22% ] 023/100 VUs  02m10.9s/10m0s  2.91 iters/s

running (02m11.8s), 025/100 VUs, 168 complete and 0 interrupted iterations
normal_day   [  22% ] 025/100 VUs  02m11.9s/10m0s  2.93 iters/s

running (02m12.8s), 027/100 VUs, 169 complete and 0 interrupted iterations
normal_day   [  22% ] 027/100 VUs  02m12.9s/10m0s  2.96 iters/s

running (02m13.8s), 024/100 VUs, 175 complete and 0 interrupted iterations
normal_day   [  22% ] 024/100 VUs  02m13.9s/10m0s  2.98 iters/s

running (02m14.8s), 025/100 VUs, 177 complete and 0 interrupted iterations
normal_day   [  22% ] 025/100 VUs  02m14.9s/10m0s  3.00 iters/s

running (02m15.8s), 026/100 VUs, 179 complete and 0 interrupted iterations
normal_day   [  23% ] 026/100 VUs  02m15.9s/10m0s  3.02 iters/s

running (02m16.8s), 026/100 VUs, 182 complete and 0 interrupted iterations
normal_day   [  23% ] 026/100 VUs  02m16.9s/10m0s  3.04 iters/s

running (02m17.8s), 027/100 VUs, 184 complete and 0 interrupted iterations
normal_day   [  23% ] 027/100 VUs  02m17.9s/10m0s  3.07 iters/s

running (02m18.8s), 028/100 VUs, 186 complete and 0 interrupted iterations
normal_day   [  23% ] 028/100 VUs  02m18.9s/10m0s  3.09 iters/s

running (02m19.8s), 026/100 VUs, 191 complete and 0 interrupted iterations
normal_day   [  23% ] 026/100 VUs  02m19.9s/10m0s  3.11 iters/s

running (02m20.8s), 027/100 VUs, 193 complete and 0 interrupted iterations
normal_day   [  23% ] 027/100 VUs  02m20.9s/10m0s  3.13 iters/s

running (02m21.8s), 026/100 VUs, 197 complete and 0 interrupted iterations
normal_day   [  24% ] 026/100 VUs  02m21.9s/10m0s  3.15 iters/s

running (02m22.8s), 027/100 VUs, 199 complete and 0 interrupted iterations
normal_day   [  24% ] 027/100 VUs  02m22.9s/10m0s  3.17 iters/s

running (02m23.8s), 028/100 VUs, 201 complete and 0 interrupted iterations
normal_day   [  24% ] 028/100 VUs  02m23.9s/10m0s  3.19 iters/s

running (02m24.8s), 030/100 VUs, 203 complete and 0 interrupted iterations
normal_day   [  24% ] 030/100 VUs  02m24.9s/10m0s  3.22 iters/s

running (02m25.8s), 029/100 VUs, 207 complete and 0 interrupted iterations
normal_day   [  24% ] 029/100 VUs  02m25.9s/10m0s  3.24 iters/s

running (02m26.8s), 030/100 VUs, 209 complete and 0 interrupted iterations
normal_day   [  24% ] 030/100 VUs  02m26.9s/10m0s  3.26 iters/s

running (02m27.8s), 029/100 VUs, 213 complete and 0 interrupted iterations
normal_day   [  25% ] 029/100 VUs  02m27.9s/10m0s  3.28 iters/s

running (02m28.8s), 032/100 VUs, 214 complete and 0 interrupted iterations
normal_day   [  25% ] 032/100 VUs  02m28.9s/10m0s  3.31 iters/s

running (02m29.8s), 033/100 VUs, 216 complete and 0 interrupted iterations
normal_day   [  25% ] 033/100 VUs  02m29.9s/10m0s  3.33 iters/s

running (02m30.8s), 035/100 VUs, 217 complete and 0 interrupted iterations
normal_day   [  25% ] 035/100 VUs  02m30.9s/10m0s  3.35 iters/s

running (02m31.8s), 037/100 VUs, 219 complete and 0 interrupted iterations
normal_day   [  25% ] 037/100 VUs  02m31.9s/10m0s  3.38 iters/s

running (02m32.8s), 038/100 VUs, 221 complete and 0 interrupted iterations
normal_day   [  25% ] 038/100 VUs  02m32.9s/10m0s  3.40 iters/s

running (02m33.8s), 037/100 VUs, 226 complete and 0 interrupted iterations
normal_day   [  26% ] 037/100 VUs  02m33.9s/10m0s  3.42 iters/s

running (02m34.8s), 039/100 VUs, 227 complete and 0 interrupted iterations
normal_day   [  26% ] 039/100 VUs  02m34.9s/10m0s  3.44 iters/s

running (02m35.8s), 041/100 VUs, 228 complete and 0 interrupted iterations
normal_day   [  26% ] 041/100 VUs  02m35.9s/10m0s  3.46 iters/s

running (02m36.8s), 045/100 VUs, 228 complete and 0 interrupted iterations
normal_day   [  26% ] 045/100 VUs  02m36.9s/10m0s  3.49 iters/s

running (02m37.8s), 046/100 VUs, 230 complete and 0 interrupted iterations
normal_day   [  26% ] 046/100 VUs  02m37.9s/10m0s  3.51 iters/s

running (02m38.8s), 044/100 VUs, 236 complete and 0 interrupted iterations
normal_day   [  26% ] 044/100 VUs  02m38.9s/10m0s  3.53 iters/s

running (02m39.8s), 040/100 VUs, 243 complete and 0 interrupted iterations
normal_day   [  27% ] 040/100 VUs  02m39.9s/10m0s  3.55 iters/s

running (02m40.8s), 042/100 VUs, 245 complete and 0 interrupted iterations
normal_day   [  27% ] 042/100 VUs  02m40.9s/10m0s  3.57 iters/s

running (02m41.8s), 038/100 VUs, 253 complete and 0 interrupted iterations
normal_day   [  27% ] 038/100 VUs  02m41.9s/10m0s  3.60 iters/s

running (02m42.8s), 036/100 VUs, 258 complete and 0 interrupted iterations
normal_day   [  27% ] 036/100 VUs  02m42.9s/10m0s  3.62 iters/s

running (02m43.8s), 037/100 VUs, 261 complete and 0 interrupted iterations
normal_day   [  27% ] 037/100 VUs  02m43.9s/10m0s  3.64 iters/s

running (02m44.8s), 035/100 VUs, 266 complete and 0 interrupted iterations
normal_day   [  27% ] 035/100 VUs  02m44.9s/10m0s  3.66 iters/s

running (02m45.8s), 033/100 VUs, 272 complete and 0 interrupted iterations
normal_day   [  28% ] 033/100 VUs  02m45.9s/10m0s  3.68 iters/s

running (02m46.8s), 033/100 VUs, 276 complete and 0 interrupted iterations
normal_day   [  28% ] 033/100 VUs  02m46.9s/10m0s  3.71 iters/s

running (02m47.8s), 034/100 VUs, 279 complete and 0 interrupted iterations
normal_day   [  28% ] 034/100 VUs  02m47.9s/10m0s  3.73 iters/s

running (02m48.8s), 035/100 VUs, 281 complete and 0 interrupted iterations
normal_day   [  28% ] 035/100 VUs  02m48.9s/10m0s  3.75 iters/s

running (02m49.8s), 036/100 VUs, 284 complete and 0 interrupted iterations
normal_day   [  28% ] 036/100 VUs  02m49.9s/10m0s  3.77 iters/s

running (02m50.8s), 036/100 VUs, 288 complete and 0 interrupted iterations
normal_day   [  28% ] 036/100 VUs  02m50.9s/10m0s  3.80 iters/s

running (02m51.8s), 037/100 VUs, 291 complete and 0 interrupted iterations
normal_day   [  29% ] 037/100 VUs  02m51.9s/10m0s  3.82 iters/s

running (02m52.8s), 038/100 VUs, 293 complete and 0 interrupted iterations
normal_day   [  29% ] 038/100 VUs  02m52.9s/10m0s  3.84 iters/s

running (02m53.8s), 038/100 VUs, 297 complete and 0 interrupted iterations
normal_day   [  29% ] 038/100 VUs  02m53.9s/10m0s  3.86 iters/s

running (02m54.8s), 040/100 VUs, 299 complete and 0 interrupted iterations
normal_day   [  29% ] 040/100 VUs  02m54.9s/10m0s  3.88 iters/s

running (02m55.8s), 040/100 VUs, 303 complete and 0 interrupted iterations
normal_day   [  29% ] 040/100 VUs  02m55.9s/10m0s  3.91 iters/s

running (02m56.8s), 042/100 VUs, 305 complete and 0 interrupted iterations
normal_day   [  29% ] 042/100 VUs  02m56.9s/10m0s  3.93 iters/s

running (02m57.8s), 042/100 VUs, 309 complete and 0 interrupted iterations
normal_day   [  30% ] 042/100 VUs  02m57.9s/10m0s  3.95 iters/s

running (02m58.8s), 037/100 VUs, 318 complete and 0 interrupted iterations
normal_day   [  30% ] 037/100 VUs  02m58.9s/10m0s  3.97 iters/s

running (02m59.8s), 039/100 VUs, 320 complete and 0 interrupted iterations
normal_day   [  30% ] 039/100 VUs  02m59.9s/10m0s  4.00 iters/s

running (03m00.8s), 043/100 VUs, 320 complete and 0 interrupted iterations
normal_day   [  30% ] 043/100 VUs  03m00.9s/10m0s  4.00 iters/s

running (03m01.8s), 045/100 VUs, 322 complete and 0 interrupted iterations
normal_day   [  30% ] 045/100 VUs  03m01.9s/10m0s  4.00 iters/s

running (03m02.8s), 043/100 VUs, 328 complete and 0 interrupted iterations
normal_day   [  30% ] 043/100 VUs  03m02.9s/10m0s  4.00 iters/s

running (03m03.8s), 044/100 VUs, 331 complete and 0 interrupted iterations
normal_day   [  31% ] 044/100 VUs  03m03.9s/10m0s  4.00 iters/s

running (03m04.8s), 048/100 VUs, 331 complete and 0 interrupted iterations
normal_day   [  31% ] 048/100 VUs  03m04.9s/10m0s  4.00 iters/s

running (03m05.8s), 048/100 VUs, 335 complete and 0 interrupted iterations
normal_day   [  31% ] 048/100 VUs  03m05.9s/10m0s  4.00 iters/s

running (03m06.8s), 047/100 VUs, 340 complete and 0 interrupted iterations
normal_day   [  31% ] 047/100 VUs  03m06.9s/10m0s  4.00 iters/s

running (03m07.8s), 049/100 VUs, 342 complete and 0 interrupted iterations
normal_day   [  31% ] 049/100 VUs  03m07.9s/10m0s  4.00 iters/s

running (03m08.8s), 046/100 VUs, 349 complete and 0 interrupted iterations
normal_day   [  31% ] 046/100 VUs  03m08.9s/10m0s  4.00 iters/s

running (03m09.8s), 044/100 VUs, 355 complete and 0 interrupted iterations
normal_day   [  32% ] 044/100 VUs  03m09.9s/10m0s  4.00 iters/s

running (03m10.8s), 039/100 VUs, 364 complete and 0 interrupted iterations
normal_day   [  32% ] 039/100 VUs  03m10.9s/10m0s  4.00 iters/s

running (03m11.8s), 038/100 VUs, 369 complete and 0 interrupted iterations
normal_day   [  32% ] 038/100 VUs  03m11.9s/10m0s  4.00 iters/s

running (03m12.8s), 038/100 VUs, 373 complete and 0 interrupted iterations
normal_day   [  32% ] 038/100 VUs  03m12.9s/10m0s  4.00 iters/s

running (03m13.8s), 037/100 VUs, 378 complete and 0 interrupted iterations
normal_day   [  32% ] 037/100 VUs  03m13.9s/10m0s  4.00 iters/s

running (03m14.8s), 036/100 VUs, 383 complete and 0 interrupted iterations
normal_day   [  32% ] 036/100 VUs  03m14.9s/10m0s  4.00 iters/s

running (03m15.8s), 038/100 VUs, 385 complete and 0 interrupted iterations
normal_day   [  33% ] 038/100 VUs  03m15.9s/10m0s  4.00 iters/s

running (03m16.8s), 040/100 VUs, 387 complete and 0 interrupted iterations
normal_day   [  33% ] 040/100 VUs  03m16.9s/10m0s  4.00 iters/s

running (03m17.8s), 037/100 VUs, 394 complete and 0 interrupted iterations
normal_day   [  33% ] 037/100 VUs  03m17.9s/10m0s  4.00 iters/s

running (03m18.8s), 038/100 VUs, 397 complete and 0 interrupted iterations
normal_day   [  33% ] 038/100 VUs  03m18.9s/10m0s  4.00 iters/s

running (03m19.8s), 039/100 VUs, 400 complete and 0 interrupted iterations
normal_day   [  33% ] 039/100 VUs  03m19.9s/10m0s  4.00 iters/s

running (03m20.8s), 041/100 VUs, 402 complete and 0 interrupted iterations
normal_day   [  33% ] 041/100 VUs  03m20.9s/10m0s  4.00 iters/s

running (03m21.8s), 041/100 VUs, 406 complete and 0 interrupted iterations
normal_day   [  34% ] 041/100 VUs  03m21.9s/10m0s  4.00 iters/s

running (03m22.8s), 043/100 VUs, 408 complete and 0 interrupted iterations
normal_day   [  34% ] 043/100 VUs  03m22.9s/10m0s  4.00 iters/s

running (03m23.8s), 043/100 VUs, 412 complete and 0 interrupted iterations
normal_day   [  34% ] 043/100 VUs  03m23.9s/10m0s  4.00 iters/s

running (03m24.8s), 043/100 VUs, 416 complete and 0 interrupted iterations
normal_day   [  34% ] 043/100 VUs  03m24.9s/10m0s  4.00 iters/s

running (03m25.8s), 043/100 VUs, 420 complete and 0 interrupted iterations
normal_day   [  34% ] 043/100 VUs  03m25.9s/10m0s  4.00 iters/s

running (03m26.8s), 043/100 VUs, 424 complete and 0 interrupted iterations
normal_day   [  34% ] 043/100 VUs  03m26.9s/10m0s  4.00 iters/s

running (03m27.8s), 045/100 VUs, 426 complete and 0 interrupted iterations
normal_day   [  35% ] 045/100 VUs  03m27.9s/10m0s  4.00 iters/s

running (03m28.8s), 045/100 VUs, 430 complete and 0 interrupted iterations
normal_day   [  35% ] 045/100 VUs  03m28.9s/10m0s  4.00 iters/s

running (03m29.8s), 047/100 VUs, 432 complete and 0 interrupted iterations
normal_day   [  35% ] 047/100 VUs  03m29.9s/10m0s  4.00 iters/s

running (03m30.8s), 047/100 VUs, 436 complete and 0 interrupted iterations
normal_day   [  35% ] 047/100 VUs  03m30.9s/10m0s  4.00 iters/s

running (03m31.8s), 047/100 VUs, 440 complete and 0 interrupted iterations
normal_day   [  35% ] 047/100 VUs  03m31.9s/10m0s  4.00 iters/s

running (03m32.8s), 046/100 VUs, 445 complete and 0 interrupted iterations
normal_day   [  35% ] 046/100 VUs  03m32.9s/10m0s  4.00 iters/s

running (03m33.8s), 044/100 VUs, 451 complete and 0 interrupted iterations
normal_day   [  36% ] 044/100 VUs  03m33.9s/10m0s  4.00 iters/s

running (03m34.8s), 043/100 VUs, 456 complete and 0 interrupted iterations
normal_day   [  36% ] 043/100 VUs  03m34.9s/10m0s  4.00 iters/s

running (03m35.8s), 046/100 VUs, 457 complete and 0 interrupted iterations
normal_day   [  36% ] 046/100 VUs  03m35.9s/10m0s  4.00 iters/s

running (03m36.8s), 045/100 VUs, 462 complete and 0 interrupted iterations
normal_day   [  36% ] 045/100 VUs  03m36.9s/10m0s  4.00 iters/s

running (03m37.8s), 047/100 VUs, 464 complete and 0 interrupted iterations
normal_day   [  36% ] 047/100 VUs  03m37.9s/10m0s  4.00 iters/s

running (03m38.8s), 042/100 VUs, 473 complete and 0 interrupted iterations
normal_day   [  36% ] 042/100 VUs  03m38.9s/10m0s  4.00 iters/s

running (03m39.8s), 044/100 VUs, 475 complete and 0 interrupted iterations
normal_day   [  37% ] 044/100 VUs  03m39.9s/10m0s  4.00 iters/s

running (03m40.8s), 045/100 VUs, 478 complete and 0 interrupted iterations
normal_day   [  37% ] 045/100 VUs  03m40.9s/10m0s  4.00 iters/s

running (03m41.8s), 047/100 VUs, 480 complete and 0 interrupted iterations
normal_day   [  37% ] 047/100 VUs  03m41.9s/10m0s  4.00 iters/s

running (03m42.8s), 049/100 VUs, 482 complete and 0 interrupted iterations
normal_day   [  37% ] 049/100 VUs  03m42.9s/10m0s  4.00 iters/s

running (03m43.8s), 048/100 VUs, 487 complete and 0 interrupted iterations
normal_day   [  37% ] 048/100 VUs  03m43.9s/10m0s  4.00 iters/s

running (03m44.8s), 045/100 VUs, 494 complete and 0 interrupted iterations
normal_day   [  37% ] 045/100 VUs  03m44.9s/10m0s  4.00 iters/s

running (03m45.8s), 040/100 VUs, 503 complete and 0 interrupted iterations
normal_day   [  38% ] 040/100 VUs  03m45.9s/10m0s  4.00 iters/s

running (03m46.8s), 039/100 VUs, 508 complete and 0 interrupted iterations
normal_day   [  38% ] 039/100 VUs  03m46.9s/10m0s  4.00 iters/s

running (03m47.8s), 041/100 VUs, 510 complete and 0 interrupted iterations
normal_day   [  38% ] 041/100 VUs  03m47.9s/10m0s  4.00 iters/s

running (03m48.8s), 043/100 VUs, 512 complete and 0 interrupted iterations
normal_day   [  38% ] 043/100 VUs  03m48.9s/10m0s  4.00 iters/s

running (03m49.8s), 038/100 VUs, 521 complete and 0 interrupted iterations
normal_day   [  38% ] 038/100 VUs  03m49.9s/10m0s  4.00 iters/s

running (03m50.8s), 036/100 VUs, 527 complete and 0 interrupted iterations
normal_day   [  38% ] 036/100 VUs  03m50.9s/10m0s  4.00 iters/s

running (03m51.8s), 038/100 VUs, 529 complete and 0 interrupted iterations
normal_day   [  39% ] 038/100 VUs  03m51.9s/10m0s  4.00 iters/s

running (03m52.8s), 036/100 VUs, 535 complete and 0 interrupted iterations
normal_day   [  39% ] 036/100 VUs  03m52.9s/10m0s  4.00 iters/s

running (03m53.8s), 037/100 VUs, 538 complete and 0 interrupted iterations
normal_day   [  39% ] 037/100 VUs  03m53.9s/10m0s  4.00 iters/s

running (03m54.8s), 040/100 VUs, 539 complete and 0 interrupted iterations
normal_day   [  39% ] 040/100 VUs  03m54.9s/10m0s  4.00 iters/s

running (03m55.8s), 038/100 VUs, 545 complete and 0 interrupted iterations
normal_day   [  39% ] 038/100 VUs  03m55.9s/10m0s  4.00 iters/s

running (03m56.8s), 041/100 VUs, 546 complete and 0 interrupted iterations
normal_day   [  39% ] 041/100 VUs  03m56.9s/10m0s  4.00 iters/s

running (03m57.8s), 044/100 VUs, 547 complete and 0 interrupted iterations
normal_day   [  40% ] 044/100 VUs  03m57.9s/10m0s  4.00 iters/s

running (03m58.8s), 043/100 VUs, 552 complete and 0 interrupted iterations
normal_day   [  40% ] 043/100 VUs  03m58.9s/10m0s  4.00 iters/s

running (03m59.8s), 043/100 VUs, 556 complete and 0 interrupted iterations
normal_day   [  40% ] 043/100 VUs  03m59.9s/10m0s  4.00 iters/s

running (04m00.8s), 044/100 VUs, 559 complete and 0 interrupted iterations
normal_day   [  40% ] 044/100 VUs  04m00.9s/10m0s  4.00 iters/s

running (04m01.8s), 045/100 VUs, 562 complete and 0 interrupted iterations
normal_day   [  40% ] 045/100 VUs  04m01.9s/10m0s  4.00 iters/s

running (04m02.8s), 044/100 VUs, 567 complete and 0 interrupted iterations
normal_day   [  40% ] 044/100 VUs  04m02.9s/10m0s  4.00 iters/s

running (04m03.8s), 043/100 VUs, 572 complete and 0 interrupted iterations
normal_day   [  41% ] 043/100 VUs  04m03.9s/10m0s  4.00 iters/s

running (04m04.8s), 044/100 VUs, 575 complete and 0 interrupted iterations
normal_day   [  41% ] 044/100 VUs  04m04.9s/10m0s  4.00 iters/s

running (04m05.8s), 041/100 VUs, 582 complete and 0 interrupted iterations
normal_day   [  41% ] 041/100 VUs  04m05.9s/10m0s  4.00 iters/s

running (04m06.8s), 040/100 VUs, 587 complete and 0 interrupted iterations
normal_day   [  41% ] 040/100 VUs  04m06.9s/10m0s  4.00 iters/s

running (04m07.8s), 042/100 VUs, 589 complete and 0 interrupted iterations
normal_day   [  41% ] 042/100 VUs  04m07.9s/10m0s  4.00 iters/s

running (04m08.8s), 040/100 VUs, 595 complete and 0 interrupted iterations
normal_day   [  41% ] 040/100 VUs  04m08.9s/10m0s  4.00 iters/s

running (04m09.8s), 037/100 VUs, 602 complete and 0 interrupted iterations
normal_day   [  42% ] 037/100 VUs  04m09.9s/10m0s  4.00 iters/s

running (04m10.8s), 038/100 VUs, 605 complete and 0 interrupted iterations
normal_day   [  42% ] 038/100 VUs  04m10.9s/10m0s  4.00 iters/s

running (04m11.8s), 037/100 VUs, 610 complete and 0 interrupted iterations
normal_day   [  42% ] 037/100 VUs  04m11.9s/10m0s  4.00 iters/s

running (04m12.8s), 037/100 VUs, 614 complete and 0 interrupted iterations
normal_day   [  42% ] 037/100 VUs  04m12.9s/10m0s  4.00 iters/s

running (04m13.8s), 038/100 VUs, 617 complete and 0 interrupted iterations
normal_day   [  42% ] 038/100 VUs  04m13.9s/10m0s  4.00 iters/s

running (04m14.8s), 039/100 VUs, 620 complete and 0 interrupted iterations
normal_day   [  42% ] 039/100 VUs  04m14.9s/10m0s  4.00 iters/s

running (04m15.8s), 041/100 VUs, 622 complete and 0 interrupted iterations
normal_day   [  43% ] 041/100 VUs  04m15.9s/10m0s  4.00 iters/s

running (04m16.8s), 042/100 VUs, 625 complete and 0 interrupted iterations
normal_day   [  43% ] 042/100 VUs  04m16.9s/10m0s  4.00 iters/s

running (04m17.8s), 042/100 VUs, 629 complete and 0 interrupted iterations
normal_day   [  43% ] 042/100 VUs  04m17.9s/10m0s  4.00 iters/s

running (04m18.8s), 043/100 VUs, 632 complete and 0 interrupted iterations
normal_day   [  43% ] 043/100 VUs  04m18.9s/10m0s  4.00 iters/s

running (04m19.8s), 040/100 VUs, 639 complete and 0 interrupted iterations
normal_day   [  43% ] 040/100 VUs  04m19.9s/10m0s  4.00 iters/s

running (04m20.8s), 040/100 VUs, 643 complete and 0 interrupted iterations
normal_day   [  43% ] 040/100 VUs  04m20.9s/10m0s  4.00 iters/s

running (04m21.8s), 042/100 VUs, 645 complete and 0 interrupted iterations
normal_day   [  44% ] 042/100 VUs  04m21.9s/10m0s  4.00 iters/s

running (04m22.8s), 042/100 VUs, 649 complete and 0 interrupted iterations
normal_day   [  44% ] 042/100 VUs  04m22.9s/10m0s  4.00 iters/s

running (04m23.8s), 042/100 VUs, 653 complete and 0 interrupted iterations
normal_day   [  44% ] 042/100 VUs  04m23.9s/10m0s  4.00 iters/s

running (04m24.8s), 042/100 VUs, 657 complete and 0 interrupted iterations
normal_day   [  44% ] 042/100 VUs  04m24.9s/10m0s  4.00 iters/s

running (04m25.8s), 043/100 VUs, 660 complete and 0 interrupted iterations
normal_day   [  44% ] 043/100 VUs  04m25.9s/10m0s  4.00 iters/s

running (04m26.8s), 047/100 VUs, 660 complete and 0 interrupted iterations
normal_day   [  44% ] 047/100 VUs  04m26.9s/10m0s  4.00 iters/s

running (04m27.8s), 047/100 VUs, 664 complete and 0 interrupted iterations
normal_day   [  45% ] 047/100 VUs  04m27.9s/10m0s  4.00 iters/s

running (04m28.8s), 043/100 VUs, 672 complete and 0 interrupted iterations
normal_day   [  45% ] 043/100 VUs  04m28.9s/10m0s  4.00 iters/s

running (04m29.8s), 040/100 VUs, 679 complete and 0 interrupted iterations
normal_day   [  45% ] 040/100 VUs  04m29.9s/10m0s  4.00 iters/s

running (04m30.8s), 038/100 VUs, 685 complete and 0 interrupted iterations
normal_day   [  45% ] 038/100 VUs  04m30.9s/10m0s  4.00 iters/s

running (04m31.8s), 039/100 VUs, 688 complete and 0 interrupted iterations
normal_day   [  45% ] 039/100 VUs  04m31.9s/10m0s  4.00 iters/s

running (04m32.8s), 040/100 VUs, 691 complete and 0 interrupted iterations
normal_day   [  45% ] 040/100 VUs  04m32.9s/10m0s  4.00 iters/s

running (04m33.8s), 038/100 VUs, 697 complete and 0 interrupted iterations
normal_day   [  46% ] 038/100 VUs  04m33.9s/10m0s  4.00 iters/s

running (04m34.8s), 040/100 VUs, 699 complete and 0 interrupted iterations
normal_day   [  46% ] 040/100 VUs  04m34.9s/10m0s  4.00 iters/s

running (04m35.8s), 041/100 VUs, 702 complete and 0 interrupted iterations
normal_day   [  46% ] 041/100 VUs  04m35.9s/10m0s  4.00 iters/s

running (04m36.8s), 039/100 VUs, 708 complete and 0 interrupted iterations
normal_day   [  46% ] 039/100 VUs  04m36.9s/10m0s  4.00 iters/s

running (04m37.8s), 040/100 VUs, 711 complete and 0 interrupted iterations
normal_day   [  46% ] 040/100 VUs  04m37.9s/10m0s  4.00 iters/s

running (04m38.8s), 038/100 VUs, 717 complete and 0 interrupted iterations
normal_day   [  46% ] 038/100 VUs  04m38.9s/10m0s  4.00 iters/s

running (04m39.8s), 039/100 VUs, 720 complete and 0 interrupted iterations
normal_day   [  47% ] 039/100 VUs  04m39.9s/10m0s  4.00 iters/s

running (04m40.8s), 036/100 VUs, 727 complete and 0 interrupted iterations
normal_day   [  47% ] 036/100 VUs  04m40.9s/10m0s  4.00 iters/s

running (04m41.8s), 039/100 VUs, 728 complete and 0 interrupted iterations
normal_day   [  47% ] 039/100 VUs  04m41.9s/10m0s  4.00 iters/s

running (04m42.8s), 040/100 VUs, 731 complete and 0 interrupted iterations
normal_day   [  47% ] 040/100 VUs  04m42.9s/10m0s  4.00 iters/s

running (04m43.8s), 041/100 VUs, 734 complete and 0 interrupted iterations
normal_day   [  47% ] 041/100 VUs  04m43.9s/10m0s  4.00 iters/s

running (04m44.8s), 041/100 VUs, 738 complete and 0 interrupted iterations
normal_day   [  47% ] 041/100 VUs  04m44.9s/10m0s  4.00 iters/s

running (04m45.8s), 043/100 VUs, 740 complete and 0 interrupted iterations
normal_day   [  48% ] 043/100 VUs  04m45.9s/10m0s  4.00 iters/s

running (04m46.8s), 041/100 VUs, 746 complete and 0 interrupted iterations
normal_day   [  48% ] 041/100 VUs  04m46.9s/10m0s  4.00 iters/s

running (04m47.8s), 043/100 VUs, 748 complete and 0 interrupted iterations
normal_day   [  48% ] 043/100 VUs  04m47.9s/10m0s  4.00 iters/s

running (04m48.8s), 045/100 VUs, 750 complete and 0 interrupted iterations
normal_day   [  48% ] 045/100 VUs  04m48.9s/10m0s  4.00 iters/s

running (04m49.8s), 046/100 VUs, 753 complete and 0 interrupted iterations
normal_day   [  48% ] 046/100 VUs  04m49.9s/10m0s  4.00 iters/s

running (04m50.8s), 047/100 VUs, 756 complete and 0 interrupted iterations
normal_day   [  48% ] 047/100 VUs  04m50.9s/10m0s  4.00 iters/s

running (04m51.8s), 048/100 VUs, 759 complete and 0 interrupted iterations
normal_day   [  49% ] 048/100 VUs  04m51.9s/10m0s  4.00 iters/s

running (04m52.8s), 050/100 VUs, 761 complete and 0 interrupted iterations
normal_day   [  49% ] 050/100 VUs  04m52.9s/10m0s  4.00 iters/s

running (04m53.8s), 047/100 VUs, 768 complete and 0 interrupted iterations
normal_day   [  49% ] 047/100 VUs  04m53.9s/10m0s  4.00 iters/s

running (04m54.8s), 047/100 VUs, 772 complete and 0 interrupted iterations
normal_day   [  49% ] 047/100 VUs  04m54.9s/10m0s  4.00 iters/s

running (04m55.8s), 046/100 VUs, 777 complete and 0 interrupted iterations
normal_day   [  49% ] 046/100 VUs  04m55.9s/10m0s  4.00 iters/s

running (04m56.8s), 048/100 VUs, 779 complete and 0 interrupted iterations
normal_day   [  49% ] 048/100 VUs  04m56.9s/10m0s  4.00 iters/s

running (04m57.8s), 042/100 VUs, 789 complete and 0 interrupted iterations
normal_day   [  50% ] 042/100 VUs  04m57.9s/10m0s  4.00 iters/s

running (04m58.8s), 040/100 VUs, 795 complete and 0 interrupted iterations
normal_day   [  50% ] 040/100 VUs  04m58.9s/10m0s  4.00 iters/s

running (04m59.8s), 041/100 VUs, 798 complete and 0 interrupted iterations
normal_day   [  50% ] 041/100 VUs  04m59.9s/10m0s  4.00 iters/s

running (05m00.8s), 041/100 VUs, 802 complete and 0 interrupted iterations
normal_day   [  50% ] 041/100 VUs  05m00.9s/10m0s  4.00 iters/s

running (05m01.8s), 041/100 VUs, 806 complete and 0 interrupted iterations
normal_day   [  50% ] 041/100 VUs  05m01.9s/10m0s  4.00 iters/s

running (05m02.8s), 042/100 VUs, 809 complete and 0 interrupted iterations
normal_day   [  50% ] 042/100 VUs  05m02.9s/10m0s  4.00 iters/s

running (05m03.8s), 042/100 VUs, 813 complete and 0 interrupted iterations
normal_day   [  51% ] 042/100 VUs  05m03.9s/10m0s  4.00 iters/s

running (05m04.8s), 042/100 VUs, 817 complete and 0 interrupted iterations
normal_day   [  51% ] 042/100 VUs  05m04.9s/10m0s  4.00 iters/s

running (05m05.8s), 042/100 VUs, 821 complete and 0 interrupted iterations
normal_day   [  51% ] 042/100 VUs  05m05.9s/10m0s  4.00 iters/s

running (05m06.8s), 040/100 VUs, 827 complete and 0 interrupted iterations
normal_day   [  51% ] 040/100 VUs  05m06.9s/10m0s  4.00 iters/s

running (05m07.8s), 036/100 VUs, 835 complete and 0 interrupted iterations
normal_day   [  51% ] 036/100 VUs  05m07.9s/10m0s  4.00 iters/s

running (05m08.8s), 035/100 VUs, 840 complete and 0 interrupted iterations
normal_day   [  51% ] 035/100 VUs  05m08.9s/10m0s  4.00 iters/s

running (05m09.8s), 036/100 VUs, 843 complete and 0 interrupted iterations
normal_day   [  52% ] 036/100 VUs  05m09.9s/10m0s  4.00 iters/s

running (05m10.8s), 033/100 VUs, 850 complete and 0 interrupted iterations
normal_day   [  52% ] 033/100 VUs  05m10.9s/10m0s  4.00 iters/s

running (05m11.8s), 035/100 VUs, 852 complete and 0 interrupted iterations
normal_day   [  52% ] 035/100 VUs  05m11.9s/10m0s  4.00 iters/s

running (05m12.8s), 037/100 VUs, 854 complete and 0 interrupted iterations
normal_day   [  52% ] 037/100 VUs  05m12.9s/10m0s  4.00 iters/s

running (05m13.8s), 038/100 VUs, 857 complete and 0 interrupted iterations
normal_day   [  52% ] 038/100 VUs  05m13.9s/10m0s  4.00 iters/s

running (05m14.8s), 041/100 VUs, 858 complete and 0 interrupted iterations
normal_day   [  52% ] 041/100 VUs  05m14.9s/10m0s  4.00 iters/s

running (05m15.8s), 040/100 VUs, 863 complete and 0 interrupted iterations
normal_day   [  53% ] 040/100 VUs  05m15.9s/10m0s  4.00 iters/s

running (05m16.8s), 041/100 VUs, 866 complete and 0 interrupted iterations
normal_day   [  53% ] 041/100 VUs  05m16.9s/10m0s  4.00 iters/s

running (05m17.8s), 044/100 VUs, 867 complete and 0 interrupted iterations
normal_day   [  53% ] 044/100 VUs  05m17.9s/10m0s  4.00 iters/s

running (05m18.8s), 046/100 VUs, 869 complete and 0 interrupted iterations
normal_day   [  53% ] 046/100 VUs  05m18.9s/10m0s  4.00 iters/s

running (05m19.8s), 046/100 VUs, 873 complete and 0 interrupted iterations
normal_day   [  53% ] 046/100 VUs  05m19.9s/10m0s  4.00 iters/s

running (05m20.8s), 046/100 VUs, 877 complete and 0 interrupted iterations
normal_day   [  53% ] 046/100 VUs  05m20.9s/10m0s  4.00 iters/s

running (05m21.8s), 047/100 VUs, 880 complete and 0 interrupted iterations
normal_day   [  54% ] 047/100 VUs  05m21.9s/10m0s  4.00 iters/s

running (05m22.8s), 050/100 VUs, 881 complete and 0 interrupted iterations
normal_day   [  54% ] 050/100 VUs  05m22.9s/10m0s  4.00 iters/s

running (05m23.8s), 051/100 VUs, 884 complete and 0 interrupted iterations
normal_day   [  54% ] 051/100 VUs  05m23.9s/10m0s  4.00 iters/s

running (05m24.8s), 047/100 VUs, 892 complete and 0 interrupted iterations
normal_day   [  54% ] 047/100 VUs  05m24.9s/10m0s  4.00 iters/s

running (05m25.8s), 046/100 VUs, 897 complete and 0 interrupted iterations
normal_day   [  54% ] 046/100 VUs  05m25.9s/10m0s  4.00 iters/s

running (05m26.8s), 043/100 VUs, 904 complete and 0 interrupted iterations
normal_day   [  54% ] 043/100 VUs  05m26.9s/10m0s  4.00 iters/s

running (05m27.8s), 042/100 VUs, 909 complete and 0 interrupted iterations
normal_day   [  55% ] 042/100 VUs  05m27.9s/10m0s  4.00 iters/s

running (05m28.8s), 044/100 VUs, 911 complete and 0 interrupted iterations
normal_day   [  55% ] 044/100 VUs  05m28.9s/10m0s  4.00 iters/s

running (05m29.8s), 042/100 VUs, 917 complete and 0 interrupted iterations
normal_day   [  55% ] 042/100 VUs  05m29.9s/10m0s  4.00 iters/s

running (05m30.8s), 039/100 VUs, 924 complete and 0 interrupted iterations
normal_day   [  55% ] 039/100 VUs  05m30.9s/10m0s  4.00 iters/s

running (05m31.8s), 037/100 VUs, 930 complete and 0 interrupted iterations
normal_day   [  55% ] 037/100 VUs  05m31.9s/10m0s  4.00 iters/s

running (05m32.8s), 038/100 VUs, 933 complete and 0 interrupted iterations
normal_day   [  55% ] 038/100 VUs  05m32.9s/10m0s  4.00 iters/s

running (05m33.8s), 041/100 VUs, 934 complete and 0 interrupted iterations
normal_day   [  56% ] 041/100 VUs  05m33.9s/10m0s  4.00 iters/s

running (05m34.8s), 040/100 VUs, 939 complete and 0 interrupted iterations
normal_day   [  56% ] 040/100 VUs  05m34.9s/10m0s  4.00 iters/s

running (05m35.8s), 039/100 VUs, 944 complete and 0 interrupted iterations
normal_day   [  56% ] 039/100 VUs  05m35.9s/10m0s  4.00 iters/s

running (05m36.8s), 040/100 VUs, 947 complete and 0 interrupted iterations
normal_day   [  56% ] 040/100 VUs  05m36.9s/10m0s  4.00 iters/s

running (05m37.8s), 040/100 VUs, 951 complete and 0 interrupted iterations
normal_day   [  56% ] 040/100 VUs  05m37.9s/10m0s  4.00 iters/s

running (05m38.8s), 042/100 VUs, 953 complete and 0 interrupted iterations
normal_day   [  56% ] 042/100 VUs  05m38.9s/10m0s  4.00 iters/s

running (05m39.8s), 043/100 VUs, 956 complete and 0 interrupted iterations
normal_day   [  57% ] 043/100 VUs  05m39.9s/10m0s  4.00 iters/s

running (05m40.8s), 044/100 VUs, 959 complete and 0 interrupted iterations
normal_day   [  57% ] 044/100 VUs  05m40.9s/10m0s  4.00 iters/s

running (05m41.8s), 042/100 VUs, 965 complete and 0 interrupted iterations
normal_day   [  57% ] 042/100 VUs  05m41.9s/10m0s  4.00 iters/s

running (05m42.8s), 041/100 VUs, 970 complete and 0 interrupted iterations
normal_day   [  57% ] 041/100 VUs  05m42.9s/10m0s  4.00 iters/s

running (05m43.8s), 043/100 VUs, 972 complete and 0 interrupted iterations
normal_day   [  57% ] 043/100 VUs  05m43.9s/10m0s  4.00 iters/s

running (05m44.8s), 042/100 VUs, 977 complete and 0 interrupted iterations
normal_day   [  57% ] 042/100 VUs  05m44.9s/10m0s  4.00 iters/s

running (05m45.8s), 045/100 VUs, 978 complete and 0 interrupted iterations
normal_day   [  58% ] 045/100 VUs  05m45.9s/10m0s  4.00 iters/s

running (05m46.8s), 045/100 VUs, 982 complete and 0 interrupted iterations
normal_day   [  58% ] 045/100 VUs  05m46.9s/10m0s  4.00 iters/s

running (05m47.8s), 044/100 VUs, 987 complete and 0 interrupted iterations
normal_day   [  58% ] 044/100 VUs  05m47.9s/10m0s  4.00 iters/s

running (05m48.8s), 042/100 VUs, 993 complete and 0 interrupted iterations
normal_day   [  58% ] 042/100 VUs  05m48.9s/10m0s  4.00 iters/s

running (05m49.8s), 039/100 VUs, 1000 complete and 0 interrupted iterations
normal_day   [  58% ] 039/100 VUs  05m49.9s/10m0s  4.00 iters/s

running (05m50.8s), 038/100 VUs, 1005 complete and 0 interrupted iterations
normal_day   [  58% ] 038/100 VUs  05m50.9s/10m0s  4.00 iters/s

running (05m51.8s), 039/100 VUs, 1008 complete and 0 interrupted iterations
normal_day   [  59% ] 039/100 VUs  05m51.9s/10m0s  4.00 iters/s

running (05m52.8s), 041/100 VUs, 1010 complete and 0 interrupted iterations
normal_day   [  59% ] 041/100 VUs  05m52.9s/10m0s  4.00 iters/s

running (05m53.8s), 045/100 VUs, 1010 complete and 0 interrupted iterations
normal_day   [  59% ] 045/100 VUs  05m53.9s/10m0s  4.00 iters/s

running (05m54.8s), 045/100 VUs, 1014 complete and 0 interrupted iterations
normal_day   [  59% ] 045/100 VUs  05m54.9s/10m0s  4.00 iters/s

running (05m55.8s), 042/100 VUs, 1021 complete and 0 interrupted iterations
normal_day   [  59% ] 042/100 VUs  05m55.9s/10m0s  4.00 iters/s

running (05m56.8s), 042/100 VUs, 1025 complete and 0 interrupted iterations
normal_day   [  59% ] 042/100 VUs  05m56.9s/10m0s  4.00 iters/s

running (05m57.8s), 045/100 VUs, 1026 complete and 0 interrupted iterations
normal_day   [  60% ] 045/100 VUs  05m57.9s/10m0s  4.00 iters/s

running (05m58.8s), 048/100 VUs, 1027 complete and 0 interrupted iterations
normal_day   [  60% ] 048/100 VUs  05m58.9s/10m0s  4.00 iters/s

running (05m59.8s), 045/100 VUs, 1034 complete and 0 interrupted iterations
normal_day   [  60% ] 045/100 VUs  05m59.9s/10m0s  4.00 iters/s

running (06m00.8s), 044/100 VUs, 1039 complete and 0 interrupted iterations
normal_day   [  60% ] 044/100 VUs  06m00.9s/10m0s  4.00 iters/s

running (06m01.8s), 046/100 VUs, 1041 complete and 0 interrupted iterations
normal_day   [  60% ] 046/100 VUs  06m01.9s/10m0s  4.00 iters/s

running (06m02.8s), 046/100 VUs, 1045 complete and 0 interrupted iterations
normal_day   [  60% ] 046/100 VUs  06m02.9s/10m0s  4.00 iters/s

running (06m03.8s), 042/100 VUs, 1053 complete and 0 interrupted iterations
normal_day   [  61% ] 042/100 VUs  06m03.9s/10m0s  4.00 iters/s

running (06m04.8s), 041/100 VUs, 1058 complete and 0 interrupted iterations
normal_day   [  61% ] 041/100 VUs  06m04.9s/10m0s  4.00 iters/s

running (06m05.8s), 044/100 VUs, 1059 complete and 0 interrupted iterations
normal_day   [  61% ] 044/100 VUs  06m05.9s/10m0s  4.00 iters/s

running (06m06.8s), 043/100 VUs, 1064 complete and 0 interrupted iterations
normal_day   [  61% ] 043/100 VUs  06m06.9s/10m0s  4.00 iters/s

running (06m07.8s), 039/100 VUs, 1072 complete and 0 interrupted iterations
normal_day   [  61% ] 039/100 VUs  06m07.9s/10m0s  4.00 iters/s

running (06m08.8s), 038/100 VUs, 1077 complete and 0 interrupted iterations
normal_day   [  61% ] 038/100 VUs  06m08.9s/10m0s  4.00 iters/s

running (06m09.8s), 039/100 VUs, 1080 complete and 0 interrupted iterations
normal_day   [  62% ] 039/100 VUs  06m09.9s/10m0s  4.00 iters/s

running (06m10.8s), 038/100 VUs, 1085 complete and 0 interrupted iterations
normal_day   [  62% ] 038/100 VUs  06m10.9s/10m0s  4.00 iters/s

running (06m11.8s), 039/100 VUs, 1088 complete and 0 interrupted iterations
normal_day   [  62% ] 039/100 VUs  06m11.9s/10m0s  4.00 iters/s

running (06m12.8s), 037/100 VUs, 1094 complete and 0 interrupted iterations
normal_day   [  62% ] 037/100 VUs  06m12.9s/10m0s  4.00 iters/s

running (06m13.8s), 033/100 VUs, 1102 complete and 0 interrupted iterations
normal_day   [  62% ] 033/100 VUs  06m13.9s/10m0s  4.00 iters/s

running (06m14.8s), 034/100 VUs, 1105 complete and 0 interrupted iterations
normal_day   [  62% ] 034/100 VUs  06m14.9s/10m0s  4.00 iters/s

running (06m15.8s), 034/100 VUs, 1109 complete and 0 interrupted iterations
normal_day   [  63% ] 034/100 VUs  06m15.9s/10m0s  4.00 iters/s

running (06m16.8s), 035/100 VUs, 1112 complete and 0 interrupted iterations
normal_day   [  63% ] 035/100 VUs  06m16.9s/10m0s  4.00 iters/s

running (06m17.8s), 032/100 VUs, 1119 complete and 0 interrupted iterations
normal_day   [  63% ] 032/100 VUs  06m17.9s/10m0s  4.00 iters/s

running (06m18.8s), 034/100 VUs, 1121 complete and 0 interrupted iterations
normal_day   [  63% ] 034/100 VUs  06m18.9s/10m0s  4.00 iters/s

running (06m19.8s), 036/100 VUs, 1123 complete and 0 interrupted iterations
normal_day   [  63% ] 036/100 VUs  06m19.9s/10m0s  4.00 iters/s

running (06m20.8s), 038/100 VUs, 1125 complete and 0 interrupted iterations
normal_day   [  63% ] 038/100 VUs  06m20.9s/10m0s  4.00 iters/s

running (06m21.8s), 038/100 VUs, 1129 complete and 0 interrupted iterations
normal_day   [  64% ] 038/100 VUs  06m21.9s/10m0s  4.00 iters/s

running (06m22.8s), 039/100 VUs, 1132 complete and 0 interrupted iterations
normal_day   [  64% ] 039/100 VUs  06m22.9s/10m0s  4.00 iters/s

running (06m23.8s), 041/100 VUs, 1134 complete and 0 interrupted iterations
normal_day   [  64% ] 041/100 VUs  06m23.9s/10m0s  4.00 iters/s

running (06m24.8s), 042/100 VUs, 1137 complete and 0 interrupted iterations
normal_day   [  64% ] 042/100 VUs  06m24.9s/10m0s  4.00 iters/s

running (06m25.8s), 042/100 VUs, 1141 complete and 0 interrupted iterations
normal_day   [  64% ] 042/100 VUs  06m25.9s/10m0s  4.00 iters/s

running (06m26.8s), 041/100 VUs, 1146 complete and 0 interrupted iterations
normal_day   [  64% ] 041/100 VUs  06m26.9s/10m0s  4.00 iters/s

running (06m27.8s), 040/100 VUs, 1151 complete and 0 interrupted iterations
normal_day   [  65% ] 040/100 VUs  06m27.9s/10m0s  4.00 iters/s

running (06m28.8s), 040/100 VUs, 1155 complete and 0 interrupted iterations
normal_day   [  65% ] 040/100 VUs  06m28.9s/10m0s  4.00 iters/s

running (06m29.8s), 043/100 VUs, 1156 complete and 0 interrupted iterations
normal_day   [  65% ] 043/100 VUs  06m29.9s/10m0s  4.00 iters/s

running (06m30.8s), 041/100 VUs, 1162 complete and 0 interrupted iterations
normal_day   [  65% ] 041/100 VUs  06m30.9s/10m0s  4.00 iters/s

running (06m31.8s), 040/100 VUs, 1167 complete and 0 interrupted iterations
normal_day   [  65% ] 040/100 VUs  06m31.9s/10m0s  4.00 iters/s

running (06m32.8s), 042/100 VUs, 1169 complete and 0 interrupted iterations
normal_day   [  65% ] 042/100 VUs  06m32.9s/10m0s  4.00 iters/s

running (06m33.8s), 044/100 VUs, 1171 complete and 0 interrupted iterations
normal_day   [  66% ] 044/100 VUs  06m33.9s/10m0s  4.00 iters/s

running (06m34.8s), 045/100 VUs, 1174 complete and 0 interrupted iterations
normal_day   [  66% ] 045/100 VUs  06m34.9s/10m0s  4.00 iters/s

running (06m35.8s), 040/100 VUs, 1183 complete and 0 interrupted iterations
normal_day   [  66% ] 040/100 VUs  06m35.9s/10m0s  4.00 iters/s

running (06m36.8s), 042/100 VUs, 1185 complete and 0 interrupted iterations
normal_day   [  66% ] 042/100 VUs  06m36.9s/10m0s  4.00 iters/s

running (06m37.8s), 043/100 VUs, 1188 complete and 0 interrupted iterations
normal_day   [  66% ] 043/100 VUs  06m37.9s/10m0s  4.00 iters/s

running (06m38.8s), 042/100 VUs, 1193 complete and 0 interrupted iterations
normal_day   [  66% ] 042/100 VUs  06m38.9s/10m0s  4.00 iters/s

running (06m39.8s), 039/100 VUs, 1200 complete and 0 interrupted iterations
normal_day   [  67% ] 039/100 VUs  06m39.9s/10m0s  4.00 iters/s

running (06m40.8s), 038/100 VUs, 1205 complete and 0 interrupted iterations
normal_day   [  67% ] 038/100 VUs  06m40.9s/10m0s  4.00 iters/s

running (06m41.8s), 041/100 VUs, 1206 complete and 0 interrupted iterations
normal_day   [  67% ] 041/100 VUs  06m41.9s/10m0s  4.00 iters/s

running (06m42.8s), 044/100 VUs, 1207 complete and 0 interrupted iterations
normal_day   [  67% ] 044/100 VUs  06m42.9s/10m0s  4.00 iters/s

running (06m43.8s), 043/100 VUs, 1212 complete and 0 interrupted iterations
normal_day   [  67% ] 043/100 VUs  06m43.9s/10m0s  4.00 iters/s

running (06m44.8s), 043/100 VUs, 1216 complete and 0 interrupted iterations
normal_day   [  67% ] 043/100 VUs  06m44.9s/10m0s  4.00 iters/s

running (06m45.8s), 039/100 VUs, 1224 complete and 0 interrupted iterations
normal_day   [  68% ] 039/100 VUs  06m45.9s/10m0s  4.00 iters/s

running (06m46.8s), 036/100 VUs, 1231 complete and 0 interrupted iterations
normal_day   [  68% ] 036/100 VUs  06m46.9s/10m0s  4.00 iters/s

running (06m47.8s), 036/100 VUs, 1235 complete and 0 interrupted iterations
normal_day   [  68% ] 036/100 VUs  06m47.9s/10m0s  4.00 iters/s

running (06m48.8s), 036/100 VUs, 1239 complete and 0 interrupted iterations
normal_day   [  68% ] 036/100 VUs  06m48.9s/10m0s  4.00 iters/s

running (06m49.8s), 038/100 VUs, 1241 complete and 0 interrupted iterations
normal_day   [  68% ] 038/100 VUs  06m49.9s/10m0s  4.00 iters/s

running (06m50.8s), 041/100 VUs, 1242 complete and 0 interrupted iterations
normal_day   [  68% ] 041/100 VUs  06m50.9s/10m0s  4.00 iters/s

running (06m51.8s), 038/100 VUs, 1249 complete and 0 interrupted iterations
normal_day   [  69% ] 038/100 VUs  06m51.9s/10m0s  4.00 iters/s

running (06m52.8s), 041/100 VUs, 1250 complete and 0 interrupted iterations
normal_day   [  69% ] 041/100 VUs  06m52.9s/10m0s  4.00 iters/s

running (06m53.8s), 039/100 VUs, 1256 complete and 0 interrupted iterations
normal_day   [  69% ] 039/100 VUs  06m53.9s/10m0s  4.00 iters/s

running (06m54.8s), 038/100 VUs, 1261 complete and 0 interrupted iterations
normal_day   [  69% ] 038/100 VUs  06m54.9s/10m0s  4.00 iters/s

running (06m55.8s), 035/100 VUs, 1268 complete and 0 interrupted iterations
normal_day   [  69% ] 035/100 VUs  06m55.9s/10m0s  4.00 iters/s

running (06m56.8s), 036/100 VUs, 1271 complete and 0 interrupted iterations
normal_day   [  69% ] 036/100 VUs  06m56.9s/10m0s  4.00 iters/s

running (06m57.8s), 035/100 VUs, 1276 complete and 0 interrupted iterations
normal_day   [  70% ] 035/100 VUs  06m57.9s/10m0s  4.00 iters/s

running (06m58.8s), 037/100 VUs, 1278 complete and 0 interrupted iterations
normal_day   [  70% ] 037/100 VUs  06m58.9s/10m0s  4.00 iters/s

running (06m59.8s), 040/100 VUs, 1279 complete and 0 interrupted iterations
normal_day   [  70% ] 040/100 VUs  06m59.9s/10m0s  4.00 iters/s

running (07m00.8s), 039/100 VUs, 1284 complete and 0 interrupted iterations
normal_day   [  70% ] 039/100 VUs  07m00.9s/10m0s  4.00 iters/s

running (07m01.8s), 041/100 VUs, 1286 complete and 0 interrupted iterations
normal_day   [  70% ] 041/100 VUs  07m01.9s/10m0s  4.00 iters/s

running (07m02.8s), 038/100 VUs, 1293 complete and 0 interrupted iterations
normal_day   [  70% ] 038/100 VUs  07m02.9s/10m0s  4.00 iters/s

running (07m03.8s), 039/100 VUs, 1296 complete and 0 interrupted iterations
normal_day   [  71% ] 039/100 VUs  07m03.9s/10m0s  4.00 iters/s

running (07m04.8s), 036/100 VUs, 1303 complete and 0 interrupted iterations
normal_day   [  71% ] 036/100 VUs  07m04.9s/10m0s  4.00 iters/s

running (07m05.8s), 038/100 VUs, 1305 complete and 0 interrupted iterations
normal_day   [  71% ] 038/100 VUs  07m05.9s/10m0s  4.00 iters/s

running (07m06.8s), 036/100 VUs, 1311 complete and 0 interrupted iterations
normal_day   [  71% ] 036/100 VUs  07m06.9s/10m0s  4.00 iters/s

running (07m07.8s), 033/100 VUs, 1318 complete and 0 interrupted iterations
normal_day   [  71% ] 033/100 VUs  07m07.9s/10m0s  4.00 iters/s

running (07m08.8s), 037/100 VUs, 1318 complete and 0 interrupted iterations
normal_day   [  71% ] 037/100 VUs  07m08.9s/10m0s  4.00 iters/s

running (07m09.8s), 039/100 VUs, 1320 complete and 0 interrupted iterations
normal_day   [  72% ] 039/100 VUs  07m09.9s/10m0s  4.00 iters/s

running (07m10.8s), 040/100 VUs, 1323 complete and 0 interrupted iterations
normal_day   [  72% ] 040/100 VUs  07m10.9s/10m0s  4.00 iters/s

running (07m11.8s), 041/100 VUs, 1326 complete and 0 interrupted iterations
normal_day   [  72% ] 041/100 VUs  07m11.9s/10m0s  4.00 iters/s

running (07m12.8s), 040/100 VUs, 1331 complete and 0 interrupted iterations
normal_day   [  72% ] 040/100 VUs  07m12.9s/10m0s  4.00 iters/s

running (07m13.8s), 040/100 VUs, 1335 complete and 0 interrupted iterations
normal_day   [  72% ] 040/100 VUs  07m13.9s/10m0s  4.00 iters/s

running (07m14.8s), 040/100 VUs, 1339 complete and 0 interrupted iterations
normal_day   [  72% ] 040/100 VUs  07m14.9s/10m0s  4.00 iters/s

running (07m15.8s), 041/100 VUs, 1342 complete and 0 interrupted iterations
normal_day   [  73% ] 041/100 VUs  07m15.9s/10m0s  4.00 iters/s

running (07m16.8s), 044/100 VUs, 1343 complete and 0 interrupted iterations
normal_day   [  73% ] 044/100 VUs  07m16.9s/10m0s  4.00 iters/s

running (07m17.8s), 043/100 VUs, 1348 complete and 0 interrupted iterations
normal_day   [  73% ] 043/100 VUs  07m17.9s/10m0s  4.00 iters/s

running (07m18.8s), 040/100 VUs, 1355 complete and 0 interrupted iterations
normal_day   [  73% ] 040/100 VUs  07m18.9s/10m0s  4.00 iters/s

running (07m19.8s), 041/100 VUs, 1358 complete and 0 interrupted iterations
normal_day   [  73% ] 041/100 VUs  07m19.9s/10m0s  4.00 iters/s

running (07m20.8s), 036/100 VUs, 1367 complete and 0 interrupted iterations
normal_day   [  73% ] 036/100 VUs  07m20.9s/10m0s  4.00 iters/s

running (07m21.8s), 036/100 VUs, 1371 complete and 0 interrupted iterations
normal_day   [  74% ] 036/100 VUs  07m21.9s/10m0s  4.00 iters/s

running (07m22.8s), 036/100 VUs, 1375 complete and 0 interrupted iterations
normal_day   [  74% ] 036/100 VUs  07m22.9s/10m0s  4.00 iters/s

running (07m23.8s), 040/100 VUs, 1375 complete and 0 interrupted iterations
normal_day   [  74% ] 040/100 VUs  07m23.9s/10m0s  4.00 iters/s

running (07m24.8s), 041/100 VUs, 1378 complete and 0 interrupted iterations
normal_day   [  74% ] 041/100 VUs  07m24.9s/10m0s  4.00 iters/s

running (07m25.8s), 039/100 VUs, 1384 complete and 0 interrupted iterations
normal_day   [  74% ] 039/100 VUs  07m25.9s/10m0s  4.00 iters/s

running (07m26.8s), 040/100 VUs, 1387 complete and 0 interrupted iterations
normal_day   [  74% ] 040/100 VUs  07m26.9s/10m0s  4.00 iters/s

running (07m27.8s), 040/100 VUs, 1391 complete and 0 interrupted iterations
normal_day   [  75% ] 040/100 VUs  07m27.9s/10m0s  4.00 iters/s

running (07m28.8s), 038/100 VUs, 1397 complete and 0 interrupted iterations
normal_day   [  75% ] 038/100 VUs  07m28.9s/10m0s  4.00 iters/s

running (07m29.8s), 038/100 VUs, 1401 complete and 0 interrupted iterations
normal_day   [  75% ] 038/100 VUs  07m29.9s/10m0s  4.00 iters/s

running (07m30.8s), 037/100 VUs, 1406 complete and 0 interrupted iterations
normal_day   [  75% ] 037/100 VUs  07m30.9s/10m0s  4.00 iters/s

running (07m31.8s), 038/100 VUs, 1409 complete and 0 interrupted iterations
normal_day   [  75% ] 038/100 VUs  07m31.9s/10m0s  4.00 iters/s

running (07m32.8s), 038/100 VUs, 1413 complete and 0 interrupted iterations
normal_day   [  75% ] 038/100 VUs  07m32.9s/10m0s  4.00 iters/s

running (07m33.8s), 041/100 VUs, 1414 complete and 0 interrupted iterations
normal_day   [  76% ] 041/100 VUs  07m33.9s/10m0s  4.00 iters/s

running (07m34.8s), 040/100 VUs, 1419 complete and 0 interrupted iterations
normal_day   [  76% ] 040/100 VUs  07m34.9s/10m0s  4.00 iters/s

running (07m35.8s), 042/100 VUs, 1421 complete and 0 interrupted iterations
normal_day   [  76% ] 042/100 VUs  07m35.9s/10m0s  4.00 iters/s

running (07m36.8s), 043/100 VUs, 1424 complete and 0 interrupted iterations
normal_day   [  76% ] 043/100 VUs  07m36.9s/10m0s  4.00 iters/s

running (07m37.8s), 044/100 VUs, 1427 complete and 0 interrupted iterations
normal_day   [  76% ] 044/100 VUs  07m37.9s/10m0s  4.00 iters/s

running (07m38.8s), 044/100 VUs, 1431 complete and 0 interrupted iterations
normal_day   [  76% ] 044/100 VUs  07m38.9s/10m0s  4.00 iters/s

running (07m39.8s), 043/100 VUs, 1436 complete and 0 interrupted iterations
normal_day   [  77% ] 043/100 VUs  07m39.9s/10m0s  4.00 iters/s

running (07m40.8s), 047/100 VUs, 1436 complete and 0 interrupted iterations
normal_day   [  77% ] 047/100 VUs  07m40.9s/10m0s  4.00 iters/s

running (07m41.8s), 047/100 VUs, 1440 complete and 0 interrupted iterations
normal_day   [  77% ] 047/100 VUs  07m41.9s/10m0s  4.00 iters/s

running (07m42.8s), 048/100 VUs, 1443 complete and 0 interrupted iterations
normal_day   [  77% ] 048/100 VUs  07m42.9s/10m0s  4.00 iters/s

running (07m43.8s), 042/100 VUs, 1453 complete and 0 interrupted iterations
normal_day   [  77% ] 042/100 VUs  07m43.9s/10m0s  4.00 iters/s

running (07m44.8s), 041/100 VUs, 1458 complete and 0 interrupted iterations
normal_day   [  77% ] 041/100 VUs  07m44.9s/10m0s  4.00 iters/s

running (07m45.8s), 041/100 VUs, 1462 complete and 0 interrupted iterations
normal_day   [  78% ] 041/100 VUs  07m45.9s/10m0s  4.00 iters/s

running (07m46.8s), 044/100 VUs, 1463 complete and 0 interrupted iterations
normal_day   [  78% ] 044/100 VUs  07m46.9s/10m0s  4.00 iters/s

running (07m47.8s), 043/100 VUs, 1468 complete and 0 interrupted iterations
normal_day   [  78% ] 043/100 VUs  07m47.9s/10m0s  4.00 iters/s

running (07m48.8s), 041/100 VUs, 1474 complete and 0 interrupted iterations
normal_day   [  78% ] 041/100 VUs  07m48.9s/10m0s  4.00 iters/s

running (07m49.8s), 038/100 VUs, 1481 complete and 0 interrupted iterations
normal_day   [  78% ] 038/100 VUs  07m49.9s/10m0s  4.00 iters/s

running (07m50.8s), 041/100 VUs, 1482 complete and 0 interrupted iterations
normal_day   [  78% ] 041/100 VUs  07m50.9s/10m0s  4.00 iters/s

running (07m51.8s), 043/100 VUs, 1484 complete and 0 interrupted iterations
normal_day   [  79% ] 043/100 VUs  07m51.9s/10m0s  4.00 iters/s

running (07m52.8s), 041/100 VUs, 1490 complete and 0 interrupted iterations
normal_day   [  79% ] 041/100 VUs  07m52.9s/10m0s  4.00 iters/s

running (07m53.8s), 039/100 VUs, 1496 complete and 0 interrupted iterations
normal_day   [  79% ] 039/100 VUs  07m53.9s/10m0s  4.00 iters/s

running (07m54.8s), 037/100 VUs, 1502 complete and 0 interrupted iterations
normal_day   [  79% ] 037/100 VUs  07m54.9s/10m0s  4.00 iters/s

running (07m55.8s), 036/100 VUs, 1507 complete and 0 interrupted iterations
normal_day   [  79% ] 036/100 VUs  07m55.9s/10m0s  4.00 iters/s

running (07m56.8s), 036/100 VUs, 1511 complete and 0 interrupted iterations
normal_day   [  79% ] 036/100 VUs  07m56.9s/10m0s  4.00 iters/s

running (07m57.8s), 039/100 VUs, 1512 complete and 0 interrupted iterations
normal_day   [  80% ] 039/100 VUs  07m57.9s/10m0s  4.00 iters/s

running (07m58.8s), 037/100 VUs, 1518 complete and 0 interrupted iterations
normal_day   [  80% ] 037/100 VUs  07m58.9s/10m0s  4.00 iters/s

running (07m59.8s), 038/100 VUs, 1521 complete and 0 interrupted iterations
normal_day   [  80% ] 038/100 VUs  07m59.9s/10m0s  4.00 iters/s

running (08m00.8s), 036/100 VUs, 1527 complete and 0 interrupted iterations
normal_day   [  80% ] 036/100 VUs  08m00.9s/10m0s  3.97 iters/s

running (08m01.8s), 035/100 VUs, 1532 complete and 0 interrupted iterations
normal_day   [  80% ] 035/100 VUs  08m01.9s/10m0s  3.94 iters/s

running (08m02.8s), 037/100 VUs, 1534 complete and 0 interrupted iterations
normal_day   [  80% ] 037/100 VUs  08m02.9s/10m0s  3.90 iters/s

running (08m03.8s), 037/100 VUs, 1538 complete and 0 interrupted iterations
normal_day   [  81% ] 037/100 VUs  08m03.9s/10m0s  3.87 iters/s

running (08m04.8s), 040/100 VUs, 1539 complete and 0 interrupted iterations
normal_day   [  81% ] 040/100 VUs  08m04.9s/10m0s  3.83 iters/s

running (08m05.8s), 037/100 VUs, 1545 complete and 0 interrupted iterations
normal_day   [  81% ] 037/100 VUs  08m05.9s/10m0s  3.81 iters/s

running (08m06.8s), 040/100 VUs, 1546 complete and 0 interrupted iterations
normal_day   [  81% ] 040/100 VUs  08m06.9s/10m0s  3.77 iters/s

running (08m07.8s), 038/100 VUs, 1552 complete and 0 interrupted iterations
normal_day   [  81% ] 038/100 VUs  08m07.9s/10m0s  3.74 iters/s

running (08m08.8s), 041/100 VUs, 1553 complete and 0 interrupted iterations
normal_day   [  81% ] 041/100 VUs  08m08.9s/10m0s  3.70 iters/s

running (08m09.8s), 038/100 VUs, 1559 complete and 0 interrupted iterations
normal_day   [  82% ] 038/100 VUs  08m09.9s/10m0s  3.67 iters/s

running (08m10.8s), 040/100 VUs, 1561 complete and 0 interrupted iterations
normal_day   [  82% ] 040/100 VUs  08m10.9s/10m0s  3.64 iters/s

running (08m11.8s), 039/100 VUs, 1566 complete and 0 interrupted iterations
normal_day   [  82% ] 039/100 VUs  08m11.9s/10m0s  3.60 iters/s

running (08m12.8s), 036/100 VUs, 1572 complete and 0 interrupted iterations
normal_day   [  82% ] 036/100 VUs  08m12.9s/10m0s  3.57 iters/s

running (08m13.8s), 036/100 VUs, 1576 complete and 0 interrupted iterations
normal_day   [  82% ] 036/100 VUs  08m13.9s/10m0s  3.54 iters/s

running (08m14.8s), 034/100 VUs, 1581 complete and 0 interrupted iterations
normal_day   [  82% ] 034/100 VUs  08m14.9s/10m0s  3.51 iters/s

running (08m15.8s), 029/100 VUs, 1590 complete and 0 interrupted iterations
normal_day   [  83% ] 029/100 VUs  08m15.9s/10m0s  3.47 iters/s

running (08m16.8s), 025/100 VUs, 1597 complete and 0 interrupted iterations
normal_day   [  83% ] 025/100 VUs  08m16.9s/10m0s  3.44 iters/s

running (08m17.8s), 026/100 VUs, 1600 complete and 0 interrupted iterations
normal_day   [  83% ] 026/100 VUs  08m17.9s/10m0s  3.40 iters/s

running (08m18.8s), 029/100 VUs, 1600 complete and 0 interrupted iterations
normal_day   [  83% ] 029/100 VUs  08m18.9s/10m0s  3.37 iters/s

running (08m19.8s), 029/100 VUs, 1603 complete and 0 interrupted iterations
normal_day   [  83% ] 029/100 VUs  08m19.9s/10m0s  3.34 iters/s

running (08m20.8s), 032/100 VUs, 1604 complete and 0 interrupted iterations
normal_day   [  83% ] 032/100 VUs  08m20.9s/10m0s  3.30 iters/s

running (08m21.8s), 031/100 VUs, 1608 complete and 0 interrupted iterations
normal_day   [  84% ] 031/100 VUs  08m21.9s/10m0s  3.27 iters/s

running (08m22.8s), 032/100 VUs, 1610 complete and 0 interrupted iterations
normal_day   [  84% ] 032/100 VUs  08m22.9s/10m0s  3.24 iters/s

running (08m23.8s), 031/100 VUs, 1614 complete and 0 interrupted iterations
normal_day   [  84% ] 031/100 VUs  08m23.9s/10m0s  3.21 iters/s

running (08m24.8s), 033/100 VUs, 1616 complete and 0 interrupted iterations
normal_day   [  84% ] 033/100 VUs  08m24.9s/10m0s  3.17 iters/s

running (08m25.8s), 027/100 VUs, 1625 complete and 0 interrupted iterations
normal_day   [  84% ] 027/100 VUs  08m25.9s/10m0s  3.14 iters/s

running (08m26.8s), 026/100 VUs, 1629 complete and 0 interrupted iterations
normal_day   [  84% ] 026/100 VUs  08m26.9s/10m0s  3.10 iters/s

running (08m27.8s), 028/100 VUs, 1630 complete and 0 interrupted iterations
normal_day   [  85% ] 028/100 VUs  08m27.9s/10m0s  3.07 iters/s

running (08m28.8s), 025/100 VUs, 1636 complete and 0 interrupted iterations
normal_day   [  85% ] 025/100 VUs  08m28.9s/10m0s  3.04 iters/s

running (08m29.8s), 026/100 VUs, 1638 complete and 0 interrupted iterations
normal_day   [  85% ] 026/100 VUs  08m29.9s/10m0s  3.01 iters/s

running (08m30.8s), 026/100 VUs, 1641 complete and 0 interrupted iterations
normal_day   [  85% ] 026/100 VUs  08m30.9s/10m0s  2.97 iters/s

running (08m31.8s), 026/100 VUs, 1644 complete and 0 interrupted iterations
normal_day   [  85% ] 026/100 VUs  08m31.9s/10m0s  2.94 iters/s

running (08m32.8s), 027/100 VUs, 1646 complete and 0 interrupted iterations
normal_day   [  85% ] 027/100 VUs  08m32.9s/10m0s  2.90 iters/s

running (08m33.8s), 027/100 VUs, 1649 complete and 0 interrupted iterations
normal_day   [  86% ] 027/100 VUs  08m33.9s/10m0s  2.87 iters/s

running (08m34.8s), 029/100 VUs, 1650 complete and 0 interrupted iterations
normal_day   [  86% ] 029/100 VUs  08m34.9s/10m0s  2.83 iters/s

running (08m35.8s), 028/100 VUs, 1653 complete and 0 interrupted iterations
normal_day   [  86% ] 028/100 VUs  08m35.9s/10m0s  2.81 iters/s

running (08m36.8s), 031/100 VUs, 1653 complete and 0 interrupted iterations
normal_day   [  86% ] 031/100 VUs  08m36.9s/10m0s  2.77 iters/s

running (08m37.8s), 031/100 VUs, 1656 complete and 0 interrupted iterations
normal_day   [  86% ] 031/100 VUs  08m37.9s/10m0s  2.74 iters/s

running (08m38.8s), 031/100 VUs, 1659 complete and 0 interrupted iterations
normal_day   [  86% ] 031/100 VUs  08m38.9s/10m0s  2.70 iters/s

running (08m39.8s), 031/100 VUs, 1661 complete and 0 interrupted iterations
normal_day   [  87% ] 031/100 VUs  08m39.9s/10m0s  2.68 iters/s

running (08m40.8s), 030/100 VUs, 1665 complete and 0 interrupted iterations
normal_day   [  87% ] 030/100 VUs  08m40.9s/10m0s  2.64 iters/s

running (08m41.8s), 030/100 VUs, 1668 complete and 0 interrupted iterations
normal_day   [  87% ] 030/100 VUs  08m41.9s/10m0s  2.60 iters/s

running (08m42.8s), 028/100 VUs, 1672 complete and 0 interrupted iterations
normal_day   [  87% ] 028/100 VUs  08m42.9s/10m0s  2.58 iters/s

running (08m43.8s), 029/100 VUs, 1674 complete and 0 interrupted iterations
normal_day   [  87% ] 029/100 VUs  08m43.9s/10m0s  2.54 iters/s

running (08m44.8s), 028/100 VUs, 1677 complete and 0 interrupted iterations
normal_day   [  87% ] 028/100 VUs  08m44.9s/10m0s  2.51 iters/s

running (08m45.8s), 028/100 VUs, 1680 complete and 0 interrupted iterations
normal_day   [  88% ] 028/100 VUs  08m45.9s/10m0s  2.47 iters/s

running (08m46.8s), 029/100 VUs, 1681 complete and 0 interrupted iterations
normal_day   [  88% ] 029/100 VUs  08m46.9s/10m0s  2.44 iters/s

running (08m47.8s), 030/100 VUs, 1683 complete and 0 interrupted iterations
normal_day   [  88% ] 030/100 VUs  08m47.9s/10m0s  2.40 iters/s

running (08m48.8s), 031/100 VUs, 1684 complete and 0 interrupted iterations
normal_day   [  88% ] 031/100 VUs  08m48.9s/10m0s  2.37 iters/s

running (08m49.8s), 031/100 VUs, 1686 complete and 0 interrupted iterations
normal_day   [  88% ] 031/100 VUs  08m49.9s/10m0s  2.35 iters/s

running (08m50.8s), 025/100 VUs, 1695 complete and 0 interrupted iterations
normal_day   [  88% ] 025/100 VUs  08m50.9s/10m0s  2.30 iters/s

running (08m51.8s), 025/100 VUs, 1697 complete and 0 interrupted iterations
normal_day   [  89% ] 025/100 VUs  08m51.9s/10m0s  2.27 iters/s

running (08m52.8s), 025/100 VUs, 1699 complete and 0 interrupted iterations
normal_day   [  89% ] 025/100 VUs  08m52.9s/10m0s  2.24 iters/s

running (08m53.8s), 025/100 VUs, 1702 complete and 0 interrupted iterations
normal_day   [  89% ] 025/100 VUs  08m53.9s/10m0s  2.20 iters/s

running (08m54.8s), 026/100 VUs, 1703 complete and 0 interrupted iterations
normal_day   [  89% ] 026/100 VUs  08m54.9s/10m0s  2.17 iters/s

running (08m55.8s), 024/100 VUs, 1707 complete and 0 interrupted iterations
normal_day   [  89% ] 024/100 VUs  08m55.9s/10m0s  2.14 iters/s

running (08m56.8s), 024/100 VUs, 1709 complete and 0 interrupted iterations
normal_day   [  89% ] 024/100 VUs  08m56.9s/10m0s  2.11 iters/s

running (08m57.8s), 025/100 VUs, 1710 complete and 0 interrupted iterations
normal_day   [  90% ] 025/100 VUs  08m57.9s/10m0s  2.07 iters/s

running (08m58.8s), 026/100 VUs, 1711 complete and 0 interrupted iterations
normal_day   [  90% ] 026/100 VUs  08m58.9s/10m0s  2.04 iters/s

running (08m59.8s), 024/100 VUs, 1715 complete and 0 interrupted iterations
normal_day   [  90% ] 024/100 VUs  08m59.9s/10m0s  2.01 iters/s

running (09m00.8s), 023/100 VUs, 1718 complete and 0 interrupted iterations
normal_day   [  90% ] 023/100 VUs  09m00.9s/10m0s  1.97 iters/s

running (09m01.8s), 023/100 VUs, 1720 complete and 0 interrupted iterations
normal_day   [  90% ] 023/100 VUs  09m01.9s/10m0s  1.94 iters/s

running (09m02.8s), 020/100 VUs, 1725 complete and 0 interrupted iterations
normal_day   [  90% ] 020/100 VUs  09m02.9s/10m0s  1.91 iters/s

running (09m03.8s), 022/100 VUs, 1725 complete and 0 interrupted iterations
normal_day   [  91% ] 022/100 VUs  09m03.9s/10m0s  1.87 iters/s

running (09m04.8s), 023/100 VUs, 1726 complete and 0 interrupted iterations
normal_day   [  91% ] 023/100 VUs  09m04.9s/10m0s  1.83 iters/s

running (09m05.8s), 025/100 VUs, 1726 complete and 0 interrupted iterations
normal_day   [  91% ] 025/100 VUs  09m05.9s/10m0s  1.80 iters/s

running (09m06.8s), 023/100 VUs, 1729 complete and 0 interrupted iterations
normal_day   [  91% ] 023/100 VUs  09m06.9s/10m0s  1.78 iters/s

running (09m07.8s), 024/100 VUs, 1730 complete and 0 interrupted iterations
normal_day   [  91% ] 024/100 VUs  09m07.9s/10m0s  1.74 iters/s

running (09m08.8s), 025/100 VUs, 1731 complete and 0 interrupted iterations
normal_day   [  91% ] 025/100 VUs  09m08.9s/10m0s  1.70 iters/s

running (09m09.8s), 024/100 VUs, 1734 complete and 0 interrupted iterations
normal_day   [  92% ] 024/100 VUs  09m09.9s/10m0s  1.66 iters/s

running (09m10.8s), 022/100 VUs, 1737 complete and 0 interrupted iterations
normal_day   [  92% ] 022/100 VUs  09m10.9s/10m0s  1.64 iters/s

running (09m11.8s), 019/100 VUs, 1742 complete and 0 interrupted iterations
normal_day   [  92% ] 019/100 VUs  09m11.9s/10m0s  1.60 iters/s

running (09m12.8s), 019/100 VUs, 1743 complete and 0 interrupted iterations
normal_day   [  92% ] 019/100 VUs  09m12.9s/10m0s  1.58 iters/s

running (09m13.8s), 019/100 VUs, 1745 complete and 0 interrupted iterations
normal_day   [  92% ] 019/100 VUs  09m13.9s/10m0s  1.54 iters/s

running (09m14.8s), 021/100 VUs, 1745 complete and 0 interrupted iterations
normal_day   [  92% ] 021/100 VUs  09m14.9s/10m0s  1.49 iters/s

running (09m15.8s), 019/100 VUs, 1748 complete and 0 interrupted iterations
normal_day   [  93% ] 019/100 VUs  09m15.9s/10m0s  1.47 iters/s

running (09m16.8s), 020/100 VUs, 1748 complete and 0 interrupted iterations
normal_day   [  93% ] 020/100 VUs  09m16.9s/10m0s  1.45 iters/s

running (09m17.8s), 019/100 VUs, 1751 complete and 0 interrupted iterations
normal_day   [  93% ] 019/100 VUs  09m17.9s/10m0s  1.40 iters/s

running (09m18.8s), 015/100 VUs, 1756 complete and 0 interrupted iterations
normal_day   [  93% ] 015/100 VUs  09m18.9s/10m0s  1.38 iters/s

running (09m19.8s), 015/100 VUs, 1758 complete and 0 interrupted iterations
normal_day   [  93% ] 015/100 VUs  09m19.9s/10m0s  1.33 iters/s

running (09m20.8s), 015/100 VUs, 1759 complete and 0 interrupted iterations
normal_day   [  93% ] 015/100 VUs  09m20.9s/10m0s  1.30 iters/s

running (09m21.8s), 015/100 VUs, 1760 complete and 0 interrupted iterations
normal_day   [  94% ] 015/100 VUs  09m21.9s/10m0s  1.28 iters/s

running (09m22.8s), 015/100 VUs, 1762 complete and 0 interrupted iterations
normal_day   [  94% ] 015/100 VUs  09m22.9s/10m0s  1.22 iters/s

running (09m23.8s), 014/100 VUs, 1764 complete and 0 interrupted iterations
normal_day   [  94% ] 014/100 VUs  09m23.9s/10m0s  1.20 iters/s

running (09m24.8s), 013/100 VUs, 1766 complete and 0 interrupted iterations
normal_day   [  94% ] 013/100 VUs  09m24.9s/10m0s  1.17 iters/s

running (09m25.8s), 014/100 VUs, 1766 complete and 0 interrupted iterations
normal_day   [  94% ] 014/100 VUs  09m25.9s/10m0s  1.14 iters/s

running (09m26.8s), 011/100 VUs, 1770 complete and 0 interrupted iterations
normal_day   [  94% ] 011/100 VUs  09m26.9s/10m0s  1.11 iters/s

running (09m27.8s), 011/100 VUs, 1771 complete and 0 interrupted iterations
normal_day   [  95% ] 011/100 VUs  09m27.9s/10m0s  1.08 iters/s

running (09m28.8s), 010/100 VUs, 1773 complete and 0 interrupted iterations
normal_day   [  95% ] 010/100 VUs  09m28.9s/10m0s  1.05 iters/s

running (09m29.8s), 010/100 VUs, 1774 complete and 0 interrupted iterations
normal_day   [  95% ] 010/100 VUs  09m29.9s/10m0s  1.02 iters/s

running (09m30.8s), 009/100 VUs, 1776 complete and 0 interrupted iterations
normal_day   [  95% ] 009/100 VUs  09m30.9s/10m0s  0.98 iters/s

running (09m31.8s), 010/100 VUs, 1776 complete and 0 interrupted iterations
normal_day   [  95% ] 010/100 VUs  09m31.9s/10m0s  0.95 iters/s

running (09m32.8s), 011/100 VUs, 1776 complete and 0 interrupted iterations
normal_day   [  95% ] 011/100 VUs  09m32.9s/10m0s  0.91 iters/s

running (09m33.8s), 012/100 VUs, 1776 complete and 0 interrupted iterations
normal_day   [  96% ] 012/100 VUs  09m33.9s/10m0s  0.88 iters/s

running (09m34.8s), 012/100 VUs, 1777 complete and 0 interrupted iterations
normal_day   [  96% ] 012/100 VUs  09m34.9s/10m0s  0.84 iters/s

running (09m35.8s), 013/100 VUs, 1777 complete and 0 interrupted iterations
normal_day   [  96% ] 013/100 VUs  09m35.9s/10m0s  0.80 iters/s

running (09m36.8s), 013/100 VUs, 1778 complete and 0 interrupted iterations
normal_day   [  96% ] 013/100 VUs  09m36.9s/10m0s  0.75 iters/s

running (09m37.8s), 012/100 VUs, 1779 complete and 0 interrupted iterations
normal_day   [  96% ] 012/100 VUs  09m37.9s/10m0s  0.75 iters/s

running (09m38.8s), 011/100 VUs, 1781 complete and 0 interrupted iterations
normal_day   [  96% ] 011/100 VUs  09m38.9s/10m0s  0.71 iters/s

running (09m39.8s), 012/100 VUs, 1781 complete and 0 interrupted iterations
normal_day   [  97% ] 012/100 VUs  09m39.9s/10m0s  0.66 iters/s

running (09m40.8s), 009/100 VUs, 1784 complete and 0 interrupted iterations
normal_day   [  97% ] 009/100 VUs  09m40.9s/10m0s  0.66 iters/s

running (09m41.8s), 010/100 VUs, 1784 complete and 0 interrupted iterations
normal_day   [  97% ] 010/100 VUs  09m41.9s/10m0s  0.60 iters/s

running (09m42.8s), 010/100 VUs, 1785 complete and 0 interrupted iterations
normal_day   [  97% ] 010/100 VUs  09m42.9s/10m0s  0.55 iters/s

running (09m43.8s), 009/100 VUs, 1786 complete and 0 interrupted iterations
normal_day   [  97% ] 009/100 VUs  09m43.9s/10m0s  0.55 iters/s

running (09m44.8s), 009/100 VUs, 1787 complete and 0 interrupted iterations
normal_day   [  97% ] 009/100 VUs  09m44.9s/10m0s  0.48 iters/s

running (09m45.8s), 009/100 VUs, 1787 complete and 0 interrupted iterations
normal_day   [  98% ] 009/100 VUs  09m45.9s/10m0s  0.48 iters/s

running (09m46.8s), 010/100 VUs, 1787 complete and 0 interrupted iterations
normal_day   [  98% ] 010/100 VUs  09m46.9s/10m0s  0.41 iters/s

running (09m47.8s), 008/100 VUs, 1789 complete and 0 interrupted iterations
normal_day   [  98% ] 008/100 VUs  09m47.9s/10m0s  0.41 iters/s

running (09m48.8s), 005/100 VUs, 1792 complete and 0 interrupted iterations
normal_day   [  98% ] 005/100 VUs  09m48.9s/10m0s  0.41 iters/s

running (09m49.8s), 005/100 VUs, 1793 complete and 0 interrupted iterations
normal_day   [  98% ] 005/100 VUs  09m49.9s/10m0s  0.31 iters/s

running (09m50.8s), 003/100 VUs, 1795 complete and 0 interrupted iterations
normal_day   [  98% ] 003/100 VUs  09m50.9s/10m0s  0.31 iters/s

running (09m51.8s), 003/100 VUs, 1795 complete and 0 interrupted iterations
normal_day   [  99% ] 003/100 VUs  09m51.9s/10m0s  0.31 iters/s

running (09m52.8s), 003/100 VUs, 1796 complete and 0 interrupted iterations
normal_day   [  99% ] 003/100 VUs  09m52.9s/10m0s  0.13 iters/s

running (09m53.8s), 003/100 VUs, 1796 complete and 0 interrupted iterations
normal_day   [  99% ] 003/100 VUs  09m53.9s/10m0s  0.13 iters/s

running (09m54.8s), 003/100 VUs, 1796 complete and 0 interrupted iterations
normal_day   [  99% ] 003/100 VUs  09m54.9s/10m0s  0.13 iters/s

running (09m55.8s), 003/100 VUs, 1796 complete and 0 interrupted iterations
normal_day   [  99% ] 003/100 VUs  09m55.9s/10m0s  0.13 iters/s

running (09m56.8s), 003/100 VUs, 1796 complete and 0 interrupted iterations
normal_day   [  99% ] 003/100 VUs  09m56.9s/10m0s  0.13 iters/s

running (09m57.8s), 003/100 VUs, 1796 complete and 0 interrupted iterations
normal_day   [ 100% ] 003/100 VUs  09m57.9s/10m0s  0.13 iters/s

running (09m58.8s), 003/100 VUs, 1796 complete and 0 interrupted iterations
normal_day   [ 100% ] 003/100 VUs  09m58.9s/10m0s  0.13 iters/s

running (09m59.8s), 003/100 VUs, 1796 complete and 0 interrupted iterations
normal_day   [ 100% ] 003/100 VUs  09m59.9s/10m0s  0.13 iters/s

running (10m00.8s), 003/100 VUs, 1796 complete and 0 interrupted iterations
normal_day ↓ [ 100% ] 003/100 VUs  10m0s  0.13 iters/s

running (10m01.8s), 003/100 VUs, 1796 complete and 0 interrupted iterations
normal_day ↓ [ 100% ] 003/100 VUs  10m0s  0.13 iters/s

running (10m02.8s), 003/100 VUs, 1796 complete and 0 interrupted iterations
normal_day ↓ [ 100% ] 003/100 VUs  10m0s  0.13 iters/s

running (10m03.8s), 003/100 VUs, 1796 complete and 0 interrupted iterations
normal_day ↓ [ 100% ] 003/100 VUs  10m0s  0.13 iters/s

running (10m04.8s), 002/100 VUs, 1797 complete and 0 interrupted iterations
normal_day ↓ [ 100% ] 003/100 VUs  10m0s  0.13 iters/s

running (10m05.8s), 002/100 VUs, 1797 complete and 0 interrupted iterations
normal_day ↓ [ 100% ] 003/100 VUs  10m0s  0.13 iters/s

running (10m06.8s), 001/100 VUs, 1798 complete and 0 interrupted iterations
normal_day ↓ [ 100% ] 003/100 VUs  10m0s  0.13 iters/s

running (10m07.8s), 001/100 VUs, 1798 complete and 0 interrupted iterations
normal_day ↓ [ 100% ] 003/100 VUs  10m0s  0.13 iters/s

running (10m08.8s), 001/100 VUs, 1798 complete and 0 interrupted iterations
normal_day ↓ [ 100% ] 003/100 VUs  10m0s  0.13 iters/s

running (10m09.8s), 001/100 VUs, 1798 complete and 0 interrupted iterations
normal_day ↓ [ 100% ] 003/100 VUs  10m0s  0.13 iters/s

running (10m10.8s), 001/100 VUs, 1798 complete and 0 interrupted iterations
normal_day ↓ [ 100% ] 003/100 VUs  10m0s  0.13 iters/s

running (10m11.8s), 001/100 VUs, 1798 complete and 0 interrupted iterations
normal_day ↓ [ 100% ] 003/100 VUs  10m0s  0.13 iters/s

running (10m12.8s), 001/100 VUs, 1798 complete and 0 interrupted iterations
normal_day ↓ [ 100% ] 003/100 VUs  10m0s  0.13 iters/s
[32m     ✓ login 200[0m
[32m     ✓ friend list 200[0m
[32m     ✓ chat rooms 200[0m
[32m     ✓ post search 200[0m
[32m     ✓ post detail 200[0m
[32m     ✓ post reaction 2xx[0m
[32m     ✓ board list 200[0m
[32m     ✓ hot daily 200[0m
[32m     ✓ user info 200[0m
[32m     ✓ post list 200[0m
[32m     ✓ my posts 200[0m
[32m     ✓ meal today 200[0m
[32m     ✓ comment list 200[0m
[32m     ✓ timetable today 200[0m
[32m     ✓ logout 200[0m
[32m     ✓ received reqs 200[0m
[32m     ✓ post create 2xx[0m
[32m     ✓ post update 200[0m
[32m     ✓ post delete 200[0m
[32m     ✓ ws handshake 101[0m
[32m     ✓ chat messages 200[0m
[32m     ✓ unread count 200[0m
[32m     ✓ chat read 200[0m
[32m     ✓ comment reaction 200[0m
[32m     ✓ scrap 2xx[0m
[32m     ✓ refresh 200[0m
[32m     ✓ comment create 2xx[0m
[32m     ✓ notif list 200[0m
[32m     ✓ read all 200[0m
[32m     ✓ read one 200[0m
[32m     ✓ meal month 200[0m

     auth_token_refreshes[2m.............:[0m [36m18[0m      [36;2m0.029331/s[0m
     chat_ws_messages_sent[2m............:[0m [36m510[0m     [36;2m0.831047/s[0m
     chat_ws_rtt[2m......................:[0m avg=[36m23.4ms[0m   min=[36m14ms[0m    med=[36m21ms[0m     max=[36m107ms[0m    p(90)=[36m32ms[0m     p(95)=[36m35ms[0m     p(99)=[36m51.81ms[0m 
     checks[2m...........................:[0m [36m100.00%[0m [36;2m✓ 7977[0m      [36;2m✗ 0[0m    
     [32m✓[0m { phase:measure }[2m..............:[0m [36m100.00%[0m [36;2m✓ 5363[0m      [36;2m✗ 0[0m    
     [32m✓[0m { phase:rampdown }[2m.............:[0m [36m100.00%[0m [36;2m✓ 1075[0m      [36;2m✗ 0[0m    
     [32m✓[0m { phase:warmup }[2m...............:[0m [36m100.00%[0m [36;2m✓ 1539[0m      [36;2m✗ 0[0m    
     data_received[2m....................:[0m [36m364 MB[0m  [36;2m594 kB/s[0m
     data_sent[2m........................:[0m [36m3.2 MB[0m  [36;2m5.3 kB/s[0m
     http_req_blocked[2m.................:[0m avg=[36m13.15µs[0m  min=[36m1.57µs[0m  med=[36m5.28µs[0m   max=[36m22.94ms[0m  p(90)=[36m7.03µs[0m   p(95)=[36m9.74µs[0m   p(99)=[36m265.46µs[0m
     http_req_connecting[2m..............:[0m avg=[36m5.98µs[0m   min=[36m0s[0m      med=[36m0s[0m       max=[36m22.86ms[0m  p(90)=[36m0s[0m       p(95)=[36m0s[0m       p(99)=[36m177.73µs[0m
     http_req_duration[2m................:[0m avg=[36m85.26ms[0m  min=[36m1.72ms[0m  med=[36m5.62ms[0m   max=[36m8.45s[0m    p(90)=[36m75.44ms[0m  p(95)=[36m377.12ms[0m p(99)=[36m2.12s[0m   
       { expected_response:true }[2m.....:[0m avg=[36m85.26ms[0m  min=[36m1.72ms[0m  med=[36m5.62ms[0m   max=[36m8.45s[0m    p(90)=[36m75.44ms[0m  p(95)=[36m377.12ms[0m p(99)=[36m2.12s[0m   
     [32m✓[0m { feature:auth }[2m...............:[0m avg=[36m91.56ms[0m  min=[36m13.71ms[0m med=[36m86.48ms[0m  max=[36m484.3ms[0m  p(90)=[36m118.83ms[0m p(95)=[36m269.19ms[0m p(99)=[36m422.78ms[0m
     [32m✓[0m { feature:board }[2m..............:[0m avg=[36m4.17ms[0m   min=[36m1.84ms[0m  med=[36m3.33ms[0m   max=[36m68.79ms[0m  p(90)=[36m4.98ms[0m   p(95)=[36m7.72ms[0m   p(99)=[36m15.07ms[0m 
     [32m✓[0m { feature:chat }[2m...............:[0m avg=[36m6.03ms[0m   min=[36m2.23ms[0m  med=[36m4.95ms[0m   max=[36m105.37ms[0m p(90)=[36m7.53ms[0m   p(95)=[36m11.7ms[0m   p(99)=[36m25.6ms[0m  
     [32m✓[0m { feature:comment }[2m............:[0m avg=[36m418.05ms[0m min=[36m1.72ms[0m  med=[36m48.24ms[0m  max=[36m8.45s[0m    p(90)=[36m1.7s[0m     p(95)=[36m2.15s[0m    p(99)=[36m2.83s[0m   
     [32m✓[0m { feature:friend }[2m.............:[0m avg=[36m5.7ms[0m    min=[36m2.38ms[0m  med=[36m3.93ms[0m   max=[36m88.2ms[0m   p(90)=[36m6.91ms[0m   p(95)=[36m9.95ms[0m   p(99)=[36m43.66ms[0m 
     [32m✓[0m { feature:hot }[2m................:[0m avg=[36m13.54ms[0m  min=[36m8.12ms[0m  med=[36m11.84ms[0m  max=[36m109.9ms[0m  p(90)=[36m16.3ms[0m   p(95)=[36m20.16ms[0m  p(99)=[36m53.21ms[0m 
     [32m✓[0m { feature:mypage }[2m.............:[0m avg=[36m4.41ms[0m   min=[36m2.03ms[0m  med=[36m3.4ms[0m    max=[36m23.42ms[0m  p(90)=[36m5.65ms[0m   p(95)=[36m11.11ms[0m  p(99)=[36m20.56ms[0m 
     [32m✓[0m { feature:notification }[2m.......:[0m avg=[36m8.75ms[0m   min=[36m2.09ms[0m  med=[36m5.44ms[0m   max=[36m63.88ms[0m  p(90)=[36m19.03ms[0m  p(95)=[36m25.45ms[0m  p(99)=[36m35.87ms[0m 
     [32m✓[0m { feature:post }[2m...............:[0m avg=[36m7.86ms[0m   min=[36m1.86ms[0m  med=[36m5.15ms[0m   max=[36m370.72ms[0m p(90)=[36m15.42ms[0m  p(95)=[36m24.89ms[0m  p(99)=[36m42.91ms[0m 
     [32m✓[0m { feature:reaction }[2m...........:[0m avg=[36m23.94ms[0m  min=[36m16.03ms[0m med=[36m21.25ms[0m  max=[36m95.09ms[0m  p(90)=[36m31.15ms[0m  p(95)=[36m35.89ms[0m  p(99)=[36m42ms[0m    
     [32m✓[0m { feature:school }[2m.............:[0m avg=[36m4.31ms[0m   min=[36m2.32ms[0m  med=[36m3.94ms[0m   max=[36m16.07ms[0m  p(90)=[36m6.09ms[0m   p(95)=[36m6.95ms[0m   p(99)=[36m14.29ms[0m 
     [32m✓[0m { feature:scrap }[2m..............:[0m avg=[36m23.47ms[0m  min=[36m14.58ms[0m med=[36m21.4ms[0m   max=[36m57.87ms[0m  p(90)=[36m31.29ms[0m  p(95)=[36m33.37ms[0m  p(99)=[36m46.95ms[0m 
     [32m✓[0m { feature:timetable }[2m..........:[0m avg=[36m3.87ms[0m   min=[36m1.92ms[0m  med=[36m3.28ms[0m   max=[36m21.97ms[0m  p(90)=[36m5.41ms[0m   p(95)=[36m6.91ms[0m   p(99)=[36m14.8ms[0m  
     [32m✓[0m { name:board_list }[2m............:[0m avg=[36m4.17ms[0m   min=[36m1.84ms[0m  med=[36m3.33ms[0m   max=[36m68.79ms[0m  p(90)=[36m4.98ms[0m   p(95)=[36m7.72ms[0m   p(99)=[36m15.07ms[0m 
     [32m✓[0m { name:chat_mark_read }[2m........:[0m avg=[36m5.46ms[0m   min=[36m2.49ms[0m  med=[36m4.08ms[0m   max=[36m79.94ms[0m  p(90)=[36m7.62ms[0m   p(95)=[36m12.27ms[0m  p(99)=[36m22.76ms[0m 
     [32m✓[0m { name:chat_messages }[2m.........:[0m avg=[36m5.75ms[0m   min=[36m3.63ms[0m  med=[36m4.94ms[0m   max=[36m35.26ms[0m  p(90)=[36m7.21ms[0m   p(95)=[36m10.83ms[0m  p(99)=[36m26.96ms[0m 
     [32m✓[0m { name:chat_read_status }[2m......:[0m avg=[36m0s[0m       min=[36m0s[0m      med=[36m0s[0m       max=[36m0s[0m       p(90)=[36m0s[0m       p(95)=[36m0s[0m       p(99)=[36m0s[0m      
     [32m✓[0m { name:chat_rooms }[2m............:[0m avg=[36m6.38ms[0m   min=[36m2.23ms[0m  med=[36m5.29ms[0m   max=[36m105.37ms[0m p(90)=[36m7.55ms[0m   p(95)=[36m10.55ms[0m  p(99)=[36m22.31ms[0m 
     [32m✓[0m { name:comment_create }[2m........:[0m avg=[36m37.47ms[0m  min=[36m27.68ms[0m med=[36m34.66ms[0m  max=[36m96.43ms[0m  p(90)=[36m47.31ms[0m  p(95)=[36m53.28ms[0m  p(99)=[36m77.39ms[0m 
     [32m✓[0m { name:comment_delete }[2m........:[0m avg=[36m0s[0m       min=[36m0s[0m      med=[36m0s[0m       max=[36m0s[0m       p(90)=[36m0s[0m       p(95)=[36m0s[0m       p(99)=[36m0s[0m      
     [32m✓[0m { name:comment_list }[2m..........:[0m avg=[36m436.23ms[0m min=[36m1.72ms[0m  med=[36m60.02ms[0m  max=[36m8.45s[0m    p(90)=[36m1.8s[0m     p(95)=[36m2.18s[0m    p(99)=[36m2.84s[0m   
     [32m✓[0m { name:comment_reaction }[2m......:[0m avg=[36m23.93ms[0m  min=[36m16.03ms[0m med=[36m21.96ms[0m  max=[36m38.7ms[0m   p(90)=[36m32.2ms[0m   p(95)=[36m35.47ms[0m  p(99)=[36m38.57ms[0m 
     [32m✓[0m { name:comment_update }[2m........:[0m avg=[36m0s[0m       min=[36m0s[0m      med=[36m0s[0m       max=[36m0s[0m       p(90)=[36m0s[0m       p(95)=[36m0s[0m       p(99)=[36m0s[0m      
     [32m✓[0m { name:friend_list }[2m...........:[0m avg=[36m6.13ms[0m   min=[36m2.69ms[0m  med=[36m4.09ms[0m   max=[36m88.2ms[0m   p(90)=[36m7.06ms[0m   p(95)=[36m10.26ms[0m  p(99)=[36m54.22ms[0m 
     [32m✓[0m { name:friend_req_received }[2m...:[0m avg=[36m4.55ms[0m   min=[36m2.38ms[0m  med=[36m3.13ms[0m   max=[36m32.46ms[0m  p(90)=[36m5.33ms[0m   p(95)=[36m7.98ms[0m   p(99)=[36m25.71ms[0m 
     [32m✓[0m { name:friend_request }[2m........:[0m avg=[36m0s[0m       min=[36m0s[0m      med=[36m0s[0m       max=[36m0s[0m       p(90)=[36m0s[0m       p(95)=[36m0s[0m       p(99)=[36m0s[0m      
     [32m✓[0m { name:friend_respond }[2m........:[0m avg=[36m0s[0m       min=[36m0s[0m      med=[36m0s[0m       max=[36m0s[0m       p(90)=[36m0s[0m       p(95)=[36m0s[0m       p(99)=[36m0s[0m      
     [32m✓[0m { name:friend_search }[2m.........:[0m avg=[36m0s[0m       min=[36m0s[0m      med=[36m0s[0m       max=[36m0s[0m       p(90)=[36m0s[0m       p(95)=[36m0s[0m       p(99)=[36m0s[0m      
     [32m✓[0m { name:hot_daily }[2m.............:[0m avg=[36m13.54ms[0m  min=[36m8.12ms[0m  med=[36m11.84ms[0m  max=[36m109.9ms[0m  p(90)=[36m16.3ms[0m   p(95)=[36m20.16ms[0m  p(99)=[36m53.21ms[0m 
     [32m✓[0m { name:login }[2m.................:[0m avg=[36m115.18ms[0m min=[36m70.2ms[0m  med=[36m90.13ms[0m  max=[36m484.3ms[0m  p(90)=[36m150.39ms[0m p(95)=[36m330.18ms[0m p(99)=[36m427.95ms[0m
     [32m✓[0m { name:logout }[2m................:[0m avg=[36m19.9ms[0m   min=[36m13.71ms[0m med=[36m18.32ms[0m  max=[36m28.92ms[0m  p(90)=[36m28.65ms[0m  p(95)=[36m28.91ms[0m  p(99)=[36m28.92ms[0m 
     [32m✓[0m { name:meal_month }[2m............:[0m avg=[36m4.31ms[0m   min=[36m3.26ms[0m  med=[36m3.81ms[0m   max=[36m8.2ms[0m    p(90)=[36m5.56ms[0m   p(95)=[36m6.88ms[0m   p(99)=[36m7.93ms[0m  
     [32m✓[0m { name:meal_today }[2m............:[0m avg=[36m4.31ms[0m   min=[36m2.32ms[0m  med=[36m3.98ms[0m   max=[36m16.07ms[0m  p(90)=[36m5.9ms[0m    p(95)=[36m6.76ms[0m   p(99)=[36m14.52ms[0m 
     [32m✓[0m { name:my_comments }[2m...........:[0m avg=[36m0s[0m       min=[36m0s[0m      med=[36m0s[0m       max=[36m0s[0m       p(90)=[36m0s[0m       p(95)=[36m0s[0m       p(99)=[36m0s[0m      
     [32m✓[0m { name:my_posts }[2m..............:[0m avg=[36m4.64ms[0m   min=[36m2.53ms[0m  med=[36m3.63ms[0m   max=[36m23.42ms[0m  p(90)=[36m5.51ms[0m   p(95)=[36m11.16ms[0m  p(99)=[36m19.61ms[0m 
     [32m✓[0m { name:notif_list }[2m............:[0m avg=[36m10.9ms[0m   min=[36m5.06ms[0m  med=[36m8.99ms[0m   max=[36m34.35ms[0m  p(90)=[36m19.28ms[0m  p(95)=[36m27.34ms[0m  p(99)=[36m32.32ms[0m 
     [32m✓[0m { name:notif_read_all }[2m........:[0m avg=[36m23.93ms[0m  min=[36m4.14ms[0m  med=[36m21.65ms[0m  max=[36m63.88ms[0m  p(90)=[36m33.09ms[0m  p(95)=[36m42.17ms[0m  p(99)=[36m59.54ms[0m 
     [32m✓[0m { name:notif_read_one }[2m........:[0m avg=[36m16.45ms[0m  min=[36m2.6ms[0m   med=[36m14.67ms[0m  max=[36m39.04ms[0m  p(90)=[36m24.05ms[0m  p(95)=[36m27.4ms[0m   p(99)=[36m36.34ms[0m 
     [32m✓[0m { name:notif_unread_count }[2m....:[0m avg=[36m4.75ms[0m   min=[36m2.09ms[0m  med=[36m3.68ms[0m   max=[36m48.79ms[0m  p(90)=[36m7.87ms[0m   p(95)=[36m11.17ms[0m  p(99)=[36m18.2ms[0m  
     [32m✓[0m { name:post_create }[2m...........:[0m avg=[36m22.99ms[0m  min=[36m14.32ms[0m med=[36m20.35ms[0m  max=[36m98.75ms[0m  p(90)=[36m30.23ms[0m  p(95)=[36m32.64ms[0m  p(99)=[36m62.13ms[0m 
     [32m✓[0m { name:post_delete }[2m...........:[0m avg=[36m20.28ms[0m  min=[36m13.22ms[0m med=[36m19.01ms[0m  max=[36m29.51ms[0m  p(90)=[36m27.75ms[0m  p(95)=[36m28.65ms[0m  p(99)=[36m29.33ms[0m 
     [32m✓[0m { name:post_detail }[2m...........:[0m avg=[36m6.21ms[0m   min=[36m3.32ms[0m  med=[36m5.25ms[0m   max=[36m75.73ms[0m  p(90)=[36m7.43ms[0m   p(95)=[36m10.33ms[0m  p(99)=[36m27.82ms[0m 
     [32m✓[0m { name:post_list_deep }[2m........:[0m avg=[36m0s[0m       min=[36m0s[0m      med=[36m0s[0m       max=[36m0s[0m       p(90)=[36m0s[0m       p(95)=[36m0s[0m       p(99)=[36m0s[0m      
     [32m✓[0m { name:post_list }[2m.............:[0m avg=[36m9.72ms[0m   min=[36m1.86ms[0m  med=[36m3.38ms[0m   max=[36m370.72ms[0m p(90)=[36m29.84ms[0m  p(95)=[36m36.4ms[0m   p(99)=[36m70.22ms[0m 
     [32m✓[0m { name:post_reaction }[2m.........:[0m avg=[36m23.94ms[0m  min=[36m16.08ms[0m med=[36m21.19ms[0m  max=[36m95.09ms[0m  p(90)=[36m30.88ms[0m  p(95)=[36m34.73ms[0m  p(99)=[36m45.18ms[0m 
     [32m✓[0m { name:post_search }[2m...........:[0m avg=[36m18.21ms[0m  min=[36m12.24ms[0m med=[36m15.46ms[0m  max=[36m175.13ms[0m p(90)=[36m18.62ms[0m  p(95)=[36m21.85ms[0m  p(99)=[36m71.97ms[0m 
     [32m✓[0m { name:post_update }[2m...........:[0m avg=[36m19.91ms[0m  min=[36m14.71ms[0m med=[36m17.3ms[0m   max=[36m27.25ms[0m  p(90)=[36m26.7ms[0m   p(95)=[36m26.98ms[0m  p(99)=[36m27.2ms[0m  
     [32m✓[0m { name:school_search }[2m.........:[0m avg=[36m0s[0m       min=[36m0s[0m      med=[36m0s[0m       max=[36m0s[0m       p(90)=[36m0s[0m       p(95)=[36m0s[0m       p(99)=[36m0s[0m      
     [32m✓[0m { name:scrap_list }[2m............:[0m avg=[36m0s[0m       min=[36m0s[0m      med=[36m0s[0m       max=[36m0s[0m       p(90)=[36m0s[0m       p(95)=[36m0s[0m       p(99)=[36m0s[0m      
     [32m✓[0m { name:scrap_toggle }[2m..........:[0m avg=[36m23.47ms[0m  min=[36m14.58ms[0m med=[36m21.4ms[0m   max=[36m57.87ms[0m  p(90)=[36m31.29ms[0m  p(95)=[36m33.37ms[0m  p(99)=[36m46.95ms[0m 
     [32m✓[0m { name:subject_list }[2m..........:[0m avg=[36m0s[0m       min=[36m0s[0m      med=[36m0s[0m       max=[36m0s[0m       p(90)=[36m0s[0m       p(95)=[36m0s[0m       p(99)=[36m0s[0m      
     [32m✓[0m { name:template_list }[2m.........:[0m avg=[36m0s[0m       min=[36m0s[0m      med=[36m0s[0m       max=[36m0s[0m       p(90)=[36m0s[0m       p(95)=[36m0s[0m       p(99)=[36m0s[0m      
     [32m✓[0m { name:timetable_today }[2m.......:[0m avg=[36m3.87ms[0m   min=[36m1.92ms[0m  med=[36m3.28ms[0m   max=[36m21.97ms[0m  p(90)=[36m5.41ms[0m   p(95)=[36m6.91ms[0m   p(99)=[36m14.8ms[0m  
     [32m✓[0m { name:token_refresh }[2m.........:[0m avg=[36m24.39ms[0m  min=[36m17.05ms[0m med=[36m24.39ms[0m  max=[36m40.97ms[0m  p(90)=[36m29.27ms[0m  p(95)=[36m32.59ms[0m  p(99)=[36m39.3ms[0m  
     [32m✓[0m { name:user_info }[2m.............:[0m avg=[36m4.18ms[0m   min=[36m2.03ms[0m  med=[36m3.2ms[0m    max=[36m21.75ms[0m  p(90)=[36m5.56ms[0m   p(95)=[36m10ms[0m     p(99)=[36m18.07ms[0m 
     [32m✓[0m { op:auth }[2m....................:[0m avg=[36m91.56ms[0m  min=[36m13.71ms[0m med=[36m86.48ms[0m  max=[36m484.3ms[0m  p(90)=[36m118.83ms[0m p(95)=[36m269.19ms[0m p(99)=[36m422.78ms[0m
     [31m✗[0m { op:read,phase:measure }[2m......:[0m avg=[36m91.04ms[0m  min=[36m1.87ms[0m  med=[36m5.18ms[0m   max=[36m4.17s[0m    p(90)=[36m62.36ms[0m  p(95)=[36m445.5ms[0m  p(99)=[36m2.18s[0m   
     [32m✓[0m { op:write,phase:measure }[2m.....:[0m avg=[36m19.13ms[0m  min=[36m2.53ms[0m  med=[36m19.17ms[0m  max=[36m62.73ms[0m  p(90)=[36m32.28ms[0m  p(95)=[36m38ms[0m     p(99)=[36m50.19ms[0m 
     [32m✓[0m { page:0 }[2m.....................:[0m avg=[36m9.61ms[0m   min=[36m1.88ms[0m  med=[36m3.45ms[0m   max=[36m370.72ms[0m p(90)=[36m29.71ms[0m  p(95)=[36m35.56ms[0m  p(99)=[36m66.88ms[0m 
     [32m✓[0m { page:1 }[2m.....................:[0m avg=[36m10.51ms[0m  min=[36m1.86ms[0m  med=[36m3.29ms[0m   max=[36m222.65ms[0m p(90)=[36m30.68ms[0m  p(95)=[36m37.19ms[0m  p(99)=[36m114.06ms[0m
     [32m✓[0m { page:2 }[2m.....................:[0m avg=[36m7.41ms[0m   min=[36m2.21ms[0m  med=[36m3.33ms[0m   max=[36m46ms[0m     p(90)=[36m29.13ms[0m  p(95)=[36m33.56ms[0m  p(99)=[36m45.56ms[0m 
     [32m✓[0m { page:3 }[2m.....................:[0m avg=[36m10.77ms[0m  min=[36m2.02ms[0m  med=[36m3.15ms[0m   max=[36m356.51ms[0m p(90)=[36m6.84ms[0m   p(95)=[36m29.49ms[0m  p(99)=[36m152.99ms[0m
     [32m✓[0m { page:4 }[2m.....................:[0m avg=[36m11.7ms[0m   min=[36m2.04ms[0m  med=[36m3.3ms[0m    max=[36m71.26ms[0m  p(90)=[36m35.11ms[0m  p(95)=[36m40.53ms[0m  p(99)=[36m62.62ms[0m 
     [32m✓[0m { phase:measure }[2m..............:[0m avg=[36m85.5ms[0m   min=[36m1.87ms[0m  med=[36m5.3ms[0m    max=[36m4.17s[0m    p(90)=[36m49.27ms[0m  p(95)=[36m388.23ms[0m p(99)=[36m2.15s[0m   
     [32m✓[0m { phase:rampdown }[2m.............:[0m avg=[36m94.03ms[0m  min=[36m1.72ms[0m  med=[36m5.27ms[0m   max=[36m2.62s[0m    p(90)=[36m61.4ms[0m   p(95)=[36m452.36ms[0m p(99)=[36m2.14s[0m   
     [32m✓[0m { phase:warmup }[2m...............:[0m avg=[36m78.34ms[0m  min=[36m2.62ms[0m  med=[36m7.4ms[0m    max=[36m8.45s[0m    p(90)=[36m92.61ms[0m  p(95)=[36m256.76ms[0m p(99)=[36m1.93s[0m   
     http_req_failed[2m..................:[0m [36m0.00%[0m   [36;2m✓ 0[0m         [36;2m✗ 7884[0m 
     [32m✓[0m { phase:measure }[2m..............:[0m [36m0.00%[0m   [36;2m✓ 0[0m         [36;2m✗ 5306[0m 
     [32m✓[0m { phase:rampdown }[2m.............:[0m [36m0.00%[0m   [36;2m✓ 0[0m         [36;2m✗ 1058[0m 
     [32m✓[0m { phase:warmup }[2m...............:[0m [36m0.00%[0m   [36;2m✓ 0[0m         [36;2m✗ 1520[0m 
     http_req_receiving[2m...............:[0m avg=[36m590.69µs[0m min=[36m15.52µs[0m med=[36m184.79µs[0m max=[36m92.16ms[0m  p(90)=[36m481.82µs[0m p(95)=[36m1.94ms[0m   p(99)=[36m10.29ms[0m 
     http_req_sending[2m.................:[0m avg=[36m30.17µs[0m  min=[36m5.8µs[0m   med=[36m27.77µs[0m  max=[36m418.44µs[0m p(90)=[36m40.76µs[0m  p(95)=[36m55.32µs[0m  p(99)=[36m101.73µs[0m
     http_req_tls_handshaking[2m.........:[0m avg=[36m0s[0m       min=[36m0s[0m      med=[36m0s[0m       max=[36m0s[0m       p(90)=[36m0s[0m       p(95)=[36m0s[0m       p(99)=[36m0s[0m      
     http_req_waiting[2m.................:[0m avg=[36m84.64ms[0m  min=[36m1.61ms[0m  med=[36m5.39ms[0m   max=[36m8.41s[0m    p(90)=[36m74.89ms[0m  p(95)=[36m375.89ms[0m p(99)=[36m2.11s[0m   
     http_reqs[2m........................:[0m [36m7884[0m    [36;2m12.847005/s[0m
     [32m✓[0m { feature:auth }[2m...............:[0m [36m166[0m     [36;2m0.270498/s[0m
     [32m✓[0m { feature:board }[2m..............:[0m [36m722[0m     [36;2m1.176501/s[0m
     [32m✓[0m { feature:chat }[2m...............:[0m [36m599[0m     [36;2m0.976073/s[0m
     [32m✓[0m { feature:comment }[2m............:[0m [36m1448[0m    [36;2m2.359521/s[0m
     [32m✓[0m { feature:friend }[2m.............:[0m [36m109[0m     [36;2m0.177616/s[0m
     [32m✓[0m { feature:hot }[2m................:[0m [36m722[0m     [36;2m1.176501/s[0m
     [32m✓[0m { feature:mypage }[2m.............:[0m [36m128[0m     [36;2m0.208576/s[0m
     [32m✓[0m { feature:notification }[2m.......:[0m [36m278[0m     [36;2m0.453002/s[0m
     [32m✓[0m { feature:post }[2m...............:[0m [36m3410[0m    [36;2m5.556607/s[0m
     [32m✓[0m { feature:reaction }[2m...........:[0m [36m137[0m     [36;2m0.223242/s[0m
     [32m✓[0m { feature:school }[2m.............:[0m [36m63[0m      [36;2m0.102659/s[0m
     [32m✓[0m { feature:scrap }[2m..............:[0m [36m47[0m      [36;2m0.076587/s[0m
     [32m✓[0m { feature:timetable }[2m..........:[0m [36m55[0m      [36;2m0.089623/s[0m
     [32m✓[0m { name:board_list }[2m............:[0m [36m722[0m     [36;2m1.176501/s[0m
     [32m✓[0m { name:chat_mark_read }[2m........:[0m [36m136[0m     [36;2m0.221612/s[0m
     [32m✓[0m { name:chat_messages }[2m.........:[0m [36m136[0m     [36;2m0.221612/s[0m
     [32m✓[0m { name:chat_read_status }[2m......:[0m [36m0[0m       [36;2m0/s[0m
     [32m✓[0m { name:chat_rooms }[2m............:[0m [36m327[0m     [36;2m0.532848/s[0m
     [32m✓[0m { name:comment_create }[2m........:[0m [36m66[0m      [36;2m0.107547/s[0m
     [32m✓[0m { name:comment_delete }[2m........:[0m [36m0[0m       [36;2m0/s[0m
     [32m✓[0m { name:comment_list }[2m..........:[0m [36m1382[0m    [36;2m2.251974/s[0m
     [32m✓[0m { name:comment_reaction }[2m......:[0m [36m41[0m      [36;2m0.06681/s[0m
     [32m✓[0m { name:comment_update }[2m........:[0m [36m0[0m       [36;2m0/s[0m
     [32m✓[0m { name:friend_list }[2m...........:[0m [36m79[0m      [36;2m0.128731/s[0m
     [32m✓[0m { name:friend_req_received }[2m...:[0m [36m30[0m      [36;2m0.048885/s[0m
     [32m✓[0m { name:friend_request }[2m........:[0m [36m0[0m       [36;2m0/s[0m
     [32m✓[0m { name:friend_respond }[2m........:[0m [36m0[0m       [36;2m0/s[0m
     [32m✓[0m { name:friend_search }[2m.........:[0m [36m0[0m       [36;2m0/s[0m
     [32m✓[0m { name:hot_daily }[2m.............:[0m [36m722[0m     [36;2m1.176501/s[0m
     [32m✓[0m { name:login }[2m.................:[0m [36m124[0m     [36;2m0.202058/s[0m
     [32m✓[0m { name:logout }[2m................:[0m [36m24[0m      [36;2m0.039108/s[0m
     [32m✓[0m { name:meal_month }[2m............:[0m [36m8[0m       [36;2m0.013036/s[0m
     [32m✓[0m { name:meal_today }[2m............:[0m [36m55[0m      [36;2m0.089623/s[0m
     [32m✓[0m { name:my_comments }[2m...........:[0m [36m0[0m       [36;2m0/s[0m
     [32m✓[0m { name:my_posts }[2m..............:[0m [36m64[0m      [36;2m0.104288/s[0m
     [32m✓[0m { name:notif_list }[2m............:[0m [36m76[0m      [36;2m0.123842/s[0m
     [32m✓[0m { name:notif_read_all }[2m........:[0m [36m16[0m      [36;2m0.026072/s[0m
     [32m✓[0m { name:notif_read_one }[2m........:[0m [36m29[0m      [36;2m0.047256/s[0m
     [32m✓[0m { name:notif_unread_count }[2m....:[0m [36m157[0m     [36;2m0.255832/s[0m
     [32m✓[0m { name:post_create }[2m...........:[0m [36m104[0m     [36;2m0.169468/s[0m
     [32m✓[0m { name:post_delete }[2m...........:[0m [36m18[0m      [36;2m0.029331/s[0m
     [32m✓[0m { name:post_detail }[2m...........:[0m [36m2478[0m    [36;2m4.037909/s[0m
     [32m✓[0m { name:post_list_deep }[2m........:[0m [36m0[0m       [36;2m0/s[0m
     [32m✓[0m { name:post_list }[2m.............:[0m [36m722[0m     [36;2m1.176501/s[0m
     [32m✓[0m { name:post_reaction }[2m.........:[0m [36m96[0m      [36;2m0.156432/s[0m
     [32m✓[0m { name:post_search }[2m...........:[0m [36m70[0m      [36;2m0.114065/s[0m
     [32m✓[0m { name:post_update }[2m...........:[0m [36m18[0m      [36;2m0.029331/s[0m
     [32m✓[0m { name:school_search }[2m.........:[0m [36m0[0m       [36;2m0/s[0m
     [32m✓[0m { name:scrap_list }[2m............:[0m [36m0[0m       [36;2m0/s[0m
     [32m✓[0m { name:scrap_toggle }[2m..........:[0m [36m47[0m      [36;2m0.076587/s[0m
     [32m✓[0m { name:subject_list }[2m..........:[0m [36m0[0m       [36;2m0/s[0m
     [32m✓[0m { name:template_list }[2m.........:[0m [36m0[0m       [36;2m0/s[0m
     [32m✓[0m { name:timetable_today }[2m.......:[0m [36m55[0m      [36;2m0.089623/s[0m
     [32m✓[0m { name:token_refresh }[2m.........:[0m [36m18[0m      [36;2m0.029331/s[0m
     [32m✓[0m { name:user_info }[2m.............:[0m [36m64[0m      [36;2m0.104288/s[0m
     [32m✓[0m { op:auth }[2m....................:[0m [36m166[0m     [36;2m0.270498/s[0m
     [32m✓[0m { op:read }[2m....................:[0m [36m7147[0m    [36;2m11.646061/s[0m
     [32m✓[0m { op:write }[2m...................:[0m [36m571[0m     [36;2m0.930446/s[0m
     [32m✓[0m { page:0 }[2m.....................:[0m [36m396[0m     [36;2m0.645283/s[0m
     [32m✓[0m { page:1 }[2m.....................:[0m [36m145[0m     [36;2m0.236278/s[0m
     [32m✓[0m { page:2 }[2m.....................:[0m [36m86[0m      [36;2m0.140137/s[0m
     [32m✓[0m { page:3 }[2m.....................:[0m [36m64[0m      [36;2m0.104288/s[0m
     [32m✓[0m { page:4 }[2m.....................:[0m [36m31[0m      [36;2m0.050515/s[0m
     [32m✓[0m { phase:measure }[2m..............:[0m [36m5306[0m    [36;2m8.646145/s[0m
     [32m✓[0m { phase:rampdown }[2m.............:[0m [36m1058[0m    [36;2m1.724015/s[0m
     [32m✓[0m { phase:warmup }[2m...............:[0m [36m1520[0m    [36;2m2.476845/s[0m
     iteration_duration[2m...............:[0m avg=[36m10.22s[0m   min=[36m1.02s[0m   med=[36m7.75s[0m    max=[36m29.68s[0m   p(90)=[36m19.63s[0m   p(95)=[36m21.52s[0m   p(99)=[36m27.1s[0m   
     iterations[2m.......................:[0m [36m1799[0m    [36;2m2.931477/s[0m
     [32m✓[0m { phase:measure }[2m..............:[0m [36m0[0m       [36;2m0/s[0m
     [32m✓[0m { phase:rampdown }[2m.............:[0m [36m0[0m       [36;2m0/s[0m
     [32m✓[0m { phase:warmup }[2m...............:[0m [36m0[0m       [36;2m0/s[0m
     phase_iterations[2m.................:[0m [36m1799[0m    [36;2m2.931477/s[0m
     [32m✓[0m { phase:measure }[2m..............:[0m [36m1202[0m    [36;2m1.958663/s[0m
     [32m✓[0m { phase:rampdown }[2m.............:[0m [36m277[0m     [36;2m0.451372/s[0m
     [32m✓[0m { phase:warmup }[2m...............:[0m [36m320[0m     [36;2m0.521441/s[0m
     vus[2m..............................:[0m [36m1[0m       [36;2mmin=0[0m       [36;2mmax=51[0m 
     vus_max[2m..........................:[0m [36m100[0m     [36;2mmin=100[0m     [36;2mmax=100[0m
     ws_connecting[2m....................:[0m avg=[36m4.28ms[0m   min=[36m2.04ms[0m  med=[36m2.91ms[0m   max=[36m90.69ms[0m  p(90)=[36m3.87ms[0m   p(95)=[36m5.43ms[0m   p(99)=[36m32.67ms[0m 
     ws_msgs_received[2m.................:[0m [36m603[0m     [36;2m0.982591/s[0m
     ws_msgs_sent[2m.....................:[0m [36m696[0m     [36;2m1.134134/s[0m
     ws_session_duration[2m..............:[0m avg=[36m22.79s[0m   min=[36m15.34s[0m  med=[36m22.84s[0m   max=[36m29.68s[0m   p(90)=[36m28.67s[0m   p(95)=[36m28.87s[0m   p(99)=[36m29.66s[0m  
     ws_sessions[2m......................:[0m [36m93[0m      [36;2m0.151544/s[0m
running (10m13.7s), 000/100 VUs, 1799 complete and 0 interrupted iterations
normal_day ✓ [ 100% ] 000/100 VUs  10m0s  0.13 iters/s
  호스트(Windows) 597표본 · CPU 19.6% (max 60.8) · 정규화성능 136.3% · vmmem 142.4% · 바쁜코어 3.0개 · 가용메모리 1183MB
  부하 중 벤치(warmup +60초, 3회 중앙값) · single 5459ms (유휴 대비 1.9%) · parallel 4557ms (유휴 대비 6.9%) · ctxswitch 2442ms (유휴 대비 1.1%)

  실행 후 상태 sha256:9237df11a74c — chat_messages.count +510, chat_messages.maxId +510, posts.maxId +104, posts.count +86, comments.count +66 (외 13개)
    (지문 제외 항목: posts.sumViewCount +2072, daily_hot_post.count +54)
Prometheus 스크레이프 대기 20초...

══════════════════════════════════════════════════════════════════════════
  Performance Report — normal-day   Run #127   ❌ FAIL
══════════════════════════════════════════════════════════════════════════
  환경 perf  |  브랜치 personal/localdocs  |  커밋 f915176e  |  빌드 local
  시작 2026-08-26 08:43:33 KST  |  수행 10m 14s  |  VU max 100
  데이터셋 medium  |  부하 ramping-arrival-rate 0→4@3m0s→4@5m0s→0@2m0s maxVU 600

  ── 성능 (measure 구간) ─────────────────────────────────────────
  평균 86ms      P95 388ms     P99 2.15s    
  RPS  17.7      TPS 4.01      오류율 0.00%

  ── 인프라 ────────────────────────────────────────────────────────
  CPU  1.05 core (한계의 52%)   throttled 9.7%
  Heap 745 MB (73%)   GC max 21ms × 79회
  DB   slow 752  QPS 5,135  풀 40%  대기 0
  Redis hit 99.1%  ops 72.6/s  evicted 0

  ── 회귀 (기준: normal-day-2026-08-25T11-34-52) ────────────────
  ⚠  기준선은 당시 k6 threshold 미통과 실행입니다, 당시 Node 판정 FAIL.
     아래 증감률은 개선/악화 폭이며 현재 SLO 통과를 뜻하지 않습니다.
  ❌ P99 응답시간                   2.32s → 2.15s (-7.3%)
       2151 > 상한 1200

  ── 병목 가설 ─────────────────────────────────────────────────────
  • HTTP 요청당 쿼리 수 과다
    요청 1건당 평균 290.3개 쿼리가 실행됐다. N+1 패턴 가능성이 높다. (임계 warn 10 / fail 50)
  • Slow Query 다발
    요청 1000건당 141.6건의 slow query(>100ms, 총 752건). 인덱스 또는 쿼리 계획 점검 대상. (임계 warn 1 / fail 100)

  보고서 : reports\runs\normal-day-2026-08-25T23-53-47\report.html
  Grafana(전체 실행): http://localhost:3001/d/htd-perf-overview/highteenday-performance-overview?from=1787701293538&to=1787702147222
  Grafana(measure) : http://localhost:3001/d/htd-perf-overview/highteenday-performance-overview?from=1787701473538&to=1787702013538
══════════════════════════════════════════════════════════════════════════

  [1/5] p95 388.2ms · 평균 85.5ms · 서버측 84.1ms · 경로 1.4ms

──────── [2/5] 리셋 (restart) ────────

▶ k6 run scenarios/normal-day.js
  브랜치 personal/localdocs · 커밋 f915176eabd4 · 실행자 user@DESKTOP-DJJPASG
  환경 perf · "KI-27 Before — API 축 포함 CV 확정용 5회 (재시작) — repeatability 2/5"
  데이터셋 medium · 상태 sha256:9237df11a74c (158ms)
  캐시 cold (키 0개)
  guard strict — 상태 불일치 시 스냅샷 복원 후 재확인 [perf.config.json]
    guard=strict — 스냅샷으로 복원합니다.
▶ 복원 — medium-20260816-062210 → perf-mysql-data-medium
  앱·MySQL 정지
  MySQL 기동
  Redis FLUSHALL (복원 후 캐시는 cold 다)
  앱 기동
  복원 후 상태 지문 sha256:ffe696d17416 = 스냅샷 일치

✅ 복원 완료 · 소요 5.4초 (압축 해제 구간)

  부하 발생기: 컨테이너 perf-k6 (grafana/k6:2.1.0, CPU 상한 4)
  k6 지표 전송: http://prometheus:9090/api/v1/write (native histogram, 5s 간격)
  환경 대조 벤치 실행 중(3축 3회, 약 40초)... single 4960ms · parallel 6030ms · ctxswitch 2181ms
  부하 중 벤치 예약: k6 시작 +60초 (warmup 구간, 3회)

         /\      Grafana   /‾‾/  
    /\  /  \     |\  __   /  /   
   /  \/    \    | |/ /  /   ‾‾\ 
  /          \   |   (  |  (‾)  |
 / __________ \  |_|\_\  \_____/ 


     execution: local
        script: scenarios/normal-day.js
        output: Prometheus remote write (http://prometheus:9090/api/v1/write)

     scenarios: (100.00%) 1 scenario, 600 max VUs, 10m30s max duration (incl. graceful stop):
              * normal_day: Up to 4.00 iterations/s for 10m0s over 3 stages (maxVUs: 100-600, gracefulStop: 30s)


running (00m00.9s), 000/100 VUs, 0 complete and 0 interrupted iterations
normal_day   [   0% ] 000/100 VUs  00m00.9s/10m0s  0.11 iters/s

running (00m01.9s), 000/100 VUs, 0 complete and 0 interrupted iterations
normal_day   [   0% ] 000/100 VUs  00m01.9s/10m0s  0.11 iters/s

running (00m02.9s), 000/100 VUs, 0 complete and 0 interrupted iterations
normal_day   [   0% ] 000/100 VUs  00m02.9s/10m0s  0.11 iters/s

running (00m03.9s), 000/100 VUs, 0 complete and 0 interrupted iterations
normal_day   [   1% ] 000/100 VUs  00m03.9s/10m0s  0.11 iters/s

running (00m04.9s), 000/100 VUs, 0 complete and 0 interrupted iterations
normal_day   [   1% ] 000/100 VUs  00m04.9s/10m0s  0.11 iters/s

running (00m05.9s), 000/100 VUs, 0 complete and 0 interrupted iterations
normal_day   [   1% ] 000/100 VUs  00m05.9s/10m0s  0.11 iters/s

running (00m06.9s), 000/100 VUs, 0 complete and 0 interrupted iterations
normal_day   [   1% ] 000/100 VUs  00m06.9s/10m0s  0.11 iters/s

running (00m07.9s), 000/100 VUs, 0 complete and 0 interrupted iterations
normal_day   [   1% ] 000/100 VUs  00m07.9s/10m0s  0.11 iters/s

running (00m08.9s), 000/100 VUs, 0 complete and 0 interrupted iterations
normal_day   [   1% ] 000/100 VUs  00m08.9s/10m0s  0.11 iters/s

running (00m09.9s), 001/100 VUs, 0 complete and 0 interrupted iterations
normal_day   [   2% ] 001/100 VUs  00m09.9s/10m0s  0.25 iters/s

running (00m10.9s), 001/100 VUs, 0 complete and 0 interrupted iterations
normal_day   [   2% ] 001/100 VUs  00m10.9s/10m0s  0.25 iters/s

running (00m11.9s), 001/100 VUs, 0 complete and 0 interrupted iterations
normal_day   [   2% ] 001/100 VUs  00m11.9s/10m0s  0.25 iters/s

running (00m12.9s), 001/100 VUs, 0 complete and 0 interrupted iterations
normal_day   [   2% ] 001/100 VUs  00m12.9s/10m0s  0.25 iters/s

running (00m13.9s), 002/100 VUs, 0 complete and 0 interrupted iterations
normal_day   [   2% ] 002/100 VUs  00m13.9s/10m0s  0.33 iters/s

running (00m14.9s), 002/100 VUs, 0 complete and 0 interrupted iterations
normal_day   [   2% ] 002/100 VUs  00m14.9s/10m0s  0.33 iters/s

running (00m15.9s), 002/100 VUs, 0 complete and 0 interrupted iterations
normal_day   [   3% ] 002/100 VUs  00m15.9s/10m0s  0.33 iters/s

running (00m16.9s), 003/100 VUs, 0 complete and 0 interrupted iterations
normal_day   [   3% ] 003/100 VUs  00m16.9s/10m0s  0.39 iters/s

running (00m17.9s), 003/100 VUs, 0 complete and 0 interrupted iterations
normal_day   [   3% ] 003/100 VUs  00m17.9s/10m0s  0.39 iters/s

running (00m18.9s), 003/100 VUs, 0 complete and 0 interrupted iterations
normal_day   [   3% ] 003/100 VUs  00m18.9s/10m0s  0.39 iters/s

running (00m19.9s), 004/100 VUs, 0 complete and 0 interrupted iterations
normal_day   [   3% ] 004/100 VUs  00m19.9s/10m0s  0.45 iters/s

running (00m20.9s), 004/100 VUs, 0 complete and 0 interrupted iterations
normal_day   [   3% ] 004/100 VUs  00m20.9s/10m0s  0.45 iters/s

running (00m21.9s), 005/100 VUs, 0 complete and 0 interrupted iterations
normal_day   [   4% ] 005/100 VUs  00m21.9s/10m0s  0.49 iters/s

running (00m22.9s), 005/100 VUs, 0 complete and 0 interrupted iterations
normal_day   [   4% ] 005/100 VUs  00m22.9s/10m0s  0.49 iters/s

running (00m23.9s), 003/100 VUs, 3 complete and 0 interrupted iterations
normal_day   [   4% ] 003/100 VUs  00m23.9s/10m0s  0.54 iters/s

running (00m24.9s), 003/100 VUs, 3 complete and 0 interrupted iterations
normal_day   [   4% ] 003/100 VUs  00m24.9s/10m0s  0.54 iters/s

running (00m25.9s), 004/100 VUs, 3 complete and 0 interrupted iterations
normal_day   [   4% ] 004/100 VUs  00m25.9s/10m0s  0.58 iters/s

running (00m26.9s), 005/100 VUs, 3 complete and 0 interrupted iterations
normal_day   [   4% ] 005/100 VUs  00m26.9s/10m0s  0.61 iters/s

running (00m27.9s), 005/100 VUs, 3 complete and 0 interrupted iterations
normal_day   [   5% ] 005/100 VUs  00m27.9s/10m0s  0.61 iters/s

running (00m28.9s), 006/100 VUs, 3 complete and 0 interrupted iterations
normal_day   [   5% ] 006/100 VUs  00m28.9s/10m0s  0.65 iters/s

running (00m29.9s), 006/100 VUs, 3 complete and 0 interrupted iterations
normal_day   [   5% ] 006/100 VUs  00m29.9s/10m0s  0.65 iters/s

running (00m30.9s), 006/100 VUs, 4 complete and 0 interrupted iterations
normal_day   [   5% ] 006/100 VUs  00m30.9s/10m0s  0.68 iters/s

running (00m31.9s), 007/100 VUs, 4 complete and 0 interrupted iterations
normal_day   [   5% ] 007/100 VUs  00m31.9s/10m0s  0.71 iters/s

running (00m32.9s), 007/100 VUs, 5 complete and 0 interrupted iterations
normal_day   [   5% ] 007/100 VUs  00m32.9s/10m0s  0.75 iters/s

running (00m33.9s), 007/100 VUs, 5 complete and 0 interrupted iterations
normal_day   [   6% ] 007/100 VUs  00m33.9s/10m0s  0.75 iters/s

running (00m34.9s), 008/100 VUs, 5 complete and 0 interrupted iterations
normal_day   [   6% ] 008/100 VUs  00m34.9s/10m0s  0.77 iters/s

running (00m35.9s), 008/100 VUs, 6 complete and 0 interrupted iterations
normal_day   [   6% ] 008/100 VUs  00m35.9s/10m0s  0.80 iters/s

running (00m36.9s), 009/100 VUs, 6 complete and 0 interrupted iterations
normal_day   [   6% ] 009/100 VUs  00m36.9s/10m0s  0.83 iters/s

running (00m37.9s), 009/100 VUs, 6 complete and 0 interrupted iterations
normal_day   [   6% ] 009/100 VUs  00m37.9s/10m0s  0.83 iters/s

running (00m38.9s), 010/100 VUs, 6 complete and 0 interrupted iterations
normal_day   [   6% ] 010/100 VUs  00m38.9s/10m0s  0.86 iters/s

running (00m39.9s), 010/100 VUs, 7 complete and 0 interrupted iterations
normal_day   [   7% ] 010/100 VUs  00m39.9s/10m0s  0.88 iters/s

running (00m40.9s), 011/100 VUs, 7 complete and 0 interrupted iterations
normal_day   [   7% ] 011/100 VUs  00m40.9s/10m0s  0.91 iters/s

running (00m41.9s), 012/100 VUs, 7 complete and 0 interrupted iterations
normal_day   [   7% ] 012/100 VUs  00m41.9s/10m0s  0.93 iters/s

running (00m42.9s), 013/100 VUs, 7 complete and 0 interrupted iterations
normal_day   [   7% ] 013/100 VUs  00m42.9s/10m0s  0.95 iters/s

running (00m43.9s), 014/100 VUs, 7 complete and 0 interrupted iterations
normal_day   [   7% ] 014/100 VUs  00m43.9s/10m0s  0.98 iters/s

running (00m44.9s), 014/100 VUs, 8 complete and 0 interrupted iterations
normal_day   [   7% ] 014/100 VUs  00m44.9s/10m0s  1.00 iters/s

running (00m45.9s), 014/100 VUs, 9 complete and 0 interrupted iterations
normal_day   [   8% ] 014/100 VUs  00m45.9s/10m0s  1.02 iters/s

running (00m46.9s), 015/100 VUs, 9 complete and 0 interrupted iterations
normal_day   [   8% ] 015/100 VUs  00m46.9s/10m0s  1.04 iters/s

running (00m47.9s), 015/100 VUs, 10 complete and 0 interrupted iterations
normal_day   [   8% ] 015/100 VUs  00m47.9s/10m0s  1.06 iters/s

running (00m48.9s), 015/100 VUs, 11 complete and 0 interrupted iterations
normal_day   [   8% ] 015/100 VUs  00m48.9s/10m0s  1.09 iters/s

running (00m49.9s), 015/100 VUs, 12 complete and 0 interrupted iterations
normal_day   [   8% ] 015/100 VUs  00m49.9s/10m0s  1.11 iters/s

running (00m50.9s), 012/100 VUs, 16 complete and 0 interrupted iterations
normal_day   [   8% ] 012/100 VUs  00m50.9s/10m0s  1.13 iters/s

running (00m51.9s), 013/100 VUs, 16 complete and 0 interrupted iterations
normal_day   [   9% ] 013/100 VUs  00m51.9s/10m0s  1.14 iters/s

running (00m52.9s), 013/100 VUs, 18 complete and 0 interrupted iterations
normal_day   [   9% ] 013/100 VUs  00m52.9s/10m0s  1.18 iters/s

running (00m53.9s), 011/100 VUs, 21 complete and 0 interrupted iterations
normal_day   [   9% ] 011/100 VUs  00m53.9s/10m0s  1.20 iters/s

running (00m54.9s), 012/100 VUs, 21 complete and 0 interrupted iterations
normal_day   [   9% ] 012/100 VUs  00m54.9s/10m0s  1.22 iters/s

running (00m55.9s), 012/100 VUs, 22 complete and 0 interrupted iterations
normal_day   [   9% ] 012/100 VUs  00m55.9s/10m0s  1.24 iters/s

running (00m56.9s), 011/100 VUs, 24 complete and 0 interrupted iterations
normal_day   [   9% ] 011/100 VUs  00m56.9s/10m0s  1.26 iters/s

running (00m57.9s), 012/100 VUs, 25 complete and 0 interrupted iterations
normal_day   [  10% ] 012/100 VUs  00m57.9s/10m0s  1.29 iters/s

running (00m58.9s), 011/100 VUs, 27 complete and 0 interrupted iterations
normal_day   [  10% ] 011/100 VUs  00m58.9s/10m0s  1.31 iters/s

running (00m59.9s), 012/100 VUs, 27 complete and 0 interrupted iterations
normal_day   [  10% ] 012/100 VUs  00m59.9s/10m0s  1.32 iters/s

running (01m00.9s), 012/100 VUs, 29 complete and 0 interrupted iterations
normal_day   [  10% ] 012/100 VUs  01m00.9s/10m0s  1.36 iters/s

running (01m01.9s), 012/100 VUs, 30 complete and 0 interrupted iterations
normal_day   [  10% ] 012/100 VUs  01m01.9s/10m0s  1.37 iters/s

running (01m02.9s), 012/100 VUs, 31 complete and 0 interrupted iterations
normal_day   [  10% ] 012/100 VUs  01m02.9s/10m0s  1.39 iters/s

running (01m03.9s), 012/100 VUs, 33 complete and 0 interrupted iterations
normal_day   [  11% ] 012/100 VUs  01m03.9s/10m0s  1.42 iters/s

running (01m04.9s), 011/100 VUs, 35 complete and 0 interrupted iterations
normal_day   [  11% ] 011/100 VUs  01m04.9s/10m0s  1.44 iters/s

running (01m05.9s), 013/100 VUs, 35 complete and 0 interrupted iterations
normal_day   [  11% ] 013/100 VUs  01m05.9s/10m0s  1.47 iters/s

running (01m06.9s), 014/100 VUs, 35 complete and 0 interrupted iterations
normal_day   [  11% ] 014/100 VUs  01m06.9s/10m0s  1.48 iters/s

running (01m07.9s), 016/100 VUs, 35 complete and 0 interrupted iterations
normal_day   [  11% ] 016/100 VUs  01m07.9s/10m0s  1.51 iters/s

running (01m08.9s), 016/100 VUs, 36 complete and 0 interrupted iterations
normal_day   [  11% ] 016/100 VUs  01m08.9s/10m0s  1.53 iters/s

running (01m09.9s), 016/100 VUs, 38 complete and 0 interrupted iterations
normal_day   [  12% ] 016/100 VUs  01m09.9s/10m0s  1.56 iters/s

running (01m10.9s), 014/100 VUs, 41 complete and 0 interrupted iterations
normal_day   [  12% ] 014/100 VUs  01m10.9s/10m0s  1.57 iters/s

running (01m11.9s), 014/100 VUs, 43 complete and 0 interrupted iterations
normal_day   [  12% ] 014/100 VUs  01m11.9s/10m0s  1.60 iters/s

running (01m12.9s), 013/100 VUs, 46 complete and 0 interrupted iterations
normal_day   [  12% ] 013/100 VUs  01m12.9s/10m0s  1.63 iters/s

running (01m13.9s), 014/100 VUs, 46 complete and 0 interrupted iterations
normal_day   [  12% ] 014/100 VUs  01m13.9s/10m0s  1.64 iters/s

running (01m14.9s), 014/100 VUs, 48 complete and 0 interrupted iterations
normal_day   [  12% ] 014/100 VUs  01m14.9s/10m0s  1.67 iters/s

running (01m15.9s), 013/100 VUs, 50 complete and 0 interrupted iterations
normal_day   [  13% ] 013/100 VUs  01m15.9s/10m0s  1.68 iters/s

running (01m16.9s), 014/100 VUs, 51 complete and 0 interrupted iterations
normal_day   [  13% ] 014/100 VUs  01m16.9s/10m0s  1.71 iters/s

running (01m17.9s), 013/100 VUs, 54 complete and 0 interrupted iterations
normal_day   [  13% ] 013/100 VUs  01m17.9s/10m0s  1.73 iters/s

running (01m18.9s), 015/100 VUs, 54 complete and 0 interrupted iterations
normal_day   [  13% ] 015/100 VUs  01m18.9s/10m0s  1.76 iters/s

running (01m19.9s), 013/100 VUs, 57 complete and 0 interrupted iterations
normal_day   [  13% ] 013/100 VUs  01m19.9s/10m0s  1.77 iters/s

running (01m20.9s), 013/100 VUs, 59 complete and 0 interrupted iterations
normal_day   [  13% ] 013/100 VUs  01m20.9s/10m0s  1.80 iters/s

running (01m21.9s), 014/100 VUs, 60 complete and 0 interrupted iterations
normal_day   [  14% ] 014/100 VUs  01m21.9s/10m0s  1.82 iters/s

running (01m22.9s), 015/100 VUs, 61 complete and 0 interrupted iterations
normal_day   [  14% ] 015/100 VUs  01m22.9s/10m0s  1.84 iters/s

running (01m23.9s), 015/100 VUs, 63 complete and 0 interrupted iterations
normal_day   [  14% ] 015/100 VUs  01m23.9s/10m0s  1.87 iters/s

running (01m24.9s), 016/100 VUs, 64 complete and 0 interrupted iterations
normal_day   [  14% ] 016/100 VUs  01m24.9s/10m0s  1.89 iters/s

running (01m25.9s), 017/100 VUs, 64 complete and 0 interrupted iterations
normal_day   [  14% ] 017/100 VUs  01m25.9s/10m0s  1.90 iters/s

running (01m26.9s), 018/100 VUs, 65 complete and 0 interrupted iterations
normal_day   [  14% ] 018/100 VUs  01m26.9s/10m0s  1.93 iters/s

running (01m27.9s), 019/100 VUs, 66 complete and 0 interrupted iterations
normal_day   [  15% ] 019/100 VUs  01m27.9s/10m0s  1.95 iters/s

running (01m28.9s), 021/100 VUs, 66 complete and 0 interrupted iterations
normal_day   [  15% ] 021/100 VUs  01m28.9s/10m0s  1.97 iters/s

running (01m29.9s), 021/100 VUs, 68 complete and 0 interrupted iterations
normal_day   [  15% ] 021/100 VUs  01m29.9s/10m0s  1.99 iters/s

running (01m30.9s), 022/100 VUs, 69 complete and 0 interrupted iterations
normal_day   [  15% ] 022/100 VUs  01m30.9s/10m0s  2.02 iters/s

running (01m31.9s), 021/100 VUs, 72 complete and 0 interrupted iterations
normal_day   [  15% ] 021/100 VUs  01m31.9s/10m0s  2.04 iters/s

running (01m32.9s), 020/100 VUs, 75 complete and 0 interrupted iterations
normal_day   [  15% ] 020/100 VUs  01m32.9s/10m0s  2.06 iters/s

running (01m33.9s), 020/100 VUs, 77 complete and 0 interrupted iterations
normal_day   [  16% ] 020/100 VUs  01m33.9s/10m0s  2.08 iters/s

running (01m34.9s), 021/100 VUs, 79 complete and 0 interrupted iterations
normal_day   [  16% ] 021/100 VUs  01m34.9s/10m0s  2.11 iters/s

running (01m35.9s), 020/100 VUs, 82 complete and 0 interrupted iterations
normal_day   [  16% ] 020/100 VUs  01m35.9s/10m0s  2.13 iters/s

running (01m36.9s), 019/100 VUs, 85 complete and 0 interrupted iterations
normal_day   [  16% ] 019/100 VUs  01m36.9s/10m0s  2.16 iters/s

running (01m37.9s), 017/100 VUs, 89 complete and 0 interrupted iterations
normal_day   [  16% ] 017/100 VUs  01m37.9s/10m0s  2.18 iters/s

running (01m38.9s), 019/100 VUs, 89 complete and 0 interrupted iterations
normal_day   [  16% ] 019/100 VUs  01m38.9s/10m0s  2.20 iters/s

running (01m39.9s), 021/100 VUs, 89 complete and 0 interrupted iterations
normal_day   [  17% ] 021/100 VUs  01m39.9s/10m0s  2.22 iters/s

running (01m40.9s), 021/100 VUs, 92 complete and 0 interrupted iterations
normal_day   [  17% ] 021/100 VUs  01m40.9s/10m0s  2.25 iters/s

running (01m41.9s), 019/100 VUs, 96 complete and 0 interrupted iterations
normal_day   [  17% ] 019/100 VUs  01m41.9s/10m0s  2.27 iters/s

running (01m42.9s), 019/100 VUs, 98 complete and 0 interrupted iterations
normal_day   [  17% ] 019/100 VUs  01m42.9s/10m0s  2.29 iters/s

running (01m43.9s), 017/100 VUs, 102 complete and 0 interrupted iterations
normal_day   [  17% ] 017/100 VUs  01m43.9s/10m0s  2.30 iters/s

running (01m44.9s), 019/100 VUs, 103 complete and 0 interrupted iterations
normal_day   [  17% ] 019/100 VUs  01m44.9s/10m0s  2.33 iters/s

running (01m45.9s), 018/100 VUs, 106 complete and 0 interrupted iterations
normal_day   [  18% ] 018/100 VUs  01m45.9s/10m0s  2.35 iters/s

running (01m46.9s), 019/100 VUs, 107 complete and 0 interrupted iterations
normal_day   [  18% ] 019/100 VUs  01m46.9s/10m0s  2.37 iters/s

running (01m47.9s), 021/100 VUs, 108 complete and 0 interrupted iterations
normal_day   [  18% ] 021/100 VUs  01m47.9s/10m0s  2.40 iters/s

running (01m48.9s), 021/100 VUs, 110 complete and 0 interrupted iterations
normal_day   [  18% ] 021/100 VUs  01m48.9s/10m0s  2.42 iters/s

running (01m49.9s), 022/100 VUs, 112 complete and 0 interrupted iterations
normal_day   [  18% ] 022/100 VUs  01m49.9s/10m0s  2.44 iters/s

running (01m50.9s), 023/100 VUs, 113 complete and 0 interrupted iterations
normal_day   [  18% ] 023/100 VUs  01m50.9s/10m0s  2.46 iters/s

running (01m51.9s), 025/100 VUs, 114 complete and 0 interrupted iterations
normal_day   [  19% ] 025/100 VUs  01m51.9s/10m0s  2.49 iters/s

running (01m52.9s), 025/100 VUs, 116 complete and 0 interrupted iterations
normal_day   [  19% ] 025/100 VUs  01m52.9s/10m0s  2.51 iters/s

running (01m53.9s), 028/100 VUs, 116 complete and 0 interrupted iterations
normal_day   [  19% ] 028/100 VUs  01m53.9s/10m0s  2.53 iters/s

running (01m54.9s), 026/100 VUs, 120 complete and 0 interrupted iterations
normal_day   [  19% ] 026/100 VUs  01m54.9s/10m0s  2.55 iters/s

running (01m55.9s), 023/100 VUs, 126 complete and 0 interrupted iterations
normal_day   [  19% ] 023/100 VUs  01m55.9s/10m0s  2.58 iters/s

running (01m56.9s), 022/100 VUs, 129 complete and 0 interrupted iterations
normal_day   [  19% ] 022/100 VUs  01m56.9s/10m0s  2.59 iters/s

running (01m57.9s), 021/100 VUs, 133 complete and 0 interrupted iterations
normal_day   [  20% ] 021/100 VUs  01m57.9s/10m0s  2.62 iters/s

running (01m58.9s), 022/100 VUs, 135 complete and 0 interrupted iterations
normal_day   [  20% ] 022/100 VUs  01m58.9s/10m0s  2.65 iters/s

running (01m59.9s), 023/100 VUs, 136 complete and 0 interrupted iterations
normal_day   [  20% ] 023/100 VUs  01m59.9s/10m0s  2.66 iters/s

running (02m00.9s), 019/100 VUs, 143 complete and 0 interrupted iterations
normal_day   [  20% ] 019/100 VUs  02m00.9s/10m0s  2.69 iters/s

running (02m01.9s), 017/100 VUs, 148 complete and 0 interrupted iterations
normal_day   [  20% ] 017/100 VUs  02m01.9s/10m0s  2.71 iters/s

running (02m02.9s), 019/100 VUs, 148 complete and 0 interrupted iterations
normal_day   [  20% ] 019/100 VUs  02m02.9s/10m0s  2.73 iters/s

running (02m03.9s), 019/100 VUs, 151 complete and 0 interrupted iterations
normal_day   [  21% ] 019/100 VUs  02m03.9s/10m0s  2.75 iters/s

running (02m04.9s), 020/100 VUs, 153 complete and 0 interrupted iterations
normal_day   [  21% ] 020/100 VUs  02m04.9s/10m0s  2.78 iters/s

running (02m05.9s), 022/100 VUs, 154 complete and 0 interrupted iterations
normal_day   [  21% ] 022/100 VUs  02m05.9s/10m0s  2.80 iters/s

running (02m06.9s), 023/100 VUs, 155 complete and 0 interrupted iterations
normal_day   [  21% ] 023/100 VUs  02m06.9s/10m0s  2.82 iters/s

running (02m07.9s), 021/100 VUs, 160 complete and 0 interrupted iterations
normal_day   [  21% ] 021/100 VUs  02m07.9s/10m0s  2.84 iters/s

running (02m08.9s), 021/100 VUs, 163 complete and 0 interrupted iterations
normal_day   [  21% ] 021/100 VUs  02m08.9s/10m0s  2.86 iters/s

running (02m09.9s), 024/100 VUs, 163 complete and 0 interrupted iterations
normal_day   [  22% ] 024/100 VUs  02m09.9s/10m0s  2.89 iters/s

running (02m10.9s), 026/100 VUs, 164 complete and 0 interrupted iterations
normal_day   [  22% ] 026/100 VUs  02m10.9s/10m0s  2.91 iters/s

running (02m11.9s), 024/100 VUs, 169 complete and 0 interrupted iterations
normal_day   [  22% ] 024/100 VUs  02m11.9s/10m0s  2.93 iters/s

running (02m12.9s), 025/100 VUs, 171 complete and 0 interrupted iterations
normal_day   [  22% ] 025/100 VUs  02m12.9s/10m0s  2.96 iters/s

running (02m13.9s), 026/100 VUs, 173 complete and 0 interrupted iterations
normal_day   [  22% ] 026/100 VUs  02m13.9s/10m0s  2.98 iters/s

running (02m14.9s), 027/100 VUs, 175 complete and 0 interrupted iterations
normal_day   [  22% ] 027/100 VUs  02m14.9s/10m0s  3.00 iters/s

running (02m15.9s), 030/100 VUs, 175 complete and 0 interrupted iterations
normal_day   [  23% ] 030/100 VUs  02m15.9s/10m0s  3.02 iters/s

running (02m16.9s), 027/100 VUs, 181 complete and 0 interrupted iterations
normal_day   [  23% ] 027/100 VUs  02m16.9s/10m0s  3.04 iters/s

running (02m17.9s), 028/100 VUs, 183 complete and 0 interrupted iterations
normal_day   [  23% ] 028/100 VUs  02m17.9s/10m0s  3.07 iters/s

running (02m18.9s), 029/100 VUs, 185 complete and 0 interrupted iterations
normal_day   [  23% ] 029/100 VUs  02m18.9s/10m0s  3.09 iters/s

running (02m19.9s), 030/100 VUs, 187 complete and 0 interrupted iterations
normal_day   [  23% ] 030/100 VUs  02m19.9s/10m0s  3.11 iters/s

running (02m20.9s), 030/100 VUs, 190 complete and 0 interrupted iterations
normal_day   [  23% ] 030/100 VUs  02m20.9s/10m0s  3.13 iters/s

running (02m21.9s), 029/100 VUs, 194 complete and 0 interrupted iterations
normal_day   [  24% ] 029/100 VUs  02m21.9s/10m0s  3.15 iters/s

running (02m22.9s), 029/100 VUs, 197 complete and 0 interrupted iterations
normal_day   [  24% ] 029/100 VUs  02m22.9s/10m0s  3.17 iters/s

running (02m23.9s), 030/100 VUs, 200 complete and 0 interrupted iterations
normal_day   [  24% ] 030/100 VUs  02m23.9s/10m0s  3.20 iters/s

running (02m24.9s), 029/100 VUs, 204 complete and 0 interrupted iterations
normal_day   [  24% ] 029/100 VUs  02m24.9s/10m0s  3.22 iters/s

running (02m25.9s), 030/100 VUs, 206 complete and 0 interrupted iterations
normal_day   [  24% ] 030/100 VUs  02m25.9s/10m0s  3.24 iters/s

running (02m26.9s), 033/100 VUs, 206 complete and 0 interrupted iterations
normal_day   [  24% ] 033/100 VUs  02m26.9s/10m0s  3.26 iters/s

running (02m27.9s), 030/100 VUs, 212 complete and 0 interrupted iterations
normal_day   [  25% ] 030/100 VUs  02m27.9s/10m0s  3.28 iters/s

running (02m28.9s), 029/100 VUs, 217 complete and 0 interrupted iterations
normal_day   [  25% ] 029/100 VUs  02m28.9s/10m0s  3.31 iters/s

running (02m29.9s), 030/100 VUs, 219 complete and 0 interrupted iterations
normal_day   [  25% ] 030/100 VUs  02m29.9s/10m0s  3.33 iters/s

running (02m30.9s), 029/100 VUs, 223 complete and 0 interrupted iterations
normal_day   [  25% ] 029/100 VUs  02m30.9s/10m0s  3.35 iters/s

running (02m31.9s), 030/100 VUs, 226 complete and 0 interrupted iterations
normal_day   [  25% ] 030/100 VUs  02m31.9s/10m0s  3.38 iters/s

running (02m32.9s), 032/100 VUs, 227 complete and 0 interrupted iterations
normal_day   [  25% ] 032/100 VUs  02m32.9s/10m0s  3.40 iters/s

running (02m33.9s), 033/100 VUs, 230 complete and 0 interrupted iterations
normal_day   [  26% ] 033/100 VUs  02m33.9s/10m0s  3.42 iters/s

running (02m34.9s), 034/100 VUs, 232 complete and 0 interrupted iterations
normal_day   [  26% ] 034/100 VUs  02m34.9s/10m0s  3.44 iters/s

running (02m35.9s), 036/100 VUs, 233 complete and 0 interrupted iterations
normal_day   [  26% ] 036/100 VUs  02m35.9s/10m0s  3.46 iters/s

running (02m36.9s), 040/100 VUs, 233 complete and 0 interrupted iterations
normal_day   [  26% ] 040/100 VUs  02m36.9s/10m0s  3.49 iters/s

running (02m37.9s), 037/100 VUs, 239 complete and 0 interrupted iterations
normal_day   [  26% ] 037/100 VUs  02m37.9s/10m0s  3.51 iters/s

running (02m38.9s), 036/100 VUs, 244 complete and 0 interrupted iterations
normal_day   [  26% ] 036/100 VUs  02m38.9s/10m0s  3.53 iters/s

running (02m39.9s), 036/100 VUs, 247 complete and 0 interrupted iterations
normal_day   [  27% ] 036/100 VUs  02m39.9s/10m0s  3.55 iters/s

running (02m40.9s), 038/100 VUs, 249 complete and 0 interrupted iterations
normal_day   [  27% ] 038/100 VUs  02m40.9s/10m0s  3.57 iters/s

running (02m41.9s), 038/100 VUs, 253 complete and 0 interrupted iterations
normal_day   [  27% ] 038/100 VUs  02m41.9s/10m0s  3.60 iters/s

running (02m42.9s), 041/100 VUs, 253 complete and 0 interrupted iterations
normal_day   [  27% ] 041/100 VUs  02m42.9s/10m0s  3.62 iters/s

running (02m43.9s), 038/100 VUs, 260 complete and 0 interrupted iterations
normal_day   [  27% ] 038/100 VUs  02m43.9s/10m0s  3.64 iters/s

running (02m44.9s), 035/100 VUs, 267 complete and 0 interrupted iterations
normal_day   [  27% ] 035/100 VUs  02m44.9s/10m0s  3.67 iters/s

running (02m45.9s), 034/100 VUs, 271 complete and 0 interrupted iterations
normal_day   [  28% ] 034/100 VUs  02m45.9s/10m0s  3.68 iters/s

running (02m46.9s), 034/100 VUs, 275 complete and 0 interrupted iterations
normal_day   [  28% ] 034/100 VUs  02m46.9s/10m0s  3.71 iters/s

running (02m47.9s), 035/100 VUs, 278 complete and 0 interrupted iterations
normal_day   [  28% ] 035/100 VUs  02m47.9s/10m0s  3.73 iters/s

running (02m48.9s), 036/100 VUs, 280 complete and 0 interrupted iterations
normal_day   [  28% ] 036/100 VUs  02m48.9s/10m0s  3.75 iters/s

running (02m49.9s), 035/100 VUs, 285 complete and 0 interrupted iterations
normal_day   [  28% ] 035/100 VUs  02m49.9s/10m0s  3.77 iters/s

running (02m50.9s), 037/100 VUs, 287 complete and 0 interrupted iterations
normal_day   [  28% ] 037/100 VUs  02m50.9s/10m0s  3.80 iters/s

running (02m51.9s), 039/100 VUs, 289 complete and 0 interrupted iterations
normal_day   [  29% ] 039/100 VUs  02m51.9s/10m0s  3.82 iters/s

running (02m52.9s), 037/100 VUs, 295 complete and 0 interrupted iterations
normal_day   [  29% ] 037/100 VUs  02m52.9s/10m0s  3.84 iters/s

running (02m53.9s), 039/100 VUs, 296 complete and 0 interrupted iterations
normal_day   [  29% ] 039/100 VUs  02m53.9s/10m0s  3.86 iters/s

running (02m54.9s), 041/100 VUs, 298 complete and 0 interrupted iterations
normal_day   [  29% ] 041/100 VUs  02m54.9s/10m0s  3.88 iters/s

running (02m55.9s), 037/100 VUs, 306 complete and 0 interrupted iterations
normal_day   [  29% ] 037/100 VUs  02m55.9s/10m0s  3.91 iters/s

running (02m56.9s), 037/100 VUs, 310 complete and 0 interrupted iterations
normal_day   [  29% ] 037/100 VUs  02m56.9s/10m0s  3.93 iters/s

running (02m57.9s), 039/100 VUs, 312 complete and 0 interrupted iterations
normal_day   [  30% ] 039/100 VUs  02m57.9s/10m0s  3.95 iters/s

running (02m58.9s), 039/100 VUs, 316 complete and 0 interrupted iterations
normal_day   [  30% ] 039/100 VUs  02m58.9s/10m0s  3.97 iters/s

running (02m59.9s), 039/100 VUs, 320 complete and 0 interrupted iterations
normal_day   [  30% ] 039/100 VUs  02m59.9s/10m0s  4.00 iters/s

running (03m00.9s), 039/100 VUs, 324 complete and 0 interrupted iterations
normal_day   [  30% ] 039/100 VUs  03m00.9s/10m0s  4.00 iters/s

running (03m01.9s), 036/100 VUs, 331 complete and 0 interrupted iterations
normal_day   [  30% ] 036/100 VUs  03m01.9s/10m0s  4.00 iters/s

running (03m02.9s), 038/100 VUs, 333 complete and 0 interrupted iterations
normal_day   [  30% ] 038/100 VUs  03m02.9s/10m0s  4.00 iters/s

running (03m03.9s), 039/100 VUs, 336 complete and 0 interrupted iterations
normal_day   [  31% ] 039/100 VUs  03m03.9s/10m0s  4.00 iters/s

running (03m04.9s), 041/100 VUs, 338 complete and 0 interrupted iterations
normal_day   [  31% ] 041/100 VUs  03m04.9s/10m0s  4.00 iters/s

running (03m05.9s), 039/100 VUs, 344 complete and 0 interrupted iterations
normal_day   [  31% ] 039/100 VUs  03m05.9s/10m0s  4.00 iters/s

running (03m06.9s), 040/100 VUs, 347 complete and 0 interrupted iterations
normal_day   [  31% ] 040/100 VUs  03m06.9s/10m0s  4.00 iters/s

running (03m07.9s), 040/100 VUs, 351 complete and 0 interrupted iterations
normal_day   [  31% ] 040/100 VUs  03m07.9s/10m0s  4.00 iters/s

running (03m08.9s), 041/100 VUs, 354 complete and 0 interrupted iterations
normal_day   [  31% ] 041/100 VUs  03m08.9s/10m0s  4.00 iters/s

running (03m09.9s), 038/100 VUs, 361 complete and 0 interrupted iterations
normal_day   [  32% ] 038/100 VUs  03m09.9s/10m0s  4.00 iters/s

running (03m10.9s), 039/100 VUs, 364 complete and 0 interrupted iterations
normal_day   [  32% ] 039/100 VUs  03m10.9s/10m0s  4.00 iters/s

running (03m11.9s), 039/100 VUs, 368 complete and 0 interrupted iterations
normal_day   [  32% ] 039/100 VUs  03m11.9s/10m0s  4.00 iters/s

running (03m12.9s), 038/100 VUs, 373 complete and 0 interrupted iterations
normal_day   [  32% ] 038/100 VUs  03m12.9s/10m0s  4.00 iters/s

running (03m13.9s), 039/100 VUs, 376 complete and 0 interrupted iterations
normal_day   [  32% ] 039/100 VUs  03m13.9s/10m0s  4.00 iters/s

running (03m14.9s), 040/100 VUs, 379 complete and 0 interrupted iterations
normal_day   [  32% ] 040/100 VUs  03m14.9s/10m0s  4.00 iters/s

running (03m15.9s), 040/100 VUs, 383 complete and 0 interrupted iterations
normal_day   [  33% ] 040/100 VUs  03m15.9s/10m0s  4.00 iters/s

running (03m16.9s), 041/100 VUs, 386 complete and 0 interrupted iterations
normal_day   [  33% ] 041/100 VUs  03m16.9s/10m0s  4.00 iters/s

running (03m17.9s), 042/100 VUs, 389 complete and 0 interrupted iterations
normal_day   [  33% ] 042/100 VUs  03m17.9s/10m0s  4.00 iters/s

running (03m18.9s), 036/100 VUs, 399 complete and 0 interrupted iterations
normal_day   [  33% ] 036/100 VUs  03m18.9s/10m0s  4.00 iters/s

running (03m19.9s), 036/100 VUs, 403 complete and 0 interrupted iterations
normal_day   [  33% ] 036/100 VUs  03m19.9s/10m0s  4.00 iters/s

running (03m20.9s), 038/100 VUs, 405 complete and 0 interrupted iterations
normal_day   [  33% ] 038/100 VUs  03m20.9s/10m0s  4.00 iters/s

running (03m21.9s), 039/100 VUs, 408 complete and 0 interrupted iterations
normal_day   [  34% ] 039/100 VUs  03m21.9s/10m0s  4.00 iters/s

running (03m22.9s), 042/100 VUs, 409 complete and 0 interrupted iterations
normal_day   [  34% ] 042/100 VUs  03m22.9s/10m0s  4.00 iters/s

running (03m23.9s), 042/100 VUs, 413 complete and 0 interrupted iterations
normal_day   [  34% ] 042/100 VUs  03m23.9s/10m0s  4.00 iters/s

running (03m24.9s), 042/100 VUs, 417 complete and 0 interrupted iterations
normal_day   [  34% ] 042/100 VUs  03m24.9s/10m0s  4.00 iters/s

running (03m25.9s), 039/100 VUs, 424 complete and 0 interrupted iterations
normal_day   [  34% ] 039/100 VUs  03m25.9s/10m0s  4.00 iters/s

running (03m26.9s), 041/100 VUs, 426 complete and 0 interrupted iterations
normal_day   [  34% ] 041/100 VUs  03m26.9s/10m0s  4.00 iters/s

running (03m27.9s), 042/100 VUs, 429 complete and 0 interrupted iterations
normal_day   [  35% ] 042/100 VUs  03m27.9s/10m0s  4.00 iters/s

running (03m28.9s), 043/100 VUs, 432 complete and 0 interrupted iterations
normal_day   [  35% ] 043/100 VUs  03m28.9s/10m0s  4.00 iters/s

running (03m29.9s), 046/100 VUs, 433 complete and 0 interrupted iterations
normal_day   [  35% ] 046/100 VUs  03m29.9s/10m0s  4.00 iters/s

running (03m30.9s), 048/100 VUs, 435 complete and 0 interrupted iterations
normal_day   [  35% ] 048/100 VUs  03m30.9s/10m0s  4.00 iters/s

running (03m31.9s), 052/100 VUs, 435 complete and 0 interrupted iterations
normal_day   [  35% ] 052/100 VUs  03m31.9s/10m0s  4.00 iters/s

running (03m32.9s), 055/100 VUs, 436 complete and 0 interrupted iterations
normal_day   [  35% ] 055/100 VUs  03m32.9s/10m0s  4.00 iters/s

running (03m33.9s), 055/100 VUs, 440 complete and 0 interrupted iterations
normal_day   [  36% ] 055/100 VUs  03m33.9s/10m0s  4.00 iters/s

running (03m34.9s), 058/100 VUs, 441 complete and 0 interrupted iterations
normal_day   [  36% ] 058/100 VUs  03m34.9s/10m0s  4.00 iters/s

running (03m35.9s), 061/100 VUs, 442 complete and 0 interrupted iterations
normal_day   [  36% ] 061/100 VUs  03m35.9s/10m0s  4.00 iters/s

running (03m36.9s), 064/100 VUs, 443 complete and 0 interrupted iterations
normal_day   [  36% ] 064/100 VUs  03m36.9s/10m0s  4.00 iters/s

running (03m37.9s), 066/100 VUs, 445 complete and 0 interrupted iterations
normal_day   [  36% ] 066/100 VUs  03m37.9s/10m0s  4.00 iters/s

running (03m38.9s), 067/100 VUs, 448 complete and 0 interrupted iterations
normal_day   [  36% ] 067/100 VUs  03m38.9s/10m0s  4.00 iters/s

running (03m39.9s), 069/100 VUs, 450 complete and 0 interrupted iterations
normal_day   [  37% ] 069/100 VUs  03m39.9s/10m0s  4.00 iters/s

running (03m40.9s), 067/100 VUs, 456 complete and 0 interrupted iterations
normal_day   [  37% ] 067/100 VUs  03m40.9s/10m0s  4.00 iters/s

running (03m41.9s), 066/100 VUs, 461 complete and 0 interrupted iterations
normal_day   [  37% ] 066/100 VUs  03m41.9s/10m0s  4.00 iters/s

running (03m42.9s), 064/100 VUs, 467 complete and 0 interrupted iterations
normal_day   [  37% ] 064/100 VUs  03m42.9s/10m0s  4.00 iters/s

running (03m43.9s), 063/100 VUs, 472 complete and 0 interrupted iterations
normal_day   [  37% ] 063/100 VUs  03m43.9s/10m0s  4.00 iters/s

running (03m44.9s), 063/100 VUs, 476 complete and 0 interrupted iterations
normal_day   [  37% ] 063/100 VUs  03m44.9s/10m0s  4.00 iters/s

running (03m45.9s), 063/100 VUs, 480 complete and 0 interrupted iterations
normal_day   [  38% ] 063/100 VUs  03m45.9s/10m0s  4.00 iters/s

running (03m46.9s), 059/100 VUs, 488 complete and 0 interrupted iterations
normal_day   [  38% ] 059/100 VUs  03m46.9s/10m0s  4.00 iters/s

running (03m47.9s), 053/100 VUs, 498 complete and 0 interrupted iterations
normal_day   [  38% ] 053/100 VUs  03m47.9s/10m0s  4.00 iters/s

running (03m48.9s), 051/100 VUs, 504 complete and 0 interrupted iterations
normal_day   [  38% ] 051/100 VUs  03m48.9s/10m0s  4.00 iters/s

running (03m49.9s), 051/100 VUs, 508 complete and 0 interrupted iterations
normal_day   [  38% ] 051/100 VUs  03m49.9s/10m0s  4.00 iters/s

running (03m50.9s), 049/100 VUs, 514 complete and 0 interrupted iterations
normal_day   [  38% ] 049/100 VUs  03m50.9s/10m0s  4.00 iters/s

running (03m51.9s), 047/100 VUs, 520 complete and 0 interrupted iterations
normal_day   [  39% ] 047/100 VUs  03m51.9s/10m0s  4.00 iters/s

running (03m52.9s), 043/100 VUs, 528 complete and 0 interrupted iterations
normal_day   [  39% ] 043/100 VUs  03m52.9s/10m0s  4.00 iters/s

running (03m53.9s), 040/100 VUs, 535 complete and 0 interrupted iterations
normal_day   [  39% ] 040/100 VUs  03m53.9s/10m0s  4.00 iters/s

running (03m54.9s), 043/100 VUs, 536 complete and 0 interrupted iterations
normal_day   [  39% ] 043/100 VUs  03m54.9s/10m0s  4.00 iters/s

running (03m55.9s), 041/100 VUs, 542 complete and 0 interrupted iterations
normal_day   [  39% ] 041/100 VUs  03m55.9s/10m0s  4.00 iters/s

running (03m56.9s), 041/100 VUs, 546 complete and 0 interrupted iterations
normal_day   [  39% ] 041/100 VUs  03m56.9s/10m0s  4.00 iters/s

running (03m57.9s), 038/100 VUs, 553 complete and 0 interrupted iterations
normal_day   [  40% ] 038/100 VUs  03m57.9s/10m0s  4.00 iters/s

running (03m58.9s), 038/100 VUs, 557 complete and 0 interrupted iterations
normal_day   [  40% ] 038/100 VUs  03m58.9s/10m0s  4.00 iters/s

running (03m59.9s), 039/100 VUs, 560 complete and 0 interrupted iterations
normal_day   [  40% ] 039/100 VUs  03m59.9s/10m0s  4.00 iters/s

running (04m00.9s), 038/100 VUs, 565 complete and 0 interrupted iterations
normal_day   [  40% ] 038/100 VUs  04m00.9s/10m0s  4.00 iters/s

running (04m01.9s), 039/100 VUs, 568 complete and 0 interrupted iterations
normal_day   [  40% ] 039/100 VUs  04m01.9s/10m0s  4.00 iters/s

running (04m02.9s), 043/100 VUs, 568 complete and 0 interrupted iterations
normal_day   [  40% ] 043/100 VUs  04m02.9s/10m0s  4.00 iters/s

running (04m03.9s), 040/100 VUs, 575 complete and 0 interrupted iterations
normal_day   [  41% ] 040/100 VUs  04m03.9s/10m0s  4.00 iters/s

running (04m04.9s), 041/100 VUs, 578 complete and 0 interrupted iterations
normal_day   [  41% ] 041/100 VUs  04m04.9s/10m0s  4.00 iters/s

running (04m05.9s), 038/100 VUs, 585 complete and 0 interrupted iterations
normal_day   [  41% ] 038/100 VUs  04m05.9s/10m0s  4.00 iters/s

running (04m06.9s), 036/100 VUs, 591 complete and 0 interrupted iterations
normal_day   [  41% ] 036/100 VUs  04m06.9s/10m0s  4.00 iters/s

running (04m07.9s), 036/100 VUs, 595 complete and 0 interrupted iterations
normal_day   [  41% ] 036/100 VUs  04m07.9s/10m0s  4.00 iters/s

running (04m08.9s), 036/100 VUs, 599 complete and 0 interrupted iterations
normal_day   [  41% ] 036/100 VUs  04m08.9s/10m0s  4.00 iters/s

running (04m09.9s), 038/100 VUs, 601 complete and 0 interrupted iterations
normal_day   [  42% ] 038/100 VUs  04m09.9s/10m0s  4.00 iters/s

running (04m10.9s), 038/100 VUs, 605 complete and 0 interrupted iterations
normal_day   [  42% ] 038/100 VUs  04m10.9s/10m0s  4.00 iters/s

running (04m11.9s), 039/100 VUs, 608 complete and 0 interrupted iterations
normal_day   [  42% ] 039/100 VUs  04m11.9s/10m0s  4.00 iters/s

running (04m12.9s), 038/100 VUs, 613 complete and 0 interrupted iterations
normal_day   [  42% ] 038/100 VUs  04m12.9s/10m0s  4.00 iters/s

running (04m13.9s), 041/100 VUs, 614 complete and 0 interrupted iterations
normal_day   [  42% ] 041/100 VUs  04m13.9s/10m0s  4.00 iters/s

running (04m14.9s), 041/100 VUs, 618 complete and 0 interrupted iterations
normal_day   [  42% ] 041/100 VUs  04m14.9s/10m0s  4.00 iters/s

running (04m15.9s), 039/100 VUs, 624 complete and 0 interrupted iterations
normal_day   [  43% ] 039/100 VUs  04m15.9s/10m0s  4.00 iters/s

running (04m16.9s), 041/100 VUs, 626 complete and 0 interrupted iterations
normal_day   [  43% ] 041/100 VUs  04m16.9s/10m0s  4.00 iters/s

running (04m17.9s), 041/100 VUs, 630 complete and 0 interrupted iterations
normal_day   [  43% ] 041/100 VUs  04m17.9s/10m0s  4.00 iters/s

running (04m18.9s), 038/100 VUs, 637 complete and 0 interrupted iterations
normal_day   [  43% ] 038/100 VUs  04m18.9s/10m0s  4.00 iters/s

running (04m19.9s), 039/100 VUs, 640 complete and 0 interrupted iterations
normal_day   [  43% ] 039/100 VUs  04m19.9s/10m0s  4.00 iters/s

running (04m20.9s), 036/100 VUs, 647 complete and 0 interrupted iterations
normal_day   [  43% ] 036/100 VUs  04m20.9s/10m0s  4.00 iters/s

running (04m21.9s), 036/100 VUs, 651 complete and 0 interrupted iterations
normal_day   [  44% ] 036/100 VUs  04m21.9s/10m0s  4.00 iters/s

running (04m22.9s), 031/100 VUs, 660 complete and 0 interrupted iterations
normal_day   [  44% ] 031/100 VUs  04m22.9s/10m0s  4.00 iters/s

running (04m23.9s), 031/100 VUs, 664 complete and 0 interrupted iterations
normal_day   [  44% ] 031/100 VUs  04m23.9s/10m0s  4.00 iters/s

running (04m24.9s), 032/100 VUs, 667 complete and 0 interrupted iterations
normal_day   [  44% ] 032/100 VUs  04m24.9s/10m0s  4.00 iters/s

running (04m25.9s), 035/100 VUs, 668 complete and 0 interrupted iterations
normal_day   [  44% ] 035/100 VUs  04m25.9s/10m0s  4.00 iters/s

running (04m26.9s), 036/100 VUs, 671 complete and 0 interrupted iterations
normal_day   [  44% ] 036/100 VUs  04m26.9s/10m0s  4.00 iters/s

running (04m27.9s), 037/100 VUs, 674 complete and 0 interrupted iterations
normal_day   [  45% ] 037/100 VUs  04m27.9s/10m0s  4.00 iters/s

running (04m28.9s), 038/100 VUs, 677 complete and 0 interrupted iterations
normal_day   [  45% ] 038/100 VUs  04m28.9s/10m0s  4.00 iters/s

running (04m29.9s), 040/100 VUs, 679 complete and 0 interrupted iterations
normal_day   [  45% ] 040/100 VUs  04m29.9s/10m0s  4.00 iters/s

running (04m30.9s), 039/100 VUs, 684 complete and 0 interrupted iterations
normal_day   [  45% ] 039/100 VUs  04m30.9s/10m0s  4.00 iters/s

running (04m31.9s), 041/100 VUs, 686 complete and 0 interrupted iterations
normal_day   [  45% ] 041/100 VUs  04m31.9s/10m0s  4.00 iters/s

running (04m32.9s), 044/100 VUs, 687 complete and 0 interrupted iterations
normal_day   [  45% ] 044/100 VUs  04m32.9s/10m0s  4.00 iters/s

running (04m33.9s), 046/100 VUs, 689 complete and 0 interrupted iterations
normal_day   [  46% ] 046/100 VUs  04m33.9s/10m0s  4.00 iters/s

running (04m34.9s), 047/100 VUs, 692 complete and 0 interrupted iterations
normal_day   [  46% ] 047/100 VUs  04m34.9s/10m0s  4.00 iters/s

running (04m35.9s), 045/100 VUs, 698 complete and 0 interrupted iterations
normal_day   [  46% ] 045/100 VUs  04m35.9s/10m0s  4.00 iters/s

running (04m36.9s), 045/100 VUs, 702 complete and 0 interrupted iterations
normal_day   [  46% ] 045/100 VUs  04m36.9s/10m0s  4.00 iters/s

running (04m37.9s), 047/100 VUs, 704 complete and 0 interrupted iterations
normal_day   [  46% ] 047/100 VUs  04m37.9s/10m0s  4.00 iters/s

running (04m38.9s), 044/100 VUs, 711 complete and 0 interrupted iterations
normal_day   [  46% ] 044/100 VUs  04m38.9s/10m0s  4.00 iters/s

running (04m39.9s), 042/100 VUs, 717 complete and 0 interrupted iterations
normal_day   [  47% ] 042/100 VUs  04m39.9s/10m0s  4.00 iters/s

running (04m40.9s), 042/100 VUs, 721 complete and 0 interrupted iterations
normal_day   [  47% ] 042/100 VUs  04m40.9s/10m0s  4.00 iters/s

running (04m41.9s), 044/100 VUs, 723 complete and 0 interrupted iterations
normal_day   [  47% ] 044/100 VUs  04m41.9s/10m0s  4.00 iters/s

running (04m42.9s), 045/100 VUs, 726 complete and 0 interrupted iterations
normal_day   [  47% ] 045/100 VUs  04m42.9s/10m0s  4.00 iters/s

running (04m43.9s), 044/100 VUs, 731 complete and 0 interrupted iterations
normal_day   [  47% ] 044/100 VUs  04m43.9s/10m0s  4.00 iters/s

running (04m44.9s), 042/100 VUs, 737 complete and 0 interrupted iterations
normal_day   [  47% ] 042/100 VUs  04m44.9s/10m0s  4.00 iters/s

running (04m45.9s), 041/100 VUs, 742 complete and 0 interrupted iterations
normal_day   [  48% ] 041/100 VUs  04m45.9s/10m0s  4.00 iters/s

running (04m46.9s), 039/100 VUs, 748 complete and 0 interrupted iterations
normal_day   [  48% ] 039/100 VUs  04m46.9s/10m0s  4.00 iters/s

running (04m47.9s), 034/100 VUs, 757 complete and 0 interrupted iterations
normal_day   [  48% ] 034/100 VUs  04m47.9s/10m0s  4.00 iters/s

running (04m48.9s), 035/100 VUs, 760 complete and 0 interrupted iterations
normal_day   [  48% ] 035/100 VUs  04m48.9s/10m0s  4.00 iters/s

running (04m49.9s), 035/100 VUs, 764 complete and 0 interrupted iterations
normal_day   [  48% ] 035/100 VUs  04m49.9s/10m0s  4.00 iters/s

running (04m50.9s), 035/100 VUs, 768 complete and 0 interrupted iterations
normal_day   [  48% ] 035/100 VUs  04m50.9s/10m0s  4.00 iters/s

running (04m51.9s), 035/100 VUs, 772 complete and 0 interrupted iterations
normal_day   [  49% ] 035/100 VUs  04m51.9s/10m0s  4.00 iters/s

running (04m52.9s), 036/100 VUs, 775 complete and 0 interrupted iterations
normal_day   [  49% ] 036/100 VUs  04m52.9s/10m0s  4.00 iters/s

running (04m53.9s), 034/100 VUs, 781 complete and 0 interrupted iterations
normal_day   [  49% ] 034/100 VUs  04m53.9s/10m0s  4.00 iters/s

running (04m54.9s), 036/100 VUs, 783 complete and 0 interrupted iterations
normal_day   [  49% ] 036/100 VUs  04m54.9s/10m0s  4.00 iters/s

running (04m55.9s), 035/100 VUs, 788 complete and 0 interrupted iterations
normal_day   [  49% ] 035/100 VUs  04m55.9s/10m0s  4.00 iters/s

running (04m56.9s), 039/100 VUs, 788 complete and 0 interrupted iterations
normal_day   [  49% ] 039/100 VUs  04m56.9s/10m0s  4.00 iters/s

running (04m57.9s), 041/100 VUs, 790 complete and 0 interrupted iterations
normal_day   [  50% ] 041/100 VUs  04m57.9s/10m0s  4.00 iters/s

running (04m58.9s), 044/100 VUs, 791 complete and 0 interrupted iterations
normal_day   [  50% ] 044/100 VUs  04m58.9s/10m0s  4.00 iters/s

running (04m59.9s), 045/100 VUs, 794 complete and 0 interrupted iterations
normal_day   [  50% ] 045/100 VUs  04m59.9s/10m0s  4.00 iters/s

running (05m00.9s), 045/100 VUs, 798 complete and 0 interrupted iterations
normal_day   [  50% ] 045/100 VUs  05m00.9s/10m0s  4.00 iters/s

running (05m01.9s), 046/100 VUs, 801 complete and 0 interrupted iterations
normal_day   [  50% ] 046/100 VUs  05m01.9s/10m0s  4.00 iters/s

running (05m02.9s), 047/100 VUs, 804 complete and 0 interrupted iterations
normal_day   [  50% ] 047/100 VUs  05m02.9s/10m0s  4.00 iters/s

running (05m03.9s), 050/100 VUs, 805 complete and 0 interrupted iterations
normal_day   [  51% ] 050/100 VUs  05m03.9s/10m0s  4.00 iters/s

running (05m04.9s), 053/100 VUs, 806 complete and 0 interrupted iterations
normal_day   [  51% ] 053/100 VUs  05m04.9s/10m0s  4.00 iters/s

running (05m05.9s), 053/100 VUs, 810 complete and 0 interrupted iterations
normal_day   [  51% ] 053/100 VUs  05m05.9s/10m0s  4.00 iters/s

running (05m06.9s), 049/100 VUs, 818 complete and 0 interrupted iterations
normal_day   [  51% ] 049/100 VUs  05m06.9s/10m0s  4.00 iters/s

running (05m07.9s), 045/100 VUs, 826 complete and 0 interrupted iterations
normal_day   [  51% ] 045/100 VUs  05m07.9s/10m0s  4.00 iters/s

running (05m08.9s), 048/100 VUs, 827 complete and 0 interrupted iterations
normal_day   [  51% ] 048/100 VUs  05m08.9s/10m0s  4.00 iters/s

running (05m09.9s), 045/100 VUs, 834 complete and 0 interrupted iterations
normal_day   [  52% ] 045/100 VUs  05m09.9s/10m0s  4.00 iters/s

running (05m10.9s), 046/100 VUs, 837 complete and 0 interrupted iterations
normal_day   [  52% ] 046/100 VUs  05m10.9s/10m0s  4.00 iters/s

running (05m11.9s), 045/100 VUs, 842 complete and 0 interrupted iterations
normal_day   [  52% ] 045/100 VUs  05m11.9s/10m0s  4.00 iters/s

running (05m12.9s), 046/100 VUs, 845 complete and 0 interrupted iterations
normal_day   [  52% ] 046/100 VUs  05m12.9s/10m0s  4.00 iters/s

running (05m13.9s), 043/100 VUs, 852 complete and 0 interrupted iterations
normal_day   [  52% ] 043/100 VUs  05m13.9s/10m0s  4.00 iters/s

running (05m14.9s), 037/100 VUs, 862 complete and 0 interrupted iterations
normal_day   [  52% ] 037/100 VUs  05m14.9s/10m0s  4.00 iters/s

running (05m15.9s), 037/100 VUs, 866 complete and 0 interrupted iterations
normal_day   [  53% ] 037/100 VUs  05m15.9s/10m0s  4.00 iters/s

running (05m16.9s), 037/100 VUs, 870 complete and 0 interrupted iterations
normal_day   [  53% ] 037/100 VUs  05m16.9s/10m0s  4.00 iters/s

running (05m17.9s), 037/100 VUs, 874 complete and 0 interrupted iterations
normal_day   [  53% ] 037/100 VUs  05m17.9s/10m0s  4.00 iters/s

running (05m18.9s), 040/100 VUs, 875 complete and 0 interrupted iterations
normal_day   [  53% ] 040/100 VUs  05m18.9s/10m0s  4.00 iters/s

running (05m19.9s), 039/100 VUs, 880 complete and 0 interrupted iterations
normal_day   [  53% ] 039/100 VUs  05m19.9s/10m0s  4.00 iters/s

running (05m20.9s), 037/100 VUs, 886 complete and 0 interrupted iterations
normal_day   [  53% ] 037/100 VUs  05m20.9s/10m0s  4.00 iters/s

running (05m21.9s), 038/100 VUs, 889 complete and 0 interrupted iterations
normal_day   [  54% ] 038/100 VUs  05m21.9s/10m0s  4.00 iters/s

running (05m22.9s), 041/100 VUs, 890 complete and 0 interrupted iterations
normal_day   [  54% ] 041/100 VUs  05m22.9s/10m0s  4.00 iters/s

running (05m23.9s), 038/100 VUs, 897 complete and 0 interrupted iterations
normal_day   [  54% ] 038/100 VUs  05m23.9s/10m0s  4.00 iters/s

running (05m24.9s), 036/100 VUs, 903 complete and 0 interrupted iterations
normal_day   [  54% ] 036/100 VUs  05m24.9s/10m0s  4.00 iters/s

running (05m25.9s), 034/100 VUs, 909 complete and 0 interrupted iterations
normal_day   [  54% ] 034/100 VUs  05m25.9s/10m0s  4.00 iters/s

running (05m26.9s), 035/100 VUs, 912 complete and 0 interrupted iterations
normal_day   [  54% ] 035/100 VUs  05m26.9s/10m0s  4.00 iters/s

running (05m27.9s), 034/100 VUs, 917 complete and 0 interrupted iterations
normal_day   [  55% ] 034/100 VUs  05m27.9s/10m0s  4.00 iters/s

running (05m28.9s), 035/100 VUs, 920 complete and 0 interrupted iterations
normal_day   [  55% ] 035/100 VUs  05m28.9s/10m0s  4.00 iters/s

running (05m29.9s), 036/100 VUs, 923 complete and 0 interrupted iterations
normal_day   [  55% ] 036/100 VUs  05m29.9s/10m0s  4.00 iters/s

running (05m30.9s), 037/100 VUs, 926 complete and 0 interrupted iterations
normal_day   [  55% ] 037/100 VUs  05m30.9s/10m0s  4.00 iters/s

running (05m31.9s), 037/100 VUs, 930 complete and 0 interrupted iterations
normal_day   [  55% ] 037/100 VUs  05m31.9s/10m0s  4.00 iters/s

running (05m32.9s), 039/100 VUs, 932 complete and 0 interrupted iterations
normal_day   [  55% ] 039/100 VUs  05m32.9s/10m0s  4.00 iters/s

running (05m33.9s), 040/100 VUs, 935 complete and 0 interrupted iterations
normal_day   [  56% ] 040/100 VUs  05m33.9s/10m0s  4.00 iters/s

running (05m34.9s), 037/100 VUs, 942 complete and 0 interrupted iterations
normal_day   [  56% ] 037/100 VUs  05m34.9s/10m0s  4.00 iters/s

running (05m35.9s), 033/100 VUs, 950 complete and 0 interrupted iterations
normal_day   [  56% ] 033/100 VUs  05m35.9s/10m0s  4.00 iters/s

running (05m36.9s), 034/100 VUs, 953 complete and 0 interrupted iterations
normal_day   [  56% ] 034/100 VUs  05m36.9s/10m0s  4.00 iters/s

running (05m37.9s), 037/100 VUs, 954 complete and 0 interrupted iterations
normal_day   [  56% ] 037/100 VUs  05m37.9s/10m0s  4.00 iters/s

running (05m38.9s), 036/100 VUs, 959 complete and 0 interrupted iterations
normal_day   [  56% ] 036/100 VUs  05m38.9s/10m0s  4.00 iters/s

running (05m39.9s), 038/100 VUs, 961 complete and 0 interrupted iterations
normal_day   [  57% ] 038/100 VUs  05m39.9s/10m0s  4.00 iters/s

running (05m40.9s), 040/100 VUs, 963 complete and 0 interrupted iterations
normal_day   [  57% ] 040/100 VUs  05m40.9s/10m0s  4.00 iters/s

running (05m41.9s), 040/100 VUs, 967 complete and 0 interrupted iterations
normal_day   [  57% ] 040/100 VUs  05m41.9s/10m0s  4.00 iters/s

running (05m42.9s), 041/100 VUs, 970 complete and 0 interrupted iterations
normal_day   [  57% ] 041/100 VUs  05m42.9s/10m0s  4.00 iters/s

running (05m43.9s), 043/100 VUs, 972 complete and 0 interrupted iterations
normal_day   [  57% ] 043/100 VUs  05m43.9s/10m0s  4.00 iters/s

running (05m44.9s), 042/100 VUs, 977 complete and 0 interrupted iterations
normal_day   [  57% ] 042/100 VUs  05m44.9s/10m0s  4.00 iters/s

running (05m45.9s), 044/100 VUs, 979 complete and 0 interrupted iterations
normal_day   [  58% ] 044/100 VUs  05m45.9s/10m0s  4.00 iters/s

running (05m46.9s), 044/100 VUs, 983 complete and 0 interrupted iterations
normal_day   [  58% ] 044/100 VUs  05m46.9s/10m0s  4.00 iters/s

running (05m47.9s), 041/100 VUs, 990 complete and 0 interrupted iterations
normal_day   [  58% ] 041/100 VUs  05m47.9s/10m0s  4.00 iters/s

running (05m48.9s), 040/100 VUs, 995 complete and 0 interrupted iterations
normal_day   [  58% ] 040/100 VUs  05m48.9s/10m0s  4.00 iters/s

running (05m49.9s), 038/100 VUs, 1001 complete and 0 interrupted iterations
normal_day   [  58% ] 038/100 VUs  05m49.9s/10m0s  4.00 iters/s

running (05m50.9s), 039/100 VUs, 1004 complete and 0 interrupted iterations
normal_day   [  58% ] 039/100 VUs  05m50.9s/10m0s  4.00 iters/s

running (05m51.9s), 041/100 VUs, 1006 complete and 0 interrupted iterations
normal_day   [  59% ] 041/100 VUs  05m51.9s/10m0s  4.00 iters/s

running (05m52.9s), 039/100 VUs, 1012 complete and 0 interrupted iterations
normal_day   [  59% ] 039/100 VUs  05m52.9s/10m0s  4.00 iters/s

running (05m53.9s), 037/100 VUs, 1018 complete and 0 interrupted iterations
normal_day   [  59% ] 037/100 VUs  05m53.9s/10m0s  4.00 iters/s

running (05m54.9s), 034/100 VUs, 1025 complete and 0 interrupted iterations
normal_day   [  59% ] 034/100 VUs  05m54.9s/10m0s  4.00 iters/s

running (05m55.9s), 036/100 VUs, 1027 complete and 0 interrupted iterations
normal_day   [  59% ] 036/100 VUs  05m55.9s/10m0s  4.00 iters/s

running (05m56.9s), 039/100 VUs, 1028 complete and 0 interrupted iterations
normal_day   [  59% ] 039/100 VUs  05m56.9s/10m0s  4.00 iters/s

running (05m57.9s), 036/100 VUs, 1035 complete and 0 interrupted iterations
normal_day   [  60% ] 036/100 VUs  05m57.9s/10m0s  4.00 iters/s

running (05m58.9s), 039/100 VUs, 1036 complete and 0 interrupted iterations
normal_day   [  60% ] 039/100 VUs  05m58.9s/10m0s  4.00 iters/s

running (05m59.9s), 037/100 VUs, 1042 complete and 0 interrupted iterations
normal_day   [  60% ] 037/100 VUs  05m59.9s/10m0s  4.00 iters/s

running (06m00.9s), 032/100 VUs, 1051 complete and 0 interrupted iterations
normal_day   [  60% ] 032/100 VUs  06m00.9s/10m0s  4.00 iters/s

running (06m01.9s), 034/100 VUs, 1053 complete and 0 interrupted iterations
normal_day   [  60% ] 034/100 VUs  06m01.9s/10m0s  4.00 iters/s

running (06m02.9s), 037/100 VUs, 1054 complete and 0 interrupted iterations
normal_day   [  60% ] 037/100 VUs  06m02.9s/10m0s  4.00 iters/s

running (06m03.9s), 039/100 VUs, 1056 complete and 0 interrupted iterations
normal_day   [  61% ] 039/100 VUs  06m03.9s/10m0s  4.00 iters/s

running (06m04.9s), 038/100 VUs, 1061 complete and 0 interrupted iterations
normal_day   [  61% ] 038/100 VUs  06m04.9s/10m0s  4.00 iters/s

running (06m05.9s), 038/100 VUs, 1065 complete and 0 interrupted iterations
normal_day   [  61% ] 038/100 VUs  06m05.9s/10m0s  4.00 iters/s

running (06m06.9s), 039/100 VUs, 1068 complete and 0 interrupted iterations
normal_day   [  61% ] 039/100 VUs  06m06.9s/10m0s  4.00 iters/s

running (06m07.9s), 042/100 VUs, 1069 complete and 0 interrupted iterations
normal_day   [  61% ] 042/100 VUs  06m07.9s/10m0s  4.00 iters/s

running (06m08.9s), 042/100 VUs, 1073 complete and 0 interrupted iterations
normal_day   [  61% ] 042/100 VUs  06m08.9s/10m0s  4.00 iters/s

running (06m09.9s), 043/100 VUs, 1076 complete and 0 interrupted iterations
normal_day   [  62% ] 043/100 VUs  06m09.9s/10m0s  4.00 iters/s

running (06m10.9s), 041/100 VUs, 1082 complete and 0 interrupted iterations
normal_day   [  62% ] 041/100 VUs  06m10.9s/10m0s  4.00 iters/s

running (06m11.9s), 038/100 VUs, 1089 complete and 0 interrupted iterations
normal_day   [  62% ] 038/100 VUs  06m11.9s/10m0s  4.00 iters/s

running (06m12.9s), 038/100 VUs, 1093 complete and 0 interrupted iterations
normal_day   [  62% ] 038/100 VUs  06m12.9s/10m0s  4.00 iters/s

running (06m13.9s), 039/100 VUs, 1096 complete and 0 interrupted iterations
normal_day   [  62% ] 039/100 VUs  06m13.9s/10m0s  4.00 iters/s

running (06m14.9s), 037/100 VUs, 1102 complete and 0 interrupted iterations
normal_day   [  62% ] 037/100 VUs  06m14.9s/10m0s  4.00 iters/s

running (06m15.9s), 041/100 VUs, 1102 complete and 0 interrupted iterations
normal_day   [  63% ] 041/100 VUs  06m15.9s/10m0s  4.00 iters/s

running (06m16.9s), 041/100 VUs, 1106 complete and 0 interrupted iterations
normal_day   [  63% ] 041/100 VUs  06m16.9s/10m0s  4.00 iters/s

running (06m17.9s), 041/100 VUs, 1110 complete and 0 interrupted iterations
normal_day   [  63% ] 041/100 VUs  06m17.9s/10m0s  4.00 iters/s

running (06m18.9s), 041/100 VUs, 1114 complete and 0 interrupted iterations
normal_day   [  63% ] 041/100 VUs  06m18.9s/10m0s  4.00 iters/s

running (06m19.9s), 039/100 VUs, 1120 complete and 0 interrupted iterations
normal_day   [  63% ] 039/100 VUs  06m19.9s/10m0s  4.00 iters/s

running (06m20.9s), 040/100 VUs, 1123 complete and 0 interrupted iterations
normal_day   [  63% ] 040/100 VUs  06m20.9s/10m0s  4.00 iters/s

running (06m21.9s), 036/100 VUs, 1131 complete and 0 interrupted iterations
normal_day   [  64% ] 036/100 VUs  06m21.9s/10m0s  4.00 iters/s

running (06m22.9s), 035/100 VUs, 1136 complete and 0 interrupted iterations
normal_day   [  64% ] 035/100 VUs  06m22.9s/10m0s  4.00 iters/s

running (06m23.9s), 035/100 VUs, 1140 complete and 0 interrupted iterations
normal_day   [  64% ] 035/100 VUs  06m23.9s/10m0s  4.00 iters/s

running (06m24.9s), 036/100 VUs, 1143 complete and 0 interrupted iterations
normal_day   [  64% ] 036/100 VUs  06m24.9s/10m0s  4.00 iters/s

running (06m25.9s), 036/100 VUs, 1147 complete and 0 interrupted iterations
normal_day   [  64% ] 036/100 VUs  06m25.9s/10m0s  4.00 iters/s

running (06m26.9s), 038/100 VUs, 1149 complete and 0 interrupted iterations
normal_day   [  64% ] 038/100 VUs  06m26.9s/10m0s  4.00 iters/s

running (06m27.9s), 038/100 VUs, 1153 complete and 0 interrupted iterations
normal_day   [  65% ] 038/100 VUs  06m27.9s/10m0s  4.00 iters/s

running (06m28.9s), 039/100 VUs, 1156 complete and 0 interrupted iterations
normal_day   [  65% ] 039/100 VUs  06m28.9s/10m0s  4.00 iters/s

running (06m29.9s), 036/100 VUs, 1163 complete and 0 interrupted iterations
normal_day   [  65% ] 036/100 VUs  06m29.9s/10m0s  4.00 iters/s

running (06m30.9s), 037/100 VUs, 1166 complete and 0 interrupted iterations
normal_day   [  65% ] 037/100 VUs  06m30.9s/10m0s  4.00 iters/s

running (06m31.9s), 039/100 VUs, 1168 complete and 0 interrupted iterations
normal_day   [  65% ] 039/100 VUs  06m31.9s/10m0s  4.00 iters/s

running (06m32.9s), 039/100 VUs, 1172 complete and 0 interrupted iterations
normal_day   [  65% ] 039/100 VUs  06m32.9s/10m0s  4.00 iters/s

running (06m33.9s), 040/100 VUs, 1175 complete and 0 interrupted iterations
normal_day   [  66% ] 040/100 VUs  06m33.9s/10m0s  4.00 iters/s

running (06m34.9s), 039/100 VUs, 1180 complete and 0 interrupted iterations
normal_day   [  66% ] 039/100 VUs  06m34.9s/10m0s  4.00 iters/s

running (06m35.9s), 039/100 VUs, 1184 complete and 0 interrupted iterations
normal_day   [  66% ] 039/100 VUs  06m35.9s/10m0s  4.00 iters/s

running (06m36.9s), 041/100 VUs, 1186 complete and 0 interrupted iterations
normal_day   [  66% ] 041/100 VUs  06m36.9s/10m0s  4.00 iters/s

running (06m37.9s), 041/100 VUs, 1190 complete and 0 interrupted iterations
normal_day   [  66% ] 041/100 VUs  06m37.9s/10m0s  4.00 iters/s

running (06m38.9s), 041/100 VUs, 1194 complete and 0 interrupted iterations
normal_day   [  66% ] 041/100 VUs  06m38.9s/10m0s  4.00 iters/s

running (06m39.9s), 042/100 VUs, 1197 complete and 0 interrupted iterations
normal_day   [  67% ] 042/100 VUs  06m39.9s/10m0s  4.00 iters/s

running (06m40.9s), 042/100 VUs, 1201 complete and 0 interrupted iterations
normal_day   [  67% ] 042/100 VUs  06m40.9s/10m0s  4.00 iters/s

running (06m41.9s), 043/100 VUs, 1204 complete and 0 interrupted iterations
normal_day   [  67% ] 043/100 VUs  06m41.9s/10m0s  4.00 iters/s

running (06m42.9s), 039/100 VUs, 1212 complete and 0 interrupted iterations
normal_day   [  67% ] 039/100 VUs  06m42.9s/10m0s  4.00 iters/s

running (06m43.9s), 041/100 VUs, 1214 complete and 0 interrupted iterations
normal_day   [  67% ] 041/100 VUs  06m43.9s/10m0s  4.00 iters/s

running (06m44.9s), 040/100 VUs, 1219 complete and 0 interrupted iterations
normal_day   [  67% ] 040/100 VUs  06m44.9s/10m0s  4.00 iters/s

running (06m45.9s), 039/100 VUs, 1224 complete and 0 interrupted iterations
normal_day   [  68% ] 039/100 VUs  06m45.9s/10m0s  4.00 iters/s

running (06m46.9s), 038/100 VUs, 1229 complete and 0 interrupted iterations
normal_day   [  68% ] 038/100 VUs  06m46.9s/10m0s  4.00 iters/s

running (06m47.9s), 038/100 VUs, 1233 complete and 0 interrupted iterations
normal_day   [  68% ] 038/100 VUs  06m47.9s/10m0s  4.00 iters/s

running (06m48.9s), 036/100 VUs, 1239 complete and 0 interrupted iterations
normal_day   [  68% ] 036/100 VUs  06m48.9s/10m0s  4.00 iters/s

running (06m49.9s), 035/100 VUs, 1244 complete and 0 interrupted iterations
normal_day   [  68% ] 035/100 VUs  06m49.9s/10m0s  4.00 iters/s

running (06m50.9s), 031/100 VUs, 1252 complete and 0 interrupted iterations
normal_day   [  68% ] 031/100 VUs  06m50.9s/10m0s  4.00 iters/s

running (06m51.9s), 034/100 VUs, 1253 complete and 0 interrupted iterations
normal_day   [  69% ] 034/100 VUs  06m51.9s/10m0s  4.00 iters/s

running (06m52.9s), 037/100 VUs, 1254 complete and 0 interrupted iterations
normal_day   [  69% ] 037/100 VUs  06m52.9s/10m0s  4.00 iters/s

running (06m53.9s), 039/100 VUs, 1256 complete and 0 interrupted iterations
normal_day   [  69% ] 039/100 VUs  06m53.9s/10m0s  4.00 iters/s

running (06m54.9s), 040/100 VUs, 1259 complete and 0 interrupted iterations
normal_day   [  69% ] 040/100 VUs  06m54.9s/10m0s  4.00 iters/s

running (06m55.9s), 041/100 VUs, 1262 complete and 0 interrupted iterations
normal_day   [  69% ] 041/100 VUs  06m55.9s/10m0s  4.00 iters/s

running (06m56.9s), 041/100 VUs, 1266 complete and 0 interrupted iterations
normal_day   [  69% ] 041/100 VUs  06m56.9s/10m0s  4.00 iters/s

running (06m57.9s), 039/100 VUs, 1272 complete and 0 interrupted iterations
normal_day   [  70% ] 039/100 VUs  06m57.9s/10m0s  4.00 iters/s

running (06m58.9s), 038/100 VUs, 1277 complete and 0 interrupted iterations
normal_day   [  70% ] 038/100 VUs  06m58.9s/10m0s  4.00 iters/s

running (06m59.9s), 039/100 VUs, 1280 complete and 0 interrupted iterations
normal_day   [  70% ] 039/100 VUs  06m59.9s/10m0s  4.00 iters/s

running (07m00.9s), 039/100 VUs, 1284 complete and 0 interrupted iterations
normal_day   [  70% ] 039/100 VUs  07m00.9s/10m0s  4.00 iters/s

running (07m01.9s), 037/100 VUs, 1290 complete and 0 interrupted iterations
normal_day   [  70% ] 037/100 VUs  07m01.9s/10m0s  4.00 iters/s

running (07m02.9s), 034/100 VUs, 1297 complete and 0 interrupted iterations
normal_day   [  70% ] 034/100 VUs  07m02.9s/10m0s  4.00 iters/s

running (07m03.9s), 034/100 VUs, 1301 complete and 0 interrupted iterations
normal_day   [  71% ] 034/100 VUs  07m03.9s/10m0s  4.00 iters/s

running (07m04.9s), 034/100 VUs, 1305 complete and 0 interrupted iterations
normal_day   [  71% ] 034/100 VUs  07m04.9s/10m0s  4.00 iters/s

running (07m05.9s), 034/100 VUs, 1309 complete and 0 interrupted iterations
normal_day   [  71% ] 034/100 VUs  07m05.9s/10m0s  4.00 iters/s

running (07m06.9s), 036/100 VUs, 1311 complete and 0 interrupted iterations
normal_day   [  71% ] 036/100 VUs  07m06.9s/10m0s  4.00 iters/s

running (07m07.9s), 037/100 VUs, 1314 complete and 0 interrupted iterations
normal_day   [  71% ] 037/100 VUs  07m07.9s/10m0s  4.00 iters/s

running (07m08.9s), 035/100 VUs, 1320 complete and 0 interrupted iterations
normal_day   [  71% ] 035/100 VUs  07m08.9s/10m0s  4.00 iters/s

running (07m09.9s), 035/100 VUs, 1324 complete and 0 interrupted iterations
normal_day   [  72% ] 035/100 VUs  07m09.9s/10m0s  4.00 iters/s

running (07m10.9s), 031/100 VUs, 1332 complete and 0 interrupted iterations
normal_day   [  72% ] 031/100 VUs  07m10.9s/10m0s  4.00 iters/s

running (07m11.9s), 033/100 VUs, 1334 complete and 0 interrupted iterations
normal_day   [  72% ] 033/100 VUs  07m11.9s/10m0s  4.00 iters/s

running (07m12.9s), 034/100 VUs, 1337 complete and 0 interrupted iterations
normal_day   [  72% ] 034/100 VUs  07m12.9s/10m0s  4.00 iters/s

running (07m13.9s), 033/100 VUs, 1342 complete and 0 interrupted iterations
normal_day   [  72% ] 033/100 VUs  07m13.9s/10m0s  4.00 iters/s

running (07m14.9s), 033/100 VUs, 1346 complete and 0 interrupted iterations
normal_day   [  72% ] 033/100 VUs  07m14.9s/10m0s  4.00 iters/s

running (07m15.9s), 032/100 VUs, 1351 complete and 0 interrupted iterations
normal_day   [  73% ] 032/100 VUs  07m15.9s/10m0s  4.00 iters/s

running (07m16.9s), 034/100 VUs, 1353 complete and 0 interrupted iterations
normal_day   [  73% ] 034/100 VUs  07m16.9s/10m0s  4.00 iters/s

running (07m17.9s), 034/100 VUs, 1357 complete and 0 interrupted iterations
normal_day   [  73% ] 034/100 VUs  07m17.9s/10m0s  4.00 iters/s

running (07m18.9s), 035/100 VUs, 1360 complete and 0 interrupted iterations
normal_day   [  73% ] 035/100 VUs  07m18.9s/10m0s  4.00 iters/s

running (07m19.9s), 035/100 VUs, 1364 complete and 0 interrupted iterations
normal_day   [  73% ] 035/100 VUs  07m19.9s/10m0s  4.00 iters/s

running (07m20.9s), 038/100 VUs, 1365 complete and 0 interrupted iterations
normal_day   [  73% ] 038/100 VUs  07m20.9s/10m0s  4.00 iters/s

running (07m21.9s), 042/100 VUs, 1365 complete and 0 interrupted iterations
normal_day   [  74% ] 042/100 VUs  07m21.9s/10m0s  4.00 iters/s

running (07m22.9s), 045/100 VUs, 1366 complete and 0 interrupted iterations
normal_day   [  74% ] 045/100 VUs  07m22.9s/10m0s  4.00 iters/s

running (07m23.9s), 045/100 VUs, 1370 complete and 0 interrupted iterations
normal_day   [  74% ] 045/100 VUs  07m23.9s/10m0s  4.00 iters/s

running (07m24.9s), 045/100 VUs, 1374 complete and 0 interrupted iterations
normal_day   [  74% ] 045/100 VUs  07m24.9s/10m0s  4.00 iters/s

running (07m25.9s), 044/100 VUs, 1379 complete and 0 interrupted iterations
normal_day   [  74% ] 044/100 VUs  07m25.9s/10m0s  4.00 iters/s

running (07m26.9s), 041/100 VUs, 1386 complete and 0 interrupted iterations
normal_day   [  74% ] 041/100 VUs  07m26.9s/10m0s  4.00 iters/s

running (07m27.9s), 043/100 VUs, 1388 complete and 0 interrupted iterations
normal_day   [  75% ] 043/100 VUs  07m27.9s/10m0s  4.00 iters/s

running (07m28.9s), 046/100 VUs, 1389 complete and 0 interrupted iterations
normal_day   [  75% ] 046/100 VUs  07m28.9s/10m0s  4.00 iters/s

running (07m29.9s), 047/100 VUs, 1392 complete and 0 interrupted iterations
normal_day   [  75% ] 047/100 VUs  07m29.9s/10m0s  4.00 iters/s

running (07m30.9s), 046/100 VUs, 1397 complete and 0 interrupted iterations
normal_day   [  75% ] 046/100 VUs  07m30.9s/10m0s  4.00 iters/s

running (07m31.9s), 043/100 VUs, 1404 complete and 0 interrupted iterations
normal_day   [  75% ] 043/100 VUs  07m31.9s/10m0s  4.00 iters/s

running (07m32.9s), 043/100 VUs, 1408 complete and 0 interrupted iterations
normal_day   [  75% ] 043/100 VUs  07m32.9s/10m0s  4.00 iters/s

running (07m33.9s), 041/100 VUs, 1414 complete and 0 interrupted iterations
normal_day   [  76% ] 041/100 VUs  07m33.9s/10m0s  4.00 iters/s

running (07m34.9s), 042/100 VUs, 1417 complete and 0 interrupted iterations
normal_day   [  76% ] 042/100 VUs  07m34.9s/10m0s  4.00 iters/s

running (07m35.9s), 042/100 VUs, 1421 complete and 0 interrupted iterations
normal_day   [  76% ] 042/100 VUs  07m35.9s/10m0s  4.00 iters/s

running (07m36.9s), 044/100 VUs, 1423 complete and 0 interrupted iterations
normal_day   [  76% ] 044/100 VUs  07m36.9s/10m0s  4.00 iters/s

running (07m37.9s), 045/100 VUs, 1426 complete and 0 interrupted iterations
normal_day   [  76% ] 045/100 VUs  07m37.9s/10m0s  4.00 iters/s

running (07m38.9s), 043/100 VUs, 1432 complete and 0 interrupted iterations
normal_day   [  76% ] 043/100 VUs  07m38.9s/10m0s  4.00 iters/s

running (07m39.9s), 044/100 VUs, 1435 complete and 0 interrupted iterations
normal_day   [  77% ] 044/100 VUs  07m39.9s/10m0s  4.00 iters/s

running (07m40.9s), 045/100 VUs, 1438 complete and 0 interrupted iterations
normal_day   [  77% ] 045/100 VUs  07m40.9s/10m0s  4.00 iters/s

running (07m41.9s), 045/100 VUs, 1442 complete and 0 interrupted iterations
normal_day   [  77% ] 045/100 VUs  07m41.9s/10m0s  4.00 iters/s

running (07m42.9s), 047/100 VUs, 1444 complete and 0 interrupted iterations
normal_day   [  77% ] 047/100 VUs  07m42.9s/10m0s  4.00 iters/s

running (07m43.9s), 044/100 VUs, 1451 complete and 0 interrupted iterations
normal_day   [  77% ] 044/100 VUs  07m43.9s/10m0s  4.00 iters/s

running (07m44.9s), 045/100 VUs, 1454 complete and 0 interrupted iterations
normal_day   [  77% ] 045/100 VUs  07m44.9s/10m0s  4.00 iters/s

running (07m45.9s), 043/100 VUs, 1460 complete and 0 interrupted iterations
normal_day   [  78% ] 043/100 VUs  07m45.9s/10m0s  4.00 iters/s

running (07m46.9s), 040/100 VUs, 1467 complete and 0 interrupted iterations
normal_day   [  78% ] 040/100 VUs  07m46.9s/10m0s  4.00 iters/s

running (07m47.9s), 039/100 VUs, 1472 complete and 0 interrupted iterations
normal_day   [  78% ] 039/100 VUs  07m47.9s/10m0s  4.00 iters/s

running (07m48.9s), 042/100 VUs, 1473 complete and 0 interrupted iterations
normal_day   [  78% ] 042/100 VUs  07m48.9s/10m0s  4.00 iters/s

running (07m49.9s), 042/100 VUs, 1477 complete and 0 interrupted iterations
normal_day   [  78% ] 042/100 VUs  07m49.9s/10m0s  4.00 iters/s

running (07m50.8s), 040/100 VUs, 1483 complete and 0 interrupted iterations
normal_day   [  78% ] 040/100 VUs  07m50.9s/10m0s  4.00 iters/s

running (07m51.9s), 040/100 VUs, 1487 complete and 0 interrupted iterations
normal_day   [  79% ] 040/100 VUs  07m51.9s/10m0s  4.00 iters/s

running (07m52.8s), 038/100 VUs, 1493 complete and 0 interrupted iterations
normal_day   [  79% ] 038/100 VUs  07m52.9s/10m0s  4.00 iters/s

running (07m53.9s), 038/100 VUs, 1497 complete and 0 interrupted iterations
normal_day   [  79% ] 038/100 VUs  07m53.9s/10m0s  4.00 iters/s

running (07m54.9s), 039/100 VUs, 1500 complete and 0 interrupted iterations
normal_day   [  79% ] 039/100 VUs  07m54.9s/10m0s  4.00 iters/s

running (07m55.9s), 036/100 VUs, 1507 complete and 0 interrupted iterations
normal_day   [  79% ] 036/100 VUs  07m55.9s/10m0s  4.00 iters/s

running (07m56.9s), 035/100 VUs, 1512 complete and 0 interrupted iterations
normal_day   [  79% ] 035/100 VUs  07m56.9s/10m0s  4.00 iters/s

running (07m57.9s), 037/100 VUs, 1514 complete and 0 interrupted iterations
normal_day   [  80% ] 037/100 VUs  07m57.9s/10m0s  4.00 iters/s

running (07m58.9s), 037/100 VUs, 1518 complete and 0 interrupted iterations
normal_day   [  80% ] 037/100 VUs  07m58.9s/10m0s  4.00 iters/s

running (07m59.9s), 039/100 VUs, 1520 complete and 0 interrupted iterations
normal_day   [  80% ] 039/100 VUs  07m59.9s/10m0s  4.00 iters/s

running (08m00.9s), 039/100 VUs, 1524 complete and 0 interrupted iterations
normal_day   [  80% ] 039/100 VUs  08m00.9s/10m0s  3.97 iters/s

running (08m01.8s), 039/100 VUs, 1528 complete and 0 interrupted iterations
normal_day   [  80% ] 039/100 VUs  08m01.9s/10m0s  3.94 iters/s

running (08m02.8s), 039/100 VUs, 1532 complete and 0 interrupted iterations
normal_day   [  80% ] 039/100 VUs  08m02.9s/10m0s  3.90 iters/s

running (08m03.9s), 043/100 VUs, 1532 complete and 0 interrupted iterations
normal_day   [  81% ] 043/100 VUs  08m03.9s/10m0s  3.87 iters/s

running (08m04.8s), 042/100 VUs, 1537 complete and 0 interrupted iterations
normal_day   [  81% ] 042/100 VUs  08m04.9s/10m0s  3.83 iters/s

running (08m05.8s), 040/100 VUs, 1542 complete and 0 interrupted iterations
normal_day   [  81% ] 040/100 VUs  08m05.9s/10m0s  3.81 iters/s

running (08m06.9s), 040/100 VUs, 1546 complete and 0 interrupted iterations
normal_day   [  81% ] 040/100 VUs  08m06.9s/10m0s  3.77 iters/s

running (08m07.9s), 039/100 VUs, 1551 complete and 0 interrupted iterations
normal_day   [  81% ] 039/100 VUs  08m07.9s/10m0s  3.74 iters/s

running (08m08.9s), 041/100 VUs, 1553 complete and 0 interrupted iterations
normal_day   [  81% ] 041/100 VUs  08m08.9s/10m0s  3.70 iters/s

running (08m09.9s), 038/100 VUs, 1559 complete and 0 interrupted iterations
normal_day   [  82% ] 038/100 VUs  08m09.9s/10m0s  3.67 iters/s

running (08m10.9s), 037/100 VUs, 1564 complete and 0 interrupted iterations
normal_day   [  82% ] 037/100 VUs  08m10.9s/10m0s  3.64 iters/s

running (08m11.9s), 034/100 VUs, 1571 complete and 0 interrupted iterations
normal_day   [  82% ] 034/100 VUs  08m11.9s/10m0s  3.60 iters/s

running (08m12.9s), 031/100 VUs, 1577 complete and 0 interrupted iterations
normal_day   [  82% ] 031/100 VUs  08m12.9s/10m0s  3.57 iters/s

running (08m13.9s), 032/100 VUs, 1580 complete and 0 interrupted iterations
normal_day   [  82% ] 032/100 VUs  08m13.9s/10m0s  3.54 iters/s

running (08m14.9s), 032/100 VUs, 1583 complete and 0 interrupted iterations
normal_day   [  82% ] 032/100 VUs  08m14.9s/10m0s  3.51 iters/s

running (08m15.9s), 031/100 VUs, 1588 complete and 0 interrupted iterations
normal_day   [  83% ] 031/100 VUs  08m15.9s/10m0s  3.47 iters/s

running (08m16.9s), 031/100 VUs, 1591 complete and 0 interrupted iterations
normal_day   [  83% ] 031/100 VUs  08m16.9s/10m0s  3.44 iters/s

running (08m17.9s), 033/100 VUs, 1593 complete and 0 interrupted iterations
normal_day   [  83% ] 033/100 VUs  08m17.9s/10m0s  3.40 iters/s

running (08m18.9s), 033/100 VUs, 1596 complete and 0 interrupted iterations
normal_day   [  83% ] 033/100 VUs  08m18.9s/10m0s  3.37 iters/s

running (08m19.9s), 031/100 VUs, 1601 complete and 0 interrupted iterations
normal_day   [  83% ] 031/100 VUs  08m19.9s/10m0s  3.34 iters/s

running (08m20.8s), 027/100 VUs, 1609 complete and 0 interrupted iterations
normal_day   [  83% ] 027/100 VUs  08m20.9s/10m0s  3.30 iters/s

running (08m21.8s), 029/100 VUs, 1610 complete and 0 interrupted iterations
normal_day   [  84% ] 029/100 VUs  08m21.9s/10m0s  3.27 iters/s

running (08m22.8s), 030/100 VUs, 1612 complete and 0 interrupted iterations
normal_day   [  84% ] 030/100 VUs  08m22.9s/10m0s  3.24 iters/s

running (08m23.8s), 031/100 VUs, 1615 complete and 0 interrupted iterations
normal_day   [  84% ] 031/100 VUs  08m23.9s/10m0s  3.20 iters/s

running (08m24.8s), 029/100 VUs, 1620 complete and 0 interrupted iterations
normal_day   [  84% ] 029/100 VUs  08m24.9s/10m0s  3.17 iters/s

running (08m25.8s), 030/100 VUs, 1622 complete and 0 interrupted iterations
normal_day   [  84% ] 030/100 VUs  08m25.9s/10m0s  3.14 iters/s

running (08m26.8s), 031/100 VUs, 1624 complete and 0 interrupted iterations
normal_day   [  84% ] 031/100 VUs  08m26.9s/10m0s  3.10 iters/s

running (08m27.8s), 028/100 VUs, 1630 complete and 0 interrupted iterations
normal_day   [  85% ] 028/100 VUs  08m27.9s/10m0s  3.07 iters/s

running (08m28.8s), 025/100 VUs, 1636 complete and 0 interrupted iterations
normal_day   [  85% ] 025/100 VUs  08m28.9s/10m0s  3.04 iters/s

running (08m29.8s), 027/100 VUs, 1637 complete and 0 interrupted iterations
normal_day   [  85% ] 027/100 VUs  08m29.9s/10m0s  3.01 iters/s

running (08m30.8s), 028/100 VUs, 1639 complete and 0 interrupted iterations
normal_day   [  85% ] 028/100 VUs  08m30.9s/10m0s  2.97 iters/s

running (08m31.8s), 030/100 VUs, 1640 complete and 0 interrupted iterations
normal_day   [  85% ] 030/100 VUs  08m31.9s/10m0s  2.94 iters/s

running (08m32.8s), 031/100 VUs, 1642 complete and 0 interrupted iterations
normal_day   [  85% ] 031/100 VUs  08m32.9s/10m0s  2.90 iters/s

running (08m33.8s), 029/100 VUs, 1647 complete and 0 interrupted iterations
normal_day   [  86% ] 029/100 VUs  08m33.9s/10m0s  2.87 iters/s

running (08m34.8s), 027/100 VUs, 1652 complete and 0 interrupted iterations
normal_day   [  86% ] 027/100 VUs  08m34.9s/10m0s  2.83 iters/s

running (08m35.8s), 027/100 VUs, 1655 complete and 0 interrupted iterations
normal_day   [  86% ] 027/100 VUs  08m35.9s/10m0s  2.80 iters/s

running (08m36.8s), 026/100 VUs, 1658 complete and 0 interrupted iterations
normal_day   [  86% ] 026/100 VUs  08m36.9s/10m0s  2.77 iters/s

running (08m37.8s), 027/100 VUs, 1660 complete and 0 interrupted iterations
normal_day   [  86% ] 027/100 VUs  08m37.9s/10m0s  2.74 iters/s

running (08m38.8s), 027/100 VUs, 1663 complete and 0 interrupted iterations
normal_day   [  86% ] 027/100 VUs  08m38.9s/10m0s  2.70 iters/s

running (08m39.8s), 029/100 VUs, 1663 complete and 0 interrupted iterations
normal_day   [  87% ] 029/100 VUs  08m39.9s/10m0s  2.68 iters/s

running (08m40.8s), 032/100 VUs, 1663 complete and 0 interrupted iterations
normal_day   [  87% ] 032/100 VUs  08m40.9s/10m0s  2.64 iters/s

running (08m41.8s), 033/100 VUs, 1665 complete and 0 interrupted iterations
normal_day   [  87% ] 033/100 VUs  08m41.9s/10m0s  2.60 iters/s

running (08m42.8s), 032/100 VUs, 1668 complete and 0 interrupted iterations
normal_day   [  87% ] 032/100 VUs  08m42.9s/10m0s  2.58 iters/s

running (08m43.8s), 032/100 VUs, 1671 complete and 0 interrupted iterations
normal_day   [  87% ] 032/100 VUs  08m43.9s/10m0s  2.54 iters/s

running (08m44.8s), 032/100 VUs, 1673 complete and 0 interrupted iterations
normal_day   [  87% ] 032/100 VUs  08m44.9s/10m0s  2.51 iters/s

running (08m45.8s), 032/100 VUs, 1676 complete and 0 interrupted iterations
normal_day   [  88% ] 032/100 VUs  08m45.9s/10m0s  2.47 iters/s

running (08m46.8s), 031/100 VUs, 1679 complete and 0 interrupted iterations
normal_day   [  88% ] 031/100 VUs  08m46.9s/10m0s  2.44 iters/s

running (08m47.8s), 028/100 VUs, 1685 complete and 0 interrupted iterations
normal_day   [  88% ] 028/100 VUs  08m47.9s/10m0s  2.40 iters/s

running (08m48.8s), 025/100 VUs, 1690 complete and 0 interrupted iterations
normal_day   [  88% ] 025/100 VUs  08m48.9s/10m0s  2.37 iters/s

running (08m49.8s), 026/100 VUs, 1692 complete and 0 interrupted iterations
normal_day   [  88% ] 026/100 VUs  08m49.9s/10m0s  2.33 iters/s

running (08m50.8s), 024/100 VUs, 1696 complete and 0 interrupted iterations
normal_day   [  88% ] 024/100 VUs  08m50.9s/10m0s  2.30 iters/s

running (08m51.8s), 025/100 VUs, 1697 complete and 0 interrupted iterations
normal_day   [  89% ] 025/100 VUs  08m51.9s/10m0s  2.27 iters/s

running (08m52.8s), 024/100 VUs, 1700 complete and 0 interrupted iterations
normal_day   [  89% ] 024/100 VUs  08m52.9s/10m0s  2.24 iters/s

running (08m53.8s), 023/100 VUs, 1704 complete and 0 interrupted iterations
normal_day   [  89% ] 023/100 VUs  08m53.9s/10m0s  2.20 iters/s

running (08m54.8s), 023/100 VUs, 1706 complete and 0 interrupted iterations
normal_day   [  89% ] 023/100 VUs  08m54.9s/10m0s  2.17 iters/s

running (08m55.8s), 025/100 VUs, 1706 complete and 0 interrupted iterations
normal_day   [  89% ] 025/100 VUs  08m55.9s/10m0s  2.14 iters/s

running (08m56.8s), 025/100 VUs, 1708 complete and 0 interrupted iterations
normal_day   [  89% ] 025/100 VUs  08m56.9s/10m0s  2.11 iters/s

running (08m57.8s), 026/100 VUs, 1709 complete and 0 interrupted iterations
normal_day   [  90% ] 026/100 VUs  08m57.9s/10m0s  2.07 iters/s

running (08m58.8s), 026/100 VUs, 1711 complete and 0 interrupted iterations
normal_day   [  90% ] 026/100 VUs  08m58.9s/10m0s  2.04 iters/s

running (08m59.8s), 027/100 VUs, 1712 complete and 0 interrupted iterations
normal_day   [  90% ] 027/100 VUs  08m59.9s/10m0s  2.01 iters/s

running (09m00.8s), 025/100 VUs, 1716 complete and 0 interrupted iterations
normal_day   [  90% ] 025/100 VUs  09m00.9s/10m0s  1.97 iters/s

running (09m01.8s), 024/100 VUs, 1719 complete and 0 interrupted iterations
normal_day   [  90% ] 024/100 VUs  09m01.9s/10m0s  1.94 iters/s

running (09m02.8s), 025/100 VUs, 1720 complete and 0 interrupted iterations
normal_day   [  90% ] 025/100 VUs  09m02.9s/10m0s  1.91 iters/s

running (09m03.8s), 025/100 VUs, 1722 complete and 0 interrupted iterations
normal_day   [  91% ] 025/100 VUs  09m03.9s/10m0s  1.87 iters/s

running (09m04.8s), 024/100 VUs, 1725 complete and 0 interrupted iterations
normal_day   [  91% ] 024/100 VUs  09m04.9s/10m0s  1.83 iters/s

running (09m05.8s), 024/100 VUs, 1727 complete and 0 interrupted iterations
normal_day   [  91% ] 024/100 VUs  09m05.9s/10m0s  1.80 iters/s

running (09m06.8s), 023/100 VUs, 1729 complete and 0 interrupted iterations
normal_day   [  91% ] 023/100 VUs  09m06.9s/10m0s  1.78 iters/s

running (09m07.8s), 022/100 VUs, 1732 complete and 0 interrupted iterations
normal_day   [  91% ] 022/100 VUs  09m07.9s/10m0s  1.74 iters/s

running (09m08.8s), 020/100 VUs, 1736 complete and 0 interrupted iterations
normal_day   [  91% ] 020/100 VUs  09m08.9s/10m0s  1.70 iters/s

running (09m09.8s), 020/100 VUs, 1738 complete and 0 interrupted iterations
normal_day   [  92% ] 020/100 VUs  09m09.9s/10m0s  1.66 iters/s

running (09m10.8s), 018/100 VUs, 1741 complete and 0 interrupted iterations
normal_day   [  92% ] 018/100 VUs  09m10.9s/10m0s  1.64 iters/s

running (09m11.8s), 020/100 VUs, 1741 complete and 0 interrupted iterations
normal_day   [  92% ] 020/100 VUs  09m11.9s/10m0s  1.60 iters/s

running (09m12.8s), 018/100 VUs, 1744 complete and 0 interrupted iterations
normal_day   [  92% ] 018/100 VUs  09m12.9s/10m0s  1.58 iters/s

running (09m13.8s), 017/100 VUs, 1747 complete and 0 interrupted iterations
normal_day   [  92% ] 017/100 VUs  09m13.9s/10m0s  1.54 iters/s

running (09m14.8s), 017/100 VUs, 1749 complete and 0 interrupted iterations
normal_day   [  92% ] 017/100 VUs  09m14.9s/10m0s  1.49 iters/s

running (09m15.8s), 017/100 VUs, 1750 complete and 0 interrupted iterations
normal_day   [  93% ] 017/100 VUs  09m15.9s/10m0s  1.47 iters/s

running (09m16.8s), 019/100 VUs, 1750 complete and 0 interrupted iterations
normal_day   [  93% ] 019/100 VUs  09m16.9s/10m0s  1.43 iters/s

running (09m17.8s), 015/100 VUs, 1755 complete and 0 interrupted iterations
normal_day   [  93% ] 015/100 VUs  09m17.9s/10m0s  1.40 iters/s

running (09m18.8s), 014/100 VUs, 1757 complete and 0 interrupted iterations
normal_day   [  93% ] 014/100 VUs  09m18.9s/10m0s  1.38 iters/s

running (09m19.8s), 014/100 VUs, 1759 complete and 0 interrupted iterations
normal_day   [  93% ] 014/100 VUs  09m19.9s/10m0s  1.33 iters/s

running (09m20.8s), 013/100 VUs, 1761 complete and 0 interrupted iterations
normal_day   [  93% ] 013/100 VUs  09m20.9s/10m0s  1.30 iters/s

running (09m21.8s), 013/100 VUs, 1762 complete and 0 interrupted iterations
normal_day   [  94% ] 013/100 VUs  09m21.9s/10m0s  1.28 iters/s

running (09m22.8s), 015/100 VUs, 1762 complete and 0 interrupted iterations
normal_day   [  94% ] 015/100 VUs  09m22.9s/10m0s  1.22 iters/s

running (09m23.8s), 013/100 VUs, 1765 complete and 0 interrupted iterations
normal_day   [  94% ] 013/100 VUs  09m23.9s/10m0s  1.20 iters/s

running (09m24.8s), 012/100 VUs, 1767 complete and 0 interrupted iterations
normal_day   [  94% ] 012/100 VUs  09m24.9s/10m0s  1.17 iters/s

running (09m25.8s), 013/100 VUs, 1767 complete and 0 interrupted iterations
normal_day   [  94% ] 013/100 VUs  09m25.9s/10m0s  1.14 iters/s

running (09m26.8s), 013/100 VUs, 1768 complete and 0 interrupted iterations
normal_day   [  94% ] 013/100 VUs  09m26.9s/10m0s  1.11 iters/s

running (09m27.8s), 014/100 VUs, 1768 complete and 0 interrupted iterations
normal_day   [  95% ] 014/100 VUs  09m27.9s/10m0s  1.08 iters/s

running (09m28.8s), 014/100 VUs, 1769 complete and 0 interrupted iterations
normal_day   [  95% ] 014/100 VUs  09m28.9s/10m0s  1.05 iters/s

running (09m29.8s), 015/100 VUs, 1769 complete and 0 interrupted iterations
normal_day   [  95% ] 015/100 VUs  09m29.9s/10m0s  1.02 iters/s

running (09m30.8s), 016/100 VUs, 1769 complete and 0 interrupted iterations
normal_day   [  95% ] 016/100 VUs  09m30.9s/10m0s  0.98 iters/s

running (09m31.8s), 015/100 VUs, 1771 complete and 0 interrupted iterations
normal_day   [  95% ] 015/100 VUs  09m31.9s/10m0s  0.95 iters/s

running (09m32.8s), 016/100 VUs, 1771 complete and 0 interrupted iterations
normal_day   [  95% ] 016/100 VUs  09m32.9s/10m0s  0.91 iters/s

running (09m33.8s), 015/100 VUs, 1773 complete and 0 interrupted iterations
normal_day   [  96% ] 015/100 VUs  09m33.9s/10m0s  0.88 iters/s

running (09m34.8s), 014/100 VUs, 1775 complete and 0 interrupted iterations
normal_day   [  96% ] 014/100 VUs  09m34.9s/10m0s  0.84 iters/s

running (09m35.8s), 014/100 VUs, 1776 complete and 0 interrupted iterations
normal_day   [  96% ] 014/100 VUs  09m35.9s/10m0s  0.80 iters/s

running (09m36.8s), 012/100 VUs, 1779 complete and 0 interrupted iterations
normal_day   [  96% ] 012/100 VUs  09m36.9s/10m0s  0.75 iters/s

running (09m37.8s), 010/100 VUs, 1781 complete and 0 interrupted iterations
normal_day   [  96% ] 010/100 VUs  09m37.9s/10m0s  0.75 iters/s

running (09m38.8s), 011/100 VUs, 1781 complete and 0 interrupted iterations
normal_day   [  96% ] 011/100 VUs  09m38.9s/10m0s  0.71 iters/s

running (09m39.8s), 010/100 VUs, 1783 complete and 0 interrupted iterations
normal_day   [  97% ] 010/100 VUs  09m39.9s/10m0s  0.66 iters/s

running (09m40.8s), 010/100 VUs, 1783 complete and 0 interrupted iterations
normal_day   [  97% ] 010/100 VUs  09m40.9s/10m0s  0.66 iters/s

running (09m41.8s), 011/100 VUs, 1783 complete and 0 interrupted iterations
normal_day   [  97% ] 011/100 VUs  09m41.9s/10m0s  0.60 iters/s

running (09m42.8s), 011/100 VUs, 1784 complete and 0 interrupted iterations
normal_day   [  97% ] 011/100 VUs  09m42.9s/10m0s  0.55 iters/s

running (09m43.8s), 010/100 VUs, 1785 complete and 0 interrupted iterations
normal_day   [  97% ] 010/100 VUs  09m43.9s/10m0s  0.55 iters/s

running (09m44.8s), 010/100 VUs, 1786 complete and 0 interrupted iterations
normal_day   [  97% ] 010/100 VUs  09m44.9s/10m0s  0.48 iters/s

running (09m45.8s), 010/100 VUs, 1786 complete and 0 interrupted iterations
normal_day   [  98% ] 010/100 VUs  09m45.9s/10m0s  0.48 iters/s

running (09m46.8s), 008/100 VUs, 1789 complete and 0 interrupted iterations
normal_day   [  98% ] 008/100 VUs  09m46.9s/10m0s  0.41 iters/s

running (09m47.8s), 007/100 VUs, 1790 complete and 0 interrupted iterations
normal_day   [  98% ] 007/100 VUs  09m47.9s/10m0s  0.41 iters/s

running (09m48.8s), 007/100 VUs, 1790 complete and 0 interrupted iterations
normal_day   [  98% ] 007/100 VUs  09m48.9s/10m0s  0.41 iters/s

running (09m49.8s), 008/100 VUs, 1790 complete and 0 interrupted iterations
normal_day   [  98% ] 008/100 VUs  09m49.9s/10m0s  0.31 iters/s

running (09m50.8s), 007/100 VUs, 1791 complete and 0 interrupted iterations
normal_day   [  98% ] 007/100 VUs  09m50.9s/10m0s  0.31 iters/s

running (09m51.8s), 007/100 VUs, 1791 complete and 0 interrupted iterations
normal_day   [  99% ] 007/100 VUs  09m51.9s/10m0s  0.31 iters/s

running (09m52.8s), 005/100 VUs, 1794 complete and 0 interrupted iterations
normal_day   [  99% ] 005/100 VUs  09m52.9s/10m0s  0.13 iters/s

running (09m53.8s), 004/100 VUs, 1795 complete and 0 interrupted iterations
normal_day   [  99% ] 004/100 VUs  09m53.9s/10m0s  0.13 iters/s

running (09m54.8s), 004/100 VUs, 1795 complete and 0 interrupted iterations
normal_day   [  99% ] 004/100 VUs  09m54.9s/10m0s  0.13 iters/s

running (09m55.8s), 004/100 VUs, 1795 complete and 0 interrupted iterations
normal_day   [  99% ] 004/100 VUs  09m55.9s/10m0s  0.13 iters/s

running (09m56.8s), 003/100 VUs, 1796 complete and 0 interrupted iterations
normal_day   [  99% ] 003/100 VUs  09m56.9s/10m0s  0.13 iters/s

running (09m57.8s), 002/100 VUs, 1797 complete and 0 interrupted iterations
normal_day   [ 100% ] 002/100 VUs  09m57.9s/10m0s  0.13 iters/s

running (09m58.8s), 002/100 VUs, 1797 complete and 0 interrupted iterations
normal_day   [ 100% ] 002/100 VUs  09m58.9s/10m0s  0.13 iters/s

running (09m59.8s), 002/100 VUs, 1797 complete and 0 interrupted iterations
normal_day   [ 100% ] 002/100 VUs  09m59.9s/10m0s  0.13 iters/s

running (10m00.8s), 002/100 VUs, 1797 complete and 0 interrupted iterations
normal_day ↓ [ 100% ] 002/100 VUs  10m0s  0.13 iters/s

running (10m01.8s), 002/100 VUs, 1797 complete and 0 interrupted iterations
normal_day ↓ [ 100% ] 002/100 VUs  10m0s  0.13 iters/s

running (10m02.8s), 002/100 VUs, 1797 complete and 0 interrupted iterations
normal_day ↓ [ 100% ] 002/100 VUs  10m0s  0.13 iters/s

running (10m03.8s), 002/100 VUs, 1797 complete and 0 interrupted iterations
normal_day ↓ [ 100% ] 002/100 VUs  10m0s  0.13 iters/s

running (10m04.8s), 001/100 VUs, 1798 complete and 0 interrupted iterations
normal_day ↓ [ 100% ] 002/100 VUs  10m0s  0.13 iters/s
[32m     ✓ login 200[0m
[32m     ✓ board list 200[0m
[32m     ✓ hot daily 200[0m
[32m     ✓ post list 200[0m
[32m     ✓ post detail 200[0m
[32m     ✓ friend list 200[0m
[32m     ✓ comment list 200[0m
[32m     ✓ received reqs 200[0m
[32m     ✓ post search 200[0m
[32m     ✓ chat rooms 200[0m
[32m     ✓ comment create 2xx[0m
[32m     ✓ post reaction 2xx[0m
[32m     ✓ post create 2xx[0m
[32m     ✓ post update 200[0m
[32m     ✓ post delete 200[0m
[32m     ✓ unread count 200[0m
[32m     ✓ comment reaction 200[0m
[32m     ✓ notif list 200[0m
[32m     ✓ ws handshake 101[0m
[32m     ✓ read all 200[0m
[32m     ✓ read one 200[0m
[32m     ✓ scrap 2xx[0m
[32m     ✓ refresh 200[0m
[32m     ✓ chat messages 200[0m
[32m     ✓ chat read 200[0m
[32m     ✓ meal today 200[0m
[32m     ✓ logout 200[0m
[32m     ✓ timetable today 200[0m
[32m     ✓ user info 200[0m
[32m     ✓ my posts 200[0m
[32m     ✓ meal month 200[0m

     auth_token_refreshes[2m.............:[0m [36m10[0m      [36;2m0.016524/s[0m
     chat_ws_messages_sent[2m............:[0m [36m352[0m     [36;2m0.581634/s[0m
     chat_ws_rtt[2m......................:[0m avg=[36m46.61ms[0m  min=[36m14ms[0m    med=[36m23.5ms[0m   max=[36m3.2s[0m     p(90)=[36m37.9ms[0m   p(95)=[36m45ms[0m     p(99)=[36m392.97ms[0m
     checks[2m...........................:[0m [36m100.00%[0m [36;2m✓ 7990[0m      [36;2m✗ 0[0m    
     [32m✓[0m { phase:measure }[2m..............:[0m [36m100.00%[0m [36;2m✓ 5364[0m      [36;2m✗ 0[0m    
     [32m✓[0m { phase:rampdown }[2m.............:[0m [36m100.00%[0m [36;2m✓ 1091[0m      [36;2m✗ 0[0m    
     [32m✓[0m { phase:warmup }[2m...............:[0m [36m100.00%[0m [36;2m✓ 1535[0m      [36;2m✗ 0[0m    
     data_received[2m....................:[0m [36m383 MB[0m  [36;2m633 kB/s[0m
     data_sent[2m........................:[0m [36m3.2 MB[0m  [36;2m5.3 kB/s[0m
     http_req_blocked[2m.................:[0m avg=[36m16.02µs[0m  min=[36m1.73µs[0m  med=[36m5.17µs[0m   max=[36m14.77ms[0m  p(90)=[36m13.82µs[0m  p(95)=[36m16.66µs[0m  p(99)=[36m241.66µs[0m
     http_req_connecting[2m..............:[0m avg=[36m7.22µs[0m   min=[36m0s[0m      med=[36m0s[0m       max=[36m14.69ms[0m  p(90)=[36m0s[0m       p(95)=[36m0s[0m       p(99)=[36m162.63µs[0m
     http_req_duration[2m................:[0m avg=[36m125.75ms[0m min=[36m1.74ms[0m  med=[36m7.44ms[0m   max=[36m18s[0m      p(90)=[36m123.46ms[0m p(95)=[36m684.66ms[0m p(99)=[36m2.07s[0m   
       { expected_response:true }[2m.....:[0m avg=[36m125.75ms[0m min=[36m1.74ms[0m  med=[36m7.44ms[0m   max=[36m18s[0m      p(90)=[36m123.46ms[0m p(95)=[36m684.66ms[0m p(99)=[36m2.07s[0m   
     [32m✓[0m { feature:auth }[2m...............:[0m avg=[36m133.62ms[0m min=[36m13.08ms[0m med=[36m80.93ms[0m  max=[36m923.33ms[0m p(90)=[36m361.58ms[0m p(95)=[36m626.38ms[0m p(99)=[36m850.13ms[0m
     [32m✓[0m { feature:board }[2m..............:[0m avg=[36m58.68ms[0m  min=[36m1.84ms[0m  med=[36m3.26ms[0m   max=[36m3.68s[0m    p(90)=[36m9.87ms[0m   p(95)=[36m37.26ms[0m  p(99)=[36m1.77s[0m   
     [32m✓[0m { feature:chat }[2m...............:[0m avg=[36m18.67ms[0m  min=[36m1.95ms[0m  med=[36m4.85ms[0m   max=[36m1.68s[0m    p(90)=[36m12.81ms[0m  p(95)=[36m15.34ms[0m  p(99)=[36m151.19ms[0m
     [32m✓[0m { feature:comment }[2m............:[0m avg=[36m507.79ms[0m min=[36m1.84ms[0m  med=[36m66.52ms[0m  max=[36m18s[0m      p(90)=[36m1.61s[0m    p(95)=[36m1.89s[0m    p(99)=[36m6.01s[0m   
     [32m✓[0m { feature:friend }[2m.............:[0m avg=[36m6.78ms[0m   min=[36m1.98ms[0m  med=[36m4.09ms[0m   max=[36m93.6ms[0m   p(90)=[36m10.59ms[0m  p(95)=[36m12.67ms[0m  p(99)=[36m37.28ms[0m 
     [32m✓[0m { feature:hot }[2m................:[0m avg=[36m62.64ms[0m  min=[36m2.89ms[0m  med=[36m11.42ms[0m  max=[36m3.35s[0m    p(90)=[36m26.13ms[0m  p(95)=[36m108.63ms[0m p(99)=[36m1.64s[0m   
     [32m✓[0m { feature:mypage }[2m.............:[0m avg=[36m59.78ms[0m  min=[36m1.97ms[0m  med=[36m3.24ms[0m   max=[36m3.04s[0m    p(90)=[36m9.86ms[0m   p(95)=[36m17.6ms[0m   p(99)=[36m1.21s[0m   
     [32m✓[0m { feature:notification }[2m.......:[0m avg=[36m41.12ms[0m  min=[36m2.07ms[0m  med=[36m7.31ms[0m   max=[36m2.37s[0m    p(90)=[36m23.53ms[0m  p(95)=[36m33.34ms[0m  p(99)=[36m1.28s[0m   
     [32m✓[0m { feature:post }[2m...............:[0m avg=[36m35.48ms[0m  min=[36m1.74ms[0m  med=[36m4.97ms[0m   max=[36m4.6s[0m     p(90)=[36m18.83ms[0m  p(95)=[36m34.4ms[0m   p(99)=[36m1.19s[0m   
     [32m✓[0m { feature:reaction }[2m...........:[0m avg=[36m35.96ms[0m  min=[36m15.07ms[0m med=[36m26.61ms[0m  max=[36m667.11ms[0m p(90)=[36m38.22ms[0m  p(95)=[36m41.39ms[0m  p(99)=[36m358.16ms[0m
     [32m✓[0m { feature:school }[2m.............:[0m avg=[36m25.23ms[0m  min=[36m2.36ms[0m  med=[36m3.82ms[0m   max=[36m1.47s[0m    p(90)=[36m10.03ms[0m  p(95)=[36m16.4ms[0m   p(99)=[36m390.79ms[0m
     [32m✓[0m { feature:scrap }[2m..............:[0m avg=[36m40.2ms[0m   min=[36m13.05ms[0m med=[36m21.92ms[0m  max=[36m604.32ms[0m p(90)=[36m39.45ms[0m  p(95)=[36m47.81ms[0m  p(99)=[36m417.39ms[0m
     [32m✓[0m { feature:timetable }[2m..........:[0m avg=[36m5.88ms[0m   min=[36m1.88ms[0m  med=[36m2.99ms[0m   max=[36m59.67ms[0m  p(90)=[36m9.49ms[0m   p(95)=[36m11.92ms[0m  p(99)=[36m45.34ms[0m 
     [32m✓[0m { name:board_list }[2m............:[0m avg=[36m58.68ms[0m  min=[36m1.84ms[0m  med=[36m3.26ms[0m   max=[36m3.68s[0m    p(90)=[36m9.87ms[0m   p(95)=[36m37.26ms[0m  p(99)=[36m1.77s[0m   
     [32m✓[0m { name:chat_mark_read }[2m........:[0m avg=[36m6.49ms[0m   min=[36m2.3ms[0m   med=[36m3.81ms[0m   max=[36m84.22ms[0m  p(90)=[36m10.32ms[0m  p(95)=[36m15.69ms[0m  p(99)=[36m21.89ms[0m 
     [32m✓[0m { name:chat_messages }[2m.........:[0m avg=[36m13.55ms[0m  min=[36m3.21ms[0m  med=[36m4.65ms[0m   max=[36m874.89ms[0m p(90)=[36m13.2ms[0m   p(95)=[36m14.06ms[0m  p(99)=[36m37.72ms[0m 
     [32m✓[0m { name:chat_read_status }[2m......:[0m avg=[36m0s[0m       min=[36m0s[0m      med=[36m0s[0m       max=[36m0s[0m       p(90)=[36m0s[0m       p(95)=[36m0s[0m       p(99)=[36m0s[0m      
     [32m✓[0m { name:chat_rooms }[2m............:[0m avg=[36m25.86ms[0m  min=[36m1.95ms[0m  med=[36m5.2ms[0m    max=[36m1.68s[0m    p(90)=[36m13.01ms[0m  p(95)=[36m15.98ms[0m  p(99)=[36m550.33ms[0m
     [32m✓[0m { name:comment_create }[2m........:[0m avg=[36m62.97ms[0m  min=[36m25.17ms[0m med=[36m34.66ms[0m  max=[36m1.79s[0m    p(90)=[36m56.67ms[0m  p(95)=[36m63.55ms[0m  p(99)=[36m519.32ms[0m
     [32m✓[0m { name:comment_delete }[2m........:[0m avg=[36m0s[0m       min=[36m0s[0m      med=[36m0s[0m       max=[36m0s[0m       p(90)=[36m0s[0m       p(95)=[36m0s[0m       p(99)=[36m0s[0m      
     [32m✓[0m { name:comment_list }[2m..........:[0m avg=[36m535.53ms[0m min=[36m1.84ms[0m  med=[36m82.89ms[0m  max=[36m18s[0m      p(90)=[36m1.63s[0m    p(95)=[36m1.9s[0m     p(99)=[36m6.77s[0m   
     [32m✓[0m { name:comment_reaction }[2m......:[0m avg=[36m38.37ms[0m  min=[36m15.19ms[0m med=[36m20.69ms[0m  max=[36m667.11ms[0m p(90)=[36m29.93ms[0m  p(95)=[36m31.1ms[0m   p(99)=[36m413.81ms[0m
     [32m✓[0m { name:comment_update }[2m........:[0m avg=[36m0s[0m       min=[36m0s[0m      med=[36m0s[0m       max=[36m0s[0m       p(90)=[36m0s[0m       p(95)=[36m0s[0m       p(99)=[36m0s[0m      
     [32m✓[0m { name:friend_list }[2m...........:[0m avg=[36m7.21ms[0m   min=[36m2.38ms[0m  med=[36m4.02ms[0m   max=[36m93.6ms[0m   p(90)=[36m10.95ms[0m  p(95)=[36m16.4ms[0m   p(99)=[36m43.11ms[0m 
     [32m✓[0m { name:friend_req_received }[2m...:[0m avg=[36m5.63ms[0m   min=[36m1.98ms[0m  med=[36m4.11ms[0m   max=[36m22.65ms[0m  p(90)=[36m10.25ms[0m  p(95)=[36m11.58ms[0m  p(99)=[36m19.2ms[0m  
     [32m✓[0m { name:friend_request }[2m........:[0m avg=[36m0s[0m       min=[36m0s[0m      med=[36m0s[0m       max=[36m0s[0m       p(90)=[36m0s[0m       p(95)=[36m0s[0m       p(99)=[36m0s[0m      
     [32m✓[0m { name:friend_respond }[2m........:[0m avg=[36m0s[0m       min=[36m0s[0m      med=[36m0s[0m       max=[36m0s[0m       p(90)=[36m0s[0m       p(95)=[36m0s[0m       p(99)=[36m0s[0m      
     [32m✓[0m { name:friend_search }[2m.........:[0m avg=[36m0s[0m       min=[36m0s[0m      med=[36m0s[0m       max=[36m0s[0m       p(90)=[36m0s[0m       p(95)=[36m0s[0m       p(99)=[36m0s[0m      
     [32m✓[0m { name:hot_daily }[2m.............:[0m avg=[36m62.64ms[0m  min=[36m2.89ms[0m  med=[36m11.42ms[0m  max=[36m3.35s[0m    p(90)=[36m26.13ms[0m  p(95)=[36m108.63ms[0m p(99)=[36m1.64s[0m   
     [32m✓[0m { name:login }[2m.................:[0m avg=[36m158.91ms[0m min=[36m68.43ms[0m med=[36m83.76ms[0m  max=[36m923.33ms[0m p(90)=[36m454.41ms[0m p(95)=[36m633.08ms[0m p(99)=[36m866ms[0m   
     [32m✓[0m { name:logout }[2m................:[0m avg=[36m23.39ms[0m  min=[36m13.08ms[0m med=[36m18.46ms[0m  max=[36m55.6ms[0m   p(90)=[36m35.88ms[0m  p(95)=[36m40.71ms[0m  p(99)=[36m52.62ms[0m 
     [32m✓[0m { name:meal_month }[2m............:[0m avg=[36m5.6ms[0m    min=[36m2.58ms[0m  med=[36m4.43ms[0m   max=[36m13.01ms[0m  p(90)=[36m9.27ms[0m   p(95)=[36m10.71ms[0m  p(99)=[36m12.55ms[0m 
     [32m✓[0m { name:meal_today }[2m............:[0m avg=[36m29.66ms[0m  min=[36m2.36ms[0m  med=[36m3.68ms[0m   max=[36m1.47s[0m    p(90)=[36m10.12ms[0m  p(95)=[36m25.88ms[0m  p(99)=[36m593.72ms[0m
     [32m✓[0m { name:my_comments }[2m...........:[0m avg=[36m0s[0m       min=[36m0s[0m      med=[36m0s[0m       max=[36m0s[0m       p(90)=[36m0s[0m       p(95)=[36m0s[0m       p(99)=[36m0s[0m      
     [32m✓[0m { name:my_posts }[2m..............:[0m avg=[36m92.66ms[0m  min=[36m1.97ms[0m  med=[36m3.85ms[0m   max=[36m3.04s[0m    p(90)=[36m10.22ms[0m  p(95)=[36m283.85ms[0m p(99)=[36m1.96s[0m   
     [32m✓[0m { name:notif_list }[2m............:[0m avg=[36m54.67ms[0m  min=[36m4.76ms[0m  med=[36m8.43ms[0m   max=[36m2.37s[0m    p(90)=[36m23.58ms[0m  p(95)=[36m25.93ms[0m  p(99)=[36m1.43s[0m   
     [32m✓[0m { name:notif_read_all }[2m........:[0m avg=[36m25.14ms[0m  min=[36m2.75ms[0m  med=[36m19.65ms[0m  max=[36m87.46ms[0m  p(90)=[36m40.61ms[0m  p(95)=[36m52.55ms[0m  p(99)=[36m80.48ms[0m 
     [32m✓[0m { name:notif_read_one }[2m........:[0m avg=[36m49.38ms[0m  min=[36m2.26ms[0m  med=[36m20.57ms[0m  max=[36m1.06s[0m    p(90)=[36m35.3ms[0m   p(95)=[36m53.02ms[0m  p(99)=[36m696.4ms[0m 
     [32m✓[0m { name:notif_unread_count }[2m....:[0m avg=[36m33.6ms[0m   min=[36m2.07ms[0m  med=[36m3.93ms[0m   max=[36m1.97s[0m    p(90)=[36m9.19ms[0m   p(95)=[36m10.17ms[0m  p(99)=[36m1.24s[0m   
     [32m✓[0m { name:post_create }[2m...........:[0m avg=[36m99.1ms[0m   min=[36m13.84ms[0m med=[36m24.15ms[0m  max=[36m3.62s[0m    p(90)=[36m44.42ms[0m  p(95)=[36m62.62ms[0m  p(99)=[36m2.41s[0m   
     [32m✓[0m { name:post_delete }[2m...........:[0m avg=[36m135.58ms[0m min=[36m13.83ms[0m med=[36m20.58ms[0m  max=[36m1.45s[0m    p(90)=[36m226.42ms[0m p(95)=[36m586.53ms[0m p(99)=[36m1.27s[0m   
     [32m✓[0m { name:post_detail }[2m...........:[0m avg=[36m31.43ms[0m  min=[36m2.99ms[0m  med=[36m4.97ms[0m   max=[36m4.6s[0m     p(90)=[36m14.09ms[0m  p(95)=[36m18.76ms[0m  p(99)=[36m872.55ms[0m
     [32m✓[0m { name:post_list_deep }[2m........:[0m avg=[36m0s[0m       min=[36m0s[0m      med=[36m0s[0m       max=[36m0s[0m       p(90)=[36m0s[0m       p(95)=[36m0s[0m       p(99)=[36m0s[0m      
     [32m✓[0m { name:post_list }[2m.............:[0m avg=[36m33.56ms[0m  min=[36m1.74ms[0m  med=[36m3.45ms[0m   max=[36m2.17s[0m    p(90)=[36m29.03ms[0m  p(95)=[36m39.17ms[0m  p(99)=[36m1.21s[0m   
     [32m✓[0m { name:post_reaction }[2m.........:[0m avg=[36m35.14ms[0m  min=[36m15.07ms[0m med=[36m27.26ms[0m  max=[36m511.14ms[0m p(90)=[36m39.91ms[0m  p(95)=[36m43.94ms[0m  p(99)=[36m232.01ms[0m
     [32m✓[0m { name:post_search }[2m...........:[0m avg=[36m61.68ms[0m  min=[36m12.12ms[0m med=[36m14.23ms[0m  max=[36m2.63s[0m    p(90)=[36m24.53ms[0m  p(95)=[36m42.52ms[0m  p(99)=[36m1.13s[0m   
     [32m✓[0m { name:post_update }[2m...........:[0m avg=[36m160.25ms[0m min=[36m12.05ms[0m med=[36m16.93ms[0m  max=[36m2.09s[0m    p(90)=[36m116.73ms[0m p(95)=[36m673.53ms[0m p(99)=[36m1.81s[0m   
     [32m✓[0m { name:school_search }[2m.........:[0m avg=[36m0s[0m       min=[36m0s[0m      med=[36m0s[0m       max=[36m0s[0m       p(90)=[36m0s[0m       p(95)=[36m0s[0m       p(99)=[36m0s[0m      
     [32m✓[0m { name:scrap_list }[2m............:[0m avg=[36m0s[0m       min=[36m0s[0m      med=[36m0s[0m       max=[36m0s[0m       p(90)=[36m0s[0m       p(95)=[36m0s[0m       p(99)=[36m0s[0m      
     [32m✓[0m { name:scrap_toggle }[2m..........:[0m avg=[36m40.2ms[0m   min=[36m13.05ms[0m med=[36m21.92ms[0m  max=[36m604.32ms[0m p(90)=[36m39.45ms[0m  p(95)=[36m47.81ms[0m  p(99)=[36m417.39ms[0m
     [32m✓[0m { name:subject_list }[2m..........:[0m avg=[36m0s[0m       min=[36m0s[0m      med=[36m0s[0m       max=[36m0s[0m       p(90)=[36m0s[0m       p(95)=[36m0s[0m       p(99)=[36m0s[0m      
     [32m✓[0m { name:template_list }[2m.........:[0m avg=[36m0s[0m       min=[36m0s[0m      med=[36m0s[0m       max=[36m0s[0m       p(90)=[36m0s[0m       p(95)=[36m0s[0m       p(99)=[36m0s[0m      
     [32m✓[0m { name:timetable_today }[2m.......:[0m avg=[36m5.88ms[0m   min=[36m1.88ms[0m  med=[36m2.99ms[0m   max=[36m59.67ms[0m  p(90)=[36m9.49ms[0m   p(95)=[36m11.92ms[0m  p(99)=[36m45.34ms[0m 
     [32m✓[0m { name:token_refresh }[2m.........:[0m avg=[36m25.03ms[0m  min=[36m14.77ms[0m med=[36m22.96ms[0m  max=[36m42.07ms[0m  p(90)=[36m31.3ms[0m   p(95)=[36m36.69ms[0m  p(99)=[36m41ms[0m    
     [32m✓[0m { name:user_info }[2m.............:[0m avg=[36m26.91ms[0m  min=[36m2.03ms[0m  med=[36m3.03ms[0m   max=[36m1.03s[0m    p(90)=[36m8.17ms[0m   p(95)=[36m10.9ms[0m   p(99)=[36m578.27ms[0m
     [32m✓[0m { op:auth }[2m....................:[0m avg=[36m133.62ms[0m min=[36m13.08ms[0m med=[36m80.93ms[0m  max=[36m923.33ms[0m p(90)=[36m361.58ms[0m p(95)=[36m626.38ms[0m p(99)=[36m850.13ms[0m
     [31m✗[0m { op:read,phase:measure }[2m......:[0m avg=[36m149.49ms[0m min=[36m1.74ms[0m  med=[36m5.55ms[0m   max=[36m14.29s[0m   p(90)=[36m227.14ms[0m p(95)=[36m997.67ms[0m p(99)=[36m2.29s[0m   
     [31m✗[0m { op:write,phase:measure }[2m.....:[0m avg=[36m56.91ms[0m  min=[36m2.26ms[0m  med=[36m21.58ms[0m  max=[36m3.62s[0m    p(90)=[36m41.44ms[0m  p(95)=[36m56.85ms[0m  p(99)=[36m1.43s[0m   
     [32m✓[0m { page:0 }[2m.....................:[0m avg=[36m26.88ms[0m  min=[36m1.83ms[0m  med=[36m3.29ms[0m   max=[36m2.17s[0m    p(90)=[36m28.18ms[0m  p(95)=[36m36.22ms[0m  p(99)=[36m1.01s[0m   
     [32m✓[0m { page:1 }[2m.....................:[0m avg=[36m57.46ms[0m  min=[36m1.77ms[0m  med=[36m3.9ms[0m    max=[36m1.97s[0m    p(90)=[36m31.59ms[0m  p(95)=[36m280.53ms[0m p(99)=[36m1.31s[0m   
     [32m✓[0m { page:2 }[2m.....................:[0m avg=[36m22.63ms[0m  min=[36m1.98ms[0m  med=[36m5.38ms[0m   max=[36m612.59ms[0m p(90)=[36m28.87ms[0m  p(95)=[36m34.23ms[0m  p(99)=[36m396.01ms[0m
     [32m✓[0m { page:3 }[2m.....................:[0m avg=[36m22.18ms[0m  min=[36m1.74ms[0m  med=[36m2.87ms[0m   max=[36m458.37ms[0m p(90)=[36m30.31ms[0m  p(95)=[36m72.9ms[0m   p(99)=[36m344ms[0m   
     [32m✓[0m { page:4 }[2m.....................:[0m avg=[36m62.25ms[0m  min=[36m2ms[0m     med=[36m3.52ms[0m   max=[36m1.41s[0m    p(90)=[36m24.26ms[0m  p(95)=[36m184.89ms[0m p(99)=[36m1.09s[0m   
     [32m✓[0m { phase:measure }[2m..............:[0m avg=[36m142.04ms[0m min=[36m1.74ms[0m  med=[36m6.16ms[0m   max=[36m14.29s[0m   p(90)=[36m171.38ms[0m p(95)=[36m921.19ms[0m p(99)=[36m2.26s[0m   
     [32m✓[0m { phase:rampdown }[2m.............:[0m avg=[36m61.2ms[0m   min=[36m1.77ms[0m  med=[36m7.84ms[0m   max=[36m1.94s[0m    p(90)=[36m37.15ms[0m  p(95)=[36m226.63ms[0m p(99)=[36m1.56s[0m   
     [32m✓[0m { phase:warmup }[2m...............:[0m avg=[36m114.24ms[0m min=[36m2.43ms[0m  med=[36m10.35ms[0m  max=[36m18s[0m      p(90)=[36m105.55ms[0m p(95)=[36m462.78ms[0m p(99)=[36m1.75s[0m   
     http_req_failed[2m..................:[0m [36m0.00%[0m   [36;2m✓ 0[0m         [36;2m✗ 7927[0m 
     [32m✓[0m { phase:measure }[2m..............:[0m [36m0.00%[0m   [36;2m✓ 0[0m         [36;2m✗ 5329[0m 
     [32m✓[0m { phase:rampdown }[2m.............:[0m [36m0.00%[0m   [36;2m✓ 0[0m         [36;2m✗ 1073[0m 
     [32m✓[0m { phase:warmup }[2m...............:[0m [36m0.00%[0m   [36;2m✓ 0[0m         [36;2m✗ 1525[0m 
     http_req_receiving[2m...............:[0m avg=[36m684µs[0m    min=[36m25.2µs[0m  med=[36m172.33µs[0m max=[36m104.85ms[0m p(90)=[36m647.21µs[0m p(95)=[36m2.05ms[0m   p(99)=[36m9.3ms[0m   
     http_req_sending[2m.................:[0m avg=[36m40.78µs[0m  min=[36m5.67µs[0m  med=[36m27.13µs[0m  max=[36m502µs[0m    p(90)=[36m87.97µs[0m  p(95)=[36m109.48µs[0m p(99)=[36m164.39µs[0m
     http_req_tls_handshaking[2m.........:[0m avg=[36m0s[0m       min=[36m0s[0m      med=[36m0s[0m       max=[36m0s[0m       p(90)=[36m0s[0m       p(95)=[36m0s[0m       p(99)=[36m0s[0m      
     http_req_waiting[2m.................:[0m avg=[36m125.02ms[0m min=[36m1.67ms[0m  med=[36m7.15ms[0m   max=[36m17.94s[0m   p(90)=[36m120.39ms[0m p(95)=[36m681.42ms[0m p(99)=[36m2.06s[0m   
     http_reqs[2m........................:[0m [36m7927[0m    [36;2m13.098325/s[0m
     [32m✓[0m { feature:auth }[2m...............:[0m [36m144[0m     [36;2m0.237941/s[0m
     [32m✓[0m { feature:board }[2m..............:[0m [36m741[0m     [36;2m1.224405/s[0m
     [32m✓[0m { feature:chat }[2m...............:[0m [36m573[0m     [36;2m0.946807/s[0m
     [32m✓[0m { feature:comment }[2m............:[0m [36m1431[0m    [36;2m2.364539/s[0m
     [32m✓[0m { feature:friend }[2m.............:[0m [36m132[0m     [36;2m0.218113/s[0m
     [32m✓[0m { feature:hot }[2m................:[0m [36m741[0m     [36;2m1.224405/s[0m
     [32m✓[0m { feature:mypage }[2m.............:[0m [36m92[0m      [36;2m0.152018/s[0m
     [32m✓[0m { feature:notification }[2m.......:[0m [36m314[0m     [36;2m0.518844/s[0m
     [32m✓[0m { feature:post }[2m...............:[0m [36m3425[0m    [36;2m5.659362/s[0m
     [32m✓[0m { feature:reaction }[2m...........:[0m [36m160[0m     [36;2m0.264379/s[0m
     [32m✓[0m { feature:school }[2m.............:[0m [36m76[0m      [36;2m0.12558/s[0m
     [32m✓[0m { feature:scrap }[2m..............:[0m [36m36[0m      [36;2m0.059485/s[0m
     [32m✓[0m { feature:timetable }[2m..........:[0m [36m62[0m      [36;2m0.102447/s[0m
     [32m✓[0m { name:board_list }[2m............:[0m [36m741[0m     [36;2m1.224405/s[0m
     [32m✓[0m { name:chat_mark_read }[2m........:[0m [36m130[0m     [36;2m0.214808/s[0m
     [32m✓[0m { name:chat_messages }[2m.........:[0m [36m130[0m     [36;2m0.214808/s[0m
     [32m✓[0m { name:chat_read_status }[2m......:[0m [36m0[0m       [36;2m0/s[0m
     [32m✓[0m { name:chat_rooms }[2m............:[0m [36m313[0m     [36;2m0.517191/s[0m
     [32m✓[0m { name:comment_create }[2m........:[0m [36m84[0m      [36;2m0.138799/s[0m
     [32m✓[0m { name:comment_delete }[2m........:[0m [36m0[0m       [36;2m0/s[0m
     [32m✓[0m { name:comment_list }[2m..........:[0m [36m1347[0m    [36;2m2.22574/s[0m
     [32m✓[0m { name:comment_reaction }[2m......:[0m [36m41[0m      [36;2m0.067747/s[0m
     [32m✓[0m { name:comment_update }[2m........:[0m [36m0[0m       [36;2m0/s[0m
     [32m✓[0m { name:friend_list }[2m...........:[0m [36m96[0m      [36;2m0.158627/s[0m
     [32m✓[0m { name:friend_req_received }[2m...:[0m [36m36[0m      [36;2m0.059485/s[0m
     [32m✓[0m { name:friend_request }[2m........:[0m [36m0[0m       [36;2m0/s[0m
     [32m✓[0m { name:friend_respond }[2m........:[0m [36m0[0m       [36;2m0/s[0m
     [32m✓[0m { name:friend_search }[2m.........:[0m [36m0[0m       [36;2m0/s[0m
     [32m✓[0m { name:hot_daily }[2m.............:[0m [36m741[0m     [36;2m1.224405/s[0m
     [32m✓[0m { name:login }[2m.................:[0m [36m117[0m     [36;2m0.193327/s[0m
     [32m✓[0m { name:logout }[2m................:[0m [36m17[0m      [36;2m0.02809/s[0m
     [32m✓[0m { name:meal_month }[2m............:[0m [36m14[0m      [36;2m0.023133/s[0m
     [32m✓[0m { name:meal_today }[2m............:[0m [36m62[0m      [36;2m0.102447/s[0m
     [32m✓[0m { name:my_comments }[2m...........:[0m [36m0[0m       [36;2m0/s[0m
     [32m✓[0m { name:my_posts }[2m..............:[0m [36m46[0m      [36;2m0.076009/s[0m
     [32m✓[0m { name:notif_list }[2m............:[0m [36m89[0m      [36;2m0.147061/s[0m
     [32m✓[0m { name:notif_read_all }[2m........:[0m [36m17[0m      [36;2m0.02809/s[0m
     [32m✓[0m { name:notif_read_one }[2m........:[0m [36m40[0m      [36;2m0.066095/s[0m
     [32m✓[0m { name:notif_unread_count }[2m....:[0m [36m168[0m     [36;2m0.277598/s[0m
     [32m✓[0m { name:post_create }[2m...........:[0m [36m100[0m     [36;2m0.165237/s[0m
     [32m✓[0m { name:post_delete }[2m...........:[0m [36m16[0m      [36;2m0.026438/s[0m
     [32m✓[0m { name:post_detail }[2m...........:[0m [36m2492[0m    [36;2m4.117702/s[0m
     [32m✓[0m { name:post_list_deep }[2m........:[0m [36m0[0m       [36;2m0/s[0m
     [32m✓[0m { name:post_list }[2m.............:[0m [36m741[0m     [36;2m1.224405/s[0m
     [32m✓[0m { name:post_reaction }[2m.........:[0m [36m119[0m     [36;2m0.196632/s[0m
     [32m✓[0m { name:post_search }[2m...........:[0m [36m60[0m      [36;2m0.099142/s[0m
     [32m✓[0m { name:post_update }[2m...........:[0m [36m16[0m      [36;2m0.026438/s[0m
     [32m✓[0m { name:school_search }[2m.........:[0m [36m0[0m       [36;2m0/s[0m
     [32m✓[0m { name:scrap_list }[2m............:[0m [36m0[0m       [36;2m0/s[0m
     [32m✓[0m { name:scrap_toggle }[2m..........:[0m [36m36[0m      [36;2m0.059485/s[0m
     [32m✓[0m { name:subject_list }[2m..........:[0m [36m0[0m       [36;2m0/s[0m
     [32m✓[0m { name:template_list }[2m.........:[0m [36m0[0m       [36;2m0/s[0m
     [32m✓[0m { name:timetable_today }[2m.......:[0m [36m62[0m      [36;2m0.102447/s[0m
     [32m✓[0m { name:token_refresh }[2m.........:[0m [36m10[0m      [36;2m0.016524/s[0m
     [32m✓[0m { name:user_info }[2m.............:[0m [36m46[0m      [36;2m0.076009/s[0m
     [32m✓[0m { op:auth }[2m....................:[0m [36m144[0m     [36;2m0.237941/s[0m
     [32m✓[0m { op:read }[2m....................:[0m [36m7184[0m    [36;2m11.870615/s[0m
     [32m✓[0m { op:write }[2m...................:[0m [36m599[0m     [36;2m0.989769/s[0m
     [32m✓[0m { page:0 }[2m.....................:[0m [36m424[0m     [36;2m0.700604/s[0m
     [32m✓[0m { page:1 }[2m.....................:[0m [36m144[0m     [36;2m0.237941/s[0m
     [32m✓[0m { page:2 }[2m.....................:[0m [36m83[0m      [36;2m0.137147/s[0m
     [32m✓[0m { page:3 }[2m.....................:[0m [36m57[0m      [36;2m0.094185/s[0m
     [32m✓[0m { page:4 }[2m.....................:[0m [36m33[0m      [36;2m0.054528/s[0m
     [32m✓[0m { phase:measure }[2m..............:[0m [36m5329[0m    [36;2m8.805471/s[0m
     [32m✓[0m { phase:rampdown }[2m.............:[0m [36m1073[0m    [36;2m1.772991/s[0m
     [32m✓[0m { phase:warmup }[2m...............:[0m [36m1525[0m    [36;2m2.519862/s[0m
     iteration_duration[2m...............:[0m avg=[36m10.15s[0m   min=[36m1.01s[0m   med=[36m7.73s[0m    max=[36m36.82s[0m   p(90)=[36m19.43s[0m   p(95)=[36m21.67s[0m   p(99)=[36m27.75s[0m  
     iterations[2m.......................:[0m [36m1799[0m    [36;2m2.972611/s[0m
     [32m✓[0m { phase:measure }[2m..............:[0m [36m0[0m       [36;2m0/s[0m
     [32m✓[0m { phase:rampdown }[2m.............:[0m [36m0[0m       [36;2m0/s[0m
     [32m✓[0m { phase:warmup }[2m...............:[0m [36m0[0m       [36;2m0/s[0m
     phase_iterations[2m.................:[0m [36m1799[0m    [36;2m2.972611/s[0m
     [32m✓[0m { phase:measure }[2m..............:[0m [36m1199[0m    [36;2m1.98119/s[0m
     [32m✓[0m { phase:rampdown }[2m.............:[0m [36m279[0m     [36;2m0.461011/s[0m
     [32m✓[0m { phase:warmup }[2m...............:[0m [36m321[0m     [36;2m0.53041/s[0m
     vus[2m..............................:[0m [36m1[0m       [36;2mmin=0[0m       [36;2mmax=69[0m 
     vus_max[2m..........................:[0m [36m100[0m     [36;2mmin=100[0m     [36;2mmax=100[0m
     ws_connecting[2m....................:[0m avg=[36m3.85ms[0m   min=[36m1.87ms[0m  med=[36m3.03ms[0m   max=[36m19.98ms[0m  p(90)=[36m5.25ms[0m   p(95)=[36m8.95ms[0m   p(99)=[36m18.16ms[0m 
     ws_msgs_received[2m.................:[0m [36m415[0m     [36;2m0.685733/s[0m
     ws_msgs_sent[2m.....................:[0m [36m478[0m     [36;2m0.789832/s[0m
     ws_session_duration[2m..............:[0m avg=[36m22.83s[0m   min=[36m15.14s[0m  med=[36m23.03s[0m   max=[36m29.96s[0m   p(90)=[36m28.45s[0m   p(95)=[36m29.54s[0m   p(99)=[36m29.94s[0m  
     ws_sessions[2m......................:[0m [36m63[0m      [36;2m0.104099/s[0m
running (10m05.2s), 000/100 VUs, 1799 complete and 0 interrupted iterations
normal_day ✓ [ 100% ] 000/100 VUs  10m0s  0.13 iters/s
  호스트(Windows) 576표본 · CPU 12.9% (max 49.4) · 정규화성능 117.3% · vmmem 145.0% · 바쁜코어 —개 · 가용메모리 1056MB
  부하 중 벤치(warmup +60초, 3회 중앙값) · single 4971ms (유휴 대비 0.2%) · parallel 4874ms (유휴 대비 -19.2%) · ctxswitch 2211ms (유휴 대비 1.4%)

  실행 후 상태 sha256:96de8cb6d389 — chat_messages.count +352, chat_messages.maxId +352, posts.maxId +100, posts.count +84, comments.count +84 (외 13개)
    (지문 제외 항목: posts.sumViewCount +2059, daily_hot_post.count +56)
Prometheus 스크레이프 대기 20초...

══════════════════════════════════════════════════════════════════════════
  Performance Report — normal-day   Run #128   ❌ FAIL
══════════════════════════════════════════════════════════════════════════
  ⚠  한계 근처 — 큐가 생기기 시작했습니다. p95 에 대기 시간이 섞여 있습니다.
     · DB 커넥션 대기 스레드 1 — 커넥션 풀 앞에 대기줄이 생겼다. 요청 지연에 대기 시간이 포함된다.
     · 현재 실행은 NEAR_LIMIT, 기준선은 HEADROOM 입니다 — 포화 영역과 비포화 영역의 p95 는 서로 다른 물리량이라 증감률에 의미가 없습니다.
  환경 perf  |  브랜치 personal/localdocs  |  커밋 f915176e  |  빌드 local
  시작 2026-08-26 08:56:22 KST  |  수행 10m 5s  |  VU max 100
  데이터셋 medium  |  부하 ramping-arrival-rate 0→4@3m0s→4@5m0s→0@2m0s maxVU 600

  ── 성능 (measure 구간) ─────────────────────────────────────────
  평균 142ms     P95 921ms     P99 2.27s    
  RPS  17.8      TPS 4.00      오류율 0.00%

  ── 인프라 ────────────────────────────────────────────────────────
  CPU  1.23 core (한계의 62%)   throttled 13.1%
  Heap 773 MB (75%)   GC max 174ms × 88회
  DB   slow 759  QPS 5,674  풀 100%  대기 20
  Redis hit 99.1%  ops 68.8/s  evicted 0

  ── 회귀 (기준: normal-day-2026-08-25T23-53-47) ────────────────
  ⚠  기준선은 당시 k6 threshold 미통과 실행입니다, 당시 Node 판정 FAIL.
     아래 증감률은 개선/악화 폭이며 현재 SLO 통과를 뜻하지 않습니다.
  ❌ P95 응답시간                   388ms → 921ms (+137.3%)
       921 > 상한 500
       직전 대비 +137.3% 악화 (허용 20%)
  ❌ P99 응답시간                   2.15s → 2.27s (+5.5%)
       2268 > 상한 1200
  ❌ 평균 응답시간                    86ms → 142ms (+66.1%)
       직전 대비 +66.1% 악화 (허용 25%)
  ⚠️  GC 최대 정지시간                 21ms → 174ms (+728.6%)
       직전 대비 +728.6% 악화 (경고 30%)
  ❌ HikariCP 포화도               40.0% → 100.0% (+150.0%)
       100 > 상한 95.00
  ❌ HikariCP 대기 스레드 최대         
       20.00 > 상한 5.00

  ── 병목 가설 ─────────────────────────────────────────────────────
  • DB 커넥션 풀 대기 발생
    최대 20개 스레드가 커넥션을 기다렸다. 풀 크기(10)가 동시성 대비 부족하거나, 커넥션 보유 시간이 긴 쿼리가 있다. (임계 warn 1 / fail 5)
  • HTTP 요청당 쿼리 수 과다
    요청 1건당 평균 319.4개 쿼리가 실행됐다. N+1 패턴 가능성이 높다. (임계 warn 10 / fail 50)
  • Slow Query 다발
    요청 1000건당 142.4건의 slow query(>100ms, 총 759건). 인덱스 또는 쿼리 계획 점검 대상. (임계 warn 1 / fail 100)
  • DB 커넥션 풀 포화
    풀 사용률이 100%까지 올라갔다. 여유가 거의 없어 부하가 조금만 늘어도 대기가 생긴다. (임계 warn 80 / fail 95)

  보고서 : reports\runs\normal-day-2026-08-26T00-06-28\report.html
  Grafana(전체 실행): http://localhost:3001/d/htd-perf-overview/highteenday-performance-overview?from=1787702062832&to=1787702908024
  Grafana(measure) : http://localhost:3001/d/htd-perf-overview/highteenday-performance-overview?from=1787702242832&to=1787702782832
══════════════════════════════════════════════════════════════════════════

  [2/5] p95 921.2ms · 평균 142.0ms · 서버측 139.9ms · 경로 2.1ms

──────── [3/5] 리셋 (restart) ────────

▶ k6 run scenarios/normal-day.js
  브랜치 personal/localdocs · 커밋 f915176eabd4 · 실행자 user@DESKTOP-DJJPASG
  환경 perf · "KI-27 Before — API 축 포함 CV 확정용 5회 (재시작) — repeatability 3/5"
  데이터셋 medium · 상태 sha256:96de8cb6d389 (180ms)
  캐시 cold (키 0개)
  guard strict — 상태 불일치 시 스냅샷 복원 후 재확인 [perf.config.json]
    guard=strict — 스냅샷으로 복원합니다.
▶ 복원 — medium-20260816-062210 → perf-mysql-data-medium
  앱·MySQL 정지
  MySQL 기동
  Redis FLUSHALL (복원 후 캐시는 cold 다)
  앱 기동
  복원 후 상태 지문 sha256:ffe696d17416 = 스냅샷 일치

✅ 복원 완료 · 소요 5.4초 (압축 해제 구간)

  부하 발생기: 컨테이너 perf-k6 (grafana/k6:2.1.0, CPU 상한 4)
  k6 지표 전송: http://prometheus:9090/api/v1/write (native histogram, 5s 간격)
  환경 대조 벤치 실행 중(3축 3회, 약 40초)... single 4924ms · parallel 5444ms · ctxswitch 2173ms
  부하 중 벤치 예약: k6 시작 +60초 (warmup 구간, 3회)

         /\      Grafana   /‾‾/  
    /\  /  \     |\  __   /  /   
   /  \/    \    | |/ /  /   ‾‾\ 
  /          \   |   (  |  (‾)  |
 / __________ \  |_|\_\  \_____/ 


     execution: local
        script: scenarios/normal-day.js
        output: Prometheus remote write (http://prometheus:9090/api/v1/write)

     scenarios: (100.00%) 1 scenario, 600 max VUs, 10m30s max duration (incl. graceful stop):
              * normal_day: Up to 4.00 iterations/s for 10m0s over 3 stages (maxVUs: 100-600, gracefulStop: 30s)


running (00m00.9s), 000/100 VUs, 0 complete and 0 interrupted iterations
normal_day   [   0% ] 000/100 VUs  00m00.9s/10m0s  0.11 iters/s

running (00m01.9s), 000/100 VUs, 0 complete and 0 interrupted iterations
normal_day   [   0% ] 000/100 VUs  00m01.9s/10m0s  0.11 iters/s

running (00m02.9s), 000/100 VUs, 0 complete and 0 interrupted iterations
normal_day   [   0% ] 000/100 VUs  00m02.9s/10m0s  0.11 iters/s

running (00m03.9s), 000/100 VUs, 0 complete and 0 interrupted iterations
normal_day   [   1% ] 000/100 VUs  00m03.9s/10m0s  0.11 iters/s

running (00m04.9s), 000/100 VUs, 0 complete and 0 interrupted iterations
normal_day   [   1% ] 000/100 VUs  00m04.9s/10m0s  0.11 iters/s

running (00m05.9s), 000/100 VUs, 0 complete and 0 interrupted iterations
normal_day   [   1% ] 000/100 VUs  00m05.9s/10m0s  0.11 iters/s

running (00m06.9s), 000/100 VUs, 0 complete and 0 interrupted iterations
normal_day   [   1% ] 000/100 VUs  00m06.9s/10m0s  0.11 iters/s

running (00m07.9s), 000/100 VUs, 0 complete and 0 interrupted iterations
normal_day   [   1% ] 000/100 VUs  00m07.9s/10m0s  0.11 iters/s

running (00m08.9s), 000/100 VUs, 0 complete and 0 interrupted iterations
normal_day   [   1% ] 000/100 VUs  00m08.9s/10m0s  0.11 iters/s

running (00m09.9s), 001/100 VUs, 0 complete and 0 interrupted iterations
normal_day   [   2% ] 001/100 VUs  00m09.9s/10m0s  0.25 iters/s

running (00m10.9s), 001/100 VUs, 0 complete and 0 interrupted iterations
normal_day   [   2% ] 001/100 VUs  00m10.9s/10m0s  0.25 iters/s

running (00m11.9s), 001/100 VUs, 0 complete and 0 interrupted iterations
normal_day   [   2% ] 001/100 VUs  00m11.9s/10m0s  0.25 iters/s

running (00m12.9s), 001/100 VUs, 0 complete and 0 interrupted iterations
normal_day   [   2% ] 001/100 VUs  00m12.9s/10m0s  0.25 iters/s

running (00m13.9s), 002/100 VUs, 0 complete and 0 interrupted iterations
normal_day   [   2% ] 002/100 VUs  00m13.9s/10m0s  0.33 iters/s

running (00m14.9s), 002/100 VUs, 0 complete and 0 interrupted iterations
normal_day   [   2% ] 002/100 VUs  00m14.9s/10m0s  0.33 iters/s

running (00m15.9s), 002/100 VUs, 0 complete and 0 interrupted iterations
normal_day   [   3% ] 002/100 VUs  00m15.9s/10m0s  0.33 iters/s

running (00m16.9s), 003/100 VUs, 0 complete and 0 interrupted iterations
normal_day   [   3% ] 003/100 VUs  00m16.9s/10m0s  0.39 iters/s

running (00m17.9s), 002/100 VUs, 1 complete and 0 interrupted iterations
normal_day   [   3% ] 002/100 VUs  00m17.9s/10m0s  0.39 iters/s

running (00m18.9s), 002/100 VUs, 1 complete and 0 interrupted iterations
normal_day   [   3% ] 002/100 VUs  00m18.9s/10m0s  0.39 iters/s

running (00m19.9s), 003/100 VUs, 1 complete and 0 interrupted iterations
normal_day   [   3% ] 003/100 VUs  00m19.9s/10m0s  0.45 iters/s

running (00m20.9s), 001/100 VUs, 3 complete and 0 interrupted iterations
normal_day   [   3% ] 001/100 VUs  00m20.9s/10m0s  0.45 iters/s

running (00m21.9s), 002/100 VUs, 3 complete and 0 interrupted iterations
normal_day   [   4% ] 002/100 VUs  00m21.9s/10m0s  0.49 iters/s

running (00m22.9s), 002/100 VUs, 3 complete and 0 interrupted iterations
normal_day   [   4% ] 002/100 VUs  00m22.9s/10m0s  0.49 iters/s

running (00m23.9s), 003/100 VUs, 3 complete and 0 interrupted iterations
normal_day   [   4% ] 003/100 VUs  00m23.9s/10m0s  0.54 iters/s

running (00m24.9s), 003/100 VUs, 3 complete and 0 interrupted iterations
normal_day   [   4% ] 003/100 VUs  00m24.9s/10m0s  0.54 iters/s

running (00m25.9s), 004/100 VUs, 3 complete and 0 interrupted iterations
normal_day   [   4% ] 004/100 VUs  00m25.9s/10m0s  0.58 iters/s

running (00m26.9s), 004/100 VUs, 4 complete and 0 interrupted iterations
normal_day   [   4% ] 004/100 VUs  00m26.9s/10m0s  0.61 iters/s

running (00m27.9s), 004/100 VUs, 4 complete and 0 interrupted iterations
normal_day   [   5% ] 004/100 VUs  00m27.9s/10m0s  0.61 iters/s

running (00m28.9s), 005/100 VUs, 4 complete and 0 interrupted iterations
normal_day   [   5% ] 005/100 VUs  00m28.9s/10m0s  0.65 iters/s

running (00m29.9s), 004/100 VUs, 5 complete and 0 interrupted iterations
normal_day   [   5% ] 004/100 VUs  00m29.9s/10m0s  0.65 iters/s

running (00m30.9s), 004/100 VUs, 6 complete and 0 interrupted iterations
normal_day   [   5% ] 004/100 VUs  00m30.9s/10m0s  0.68 iters/s

running (00m31.9s), 005/100 VUs, 6 complete and 0 interrupted iterations
normal_day   [   5% ] 005/100 VUs  00m31.9s/10m0s  0.71 iters/s

running (00m32.9s), 005/100 VUs, 7 complete and 0 interrupted iterations
normal_day   [   5% ] 005/100 VUs  00m32.9s/10m0s  0.75 iters/s

running (00m33.9s), 005/100 VUs, 7 complete and 0 interrupted iterations
normal_day   [   6% ] 005/100 VUs  00m33.9s/10m0s  0.75 iters/s

running (00m34.9s), 006/100 VUs, 7 complete and 0 interrupted iterations
normal_day   [   6% ] 006/100 VUs  00m34.9s/10m0s  0.77 iters/s

running (00m35.9s), 005/100 VUs, 9 complete and 0 interrupted iterations
normal_day   [   6% ] 005/100 VUs  00m35.9s/10m0s  0.80 iters/s

running (00m36.9s), 006/100 VUs, 9 complete and 0 interrupted iterations
normal_day   [   6% ] 006/100 VUs  00m36.9s/10m0s  0.83 iters/s

running (00m37.9s), 006/100 VUs, 9 complete and 0 interrupted iterations
normal_day   [   6% ] 006/100 VUs  00m37.9s/10m0s  0.83 iters/s

running (00m38.9s), 007/100 VUs, 9 complete and 0 interrupted iterations
normal_day   [   6% ] 007/100 VUs  00m38.9s/10m0s  0.86 iters/s

running (00m39.9s), 007/100 VUs, 10 complete and 0 interrupted iterations
normal_day   [   7% ] 007/100 VUs  00m39.9s/10m0s  0.88 iters/s

running (00m40.9s), 007/100 VUs, 11 complete and 0 interrupted iterations
normal_day   [   7% ] 007/100 VUs  00m40.9s/10m0s  0.91 iters/s

running (00m41.9s), 008/100 VUs, 11 complete and 0 interrupted iterations
normal_day   [   7% ] 008/100 VUs  00m41.9s/10m0s  0.93 iters/s

running (00m42.9s), 008/100 VUs, 12 complete and 0 interrupted iterations
normal_day   [   7% ] 008/100 VUs  00m42.9s/10m0s  0.95 iters/s

running (00m43.9s), 009/100 VUs, 12 complete and 0 interrupted iterations
normal_day   [   7% ] 009/100 VUs  00m43.9s/10m0s  0.98 iters/s

running (00m44.9s), 010/100 VUs, 12 complete and 0 interrupted iterations
normal_day   [   7% ] 010/100 VUs  00m44.9s/10m0s  1.00 iters/s

running (00m45.9s), 010/100 VUs, 13 complete and 0 interrupted iterations
normal_day   [   8% ] 010/100 VUs  00m45.9s/10m0s  1.02 iters/s

running (00m46.9s), 010/100 VUs, 14 complete and 0 interrupted iterations
normal_day   [   8% ] 010/100 VUs  00m46.9s/10m0s  1.04 iters/s

running (00m47.9s), 011/100 VUs, 14 complete and 0 interrupted iterations
normal_day   [   8% ] 011/100 VUs  00m47.9s/10m0s  1.06 iters/s

running (00m48.9s), 011/100 VUs, 15 complete and 0 interrupted iterations
normal_day   [   8% ] 011/100 VUs  00m48.9s/10m0s  1.09 iters/s

running (00m49.9s), 012/100 VUs, 15 complete and 0 interrupted iterations
normal_day   [   8% ] 012/100 VUs  00m49.9s/10m0s  1.11 iters/s

running (00m50.9s), 012/100 VUs, 16 complete and 0 interrupted iterations
normal_day   [   8% ] 012/100 VUs  00m50.9s/10m0s  1.13 iters/s

running (00m51.9s), 012/100 VUs, 17 complete and 0 interrupted iterations
normal_day   [   9% ] 012/100 VUs  00m51.9s/10m0s  1.14 iters/s

running (00m52.9s), 014/100 VUs, 17 complete and 0 interrupted iterations
normal_day   [   9% ] 014/100 VUs  00m52.9s/10m0s  1.18 iters/s

running (00m53.9s), 014/100 VUs, 18 complete and 0 interrupted iterations
normal_day   [   9% ] 014/100 VUs  00m53.9s/10m0s  1.20 iters/s

running (00m54.9s), 012/100 VUs, 21 complete and 0 interrupted iterations
normal_day   [   9% ] 012/100 VUs  00m54.9s/10m0s  1.22 iters/s

running (00m55.9s), 012/100 VUs, 22 complete and 0 interrupted iterations
normal_day   [   9% ] 012/100 VUs  00m55.9s/10m0s  1.24 iters/s

running (00m56.9s), 013/100 VUs, 22 complete and 0 interrupted iterations
normal_day   [   9% ] 013/100 VUs  00m56.9s/10m0s  1.26 iters/s

running (00m57.9s), 014/100 VUs, 23 complete and 0 interrupted iterations
normal_day   [  10% ] 014/100 VUs  00m57.9s/10m0s  1.29 iters/s

running (00m58.9s), 013/100 VUs, 25 complete and 0 interrupted iterations
normal_day   [  10% ] 013/100 VUs  00m58.9s/10m0s  1.31 iters/s

running (00m59.9s), 013/100 VUs, 26 complete and 0 interrupted iterations
normal_day   [  10% ] 013/100 VUs  00m59.9s/10m0s  1.32 iters/s

running (01m00.9s), 015/100 VUs, 26 complete and 0 interrupted iterations
normal_day   [  10% ] 015/100 VUs  01m00.9s/10m0s  1.36 iters/s

running (01m01.9s), 015/100 VUs, 27 complete and 0 interrupted iterations
normal_day   [  10% ] 015/100 VUs  01m01.9s/10m0s  1.37 iters/s

running (01m02.9s), 015/100 VUs, 28 complete and 0 interrupted iterations
normal_day   [  10% ] 015/100 VUs  01m02.9s/10m0s  1.39 iters/s

running (01m03.9s), 016/100 VUs, 29 complete and 0 interrupted iterations
normal_day   [  11% ] 016/100 VUs  01m03.9s/10m0s  1.42 iters/s

running (01m04.9s), 017/100 VUs, 29 complete and 0 interrupted iterations
normal_day   [  11% ] 017/100 VUs  01m04.9s/10m0s  1.44 iters/s

running (01m05.9s), 018/100 VUs, 30 complete and 0 interrupted iterations
normal_day   [  11% ] 018/100 VUs  01m05.9s/10m0s  1.47 iters/s

running (01m06.9s), 019/100 VUs, 30 complete and 0 interrupted iterations
normal_day   [  11% ] 019/100 VUs  01m06.9s/10m0s  1.48 iters/s

running (01m07.9s), 020/100 VUs, 31 complete and 0 interrupted iterations
normal_day   [  11% ] 020/100 VUs  01m07.9s/10m0s  1.51 iters/s

running (01m08.9s), 019/100 VUs, 33 complete and 0 interrupted iterations
normal_day   [  11% ] 019/100 VUs  01m08.9s/10m0s  1.53 iters/s

running (01m09.9s), 019/100 VUs, 35 complete and 0 interrupted iterations
normal_day   [  12% ] 019/100 VUs  01m09.9s/10m0s  1.56 iters/s

running (01m10.9s), 019/100 VUs, 36 complete and 0 interrupted iterations
normal_day   [  12% ] 019/100 VUs  01m10.9s/10m0s  1.57 iters/s

running (01m11.9s), 020/100 VUs, 37 complete and 0 interrupted iterations
normal_day   [  12% ] 020/100 VUs  01m11.9s/10m0s  1.60 iters/s

running (01m12.9s), 020/100 VUs, 39 complete and 0 interrupted iterations
normal_day   [  12% ] 020/100 VUs  01m12.9s/10m0s  1.63 iters/s

running (01m13.9s), 019/100 VUs, 41 complete and 0 interrupted iterations
normal_day   [  12% ] 019/100 VUs  01m13.9s/10m0s  1.64 iters/s

running (01m14.9s), 019/100 VUs, 43 complete and 0 interrupted iterations
normal_day   [  12% ] 019/100 VUs  01m14.9s/10m0s  1.67 iters/s

running (01m15.9s), 017/100 VUs, 46 complete and 0 interrupted iterations
normal_day   [  13% ] 017/100 VUs  01m15.9s/10m0s  1.68 iters/s

running (01m16.9s), 019/100 VUs, 46 complete and 0 interrupted iterations
normal_day   [  13% ] 019/100 VUs  01m16.9s/10m0s  1.71 iters/s

running (01m17.9s), 021/100 VUs, 46 complete and 0 interrupted iterations
normal_day   [  13% ] 021/100 VUs  01m17.9s/10m0s  1.73 iters/s

running (01m18.9s), 020/100 VUs, 49 complete and 0 interrupted iterations
normal_day   [  13% ] 020/100 VUs  01m18.9s/10m0s  1.76 iters/s

running (01m19.9s), 020/100 VUs, 50 complete and 0 interrupted iterations
normal_day   [  13% ] 020/100 VUs  01m19.9s/10m0s  1.77 iters/s

running (01m20.9s), 020/100 VUs, 52 complete and 0 interrupted iterations
normal_day   [  13% ] 020/100 VUs  01m20.9s/10m0s  1.80 iters/s

running (01m21.9s), 019/100 VUs, 55 complete and 0 interrupted iterations
normal_day   [  14% ] 019/100 VUs  01m21.9s/10m0s  1.82 iters/s

running (01m22.9s), 019/100 VUs, 57 complete and 0 interrupted iterations
normal_day   [  14% ] 019/100 VUs  01m22.9s/10m0s  1.84 iters/s

running (01m23.9s), 020/100 VUs, 58 complete and 0 interrupted iterations
normal_day   [  14% ] 020/100 VUs  01m23.9s/10m0s  1.87 iters/s

running (01m24.9s), 021/100 VUs, 59 complete and 0 interrupted iterations
normal_day   [  14% ] 021/100 VUs  01m24.9s/10m0s  1.89 iters/s

running (01m25.9s), 019/100 VUs, 62 complete and 0 interrupted iterations
normal_day   [  14% ] 019/100 VUs  01m25.9s/10m0s  1.90 iters/s

running (01m26.9s), 018/100 VUs, 65 complete and 0 interrupted iterations
normal_day   [  14% ] 018/100 VUs  01m26.9s/10m0s  1.93 iters/s

running (01m27.9s), 019/100 VUs, 66 complete and 0 interrupted iterations
normal_day   [  15% ] 019/100 VUs  01m27.9s/10m0s  1.95 iters/s

running (01m28.9s), 017/100 VUs, 70 complete and 0 interrupted iterations
normal_day   [  15% ] 017/100 VUs  01m28.9s/10m0s  1.97 iters/s

running (01m29.9s), 015/100 VUs, 74 complete and 0 interrupted iterations
normal_day   [  15% ] 015/100 VUs  01m29.9s/10m0s  1.99 iters/s

running (01m30.9s), 017/100 VUs, 74 complete and 0 interrupted iterations
normal_day   [  15% ] 017/100 VUs  01m30.9s/10m0s  2.02 iters/s

running (01m31.9s), 019/100 VUs, 74 complete and 0 interrupted iterations
normal_day   [  15% ] 019/100 VUs  01m31.9s/10m0s  2.04 iters/s

running (01m32.9s), 019/100 VUs, 76 complete and 0 interrupted iterations
normal_day   [  15% ] 019/100 VUs  01m32.9s/10m0s  2.06 iters/s

running (01m33.9s), 019/100 VUs, 78 complete and 0 interrupted iterations
normal_day   [  16% ] 019/100 VUs  01m33.9s/10m0s  2.08 iters/s

running (01m34.9s), 021/100 VUs, 79 complete and 0 interrupted iterations
normal_day   [  16% ] 021/100 VUs  01m34.9s/10m0s  2.11 iters/s

running (01m35.9s), 020/100 VUs, 82 complete and 0 interrupted iterations
normal_day   [  16% ] 020/100 VUs  01m35.9s/10m0s  2.13 iters/s

running (01m36.9s), 021/100 VUs, 83 complete and 0 interrupted iterations
normal_day   [  16% ] 021/100 VUs  01m36.9s/10m0s  2.16 iters/s

running (01m37.9s), 022/100 VUs, 84 complete and 0 interrupted iterations
normal_day   [  16% ] 022/100 VUs  01m37.9s/10m0s  2.18 iters/s

running (01m38.9s), 022/100 VUs, 86 complete and 0 interrupted iterations
normal_day   [  16% ] 022/100 VUs  01m38.9s/10m0s  2.20 iters/s

running (01m39.9s), 021/100 VUs, 89 complete and 0 interrupted iterations
normal_day   [  17% ] 021/100 VUs  01m39.9s/10m0s  2.22 iters/s

running (01m40.9s), 024/100 VUs, 89 complete and 0 interrupted iterations
normal_day   [  17% ] 024/100 VUs  01m40.9s/10m0s  2.25 iters/s

running (01m41.9s), 026/100 VUs, 89 complete and 0 interrupted iterations
normal_day   [  17% ] 026/100 VUs  01m41.9s/10m0s  2.27 iters/s

running (01m42.9s), 023/100 VUs, 94 complete and 0 interrupted iterations
normal_day   [  17% ] 023/100 VUs  01m42.9s/10m0s  2.29 iters/s

running (01m43.9s), 022/100 VUs, 97 complete and 0 interrupted iterations
normal_day   [  17% ] 022/100 VUs  01m43.9s/10m0s  2.30 iters/s

running (01m44.9s), 020/100 VUs, 102 complete and 0 interrupted iterations
normal_day   [  17% ] 020/100 VUs  01m44.9s/10m0s  2.33 iters/s

running (01m45.9s), 019/100 VUs, 105 complete and 0 interrupted iterations
normal_day   [  18% ] 019/100 VUs  01m45.9s/10m0s  2.35 iters/s

running (01m46.9s), 018/100 VUs, 108 complete and 0 interrupted iterations
normal_day   [  18% ] 018/100 VUs  01m46.9s/10m0s  2.37 iters/s

running (01m47.9s), 020/100 VUs, 109 complete and 0 interrupted iterations
normal_day   [  18% ] 020/100 VUs  01m47.9s/10m0s  2.40 iters/s

running (01m48.9s), 022/100 VUs, 109 complete and 0 interrupted iterations
normal_day   [  18% ] 022/100 VUs  01m48.9s/10m0s  2.42 iters/s

running (01m49.9s), 023/100 VUs, 111 complete and 0 interrupted iterations
normal_day   [  18% ] 023/100 VUs  01m49.9s/10m0s  2.44 iters/s

running (01m50.9s), 024/100 VUs, 112 complete and 0 interrupted iterations
normal_day   [  18% ] 024/100 VUs  01m50.9s/10m0s  2.46 iters/s

running (01m51.9s), 021/100 VUs, 118 complete and 0 interrupted iterations
normal_day   [  19% ] 021/100 VUs  01m51.9s/10m0s  2.49 iters/s

running (01m52.9s), 022/100 VUs, 119 complete and 0 interrupted iterations
normal_day   [  19% ] 022/100 VUs  01m52.9s/10m0s  2.51 iters/s

running (01m53.9s), 022/100 VUs, 122 complete and 0 interrupted iterations
normal_day   [  19% ] 022/100 VUs  01m53.9s/10m0s  2.53 iters/s

running (01m54.9s), 022/100 VUs, 124 complete and 0 interrupted iterations
normal_day   [  19% ] 022/100 VUs  01m54.9s/10m0s  2.55 iters/s

running (01m55.9s), 022/100 VUs, 127 complete and 0 interrupted iterations
normal_day   [  19% ] 022/100 VUs  01m55.9s/10m0s  2.58 iters/s

running (01m56.9s), 022/100 VUs, 129 complete and 0 interrupted iterations
normal_day   [  19% ] 022/100 VUs  01m56.9s/10m0s  2.59 iters/s

running (01m57.9s), 023/100 VUs, 131 complete and 0 interrupted iterations
normal_day   [  20% ] 023/100 VUs  01m57.9s/10m0s  2.62 iters/s

running (01m58.9s), 020/100 VUs, 137 complete and 0 interrupted iterations
normal_day   [  20% ] 020/100 VUs  01m58.9s/10m0s  2.65 iters/s

running (01m59.9s), 021/100 VUs, 138 complete and 0 interrupted iterations
normal_day   [  20% ] 021/100 VUs  01m59.9s/10m0s  2.66 iters/s

running (02m00.9s), 022/100 VUs, 140 complete and 0 interrupted iterations
normal_day   [  20% ] 022/100 VUs  02m00.9s/10m0s  2.69 iters/s

running (02m01.9s), 024/100 VUs, 141 complete and 0 interrupted iterations
normal_day   [  20% ] 024/100 VUs  02m01.9s/10m0s  2.71 iters/s

running (02m02.9s), 024/100 VUs, 143 complete and 0 interrupted iterations
normal_day   [  20% ] 024/100 VUs  02m02.9s/10m0s  2.73 iters/s

running (02m03.9s), 025/100 VUs, 145 complete and 0 interrupted iterations
normal_day   [  21% ] 025/100 VUs  02m03.9s/10m0s  2.75 iters/s

running (02m04.9s), 028/100 VUs, 145 complete and 0 interrupted iterations
normal_day   [  21% ] 028/100 VUs  02m04.9s/10m0s  2.78 iters/s

running (02m05.9s), 028/100 VUs, 148 complete and 0 interrupted iterations
normal_day   [  21% ] 028/100 VUs  02m05.9s/10m0s  2.80 iters/s

running (02m06.9s), 027/100 VUs, 151 complete and 0 interrupted iterations
normal_day   [  21% ] 027/100 VUs  02m06.9s/10m0s  2.82 iters/s

running (02m07.9s), 029/100 VUs, 152 complete and 0 interrupted iterations
normal_day   [  21% ] 029/100 VUs  02m07.9s/10m0s  2.84 iters/s

running (02m08.9s), 030/100 VUs, 154 complete and 0 interrupted iterations
normal_day   [  21% ] 030/100 VUs  02m08.9s/10m0s  2.86 iters/s

running (02m09.9s), 031/100 VUs, 156 complete and 0 interrupted iterations
normal_day   [  22% ] 031/100 VUs  02m09.9s/10m0s  2.89 iters/s

running (02m10.9s), 028/100 VUs, 162 complete and 0 interrupted iterations
normal_day   [  22% ] 028/100 VUs  02m10.9s/10m0s  2.91 iters/s

running (02m11.9s), 029/100 VUs, 164 complete and 0 interrupted iterations
normal_day   [  22% ] 029/100 VUs  02m11.9s/10m0s  2.93 iters/s

running (02m12.9s), 028/100 VUs, 168 complete and 0 interrupted iterations
normal_day   [  22% ] 028/100 VUs  02m12.9s/10m0s  2.96 iters/s

running (02m13.9s), 027/100 VUs, 172 complete and 0 interrupted iterations
normal_day   [  22% ] 027/100 VUs  02m13.9s/10m0s  2.98 iters/s

running (02m14.9s), 029/100 VUs, 173 complete and 0 interrupted iterations
normal_day   [  22% ] 029/100 VUs  02m14.9s/10m0s  3.00 iters/s

running (02m15.9s), 029/100 VUs, 176 complete and 0 interrupted iterations
normal_day   [  23% ] 029/100 VUs  02m15.9s/10m0s  3.02 iters/s

running (02m16.9s), 029/100 VUs, 179 complete and 0 interrupted iterations
normal_day   [  23% ] 029/100 VUs  02m16.9s/10m0s  3.04 iters/s

running (02m17.9s), 031/100 VUs, 180 complete and 0 interrupted iterations
normal_day   [  23% ] 031/100 VUs  02m17.9s/10m0s  3.07 iters/s

running (02m18.9s), 033/100 VUs, 181 complete and 0 interrupted iterations
normal_day   [  23% ] 033/100 VUs  02m18.9s/10m0s  3.09 iters/s

running (02m19.9s), 031/100 VUs, 186 complete and 0 interrupted iterations
normal_day   [  23% ] 031/100 VUs  02m19.9s/10m0s  3.11 iters/s

running (02m20.9s), 029/100 VUs, 191 complete and 0 interrupted iterations
normal_day   [  23% ] 029/100 VUs  02m20.9s/10m0s  3.13 iters/s

running (02m21.9s), 030/100 VUs, 193 complete and 0 interrupted iterations
normal_day   [  24% ] 030/100 VUs  02m21.9s/10m0s  3.15 iters/s

running (02m22.9s), 030/100 VUs, 196 complete and 0 interrupted iterations
normal_day   [  24% ] 030/100 VUs  02m22.9s/10m0s  3.17 iters/s

running (02m23.9s), 031/100 VUs, 199 complete and 0 interrupted iterations
normal_day   [  24% ] 031/100 VUs  02m23.9s/10m0s  3.20 iters/s

running (02m24.9s), 031/100 VUs, 202 complete and 0 interrupted iterations
normal_day   [  24% ] 031/100 VUs  02m24.9s/10m0s  3.22 iters/s

running (02m25.9s), 032/100 VUs, 204 complete and 0 interrupted iterations
normal_day   [  24% ] 032/100 VUs  02m25.9s/10m0s  3.24 iters/s

running (02m26.9s), 033/100 VUs, 206 complete and 0 interrupted iterations
normal_day   [  24% ] 033/100 VUs  02m26.9s/10m0s  3.26 iters/s

running (02m27.9s), 030/100 VUs, 212 complete and 0 interrupted iterations
normal_day   [  25% ] 030/100 VUs  02m27.9s/10m0s  3.28 iters/s

running (02m28.9s), 033/100 VUs, 213 complete and 0 interrupted iterations
normal_day   [  25% ] 033/100 VUs  02m28.9s/10m0s  3.31 iters/s

running (02m29.9s), 034/100 VUs, 215 complete and 0 interrupted iterations
normal_day   [  25% ] 034/100 VUs  02m29.9s/10m0s  3.33 iters/s

running (02m30.9s), 036/100 VUs, 216 complete and 0 interrupted iterations
normal_day   [  25% ] 036/100 VUs  02m30.9s/10m0s  3.35 iters/s

running (02m31.9s), 033/100 VUs, 223 complete and 0 interrupted iterations
normal_day   [  25% ] 033/100 VUs  02m31.9s/10m0s  3.38 iters/s

running (02m32.9s), 029/100 VUs, 230 complete and 0 interrupted iterations
normal_day   [  25% ] 029/100 VUs  02m32.9s/10m0s  3.40 iters/s

running (02m33.9s), 031/100 VUs, 232 complete and 0 interrupted iterations
normal_day   [  26% ] 031/100 VUs  02m33.9s/10m0s  3.42 iters/s

running (02m34.9s), 033/100 VUs, 233 complete and 0 interrupted iterations
normal_day   [  26% ] 033/100 VUs  02m34.9s/10m0s  3.44 iters/s

running (02m35.9s), 034/100 VUs, 235 complete and 0 interrupted iterations
normal_day   [  26% ] 034/100 VUs  02m35.9s/10m0s  3.46 iters/s

running (02m36.9s), 037/100 VUs, 236 complete and 0 interrupted iterations
normal_day   [  26% ] 037/100 VUs  02m36.9s/10m0s  3.49 iters/s

running (02m37.9s), 034/100 VUs, 242 complete and 0 interrupted iterations
normal_day   [  26% ] 034/100 VUs  02m37.9s/10m0s  3.51 iters/s

running (02m38.9s), 034/100 VUs, 246 complete and 0 interrupted iterations
normal_day   [  26% ] 034/100 VUs  02m38.9s/10m0s  3.53 iters/s

running (02m39.9s), 035/100 VUs, 249 complete and 0 interrupted iterations
normal_day   [  27% ] 035/100 VUs  02m39.9s/10m0s  3.56 iters/s

running (02m40.9s), 033/100 VUs, 254 complete and 0 interrupted iterations
normal_day   [  27% ] 033/100 VUs  02m40.9s/10m0s  3.57 iters/s

running (02m41.9s), 034/100 VUs, 257 complete and 0 interrupted iterations
normal_day   [  27% ] 034/100 VUs  02m41.9s/10m0s  3.60 iters/s

running (02m42.9s), 036/100 VUs, 258 complete and 0 interrupted iterations
normal_day   [  27% ] 036/100 VUs  02m42.9s/10m0s  3.62 iters/s

running (02m43.9s), 035/100 VUs, 263 complete and 0 interrupted iterations
normal_day   [  27% ] 035/100 VUs  02m43.9s/10m0s  3.64 iters/s

running (02m44.9s), 037/100 VUs, 265 complete and 0 interrupted iterations
normal_day   [  27% ] 037/100 VUs  02m44.9s/10m0s  3.67 iters/s

running (02m45.9s), 037/100 VUs, 268 complete and 0 interrupted iterations
normal_day   [  28% ] 037/100 VUs  02m45.9s/10m0s  3.68 iters/s

running (02m46.9s), 036/100 VUs, 273 complete and 0 interrupted iterations
normal_day   [  28% ] 036/100 VUs  02m46.9s/10m0s  3.71 iters/s

running (02m47.9s), 036/100 VUs, 277 complete and 0 interrupted iterations
normal_day   [  28% ] 036/100 VUs  02m47.9s/10m0s  3.73 iters/s

running (02m48.9s), 037/100 VUs, 279 complete and 0 interrupted iterations
normal_day   [  28% ] 037/100 VUs  02m48.9s/10m0s  3.75 iters/s

running (02m49.9s), 037/100 VUs, 283 complete and 0 interrupted iterations
normal_day   [  28% ] 037/100 VUs  02m49.9s/10m0s  3.77 iters/s

running (02m50.9s), 036/100 VUs, 288 complete and 0 interrupted iterations
normal_day   [  28% ] 036/100 VUs  02m50.9s/10m0s  3.80 iters/s

running (02m51.9s), 036/100 VUs, 292 complete and 0 interrupted iterations
normal_day   [  29% ] 036/100 VUs  02m51.9s/10m0s  3.82 iters/s

running (02m52.9s), 035/100 VUs, 297 complete and 0 interrupted iterations
normal_day   [  29% ] 035/100 VUs  02m52.9s/10m0s  3.84 iters/s

running (02m53.9s), 035/100 VUs, 300 complete and 0 interrupted iterations
normal_day   [  29% ] 035/100 VUs  02m53.9s/10m0s  3.86 iters/s

running (02m54.9s), 032/100 VUs, 307 complete and 0 interrupted iterations
normal_day   [  29% ] 032/100 VUs  02m54.9s/10m0s  3.88 iters/s

running (02m55.9s), 034/100 VUs, 309 complete and 0 interrupted iterations
normal_day   [  29% ] 034/100 VUs  02m55.9s/10m0s  3.91 iters/s

running (02m56.9s), 036/100 VUs, 311 complete and 0 interrupted iterations
normal_day   [  29% ] 036/100 VUs  02m56.9s/10m0s  3.93 iters/s

running (02m57.9s), 036/100 VUs, 315 complete and 0 interrupted iterations
normal_day   [  30% ] 036/100 VUs  02m57.9s/10m0s  3.95 iters/s

running (02m58.9s), 036/100 VUs, 319 complete and 0 interrupted iterations
normal_day   [  30% ] 036/100 VUs  02m58.9s/10m0s  3.97 iters/s

running (02m59.9s), 033/100 VUs, 326 complete and 0 interrupted iterations
normal_day   [  30% ] 033/100 VUs  02m59.9s/10m0s  4.00 iters/s

running (03m00.9s), 034/100 VUs, 329 complete and 0 interrupted iterations
normal_day   [  30% ] 034/100 VUs  03m00.9s/10m0s  4.00 iters/s

running (03m01.9s), 034/100 VUs, 333 complete and 0 interrupted iterations
normal_day   [  30% ] 034/100 VUs  03m01.9s/10m0s  4.00 iters/s

running (03m02.9s), 037/100 VUs, 334 complete and 0 interrupted iterations
normal_day   [  30% ] 037/100 VUs  03m02.9s/10m0s  4.00 iters/s

running (03m03.9s), 041/100 VUs, 334 complete and 0 interrupted iterations
normal_day   [  31% ] 041/100 VUs  03m03.9s/10m0s  4.00 iters/s

running (03m04.9s), 042/100 VUs, 337 complete and 0 interrupted iterations
normal_day   [  31% ] 042/100 VUs  03m04.9s/10m0s  4.00 iters/s

running (03m05.9s), 041/100 VUs, 342 complete and 0 interrupted iterations
normal_day   [  31% ] 041/100 VUs  03m05.9s/10m0s  4.00 iters/s

running (03m06.9s), 041/100 VUs, 346 complete and 0 interrupted iterations
normal_day   [  31% ] 041/100 VUs  03m06.9s/10m0s  4.00 iters/s

running (03m07.9s), 043/100 VUs, 348 complete and 0 interrupted iterations
normal_day   [  31% ] 043/100 VUs  03m07.9s/10m0s  4.00 iters/s

running (03m08.9s), 044/100 VUs, 351 complete and 0 interrupted iterations
normal_day   [  31% ] 044/100 VUs  03m08.9s/10m0s  4.00 iters/s

running (03m09.9s), 039/100 VUs, 360 complete and 0 interrupted iterations
normal_day   [  32% ] 039/100 VUs  03m09.9s/10m0s  4.00 iters/s

running (03m10.9s), 040/100 VUs, 363 complete and 0 interrupted iterations
normal_day   [  32% ] 040/100 VUs  03m10.9s/10m0s  4.00 iters/s

running (03m11.9s), 039/100 VUs, 368 complete and 0 interrupted iterations
normal_day   [  32% ] 039/100 VUs  03m11.9s/10m0s  4.00 iters/s

running (03m12.9s), 040/100 VUs, 371 complete and 0 interrupted iterations
normal_day   [  32% ] 040/100 VUs  03m12.9s/10m0s  4.00 iters/s

running (03m13.9s), 041/100 VUs, 374 complete and 0 interrupted iterations
normal_day   [  32% ] 041/100 VUs  03m13.9s/10m0s  4.00 iters/s

running (03m14.9s), 039/100 VUs, 380 complete and 0 interrupted iterations
normal_day   [  32% ] 039/100 VUs  03m14.9s/10m0s  4.00 iters/s

running (03m15.9s), 040/100 VUs, 383 complete and 0 interrupted iterations
normal_day   [  33% ] 040/100 VUs  03m15.9s/10m0s  4.00 iters/s

running (03m16.9s), 039/100 VUs, 388 complete and 0 interrupted iterations
normal_day   [  33% ] 039/100 VUs  03m16.9s/10m0s  4.00 iters/s

running (03m17.9s), 037/100 VUs, 394 complete and 0 interrupted iterations
normal_day   [  33% ] 037/100 VUs  03m17.9s/10m0s  4.00 iters/s

running (03m18.9s), 037/100 VUs, 398 complete and 0 interrupted iterations
normal_day   [  33% ] 037/100 VUs  03m18.9s/10m0s  4.00 iters/s

running (03m19.9s), 039/100 VUs, 400 complete and 0 interrupted iterations
normal_day   [  33% ] 039/100 VUs  03m19.9s/10m0s  4.00 iters/s

running (03m20.9s), 040/100 VUs, 403 complete and 0 interrupted iterations
normal_day   [  33% ] 040/100 VUs  03m20.9s/10m0s  4.00 iters/s

running (03m21.9s), 040/100 VUs, 407 complete and 0 interrupted iterations
normal_day   [  34% ] 040/100 VUs  03m21.9s/10m0s  4.00 iters/s

running (03m22.9s), 039/100 VUs, 412 complete and 0 interrupted iterations
normal_day   [  34% ] 039/100 VUs  03m22.9s/10m0s  4.00 iters/s

running (03m23.9s), 038/100 VUs, 417 complete and 0 interrupted iterations
normal_day   [  34% ] 038/100 VUs  03m23.9s/10m0s  4.00 iters/s

running (03m24.9s), 038/100 VUs, 421 complete and 0 interrupted iterations
normal_day   [  34% ] 038/100 VUs  03m24.9s/10m0s  4.00 iters/s

running (03m25.9s), 040/100 VUs, 423 complete and 0 interrupted iterations
normal_day   [  34% ] 040/100 VUs  03m25.9s/10m0s  4.00 iters/s

running (03m26.9s), 039/100 VUs, 428 complete and 0 interrupted iterations
normal_day   [  34% ] 039/100 VUs  03m26.9s/10m0s  4.00 iters/s

running (03m27.9s), 040/100 VUs, 431 complete and 0 interrupted iterations
normal_day   [  35% ] 040/100 VUs  03m27.9s/10m0s  4.00 iters/s

running (03m28.9s), 036/100 VUs, 439 complete and 0 interrupted iterations
normal_day   [  35% ] 036/100 VUs  03m28.9s/10m0s  4.00 iters/s

running (03m29.9s), 036/100 VUs, 443 complete and 0 interrupted iterations
normal_day   [  35% ] 036/100 VUs  03m29.9s/10m0s  4.00 iters/s

running (03m30.9s), 034/100 VUs, 449 complete and 0 interrupted iterations
normal_day   [  35% ] 034/100 VUs  03m30.9s/10m0s  4.00 iters/s

running (03m31.9s), 034/100 VUs, 453 complete and 0 interrupted iterations
normal_day   [  35% ] 034/100 VUs  03m31.9s/10m0s  4.00 iters/s

running (03m32.9s), 034/100 VUs, 457 complete and 0 interrupted iterations
normal_day   [  35% ] 034/100 VUs  03m32.9s/10m0s  4.00 iters/s

running (03m33.9s), 034/100 VUs, 461 complete and 0 interrupted iterations
normal_day   [  36% ] 034/100 VUs  03m33.9s/10m0s  4.00 iters/s

running (03m34.9s), 036/100 VUs, 463 complete and 0 interrupted iterations
normal_day   [  36% ] 036/100 VUs  03m34.9s/10m0s  4.00 iters/s

running (03m35.9s), 036/100 VUs, 467 complete and 0 interrupted iterations
normal_day   [  36% ] 036/100 VUs  03m35.9s/10m0s  4.00 iters/s

running (03m36.9s), 037/100 VUs, 470 complete and 0 interrupted iterations
normal_day   [  36% ] 037/100 VUs  03m36.9s/10m0s  4.00 iters/s

running (03m37.9s), 036/100 VUs, 475 complete and 0 interrupted iterations
normal_day   [  36% ] 036/100 VUs  03m37.9s/10m0s  4.00 iters/s

running (03m38.9s), 035/100 VUs, 480 complete and 0 interrupted iterations
normal_day   [  36% ] 035/100 VUs  03m38.9s/10m0s  4.00 iters/s

running (03m39.9s), 038/100 VUs, 481 complete and 0 interrupted iterations
normal_day   [  37% ] 038/100 VUs  03m39.9s/10m0s  4.00 iters/s

running (03m40.9s), 039/100 VUs, 484 complete and 0 interrupted iterations
normal_day   [  37% ] 039/100 VUs  03m40.9s/10m0s  4.00 iters/s

running (03m41.9s), 041/100 VUs, 486 complete and 0 interrupted iterations
normal_day   [  37% ] 041/100 VUs  03m41.9s/10m0s  4.00 iters/s

running (03m42.9s), 042/100 VUs, 489 complete and 0 interrupted iterations
normal_day   [  37% ] 042/100 VUs  03m42.9s/10m0s  4.00 iters/s

running (03m43.9s), 042/100 VUs, 493 complete and 0 interrupted iterations
normal_day   [  37% ] 042/100 VUs  03m43.9s/10m0s  4.00 iters/s

running (03m44.9s), 044/100 VUs, 495 complete and 0 interrupted iterations
normal_day   [  37% ] 044/100 VUs  03m44.9s/10m0s  4.00 iters/s

running (03m45.9s), 042/100 VUs, 501 complete and 0 interrupted iterations
normal_day   [  38% ] 042/100 VUs  03m45.9s/10m0s  4.00 iters/s

running (03m46.9s), 044/100 VUs, 503 complete and 0 interrupted iterations
normal_day   [  38% ] 044/100 VUs  03m46.9s/10m0s  4.00 iters/s

running (03m47.9s), 041/100 VUs, 510 complete and 0 interrupted iterations
normal_day   [  38% ] 041/100 VUs  03m47.9s/10m0s  4.00 iters/s

running (03m48.9s), 038/100 VUs, 517 complete and 0 interrupted iterations
normal_day   [  38% ] 038/100 VUs  03m48.9s/10m0s  4.00 iters/s

running (03m49.9s), 038/100 VUs, 521 complete and 0 interrupted iterations
normal_day   [  38% ] 038/100 VUs  03m49.9s/10m0s  4.00 iters/s

running (03m50.9s), 039/100 VUs, 524 complete and 0 interrupted iterations
normal_day   [  38% ] 039/100 VUs  03m50.9s/10m0s  4.00 iters/s

running (03m51.9s), 038/100 VUs, 529 complete and 0 interrupted iterations
normal_day   [  39% ] 038/100 VUs  03m51.9s/10m0s  4.00 iters/s

running (03m52.9s), 036/100 VUs, 535 complete and 0 interrupted iterations
normal_day   [  39% ] 036/100 VUs  03m52.9s/10m0s  4.00 iters/s

running (03m53.9s), 039/100 VUs, 536 complete and 0 interrupted iterations
normal_day   [  39% ] 039/100 VUs  03m53.9s/10m0s  4.00 iters/s

running (03m54.9s), 038/100 VUs, 541 complete and 0 interrupted iterations
normal_day   [  39% ] 038/100 VUs  03m54.9s/10m0s  4.00 iters/s

running (03m55.9s), 039/100 VUs, 544 complete and 0 interrupted iterations
normal_day   [  39% ] 039/100 VUs  03m55.9s/10m0s  4.00 iters/s

running (03m56.9s), 039/100 VUs, 548 complete and 0 interrupted iterations
normal_day   [  39% ] 039/100 VUs  03m56.9s/10m0s  4.00 iters/s

running (03m57.9s), 034/100 VUs, 557 complete and 0 interrupted iterations
normal_day   [  40% ] 034/100 VUs  03m57.9s/10m0s  4.00 iters/s

running (03m58.9s), 037/100 VUs, 558 complete and 0 interrupted iterations
normal_day   [  40% ] 037/100 VUs  03m58.9s/10m0s  4.00 iters/s

running (03m59.9s), 039/100 VUs, 560 complete and 0 interrupted iterations
normal_day   [  40% ] 039/100 VUs  03m59.9s/10m0s  4.00 iters/s

running (04m00.9s), 036/100 VUs, 567 complete and 0 interrupted iterations
normal_day   [  40% ] 036/100 VUs  04m00.9s/10m0s  4.00 iters/s

running (04m01.9s), 036/100 VUs, 571 complete and 0 interrupted iterations
normal_day   [  40% ] 036/100 VUs  04m01.9s/10m0s  4.00 iters/s

running (04m02.9s), 039/100 VUs, 572 complete and 0 interrupted iterations
normal_day   [  40% ] 039/100 VUs  04m02.9s/10m0s  4.00 iters/s

running (04m03.9s), 041/100 VUs, 574 complete and 0 interrupted iterations
normal_day   [  41% ] 041/100 VUs  04m03.9s/10m0s  4.00 iters/s

running (04m04.9s), 043/100 VUs, 576 complete and 0 interrupted iterations
normal_day   [  41% ] 043/100 VUs  04m04.9s/10m0s  4.00 iters/s

running (04m05.9s), 040/100 VUs, 583 complete and 0 interrupted iterations
normal_day   [  41% ] 040/100 VUs  04m05.9s/10m0s  4.00 iters/s

running (04m06.9s), 040/100 VUs, 587 complete and 0 interrupted iterations
normal_day   [  41% ] 040/100 VUs  04m06.9s/10m0s  4.00 iters/s

running (04m07.9s), 039/100 VUs, 592 complete and 0 interrupted iterations
normal_day   [  41% ] 039/100 VUs  04m07.9s/10m0s  4.00 iters/s

running (04m08.9s), 041/100 VUs, 594 complete and 0 interrupted iterations
normal_day   [  41% ] 041/100 VUs  04m08.9s/10m0s  4.00 iters/s

running (04m09.9s), 043/100 VUs, 596 complete and 0 interrupted iterations
normal_day   [  42% ] 043/100 VUs  04m09.9s/10m0s  4.00 iters/s

running (04m10.9s), 044/100 VUs, 599 complete and 0 interrupted iterations
normal_day   [  42% ] 044/100 VUs  04m10.9s/10m0s  4.00 iters/s

running (04m11.9s), 045/100 VUs, 602 complete and 0 interrupted iterations
normal_day   [  42% ] 045/100 VUs  04m11.9s/10m0s  4.00 iters/s

running (04m12.9s), 046/100 VUs, 605 complete and 0 interrupted iterations
normal_day   [  42% ] 046/100 VUs  04m12.9s/10m0s  4.00 iters/s

running (04m13.9s), 044/100 VUs, 611 complete and 0 interrupted iterations
normal_day   [  42% ] 044/100 VUs  04m13.9s/10m0s  4.00 iters/s

running (04m14.9s), 046/100 VUs, 613 complete and 0 interrupted iterations
normal_day   [  42% ] 046/100 VUs  04m14.9s/10m0s  4.00 iters/s

running (04m15.9s), 045/100 VUs, 618 complete and 0 interrupted iterations
normal_day   [  43% ] 045/100 VUs  04m15.9s/10m0s  4.00 iters/s

running (04m16.9s), 046/100 VUs, 621 complete and 0 interrupted iterations
normal_day   [  43% ] 046/100 VUs  04m16.9s/10m0s  4.00 iters/s

running (04m17.9s), 045/100 VUs, 626 complete and 0 interrupted iterations
normal_day   [  43% ] 045/100 VUs  04m17.9s/10m0s  4.00 iters/s

running (04m18.9s), 043/100 VUs, 632 complete and 0 interrupted iterations
normal_day   [  43% ] 043/100 VUs  04m18.9s/10m0s  4.00 iters/s

running (04m19.9s), 044/100 VUs, 635 complete and 0 interrupted iterations
normal_day   [  43% ] 044/100 VUs  04m19.9s/10m0s  4.00 iters/s

running (04m20.9s), 046/100 VUs, 637 complete and 0 interrupted iterations
normal_day   [  43% ] 046/100 VUs  04m20.9s/10m0s  4.00 iters/s

running (04m21.9s), 045/100 VUs, 642 complete and 0 interrupted iterations
normal_day   [  44% ] 045/100 VUs  04m21.9s/10m0s  4.00 iters/s

running (04m22.9s), 044/100 VUs, 647 complete and 0 interrupted iterations
normal_day   [  44% ] 044/100 VUs  04m22.9s/10m0s  4.00 iters/s

running (04m23.9s), 046/100 VUs, 649 complete and 0 interrupted iterations
normal_day   [  44% ] 046/100 VUs  04m23.9s/10m0s  4.00 iters/s

running (04m24.9s), 047/100 VUs, 652 complete and 0 interrupted iterations
normal_day   [  44% ] 047/100 VUs  04m24.9s/10m0s  4.00 iters/s

running (04m25.9s), 048/100 VUs, 655 complete and 0 interrupted iterations
normal_day   [  44% ] 048/100 VUs  04m25.9s/10m0s  4.00 iters/s

running (04m26.9s), 045/100 VUs, 662 complete and 0 interrupted iterations
normal_day   [  44% ] 045/100 VUs  04m26.9s/10m0s  4.00 iters/s

running (04m27.9s), 042/100 VUs, 669 complete and 0 interrupted iterations
normal_day   [  45% ] 042/100 VUs  04m27.9s/10m0s  4.00 iters/s

running (04m28.9s), 042/100 VUs, 673 complete and 0 interrupted iterations
normal_day   [  45% ] 042/100 VUs  04m28.9s/10m0s  4.00 iters/s

running (04m29.9s), 042/100 VUs, 677 complete and 0 interrupted iterations
normal_day   [  45% ] 042/100 VUs  04m29.9s/10m0s  4.00 iters/s

running (04m30.9s), 043/100 VUs, 680 complete and 0 interrupted iterations
normal_day   [  45% ] 043/100 VUs  04m30.9s/10m0s  4.00 iters/s

running (04m31.9s), 044/100 VUs, 683 complete and 0 interrupted iterations
normal_day   [  45% ] 044/100 VUs  04m31.9s/10m0s  4.00 iters/s

running (04m32.9s), 042/100 VUs, 689 complete and 0 interrupted iterations
normal_day   [  45% ] 042/100 VUs  04m32.9s/10m0s  4.00 iters/s

running (04m33.9s), 042/100 VUs, 693 complete and 0 interrupted iterations
normal_day   [  46% ] 042/100 VUs  04m33.9s/10m0s  4.00 iters/s

running (04m34.9s), 041/100 VUs, 698 complete and 0 interrupted iterations
normal_day   [  46% ] 041/100 VUs  04m34.9s/10m0s  4.00 iters/s

running (04m35.9s), 039/100 VUs, 704 complete and 0 interrupted iterations
normal_day   [  46% ] 039/100 VUs  04m35.9s/10m0s  4.00 iters/s

running (04m36.9s), 041/100 VUs, 706 complete and 0 interrupted iterations
normal_day   [  46% ] 041/100 VUs  04m36.9s/10m0s  4.00 iters/s

running (04m37.9s), 037/100 VUs, 714 complete and 0 interrupted iterations
normal_day   [  46% ] 037/100 VUs  04m37.9s/10m0s  4.00 iters/s

running (04m38.9s), 038/100 VUs, 717 complete and 0 interrupted iterations
normal_day   [  46% ] 038/100 VUs  04m38.9s/10m0s  4.00 iters/s

running (04m39.9s), 035/100 VUs, 724 complete and 0 interrupted iterations
normal_day   [  47% ] 035/100 VUs  04m39.9s/10m0s  4.00 iters/s

running (04m40.9s), 036/100 VUs, 727 complete and 0 interrupted iterations
normal_day   [  47% ] 036/100 VUs  04m40.9s/10m0s  4.00 iters/s

running (04m41.9s), 040/100 VUs, 727 complete and 0 interrupted iterations
normal_day   [  47% ] 040/100 VUs  04m41.9s/10m0s  4.00 iters/s

running (04m42.9s), 041/100 VUs, 730 complete and 0 interrupted iterations
normal_day   [  47% ] 041/100 VUs  04m42.9s/10m0s  4.00 iters/s

running (04m43.9s), 041/100 VUs, 734 complete and 0 interrupted iterations
normal_day   [  47% ] 041/100 VUs  04m43.9s/10m0s  4.00 iters/s

running (04m44.9s), 042/100 VUs, 737 complete and 0 interrupted iterations
normal_day   [  47% ] 042/100 VUs  04m44.9s/10m0s  4.00 iters/s

running (04m45.9s), 039/100 VUs, 744 complete and 0 interrupted iterations
normal_day   [  48% ] 039/100 VUs  04m45.9s/10m0s  4.00 iters/s

running (04m46.9s), 039/100 VUs, 748 complete and 0 interrupted iterations
normal_day   [  48% ] 039/100 VUs  04m46.9s/10m0s  4.00 iters/s

running (04m47.9s), 038/100 VUs, 753 complete and 0 interrupted iterations
normal_day   [  48% ] 038/100 VUs  04m47.9s/10m0s  4.00 iters/s

running (04m48.9s), 037/100 VUs, 758 complete and 0 interrupted iterations
normal_day   [  48% ] 037/100 VUs  04m48.9s/10m0s  4.00 iters/s

running (04m49.9s), 039/100 VUs, 760 complete and 0 interrupted iterations
normal_day   [  48% ] 039/100 VUs  04m49.9s/10m0s  4.00 iters/s

running (04m50.9s), 039/100 VUs, 764 complete and 0 interrupted iterations
normal_day   [  48% ] 039/100 VUs  04m50.9s/10m0s  4.00 iters/s

running (04m51.9s), 041/100 VUs, 766 complete and 0 interrupted iterations
normal_day   [  49% ] 041/100 VUs  04m51.9s/10m0s  4.00 iters/s

running (04m52.9s), 040/100 VUs, 771 complete and 0 interrupted iterations
normal_day   [  49% ] 040/100 VUs  04m52.9s/10m0s  4.00 iters/s

running (04m53.9s), 040/100 VUs, 775 complete and 0 interrupted iterations
normal_day   [  49% ] 040/100 VUs  04m53.9s/10m0s  4.00 iters/s

running (04m54.9s), 039/100 VUs, 780 complete and 0 interrupted iterations
normal_day   [  49% ] 039/100 VUs  04m54.9s/10m0s  4.00 iters/s

running (04m55.9s), 042/100 VUs, 781 complete and 0 interrupted iterations
normal_day   [  49% ] 042/100 VUs  04m55.9s/10m0s  4.00 iters/s

running (04m56.9s), 044/100 VUs, 783 complete and 0 interrupted iterations
normal_day   [  49% ] 044/100 VUs  04m56.9s/10m0s  4.00 iters/s

running (04m57.9s), 043/100 VUs, 788 complete and 0 interrupted iterations
normal_day   [  50% ] 043/100 VUs  04m57.9s/10m0s  4.00 iters/s

running (04m58.9s), 044/100 VUs, 791 complete and 0 interrupted iterations
normal_day   [  50% ] 044/100 VUs  04m58.9s/10m0s  4.00 iters/s

running (04m59.9s), 043/100 VUs, 796 complete and 0 interrupted iterations
normal_day   [  50% ] 043/100 VUs  04m59.9s/10m0s  4.00 iters/s

running (05m00.9s), 041/100 VUs, 802 complete and 0 interrupted iterations
normal_day   [  50% ] 041/100 VUs  05m00.9s/10m0s  4.00 iters/s

running (05m01.9s), 041/100 VUs, 806 complete and 0 interrupted iterations
normal_day   [  50% ] 041/100 VUs  05m01.9s/10m0s  4.00 iters/s

running (05m02.9s), 039/100 VUs, 812 complete and 0 interrupted iterations
normal_day   [  50% ] 039/100 VUs  05m02.9s/10m0s  4.00 iters/s

running (05m03.9s), 038/100 VUs, 817 complete and 0 interrupted iterations
normal_day   [  51% ] 038/100 VUs  05m03.9s/10m0s  4.00 iters/s

running (05m04.9s), 038/100 VUs, 821 complete and 0 interrupted iterations
normal_day   [  51% ] 038/100 VUs  05m04.9s/10m0s  4.00 iters/s

running (05m05.9s), 038/100 VUs, 825 complete and 0 interrupted iterations
normal_day   [  51% ] 038/100 VUs  05m05.9s/10m0s  4.00 iters/s

running (05m06.9s), 039/100 VUs, 828 complete and 0 interrupted iterations
normal_day   [  51% ] 039/100 VUs  05m06.9s/10m0s  4.00 iters/s

running (05m07.9s), 041/100 VUs, 830 complete and 0 interrupted iterations
normal_day   [  51% ] 041/100 VUs  05m07.9s/10m0s  4.00 iters/s

running (05m08.9s), 041/100 VUs, 834 complete and 0 interrupted iterations
normal_day   [  51% ] 041/100 VUs  05m08.9s/10m0s  4.00 iters/s

running (05m09.9s), 042/100 VUs, 837 complete and 0 interrupted iterations
normal_day   [  52% ] 042/100 VUs  05m09.9s/10m0s  4.00 iters/s

running (05m10.9s), 044/100 VUs, 839 complete and 0 interrupted iterations
normal_day   [  52% ] 044/100 VUs  05m10.9s/10m0s  4.00 iters/s

running (05m11.9s), 044/100 VUs, 843 complete and 0 interrupted iterations
normal_day   [  52% ] 044/100 VUs  05m11.9s/10m0s  4.00 iters/s

running (05m12.9s), 045/100 VUs, 846 complete and 0 interrupted iterations
normal_day   [  52% ] 045/100 VUs  05m12.9s/10m0s  4.00 iters/s

running (05m13.9s), 045/100 VUs, 850 complete and 0 interrupted iterations
normal_day   [  52% ] 045/100 VUs  05m13.9s/10m0s  4.00 iters/s

running (05m14.9s), 045/100 VUs, 854 complete and 0 interrupted iterations
normal_day   [  52% ] 045/100 VUs  05m14.9s/10m0s  4.00 iters/s

running (05m15.9s), 044/100 VUs, 859 complete and 0 interrupted iterations
normal_day   [  53% ] 044/100 VUs  05m15.9s/10m0s  4.00 iters/s

running (05m16.9s), 040/100 VUs, 867 complete and 0 interrupted iterations
normal_day   [  53% ] 040/100 VUs  05m16.9s/10m0s  4.00 iters/s

running (05m17.9s), 041/100 VUs, 870 complete and 0 interrupted iterations
normal_day   [  53% ] 041/100 VUs  05m17.9s/10m0s  4.00 iters/s

running (05m18.9s), 041/100 VUs, 874 complete and 0 interrupted iterations
normal_day   [  53% ] 041/100 VUs  05m18.9s/10m0s  4.00 iters/s

running (05m19.9s), 040/100 VUs, 879 complete and 0 interrupted iterations
normal_day   [  53% ] 040/100 VUs  05m19.9s/10m0s  4.00 iters/s

running (05m20.9s), 038/100 VUs, 885 complete and 0 interrupted iterations
normal_day   [  53% ] 038/100 VUs  05m20.9s/10m0s  4.00 iters/s

running (05m21.9s), 038/100 VUs, 889 complete and 0 interrupted iterations
normal_day   [  54% ] 038/100 VUs  05m21.9s/10m0s  4.00 iters/s

running (05m22.9s), 038/100 VUs, 893 complete and 0 interrupted iterations
normal_day   [  54% ] 038/100 VUs  05m22.9s/10m0s  4.00 iters/s

running (05m23.9s), 038/100 VUs, 897 complete and 0 interrupted iterations
normal_day   [  54% ] 038/100 VUs  05m23.9s/10m0s  4.00 iters/s

running (05m24.9s), 037/100 VUs, 902 complete and 0 interrupted iterations
normal_day   [  54% ] 037/100 VUs  05m24.9s/10m0s  4.00 iters/s

running (05m25.9s), 032/100 VUs, 911 complete and 0 interrupted iterations
normal_day   [  54% ] 032/100 VUs  05m25.9s/10m0s  4.00 iters/s

running (05m26.9s), 031/100 VUs, 916 complete and 0 interrupted iterations
normal_day   [  54% ] 031/100 VUs  05m26.9s/10m0s  4.00 iters/s

running (05m27.9s), 033/100 VUs, 918 complete and 0 interrupted iterations
normal_day   [  55% ] 033/100 VUs  05m27.9s/10m0s  4.00 iters/s

running (05m28.9s), 036/100 VUs, 919 complete and 0 interrupted iterations
normal_day   [  55% ] 036/100 VUs  05m28.9s/10m0s  4.00 iters/s

running (05m29.9s), 036/100 VUs, 923 complete and 0 interrupted iterations
normal_day   [  55% ] 036/100 VUs  05m29.9s/10m0s  4.00 iters/s

running (05m30.9s), 037/100 VUs, 926 complete and 0 interrupted iterations
normal_day   [  55% ] 037/100 VUs  05m30.9s/10m0s  4.00 iters/s

running (05m31.9s), 040/100 VUs, 927 complete and 0 interrupted iterations
normal_day   [  55% ] 040/100 VUs  05m31.9s/10m0s  4.00 iters/s

running (05m32.9s), 041/100 VUs, 930 complete and 0 interrupted iterations
normal_day   [  55% ] 041/100 VUs  05m32.9s/10m0s  4.00 iters/s

running (05m33.9s), 044/100 VUs, 931 complete and 0 interrupted iterations
normal_day   [  56% ] 044/100 VUs  05m33.9s/10m0s  4.00 iters/s

running (05m34.9s), 045/100 VUs, 934 complete and 0 interrupted iterations
normal_day   [  56% ] 045/100 VUs  05m34.9s/10m0s  4.00 iters/s

running (05m35.9s), 041/100 VUs, 942 complete and 0 interrupted iterations
normal_day   [  56% ] 041/100 VUs  05m35.9s/10m0s  4.00 iters/s

running (05m36.9s), 040/100 VUs, 947 complete and 0 interrupted iterations
normal_day   [  56% ] 040/100 VUs  05m36.9s/10m0s  4.00 iters/s

running (05m37.9s), 040/100 VUs, 951 complete and 0 interrupted iterations
normal_day   [  56% ] 040/100 VUs  05m37.9s/10m0s  4.00 iters/s

running (05m38.9s), 040/100 VUs, 955 complete and 0 interrupted iterations
normal_day   [  56% ] 040/100 VUs  05m38.9s/10m0s  4.00 iters/s

running (05m39.9s), 041/100 VUs, 958 complete and 0 interrupted iterations
normal_day   [  57% ] 041/100 VUs  05m39.9s/10m0s  4.00 iters/s

running (05m40.9s), 043/100 VUs, 960 complete and 0 interrupted iterations
normal_day   [  57% ] 043/100 VUs  05m40.9s/10m0s  4.00 iters/s

running (05m41.9s), 042/100 VUs, 965 complete and 0 interrupted iterations
normal_day   [  57% ] 042/100 VUs  05m41.9s/10m0s  4.00 iters/s

running (05m42.9s), 042/100 VUs, 969 complete and 0 interrupted iterations
normal_day   [  57% ] 042/100 VUs  05m42.9s/10m0s  4.00 iters/s

running (05m43.9s), 043/100 VUs, 972 complete and 0 interrupted iterations
normal_day   [  57% ] 043/100 VUs  05m43.9s/10m0s  4.00 iters/s

running (05m44.9s), 044/100 VUs, 975 complete and 0 interrupted iterations
normal_day   [  57% ] 044/100 VUs  05m44.9s/10m0s  4.00 iters/s

running (05m45.9s), 046/100 VUs, 977 complete and 0 interrupted iterations
normal_day   [  58% ] 046/100 VUs  05m45.9s/10m0s  4.00 iters/s

running (05m46.9s), 047/100 VUs, 980 complete and 0 interrupted iterations
normal_day   [  58% ] 047/100 VUs  05m46.9s/10m0s  4.00 iters/s

running (05m47.9s), 045/100 VUs, 986 complete and 0 interrupted iterations
normal_day   [  58% ] 045/100 VUs  05m47.9s/10m0s  4.00 iters/s

running (05m48.9s), 047/100 VUs, 988 complete and 0 interrupted iterations
normal_day   [  58% ] 047/100 VUs  05m48.9s/10m0s  4.00 iters/s

running (05m49.9s), 045/100 VUs, 994 complete and 0 interrupted iterations
normal_day   [  58% ] 045/100 VUs  05m49.9s/10m0s  4.00 iters/s

running (05m50.9s), 045/100 VUs, 998 complete and 0 interrupted iterations
normal_day   [  58% ] 045/100 VUs  05m50.9s/10m0s  4.00 iters/s

running (05m51.9s), 046/100 VUs, 1001 complete and 0 interrupted iterations
normal_day   [  59% ] 046/100 VUs  05m51.9s/10m0s  4.00 iters/s

running (05m52.9s), 042/100 VUs, 1009 complete and 0 interrupted iterations
normal_day   [  59% ] 042/100 VUs  05m52.9s/10m0s  4.00 iters/s

running (05m53.9s), 040/100 VUs, 1015 complete and 0 interrupted iterations
normal_day   [  59% ] 040/100 VUs  05m53.9s/10m0s  4.00 iters/s

running (05m54.9s), 041/100 VUs, 1018 complete and 0 interrupted iterations
normal_day   [  59% ] 041/100 VUs  05m54.9s/10m0s  4.00 iters/s

running (05m55.9s), 039/100 VUs, 1024 complete and 0 interrupted iterations
normal_day   [  59% ] 039/100 VUs  05m55.9s/10m0s  4.00 iters/s

running (05m56.9s), 042/100 VUs, 1025 complete and 0 interrupted iterations
normal_day   [  59% ] 042/100 VUs  05m56.9s/10m0s  4.00 iters/s

running (05m57.9s), 045/100 VUs, 1026 complete and 0 interrupted iterations
normal_day   [  60% ] 045/100 VUs  05m57.9s/10m0s  4.00 iters/s

running (05m58.9s), 046/100 VUs, 1029 complete and 0 interrupted iterations
normal_day   [  60% ] 046/100 VUs  05m58.9s/10m0s  4.00 iters/s

running (05m59.9s), 048/100 VUs, 1031 complete and 0 interrupted iterations
normal_day   [  60% ] 048/100 VUs  05m59.9s/10m0s  4.00 iters/s

running (06m00.9s), 045/100 VUs, 1038 complete and 0 interrupted iterations
normal_day   [  60% ] 045/100 VUs  06m00.9s/10m0s  4.00 iters/s

running (06m01.9s), 045/100 VUs, 1042 complete and 0 interrupted iterations
normal_day   [  60% ] 045/100 VUs  06m01.9s/10m0s  4.00 iters/s

running (06m02.9s), 044/100 VUs, 1047 complete and 0 interrupted iterations
normal_day   [  60% ] 044/100 VUs  06m02.9s/10m0s  4.00 iters/s

running (06m03.9s), 045/100 VUs, 1050 complete and 0 interrupted iterations
normal_day   [  61% ] 045/100 VUs  06m03.9s/10m0s  4.00 iters/s

running (06m04.9s), 048/100 VUs, 1051 complete and 0 interrupted iterations
normal_day   [  61% ] 048/100 VUs  06m04.9s/10m0s  4.00 iters/s

running (06m05.9s), 046/100 VUs, 1057 complete and 0 interrupted iterations
normal_day   [  61% ] 046/100 VUs  06m05.9s/10m0s  4.00 iters/s

running (06m06.9s), 045/100 VUs, 1062 complete and 0 interrupted iterations
normal_day   [  61% ] 045/100 VUs  06m06.9s/10m0s  4.00 iters/s

running (06m07.9s), 045/100 VUs, 1066 complete and 0 interrupted iterations
normal_day   [  61% ] 045/100 VUs  06m07.9s/10m0s  4.00 iters/s

running (06m08.9s), 049/100 VUs, 1066 complete and 0 interrupted iterations
normal_day   [  61% ] 049/100 VUs  06m08.9s/10m0s  4.00 iters/s

running (06m09.9s), 048/100 VUs, 1071 complete and 0 interrupted iterations
normal_day   [  62% ] 048/100 VUs  06m09.9s/10m0s  4.00 iters/s

running (06m10.9s), 047/100 VUs, 1076 complete and 0 interrupted iterations
normal_day   [  62% ] 047/100 VUs  06m10.9s/10m0s  4.00 iters/s

running (06m11.9s), 050/100 VUs, 1077 complete and 0 interrupted iterations
normal_day   [  62% ] 050/100 VUs  06m11.9s/10m0s  4.00 iters/s

running (06m12.9s), 048/100 VUs, 1083 complete and 0 interrupted iterations
normal_day   [  62% ] 048/100 VUs  06m12.9s/10m0s  4.00 iters/s

running (06m13.9s), 047/100 VUs, 1088 complete and 0 interrupted iterations
normal_day   [  62% ] 047/100 VUs  06m13.9s/10m0s  4.00 iters/s

running (06m14.9s), 044/100 VUs, 1095 complete and 0 interrupted iterations
normal_day   [  62% ] 044/100 VUs  06m14.9s/10m0s  4.00 iters/s

running (06m15.9s), 044/100 VUs, 1099 complete and 0 interrupted iterations
normal_day   [  63% ] 044/100 VUs  06m15.9s/10m0s  4.00 iters/s

running (06m16.9s), 041/100 VUs, 1106 complete and 0 interrupted iterations
normal_day   [  63% ] 041/100 VUs  06m16.9s/10m0s  4.00 iters/s

running (06m17.9s), 044/100 VUs, 1107 complete and 0 interrupted iterations
normal_day   [  63% ] 044/100 VUs  06m17.9s/10m0s  4.00 iters/s

running (06m18.9s), 044/100 VUs, 1111 complete and 0 interrupted iterations
normal_day   [  63% ] 044/100 VUs  06m18.9s/10m0s  4.00 iters/s

running (06m19.9s), 044/100 VUs, 1115 complete and 0 interrupted iterations
normal_day   [  63% ] 044/100 VUs  06m19.9s/10m0s  4.00 iters/s

running (06m20.9s), 044/100 VUs, 1119 complete and 0 interrupted iterations
normal_day   [  63% ] 044/100 VUs  06m20.9s/10m0s  4.00 iters/s

running (06m21.9s), 044/100 VUs, 1123 complete and 0 interrupted iterations
normal_day   [  64% ] 044/100 VUs  06m21.9s/10m0s  4.00 iters/s

running (06m22.9s), 041/100 VUs, 1130 complete and 0 interrupted iterations
normal_day   [  64% ] 041/100 VUs  06m22.9s/10m0s  4.00 iters/s

running (06m23.9s), 044/100 VUs, 1131 complete and 0 interrupted iterations
normal_day   [  64% ] 044/100 VUs  06m23.9s/10m0s  4.00 iters/s

running (06m24.9s), 043/100 VUs, 1136 complete and 0 interrupted iterations
normal_day   [  64% ] 043/100 VUs  06m24.9s/10m0s  4.00 iters/s

running (06m25.9s), 042/100 VUs, 1141 complete and 0 interrupted iterations
normal_day   [  64% ] 042/100 VUs  06m25.9s/10m0s  4.00 iters/s

running (06m26.9s), 042/100 VUs, 1145 complete and 0 interrupted iterations
normal_day   [  64% ] 042/100 VUs  06m26.9s/10m0s  4.00 iters/s

running (06m27.9s), 039/100 VUs, 1152 complete and 0 interrupted iterations
normal_day   [  65% ] 039/100 VUs  06m27.9s/10m0s  4.00 iters/s

running (06m28.9s), 039/100 VUs, 1156 complete and 0 interrupted iterations
normal_day   [  65% ] 039/100 VUs  06m28.9s/10m0s  4.00 iters/s

running (06m29.9s), 038/100 VUs, 1161 complete and 0 interrupted iterations
normal_day   [  65% ] 038/100 VUs  06m29.9s/10m0s  4.00 iters/s

running (06m30.9s), 038/100 VUs, 1165 complete and 0 interrupted iterations
normal_day   [  65% ] 038/100 VUs  06m30.9s/10m0s  4.00 iters/s

running (06m31.9s), 038/100 VUs, 1169 complete and 0 interrupted iterations
normal_day   [  65% ] 038/100 VUs  06m31.9s/10m0s  4.00 iters/s

running (06m32.9s), 037/100 VUs, 1174 complete and 0 interrupted iterations
normal_day   [  65% ] 037/100 VUs  06m32.9s/10m0s  4.00 iters/s

running (06m33.9s), 035/100 VUs, 1180 complete and 0 interrupted iterations
normal_day   [  66% ] 035/100 VUs  06m33.9s/10m0s  4.00 iters/s

running (06m34.9s), 036/100 VUs, 1183 complete and 0 interrupted iterations
normal_day   [  66% ] 036/100 VUs  06m34.9s/10m0s  4.00 iters/s

running (06m35.9s), 037/100 VUs, 1186 complete and 0 interrupted iterations
normal_day   [  66% ] 037/100 VUs  06m35.9s/10m0s  4.00 iters/s

running (06m36.9s), 037/100 VUs, 1190 complete and 0 interrupted iterations
normal_day   [  66% ] 037/100 VUs  06m36.9s/10m0s  4.00 iters/s

running (06m37.9s), 036/100 VUs, 1195 complete and 0 interrupted iterations
normal_day   [  66% ] 036/100 VUs  06m37.9s/10m0s  4.00 iters/s

running (06m38.9s), 035/100 VUs, 1200 complete and 0 interrupted iterations
normal_day   [  66% ] 035/100 VUs  06m38.9s/10m0s  4.00 iters/s

running (06m39.9s), 035/100 VUs, 1204 complete and 0 interrupted iterations
normal_day   [  67% ] 035/100 VUs  06m39.9s/10m0s  4.00 iters/s

running (06m40.9s), 033/100 VUs, 1210 complete and 0 interrupted iterations
normal_day   [  67% ] 033/100 VUs  06m40.9s/10m0s  4.00 iters/s

running (06m41.9s), 033/100 VUs, 1214 complete and 0 interrupted iterations
normal_day   [  67% ] 033/100 VUs  06m41.9s/10m0s  4.00 iters/s

running (06m42.9s), 033/100 VUs, 1218 complete and 0 interrupted iterations
normal_day   [  67% ] 033/100 VUs  06m42.9s/10m0s  4.00 iters/s

running (06m43.9s), 032/100 VUs, 1223 complete and 0 interrupted iterations
normal_day   [  67% ] 032/100 VUs  06m43.9s/10m0s  4.00 iters/s

running (06m44.9s), 034/100 VUs, 1225 complete and 0 interrupted iterations
normal_day   [  67% ] 034/100 VUs  06m44.9s/10m0s  4.00 iters/s

running (06m45.9s), 034/100 VUs, 1229 complete and 0 interrupted iterations
normal_day   [  68% ] 034/100 VUs  06m45.9s/10m0s  4.00 iters/s

running (06m46.9s), 034/100 VUs, 1233 complete and 0 interrupted iterations
normal_day   [  68% ] 034/100 VUs  06m46.9s/10m0s  4.00 iters/s

running (06m47.9s), 038/100 VUs, 1233 complete and 0 interrupted iterations
normal_day   [  68% ] 038/100 VUs  06m47.9s/10m0s  4.00 iters/s

running (06m48.9s), 039/100 VUs, 1236 complete and 0 interrupted iterations
normal_day   [  68% ] 039/100 VUs  06m48.9s/10m0s  4.00 iters/s

running (06m49.9s), 041/100 VUs, 1238 complete and 0 interrupted iterations
normal_day   [  68% ] 041/100 VUs  06m49.9s/10m0s  4.00 iters/s

running (06m50.9s), 041/100 VUs, 1242 complete and 0 interrupted iterations
normal_day   [  68% ] 041/100 VUs  06m50.9s/10m0s  4.00 iters/s

running (06m51.9s), 041/100 VUs, 1246 complete and 0 interrupted iterations
normal_day   [  69% ] 041/100 VUs  06m51.9s/10m0s  4.00 iters/s

running (06m52.9s), 042/100 VUs, 1249 complete and 0 interrupted iterations
normal_day   [  69% ] 042/100 VUs  06m52.9s/10m0s  4.00 iters/s

running (06m53.9s), 044/100 VUs, 1251 complete and 0 interrupted iterations
normal_day   [  69% ] 044/100 VUs  06m53.9s/10m0s  4.00 iters/s

running (06m54.9s), 043/100 VUs, 1256 complete and 0 interrupted iterations
normal_day   [  69% ] 043/100 VUs  06m54.9s/10m0s  4.00 iters/s

running (06m55.9s), 044/100 VUs, 1259 complete and 0 interrupted iterations
normal_day   [  69% ] 044/100 VUs  06m55.9s/10m0s  4.00 iters/s

running (06m56.9s), 041/100 VUs, 1266 complete and 0 interrupted iterations
normal_day   [  69% ] 041/100 VUs  06m56.9s/10m0s  4.00 iters/s

running (06m57.9s), 042/100 VUs, 1269 complete and 0 interrupted iterations
normal_day   [  70% ] 042/100 VUs  06m57.9s/10m0s  4.00 iters/s

running (06m58.9s), 043/100 VUs, 1272 complete and 0 interrupted iterations
normal_day   [  70% ] 043/100 VUs  06m58.9s/10m0s  4.00 iters/s

running (06m59.9s), 040/100 VUs, 1279 complete and 0 interrupted iterations
normal_day   [  70% ] 040/100 VUs  06m59.9s/10m0s  4.00 iters/s

running (07m00.9s), 041/100 VUs, 1282 complete and 0 interrupted iterations
normal_day   [  70% ] 041/100 VUs  07m00.9s/10m0s  4.00 iters/s

running (07m01.9s), 044/100 VUs, 1283 complete and 0 interrupted iterations
normal_day   [  70% ] 044/100 VUs  07m01.9s/10m0s  4.00 iters/s

running (07m02.9s), 046/100 VUs, 1285 complete and 0 interrupted iterations
normal_day   [  70% ] 046/100 VUs  07m02.9s/10m0s  4.00 iters/s

running (07m03.9s), 045/100 VUs, 1290 complete and 0 interrupted iterations
normal_day   [  71% ] 045/100 VUs  07m03.9s/10m0s  4.00 iters/s

running (07m04.9s), 048/100 VUs, 1291 complete and 0 interrupted iterations
normal_day   [  71% ] 048/100 VUs  07m04.9s/10m0s  4.00 iters/s

running (07m05.9s), 048/100 VUs, 1295 complete and 0 interrupted iterations
normal_day   [  71% ] 048/100 VUs  07m05.9s/10m0s  4.00 iters/s

running (07m06.9s), 047/100 VUs, 1300 complete and 0 interrupted iterations
normal_day   [  71% ] 047/100 VUs  07m06.9s/10m0s  4.00 iters/s

running (07m07.9s), 046/100 VUs, 1305 complete and 0 interrupted iterations
normal_day   [  71% ] 046/100 VUs  07m07.9s/10m0s  4.00 iters/s

running (07m08.9s), 048/100 VUs, 1307 complete and 0 interrupted iterations
normal_day   [  71% ] 048/100 VUs  07m08.9s/10m0s  4.00 iters/s

running (07m09.9s), 047/100 VUs, 1312 complete and 0 interrupted iterations
normal_day   [  72% ] 047/100 VUs  07m09.9s/10m0s  4.00 iters/s

running (07m10.9s), 047/100 VUs, 1316 complete and 0 interrupted iterations
normal_day   [  72% ] 047/100 VUs  07m10.9s/10m0s  4.00 iters/s

running (07m11.9s), 046/100 VUs, 1321 complete and 0 interrupted iterations
normal_day   [  72% ] 046/100 VUs  07m11.9s/10m0s  4.00 iters/s

running (07m12.9s), 046/100 VUs, 1325 complete and 0 interrupted iterations
normal_day   [  72% ] 046/100 VUs  07m12.9s/10m0s  4.00 iters/s

running (07m13.9s), 046/100 VUs, 1329 complete and 0 interrupted iterations
normal_day   [  72% ] 046/100 VUs  07m13.9s/10m0s  4.00 iters/s

running (07m14.9s), 045/100 VUs, 1334 complete and 0 interrupted iterations
normal_day   [  72% ] 045/100 VUs  07m14.9s/10m0s  4.00 iters/s

running (07m15.9s), 040/100 VUs, 1343 complete and 0 interrupted iterations
normal_day   [  73% ] 040/100 VUs  07m15.9s/10m0s  4.00 iters/s

running (07m16.9s), 040/100 VUs, 1347 complete and 0 interrupted iterations
normal_day   [  73% ] 040/100 VUs  07m16.9s/10m0s  4.00 iters/s

running (07m17.9s), 040/100 VUs, 1351 complete and 0 interrupted iterations
normal_day   [  73% ] 040/100 VUs  07m17.9s/10m0s  4.00 iters/s

running (07m18.9s), 041/100 VUs, 1354 complete and 0 interrupted iterations
normal_day   [  73% ] 041/100 VUs  07m18.9s/10m0s  4.00 iters/s

running (07m19.9s), 040/100 VUs, 1359 complete and 0 interrupted iterations
normal_day   [  73% ] 040/100 VUs  07m19.9s/10m0s  4.00 iters/s

running (07m20.9s), 041/100 VUs, 1362 complete and 0 interrupted iterations
normal_day   [  73% ] 041/100 VUs  07m20.9s/10m0s  4.00 iters/s

running (07m21.9s), 040/100 VUs, 1367 complete and 0 interrupted iterations
normal_day   [  74% ] 040/100 VUs  07m21.9s/10m0s  4.00 iters/s

running (07m22.9s), 038/100 VUs, 1373 complete and 0 interrupted iterations
normal_day   [  74% ] 038/100 VUs  07m22.9s/10m0s  4.00 iters/s

running (07m23.9s), 041/100 VUs, 1374 complete and 0 interrupted iterations
normal_day   [  74% ] 041/100 VUs  07m23.9s/10m0s  4.00 iters/s

running (07m24.9s), 042/100 VUs, 1377 complete and 0 interrupted iterations
normal_day   [  74% ] 042/100 VUs  07m24.9s/10m0s  4.00 iters/s

running (07m25.9s), 042/100 VUs, 1381 complete and 0 interrupted iterations
normal_day   [  74% ] 042/100 VUs  07m25.9s/10m0s  4.00 iters/s

running (07m26.9s), 041/100 VUs, 1386 complete and 0 interrupted iterations
normal_day   [  74% ] 041/100 VUs  07m26.9s/10m0s  4.00 iters/s

running (07m27.9s), 043/100 VUs, 1388 complete and 0 interrupted iterations
normal_day   [  75% ] 043/100 VUs  07m27.9s/10m0s  4.00 iters/s

running (07m28.9s), 039/100 VUs, 1396 complete and 0 interrupted iterations
normal_day   [  75% ] 039/100 VUs  07m28.9s/10m0s  4.00 iters/s

running (07m29.9s), 039/100 VUs, 1400 complete and 0 interrupted iterations
normal_day   [  75% ] 039/100 VUs  07m29.9s/10m0s  4.00 iters/s

running (07m30.9s), 038/100 VUs, 1405 complete and 0 interrupted iterations
normal_day   [  75% ] 038/100 VUs  07m30.9s/10m0s  4.00 iters/s

running (07m31.9s), 040/100 VUs, 1407 complete and 0 interrupted iterations
normal_day   [  75% ] 040/100 VUs  07m31.9s/10m0s  4.00 iters/s

running (07m32.9s), 040/100 VUs, 1411 complete and 0 interrupted iterations
normal_day   [  75% ] 040/100 VUs  07m32.9s/10m0s  4.00 iters/s

running (07m33.9s), 039/100 VUs, 1416 complete and 0 interrupted iterations
normal_day   [  76% ] 039/100 VUs  07m33.9s/10m0s  4.00 iters/s

running (07m34.9s), 041/100 VUs, 1418 complete and 0 interrupted iterations
normal_day   [  76% ] 041/100 VUs  07m34.9s/10m0s  4.00 iters/s

running (07m35.9s), 042/100 VUs, 1421 complete and 0 interrupted iterations
normal_day   [  76% ] 042/100 VUs  07m35.9s/10m0s  4.00 iters/s

running (07m36.9s), 045/100 VUs, 1422 complete and 0 interrupted iterations
normal_day   [  76% ] 045/100 VUs  07m36.9s/10m0s  4.00 iters/s

running (07m37.9s), 045/100 VUs, 1426 complete and 0 interrupted iterations
normal_day   [  76% ] 045/100 VUs  07m37.9s/10m0s  4.00 iters/s

running (07m38.9s), 047/100 VUs, 1428 complete and 0 interrupted iterations
normal_day   [  76% ] 047/100 VUs  07m38.9s/10m0s  4.00 iters/s

running (07m39.9s), 046/100 VUs, 1433 complete and 0 interrupted iterations
normal_day   [  77% ] 046/100 VUs  07m39.9s/10m0s  4.00 iters/s

running (07m40.9s), 042/100 VUs, 1441 complete and 0 interrupted iterations
normal_day   [  77% ] 042/100 VUs  07m40.9s/10m0s  4.00 iters/s

running (07m41.9s), 044/100 VUs, 1443 complete and 0 interrupted iterations
normal_day   [  77% ] 044/100 VUs  07m41.9s/10m0s  4.00 iters/s

running (07m42.9s), 046/100 VUs, 1445 complete and 0 interrupted iterations
normal_day   [  77% ] 046/100 VUs  07m42.9s/10m0s  4.00 iters/s

running (07m43.9s), 045/100 VUs, 1450 complete and 0 interrupted iterations
normal_day   [  77% ] 045/100 VUs  07m43.9s/10m0s  4.00 iters/s

running (07m44.9s), 047/100 VUs, 1452 complete and 0 interrupted iterations
normal_day   [  77% ] 047/100 VUs  07m44.9s/10m0s  4.00 iters/s

running (07m45.9s), 048/100 VUs, 1455 complete and 0 interrupted iterations
normal_day   [  78% ] 048/100 VUs  07m45.9s/10m0s  4.00 iters/s

running (07m46.9s), 049/100 VUs, 1458 complete and 0 interrupted iterations
normal_day   [  78% ] 049/100 VUs  07m46.9s/10m0s  4.00 iters/s

running (07m47.9s), 050/100 VUs, 1461 complete and 0 interrupted iterations
normal_day   [  78% ] 050/100 VUs  07m47.9s/10m0s  4.00 iters/s

running (07m48.9s), 045/100 VUs, 1470 complete and 0 interrupted iterations
normal_day   [  78% ] 045/100 VUs  07m48.9s/10m0s  4.00 iters/s

running (07m49.9s), 045/100 VUs, 1474 complete and 0 interrupted iterations
normal_day   [  78% ] 045/100 VUs  07m49.9s/10m0s  4.00 iters/s

running (07m50.9s), 044/100 VUs, 1479 complete and 0 interrupted iterations
normal_day   [  78% ] 044/100 VUs  07m50.9s/10m0s  4.00 iters/s

running (07m51.9s), 043/100 VUs, 1484 complete and 0 interrupted iterations
normal_day   [  79% ] 043/100 VUs  07m51.9s/10m0s  4.00 iters/s

running (07m52.9s), 040/100 VUs, 1491 complete and 0 interrupted iterations
normal_day   [  79% ] 040/100 VUs  07m52.9s/10m0s  4.00 iters/s

running (07m53.9s), 040/100 VUs, 1495 complete and 0 interrupted iterations
normal_day   [  79% ] 040/100 VUs  07m53.9s/10m0s  4.00 iters/s

running (07m54.9s), 042/100 VUs, 1497 complete and 0 interrupted iterations
normal_day   [  79% ] 042/100 VUs  07m54.9s/10m0s  4.00 iters/s

running (07m55.9s), 044/100 VUs, 1499 complete and 0 interrupted iterations
normal_day   [  79% ] 044/100 VUs  07m55.9s/10m0s  4.00 iters/s

running (07m56.9s), 040/100 VUs, 1507 complete and 0 interrupted iterations
normal_day   [  79% ] 040/100 VUs  07m56.9s/10m0s  4.00 iters/s

running (07m57.9s), 038/100 VUs, 1513 complete and 0 interrupted iterations
normal_day   [  80% ] 038/100 VUs  07m57.9s/10m0s  4.00 iters/s

running (07m58.9s), 040/100 VUs, 1515 complete and 0 interrupted iterations
normal_day   [  80% ] 040/100 VUs  07m58.9s/10m0s  4.00 iters/s

running (07m59.9s), 042/100 VUs, 1517 complete and 0 interrupted iterations
normal_day   [  80% ] 042/100 VUs  07m59.9s/10m0s  4.00 iters/s

running (08m00.9s), 042/100 VUs, 1521 complete and 0 interrupted iterations
normal_day   [  80% ] 042/100 VUs  08m00.9s/10m0s  3.97 iters/s

running (08m01.9s), 041/100 VUs, 1526 complete and 0 interrupted iterations
normal_day   [  80% ] 041/100 VUs  08m01.9s/10m0s  3.94 iters/s

running (08m02.9s), 042/100 VUs, 1529 complete and 0 interrupted iterations
normal_day   [  80% ] 042/100 VUs  08m02.9s/10m0s  3.90 iters/s

running (08m03.9s), 040/100 VUs, 1535 complete and 0 interrupted iterations
normal_day   [  81% ] 040/100 VUs  08m03.9s/10m0s  3.87 iters/s

running (08m04.8s), 043/100 VUs, 1536 complete and 0 interrupted iterations
normal_day   [  81% ] 043/100 VUs  08m04.9s/10m0s  3.83 iters/s

running (08m05.8s), 041/100 VUs, 1541 complete and 0 interrupted iterations
normal_day   [  81% ] 041/100 VUs  08m05.9s/10m0s  3.81 iters/s

running (08m06.8s), 043/100 VUs, 1543 complete and 0 interrupted iterations
normal_day   [  81% ] 043/100 VUs  08m06.9s/10m0s  3.77 iters/s

running (08m07.8s), 045/100 VUs, 1545 complete and 0 interrupted iterations
normal_day   [  81% ] 045/100 VUs  08m07.9s/10m0s  3.74 iters/s

running (08m08.8s), 038/100 VUs, 1556 complete and 0 interrupted iterations
normal_day   [  81% ] 038/100 VUs  08m08.9s/10m0s  3.70 iters/s

running (08m09.8s), 038/100 VUs, 1559 complete and 0 interrupted iterations
normal_day   [  82% ] 038/100 VUs  08m09.9s/10m0s  3.67 iters/s

running (08m10.9s), 038/100 VUs, 1563 complete and 0 interrupted iterations
normal_day   [  82% ] 038/100 VUs  08m10.9s/10m0s  3.64 iters/s

running (08m11.8s), 036/100 VUs, 1569 complete and 0 interrupted iterations
normal_day   [  82% ] 036/100 VUs  08m11.9s/10m0s  3.60 iters/s

running (08m12.9s), 036/100 VUs, 1572 complete and 0 interrupted iterations
normal_day   [  82% ] 036/100 VUs  08m12.9s/10m0s  3.57 iters/s

running (08m13.8s), 035/100 VUs, 1577 complete and 0 interrupted iterations
normal_day   [  82% ] 035/100 VUs  08m13.9s/10m0s  3.54 iters/s

running (08m14.8s), 037/100 VUs, 1578 complete and 0 interrupted iterations
normal_day   [  82% ] 037/100 VUs  08m14.9s/10m0s  3.51 iters/s

running (08m15.8s), 041/100 VUs, 1578 complete and 0 interrupted iterations
normal_day   [  83% ] 041/100 VUs  08m15.9s/10m0s  3.47 iters/s

running (08m16.8s), 042/100 VUs, 1580 complete and 0 interrupted iterations
normal_day   [  83% ] 042/100 VUs  08m16.9s/10m0s  3.44 iters/s

running (08m17.8s), 042/100 VUs, 1584 complete and 0 interrupted iterations
normal_day   [  83% ] 042/100 VUs  08m17.9s/10m0s  3.40 iters/s

running (08m18.8s), 041/100 VUs, 1588 complete and 0 interrupted iterations
normal_day   [  83% ] 041/100 VUs  08m18.9s/10m0s  3.37 iters/s

running (08m19.8s), 037/100 VUs, 1595 complete and 0 interrupted iterations
normal_day   [  83% ] 037/100 VUs  08m19.9s/10m0s  3.34 iters/s

running (08m20.8s), 039/100 VUs, 1597 complete and 0 interrupted iterations
normal_day   [  83% ] 039/100 VUs  08m20.9s/10m0s  3.30 iters/s

running (08m21.8s), 037/100 VUs, 1602 complete and 0 interrupted iterations
normal_day   [  84% ] 037/100 VUs  08m21.9s/10m0s  3.27 iters/s

running (08m22.8s), 036/100 VUs, 1606 complete and 0 interrupted iterations
normal_day   [  84% ] 036/100 VUs  08m22.9s/10m0s  3.24 iters/s

running (08m23.8s), 037/100 VUs, 1609 complete and 0 interrupted iterations
normal_day   [  84% ] 037/100 VUs  08m23.9s/10m0s  3.20 iters/s

running (08m24.8s), 039/100 VUs, 1610 complete and 0 interrupted iterations
normal_day   [  84% ] 039/100 VUs  08m24.9s/10m0s  3.17 iters/s

running (08m25.8s), 038/100 VUs, 1614 complete and 0 interrupted iterations
normal_day   [  84% ] 038/100 VUs  08m25.9s/10m0s  3.14 iters/s

running (08m26.9s), 039/100 VUs, 1616 complete and 0 interrupted iterations
normal_day   [  84% ] 039/100 VUs  08m26.9s/10m0s  3.10 iters/s

running (08m27.8s), 035/100 VUs, 1623 complete and 0 interrupted iterations
normal_day   [  85% ] 035/100 VUs  08m27.9s/10m0s  3.07 iters/s

running (08m28.8s), 035/100 VUs, 1626 complete and 0 interrupted iterations
normal_day   [  85% ] 035/100 VUs  08m28.9s/10m0s  3.04 iters/s

running (08m29.8s), 038/100 VUs, 1626 complete and 0 interrupted iterations
normal_day   [  85% ] 038/100 VUs  08m29.9s/10m0s  3.01 iters/s

running (08m30.8s), 038/100 VUs, 1629 complete and 0 interrupted iterations
normal_day   [  85% ] 038/100 VUs  08m30.9s/10m0s  2.97 iters/s

running (08m31.8s), 035/100 VUs, 1635 complete and 0 interrupted iterations
normal_day   [  85% ] 035/100 VUs  08m31.9s/10m0s  2.94 iters/s

running (08m32.8s), 033/100 VUs, 1640 complete and 0 interrupted iterations
normal_day   [  85% ] 033/100 VUs  08m32.9s/10m0s  2.90 iters/s

running (08m33.8s), 031/100 VUs, 1645 complete and 0 interrupted iterations
normal_day   [  86% ] 031/100 VUs  08m33.9s/10m0s  2.87 iters/s

running (08m34.8s), 031/100 VUs, 1648 complete and 0 interrupted iterations
normal_day   [  86% ] 031/100 VUs  08m34.9s/10m0s  2.83 iters/s

running (08m35.8s), 032/100 VUs, 1650 complete and 0 interrupted iterations
normal_day   [  86% ] 032/100 VUs  08m35.9s/10m0s  2.80 iters/s

running (08m36.8s), 028/100 VUs, 1656 complete and 0 interrupted iterations
normal_day   [  86% ] 028/100 VUs  08m36.9s/10m0s  2.77 iters/s

running (08m37.8s), 031/100 VUs, 1656 complete and 0 interrupted iterations
normal_day   [  86% ] 031/100 VUs  08m37.9s/10m0s  2.74 iters/s

running (08m38.8s), 031/100 VUs, 1659 complete and 0 interrupted iterations
normal_day   [  86% ] 031/100 VUs  08m38.9s/10m0s  2.70 iters/s

running (08m39.8s), 030/100 VUs, 1663 complete and 0 interrupted iterations
normal_day   [  87% ] 030/100 VUs  08m39.9s/10m0s  2.66 iters/s

running (08m40.8s), 029/100 VUs, 1666 complete and 0 interrupted iterations
normal_day   [  87% ] 029/100 VUs  08m40.9s/10m0s  2.64 iters/s

running (08m41.8s), 025/100 VUs, 1673 complete and 0 interrupted iterations
normal_day   [  87% ] 025/100 VUs  08m41.9s/10m0s  2.60 iters/s

running (08m42.8s), 023/100 VUs, 1677 complete and 0 interrupted iterations
normal_day   [  87% ] 023/100 VUs  08m42.9s/10m0s  2.58 iters/s

running (08m43.8s), 024/100 VUs, 1679 complete and 0 interrupted iterations
normal_day   [  87% ] 024/100 VUs  08m43.9s/10m0s  2.54 iters/s

running (08m44.8s), 023/100 VUs, 1682 complete and 0 interrupted iterations
normal_day   [  87% ] 023/100 VUs  08m44.9s/10m0s  2.51 iters/s

running (08m45.8s), 025/100 VUs, 1683 complete and 0 interrupted iterations
normal_day   [  88% ] 025/100 VUs  08m45.9s/10m0s  2.47 iters/s

running (08m46.8s), 023/100 VUs, 1687 complete and 0 interrupted iterations
normal_day   [  88% ] 023/100 VUs  08m46.9s/10m0s  2.44 iters/s

running (08m47.8s), 024/100 VUs, 1689 complete and 0 interrupted iterations
normal_day   [  88% ] 024/100 VUs  08m47.9s/10m0s  2.40 iters/s

running (08m48.8s), 021/100 VUs, 1694 complete and 0 interrupted iterations
normal_day   [  88% ] 021/100 VUs  08m48.9s/10m0s  2.37 iters/s

running (08m49.8s), 022/100 VUs, 1696 complete and 0 interrupted iterations
normal_day   [  88% ] 022/100 VUs  08m49.9s/10m0s  2.33 iters/s

running (08m50.8s), 024/100 VUs, 1696 complete and 0 interrupted iterations
normal_day   [  88% ] 024/100 VUs  08m50.9s/10m0s  2.30 iters/s

running (08m51.8s), 024/100 VUs, 1698 complete and 0 interrupted iterations
normal_day   [  89% ] 024/100 VUs  08m51.9s/10m0s  2.27 iters/s

running (08m52.8s), 022/100 VUs, 1702 complete and 0 interrupted iterations
normal_day   [  89% ] 022/100 VUs  08m52.9s/10m0s  2.24 iters/s

running (08m53.8s), 022/100 VUs, 1705 complete and 0 interrupted iterations
normal_day   [  89% ] 022/100 VUs  08m53.9s/10m0s  2.20 iters/s

running (08m54.8s), 021/100 VUs, 1708 complete and 0 interrupted iterations
normal_day   [  89% ] 021/100 VUs  08m54.9s/10m0s  2.17 iters/s

running (08m55.8s), 020/100 VUs, 1711 complete and 0 interrupted iterations
normal_day   [  89% ] 020/100 VUs  08m55.9s/10m0s  2.14 iters/s

running (08m56.8s), 022/100 VUs, 1711 complete and 0 interrupted iterations
normal_day   [  89% ] 022/100 VUs  08m56.9s/10m0s  2.11 iters/s

running (08m57.8s), 022/100 VUs, 1713 complete and 0 interrupted iterations
normal_day   [  90% ] 022/100 VUs  08m57.9s/10m0s  2.07 iters/s

running (08m58.8s), 023/100 VUs, 1714 complete and 0 interrupted iterations
normal_day   [  90% ] 023/100 VUs  08m58.9s/10m0s  2.04 iters/s

running (08m59.8s), 023/100 VUs, 1716 complete and 0 interrupted iterations
normal_day   [  90% ] 023/100 VUs  08m59.9s/10m0s  2.01 iters/s

running (09m00.8s), 023/100 VUs, 1718 complete and 0 interrupted iterations
normal_day   [  90% ] 023/100 VUs  09m00.9s/10m0s  1.97 iters/s

running (09m01.8s), 024/100 VUs, 1719 complete and 0 interrupted iterations
normal_day   [  90% ] 024/100 VUs  09m01.9s/10m0s  1.94 iters/s

running (09m02.8s), 024/100 VUs, 1721 complete and 0 interrupted iterations
normal_day   [  90% ] 024/100 VUs  09m02.9s/10m0s  1.91 iters/s

running (09m03.8s), 025/100 VUs, 1722 complete and 0 interrupted iterations
normal_day   [  91% ] 025/100 VUs  09m03.9s/10m0s  1.87 iters/s

running (09m04.8s), 023/100 VUs, 1726 complete and 0 interrupted iterations
normal_day   [  91% ] 023/100 VUs  09m04.9s/10m0s  1.83 iters/s

running (09m05.8s), 022/100 VUs, 1729 complete and 0 interrupted iterations
normal_day   [  91% ] 022/100 VUs  09m05.9s/10m0s  1.80 iters/s

running (09m06.8s), 020/100 VUs, 1732 complete and 0 interrupted iterations
normal_day   [  91% ] 020/100 VUs  09m06.9s/10m0s  1.78 iters/s

running (09m07.8s), 020/100 VUs, 1734 complete and 0 interrupted iterations
normal_day   [  91% ] 020/100 VUs  09m07.9s/10m0s  1.74 iters/s

running (09m08.8s), 020/100 VUs, 1736 complete and 0 interrupted iterations
normal_day   [  91% ] 020/100 VUs  09m08.9s/10m0s  1.70 iters/s

running (09m09.8s), 020/100 VUs, 1738 complete and 0 interrupted iterations
normal_day   [  92% ] 020/100 VUs  09m09.9s/10m0s  1.66 iters/s

running (09m10.8s), 021/100 VUs, 1738 complete and 0 interrupted iterations
normal_day   [  92% ] 021/100 VUs  09m10.9s/10m0s  1.64 iters/s

running (09m11.8s), 022/100 VUs, 1739 complete and 0 interrupted iterations
normal_day   [  92% ] 022/100 VUs  09m11.9s/10m0s  1.60 iters/s

running (09m12.8s), 019/100 VUs, 1743 complete and 0 interrupted iterations
normal_day   [  92% ] 019/100 VUs  09m12.9s/10m0s  1.58 iters/s

running (09m13.8s), 018/100 VUs, 1746 complete and 0 interrupted iterations
normal_day   [  92% ] 018/100 VUs  09m13.9s/10m0s  1.54 iters/s

running (09m14.8s), 019/100 VUs, 1747 complete and 0 interrupted iterations
normal_day   [  92% ] 019/100 VUs  09m14.9s/10m0s  1.49 iters/s

running (09m15.8s), 019/100 VUs, 1748 complete and 0 interrupted iterations
normal_day   [  93% ] 019/100 VUs  09m15.9s/10m0s  1.47 iters/s

running (09m16.8s), 019/100 VUs, 1750 complete and 0 interrupted iterations
normal_day   [  93% ] 019/100 VUs  09m16.9s/10m0s  1.43 iters/s

running (09m17.8s), 019/100 VUs, 1751 complete and 0 interrupted iterations
normal_day   [  93% ] 019/100 VUs  09m17.9s/10m0s  1.40 iters/s

running (09m18.8s), 019/100 VUs, 1752 complete and 0 interrupted iterations
normal_day   [  93% ] 019/100 VUs  09m18.9s/10m0s  1.38 iters/s

running (09m19.8s), 020/100 VUs, 1753 complete and 0 interrupted iterations
normal_day   [  93% ] 020/100 VUs  09m19.9s/10m0s  1.33 iters/s

running (09m20.8s), 020/100 VUs, 1754 complete and 0 interrupted iterations
normal_day   [  93% ] 020/100 VUs  09m20.9s/10m0s  1.30 iters/s

running (09m21.8s), 019/100 VUs, 1756 complete and 0 interrupted iterations
normal_day   [  94% ] 019/100 VUs  09m21.9s/10m0s  1.28 iters/s

running (09m22.8s), 018/100 VUs, 1759 complete and 0 interrupted iterations
normal_day   [  94% ] 018/100 VUs  09m22.9s/10m0s  1.22 iters/s

running (09m23.8s), 015/100 VUs, 1763 complete and 0 interrupted iterations
normal_day   [  94% ] 015/100 VUs  09m23.9s/10m0s  1.20 iters/s

running (09m24.8s), 013/100 VUs, 1766 complete and 0 interrupted iterations
normal_day   [  94% ] 013/100 VUs  09m24.9s/10m0s  1.17 iters/s

running (09m25.8s), 012/100 VUs, 1768 complete and 0 interrupted iterations
normal_day   [  94% ] 012/100 VUs  09m25.9s/10m0s  1.14 iters/s

running (09m26.8s), 010/100 VUs, 1771 complete and 0 interrupted iterations
normal_day   [  94% ] 010/100 VUs  09m26.9s/10m0s  1.11 iters/s

running (09m27.8s), 010/100 VUs, 1772 complete and 0 interrupted iterations
normal_day   [  95% ] 010/100 VUs  09m27.9s/10m0s  1.08 iters/s

running (09m28.8s), 011/100 VUs, 1772 complete and 0 interrupted iterations
normal_day   [  95% ] 011/100 VUs  09m28.9s/10m0s  1.05 iters/s

running (09m29.8s), 011/100 VUs, 1773 complete and 0 interrupted iterations
normal_day   [  95% ] 011/100 VUs  09m29.9s/10m0s  1.02 iters/s

running (09m30.8s), 011/100 VUs, 1774 complete and 0 interrupted iterations
normal_day   [  95% ] 011/100 VUs  09m30.9s/10m0s  0.98 iters/s

running (09m31.8s), 010/100 VUs, 1776 complete and 0 interrupted iterations
normal_day   [  95% ] 010/100 VUs  09m31.9s/10m0s  0.95 iters/s

running (09m32.8s), 011/100 VUs, 1776 complete and 0 interrupted iterations
normal_day   [  95% ] 011/100 VUs  09m32.9s/10m0s  0.91 iters/s

running (09m33.8s), 010/100 VUs, 1778 complete and 0 interrupted iterations
normal_day   [  96% ] 010/100 VUs  09m33.9s/10m0s  0.88 iters/s

running (09m34.8s), 011/100 VUs, 1778 complete and 0 interrupted iterations
normal_day   [  96% ] 011/100 VUs  09m34.9s/10m0s  0.84 iters/s

running (09m35.8s), 009/100 VUs, 1781 complete and 0 interrupted iterations
normal_day   [  96% ] 009/100 VUs  09m35.9s/10m0s  0.80 iters/s

running (09m36.8s), 009/100 VUs, 1782 complete and 0 interrupted iterations
normal_day   [  96% ] 009/100 VUs  09m36.9s/10m0s  0.75 iters/s

running (09m37.8s), 008/100 VUs, 1783 complete and 0 interrupted iterations
normal_day   [  96% ] 008/100 VUs  09m37.9s/10m0s  0.75 iters/s

running (09m38.8s), 006/100 VUs, 1786 complete and 0 interrupted iterations
normal_day   [  96% ] 006/100 VUs  09m38.9s/10m0s  0.71 iters/s

running (09m39.8s), 006/100 VUs, 1787 complete and 0 interrupted iterations
normal_day   [  97% ] 006/100 VUs  09m39.9s/10m0s  0.66 iters/s

running (09m40.8s), 005/100 VUs, 1788 complete and 0 interrupted iterations
normal_day   [  97% ] 005/100 VUs  09m40.9s/10m0s  0.66 iters/s

running (09m41.8s), 005/100 VUs, 1789 complete and 0 interrupted iterations
normal_day   [  97% ] 005/100 VUs  09m41.9s/10m0s  0.60 iters/s

running (09m42.8s), 005/100 VUs, 1790 complete and 0 interrupted iterations
normal_day   [  97% ] 005/100 VUs  09m42.9s/10m0s  0.55 iters/s

running (09m43.8s), 005/100 VUs, 1790 complete and 0 interrupted iterations
normal_day   [  97% ] 005/100 VUs  09m43.9s/10m0s  0.55 iters/s

running (09m44.8s), 006/100 VUs, 1790 complete and 0 interrupted iterations
normal_day   [  97% ] 006/100 VUs  09m44.9s/10m0s  0.48 iters/s

running (09m45.8s), 004/100 VUs, 1792 complete and 0 interrupted iterations
normal_day   [  98% ] 004/100 VUs  09m45.9s/10m0s  0.48 iters/s

running (09m46.8s), 003/100 VUs, 1794 complete and 0 interrupted iterations
normal_day   [  98% ] 003/100 VUs  09m46.9s/10m0s  0.41 iters/s

running (09m47.8s), 002/100 VUs, 1795 complete and 0 interrupted iterations
normal_day   [  98% ] 002/100 VUs  09m47.9s/10m0s  0.41 iters/s

running (09m48.8s), 002/100 VUs, 1795 complete and 0 interrupted iterations
normal_day   [  98% ] 002/100 VUs  09m48.9s/10m0s  0.41 iters/s

running (09m49.8s), 003/100 VUs, 1795 complete and 0 interrupted iterations
normal_day   [  98% ] 003/100 VUs  09m49.9s/10m0s  0.31 iters/s

running (09m50.8s), 003/100 VUs, 1795 complete and 0 interrupted iterations
normal_day   [  98% ] 003/100 VUs  09m50.9s/10m0s  0.31 iters/s

running (09m51.8s), 002/100 VUs, 1796 complete and 0 interrupted iterations
normal_day   [  99% ] 002/100 VUs  09m51.9s/10m0s  0.31 iters/s

running (09m52.8s), 003/100 VUs, 1796 complete and 0 interrupted iterations
normal_day   [  99% ] 003/100 VUs  09m52.9s/10m0s  0.13 iters/s

running (09m53.8s), 003/100 VUs, 1796 complete and 0 interrupted iterations
normal_day   [  99% ] 003/100 VUs  09m53.9s/10m0s  0.13 iters/s

running (09m54.8s), 003/100 VUs, 1796 complete and 0 interrupted iterations
normal_day   [  99% ] 003/100 VUs  09m54.9s/10m0s  0.13 iters/s

running (09m55.8s), 003/100 VUs, 1796 complete and 0 interrupted iterations
normal_day   [  99% ] 003/100 VUs  09m55.9s/10m0s  0.13 iters/s

running (09m56.8s), 003/100 VUs, 1796 complete and 0 interrupted iterations
normal_day   [  99% ] 003/100 VUs  09m56.9s/10m0s  0.13 iters/s

running (09m57.8s), 003/100 VUs, 1796 complete and 0 interrupted iterations
normal_day   [ 100% ] 003/100 VUs  09m57.9s/10m0s  0.13 iters/s

running (09m58.8s), 003/100 VUs, 1796 complete and 0 interrupted iterations
normal_day   [ 100% ] 003/100 VUs  09m58.9s/10m0s  0.13 iters/s

running (09m59.8s), 003/100 VUs, 1796 complete and 0 interrupted iterations
normal_day   [ 100% ] 003/100 VUs  09m59.9s/10m0s  0.13 iters/s

running (10m00.8s), 003/100 VUs, 1796 complete and 0 interrupted iterations
normal_day ↓ [ 100% ] 003/100 VUs  10m0s  0.13 iters/s

running (10m01.8s), 001/100 VUs, 1798 complete and 0 interrupted iterations
normal_day ↓ [ 100% ] 003/100 VUs  10m0s  0.13 iters/s

running (10m02.8s), 001/100 VUs, 1798 complete and 0 interrupted iterations
normal_day ↓ [ 100% ] 003/100 VUs  10m0s  0.13 iters/s
[32m     ✓ login 200[0m
[32m     ✓ chat rooms 200[0m
[32m     ✓ chat messages 200[0m
[32m     ✓ unread count 200[0m
[32m     ✓ chat read 200[0m
[32m     ✓ post detail 200[0m
[32m     ✓ comment create 2xx[0m
[32m     ✓ board list 200[0m
[32m     ✓ hot daily 200[0m
[32m     ✓ post list 200[0m
[32m     ✓ post reaction 2xx[0m
[32m     ✓ comment list 200[0m
[32m     ✓ user info 200[0m
[32m     ✓ my posts 200[0m
[32m     ✓ post search 200[0m
[32m     ✓ meal today 200[0m
[32m     ✓ timetable today 200[0m
[32m     ✓ friend list 200[0m
[32m     ✓ ws handshake 101[0m
[32m     ✓ scrap 2xx[0m
[32m     ✓ meal month 200[0m
[32m     ✓ notif list 200[0m
[32m     ✓ post create 2xx[0m
[32m     ✓ read one 200[0m
[32m     ✓ comment reaction 200[0m
[32m     ✓ received reqs 200[0m
[32m     ✓ read all 200[0m
[32m     ✓ post update 200[0m
[32m     ✓ post delete 200[0m
[32m     ✓ refresh 200[0m
[32m     ✓ logout 200[0m

     auth_token_refreshes[2m.............:[0m [36m8[0m       [36;2m0.013256/s[0m
     chat_ws_messages_sent[2m............:[0m [36m434[0m     [36;2m0.719134/s[0m
     chat_ws_rtt[2m......................:[0m avg=[36m26.24ms[0m  min=[36m14ms[0m    med=[36m23ms[0m     max=[36m385ms[0m    p(90)=[36m35ms[0m     p(95)=[36m40ms[0m     p(99)=[36m75.34ms[0m 
     checks[2m...........................:[0m [36m100.00%[0m [36;2m✓ 8168[0m      [36;2m✗ 0[0m    
     [32m✓[0m { phase:measure }[2m..............:[0m [36m100.00%[0m [36;2m✓ 5416[0m      [36;2m✗ 0[0m    
     [32m✓[0m { phase:rampdown }[2m.............:[0m [36m100.00%[0m [36;2m✓ 1176[0m      [36;2m✗ 0[0m    
     [32m✓[0m { phase:warmup }[2m...............:[0m [36m100.00%[0m [36;2m✓ 1576[0m      [36;2m✗ 0[0m    
     data_received[2m....................:[0m [36m355 MB[0m  [36;2m588 kB/s[0m
     data_sent[2m........................:[0m [36m3.3 MB[0m  [36;2m5.4 kB/s[0m
     http_req_blocked[2m.................:[0m avg=[36m15.61µs[0m  min=[36m1.58µs[0m  med=[36m5.08µs[0m   max=[36m16.11ms[0m  p(90)=[36m13.87µs[0m  p(95)=[36m16.75µs[0m  p(99)=[36m256.21µs[0m
     http_req_connecting[2m..............:[0m avg=[36m6.65µs[0m   min=[36m0s[0m      med=[36m0s[0m       max=[36m16.03ms[0m  p(90)=[36m0s[0m       p(95)=[36m0s[0m       p(99)=[36m164.52µs[0m
     http_req_duration[2m................:[0m avg=[36m74.43ms[0m  min=[36m1.68ms[0m  med=[36m6.8ms[0m    max=[36m20s[0m      p(90)=[36m72.51ms[0m  p(95)=[36m347.48ms[0m p(99)=[36m1.67s[0m   
       { expected_response:true }[2m.....:[0m avg=[36m74.43ms[0m  min=[36m1.68ms[0m  med=[36m6.8ms[0m    max=[36m20s[0m      p(90)=[36m72.51ms[0m  p(95)=[36m347.48ms[0m p(99)=[36m1.67s[0m   
     [32m✓[0m { feature:auth }[2m...............:[0m avg=[36m161.68ms[0m min=[36m14.1ms[0m  med=[36m84.65ms[0m  max=[36m1.01s[0m    p(90)=[36m478.19ms[0m p(95)=[36m722.91ms[0m p(99)=[36m939.72ms[0m
     [32m✓[0m { feature:board }[2m..............:[0m avg=[36m5.1ms[0m    min=[36m1.68ms[0m  med=[36m3.07ms[0m   max=[36m180.28ms[0m p(90)=[36m8.54ms[0m   p(95)=[36m9.89ms[0m   p(99)=[36m13.02ms[0m 
     [32m✓[0m { feature:chat }[2m...............:[0m avg=[36m9.02ms[0m   min=[36m2.07ms[0m  med=[36m4.92ms[0m   max=[36m302.34ms[0m p(90)=[36m13.19ms[0m  p(95)=[36m15.32ms[0m  p(99)=[36m100.58ms[0m
     [32m✓[0m { feature:comment }[2m............:[0m avg=[36m350.15ms[0m min=[36m1.87ms[0m  med=[36m45.96ms[0m  max=[36m20s[0m      p(90)=[36m1.06s[0m    p(95)=[36m1.7s[0m     p(99)=[36m2.06s[0m   
     [32m✓[0m { feature:friend }[2m.............:[0m avg=[36m6.07ms[0m   min=[36m2.18ms[0m  med=[36m3.68ms[0m   max=[36m108.4ms[0m  p(90)=[36m9.02ms[0m   p(95)=[36m9.89ms[0m   p(99)=[36m62.8ms[0m  
     [32m✓[0m { feature:hot }[2m................:[0m avg=[36m14.76ms[0m  min=[36m7.52ms[0m  med=[36m10.83ms[0m  max=[36m384.12ms[0m p(90)=[36m22.3ms[0m   p(95)=[36m24.78ms[0m  p(99)=[36m64.4ms[0m  
     [32m✓[0m { feature:mypage }[2m.............:[0m avg=[36m4.98ms[0m   min=[36m2.15ms[0m  med=[36m3.41ms[0m   max=[36m33.61ms[0m  p(90)=[36m9.12ms[0m   p(95)=[36m10.01ms[0m  p(99)=[36m12.74ms[0m 
     [32m✓[0m { feature:notification }[2m.......:[0m avg=[36m11.85ms[0m  min=[36m1.88ms[0m  med=[36m7.66ms[0m   max=[36m367.97ms[0m p(90)=[36m20.11ms[0m  p(95)=[36m25.8ms[0m   p(99)=[36m100.46ms[0m
     [32m✓[0m { feature:post }[2m...............:[0m avg=[36m9.72ms[0m   min=[36m1.68ms[0m  med=[36m4.81ms[0m   max=[36m1.3s[0m     p(90)=[36m14.48ms[0m  p(95)=[36m22.9ms[0m   p(99)=[36m40.4ms[0m  
     [32m✓[0m { feature:reaction }[2m...........:[0m avg=[36m28.89ms[0m  min=[36m14.58ms[0m med=[36m22.93ms[0m  max=[36m396.74ms[0m p(90)=[36m34.33ms[0m  p(95)=[36m43.28ms[0m  p(99)=[36m204.51ms[0m
     [32m✓[0m { feature:school }[2m.............:[0m avg=[36m12.17ms[0m  min=[36m2.2ms[0m   med=[36m3.99ms[0m   max=[36m230.91ms[0m p(90)=[36m9.8ms[0m    p(95)=[36m11.61ms[0m  p(99)=[36m198.8ms[0m 
     [32m✓[0m { feature:scrap }[2m..............:[0m avg=[36m29.34ms[0m  min=[36m13.82ms[0m med=[36m20.8ms[0m   max=[36m233.42ms[0m p(90)=[36m32.97ms[0m  p(95)=[36m43.41ms[0m  p(99)=[36m177.48ms[0m
     [32m✓[0m { feature:timetable }[2m..........:[0m avg=[36m9.52ms[0m   min=[36m2.19ms[0m  med=[36m3.34ms[0m   max=[36m222.51ms[0m p(90)=[36m9.1ms[0m    p(95)=[36m9.97ms[0m   p(99)=[36m129.95ms[0m
     [32m✓[0m { name:board_list }[2m............:[0m avg=[36m5.1ms[0m    min=[36m1.68ms[0m  med=[36m3.07ms[0m   max=[36m180.28ms[0m p(90)=[36m8.54ms[0m   p(95)=[36m9.89ms[0m   p(99)=[36m13.02ms[0m 
     [32m✓[0m { name:chat_mark_read }[2m........:[0m avg=[36m8.1ms[0m    min=[36m2.51ms[0m  med=[36m3.64ms[0m   max=[36m249.1ms[0m  p(90)=[36m10.85ms[0m  p(95)=[36m12.2ms[0m   p(99)=[36m84.95ms[0m 
     [32m✓[0m { name:chat_messages }[2m.........:[0m avg=[36m7.81ms[0m   min=[36m3.15ms[0m  med=[36m4.79ms[0m   max=[36m72.93ms[0m  p(90)=[36m12.99ms[0m  p(95)=[36m14.88ms[0m  p(99)=[36m40.77ms[0m 
     [32m✓[0m { name:chat_read_status }[2m......:[0m avg=[36m0s[0m       min=[36m0s[0m      med=[36m0s[0m       max=[36m0s[0m       p(90)=[36m0s[0m       p(95)=[36m0s[0m       p(99)=[36m0s[0m      
     [32m✓[0m { name:chat_rooms }[2m............:[0m avg=[36m9.93ms[0m   min=[36m2.07ms[0m  med=[36m5.15ms[0m   max=[36m302.34ms[0m p(90)=[36m13.66ms[0m  p(95)=[36m15.63ms[0m  p(99)=[36m142.56ms[0m
     [32m✓[0m { name:comment_create }[2m........:[0m avg=[36m41.64ms[0m  min=[36m26.05ms[0m med=[36m38.83ms[0m  max=[36m129.08ms[0m p(90)=[36m56.66ms[0m  p(95)=[36m62.87ms[0m  p(99)=[36m93.66ms[0m 
     [32m✓[0m { name:comment_delete }[2m........:[0m avg=[36m0s[0m       min=[36m0s[0m      med=[36m0s[0m       max=[36m0s[0m       p(90)=[36m0s[0m       p(95)=[36m0s[0m       p(99)=[36m0s[0m      
     [32m✓[0m { name:comment_list }[2m..........:[0m avg=[36m367.95ms[0m min=[36m1.87ms[0m  med=[36m51.86ms[0m  max=[36m20s[0m      p(90)=[36m1.07s[0m    p(95)=[36m1.72s[0m    p(99)=[36m2.06s[0m   
     [32m✓[0m { name:comment_reaction }[2m......:[0m avg=[36m22.92ms[0m  min=[36m15.07ms[0m med=[36m22.14ms[0m  max=[36m44.24ms[0m  p(90)=[36m30.17ms[0m  p(95)=[36m32.37ms[0m  p(99)=[36m40.92ms[0m 
     [32m✓[0m { name:comment_update }[2m........:[0m avg=[36m0s[0m       min=[36m0s[0m      med=[36m0s[0m       max=[36m0s[0m       p(90)=[36m0s[0m       p(95)=[36m0s[0m       p(99)=[36m0s[0m      
     [32m✓[0m { name:friend_list }[2m...........:[0m avg=[36m7.02ms[0m   min=[36m2.39ms[0m  med=[36m3.84ms[0m   max=[36m108.4ms[0m  p(90)=[36m9.54ms[0m   p(95)=[36m10.31ms[0m  p(99)=[36m101.67ms[0m
     [32m✓[0m { name:friend_req_received }[2m...:[0m avg=[36m4.05ms[0m   min=[36m2.18ms[0m  med=[36m3.31ms[0m   max=[36m10.08ms[0m  p(90)=[36m6.98ms[0m   p(95)=[36m7.78ms[0m   p(99)=[36m9.54ms[0m  
     [32m✓[0m { name:friend_request }[2m........:[0m avg=[36m0s[0m       min=[36m0s[0m      med=[36m0s[0m       max=[36m0s[0m       p(90)=[36m0s[0m       p(95)=[36m0s[0m       p(99)=[36m0s[0m      
     [32m✓[0m { name:friend_respond }[2m........:[0m avg=[36m0s[0m       min=[36m0s[0m      med=[36m0s[0m       max=[36m0s[0m       p(90)=[36m0s[0m       p(95)=[36m0s[0m       p(99)=[36m0s[0m      
     [32m✓[0m { name:friend_search }[2m.........:[0m avg=[36m0s[0m       min=[36m0s[0m      med=[36m0s[0m       max=[36m0s[0m       p(90)=[36m0s[0m       p(95)=[36m0s[0m       p(99)=[36m0s[0m      
     [32m✓[0m { name:hot_daily }[2m.............:[0m avg=[36m14.76ms[0m  min=[36m7.52ms[0m  med=[36m10.83ms[0m  max=[36m384.12ms[0m p(90)=[36m22.3ms[0m   p(95)=[36m24.78ms[0m  p(99)=[36m64.4ms[0m  
     [32m✓[0m { name:login }[2m.................:[0m avg=[36m191.37ms[0m min=[36m69.9ms[0m  med=[36m86.73ms[0m  max=[36m1.01s[0m    p(90)=[36m562.96ms[0m p(95)=[36m732.59ms[0m p(99)=[36m976.34ms[0m
     [32m✓[0m { name:logout }[2m................:[0m avg=[36m21.85ms[0m  min=[36m14.1ms[0m  med=[36m19.07ms[0m  max=[36m36.58ms[0m  p(90)=[36m34.48ms[0m  p(95)=[36m36.38ms[0m  p(99)=[36m36.54ms[0m 
     [32m✓[0m { name:meal_month }[2m............:[0m avg=[36m29.3ms[0m   min=[36m2.94ms[0m  med=[36m5.95ms[0m   max=[36m230.91ms[0m p(90)=[36m37.02ms[0m  p(95)=[36m133.96ms[0m p(99)=[36m211.52ms[0m
     [32m✓[0m { name:meal_today }[2m............:[0m avg=[36m8.45ms[0m   min=[36m2.2ms[0m   med=[36m3.82ms[0m   max=[36m172.53ms[0m p(90)=[36m9.36ms[0m   p(95)=[36m9.81ms[0m   p(99)=[36m99.52ms[0m 
     [32m✓[0m { name:my_comments }[2m...........:[0m avg=[36m0s[0m       min=[36m0s[0m      med=[36m0s[0m       max=[36m0s[0m       p(90)=[36m0s[0m       p(95)=[36m0s[0m       p(99)=[36m0s[0m      
     [32m✓[0m { name:my_posts }[2m..............:[0m avg=[36m5.18ms[0m   min=[36m2.29ms[0m  med=[36m3.68ms[0m   max=[36m33.61ms[0m  p(90)=[36m9.05ms[0m   p(95)=[36m10.42ms[0m  p(99)=[36m21.8ms[0m  
     [32m✓[0m { name:notif_list }[2m............:[0m avg=[36m12.1ms[0m   min=[36m5.7ms[0m   med=[36m8.81ms[0m   max=[36m87.88ms[0m  p(90)=[36m19.73ms[0m  p(95)=[36m22.53ms[0m  p(99)=[36m36.17ms[0m 
     [32m✓[0m { name:notif_read_all }[2m........:[0m avg=[36m24.29ms[0m  min=[36m2.66ms[0m  med=[36m17.21ms[0m  max=[36m104.01ms[0m p(90)=[36m36.63ms[0m  p(95)=[36m46.8ms[0m   p(99)=[36m92.57ms[0m 
     [32m✓[0m { name:notif_read_one }[2m........:[0m avg=[36m25.31ms[0m  min=[36m2.63ms[0m  med=[36m15.19ms[0m  max=[36m367.97ms[0m p(90)=[36m25.12ms[0m  p(95)=[36m25.84ms[0m  p(99)=[36m232.32ms[0m
     [32m✓[0m { name:notif_unread_count }[2m....:[0m avg=[36m7.09ms[0m   min=[36m1.88ms[0m  med=[36m3.21ms[0m   max=[36m181.2ms[0m  p(90)=[36m10.63ms[0m  p(95)=[36m12.09ms[0m  p(99)=[36m84.82ms[0m 
     [32m✓[0m { name:post_create }[2m...........:[0m avg=[36m39.71ms[0m  min=[36m15.05ms[0m med=[36m25.04ms[0m  max=[36m1.3s[0m     p(90)=[36m35.83ms[0m  p(95)=[36m39.92ms[0m  p(99)=[36m268.59ms[0m
     [32m✓[0m { name:post_delete }[2m...........:[0m avg=[36m20.66ms[0m  min=[36m12.65ms[0m med=[36m19.31ms[0m  max=[36m36.79ms[0m  p(90)=[36m27.44ms[0m  p(95)=[36m31.65ms[0m  p(99)=[36m35.76ms[0m 
     [32m✓[0m { name:post_detail }[2m...........:[0m avg=[36m7.73ms[0m   min=[36m3.04ms[0m  med=[36m4.88ms[0m   max=[36m348.03ms[0m p(90)=[36m13.18ms[0m  p(95)=[36m14.38ms[0m  p(99)=[36m25.92ms[0m 
     [32m✓[0m { name:post_list_deep }[2m........:[0m avg=[36m0s[0m       min=[36m0s[0m      med=[36m0s[0m       max=[36m0s[0m       p(90)=[36m0s[0m       p(95)=[36m0s[0m       p(99)=[36m0s[0m      
     [32m✓[0m { name:post_list }[2m.............:[0m avg=[36m11.92ms[0m  min=[36m1.68ms[0m  med=[36m3.18ms[0m   max=[36m1.02s[0m    p(90)=[36m23.92ms[0m  p(95)=[36m29.83ms[0m  p(99)=[36m103.44ms[0m
     [32m✓[0m { name:post_reaction }[2m.........:[0m avg=[36m31.03ms[0m  min=[36m14.58ms[0m med=[36m23.12ms[0m  max=[36m396.74ms[0m p(90)=[36m38.58ms[0m  p(95)=[36m46.98ms[0m  p(99)=[36m270.37ms[0m
     [32m✓[0m { name:post_search }[2m...........:[0m avg=[36m17.64ms[0m  min=[36m11.71ms[0m med=[36m14.08ms[0m  max=[36m88.37ms[0m  p(90)=[36m24.97ms[0m  p(95)=[36m26ms[0m     p(99)=[36m45.77ms[0m 
     [32m✓[0m { name:post_update }[2m...........:[0m avg=[36m19.28ms[0m  min=[36m12.12ms[0m med=[36m15.85ms[0m  max=[36m35.38ms[0m  p(90)=[36m27.68ms[0m  p(95)=[36m31.17ms[0m  p(99)=[36m34.54ms[0m 
     [32m✓[0m { name:school_search }[2m.........:[0m avg=[36m0s[0m       min=[36m0s[0m      med=[36m0s[0m       max=[36m0s[0m       p(90)=[36m0s[0m       p(95)=[36m0s[0m       p(99)=[36m0s[0m      
     [32m✓[0m { name:scrap_list }[2m............:[0m avg=[36m0s[0m       min=[36m0s[0m      med=[36m0s[0m       max=[36m0s[0m       p(90)=[36m0s[0m       p(95)=[36m0s[0m       p(99)=[36m0s[0m      
     [32m✓[0m { name:scrap_toggle }[2m..........:[0m avg=[36m29.34ms[0m  min=[36m13.82ms[0m med=[36m20.8ms[0m   max=[36m233.42ms[0m p(90)=[36m32.97ms[0m  p(95)=[36m43.41ms[0m  p(99)=[36m177.48ms[0m
     [32m✓[0m { name:subject_list }[2m..........:[0m avg=[36m0s[0m       min=[36m0s[0m      med=[36m0s[0m       max=[36m0s[0m       p(90)=[36m0s[0m       p(95)=[36m0s[0m       p(99)=[36m0s[0m      
     [32m✓[0m { name:template_list }[2m.........:[0m avg=[36m0s[0m       min=[36m0s[0m      med=[36m0s[0m       max=[36m0s[0m       p(90)=[36m0s[0m       p(95)=[36m0s[0m       p(99)=[36m0s[0m      
     [32m✓[0m { name:timetable_today }[2m.......:[0m avg=[36m9.52ms[0m   min=[36m2.19ms[0m  med=[36m3.34ms[0m   max=[36m222.51ms[0m p(90)=[36m9.1ms[0m    p(95)=[36m9.97ms[0m   p(99)=[36m129.95ms[0m
     [32m✓[0m { name:token_refresh }[2m.........:[0m avg=[36m24.6ms[0m   min=[36m15.75ms[0m med=[36m25.8ms[0m   max=[36m31.8ms[0m   p(90)=[36m29.91ms[0m  p(95)=[36m30.86ms[0m  p(99)=[36m31.62ms[0m 
     [32m✓[0m { name:user_info }[2m.............:[0m avg=[36m4.78ms[0m   min=[36m2.15ms[0m  med=[36m3.36ms[0m   max=[36m12.81ms[0m  p(90)=[36m9.2ms[0m    p(95)=[36m9.63ms[0m   p(99)=[36m11.41ms[0m 
     [32m✓[0m { op:auth }[2m....................:[0m avg=[36m161.68ms[0m min=[36m14.1ms[0m  med=[36m84.65ms[0m  max=[36m1.01s[0m    p(90)=[36m478.19ms[0m p(95)=[36m722.91ms[0m p(99)=[36m939.72ms[0m
     [31m✗[0m { op:read,phase:measure }[2m......:[0m avg=[36m68.35ms[0m  min=[36m1.68ms[0m  med=[36m4.99ms[0m   max=[36m2.55s[0m    p(90)=[36m39.71ms[0m  p(95)=[36m394.84ms[0m p(99)=[36m1.69s[0m   
     [32m✓[0m { op:write,phase:measure }[2m.....:[0m avg=[36m20.37ms[0m  min=[36m2.51ms[0m  med=[36m18.33ms[0m  max=[36m104.01ms[0m p(90)=[36m38.41ms[0m  p(95)=[36m43.53ms[0m  p(99)=[36m62.54ms[0m 
     [32m✓[0m { page:0 }[2m.....................:[0m avg=[36m11.44ms[0m  min=[36m1.68ms[0m  med=[36m3.18ms[0m   max=[36m1.02s[0m    p(90)=[36m23.88ms[0m  p(95)=[36m29.76ms[0m  p(99)=[36m107.64ms[0m
     [32m✓[0m { page:1 }[2m.....................:[0m avg=[36m8.15ms[0m   min=[36m1.84ms[0m  med=[36m3.13ms[0m   max=[36m105.73ms[0m p(90)=[36m24.95ms[0m  p(95)=[36m30.14ms[0m  p(99)=[36m58.25ms[0m 
     [32m✓[0m { page:2 }[2m.....................:[0m avg=[36m26.64ms[0m  min=[36m1.86ms[0m  med=[36m3.21ms[0m   max=[36m977.04ms[0m p(90)=[36m24.11ms[0m  p(95)=[36m32.36ms[0m  p(99)=[36m826.22ms[0m
     [32m✓[0m { page:3 }[2m.....................:[0m avg=[36m5.95ms[0m   min=[36m1.8ms[0m   med=[36m2.82ms[0m   max=[36m43.18ms[0m  p(90)=[36m9.95ms[0m   p(95)=[36m22.41ms[0m  p(99)=[36m40.51ms[0m 
     [32m✓[0m { page:4 }[2m.....................:[0m avg=[36m6.38ms[0m   min=[36m1.96ms[0m  med=[36m3.33ms[0m   max=[36m29.68ms[0m  p(90)=[36m13.05ms[0m  p(95)=[36m25.22ms[0m  p(99)=[36m28.36ms[0m 
     [32m✓[0m { phase:measure }[2m..............:[0m avg=[36m64.82ms[0m  min=[36m1.68ms[0m  med=[36m5.34ms[0m   max=[36m2.55s[0m    p(90)=[36m39.63ms[0m  p(95)=[36m345.08ms[0m p(99)=[36m1.67s[0m   
     [32m✓[0m { phase:rampdown }[2m.............:[0m avg=[36m61.86ms[0m  min=[36m1.8ms[0m   med=[36m7.88ms[0m   max=[36m1.95s[0m    p(90)=[36m46.24ms[0m  p(95)=[36m258.34ms[0m p(99)=[36m1.6s[0m    
     [32m✓[0m { phase:warmup }[2m...............:[0m avg=[36m116.76ms[0m min=[36m2.27ms[0m  med=[36m10.66ms[0m  max=[36m20s[0m      p(90)=[36m138.54ms[0m p(95)=[36m433.78ms[0m p(99)=[36m1.72s[0m   
     http_req_failed[2m..................:[0m [36m0.00%[0m   [36;2m✓ 0[0m         [36;2m✗ 8096[0m 
     [32m✓[0m { phase:measure }[2m..............:[0m [36m0.00%[0m   [36;2m✓ 0[0m         [36;2m✗ 5366[0m 
     [32m✓[0m { phase:rampdown }[2m.............:[0m [36m0.00%[0m   [36;2m✓ 0[0m         [36;2m✗ 1165[0m 
     [32m✓[0m { phase:warmup }[2m...............:[0m [36m0.00%[0m   [36;2m✓ 0[0m         [36;2m✗ 1565[0m 
     http_req_receiving[2m...............:[0m avg=[36m579.06µs[0m min=[36m17.85µs[0m med=[36m173.07µs[0m max=[36m99.88ms[0m  p(90)=[36m564.19µs[0m p(95)=[36m1.98ms[0m   p(99)=[36m8.77ms[0m  
     http_req_sending[2m.................:[0m avg=[36m40.8µs[0m   min=[36m5.49µs[0m  med=[36m26.73µs[0m  max=[36m686.59µs[0m p(90)=[36m88.05µs[0m  p(95)=[36m110.75µs[0m p(99)=[36m171.26µs[0m
     http_req_tls_handshaking[2m.........:[0m avg=[36m0s[0m       min=[36m0s[0m      med=[36m0s[0m       max=[36m0s[0m       p(90)=[36m0s[0m       p(95)=[36m0s[0m       p(99)=[36m0s[0m      
     http_req_waiting[2m.................:[0m avg=[36m73.81ms[0m  min=[36m1.57ms[0m  med=[36m6.51ms[0m   max=[36m19.91s[0m   p(90)=[36m71.62ms[0m  p(95)=[36m344.78ms[0m p(99)=[36m1.66s[0m   
     http_reqs[2m........................:[0m [36m8096[0m    [36;2m13.414989/s[0m
     [32m✓[0m { feature:auth }[2m...............:[0m [36m142[0m     [36;2m0.235293/s[0m
     [32m✓[0m { feature:board }[2m..............:[0m [36m764[0m     [36;2m1.26594/s[0m
     [32m✓[0m { feature:chat }[2m...............:[0m [36m614[0m     [36;2m1.017392/s[0m
     [32m✓[0m { feature:comment }[2m............:[0m [36m1467[0m    [36;2m2.430804/s[0m
     [32m✓[0m { feature:friend }[2m.............:[0m [36m144[0m     [36;2m0.238607/s[0m
     [32m✓[0m { feature:hot }[2m................:[0m [36m764[0m     [36;2m1.26594/s[0m
     [32m✓[0m { feature:mypage }[2m.............:[0m [36m112[0m     [36;2m0.185583/s[0m
     [32m✓[0m { feature:notification }[2m.......:[0m [36m323[0m     [36;2m0.535208/s[0m
     [32m✓[0m { feature:post }[2m...............:[0m [36m3494[0m    [36;2m5.789522/s[0m
     [32m✓[0m { feature:reaction }[2m...........:[0m [36m129[0m     [36;2m0.213752/s[0m
     [32m✓[0m { feature:school }[2m.............:[0m [36m56[0m      [36;2m0.092791/s[0m
     [32m✓[0m { feature:scrap }[2m..............:[0m [36m41[0m      [36;2m0.067937/s[0m
     [32m✓[0m { feature:timetable }[2m..........:[0m [36m46[0m      [36;2m0.076222/s[0m
     [32m✓[0m { name:board_list }[2m............:[0m [36m764[0m     [36;2m1.26594/s[0m
     [32m✓[0m { name:chat_mark_read }[2m........:[0m [36m142[0m     [36;2m0.235293/s[0m
     [32m✓[0m { name:chat_messages }[2m.........:[0m [36m142[0m     [36;2m0.235293/s[0m
     [32m✓[0m { name:chat_read_status }[2m......:[0m [36m0[0m       [36;2m0/s[0m
     [32m✓[0m { name:chat_rooms }[2m............:[0m [36m330[0m     [36;2m0.546807/s[0m
     [32m✓[0m { name:comment_create }[2m........:[0m [36m80[0m      [36;2m0.132559/s[0m
     [32m✓[0m { name:comment_delete }[2m........:[0m [36m0[0m       [36;2m0/s[0m
     [32m✓[0m { name:comment_list }[2m..........:[0m [36m1387[0m    [36;2m2.298245/s[0m
     [32m✓[0m { name:comment_reaction }[2m......:[0m [36m34[0m      [36;2m0.056338/s[0m
     [32m✓[0m { name:comment_update }[2m........:[0m [36m0[0m       [36;2m0/s[0m
     [32m✓[0m { name:friend_list }[2m...........:[0m [36m98[0m      [36;2m0.162385/s[0m
     [32m✓[0m { name:friend_req_received }[2m...:[0m [36m46[0m      [36;2m0.076222/s[0m
     [32m✓[0m { name:friend_request }[2m........:[0m [36m0[0m       [36;2m0/s[0m
     [32m✓[0m { name:friend_respond }[2m........:[0m [36m0[0m       [36;2m0/s[0m
     [32m✓[0m { name:friend_search }[2m.........:[0m [36m0[0m       [36;2m0/s[0m
     [32m✓[0m { name:hot_daily }[2m.............:[0m [36m764[0m     [36;2m1.26594/s[0m
     [32m✓[0m { name:login }[2m.................:[0m [36m117[0m     [36;2m0.193868/s[0m
     [32m✓[0m { name:logout }[2m................:[0m [36m17[0m      [36;2m0.028169/s[0m
     [32m✓[0m { name:meal_month }[2m............:[0m [36m10[0m      [36;2m0.01657/s[0m
     [32m✓[0m { name:meal_today }[2m............:[0m [36m46[0m      [36;2m0.076222/s[0m
     [32m✓[0m { name:my_comments }[2m...........:[0m [36m0[0m       [36;2m0/s[0m
     [32m✓[0m { name:my_posts }[2m..............:[0m [36m56[0m      [36;2m0.092791/s[0m
     [32m✓[0m { name:notif_list }[2m............:[0m [36m96[0m      [36;2m0.159071/s[0m
     [32m✓[0m { name:notif_read_all }[2m........:[0m [36m18[0m      [36;2m0.029826/s[0m
     [32m✓[0m { name:notif_read_one }[2m........:[0m [36m41[0m      [36;2m0.067937/s[0m
     [32m✓[0m { name:notif_unread_count }[2m....:[0m [36m168[0m     [36;2m0.278374/s[0m
     [32m✓[0m { name:post_create }[2m...........:[0m [36m83[0m      [36;2m0.13753/s[0m
     [32m✓[0m { name:post_delete }[2m...........:[0m [36m15[0m      [36;2m0.024855/s[0m
     [32m✓[0m { name:post_detail }[2m...........:[0m [36m2545[0m    [36;2m4.217039/s[0m
     [32m✓[0m { name:post_list_deep }[2m........:[0m [36m0[0m       [36;2m0/s[0m
     [32m✓[0m { name:post_list }[2m.............:[0m [36m764[0m     [36;2m1.26594/s[0m
     [32m✓[0m { name:post_reaction }[2m.........:[0m [36m95[0m      [36;2m0.157414/s[0m
     [32m✓[0m { name:post_search }[2m...........:[0m [36m72[0m      [36;2m0.119303/s[0m
     [32m✓[0m { name:post_update }[2m...........:[0m [36m15[0m      [36;2m0.024855/s[0m
     [32m✓[0m { name:school_search }[2m.........:[0m [36m0[0m       [36;2m0/s[0m
     [32m✓[0m { name:scrap_list }[2m............:[0m [36m0[0m       [36;2m0/s[0m
     [32m✓[0m { name:scrap_toggle }[2m..........:[0m [36m41[0m      [36;2m0.067937/s[0m
     [32m✓[0m { name:subject_list }[2m..........:[0m [36m0[0m       [36;2m0/s[0m
     [32m✓[0m { name:template_list }[2m.........:[0m [36m0[0m       [36;2m0/s[0m
     [32m✓[0m { name:timetable_today }[2m.......:[0m [36m46[0m      [36;2m0.076222/s[0m
     [32m✓[0m { name:token_refresh }[2m.........:[0m [36m8[0m       [36;2m0.013256/s[0m
     [32m✓[0m { name:user_info }[2m.............:[0m [36m56[0m      [36;2m0.092791/s[0m
     [32m✓[0m { op:auth }[2m....................:[0m [36m142[0m     [36;2m0.235293/s[0m
     [32m✓[0m { op:read }[2m....................:[0m [36m7390[0m    [36;2m12.245154/s[0m
     [32m✓[0m { op:write }[2m...................:[0m [36m564[0m     [36;2m0.934542/s[0m
     [32m✓[0m { page:0 }[2m.....................:[0m [36m437[0m     [36;2m0.724105/s[0m
     [32m✓[0m { page:1 }[2m.....................:[0m [36m159[0m     [36;2m0.263461/s[0m
     [32m✓[0m { page:2 }[2m.....................:[0m [36m87[0m      [36;2m0.144158/s[0m
     [32m✓[0m { page:3 }[2m.....................:[0m [36m49[0m      [36;2m0.081192/s[0m
     [32m✓[0m { page:4 }[2m.....................:[0m [36m32[0m      [36;2m0.053024/s[0m
     [32m✓[0m { phase:measure }[2m..............:[0m [36m5366[0m    [36;2m8.891407/s[0m
     [32m✓[0m { phase:rampdown }[2m.............:[0m [36m1165[0m    [36;2m1.930393/s[0m
     [32m✓[0m { phase:warmup }[2m...............:[0m [36m1565[0m    [36;2m2.593189/s[0m
     iteration_duration[2m...............:[0m avg=[36m10.26s[0m   min=[36m1.01s[0m   med=[36m8.21s[0m    max=[36m36.95s[0m   p(90)=[36m18.95s[0m   p(95)=[36m21.14s[0m   p(99)=[36m27.08s[0m  
     iterations[2m.......................:[0m [36m1799[0m    [36;2m2.980924/s[0m
     [32m✓[0m { phase:measure }[2m..............:[0m [36m0[0m       [36;2m0/s[0m
     [32m✓[0m { phase:rampdown }[2m.............:[0m [36m0[0m       [36;2m0/s[0m
     [32m✓[0m { phase:warmup }[2m...............:[0m [36m0[0m       [36;2m0/s[0m
     phase_iterations[2m.................:[0m [36m1799[0m    [36;2m2.980924/s[0m
     [32m✓[0m { phase:measure }[2m..............:[0m [36m1191[0m    [36;2m1.973475/s[0m
     [32m✓[0m { phase:rampdown }[2m.............:[0m [36m282[0m     [36;2m0.467271/s[0m
     [32m✓[0m { phase:warmup }[2m...............:[0m [36m326[0m     [36;2m0.540179/s[0m
     vus[2m..............................:[0m [36m1[0m       [36;2mmin=0[0m       [36;2mmax=50[0m 
     vus_max[2m..........................:[0m [36m100[0m     [36;2mmin=100[0m     [36;2mmax=100[0m
     ws_connecting[2m....................:[0m avg=[36m7.49ms[0m   min=[36m2.03ms[0m  med=[36m2.68ms[0m   max=[36m304.04ms[0m p(90)=[36m5.58ms[0m   p(95)=[36m6.3ms[0m    p(99)=[36m93.96ms[0m 
     ws_msgs_received[2m.................:[0m [36m507[0m     [36;2m0.840094/s[0m
     ws_msgs_sent[2m.....................:[0m [36m578[0m     [36;2m0.95774/s[0m
     ws_session_duration[2m..............:[0m avg=[36m22.97s[0m   min=[36m15.43s[0m  med=[36m22.74s[0m   max=[36m29.87s[0m   p(90)=[36m28.1s[0m    p(95)=[36m28.93s[0m   p(99)=[36m29.82s[0m  
     ws_sessions[2m......................:[0m [36m72[0m      [36;2m0.119303/s[0m
running (10m03.5s), 000/100 VUs, 1799 complete and 0 interrupted iterations
normal_day ✓ [ 100% ] 000/100 VUs  10m0s  0.13 iters/s
  호스트(Windows) 573표본 · CPU 12.3% (max 57.9) · 정규화성능 118.4% · vmmem 135.5% · 바쁜코어 —개 · 가용메모리 1275MB
  부하 중 벤치(warmup +60초, 3회 중앙값) · single 5224ms (유휴 대비 6.1%) · parallel 4959ms (유휴 대비 -8.9%) · ctxswitch 2179ms (유휴 대비 0.3%)

  실행 후 상태 sha256:d18d01b3be73 — chat_messages.count +434, chat_messages.maxId +434, posts.maxId +83, comments.count +80, comments.maxId +80 (외 13개)
    (지문 제외 항목: posts.sumViewCount +2136, daily_hot_post.count +56)
Prometheus 스크레이프 대기 20초...

══════════════════════════════════════════════════════════════════════════
  Performance Report — normal-day   Run #129   ❌ FAIL
══════════════════════════════════════════════════════════════════════════
  환경 perf  |  브랜치 personal/localdocs  |  커밋 f915176e  |  빌드 local
  시작 2026-08-26 09:09:10 KST  |  수행 10m 4s  |  VU max 100
  데이터셋 medium  |  부하 ramping-arrival-rate 0→4@3m0s→4@5m0s→0@2m0s maxVU 600

  ── 성능 (measure 구간) ─────────────────────────────────────────
  평균 65ms      P95 345ms     P99 1.68s    
  RPS  17.9      TPS 3.97      오류율 0.00%

  ── 인프라 ────────────────────────────────────────────────────────
  CPU  0.84 core (한계의 42%)   throttled 2.5%
  Heap 781 MB (76%)   GC max 86ms × 78회
  DB   slow 773  QPS 5,083  풀 60%  대기 0
  Redis hit 99.3%  ops 62.8/s  evicted 0

  ── 회귀 (기준: normal-day-2026-08-26T00-06-28) ────────────────
  ⚠  기준선은 당시 k6 threshold 미통과 실행입니다, 당시 Node 판정 FAIL.
     아래 증감률은 개선/악화 폭이며 현재 SLO 통과를 뜻하지 않습니다.
  ❌ P99 응답시간                   2.27s → 1.68s (-26.1%)
       1676 > 상한 1200

  ── 병목 가설 ─────────────────────────────────────────────────────
  • HTTP 요청당 쿼리 수 과다
    요청 1건당 평균 284.2개 쿼리가 실행됐다. N+1 패턴 가능성이 높다. (임계 warn 10 / fail 50)
  • Slow Query 다발
    요청 1000건당 144.0건의 slow query(>100ms, 총 773건). 인덱스 또는 쿼리 계획 점검 대상. (임계 warn 1 / fail 100)

  보고서 : reports\runs\normal-day-2026-08-26T00-19-13\report.html
  Grafana(전체 실행): http://localhost:3001/d/htd-perf-overview/highteenday-performance-overview?from=1787702830197&to=1787703673702
  Grafana(measure) : http://localhost:3001/d/htd-perf-overview/highteenday-performance-overview?from=1787703010197&to=1787703550197
══════════════════════════════════════════════════════════════════════════

  [3/5] p95 345.1ms · 평균 64.8ms · 서버측 63.1ms · 경로 1.7ms

──────── [4/5] 리셋 (restart) ────────

▶ k6 run scenarios/normal-day.js
  브랜치 personal/localdocs · 커밋 f915176eabd4 · 실행자 user@DESKTOP-DJJPASG
  환경 perf · "KI-27 Before — API 축 포함 CV 확정용 5회 (재시작) — repeatability 4/5"
  데이터셋 medium · 상태 sha256:d18d01b3be73 (144ms)
  캐시 cold (키 0개)
  guard strict — 상태 불일치 시 스냅샷 복원 후 재확인 [perf.config.json]
    guard=strict — 스냅샷으로 복원합니다.
▶ 복원 — medium-20260816-062210 → perf-mysql-data-medium
  앱·MySQL 정지
  MySQL 기동
  Redis FLUSHALL (복원 후 캐시는 cold 다)
  앱 기동
  복원 후 상태 지문 sha256:ffe696d17416 = 스냅샷 일치

✅ 복원 완료 · 소요 5.6초 (압축 해제 구간)

  부하 발생기: 컨테이너 perf-k6 (grafana/k6:2.1.0, CPU 상한 4)
  k6 지표 전송: http://prometheus:9090/api/v1/write (native histogram, 5s 간격)
  환경 대조 벤치 실행 중(3축 3회, 약 40초)... single 5024ms · parallel 5955ms · ctxswitch 2209ms
  부하 중 벤치 예약: k6 시작 +60초 (warmup 구간, 3회)

         /\      Grafana   /‾‾/  
    /\  /  \     |\  __   /  /   
   /  \/    \    | |/ /  /   ‾‾\ 
  /          \   |   (  |  (‾)  |
 / __________ \  |_|\_\  \_____/ 


     execution: local
        script: scenarios/normal-day.js
        output: Prometheus remote write (http://prometheus:9090/api/v1/write)

     scenarios: (100.00%) 1 scenario, 600 max VUs, 10m30s max duration (incl. graceful stop):
              * normal_day: Up to 4.00 iterations/s for 10m0s over 3 stages (maxVUs: 100-600, gracefulStop: 30s)


running (00m00.9s), 000/100 VUs, 0 complete and 0 interrupted iterations
normal_day   [   0% ] 000/100 VUs  00m00.9s/10m0s  0.11 iters/s

running (00m01.9s), 000/100 VUs, 0 complete and 0 interrupted iterations
normal_day   [   0% ] 000/100 VUs  00m01.9s/10m0s  0.11 iters/s

running (00m02.9s), 000/100 VUs, 0 complete and 0 interrupted iterations
normal_day   [   0% ] 000/100 VUs  00m02.9s/10m0s  0.11 iters/s

running (00m03.9s), 000/100 VUs, 0 complete and 0 interrupted iterations
normal_day   [   1% ] 000/100 VUs  00m03.9s/10m0s  0.11 iters/s

running (00m04.9s), 000/100 VUs, 0 complete and 0 interrupted iterations
normal_day   [   1% ] 000/100 VUs  00m04.9s/10m0s  0.11 iters/s

running (00m05.9s), 000/100 VUs, 0 complete and 0 interrupted iterations
normal_day   [   1% ] 000/100 VUs  00m05.9s/10m0s  0.11 iters/s

running (00m06.9s), 000/100 VUs, 0 complete and 0 interrupted iterations
normal_day   [   1% ] 000/100 VUs  00m06.9s/10m0s  0.11 iters/s

running (00m07.9s), 000/100 VUs, 0 complete and 0 interrupted iterations
normal_day   [   1% ] 000/100 VUs  00m07.9s/10m0s  0.11 iters/s

running (00m08.9s), 000/100 VUs, 0 complete and 0 interrupted iterations
normal_day   [   1% ] 000/100 VUs  00m08.9s/10m0s  0.11 iters/s

running (00m09.9s), 001/100 VUs, 0 complete and 0 interrupted iterations
normal_day   [   2% ] 001/100 VUs  00m09.9s/10m0s  0.25 iters/s

running (00m10.9s), 001/100 VUs, 0 complete and 0 interrupted iterations
normal_day   [   2% ] 001/100 VUs  00m10.9s/10m0s  0.25 iters/s

running (00m11.9s), 001/100 VUs, 0 complete and 0 interrupted iterations
normal_day   [   2% ] 001/100 VUs  00m11.9s/10m0s  0.25 iters/s

running (00m12.9s), 001/100 VUs, 0 complete and 0 interrupted iterations
normal_day   [   2% ] 001/100 VUs  00m12.9s/10m0s  0.25 iters/s

running (00m13.9s), 002/100 VUs, 0 complete and 0 interrupted iterations
normal_day   [   2% ] 002/100 VUs  00m13.9s/10m0s  0.33 iters/s

running (00m14.9s), 002/100 VUs, 0 complete and 0 interrupted iterations
normal_day   [   2% ] 002/100 VUs  00m14.9s/10m0s  0.33 iters/s

running (00m15.9s), 002/100 VUs, 0 complete and 0 interrupted iterations
normal_day   [   3% ] 002/100 VUs  00m15.9s/10m0s  0.33 iters/s

running (00m16.9s), 003/100 VUs, 0 complete and 0 interrupted iterations
normal_day   [   3% ] 003/100 VUs  00m16.9s/10m0s  0.39 iters/s

running (00m17.9s), 003/100 VUs, 0 complete and 0 interrupted iterations
normal_day   [   3% ] 003/100 VUs  00m17.9s/10m0s  0.39 iters/s

running (00m18.9s), 003/100 VUs, 0 complete and 0 interrupted iterations
normal_day   [   3% ] 003/100 VUs  00m18.9s/10m0s  0.39 iters/s

running (00m19.9s), 003/100 VUs, 1 complete and 0 interrupted iterations
normal_day   [   3% ] 003/100 VUs  00m19.9s/10m0s  0.45 iters/s

running (00m20.9s), 002/100 VUs, 2 complete and 0 interrupted iterations
normal_day   [   3% ] 002/100 VUs  00m20.9s/10m0s  0.45 iters/s

running (00m21.9s), 003/100 VUs, 2 complete and 0 interrupted iterations
normal_day   [   4% ] 003/100 VUs  00m21.9s/10m0s  0.49 iters/s

running (00m22.9s), 003/100 VUs, 2 complete and 0 interrupted iterations
normal_day   [   4% ] 003/100 VUs  00m22.9s/10m0s  0.49 iters/s

running (00m23.9s), 004/100 VUs, 2 complete and 0 interrupted iterations
normal_day   [   4% ] 004/100 VUs  00m23.9s/10m0s  0.54 iters/s

running (00m24.9s), 004/100 VUs, 2 complete and 0 interrupted iterations
normal_day   [   4% ] 004/100 VUs  00m24.9s/10m0s  0.54 iters/s

running (00m25.9s), 005/100 VUs, 2 complete and 0 interrupted iterations
normal_day   [   4% ] 005/100 VUs  00m25.9s/10m0s  0.58 iters/s

running (00m26.9s), 006/100 VUs, 2 complete and 0 interrupted iterations
normal_day   [   4% ] 006/100 VUs  00m26.9s/10m0s  0.61 iters/s

running (00m27.9s), 005/100 VUs, 3 complete and 0 interrupted iterations
normal_day   [   5% ] 005/100 VUs  00m27.9s/10m0s  0.61 iters/s

running (00m28.9s), 006/100 VUs, 3 complete and 0 interrupted iterations
normal_day   [   5% ] 006/100 VUs  00m28.9s/10m0s  0.65 iters/s

running (00m29.9s), 006/100 VUs, 3 complete and 0 interrupted iterations
normal_day   [   5% ] 006/100 VUs  00m29.9s/10m0s  0.65 iters/s

running (00m30.9s), 007/100 VUs, 3 complete and 0 interrupted iterations
normal_day   [   5% ] 007/100 VUs  00m30.9s/10m0s  0.68 iters/s

running (00m31.9s), 008/100 VUs, 3 complete and 0 interrupted iterations
normal_day   [   5% ] 008/100 VUs  00m31.9s/10m0s  0.71 iters/s

running (00m32.9s), 009/100 VUs, 3 complete and 0 interrupted iterations
normal_day   [   5% ] 009/100 VUs  00m32.9s/10m0s  0.75 iters/s

running (00m33.9s), 009/100 VUs, 3 complete and 0 interrupted iterations
normal_day   [   6% ] 009/100 VUs  00m33.9s/10m0s  0.75 iters/s

running (00m34.9s), 010/100 VUs, 3 complete and 0 interrupted iterations
normal_day   [   6% ] 010/100 VUs  00m34.9s/10m0s  0.77 iters/s

running (00m35.9s), 011/100 VUs, 3 complete and 0 interrupted iterations
normal_day   [   6% ] 011/100 VUs  00m35.9s/10m0s  0.80 iters/s

running (00m36.9s), 012/100 VUs, 3 complete and 0 interrupted iterations
normal_day   [   6% ] 012/100 VUs  00m36.9s/10m0s  0.83 iters/s

running (00m37.9s), 012/100 VUs, 3 complete and 0 interrupted iterations
normal_day   [   6% ] 012/100 VUs  00m37.9s/10m0s  0.83 iters/s

running (00m38.9s), 011/100 VUs, 5 complete and 0 interrupted iterations
normal_day   [   6% ] 011/100 VUs  00m38.9s/10m0s  0.86 iters/s

running (00m39.9s), 012/100 VUs, 5 complete and 0 interrupted iterations
normal_day   [   7% ] 012/100 VUs  00m39.9s/10m0s  0.88 iters/s

running (00m40.9s), 012/100 VUs, 6 complete and 0 interrupted iterations
normal_day   [   7% ] 012/100 VUs  00m40.9s/10m0s  0.91 iters/s

running (00m41.9s), 011/100 VUs, 8 complete and 0 interrupted iterations
normal_day   [   7% ] 011/100 VUs  00m41.9s/10m0s  0.93 iters/s

running (00m42.9s), 011/100 VUs, 9 complete and 0 interrupted iterations
normal_day   [   7% ] 011/100 VUs  00m42.9s/10m0s  0.95 iters/s

running (00m43.9s), 012/100 VUs, 9 complete and 0 interrupted iterations
normal_day   [   7% ] 012/100 VUs  00m43.9s/10m0s  0.98 iters/s

running (00m44.9s), 012/100 VUs, 10 complete and 0 interrupted iterations
normal_day   [   7% ] 012/100 VUs  00m44.9s/10m0s  1.00 iters/s

running (00m45.9s), 013/100 VUs, 10 complete and 0 interrupted iterations
normal_day   [   8% ] 013/100 VUs  00m45.9s/10m0s  1.02 iters/s

running (00m46.9s), 014/100 VUs, 10 complete and 0 interrupted iterations
normal_day   [   8% ] 014/100 VUs  00m46.9s/10m0s  1.04 iters/s

running (00m47.9s), 014/100 VUs, 11 complete and 0 interrupted iterations
normal_day   [   8% ] 014/100 VUs  00m47.9s/10m0s  1.06 iters/s

running (00m48.9s), 013/100 VUs, 13 complete and 0 interrupted iterations
normal_day   [   8% ] 013/100 VUs  00m48.9s/10m0s  1.09 iters/s

running (00m49.9s), 014/100 VUs, 13 complete and 0 interrupted iterations
normal_day   [   8% ] 014/100 VUs  00m49.9s/10m0s  1.11 iters/s

running (00m50.9s), 012/100 VUs, 16 complete and 0 interrupted iterations
normal_day   [   8% ] 012/100 VUs  00m50.9s/10m0s  1.13 iters/s

running (00m51.9s), 013/100 VUs, 16 complete and 0 interrupted iterations
normal_day   [   9% ] 013/100 VUs  00m51.9s/10m0s  1.14 iters/s

running (00m52.9s), 015/100 VUs, 16 complete and 0 interrupted iterations
normal_day   [   9% ] 015/100 VUs  00m52.9s/10m0s  1.18 iters/s

running (00m53.9s), 016/100 VUs, 16 complete and 0 interrupted iterations
normal_day   [   9% ] 016/100 VUs  00m53.9s/10m0s  1.20 iters/s

running (00m54.9s), 015/100 VUs, 18 complete and 0 interrupted iterations
normal_day   [   9% ] 015/100 VUs  00m54.9s/10m0s  1.22 iters/s

running (00m55.9s), 014/100 VUs, 20 complete and 0 interrupted iterations
normal_day   [   9% ] 014/100 VUs  00m55.9s/10m0s  1.24 iters/s

running (00m56.9s), 014/100 VUs, 21 complete and 0 interrupted iterations
normal_day   [   9% ] 014/100 VUs  00m56.9s/10m0s  1.26 iters/s

running (00m57.9s), 014/100 VUs, 23 complete and 0 interrupted iterations
normal_day   [  10% ] 014/100 VUs  00m57.9s/10m0s  1.29 iters/s

running (00m58.9s), 015/100 VUs, 23 complete and 0 interrupted iterations
normal_day   [  10% ] 015/100 VUs  00m58.9s/10m0s  1.31 iters/s

running (00m59.9s), 016/100 VUs, 23 complete and 0 interrupted iterations
normal_day   [  10% ] 016/100 VUs  00m59.9s/10m0s  1.32 iters/s

running (01m00.9s), 018/100 VUs, 23 complete and 0 interrupted iterations
normal_day   [  10% ] 018/100 VUs  01m00.9s/10m0s  1.36 iters/s

running (01m01.9s), 013/100 VUs, 29 complete and 0 interrupted iterations
normal_day   [  10% ] 013/100 VUs  01m01.9s/10m0s  1.37 iters/s

running (01m02.9s), 014/100 VUs, 29 complete and 0 interrupted iterations
normal_day   [  10% ] 014/100 VUs  01m02.9s/10m0s  1.39 iters/s

running (01m03.9s), 012/100 VUs, 33 complete and 0 interrupted iterations
normal_day   [  11% ] 012/100 VUs  01m03.9s/10m0s  1.42 iters/s

running (01m04.9s), 013/100 VUs, 33 complete and 0 interrupted iterations
normal_day   [  11% ] 013/100 VUs  01m04.9s/10m0s  1.44 iters/s

running (01m05.9s), 012/100 VUs, 36 complete and 0 interrupted iterations
normal_day   [  11% ] 012/100 VUs  01m05.9s/10m0s  1.47 iters/s

running (01m06.9s), 011/100 VUs, 38 complete and 0 interrupted iterations
normal_day   [  11% ] 011/100 VUs  01m06.9s/10m0s  1.48 iters/s

running (01m07.9s), 011/100 VUs, 40 complete and 0 interrupted iterations
normal_day   [  11% ] 011/100 VUs  01m07.9s/10m0s  1.51 iters/s

running (01m08.9s), 010/100 VUs, 42 complete and 0 interrupted iterations
normal_day   [  11% ] 010/100 VUs  01m08.9s/10m0s  1.53 iters/s

running (01m09.9s), 011/100 VUs, 43 complete and 0 interrupted iterations
normal_day   [  12% ] 011/100 VUs  01m09.9s/10m0s  1.56 iters/s

running (01m10.9s), 011/100 VUs, 44 complete and 0 interrupted iterations
normal_day   [  12% ] 011/100 VUs  01m10.9s/10m0s  1.57 iters/s

running (01m11.9s), 012/100 VUs, 45 complete and 0 interrupted iterations
normal_day   [  12% ] 012/100 VUs  01m11.9s/10m0s  1.60 iters/s

running (01m12.9s), 012/100 VUs, 46 complete and 0 interrupted iterations
normal_day   [  12% ] 012/100 VUs  01m12.9s/10m0s  1.61 iters/s

running (01m13.9s), 011/100 VUs, 49 complete and 0 interrupted iterations
normal_day   [  12% ] 011/100 VUs  01m13.9s/10m0s  1.64 iters/s

running (01m14.9s), 013/100 VUs, 49 complete and 0 interrupted iterations
normal_day   [  12% ] 013/100 VUs  01m14.9s/10m0s  1.67 iters/s

running (01m15.9s), 013/100 VUs, 50 complete and 0 interrupted iterations
normal_day   [  13% ] 013/100 VUs  01m15.9s/10m0s  1.68 iters/s

running (01m16.9s), 013/100 VUs, 52 complete and 0 interrupted iterations
normal_day   [  13% ] 013/100 VUs  01m16.9s/10m0s  1.71 iters/s

running (01m17.9s), 013/100 VUs, 54 complete and 0 interrupted iterations
normal_day   [  13% ] 013/100 VUs  01m17.9s/10m0s  1.73 iters/s

running (01m18.9s), 013/100 VUs, 56 complete and 0 interrupted iterations
normal_day   [  13% ] 013/100 VUs  01m18.9s/10m0s  1.76 iters/s

running (01m19.9s), 013/100 VUs, 57 complete and 0 interrupted iterations
normal_day   [  13% ] 013/100 VUs  01m19.9s/10m0s  1.77 iters/s

running (01m20.9s), 014/100 VUs, 58 complete and 0 interrupted iterations
normal_day   [  13% ] 014/100 VUs  01m20.9s/10m0s  1.80 iters/s

running (01m21.9s), 015/100 VUs, 59 complete and 0 interrupted iterations
normal_day   [  14% ] 015/100 VUs  01m21.9s/10m0s  1.82 iters/s

running (01m22.9s), 016/100 VUs, 60 complete and 0 interrupted iterations
normal_day   [  14% ] 016/100 VUs  01m22.9s/10m0s  1.84 iters/s

running (01m23.9s), 016/100 VUs, 62 complete and 0 interrupted iterations
normal_day   [  14% ] 016/100 VUs  01m23.9s/10m0s  1.87 iters/s

running (01m24.9s), 018/100 VUs, 62 complete and 0 interrupted iterations
normal_day   [  14% ] 018/100 VUs  01m24.9s/10m0s  1.89 iters/s

running (01m25.9s), 018/100 VUs, 63 complete and 0 interrupted iterations
normal_day   [  14% ] 018/100 VUs  01m25.9s/10m0s  1.90 iters/s

running (01m26.9s), 020/100 VUs, 63 complete and 0 interrupted iterations
normal_day   [  14% ] 020/100 VUs  01m26.9s/10m0s  1.93 iters/s

running (01m27.9s), 022/100 VUs, 63 complete and 0 interrupted iterations
normal_day   [  15% ] 022/100 VUs  01m27.9s/10m0s  1.95 iters/s

running (01m28.9s), 022/100 VUs, 65 complete and 0 interrupted iterations
normal_day   [  15% ] 022/100 VUs  01m28.9s/10m0s  1.97 iters/s

running (01m29.9s), 021/100 VUs, 68 complete and 0 interrupted iterations
normal_day   [  15% ] 021/100 VUs  01m29.9s/10m0s  1.99 iters/s

running (01m30.9s), 022/100 VUs, 69 complete and 0 interrupted iterations
normal_day   [  15% ] 022/100 VUs  01m30.9s/10m0s  2.02 iters/s

running (01m31.9s), 022/100 VUs, 71 complete and 0 interrupted iterations
normal_day   [  15% ] 022/100 VUs  01m31.9s/10m0s  2.04 iters/s

running (01m32.9s), 020/100 VUs, 75 complete and 0 interrupted iterations
normal_day   [  15% ] 020/100 VUs  01m32.9s/10m0s  2.06 iters/s

running (01m33.9s), 022/100 VUs, 75 complete and 0 interrupted iterations
normal_day   [  16% ] 022/100 VUs  01m33.9s/10m0s  2.08 iters/s

running (01m34.9s), 022/100 VUs, 77 complete and 0 interrupted iterations
normal_day   [  16% ] 022/100 VUs  01m34.9s/10m0s  2.10 iters/s

running (01m35.9s), 022/100 VUs, 80 complete and 0 interrupted iterations
normal_day   [  16% ] 022/100 VUs  01m35.9s/10m0s  2.13 iters/s

running (01m36.9s), 020/100 VUs, 84 complete and 0 interrupted iterations
normal_day   [  16% ] 020/100 VUs  01m36.9s/10m0s  2.16 iters/s

running (01m37.9s), 020/100 VUs, 86 complete and 0 interrupted iterations
normal_day   [  16% ] 020/100 VUs  01m37.9s/10m0s  2.18 iters/s

running (01m38.9s), 019/100 VUs, 89 complete and 0 interrupted iterations
normal_day   [  16% ] 019/100 VUs  01m38.9s/10m0s  2.20 iters/s

running (01m39.9s), 020/100 VUs, 90 complete and 0 interrupted iterations
normal_day   [  17% ] 020/100 VUs  01m39.9s/10m0s  2.22 iters/s

running (01m40.9s), 022/100 VUs, 91 complete and 0 interrupted iterations
normal_day   [  17% ] 022/100 VUs  01m40.9s/10m0s  2.25 iters/s

running (01m41.9s), 020/100 VUs, 95 complete and 0 interrupted iterations
normal_day   [  17% ] 020/100 VUs  01m41.9s/10m0s  2.27 iters/s

running (01m42.9s), 019/100 VUs, 98 complete and 0 interrupted iterations
normal_day   [  17% ] 019/100 VUs  01m42.9s/10m0s  2.29 iters/s

running (01m43.9s), 020/100 VUs, 99 complete and 0 interrupted iterations
normal_day   [  17% ] 020/100 VUs  01m43.9s/10m0s  2.30 iters/s

running (01m44.9s), 021/100 VUs, 101 complete and 0 interrupted iterations
normal_day   [  17% ] 021/100 VUs  01m44.9s/10m0s  2.33 iters/s

running (01m45.9s), 022/100 VUs, 102 complete and 0 interrupted iterations
normal_day   [  18% ] 022/100 VUs  01m45.9s/10m0s  2.35 iters/s

running (01m46.9s), 023/100 VUs, 103 complete and 0 interrupted iterations
normal_day   [  18% ] 023/100 VUs  01m46.9s/10m0s  2.37 iters/s

running (01m47.9s), 019/100 VUs, 110 complete and 0 interrupted iterations
normal_day   [  18% ] 019/100 VUs  01m47.9s/10m0s  2.40 iters/s

running (01m48.9s), 019/100 VUs, 112 complete and 0 interrupted iterations
normal_day   [  18% ] 019/100 VUs  01m48.9s/10m0s  2.42 iters/s

running (01m49.9s), 022/100 VUs, 112 complete and 0 interrupted iterations
normal_day   [  18% ] 022/100 VUs  01m49.9s/10m0s  2.44 iters/s

running (01m50.9s), 023/100 VUs, 113 complete and 0 interrupted iterations
normal_day   [  18% ] 023/100 VUs  01m50.9s/10m0s  2.46 iters/s

running (01m51.9s), 024/100 VUs, 115 complete and 0 interrupted iterations
normal_day   [  19% ] 024/100 VUs  01m51.9s/10m0s  2.49 iters/s

running (01m52.9s), 022/100 VUs, 119 complete and 0 interrupted iterations
normal_day   [  19% ] 022/100 VUs  01m52.9s/10m0s  2.51 iters/s

running (01m53.9s), 023/100 VUs, 121 complete and 0 interrupted iterations
normal_day   [  19% ] 023/100 VUs  01m53.9s/10m0s  2.53 iters/s

running (01m54.9s), 025/100 VUs, 121 complete and 0 interrupted iterations
normal_day   [  19% ] 025/100 VUs  01m54.9s/10m0s  2.55 iters/s

running (01m55.9s), 026/100 VUs, 123 complete and 0 interrupted iterations
normal_day   [  19% ] 026/100 VUs  01m55.9s/10m0s  2.58 iters/s

running (01m56.9s), 028/100 VUs, 123 complete and 0 interrupted iterations
normal_day   [  19% ] 028/100 VUs  01m56.9s/10m0s  2.59 iters/s

running (01m57.9s), 030/100 VUs, 124 complete and 0 interrupted iterations
normal_day   [  20% ] 030/100 VUs  01m57.9s/10m0s  2.62 iters/s

running (01m58.9s), 027/100 VUs, 129 complete and 0 interrupted iterations
normal_day   [  20% ] 027/100 VUs  01m58.9s/10m0s  2.64 iters/s

running (01m59.9s), 026/100 VUs, 133 complete and 0 interrupted iterations
normal_day   [  20% ] 026/100 VUs  01m59.9s/10m0s  2.66 iters/s

running (02m00.9s), 027/100 VUs, 135 complete and 0 interrupted iterations
normal_day   [  20% ] 027/100 VUs  02m00.9s/10m0s  2.69 iters/s

running (02m01.9s), 027/100 VUs, 138 complete and 0 interrupted iterations
normal_day   [  20% ] 027/100 VUs  02m01.9s/10m0s  2.71 iters/s

running (02m02.9s), 028/100 VUs, 139 complete and 0 interrupted iterations
normal_day   [  20% ] 028/100 VUs  02m02.9s/10m0s  2.73 iters/s

running (02m03.9s), 029/100 VUs, 141 complete and 0 interrupted iterations
normal_day   [  21% ] 029/100 VUs  02m03.9s/10m0s  2.75 iters/s

running (02m04.9s), 025/100 VUs, 148 complete and 0 interrupted iterations
normal_day   [  21% ] 025/100 VUs  02m04.9s/10m0s  2.78 iters/s

running (02m05.9s), 025/100 VUs, 151 complete and 0 interrupted iterations
normal_day   [  21% ] 025/100 VUs  02m05.9s/10m0s  2.80 iters/s

running (02m06.9s), 024/100 VUs, 154 complete and 0 interrupted iterations
normal_day   [  21% ] 024/100 VUs  02m06.9s/10m0s  2.82 iters/s

running (02m07.9s), 025/100 VUs, 156 complete and 0 interrupted iterations
normal_day   [  21% ] 025/100 VUs  02m07.9s/10m0s  2.84 iters/s

running (02m08.9s), 027/100 VUs, 157 complete and 0 interrupted iterations
normal_day   [  21% ] 027/100 VUs  02m08.9s/10m0s  2.86 iters/s

running (02m09.9s), 025/100 VUs, 162 complete and 0 interrupted iterations
normal_day   [  22% ] 025/100 VUs  02m09.9s/10m0s  2.89 iters/s

running (02m10.9s), 026/100 VUs, 164 complete and 0 interrupted iterations
normal_day   [  22% ] 026/100 VUs  02m10.9s/10m0s  2.91 iters/s

running (02m11.9s), 024/100 VUs, 169 complete and 0 interrupted iterations
normal_day   [  22% ] 024/100 VUs  02m11.9s/10m0s  2.93 iters/s

running (02m12.9s), 020/100 VUs, 176 complete and 0 interrupted iterations
normal_day   [  22% ] 020/100 VUs  02m12.9s/10m0s  2.96 iters/s

running (02m13.9s), 021/100 VUs, 178 complete and 0 interrupted iterations
normal_day   [  22% ] 021/100 VUs  02m13.9s/10m0s  2.98 iters/s

running (02m14.9s), 022/100 VUs, 180 complete and 0 interrupted iterations
normal_day   [  22% ] 022/100 VUs  02m14.9s/10m0s  3.00 iters/s

running (02m15.9s), 023/100 VUs, 182 complete and 0 interrupted iterations
normal_day   [  23% ] 023/100 VUs  02m15.9s/10m0s  3.02 iters/s

running (02m16.9s), 023/100 VUs, 185 complete and 0 interrupted iterations
normal_day   [  23% ] 023/100 VUs  02m16.9s/10m0s  3.04 iters/s

running (02m17.9s), 023/100 VUs, 188 complete and 0 interrupted iterations
normal_day   [  23% ] 023/100 VUs  02m17.9s/10m0s  3.07 iters/s

running (02m18.9s), 024/100 VUs, 190 complete and 0 interrupted iterations
normal_day   [  23% ] 024/100 VUs  02m18.9s/10m0s  3.09 iters/s

running (02m19.9s), 025/100 VUs, 192 complete and 0 interrupted iterations
normal_day   [  23% ] 025/100 VUs  02m19.9s/10m0s  3.11 iters/s

running (02m20.9s), 024/100 VUs, 196 complete and 0 interrupted iterations
normal_day   [  23% ] 024/100 VUs  02m20.9s/10m0s  3.13 iters/s

running (02m21.9s), 025/100 VUs, 198 complete and 0 interrupted iterations
normal_day   [  24% ] 025/100 VUs  02m21.9s/10m0s  3.15 iters/s

running (02m22.9s), 026/100 VUs, 200 complete and 0 interrupted iterations
normal_day   [  24% ] 026/100 VUs  02m22.9s/10m0s  3.17 iters/s

running (02m23.9s), 026/100 VUs, 203 complete and 0 interrupted iterations
normal_day   [  24% ] 026/100 VUs  02m23.9s/10m0s  3.19 iters/s

running (02m24.9s), 028/100 VUs, 205 complete and 0 interrupted iterations
normal_day   [  24% ] 028/100 VUs  02m24.9s/10m0s  3.22 iters/s

running (02m25.9s), 028/100 VUs, 208 complete and 0 interrupted iterations
normal_day   [  24% ] 028/100 VUs  02m25.9s/10m0s  3.24 iters/s

running (02m26.9s), 027/100 VUs, 212 complete and 0 interrupted iterations
normal_day   [  24% ] 027/100 VUs  02m26.9s/10m0s  3.26 iters/s

running (02m27.9s), 029/100 VUs, 213 complete and 0 interrupted iterations
normal_day   [  25% ] 029/100 VUs  02m27.9s/10m0s  3.28 iters/s

running (02m28.9s), 028/100 VUs, 218 complete and 0 interrupted iterations
normal_day   [  25% ] 028/100 VUs  02m28.9s/10m0s  3.31 iters/s

running (02m29.9s), 028/100 VUs, 221 complete and 0 interrupted iterations
normal_day   [  25% ] 028/100 VUs  02m29.9s/10m0s  3.33 iters/s

running (02m30.9s), 031/100 VUs, 221 complete and 0 interrupted iterations
normal_day   [  25% ] 031/100 VUs  02m30.9s/10m0s  3.35 iters/s

running (02m31.9s), 033/100 VUs, 223 complete and 0 interrupted iterations
normal_day   [  25% ] 033/100 VUs  02m31.9s/10m0s  3.38 iters/s

running (02m32.9s), 033/100 VUs, 226 complete and 0 interrupted iterations
normal_day   [  25% ] 033/100 VUs  02m32.9s/10m0s  3.40 iters/s

running (02m33.9s), 035/100 VUs, 228 complete and 0 interrupted iterations
normal_day   [  26% ] 035/100 VUs  02m33.9s/10m0s  3.42 iters/s

running (02m34.9s), 032/100 VUs, 234 complete and 0 interrupted iterations
normal_day   [  26% ] 032/100 VUs  02m34.9s/10m0s  3.44 iters/s

running (02m35.9s), 033/100 VUs, 236 complete and 0 interrupted iterations
normal_day   [  26% ] 033/100 VUs  02m35.9s/10m0s  3.46 iters/s

running (02m36.9s), 030/100 VUs, 243 complete and 0 interrupted iterations
normal_day   [  26% ] 030/100 VUs  02m36.9s/10m0s  3.49 iters/s

running (02m37.9s), 028/100 VUs, 248 complete and 0 interrupted iterations
normal_day   [  26% ] 028/100 VUs  02m37.9s/10m0s  3.51 iters/s

running (02m38.9s), 030/100 VUs, 250 complete and 0 interrupted iterations
normal_day   [  26% ] 030/100 VUs  02m38.9s/10m0s  3.53 iters/s

running (02m39.9s), 029/100 VUs, 254 complete and 0 interrupted iterations
normal_day   [  27% ] 029/100 VUs  02m39.9s/10m0s  3.55 iters/s

running (02m40.9s), 030/100 VUs, 257 complete and 0 interrupted iterations
normal_day   [  27% ] 030/100 VUs  02m40.9s/10m0s  3.57 iters/s

running (02m41.9s), 028/100 VUs, 263 complete and 0 interrupted iterations
normal_day   [  27% ] 028/100 VUs  02m41.9s/10m0s  3.60 iters/s

running (02m42.9s), 029/100 VUs, 265 complete and 0 interrupted iterations
normal_day   [  27% ] 029/100 VUs  02m42.9s/10m0s  3.62 iters/s

running (02m43.9s), 031/100 VUs, 267 complete and 0 interrupted iterations
normal_day   [  27% ] 031/100 VUs  02m43.9s/10m0s  3.64 iters/s

running (02m44.9s), 031/100 VUs, 271 complete and 0 interrupted iterations
normal_day   [  27% ] 031/100 VUs  02m44.9s/10m0s  3.67 iters/s

running (02m45.9s), 031/100 VUs, 274 complete and 0 interrupted iterations
normal_day   [  28% ] 031/100 VUs  02m45.9s/10m0s  3.68 iters/s

running (02m46.9s), 029/100 VUs, 280 complete and 0 interrupted iterations
normal_day   [  28% ] 029/100 VUs  02m46.9s/10m0s  3.71 iters/s

running (02m47.9s), 030/100 VUs, 283 complete and 0 interrupted iterations
normal_day   [  28% ] 030/100 VUs  02m47.9s/10m0s  3.73 iters/s

running (02m48.9s), 028/100 VUs, 288 complete and 0 interrupted iterations
normal_day   [  28% ] 028/100 VUs  02m48.9s/10m0s  3.75 iters/s

running (02m49.9s), 029/100 VUs, 291 complete and 0 interrupted iterations
normal_day   [  28% ] 029/100 VUs  02m49.9s/10m0s  3.77 iters/s

running (02m50.9s), 031/100 VUs, 293 complete and 0 interrupted iterations
normal_day   [  28% ] 031/100 VUs  02m50.9s/10m0s  3.80 iters/s

running (02m51.9s), 033/100 VUs, 295 complete and 0 interrupted iterations
normal_day   [  29% ] 033/100 VUs  02m51.9s/10m0s  3.82 iters/s

running (02m52.9s), 036/100 VUs, 296 complete and 0 interrupted iterations
normal_day   [  29% ] 036/100 VUs  02m52.9s/10m0s  3.84 iters/s

running (02m53.9s), 036/100 VUs, 299 complete and 0 interrupted iterations
normal_day   [  29% ] 036/100 VUs  02m53.9s/10m0s  3.86 iters/s

running (02m54.9s), 037/100 VUs, 302 complete and 0 interrupted iterations
normal_day   [  29% ] 037/100 VUs  02m54.9s/10m0s  3.88 iters/s

running (02m55.9s), 037/100 VUs, 306 complete and 0 interrupted iterations
normal_day   [  29% ] 037/100 VUs  02m55.9s/10m0s  3.91 iters/s

running (02m56.9s), 036/100 VUs, 311 complete and 0 interrupted iterations
normal_day   [  29% ] 036/100 VUs  02m56.9s/10m0s  3.93 iters/s

running (02m57.9s), 038/100 VUs, 313 complete and 0 interrupted iterations
normal_day   [  30% ] 038/100 VUs  02m57.9s/10m0s  3.95 iters/s

running (02m58.9s), 038/100 VUs, 317 complete and 0 interrupted iterations
normal_day   [  30% ] 038/100 VUs  02m58.9s/10m0s  3.97 iters/s

running (02m59.9s), 038/100 VUs, 321 complete and 0 interrupted iterations
normal_day   [  30% ] 038/100 VUs  02m59.9s/10m0s  4.00 iters/s

running (03m00.9s), 039/100 VUs, 324 complete and 0 interrupted iterations
normal_day   [  30% ] 039/100 VUs  03m00.9s/10m0s  4.00 iters/s

running (03m01.9s), 041/100 VUs, 326 complete and 0 interrupted iterations
normal_day   [  30% ] 041/100 VUs  03m01.9s/10m0s  4.00 iters/s

running (03m02.9s), 036/100 VUs, 335 complete and 0 interrupted iterations
normal_day   [  30% ] 036/100 VUs  03m02.9s/10m0s  4.00 iters/s

running (03m03.9s), 036/100 VUs, 339 complete and 0 interrupted iterations
normal_day   [  31% ] 036/100 VUs  03m03.9s/10m0s  4.00 iters/s

running (03m04.9s), 037/100 VUs, 342 complete and 0 interrupted iterations
normal_day   [  31% ] 037/100 VUs  03m04.9s/10m0s  4.00 iters/s

running (03m05.9s), 037/100 VUs, 346 complete and 0 interrupted iterations
normal_day   [  31% ] 037/100 VUs  03m05.9s/10m0s  4.00 iters/s

running (03m06.9s), 040/100 VUs, 347 complete and 0 interrupted iterations
normal_day   [  31% ] 040/100 VUs  03m06.9s/10m0s  4.00 iters/s

running (03m07.9s), 040/100 VUs, 351 complete and 0 interrupted iterations
normal_day   [  31% ] 040/100 VUs  03m07.9s/10m0s  4.00 iters/s

running (03m08.9s), 035/100 VUs, 360 complete and 0 interrupted iterations
normal_day   [  31% ] 035/100 VUs  03m08.9s/10m0s  4.00 iters/s

running (03m09.9s), 037/100 VUs, 362 complete and 0 interrupted iterations
normal_day   [  32% ] 037/100 VUs  03m09.9s/10m0s  4.00 iters/s

running (03m10.9s), 033/100 VUs, 370 complete and 0 interrupted iterations
normal_day   [  32% ] 033/100 VUs  03m10.9s/10m0s  4.00 iters/s

running (03m11.9s), 033/100 VUs, 374 complete and 0 interrupted iterations
normal_day   [  32% ] 033/100 VUs  03m11.9s/10m0s  4.00 iters/s

running (03m12.9s), 034/100 VUs, 377 complete and 0 interrupted iterations
normal_day   [  32% ] 034/100 VUs  03m12.9s/10m0s  4.00 iters/s

running (03m13.9s), 032/100 VUs, 383 complete and 0 interrupted iterations
normal_day   [  32% ] 032/100 VUs  03m13.9s/10m0s  4.00 iters/s

running (03m14.9s), 036/100 VUs, 383 complete and 0 interrupted iterations
normal_day   [  32% ] 036/100 VUs  03m14.9s/10m0s  4.00 iters/s

running (03m15.9s), 036/100 VUs, 387 complete and 0 interrupted iterations
normal_day   [  33% ] 036/100 VUs  03m15.9s/10m0s  4.00 iters/s

running (03m16.9s), 037/100 VUs, 390 complete and 0 interrupted iterations
normal_day   [  33% ] 037/100 VUs  03m16.9s/10m0s  4.00 iters/s

running (03m17.9s), 040/100 VUs, 391 complete and 0 interrupted iterations
normal_day   [  33% ] 040/100 VUs  03m17.9s/10m0s  4.00 iters/s

running (03m18.9s), 041/100 VUs, 394 complete and 0 interrupted iterations
normal_day   [  33% ] 041/100 VUs  03m18.9s/10m0s  4.00 iters/s

running (03m19.9s), 044/100 VUs, 395 complete and 0 interrupted iterations
normal_day   [  33% ] 044/100 VUs  03m19.9s/10m0s  4.00 iters/s

running (03m20.9s), 045/100 VUs, 398 complete and 0 interrupted iterations
normal_day   [  33% ] 045/100 VUs  03m20.9s/10m0s  4.00 iters/s

running (03m21.9s), 043/100 VUs, 404 complete and 0 interrupted iterations
normal_day   [  34% ] 043/100 VUs  03m21.9s/10m0s  4.00 iters/s

running (03m22.9s), 040/100 VUs, 411 complete and 0 interrupted iterations
normal_day   [  34% ] 040/100 VUs  03m22.9s/10m0s  4.00 iters/s

running (03m23.9s), 044/100 VUs, 411 complete and 0 interrupted iterations
normal_day   [  34% ] 044/100 VUs  03m23.9s/10m0s  4.00 iters/s

running (03m24.9s), 041/100 VUs, 418 complete and 0 interrupted iterations
normal_day   [  34% ] 041/100 VUs  03m24.9s/10m0s  4.00 iters/s

running (03m25.9s), 041/100 VUs, 422 complete and 0 interrupted iterations
normal_day   [  34% ] 041/100 VUs  03m25.9s/10m0s  4.00 iters/s

running (03m26.9s), 042/100 VUs, 425 complete and 0 interrupted iterations
normal_day   [  34% ] 042/100 VUs  03m26.9s/10m0s  4.00 iters/s

running (03m27.9s), 041/100 VUs, 430 complete and 0 interrupted iterations
normal_day   [  35% ] 041/100 VUs  03m27.9s/10m0s  4.00 iters/s

running (03m28.9s), 039/100 VUs, 436 complete and 0 interrupted iterations
normal_day   [  35% ] 039/100 VUs  03m28.9s/10m0s  4.00 iters/s

running (03m29.9s), 039/100 VUs, 440 complete and 0 interrupted iterations
normal_day   [  35% ] 039/100 VUs  03m29.9s/10m0s  4.00 iters/s

running (03m30.9s), 038/100 VUs, 445 complete and 0 interrupted iterations
normal_day   [  35% ] 038/100 VUs  03m30.9s/10m0s  4.00 iters/s

running (03m31.9s), 040/100 VUs, 447 complete and 0 interrupted iterations
normal_day   [  35% ] 040/100 VUs  03m31.9s/10m0s  4.00 iters/s

running (03m32.9s), 040/100 VUs, 451 complete and 0 interrupted iterations
normal_day   [  35% ] 040/100 VUs  03m32.9s/10m0s  4.00 iters/s

running (03m33.9s), 042/100 VUs, 453 complete and 0 interrupted iterations
normal_day   [  36% ] 042/100 VUs  03m33.9s/10m0s  4.00 iters/s

running (03m34.9s), 043/100 VUs, 456 complete and 0 interrupted iterations
normal_day   [  36% ] 043/100 VUs  03m34.9s/10m0s  4.00 iters/s

running (03m35.9s), 045/100 VUs, 458 complete and 0 interrupted iterations
normal_day   [  36% ] 045/100 VUs  03m35.9s/10m0s  4.00 iters/s

running (03m36.9s), 047/100 VUs, 460 complete and 0 interrupted iterations
normal_day   [  36% ] 047/100 VUs  03m36.9s/10m0s  4.00 iters/s

running (03m37.9s), 044/100 VUs, 467 complete and 0 interrupted iterations
normal_day   [  36% ] 044/100 VUs  03m37.9s/10m0s  4.00 iters/s

running (03m38.9s), 043/100 VUs, 472 complete and 0 interrupted iterations
normal_day   [  36% ] 043/100 VUs  03m38.9s/10m0s  4.00 iters/s

running (03m39.9s), 044/100 VUs, 475 complete and 0 interrupted iterations
normal_day   [  37% ] 044/100 VUs  03m39.9s/10m0s  4.00 iters/s

running (03m40.9s), 043/100 VUs, 480 complete and 0 interrupted iterations
normal_day   [  37% ] 043/100 VUs  03m40.9s/10m0s  4.00 iters/s

running (03m41.9s), 034/100 VUs, 493 complete and 0 interrupted iterations
normal_day   [  37% ] 034/100 VUs  03m41.9s/10m0s  4.00 iters/s

running (03m42.9s), 034/100 VUs, 497 complete and 0 interrupted iterations
normal_day   [  37% ] 034/100 VUs  03m42.9s/10m0s  4.00 iters/s

running (03m43.9s), 037/100 VUs, 498 complete and 0 interrupted iterations
normal_day   [  37% ] 037/100 VUs  03m43.9s/10m0s  4.00 iters/s

running (03m44.9s), 036/100 VUs, 503 complete and 0 interrupted iterations
normal_day   [  37% ] 036/100 VUs  03m44.9s/10m0s  4.00 iters/s

running (03m45.9s), 032/100 VUs, 511 complete and 0 interrupted iterations
normal_day   [  38% ] 032/100 VUs  03m45.9s/10m0s  4.00 iters/s

running (03m46.9s), 034/100 VUs, 513 complete and 0 interrupted iterations
normal_day   [  38% ] 034/100 VUs  03m46.9s/10m0s  4.00 iters/s

running (03m47.9s), 037/100 VUs, 514 complete and 0 interrupted iterations
normal_day   [  38% ] 037/100 VUs  03m47.9s/10m0s  4.00 iters/s

running (03m48.9s), 038/100 VUs, 517 complete and 0 interrupted iterations
normal_day   [  38% ] 038/100 VUs  03m48.9s/10m0s  4.00 iters/s

running (03m49.9s), 041/100 VUs, 518 complete and 0 interrupted iterations
normal_day   [  38% ] 041/100 VUs  03m49.9s/10m0s  4.00 iters/s

running (03m50.9s), 041/100 VUs, 522 complete and 0 interrupted iterations
normal_day   [  38% ] 041/100 VUs  03m50.9s/10m0s  4.00 iters/s

running (03m51.9s), 042/100 VUs, 525 complete and 0 interrupted iterations
normal_day   [  39% ] 042/100 VUs  03m51.9s/10m0s  4.00 iters/s

running (03m52.9s), 041/100 VUs, 530 complete and 0 interrupted iterations
normal_day   [  39% ] 041/100 VUs  03m52.9s/10m0s  4.00 iters/s

running (03m53.9s), 042/100 VUs, 533 complete and 0 interrupted iterations
normal_day   [  39% ] 042/100 VUs  03m53.9s/10m0s  4.00 iters/s

running (03m54.9s), 042/100 VUs, 537 complete and 0 interrupted iterations
normal_day   [  39% ] 042/100 VUs  03m54.9s/10m0s  4.00 iters/s

running (03m55.9s), 043/100 VUs, 540 complete and 0 interrupted iterations
normal_day   [  39% ] 043/100 VUs  03m55.9s/10m0s  4.00 iters/s

running (03m56.9s), 041/100 VUs, 546 complete and 0 interrupted iterations
normal_day   [  39% ] 041/100 VUs  03m56.9s/10m0s  4.00 iters/s

running (03m57.9s), 042/100 VUs, 549 complete and 0 interrupted iterations
normal_day   [  40% ] 042/100 VUs  03m57.9s/10m0s  4.00 iters/s

running (03m58.9s), 041/100 VUs, 554 complete and 0 interrupted iterations
normal_day   [  40% ] 041/100 VUs  03m58.9s/10m0s  4.00 iters/s

running (03m59.9s), 043/100 VUs, 556 complete and 0 interrupted iterations
normal_day   [  40% ] 043/100 VUs  03m59.9s/10m0s  4.00 iters/s

running (04m00.9s), 044/100 VUs, 559 complete and 0 interrupted iterations
normal_day   [  40% ] 044/100 VUs  04m00.9s/10m0s  4.00 iters/s

running (04m01.9s), 046/100 VUs, 561 complete and 0 interrupted iterations
normal_day   [  40% ] 046/100 VUs  04m01.9s/10m0s  4.00 iters/s

running (04m02.9s), 047/100 VUs, 564 complete and 0 interrupted iterations
normal_day   [  40% ] 047/100 VUs  04m02.9s/10m0s  4.00 iters/s

running (04m03.9s), 047/100 VUs, 568 complete and 0 interrupted iterations
normal_day   [  41% ] 047/100 VUs  04m03.9s/10m0s  4.00 iters/s

running (04m04.9s), 047/100 VUs, 572 complete and 0 interrupted iterations
normal_day   [  41% ] 047/100 VUs  04m04.9s/10m0s  4.00 iters/s

running (04m05.9s), 049/100 VUs, 574 complete and 0 interrupted iterations
normal_day   [  41% ] 049/100 VUs  04m05.9s/10m0s  4.00 iters/s

running (04m06.9s), 044/100 VUs, 583 complete and 0 interrupted iterations
normal_day   [  41% ] 044/100 VUs  04m06.9s/10m0s  4.00 iters/s

running (04m07.9s), 042/100 VUs, 589 complete and 0 interrupted iterations
normal_day   [  41% ] 042/100 VUs  04m07.9s/10m0s  4.00 iters/s

running (04m08.9s), 040/100 VUs, 595 complete and 0 interrupted iterations
normal_day   [  41% ] 040/100 VUs  04m08.9s/10m0s  4.00 iters/s

running (04m09.9s), 041/100 VUs, 598 complete and 0 interrupted iterations
normal_day   [  42% ] 041/100 VUs  04m09.9s/10m0s  4.00 iters/s

running (04m10.9s), 042/100 VUs, 601 complete and 0 interrupted iterations
normal_day   [  42% ] 042/100 VUs  04m10.9s/10m0s  4.00 iters/s

running (04m11.9s), 042/100 VUs, 605 complete and 0 interrupted iterations
normal_day   [  42% ] 042/100 VUs  04m11.9s/10m0s  4.00 iters/s

running (04m12.9s), 042/100 VUs, 609 complete and 0 interrupted iterations
normal_day   [  42% ] 042/100 VUs  04m12.9s/10m0s  4.00 iters/s

running (04m13.9s), 041/100 VUs, 614 complete and 0 interrupted iterations
normal_day   [  42% ] 041/100 VUs  04m13.9s/10m0s  4.00 iters/s

running (04m14.9s), 043/100 VUs, 616 complete and 0 interrupted iterations
normal_day   [  42% ] 043/100 VUs  04m14.9s/10m0s  4.00 iters/s

running (04m15.9s), 040/100 VUs, 623 complete and 0 interrupted iterations
normal_day   [  43% ] 040/100 VUs  04m15.9s/10m0s  4.00 iters/s

running (04m16.9s), 033/100 VUs, 634 complete and 0 interrupted iterations
normal_day   [  43% ] 033/100 VUs  04m16.9s/10m0s  4.00 iters/s

running (04m17.9s), 034/100 VUs, 637 complete and 0 interrupted iterations
normal_day   [  43% ] 034/100 VUs  04m17.9s/10m0s  4.00 iters/s

running (04m18.9s), 037/100 VUs, 638 complete and 0 interrupted iterations
normal_day   [  43% ] 037/100 VUs  04m18.9s/10m0s  4.00 iters/s

running (04m19.9s), 035/100 VUs, 644 complete and 0 interrupted iterations
normal_day   [  43% ] 035/100 VUs  04m19.9s/10m0s  4.00 iters/s

running (04m20.9s), 036/100 VUs, 647 complete and 0 interrupted iterations
normal_day   [  43% ] 036/100 VUs  04m20.9s/10m0s  4.00 iters/s

running (04m21.9s), 034/100 VUs, 653 complete and 0 interrupted iterations
normal_day   [  44% ] 034/100 VUs  04m21.9s/10m0s  4.00 iters/s

running (04m22.9s), 035/100 VUs, 656 complete and 0 interrupted iterations
normal_day   [  44% ] 035/100 VUs  04m22.9s/10m0s  4.00 iters/s

running (04m23.9s), 037/100 VUs, 658 complete and 0 interrupted iterations
normal_day   [  44% ] 037/100 VUs  04m23.9s/10m0s  4.00 iters/s

running (04m24.9s), 034/100 VUs, 665 complete and 0 interrupted iterations
normal_day   [  44% ] 034/100 VUs  04m24.9s/10m0s  4.00 iters/s

running (04m25.9s), 036/100 VUs, 667 complete and 0 interrupted iterations
normal_day   [  44% ] 036/100 VUs  04m25.9s/10m0s  4.00 iters/s

running (04m26.9s), 037/100 VUs, 670 complete and 0 interrupted iterations
normal_day   [  44% ] 037/100 VUs  04m26.9s/10m0s  4.00 iters/s

running (04m27.8s), 033/100 VUs, 678 complete and 0 interrupted iterations
normal_day   [  45% ] 033/100 VUs  04m27.9s/10m0s  4.00 iters/s

running (04m28.8s), 035/100 VUs, 680 complete and 0 interrupted iterations
normal_day   [  45% ] 035/100 VUs  04m28.9s/10m0s  4.00 iters/s

running (04m29.8s), 036/100 VUs, 683 complete and 0 interrupted iterations
normal_day   [  45% ] 036/100 VUs  04m29.9s/10m0s  4.00 iters/s

running (04m30.8s), 038/100 VUs, 685 complete and 0 interrupted iterations
normal_day   [  45% ] 038/100 VUs  04m30.9s/10m0s  4.00 iters/s

running (04m31.8s), 041/100 VUs, 686 complete and 0 interrupted iterations
normal_day   [  45% ] 041/100 VUs  04m31.9s/10m0s  4.00 iters/s

running (04m32.8s), 039/100 VUs, 692 complete and 0 interrupted iterations
normal_day   [  45% ] 039/100 VUs  04m32.9s/10m0s  4.00 iters/s

running (04m33.8s), 040/100 VUs, 695 complete and 0 interrupted iterations
normal_day   [  46% ] 040/100 VUs  04m33.9s/10m0s  4.00 iters/s

running (04m34.8s), 039/100 VUs, 700 complete and 0 interrupted iterations
normal_day   [  46% ] 039/100 VUs  04m34.9s/10m0s  4.00 iters/s

running (04m35.8s), 041/100 VUs, 702 complete and 0 interrupted iterations
normal_day   [  46% ] 041/100 VUs  04m35.9s/10m0s  4.00 iters/s

running (04m36.8s), 042/100 VUs, 705 complete and 0 interrupted iterations
normal_day   [  46% ] 042/100 VUs  04m36.9s/10m0s  4.00 iters/s

running (04m37.8s), 041/100 VUs, 710 complete and 0 interrupted iterations
normal_day   [  46% ] 041/100 VUs  04m37.9s/10m0s  4.00 iters/s

running (04m38.8s), 043/100 VUs, 712 complete and 0 interrupted iterations
normal_day   [  46% ] 043/100 VUs  04m38.9s/10m0s  4.00 iters/s

running (04m39.8s), 044/100 VUs, 715 complete and 0 interrupted iterations
normal_day   [  47% ] 044/100 VUs  04m39.9s/10m0s  4.00 iters/s

running (04m40.8s), 039/100 VUs, 724 complete and 0 interrupted iterations
normal_day   [  47% ] 039/100 VUs  04m40.9s/10m0s  4.00 iters/s

running (04m41.8s), 040/100 VUs, 727 complete and 0 interrupted iterations
normal_day   [  47% ] 040/100 VUs  04m41.9s/10m0s  4.00 iters/s

running (04m42.8s), 040/100 VUs, 731 complete and 0 interrupted iterations
normal_day   [  47% ] 040/100 VUs  04m42.9s/10m0s  4.00 iters/s

running (04m43.8s), 042/100 VUs, 733 complete and 0 interrupted iterations
normal_day   [  47% ] 042/100 VUs  04m43.9s/10m0s  4.00 iters/s

running (04m44.8s), 041/100 VUs, 738 complete and 0 interrupted iterations
normal_day   [  47% ] 041/100 VUs  04m44.9s/10m0s  4.00 iters/s

running (04m45.8s), 042/100 VUs, 741 complete and 0 interrupted iterations
normal_day   [  48% ] 042/100 VUs  04m45.9s/10m0s  4.00 iters/s

running (04m46.8s), 041/100 VUs, 746 complete and 0 interrupted iterations
normal_day   [  48% ] 041/100 VUs  04m46.9s/10m0s  4.00 iters/s

running (04m47.8s), 039/100 VUs, 752 complete and 0 interrupted iterations
normal_day   [  48% ] 039/100 VUs  04m47.9s/10m0s  4.00 iters/s

running (04m48.8s), 036/100 VUs, 759 complete and 0 interrupted iterations
normal_day   [  48% ] 036/100 VUs  04m48.9s/10m0s  4.00 iters/s

running (04m49.8s), 034/100 VUs, 765 complete and 0 interrupted iterations
normal_day   [  48% ] 034/100 VUs  04m49.9s/10m0s  4.00 iters/s

running (04m50.8s), 034/100 VUs, 769 complete and 0 interrupted iterations
normal_day   [  48% ] 034/100 VUs  04m50.9s/10m0s  4.00 iters/s

running (04m51.8s), 033/100 VUs, 774 complete and 0 interrupted iterations
normal_day   [  49% ] 033/100 VUs  04m51.9s/10m0s  4.00 iters/s

running (04m52.8s), 033/100 VUs, 778 complete and 0 interrupted iterations
normal_day   [  49% ] 033/100 VUs  04m52.9s/10m0s  4.00 iters/s

running (04m53.8s), 032/100 VUs, 783 complete and 0 interrupted iterations
normal_day   [  49% ] 032/100 VUs  04m53.9s/10m0s  4.00 iters/s

running (04m54.8s), 034/100 VUs, 785 complete and 0 interrupted iterations
normal_day   [  49% ] 034/100 VUs  04m54.9s/10m0s  4.00 iters/s

running (04m55.8s), 036/100 VUs, 787 complete and 0 interrupted iterations
normal_day   [  49% ] 036/100 VUs  04m55.9s/10m0s  4.00 iters/s

running (04m56.8s), 040/100 VUs, 787 complete and 0 interrupted iterations
normal_day   [  49% ] 040/100 VUs  04m56.9s/10m0s  4.00 iters/s

running (04m57.9s), 041/100 VUs, 790 complete and 0 interrupted iterations
normal_day   [  50% ] 041/100 VUs  04m57.9s/10m0s  4.00 iters/s

running (04m58.9s), 041/100 VUs, 794 complete and 0 interrupted iterations
normal_day   [  50% ] 041/100 VUs  04m58.9s/10m0s  4.00 iters/s

running (04m59.9s), 043/100 VUs, 796 complete and 0 interrupted iterations
normal_day   [  50% ] 043/100 VUs  04m59.9s/10m0s  4.00 iters/s

running (05m00.9s), 043/100 VUs, 800 complete and 0 interrupted iterations
normal_day   [  50% ] 043/100 VUs  05m00.9s/10m0s  4.00 iters/s

running (05m01.9s), 044/100 VUs, 803 complete and 0 interrupted iterations
normal_day   [  50% ] 044/100 VUs  05m01.9s/10m0s  4.00 iters/s

running (05m02.9s), 045/100 VUs, 806 complete and 0 interrupted iterations
normal_day   [  50% ] 045/100 VUs  05m02.9s/10m0s  4.00 iters/s

running (05m03.9s), 044/100 VUs, 811 complete and 0 interrupted iterations
normal_day   [  51% ] 044/100 VUs  05m03.9s/10m0s  4.00 iters/s

running (05m04.9s), 041/100 VUs, 818 complete and 0 interrupted iterations
normal_day   [  51% ] 041/100 VUs  05m04.9s/10m0s  4.00 iters/s

running (05m05.9s), 045/100 VUs, 818 complete and 0 interrupted iterations
normal_day   [  51% ] 045/100 VUs  05m05.9s/10m0s  4.00 iters/s

running (05m06.9s), 045/100 VUs, 822 complete and 0 interrupted iterations
normal_day   [  51% ] 045/100 VUs  05m06.9s/10m0s  4.00 iters/s

running (05m07.9s), 046/100 VUs, 825 complete and 0 interrupted iterations
normal_day   [  51% ] 046/100 VUs  05m07.9s/10m0s  4.00 iters/s

running (05m08.9s), 045/100 VUs, 830 complete and 0 interrupted iterations
normal_day   [  51% ] 045/100 VUs  05m08.9s/10m0s  4.00 iters/s

running (05m09.9s), 046/100 VUs, 833 complete and 0 interrupted iterations
normal_day   [  52% ] 046/100 VUs  05m09.9s/10m0s  4.00 iters/s

running (05m10.9s), 047/100 VUs, 836 complete and 0 interrupted iterations
normal_day   [  52% ] 047/100 VUs  05m10.9s/10m0s  4.00 iters/s

running (05m11.9s), 046/100 VUs, 841 complete and 0 interrupted iterations
normal_day   [  52% ] 046/100 VUs  05m11.9s/10m0s  4.00 iters/s

running (05m12.9s), 046/100 VUs, 845 complete and 0 interrupted iterations
normal_day   [  52% ] 046/100 VUs  05m12.9s/10m0s  4.00 iters/s

running (05m13.9s), 046/100 VUs, 849 complete and 0 interrupted iterations
normal_day   [  52% ] 046/100 VUs  05m13.9s/10m0s  4.00 iters/s

running (05m14.9s), 044/100 VUs, 855 complete and 0 interrupted iterations
normal_day   [  52% ] 044/100 VUs  05m14.9s/10m0s  4.00 iters/s

running (05m15.9s), 047/100 VUs, 856 complete and 0 interrupted iterations
normal_day   [  53% ] 047/100 VUs  05m15.9s/10m0s  4.00 iters/s

running (05m16.9s), 045/100 VUs, 862 complete and 0 interrupted iterations
normal_day   [  53% ] 045/100 VUs  05m16.9s/10m0s  4.00 iters/s

running (05m17.9s), 045/100 VUs, 866 complete and 0 interrupted iterations
normal_day   [  53% ] 045/100 VUs  05m17.9s/10m0s  4.00 iters/s

running (05m18.9s), 043/100 VUs, 872 complete and 0 interrupted iterations
normal_day   [  53% ] 043/100 VUs  05m18.9s/10m0s  4.00 iters/s

running (05m19.9s), 040/100 VUs, 879 complete and 0 interrupted iterations
normal_day   [  53% ] 040/100 VUs  05m19.9s/10m0s  4.00 iters/s

running (05m20.9s), 040/100 VUs, 883 complete and 0 interrupted iterations
normal_day   [  53% ] 040/100 VUs  05m20.9s/10m0s  4.00 iters/s

running (05m21.9s), 041/100 VUs, 886 complete and 0 interrupted iterations
normal_day   [  54% ] 041/100 VUs  05m21.9s/10m0s  4.00 iters/s

running (05m22.9s), 042/100 VUs, 889 complete and 0 interrupted iterations
normal_day   [  54% ] 042/100 VUs  05m22.9s/10m0s  4.00 iters/s

running (05m23.9s), 043/100 VUs, 892 complete and 0 interrupted iterations
normal_day   [  54% ] 043/100 VUs  05m23.9s/10m0s  4.00 iters/s

running (05m24.9s), 045/100 VUs, 894 complete and 0 interrupted iterations
normal_day   [  54% ] 045/100 VUs  05m24.9s/10m0s  4.00 iters/s

running (05m25.9s), 044/100 VUs, 899 complete and 0 interrupted iterations
normal_day   [  54% ] 044/100 VUs  05m25.9s/10m0s  4.00 iters/s

running (05m26.9s), 044/100 VUs, 903 complete and 0 interrupted iterations
normal_day   [  54% ] 044/100 VUs  05m26.9s/10m0s  4.00 iters/s

running (05m27.8s), 044/100 VUs, 907 complete and 0 interrupted iterations
normal_day   [  55% ] 044/100 VUs  05m27.9s/10m0s  4.00 iters/s

running (05m28.8s), 043/100 VUs, 912 complete and 0 interrupted iterations
normal_day   [  55% ] 043/100 VUs  05m28.9s/10m0s  4.00 iters/s

running (05m29.8s), 041/100 VUs, 918 complete and 0 interrupted iterations
normal_day   [  55% ] 041/100 VUs  05m29.9s/10m0s  4.00 iters/s

running (05m30.8s), 044/100 VUs, 919 complete and 0 interrupted iterations
normal_day   [  55% ] 044/100 VUs  05m30.9s/10m0s  4.00 iters/s

running (05m31.8s), 045/100 VUs, 922 complete and 0 interrupted iterations
normal_day   [  55% ] 045/100 VUs  05m31.9s/10m0s  4.00 iters/s

running (05m32.8s), 044/100 VUs, 927 complete and 0 interrupted iterations
normal_day   [  55% ] 044/100 VUs  05m32.9s/10m0s  4.00 iters/s

running (05m33.8s), 045/100 VUs, 930 complete and 0 interrupted iterations
normal_day   [  56% ] 045/100 VUs  05m33.9s/10m0s  4.00 iters/s

running (05m34.8s), 043/100 VUs, 936 complete and 0 interrupted iterations
normal_day   [  56% ] 043/100 VUs  05m34.9s/10m0s  4.00 iters/s

running (05m35.8s), 039/100 VUs, 944 complete and 0 interrupted iterations
normal_day   [  56% ] 039/100 VUs  05m35.9s/10m0s  4.00 iters/s

running (05m36.8s), 039/100 VUs, 948 complete and 0 interrupted iterations
normal_day   [  56% ] 039/100 VUs  05m36.9s/10m0s  4.00 iters/s

running (05m37.8s), 040/100 VUs, 951 complete and 0 interrupted iterations
normal_day   [  56% ] 040/100 VUs  05m37.9s/10m0s  4.00 iters/s

running (05m38.8s), 044/100 VUs, 951 complete and 0 interrupted iterations
normal_day   [  56% ] 044/100 VUs  05m38.9s/10m0s  4.00 iters/s

running (05m39.8s), 037/100 VUs, 962 complete and 0 interrupted iterations
normal_day   [  57% ] 037/100 VUs  05m39.9s/10m0s  4.00 iters/s

running (05m40.8s), 039/100 VUs, 964 complete and 0 interrupted iterations
normal_day   [  57% ] 039/100 VUs  05m40.9s/10m0s  4.00 iters/s

running (05m41.8s), 039/100 VUs, 968 complete and 0 interrupted iterations
normal_day   [  57% ] 039/100 VUs  05m41.9s/10m0s  4.00 iters/s

running (05m42.8s), 040/100 VUs, 971 complete and 0 interrupted iterations
normal_day   [  57% ] 040/100 VUs  05m42.9s/10m0s  4.00 iters/s

running (05m43.8s), 037/100 VUs, 978 complete and 0 interrupted iterations
normal_day   [  57% ] 037/100 VUs  05m43.9s/10m0s  4.00 iters/s

running (05m44.8s), 039/100 VUs, 980 complete and 0 interrupted iterations
normal_day   [  57% ] 039/100 VUs  05m44.9s/10m0s  4.00 iters/s

running (05m45.8s), 039/100 VUs, 984 complete and 0 interrupted iterations
normal_day   [  58% ] 039/100 VUs  05m45.9s/10m0s  4.00 iters/s

running (05m46.8s), 037/100 VUs, 990 complete and 0 interrupted iterations
normal_day   [  58% ] 037/100 VUs  05m46.9s/10m0s  4.00 iters/s

running (05m47.8s), 035/100 VUs, 996 complete and 0 interrupted iterations
normal_day   [  58% ] 035/100 VUs  05m47.9s/10m0s  4.00 iters/s

running (05m48.8s), 037/100 VUs, 998 complete and 0 interrupted iterations
normal_day   [  58% ] 037/100 VUs  05m48.9s/10m0s  4.00 iters/s

running (05m49.8s), 037/100 VUs, 1002 complete and 0 interrupted iterations
normal_day   [  58% ] 037/100 VUs  05m49.9s/10m0s  4.00 iters/s

running (05m50.8s), 038/100 VUs, 1005 complete and 0 interrupted iterations
normal_day   [  58% ] 038/100 VUs  05m50.9s/10m0s  4.00 iters/s

running (05m51.8s), 040/100 VUs, 1007 complete and 0 interrupted iterations
normal_day   [  59% ] 040/100 VUs  05m51.9s/10m0s  4.00 iters/s

running (05m52.8s), 040/100 VUs, 1011 complete and 0 interrupted iterations
normal_day   [  59% ] 040/100 VUs  05m52.9s/10m0s  4.00 iters/s

running (05m53.8s), 042/100 VUs, 1013 complete and 0 interrupted iterations
normal_day   [  59% ] 042/100 VUs  05m53.9s/10m0s  4.00 iters/s

running (05m54.8s), 043/100 VUs, 1016 complete and 0 interrupted iterations
normal_day   [  59% ] 043/100 VUs  05m54.9s/10m0s  4.00 iters/s

running (05m55.8s), 042/100 VUs, 1021 complete and 0 interrupted iterations
normal_day   [  59% ] 042/100 VUs  05m55.9s/10m0s  4.00 iters/s

running (05m56.8s), 044/100 VUs, 1023 complete and 0 interrupted iterations
normal_day   [  59% ] 044/100 VUs  05m56.9s/10m0s  4.00 iters/s

running (05m57.8s), 046/100 VUs, 1025 complete and 0 interrupted iterations
normal_day   [  60% ] 046/100 VUs  05m57.9s/10m0s  4.00 iters/s

running (05m58.8s), 044/100 VUs, 1031 complete and 0 interrupted iterations
normal_day   [  60% ] 044/100 VUs  05m58.9s/10m0s  4.00 iters/s

running (05m59.8s), 044/100 VUs, 1035 complete and 0 interrupted iterations
normal_day   [  60% ] 044/100 VUs  05m59.9s/10m0s  4.00 iters/s

running (06m00.8s), 046/100 VUs, 1037 complete and 0 interrupted iterations
normal_day   [  60% ] 046/100 VUs  06m00.9s/10m0s  4.00 iters/s

running (06m01.8s), 046/100 VUs, 1041 complete and 0 interrupted iterations
normal_day   [  60% ] 046/100 VUs  06m01.9s/10m0s  4.00 iters/s

running (06m02.8s), 042/100 VUs, 1049 complete and 0 interrupted iterations
normal_day   [  60% ] 042/100 VUs  06m02.9s/10m0s  4.00 iters/s

running (06m03.8s), 038/100 VUs, 1057 complete and 0 interrupted iterations
normal_day   [  61% ] 038/100 VUs  06m03.9s/10m0s  4.00 iters/s

running (06m04.8s), 041/100 VUs, 1058 complete and 0 interrupted iterations
normal_day   [  61% ] 041/100 VUs  06m04.9s/10m0s  4.00 iters/s

running (06m05.8s), 040/100 VUs, 1063 complete and 0 interrupted iterations
normal_day   [  61% ] 040/100 VUs  06m05.9s/10m0s  4.00 iters/s

running (06m06.8s), 041/100 VUs, 1066 complete and 0 interrupted iterations
normal_day   [  61% ] 041/100 VUs  06m06.9s/10m0s  4.00 iters/s

running (06m07.8s), 041/100 VUs, 1070 complete and 0 interrupted iterations
normal_day   [  61% ] 041/100 VUs  06m07.9s/10m0s  4.00 iters/s

running (06m08.8s), 039/100 VUs, 1076 complete and 0 interrupted iterations
normal_day   [  61% ] 039/100 VUs  06m08.9s/10m0s  4.00 iters/s

running (06m09.8s), 037/100 VUs, 1082 complete and 0 interrupted iterations
normal_day   [  62% ] 037/100 VUs  06m09.9s/10m0s  4.00 iters/s

running (06m10.8s), 037/100 VUs, 1086 complete and 0 interrupted iterations
normal_day   [  62% ] 037/100 VUs  06m10.9s/10m0s  4.00 iters/s

running (06m11.8s), 039/100 VUs, 1088 complete and 0 interrupted iterations
normal_day   [  62% ] 039/100 VUs  06m11.9s/10m0s  4.00 iters/s

running (06m12.8s), 039/100 VUs, 1092 complete and 0 interrupted iterations
normal_day   [  62% ] 039/100 VUs  06m12.9s/10m0s  4.00 iters/s

running (06m13.8s), 039/100 VUs, 1096 complete and 0 interrupted iterations
normal_day   [  62% ] 039/100 VUs  06m13.9s/10m0s  4.00 iters/s

running (06m14.8s), 037/100 VUs, 1102 complete and 0 interrupted iterations
normal_day   [  62% ] 037/100 VUs  06m14.9s/10m0s  4.00 iters/s

running (06m15.8s), 038/100 VUs, 1105 complete and 0 interrupted iterations
normal_day   [  63% ] 038/100 VUs  06m15.9s/10m0s  4.00 iters/s

running (06m16.8s), 039/100 VUs, 1108 complete and 0 interrupted iterations
normal_day   [  63% ] 039/100 VUs  06m16.9s/10m0s  4.00 iters/s

running (06m17.8s), 039/100 VUs, 1112 complete and 0 interrupted iterations
normal_day   [  63% ] 039/100 VUs  06m17.9s/10m0s  4.00 iters/s

running (06m18.8s), 038/100 VUs, 1117 complete and 0 interrupted iterations
normal_day   [  63% ] 038/100 VUs  06m18.9s/10m0s  4.00 iters/s

running (06m19.8s), 037/100 VUs, 1122 complete and 0 interrupted iterations
normal_day   [  63% ] 037/100 VUs  06m19.9s/10m0s  4.00 iters/s

running (06m20.8s), 038/100 VUs, 1125 complete and 0 interrupted iterations
normal_day   [  63% ] 038/100 VUs  06m20.9s/10m0s  4.00 iters/s

running (06m21.8s), 041/100 VUs, 1126 complete and 0 interrupted iterations
normal_day   [  64% ] 041/100 VUs  06m21.9s/10m0s  4.00 iters/s

running (06m22.8s), 040/100 VUs, 1131 complete and 0 interrupted iterations
normal_day   [  64% ] 040/100 VUs  06m22.9s/10m0s  4.00 iters/s

running (06m23.8s), 044/100 VUs, 1131 complete and 0 interrupted iterations
normal_day   [  64% ] 044/100 VUs  06m23.9s/10m0s  4.00 iters/s

running (06m24.8s), 045/100 VUs, 1134 complete and 0 interrupted iterations
normal_day   [  64% ] 045/100 VUs  06m24.9s/10m0s  4.00 iters/s

running (06m25.8s), 045/100 VUs, 1138 complete and 0 interrupted iterations
normal_day   [  64% ] 045/100 VUs  06m25.9s/10m0s  4.00 iters/s

running (06m26.8s), 043/100 VUs, 1144 complete and 0 interrupted iterations
normal_day   [  64% ] 043/100 VUs  06m26.9s/10m0s  4.00 iters/s

running (06m27.8s), 045/100 VUs, 1146 complete and 0 interrupted iterations
normal_day   [  65% ] 045/100 VUs  06m27.9s/10m0s  4.00 iters/s

running (06m28.8s), 046/100 VUs, 1149 complete and 0 interrupted iterations
normal_day   [  65% ] 046/100 VUs  06m28.9s/10m0s  4.00 iters/s

running (06m29.8s), 047/100 VUs, 1152 complete and 0 interrupted iterations
normal_day   [  65% ] 047/100 VUs  06m29.9s/10m0s  4.00 iters/s

running (06m30.8s), 046/100 VUs, 1157 complete and 0 interrupted iterations
normal_day   [  65% ] 046/100 VUs  06m30.9s/10m0s  4.00 iters/s

running (06m31.8s), 042/100 VUs, 1165 complete and 0 interrupted iterations
normal_day   [  65% ] 042/100 VUs  06m31.9s/10m0s  4.00 iters/s

running (06m32.8s), 041/100 VUs, 1170 complete and 0 interrupted iterations
normal_day   [  65% ] 041/100 VUs  06m32.9s/10m0s  4.00 iters/s

running (06m33.8s), 039/100 VUs, 1176 complete and 0 interrupted iterations
normal_day   [  66% ] 039/100 VUs  06m33.9s/10m0s  4.00 iters/s

running (06m34.8s), 040/100 VUs, 1179 complete and 0 interrupted iterations
normal_day   [  66% ] 040/100 VUs  06m34.9s/10m0s  4.00 iters/s

running (06m35.8s), 042/100 VUs, 1181 complete and 0 interrupted iterations
normal_day   [  66% ] 042/100 VUs  06m35.9s/10m0s  4.00 iters/s

running (06m36.8s), 045/100 VUs, 1182 complete and 0 interrupted iterations
normal_day   [  66% ] 045/100 VUs  06m36.9s/10m0s  4.00 iters/s

running (06m37.8s), 042/100 VUs, 1189 complete and 0 interrupted iterations
normal_day   [  66% ] 042/100 VUs  06m37.9s/10m0s  4.00 iters/s

running (06m38.8s), 043/100 VUs, 1192 complete and 0 interrupted iterations
normal_day   [  66% ] 043/100 VUs  06m38.9s/10m0s  4.00 iters/s

running (06m39.8s), 042/100 VUs, 1197 complete and 0 interrupted iterations
normal_day   [  67% ] 042/100 VUs  06m39.9s/10m0s  4.00 iters/s

running (06m40.8s), 042/100 VUs, 1201 complete and 0 interrupted iterations
normal_day   [  67% ] 042/100 VUs  06m40.9s/10m0s  4.00 iters/s

running (06m41.8s), 040/100 VUs, 1207 complete and 0 interrupted iterations
normal_day   [  67% ] 040/100 VUs  06m41.9s/10m0s  4.00 iters/s

running (06m42.8s), 038/100 VUs, 1213 complete and 0 interrupted iterations
normal_day   [  67% ] 038/100 VUs  06m42.9s/10m0s  4.00 iters/s

running (06m43.8s), 036/100 VUs, 1219 complete and 0 interrupted iterations
normal_day   [  67% ] 036/100 VUs  06m43.9s/10m0s  4.00 iters/s

running (06m44.8s), 035/100 VUs, 1224 complete and 0 interrupted iterations
normal_day   [  67% ] 035/100 VUs  06m44.9s/10m0s  4.00 iters/s

running (06m45.8s), 038/100 VUs, 1225 complete and 0 interrupted iterations
normal_day   [  68% ] 038/100 VUs  06m45.9s/10m0s  4.00 iters/s

running (06m46.8s), 035/100 VUs, 1232 complete and 0 interrupted iterations
normal_day   [  68% ] 035/100 VUs  06m46.9s/10m0s  4.00 iters/s

running (06m47.8s), 034/100 VUs, 1237 complete and 0 interrupted iterations
normal_day   [  68% ] 034/100 VUs  06m47.9s/10m0s  4.00 iters/s

running (06m48.8s), 037/100 VUs, 1238 complete and 0 interrupted iterations
normal_day   [  68% ] 037/100 VUs  06m48.9s/10m0s  4.00 iters/s

running (06m49.8s), 037/100 VUs, 1242 complete and 0 interrupted iterations
normal_day   [  68% ] 037/100 VUs  06m49.9s/10m0s  4.00 iters/s

running (06m50.8s), 039/100 VUs, 1244 complete and 0 interrupted iterations
normal_day   [  68% ] 039/100 VUs  06m50.9s/10m0s  4.00 iters/s

running (06m51.8s), 038/100 VUs, 1249 complete and 0 interrupted iterations
normal_day   [  69% ] 038/100 VUs  06m51.9s/10m0s  4.00 iters/s

running (06m52.8s), 041/100 VUs, 1250 complete and 0 interrupted iterations
normal_day   [  69% ] 041/100 VUs  06m52.9s/10m0s  4.00 iters/s

running (06m53.8s), 040/100 VUs, 1255 complete and 0 interrupted iterations
normal_day   [  69% ] 040/100 VUs  06m53.9s/10m0s  4.00 iters/s

running (06m54.8s), 041/100 VUs, 1258 complete and 0 interrupted iterations
normal_day   [  69% ] 041/100 VUs  06m54.9s/10m0s  4.00 iters/s

running (06m55.8s), 042/100 VUs, 1261 complete and 0 interrupted iterations
normal_day   [  69% ] 042/100 VUs  06m55.9s/10m0s  4.00 iters/s

running (06m56.8s), 038/100 VUs, 1269 complete and 0 interrupted iterations
normal_day   [  69% ] 038/100 VUs  06m56.9s/10m0s  4.00 iters/s

running (06m57.8s), 041/100 VUs, 1270 complete and 0 interrupted iterations
normal_day   [  70% ] 041/100 VUs  06m57.9s/10m0s  4.00 iters/s

running (06m58.8s), 040/100 VUs, 1275 complete and 0 interrupted iterations
normal_day   [  70% ] 040/100 VUs  06m58.9s/10m0s  4.00 iters/s

running (06m59.8s), 041/100 VUs, 1278 complete and 0 interrupted iterations
normal_day   [  70% ] 041/100 VUs  06m59.9s/10m0s  4.00 iters/s

running (07m00.8s), 043/100 VUs, 1280 complete and 0 interrupted iterations
normal_day   [  70% ] 043/100 VUs  07m00.9s/10m0s  4.00 iters/s

running (07m01.8s), 043/100 VUs, 1284 complete and 0 interrupted iterations
normal_day   [  70% ] 043/100 VUs  07m01.9s/10m0s  4.00 iters/s

running (07m02.8s), 044/100 VUs, 1287 complete and 0 interrupted iterations
normal_day   [  70% ] 044/100 VUs  07m02.9s/10m0s  4.00 iters/s

running (07m03.8s), 046/100 VUs, 1289 complete and 0 interrupted iterations
normal_day   [  71% ] 046/100 VUs  07m03.9s/10m0s  4.00 iters/s

running (07m04.8s), 046/100 VUs, 1293 complete and 0 interrupted iterations
normal_day   [  71% ] 046/100 VUs  07m04.9s/10m0s  4.00 iters/s

running (07m05.8s), 046/100 VUs, 1297 complete and 0 interrupted iterations
normal_day   [  71% ] 046/100 VUs  07m05.9s/10m0s  4.00 iters/s

running (07m06.8s), 047/100 VUs, 1300 complete and 0 interrupted iterations
normal_day   [  71% ] 047/100 VUs  07m06.9s/10m0s  4.00 iters/s

running (07m07.8s), 048/100 VUs, 1303 complete and 0 interrupted iterations
normal_day   [  71% ] 048/100 VUs  07m07.9s/10m0s  4.00 iters/s

running (07m08.8s), 044/100 VUs, 1311 complete and 0 interrupted iterations
normal_day   [  71% ] 044/100 VUs  07m08.9s/10m0s  4.00 iters/s

running (07m09.8s), 045/100 VUs, 1314 complete and 0 interrupted iterations
normal_day   [  72% ] 045/100 VUs  07m09.9s/10m0s  4.00 iters/s

running (07m10.8s), 043/100 VUs, 1320 complete and 0 interrupted iterations
normal_day   [  72% ] 043/100 VUs  07m10.9s/10m0s  4.00 iters/s

running (07m11.8s), 045/100 VUs, 1322 complete and 0 interrupted iterations
normal_day   [  72% ] 045/100 VUs  07m11.9s/10m0s  4.00 iters/s

running (07m12.8s), 044/100 VUs, 1327 complete and 0 interrupted iterations
normal_day   [  72% ] 044/100 VUs  07m12.9s/10m0s  4.00 iters/s

running (07m13.8s), 044/100 VUs, 1331 complete and 0 interrupted iterations
normal_day   [  72% ] 044/100 VUs  07m13.9s/10m0s  4.00 iters/s

running (07m14.8s), 043/100 VUs, 1336 complete and 0 interrupted iterations
normal_day   [  72% ] 043/100 VUs  07m14.9s/10m0s  4.00 iters/s

running (07m15.8s), 045/100 VUs, 1338 complete and 0 interrupted iterations
normal_day   [  73% ] 045/100 VUs  07m15.9s/10m0s  4.00 iters/s

running (07m16.8s), 041/100 VUs, 1346 complete and 0 interrupted iterations
normal_day   [  73% ] 041/100 VUs  07m16.9s/10m0s  4.00 iters/s

running (07m17.8s), 042/100 VUs, 1349 complete and 0 interrupted iterations
normal_day   [  73% ] 042/100 VUs  07m17.9s/10m0s  4.00 iters/s

running (07m18.8s), 040/100 VUs, 1355 complete and 0 interrupted iterations
normal_day   [  73% ] 040/100 VUs  07m18.9s/10m0s  4.00 iters/s

running (07m19.8s), 037/100 VUs, 1362 complete and 0 interrupted iterations
normal_day   [  73% ] 037/100 VUs  07m19.9s/10m0s  4.00 iters/s

running (07m20.8s), 036/100 VUs, 1367 complete and 0 interrupted iterations
normal_day   [  73% ] 036/100 VUs  07m20.9s/10m0s  4.00 iters/s

running (07m21.8s), 037/100 VUs, 1370 complete and 0 interrupted iterations
normal_day   [  74% ] 037/100 VUs  07m21.9s/10m0s  4.00 iters/s

running (07m22.8s), 040/100 VUs, 1371 complete and 0 interrupted iterations
normal_day   [  74% ] 040/100 VUs  07m22.9s/10m0s  4.00 iters/s

running (07m23.8s), 042/100 VUs, 1373 complete and 0 interrupted iterations
normal_day   [  74% ] 042/100 VUs  07m23.9s/10m0s  4.00 iters/s

running (07m24.8s), 041/100 VUs, 1378 complete and 0 interrupted iterations
normal_day   [  74% ] 041/100 VUs  07m24.9s/10m0s  4.00 iters/s

running (07m25.8s), 038/100 VUs, 1385 complete and 0 interrupted iterations
normal_day   [  74% ] 038/100 VUs  07m25.9s/10m0s  4.00 iters/s

running (07m26.8s), 041/100 VUs, 1386 complete and 0 interrupted iterations
normal_day   [  74% ] 041/100 VUs  07m26.9s/10m0s  4.00 iters/s

running (07m27.8s), 035/100 VUs, 1396 complete and 0 interrupted iterations
normal_day   [  75% ] 035/100 VUs  07m27.9s/10m0s  4.00 iters/s

running (07m28.8s), 034/100 VUs, 1401 complete and 0 interrupted iterations
normal_day   [  75% ] 034/100 VUs  07m28.9s/10m0s  4.00 iters/s

running (07m29.8s), 036/100 VUs, 1403 complete and 0 interrupted iterations
normal_day   [  75% ] 036/100 VUs  07m29.9s/10m0s  4.00 iters/s

running (07m30.8s), 033/100 VUs, 1410 complete and 0 interrupted iterations
normal_day   [  75% ] 033/100 VUs  07m30.9s/10m0s  4.00 iters/s

running (07m31.8s), 032/100 VUs, 1415 complete and 0 interrupted iterations
normal_day   [  75% ] 032/100 VUs  07m31.9s/10m0s  4.00 iters/s

running (07m32.8s), 033/100 VUs, 1418 complete and 0 interrupted iterations
normal_day   [  75% ] 033/100 VUs  07m32.9s/10m0s  4.00 iters/s

running (07m33.8s), 037/100 VUs, 1418 complete and 0 interrupted iterations
normal_day   [  76% ] 037/100 VUs  07m33.9s/10m0s  4.00 iters/s

running (07m34.8s), 040/100 VUs, 1419 complete and 0 interrupted iterations
normal_day   [  76% ] 040/100 VUs  07m34.9s/10m0s  4.00 iters/s

running (07m35.8s), 042/100 VUs, 1421 complete and 0 interrupted iterations
normal_day   [  76% ] 042/100 VUs  07m35.9s/10m0s  4.00 iters/s

running (07m36.8s), 042/100 VUs, 1425 complete and 0 interrupted iterations
normal_day   [  76% ] 042/100 VUs  07m36.9s/10m0s  4.00 iters/s

running (07m37.8s), 042/100 VUs, 1429 complete and 0 interrupted iterations
normal_day   [  76% ] 042/100 VUs  07m37.9s/10m0s  4.00 iters/s

running (07m38.8s), 041/100 VUs, 1434 complete and 0 interrupted iterations
normal_day   [  76% ] 041/100 VUs  07m38.9s/10m0s  4.00 iters/s

running (07m39.8s), 040/100 VUs, 1439 complete and 0 interrupted iterations
normal_day   [  77% ] 040/100 VUs  07m39.9s/10m0s  4.00 iters/s

running (07m40.8s), 043/100 VUs, 1440 complete and 0 interrupted iterations
normal_day   [  77% ] 043/100 VUs  07m40.9s/10m0s  4.00 iters/s

running (07m41.8s), 046/100 VUs, 1441 complete and 0 interrupted iterations
normal_day   [  77% ] 046/100 VUs  07m41.9s/10m0s  4.00 iters/s

running (07m42.8s), 048/100 VUs, 1443 complete and 0 interrupted iterations
normal_day   [  77% ] 048/100 VUs  07m42.9s/10m0s  4.00 iters/s

running (07m43.8s), 049/100 VUs, 1446 complete and 0 interrupted iterations
normal_day   [  77% ] 049/100 VUs  07m43.9s/10m0s  4.00 iters/s

running (07m44.8s), 050/100 VUs, 1449 complete and 0 interrupted iterations
normal_day   [  77% ] 050/100 VUs  07m44.9s/10m0s  4.00 iters/s

running (07m45.8s), 044/100 VUs, 1459 complete and 0 interrupted iterations
normal_day   [  78% ] 044/100 VUs  07m45.9s/10m0s  4.00 iters/s

running (07m46.8s), 046/100 VUs, 1461 complete and 0 interrupted iterations
normal_day   [  78% ] 046/100 VUs  07m46.9s/10m0s  4.00 iters/s

running (07m47.8s), 044/100 VUs, 1467 complete and 0 interrupted iterations
normal_day   [  78% ] 044/100 VUs  07m47.9s/10m0s  4.00 iters/s

running (07m48.8s), 045/100 VUs, 1470 complete and 0 interrupted iterations
normal_day   [  78% ] 045/100 VUs  07m48.9s/10m0s  4.00 iters/s

running (07m49.8s), 042/100 VUs, 1477 complete and 0 interrupted iterations
normal_day   [  78% ] 042/100 VUs  07m49.9s/10m0s  4.00 iters/s

running (07m50.8s), 043/100 VUs, 1480 complete and 0 interrupted iterations
normal_day   [  78% ] 043/100 VUs  07m50.9s/10m0s  4.00 iters/s

running (07m51.8s), 042/100 VUs, 1485 complete and 0 interrupted iterations
normal_day   [  79% ] 042/100 VUs  07m51.9s/10m0s  4.00 iters/s

running (07m52.8s), 044/100 VUs, 1487 complete and 0 interrupted iterations
normal_day   [  79% ] 044/100 VUs  07m52.9s/10m0s  4.00 iters/s

running (07m53.8s), 046/100 VUs, 1489 complete and 0 interrupted iterations
normal_day   [  79% ] 046/100 VUs  07m53.9s/10m0s  4.00 iters/s

running (07m54.8s), 043/100 VUs, 1496 complete and 0 interrupted iterations
normal_day   [  79% ] 043/100 VUs  07m54.9s/10m0s  4.00 iters/s

running (07m55.8s), 044/100 VUs, 1499 complete and 0 interrupted iterations
normal_day   [  79% ] 044/100 VUs  07m55.9s/10m0s  4.00 iters/s

running (07m56.8s), 046/100 VUs, 1501 complete and 0 interrupted iterations
normal_day   [  79% ] 046/100 VUs  07m56.9s/10m0s  4.00 iters/s

running (07m57.8s), 043/100 VUs, 1508 complete and 0 interrupted iterations
normal_day   [  80% ] 043/100 VUs  07m57.9s/10m0s  4.00 iters/s

running (07m58.8s), 041/100 VUs, 1514 complete and 0 interrupted iterations
normal_day   [  80% ] 041/100 VUs  07m58.9s/10m0s  4.00 iters/s

running (07m59.8s), 040/100 VUs, 1519 complete and 0 interrupted iterations
normal_day   [  80% ] 040/100 VUs  07m59.9s/10m0s  4.00 iters/s

running (08m00.8s), 036/100 VUs, 1527 complete and 0 interrupted iterations
normal_day   [  80% ] 036/100 VUs  08m00.9s/10m0s  3.97 iters/s

running (08m01.8s), 034/100 VUs, 1533 complete and 0 interrupted iterations
normal_day   [  80% ] 034/100 VUs  08m01.9s/10m0s  3.94 iters/s

running (08m02.8s), 036/100 VUs, 1535 complete and 0 interrupted iterations
normal_day   [  80% ] 036/100 VUs  08m02.9s/10m0s  3.90 iters/s

running (08m03.8s), 037/100 VUs, 1538 complete and 0 interrupted iterations
normal_day   [  81% ] 037/100 VUs  08m03.9s/10m0s  3.87 iters/s

running (08m04.8s), 039/100 VUs, 1540 complete and 0 interrupted iterations
normal_day   [  81% ] 039/100 VUs  08m04.9s/10m0s  3.83 iters/s

running (08m05.8s), 038/100 VUs, 1544 complete and 0 interrupted iterations
normal_day   [  81% ] 038/100 VUs  08m05.9s/10m0s  3.81 iters/s

running (08m06.8s), 037/100 VUs, 1549 complete and 0 interrupted iterations
normal_day   [  81% ] 037/100 VUs  08m06.9s/10m0s  3.77 iters/s

running (08m07.8s), 041/100 VUs, 1549 complete and 0 interrupted iterations
normal_day   [  81% ] 041/100 VUs  08m07.9s/10m0s  3.74 iters/s

running (08m08.8s), 044/100 VUs, 1550 complete and 0 interrupted iterations
normal_day   [  81% ] 044/100 VUs  08m08.9s/10m0s  3.70 iters/s

running (08m09.8s), 046/100 VUs, 1551 complete and 0 interrupted iterations
normal_day   [  82% ] 046/100 VUs  08m09.9s/10m0s  3.67 iters/s

running (08m10.8s), 048/100 VUs, 1553 complete and 0 interrupted iterations
normal_day   [  82% ] 048/100 VUs  08m10.9s/10m0s  3.64 iters/s

running (08m11.8s), 042/100 VUs, 1563 complete and 0 interrupted iterations
normal_day   [  82% ] 042/100 VUs  08m11.9s/10m0s  3.60 iters/s

running (08m12.8s), 039/100 VUs, 1569 complete and 0 interrupted iterations
normal_day   [  82% ] 039/100 VUs  08m12.9s/10m0s  3.57 iters/s

running (08m13.8s), 042/100 VUs, 1570 complete and 0 interrupted iterations
normal_day   [  82% ] 042/100 VUs  08m13.9s/10m0s  3.54 iters/s

running (08m14.8s), 037/100 VUs, 1578 complete and 0 interrupted iterations
normal_day   [  82% ] 037/100 VUs  08m14.9s/10m0s  3.51 iters/s

running (08m15.8s), 037/100 VUs, 1582 complete and 0 interrupted iterations
normal_day   [  83% ] 037/100 VUs  08m15.9s/10m0s  3.47 iters/s

running (08m16.8s), 036/100 VUs, 1586 complete and 0 interrupted iterations
normal_day   [  83% ] 036/100 VUs  08m16.9s/10m0s  3.44 iters/s

running (08m17.8s), 037/100 VUs, 1589 complete and 0 interrupted iterations
normal_day   [  83% ] 037/100 VUs  08m17.9s/10m0s  3.40 iters/s

running (08m18.8s), 039/100 VUs, 1590 complete and 0 interrupted iterations
normal_day   [  83% ] 039/100 VUs  08m18.9s/10m0s  3.37 iters/s

running (08m19.8s), 036/100 VUs, 1596 complete and 0 interrupted iterations
normal_day   [  83% ] 036/100 VUs  08m19.9s/10m0s  3.34 iters/s

running (08m20.8s), 037/100 VUs, 1599 complete and 0 interrupted iterations
normal_day   [  83% ] 037/100 VUs  08m20.9s/10m0s  3.30 iters/s

running (08m21.8s), 037/100 VUs, 1602 complete and 0 interrupted iterations
normal_day   [  84% ] 037/100 VUs  08m21.9s/10m0s  3.27 iters/s

running (08m22.8s), 038/100 VUs, 1604 complete and 0 interrupted iterations
normal_day   [  84% ] 038/100 VUs  08m22.9s/10m0s  3.24 iters/s

running (08m23.8s), 037/100 VUs, 1608 complete and 0 interrupted iterations
normal_day   [  84% ] 037/100 VUs  08m23.9s/10m0s  3.21 iters/s

running (08m24.8s), 035/100 VUs, 1614 complete and 0 interrupted iterations
normal_day   [  84% ] 035/100 VUs  08m24.9s/10m0s  3.17 iters/s

running (08m25.8s), 032/100 VUs, 1620 complete and 0 interrupted iterations
normal_day   [  84% ] 032/100 VUs  08m25.9s/10m0s  3.14 iters/s

running (08m26.8s), 033/100 VUs, 1622 complete and 0 interrupted iterations
normal_day   [  84% ] 033/100 VUs  08m26.9s/10m0s  3.10 iters/s

running (08m27.8s), 035/100 VUs, 1623 complete and 0 interrupted iterations
normal_day   [  85% ] 035/100 VUs  08m27.9s/10m0s  3.07 iters/s

running (08m28.8s), 032/100 VUs, 1629 complete and 0 interrupted iterations
normal_day   [  85% ] 032/100 VUs  08m28.9s/10m0s  3.04 iters/s

running (08m29.8s), 032/100 VUs, 1632 complete and 0 interrupted iterations
normal_day   [  85% ] 032/100 VUs  08m29.9s/10m0s  3.01 iters/s

running (08m30.8s), 028/100 VUs, 1639 complete and 0 interrupted iterations
normal_day   [  85% ] 028/100 VUs  08m30.9s/10m0s  2.97 iters/s

running (08m31.8s), 028/100 VUs, 1642 complete and 0 interrupted iterations
normal_day   [  85% ] 028/100 VUs  08m31.9s/10m0s  2.94 iters/s

running (08m32.8s), 029/100 VUs, 1644 complete and 0 interrupted iterations
normal_day   [  85% ] 029/100 VUs  08m32.9s/10m0s  2.90 iters/s

running (08m33.8s), 030/100 VUs, 1646 complete and 0 interrupted iterations
normal_day   [  86% ] 030/100 VUs  08m33.9s/10m0s  2.87 iters/s

running (08m34.8s), 031/100 VUs, 1648 complete and 0 interrupted iterations
normal_day   [  86% ] 031/100 VUs  08m34.9s/10m0s  2.83 iters/s

running (08m35.8s), 029/100 VUs, 1653 complete and 0 interrupted iterations
normal_day   [  86% ] 029/100 VUs  08m35.9s/10m0s  2.80 iters/s

running (08m36.8s), 030/100 VUs, 1654 complete and 0 interrupted iterations
normal_day   [  86% ] 030/100 VUs  08m36.9s/10m0s  2.77 iters/s

running (08m37.8s), 027/100 VUs, 1660 complete and 0 interrupted iterations
normal_day   [  86% ] 027/100 VUs  08m37.9s/10m0s  2.74 iters/s

running (08m38.8s), 028/100 VUs, 1662 complete and 0 interrupted iterations
normal_day   [  86% ] 028/100 VUs  08m38.9s/10m0s  2.70 iters/s

running (08m39.8s), 028/100 VUs, 1664 complete and 0 interrupted iterations
normal_day   [  87% ] 028/100 VUs  08m39.9s/10m0s  2.68 iters/s

running (08m40.8s), 025/100 VUs, 1670 complete and 0 interrupted iterations
normal_day   [  87% ] 025/100 VUs  08m40.9s/10m0s  2.64 iters/s

running (08m41.8s), 028/100 VUs, 1670 complete and 0 interrupted iterations
normal_day   [  87% ] 028/100 VUs  08m41.9s/10m0s  2.60 iters/s

running (08m42.8s), 028/100 VUs, 1672 complete and 0 interrupted iterations
normal_day   [  87% ] 028/100 VUs  08m42.9s/10m0s  2.58 iters/s

running (08m43.8s), 029/100 VUs, 1674 complete and 0 interrupted iterations
normal_day   [  87% ] 029/100 VUs  08m43.9s/10m0s  2.54 iters/s

running (08m44.8s), 029/100 VUs, 1676 complete and 0 interrupted iterations
normal_day   [  87% ] 029/100 VUs  08m44.9s/10m0s  2.51 iters/s

running (08m45.8s), 030/100 VUs, 1678 complete and 0 interrupted iterations
normal_day   [  88% ] 030/100 VUs  08m45.9s/10m0s  2.47 iters/s

running (08m46.8s), 032/100 VUs, 1678 complete and 0 interrupted iterations
normal_day   [  88% ] 032/100 VUs  08m46.9s/10m0s  2.44 iters/s

running (08m47.8s), 032/100 VUs, 1681 complete and 0 interrupted iterations
normal_day   [  88% ] 032/100 VUs  08m47.9s/10m0s  2.40 iters/s

running (08m48.8s), 032/100 VUs, 1683 complete and 0 interrupted iterations
normal_day   [  88% ] 032/100 VUs  08m48.9s/10m0s  2.37 iters/s

running (08m49.8s), 029/100 VUs, 1689 complete and 0 interrupted iterations
normal_day   [  88% ] 029/100 VUs  08m49.9s/10m0s  2.33 iters/s

running (08m50.8s), 028/100 VUs, 1692 complete and 0 interrupted iterations
normal_day   [  88% ] 028/100 VUs  08m50.9s/10m0s  2.30 iters/s

running (08m51.8s), 028/100 VUs, 1694 complete and 0 interrupted iterations
normal_day   [  89% ] 028/100 VUs  08m51.9s/10m0s  2.27 iters/s

running (08m52.8s), 027/100 VUs, 1697 complete and 0 interrupted iterations
normal_day   [  89% ] 027/100 VUs  08m52.9s/10m0s  2.24 iters/s

running (08m53.8s), 029/100 VUs, 1698 complete and 0 interrupted iterations
normal_day   [  89% ] 029/100 VUs  08m53.9s/10m0s  2.20 iters/s

running (08m54.8s), 029/100 VUs, 1700 complete and 0 interrupted iterations
normal_day   [  89% ] 029/100 VUs  08m54.9s/10m0s  2.17 iters/s

running (08m55.8s), 028/100 VUs, 1703 complete and 0 interrupted iterations
normal_day   [  89% ] 028/100 VUs  08m55.9s/10m0s  2.14 iters/s

running (08m56.8s), 028/100 VUs, 1705 complete and 0 interrupted iterations
normal_day   [  89% ] 028/100 VUs  08m56.9s/10m0s  2.11 iters/s

running (08m57.8s), 026/100 VUs, 1709 complete and 0 interrupted iterations
normal_day   [  90% ] 026/100 VUs  08m57.9s/10m0s  2.07 iters/s

running (08m58.8s), 023/100 VUs, 1714 complete and 0 interrupted iterations
normal_day   [  90% ] 023/100 VUs  08m58.9s/10m0s  2.04 iters/s

running (08m59.8s), 022/100 VUs, 1717 complete and 0 interrupted iterations
normal_day   [  90% ] 022/100 VUs  08m59.9s/10m0s  2.01 iters/s

running (09m00.8s), 019/100 VUs, 1722 complete and 0 interrupted iterations
normal_day   [  90% ] 019/100 VUs  09m00.9s/10m0s  1.97 iters/s

running (09m01.8s), 020/100 VUs, 1723 complete and 0 interrupted iterations
normal_day   [  90% ] 020/100 VUs  09m01.9s/10m0s  1.94 iters/s

running (09m02.8s), 022/100 VUs, 1723 complete and 0 interrupted iterations
normal_day   [  90% ] 022/100 VUs  09m02.9s/10m0s  1.91 iters/s

running (09m03.8s), 022/100 VUs, 1725 complete and 0 interrupted iterations
normal_day   [  91% ] 022/100 VUs  09m03.9s/10m0s  1.87 iters/s

running (09m04.8s), 022/100 VUs, 1727 complete and 0 interrupted iterations
normal_day   [  91% ] 022/100 VUs  09m04.9s/10m0s  1.83 iters/s

running (09m05.8s), 021/100 VUs, 1730 complete and 0 interrupted iterations
normal_day   [  91% ] 021/100 VUs  09m05.9s/10m0s  1.80 iters/s

running (09m06.8s), 020/100 VUs, 1732 complete and 0 interrupted iterations
normal_day   [  91% ] 020/100 VUs  09m06.9s/10m0s  1.78 iters/s

running (09m07.8s), 021/100 VUs, 1733 complete and 0 interrupted iterations
normal_day   [  91% ] 021/100 VUs  09m07.9s/10m0s  1.74 iters/s

running (09m08.8s), 021/100 VUs, 1735 complete and 0 interrupted iterations
normal_day   [  91% ] 021/100 VUs  09m08.9s/10m0s  1.70 iters/s

running (09m09.8s), 019/100 VUs, 1739 complete and 0 interrupted iterations
normal_day   [  92% ] 019/100 VUs  09m09.9s/10m0s  1.66 iters/s

running (09m10.8s), 018/100 VUs, 1741 complete and 0 interrupted iterations
normal_day   [  92% ] 018/100 VUs  09m10.9s/10m0s  1.64 iters/s

running (09m11.8s), 017/100 VUs, 1744 complete and 0 interrupted iterations
normal_day   [  92% ] 017/100 VUs  09m11.9s/10m0s  1.60 iters/s

running (09m12.8s), 016/100 VUs, 1746 complete and 0 interrupted iterations
normal_day   [  92% ] 016/100 VUs  09m12.9s/10m0s  1.58 iters/s

running (09m13.8s), 015/100 VUs, 1749 complete and 0 interrupted iterations
normal_day   [  92% ] 015/100 VUs  09m13.9s/10m0s  1.54 iters/s

running (09m14.8s), 015/100 VUs, 1751 complete and 0 interrupted iterations
normal_day   [  92% ] 015/100 VUs  09m14.9s/10m0s  1.49 iters/s

running (09m15.8s), 012/100 VUs, 1755 complete and 0 interrupted iterations
normal_day   [  93% ] 012/100 VUs  09m15.9s/10m0s  1.47 iters/s

running (09m16.8s), 011/100 VUs, 1757 complete and 0 interrupted iterations
normal_day   [  93% ] 011/100 VUs  09m16.9s/10m0s  1.45 iters/s

running (09m17.8s), 010/100 VUs, 1760 complete and 0 interrupted iterations
normal_day   [  93% ] 010/100 VUs  09m17.9s/10m0s  1.40 iters/s

running (09m18.8s), 009/100 VUs, 1762 complete and 0 interrupted iterations
normal_day   [  93% ] 009/100 VUs  09m18.9s/10m0s  1.38 iters/s

running (09m19.8s), 010/100 VUs, 1763 complete and 0 interrupted iterations
normal_day   [  93% ] 010/100 VUs  09m19.9s/10m0s  1.33 iters/s

running (09m20.8s), 010/100 VUs, 1764 complete and 0 interrupted iterations
normal_day   [  93% ] 010/100 VUs  09m20.9s/10m0s  1.30 iters/s

running (09m21.8s), 010/100 VUs, 1765 complete and 0 interrupted iterations
normal_day   [  94% ] 010/100 VUs  09m21.9s/10m0s  1.28 iters/s

running (09m22.8s), 012/100 VUs, 1765 complete and 0 interrupted iterations
normal_day   [  94% ] 012/100 VUs  09m22.9s/10m0s  1.22 iters/s

running (09m23.8s), 012/100 VUs, 1766 complete and 0 interrupted iterations
normal_day   [  94% ] 012/100 VUs  09m23.9s/10m0s  1.20 iters/s

running (09m24.8s), 012/100 VUs, 1767 complete and 0 interrupted iterations
normal_day   [  94% ] 012/100 VUs  09m24.9s/10m0s  1.17 iters/s

running (09m25.8s), 011/100 VUs, 1769 complete and 0 interrupted iterations
normal_day   [  94% ] 011/100 VUs  09m25.9s/10m0s  1.14 iters/s

running (09m26.8s), 011/100 VUs, 1770 complete and 0 interrupted iterations
normal_day   [  94% ] 011/100 VUs  09m26.9s/10m0s  1.11 iters/s

running (09m27.8s), 010/100 VUs, 1772 complete and 0 interrupted iterations
normal_day   [  95% ] 010/100 VUs  09m27.9s/10m0s  1.08 iters/s

running (09m28.8s), 010/100 VUs, 1773 complete and 0 interrupted iterations
normal_day   [  95% ] 010/100 VUs  09m28.9s/10m0s  1.05 iters/s

running (09m29.8s), 011/100 VUs, 1773 complete and 0 interrupted iterations
normal_day   [  95% ] 011/100 VUs  09m29.9s/10m0s  1.02 iters/s

running (09m30.8s), 012/100 VUs, 1773 complete and 0 interrupted iterations
normal_day   [  95% ] 012/100 VUs  09m30.9s/10m0s  0.98 iters/s

running (09m31.8s), 013/100 VUs, 1773 complete and 0 interrupted iterations
normal_day   [  95% ] 013/100 VUs  09m31.9s/10m0s  0.95 iters/s

running (09m32.8s), 012/100 VUs, 1775 complete and 0 interrupted iterations
normal_day   [  95% ] 012/100 VUs  09m32.9s/10m0s  0.91 iters/s

running (09m33.8s), 011/100 VUs, 1777 complete and 0 interrupted iterations
normal_day   [  96% ] 011/100 VUs  09m33.9s/10m0s  0.88 iters/s

running (09m34.8s), 011/100 VUs, 1778 complete and 0 interrupted iterations
normal_day   [  96% ] 011/100 VUs  09m34.9s/10m0s  0.84 iters/s

running (09m35.8s), 011/100 VUs, 1779 complete and 0 interrupted iterations
normal_day   [  96% ] 011/100 VUs  09m35.9s/10m0s  0.80 iters/s

running (09m36.8s), 012/100 VUs, 1779 complete and 0 interrupted iterations
normal_day   [  96% ] 012/100 VUs  09m36.9s/10m0s  0.75 iters/s

running (09m37.8s), 012/100 VUs, 1779 complete and 0 interrupted iterations
normal_day   [  96% ] 012/100 VUs  09m37.9s/10m0s  0.75 iters/s

running (09m38.8s), 012/100 VUs, 1780 complete and 0 interrupted iterations
normal_day   [  96% ] 012/100 VUs  09m38.9s/10m0s  0.71 iters/s

running (09m39.8s), 009/100 VUs, 1784 complete and 0 interrupted iterations
normal_day   [  97% ] 009/100 VUs  09m39.9s/10m0s  0.66 iters/s

running (09m40.8s), 009/100 VUs, 1784 complete and 0 interrupted iterations
normal_day   [  97% ] 009/100 VUs  09m40.9s/10m0s  0.66 iters/s

running (09m41.8s), 010/100 VUs, 1784 complete and 0 interrupted iterations
normal_day   [  97% ] 010/100 VUs  09m41.9s/10m0s  0.60 iters/s

running (09m42.8s), 009/100 VUs, 1786 complete and 0 interrupted iterations
normal_day   [  97% ] 009/100 VUs  09m42.9s/10m0s  0.55 iters/s

running (09m43.8s), 008/100 VUs, 1787 complete and 0 interrupted iterations
normal_day   [  97% ] 008/100 VUs  09m43.9s/10m0s  0.55 iters/s

running (09m44.8s), 009/100 VUs, 1787 complete and 0 interrupted iterations
normal_day   [  97% ] 009/100 VUs  09m44.9s/10m0s  0.48 iters/s

running (09m45.8s), 009/100 VUs, 1787 complete and 0 interrupted iterations
normal_day   [  98% ] 009/100 VUs  09m45.9s/10m0s  0.48 iters/s

running (09m46.8s), 009/100 VUs, 1788 complete and 0 interrupted iterations
normal_day   [  98% ] 009/100 VUs  09m46.9s/10m0s  0.41 iters/s

running (09m47.8s), 008/100 VUs, 1789 complete and 0 interrupted iterations
normal_day   [  98% ] 008/100 VUs  09m47.9s/10m0s  0.41 iters/s

running (09m48.8s), 006/100 VUs, 1791 complete and 0 interrupted iterations
normal_day   [  98% ] 006/100 VUs  09m48.9s/10m0s  0.41 iters/s

running (09m49.8s), 005/100 VUs, 1793 complete and 0 interrupted iterations
normal_day   [  98% ] 005/100 VUs  09m49.9s/10m0s  0.31 iters/s

running (09m50.8s), 004/100 VUs, 1794 complete and 0 interrupted iterations
normal_day   [  98% ] 004/100 VUs  09m50.9s/10m0s  0.31 iters/s

running (09m51.8s), 004/100 VUs, 1794 complete and 0 interrupted iterations
normal_day   [  99% ] 004/100 VUs  09m51.9s/10m0s  0.31 iters/s

running (09m52.8s), 004/100 VUs, 1795 complete and 0 interrupted iterations
normal_day   [  99% ] 004/100 VUs  09m52.9s/10m0s  0.13 iters/s

running (09m53.8s), 004/100 VUs, 1795 complete and 0 interrupted iterations
normal_day   [  99% ] 004/100 VUs  09m53.9s/10m0s  0.13 iters/s

running (09m54.8s), 002/100 VUs, 1797 complete and 0 interrupted iterations
normal_day   [  99% ] 002/100 VUs  09m54.9s/10m0s  0.13 iters/s

running (09m55.8s), 002/100 VUs, 1797 complete and 0 interrupted iterations
normal_day   [  99% ] 002/100 VUs  09m55.9s/10m0s  0.13 iters/s

running (09m56.8s), 002/100 VUs, 1797 complete and 0 interrupted iterations
normal_day   [  99% ] 002/100 VUs  09m56.9s/10m0s  0.13 iters/s

running (09m57.8s), 002/100 VUs, 1797 complete and 0 interrupted iterations
normal_day   [ 100% ] 002/100 VUs  09m57.9s/10m0s  0.13 iters/s

running (09m58.8s), 002/100 VUs, 1797 complete and 0 interrupted iterations
normal_day   [ 100% ] 002/100 VUs  09m58.9s/10m0s  0.13 iters/s

running (09m59.8s), 002/100 VUs, 1797 complete and 0 interrupted iterations
normal_day   [ 100% ] 002/100 VUs  09m59.9s/10m0s  0.13 iters/s

running (10m00.8s), 002/100 VUs, 1797 complete and 0 interrupted iterations
normal_day ↓ [ 100% ] 002/100 VUs  10m0s  0.13 iters/s

running (10m01.8s), 001/100 VUs, 1798 complete and 0 interrupted iterations
normal_day ↓ [ 100% ] 002/100 VUs  10m0s  0.13 iters/s

running (10m02.8s), 001/100 VUs, 1798 complete and 0 interrupted iterations
normal_day ↓ [ 100% ] 002/100 VUs  10m0s  0.13 iters/s

running (10m03.8s), 001/100 VUs, 1798 complete and 0 interrupted iterations
normal_day ↓ [ 100% ] 002/100 VUs  10m0s  0.13 iters/s

running (10m04.8s), 001/100 VUs, 1798 complete and 0 interrupted iterations
normal_day ↓ [ 100% ] 002/100 VUs  10m0s  0.13 iters/s

running (10m05.8s), 001/100 VUs, 1798 complete and 0 interrupted iterations
normal_day ↓ [ 100% ] 002/100 VUs  10m0s  0.13 iters/s

running (10m06.8s), 001/100 VUs, 1798 complete and 0 interrupted iterations
normal_day ↓ [ 100% ] 002/100 VUs  10m0s  0.13 iters/s

running (10m07.8s), 001/100 VUs, 1798 complete and 0 interrupted iterations
normal_day ↓ [ 100% ] 002/100 VUs  10m0s  0.13 iters/s

running (10m08.8s), 001/100 VUs, 1798 complete and 0 interrupted iterations
normal_day ↓ [ 100% ] 002/100 VUs  10m0s  0.13 iters/s

running (10m09.8s), 001/100 VUs, 1798 complete and 0 interrupted iterations
normal_day ↓ [ 100% ] 002/100 VUs  10m0s  0.13 iters/s

running (10m10.8s), 001/100 VUs, 1798 complete and 0 interrupted iterations
normal_day ↓ [ 100% ] 002/100 VUs  10m0s  0.13 iters/s
[32m     ✓ login 200[0m
[32m     ✓ chat rooms 200[0m
[32m     ✓ board list 200[0m
[32m     ✓ chat messages 200[0m
[32m     ✓ hot daily 200[0m
[32m     ✓ post search 200[0m
[32m     ✓ chat read 200[0m
[32m     ✓ post list 200[0m
[32m     ✓ post detail 200[0m
[32m     ✓ comment list 200[0m
[32m     ✓ unread count 200[0m
[32m     ✓ notif list 200[0m
[32m     ✓ post create 2xx[0m
[32m     ✓ read one 200[0m
[32m     ✓ read all 200[0m
[32m     ✓ user info 200[0m
[32m     ✓ scrap 2xx[0m
[32m     ✓ logout 200[0m
[32m     ✓ my posts 200[0m
[32m     ✓ refresh 200[0m
[32m     ✓ post reaction 2xx[0m
[32m     ✓ friend list 200[0m
[32m     ✓ received reqs 200[0m
[32m     ✓ comment create 2xx[0m
[32m     ✓ meal today 200[0m
[32m     ✓ timetable today 200[0m
[32m     ✓ ws handshake 101[0m
[32m     ✓ post update 200[0m
[32m     ✓ post delete 200[0m
[32m     ✓ meal month 200[0m
[32m     ✓ comment reaction 200[0m

     auth_token_refreshes[2m.............:[0m [36m16[0m      [36;2m0.026192/s[0m
     chat_ws_messages_sent[2m............:[0m [36m462[0m     [36;2m0.756308/s[0m
     chat_ws_rtt[2m......................:[0m avg=[36m27.03ms[0m  min=[36m15ms[0m    med=[36m22ms[0m     max=[36m623ms[0m    p(90)=[36m34ms[0m     p(95)=[36m38ms[0m     p(99)=[36m68.38ms[0m 
     checks[2m...........................:[0m [36m100.00%[0m [36;2m✓ 7962[0m      [36;2m✗ 0[0m    
     [32m✓[0m { phase:measure }[2m..............:[0m [36m100.00%[0m [36;2m✓ 5269[0m      [36;2m✗ 0[0m    
     [32m✓[0m { phase:rampdown }[2m.............:[0m [36m100.00%[0m [36;2m✓ 1187[0m      [36;2m✗ 0[0m    
     [32m✓[0m { phase:warmup }[2m...............:[0m [36m100.00%[0m [36;2m✓ 1506[0m      [36;2m✗ 0[0m    
     data_received[2m....................:[0m [36m351 MB[0m  [36;2m574 kB/s[0m
     data_sent[2m........................:[0m [36m3.2 MB[0m  [36;2m5.3 kB/s[0m
     http_req_blocked[2m.................:[0m avg=[36m15.9µs[0m   min=[36m1.61µs[0m  med=[36m5.26µs[0m   max=[36m22.81ms[0m  p(90)=[36m11.05µs[0m  p(95)=[36m15.89µs[0m  p(99)=[36m264.53µs[0m
     http_req_connecting[2m..............:[0m avg=[36m7.38µs[0m   min=[36m0s[0m      med=[36m0s[0m       max=[36m22.73ms[0m  p(90)=[36m0s[0m       p(95)=[36m0s[0m       p(99)=[36m175.53µs[0m
     http_req_duration[2m................:[0m avg=[36m86.44ms[0m  min=[36m1.6ms[0m   med=[36m6.38ms[0m   max=[36m28.96s[0m   p(90)=[36m80.02ms[0m  p(95)=[36m388.24ms[0m p(99)=[36m1.82s[0m   
       { expected_response:true }[2m.....:[0m avg=[36m86.44ms[0m  min=[36m1.6ms[0m   med=[36m6.38ms[0m   max=[36m28.96s[0m   p(90)=[36m80.02ms[0m  p(95)=[36m388.24ms[0m p(99)=[36m1.82s[0m   
     [32m✓[0m { feature:auth }[2m...............:[0m avg=[36m201.74ms[0m min=[36m12.82ms[0m med=[36m82.76ms[0m  max=[36m1.28s[0m    p(90)=[36m715.35ms[0m p(95)=[36m773.55ms[0m p(99)=[36m1.07s[0m   
     [32m✓[0m { feature:board }[2m..............:[0m avg=[36m5.3ms[0m    min=[36m1.74ms[0m  med=[36m3.21ms[0m   max=[36m203.9ms[0m  p(90)=[36m7.92ms[0m   p(95)=[36m9.42ms[0m   p(99)=[36m16.83ms[0m 
     [32m✓[0m { feature:chat }[2m...............:[0m avg=[36m8.52ms[0m   min=[36m2.06ms[0m  med=[36m5.11ms[0m   max=[36m290.52ms[0m p(90)=[36m11.63ms[0m  p(95)=[36m15.28ms[0m  p(99)=[36m100.68ms[0m
     [32m✓[0m { feature:comment }[2m............:[0m avg=[36m399.78ms[0m min=[36m1.93ms[0m  med=[36m47.39ms[0m  max=[36m28.96s[0m   p(90)=[36m1.23s[0m    p(95)=[36m1.85s[0m    p(99)=[36m2.48s[0m   
     [32m✓[0m { feature:friend }[2m.............:[0m avg=[36m9.98ms[0m   min=[36m2.17ms[0m  med=[36m3.71ms[0m   max=[36m289.46ms[0m p(90)=[36m9.64ms[0m   p(95)=[36m12.15ms[0m  p(99)=[36m164.11ms[0m
     [32m✓[0m { feature:hot }[2m................:[0m avg=[36m14.46ms[0m  min=[36m7.33ms[0m  med=[36m11.28ms[0m  max=[36m235.41ms[0m p(90)=[36m21.06ms[0m  p(95)=[36m24.28ms[0m  p(99)=[36m65.06ms[0m 
     [32m✓[0m { feature:mypage }[2m.............:[0m avg=[36m9.97ms[0m   min=[36m2.17ms[0m  med=[36m3.51ms[0m   max=[36m198.42ms[0m p(90)=[36m7.75ms[0m   p(95)=[36m9.83ms[0m   p(99)=[36m192.38ms[0m
     [32m✓[0m { feature:notification }[2m.......:[0m avg=[36m16.21ms[0m  min=[36m2.17ms[0m  med=[36m6.71ms[0m   max=[36m423.96ms[0m p(90)=[36m21.56ms[0m  p(95)=[36m28.99ms[0m  p(99)=[36m310.85ms[0m
     [32m✓[0m { feature:post }[2m...............:[0m avg=[36m10.62ms[0m  min=[36m1.6ms[0m   med=[36m5.05ms[0m   max=[36m1.8s[0m     p(90)=[36m15.13ms[0m  p(95)=[36m24.32ms[0m  p(99)=[36m104.98ms[0m
     [32m✓[0m { feature:reaction }[2m...........:[0m avg=[36m29.2ms[0m   min=[36m15.42ms[0m med=[36m21.98ms[0m  max=[36m524.65ms[0m p(90)=[36m31.54ms[0m  p(95)=[36m38.91ms[0m  p(99)=[36m192.36ms[0m
     [32m✓[0m { feature:school }[2m.............:[0m avg=[36m5.06ms[0m   min=[36m2.66ms[0m  med=[36m3.89ms[0m   max=[36m12.27ms[0m  p(90)=[36m9.02ms[0m   p(95)=[36m9.49ms[0m   p(99)=[36m12.12ms[0m 
     [32m✓[0m { feature:scrap }[2m..............:[0m avg=[36m35.68ms[0m  min=[36m14.52ms[0m med=[36m21.18ms[0m  max=[36m348.56ms[0m p(90)=[36m31.85ms[0m  p(95)=[36m39.52ms[0m  p(99)=[36m317.28ms[0m
     [32m✓[0m { feature:timetable }[2m..........:[0m avg=[36m4.29ms[0m   min=[36m2.12ms[0m  med=[36m3.11ms[0m   max=[36m27.99ms[0m  p(90)=[36m7.75ms[0m   p(95)=[36m9.66ms[0m   p(99)=[36m19.15ms[0m 
     [32m✓[0m { name:board_list }[2m............:[0m avg=[36m5.3ms[0m    min=[36m1.74ms[0m  med=[36m3.21ms[0m   max=[36m203.9ms[0m  p(90)=[36m7.92ms[0m   p(95)=[36m9.42ms[0m   p(99)=[36m16.83ms[0m 
     [32m✓[0m { name:chat_mark_read }[2m........:[0m avg=[36m7.37ms[0m   min=[36m2.32ms[0m  med=[36m3.98ms[0m   max=[36m133.33ms[0m p(90)=[36m10.67ms[0m  p(95)=[36m17.62ms[0m  p(99)=[36m75.25ms[0m 
     [32m✓[0m { name:chat_messages }[2m.........:[0m avg=[36m8.29ms[0m   min=[36m2.86ms[0m  med=[36m4.94ms[0m   max=[36m118.05ms[0m p(90)=[36m12.99ms[0m  p(95)=[36m14.81ms[0m  p(99)=[36m64.09ms[0m 
     [32m✓[0m { name:chat_read_status }[2m......:[0m avg=[36m0s[0m       min=[36m0s[0m      med=[36m0s[0m       max=[36m0s[0m       p(90)=[36m0s[0m       p(95)=[36m0s[0m       p(99)=[36m0s[0m      
     [32m✓[0m { name:chat_rooms }[2m............:[0m avg=[36m9.03ms[0m   min=[36m2.06ms[0m  med=[36m5.34ms[0m   max=[36m290.52ms[0m p(90)=[36m11.17ms[0m  p(95)=[36m15.05ms[0m  p(99)=[36m101.38ms[0m
     [32m✓[0m { name:comment_create }[2m........:[0m avg=[36m38.78ms[0m  min=[36m25.34ms[0m med=[36m35.9ms[0m   max=[36m87.3ms[0m   p(90)=[36m51.08ms[0m  p(95)=[36m54.62ms[0m  p(99)=[36m69.29ms[0m 
     [32m✓[0m { name:comment_delete }[2m........:[0m avg=[36m0s[0m       min=[36m0s[0m      med=[36m0s[0m       max=[36m0s[0m       p(90)=[36m0s[0m       p(95)=[36m0s[0m       p(99)=[36m0s[0m      
     [32m✓[0m { name:comment_list }[2m..........:[0m avg=[36m420.79ms[0m min=[36m1.93ms[0m  med=[36m55.59ms[0m  max=[36m28.96s[0m   p(90)=[36m1.41s[0m    p(95)=[36m1.86s[0m    p(99)=[36m2.53s[0m   
     [32m✓[0m { name:comment_reaction }[2m......:[0m avg=[36m22.44ms[0m  min=[36m15.42ms[0m med=[36m20.63ms[0m  max=[36m51.28ms[0m  p(90)=[36m30.49ms[0m  p(95)=[36m31.35ms[0m  p(99)=[36m43.58ms[0m 
     [32m✓[0m { name:comment_update }[2m........:[0m avg=[36m0s[0m       min=[36m0s[0m      med=[36m0s[0m       max=[36m0s[0m       p(90)=[36m0s[0m       p(95)=[36m0s[0m       p(99)=[36m0s[0m      
     [32m✓[0m { name:friend_list }[2m...........:[0m avg=[36m10.55ms[0m  min=[36m2.47ms[0m  med=[36m3.92ms[0m   max=[36m289.46ms[0m p(90)=[36m10.34ms[0m  p(95)=[36m12.75ms[0m  p(99)=[36m190.67ms[0m
     [32m✓[0m { name:friend_req_received }[2m...:[0m avg=[36m8.54ms[0m   min=[36m2.17ms[0m  med=[36m3.28ms[0m   max=[36m150.48ms[0m p(90)=[36m7.95ms[0m   p(95)=[36m8.6ms[0m    p(99)=[36m106.57ms[0m
     [32m✓[0m { name:friend_request }[2m........:[0m avg=[36m0s[0m       min=[36m0s[0m      med=[36m0s[0m       max=[36m0s[0m       p(90)=[36m0s[0m       p(95)=[36m0s[0m       p(99)=[36m0s[0m      
     [32m✓[0m { name:friend_respond }[2m........:[0m avg=[36m0s[0m       min=[36m0s[0m      med=[36m0s[0m       max=[36m0s[0m       p(90)=[36m0s[0m       p(95)=[36m0s[0m       p(99)=[36m0s[0m      
     [32m✓[0m { name:friend_search }[2m.........:[0m avg=[36m0s[0m       min=[36m0s[0m      med=[36m0s[0m       max=[36m0s[0m       p(90)=[36m0s[0m       p(95)=[36m0s[0m       p(99)=[36m0s[0m      
     [32m✓[0m { name:hot_daily }[2m.............:[0m avg=[36m14.46ms[0m  min=[36m7.33ms[0m  med=[36m11.28ms[0m  max=[36m235.41ms[0m p(90)=[36m21.06ms[0m  p(95)=[36m24.28ms[0m  p(99)=[36m65.06ms[0m 
     [32m✓[0m { name:login }[2m.................:[0m avg=[36m250.46ms[0m min=[36m68.46ms[0m med=[36m86.68ms[0m  max=[36m1.28s[0m    p(90)=[36m729.83ms[0m p(95)=[36m842.09ms[0m p(99)=[36m1.08s[0m   
     [32m✓[0m { name:logout }[2m................:[0m avg=[36m25.37ms[0m  min=[36m12.82ms[0m med=[36m19.75ms[0m  max=[36m118.4ms[0m  p(90)=[36m29.4ms[0m   p(95)=[36m45.57ms[0m  p(99)=[36m103.83ms[0m
     [32m✓[0m { name:meal_month }[2m............:[0m avg=[36m4.95ms[0m   min=[36m2.96ms[0m  med=[36m4.86ms[0m   max=[36m12.05ms[0m  p(90)=[36m6.45ms[0m   p(95)=[36m8.79ms[0m   p(99)=[36m11.4ms[0m  
     [32m✓[0m { name:meal_today }[2m............:[0m avg=[36m5.08ms[0m   min=[36m2.66ms[0m  med=[36m3.87ms[0m   max=[36m12.27ms[0m  p(90)=[36m9.03ms[0m   p(95)=[36m9.44ms[0m   p(99)=[36m11.19ms[0m 
     [32m✓[0m { name:my_comments }[2m...........:[0m avg=[36m0s[0m       min=[36m0s[0m      med=[36m0s[0m       max=[36m0s[0m       p(90)=[36m0s[0m       p(95)=[36m0s[0m       p(99)=[36m0s[0m      
     [32m✓[0m { name:my_posts }[2m..............:[0m avg=[36m9.07ms[0m   min=[36m2.17ms[0m  med=[36m3.4ms[0m    max=[36m167.32ms[0m p(90)=[36m6.84ms[0m   p(95)=[36m9.82ms[0m   p(99)=[36m144.29ms[0m
     [32m✓[0m { name:notif_list }[2m............:[0m avg=[36m25.82ms[0m  min=[36m3.38ms[0m  med=[36m9.17ms[0m   max=[36m423.96ms[0m p(90)=[36m21.59ms[0m  p(95)=[36m37.03ms[0m  p(99)=[36m414.46ms[0m
     [32m✓[0m { name:notif_read_all }[2m........:[0m avg=[36m52.66ms[0m  min=[36m2.41ms[0m  med=[36m16.01ms[0m  max=[36m375.07ms[0m p(90)=[36m57.6ms[0m   p(95)=[36m216.34ms[0m p(99)=[36m343.32ms[0m
     [32m✓[0m { name:notif_read_one }[2m........:[0m avg=[36m31.13ms[0m  min=[36m12.73ms[0m med=[36m16.91ms[0m  max=[36m266.35ms[0m p(90)=[36m29.87ms[0m  p(95)=[36m92.92ms[0m  p(99)=[36m232.94ms[0m
     [32m✓[0m { name:notif_unread_count }[2m....:[0m avg=[36m6.83ms[0m   min=[36m2.17ms[0m  med=[36m3.69ms[0m   max=[36m106.31ms[0m p(90)=[36m9.7ms[0m    p(95)=[36m12.09ms[0m  p(99)=[36m92.64ms[0m 
     [32m✓[0m { name:post_create }[2m...........:[0m avg=[36m40.32ms[0m  min=[36m14.17ms[0m med=[36m19.3ms[0m   max=[36m1.8s[0m     p(90)=[36m27.96ms[0m  p(95)=[36m31.49ms[0m  p(99)=[36m199.73ms[0m
     [32m✓[0m { name:post_delete }[2m...........:[0m avg=[36m18.66ms[0m  min=[36m14.09ms[0m med=[36m17.94ms[0m  max=[36m26.9ms[0m   p(90)=[36m25.28ms[0m  p(95)=[36m25.57ms[0m  p(99)=[36m26.63ms[0m 
     [32m✓[0m { name:post_detail }[2m...........:[0m avg=[36m8.48ms[0m   min=[36m3.23ms[0m  med=[36m5.13ms[0m   max=[36m441.76ms[0m p(90)=[36m11.86ms[0m  p(95)=[36m14.11ms[0m  p(99)=[36m87.52ms[0m 
     [32m✓[0m { name:post_list_deep }[2m........:[0m avg=[36m0s[0m       min=[36m0s[0m      med=[36m0s[0m       max=[36m0s[0m       p(90)=[36m0s[0m       p(95)=[36m0s[0m       p(99)=[36m0s[0m      
     [32m✓[0m { name:post_list }[2m.............:[0m avg=[36m12.23ms[0m  min=[36m1.6ms[0m   med=[36m3.32ms[0m   max=[36m1.34s[0m    p(90)=[36m27.23ms[0m  p(95)=[36m34.87ms[0m  p(99)=[36m95.22ms[0m 
     [32m✓[0m { name:post_reaction }[2m.........:[0m avg=[36m32.06ms[0m  min=[36m15.59ms[0m med=[36m23.05ms[0m  max=[36m524.65ms[0m p(90)=[36m33.36ms[0m  p(95)=[36m40.82ms[0m  p(99)=[36m291.18ms[0m
     [32m✓[0m { name:post_search }[2m...........:[0m avg=[36m24.3ms[0m   min=[36m11.68ms[0m med=[36m14.51ms[0m  max=[36m219.1ms[0m  p(90)=[36m23.92ms[0m  p(95)=[36m62.99ms[0m  p(99)=[36m188.06ms[0m
     [32m✓[0m { name:post_update }[2m...........:[0m avg=[36m18.13ms[0m  min=[36m12.87ms[0m med=[36m16.43ms[0m  max=[36m44.1ms[0m   p(90)=[36m22.95ms[0m  p(95)=[36m25.26ms[0m  p(99)=[36m40.33ms[0m 
     [32m✓[0m { name:school_search }[2m.........:[0m avg=[36m0s[0m       min=[36m0s[0m      med=[36m0s[0m       max=[36m0s[0m       p(90)=[36m0s[0m       p(95)=[36m0s[0m       p(99)=[36m0s[0m      
     [32m✓[0m { name:scrap_list }[2m............:[0m avg=[36m0s[0m       min=[36m0s[0m      med=[36m0s[0m       max=[36m0s[0m       p(90)=[36m0s[0m       p(95)=[36m0s[0m       p(99)=[36m0s[0m      
     [32m✓[0m { name:scrap_toggle }[2m..........:[0m avg=[36m35.68ms[0m  min=[36m14.52ms[0m med=[36m21.18ms[0m  max=[36m348.56ms[0m p(90)=[36m31.85ms[0m  p(95)=[36m39.52ms[0m  p(99)=[36m317.28ms[0m
     [32m✓[0m { name:subject_list }[2m..........:[0m avg=[36m0s[0m       min=[36m0s[0m      med=[36m0s[0m       max=[36m0s[0m       p(90)=[36m0s[0m       p(95)=[36m0s[0m       p(99)=[36m0s[0m      
     [32m✓[0m { name:template_list }[2m.........:[0m avg=[36m0s[0m       min=[36m0s[0m      med=[36m0s[0m       max=[36m0s[0m       p(90)=[36m0s[0m       p(95)=[36m0s[0m       p(99)=[36m0s[0m      
     [32m✓[0m { name:timetable_today }[2m.......:[0m avg=[36m4.29ms[0m   min=[36m2.12ms[0m  med=[36m3.11ms[0m   max=[36m27.99ms[0m  p(90)=[36m7.75ms[0m   p(95)=[36m9.66ms[0m   p(99)=[36m19.15ms[0m 
     [32m✓[0m { name:token_refresh }[2m.........:[0m avg=[36m40.83ms[0m  min=[36m15.62ms[0m med=[36m21.23ms[0m  max=[36m307.97ms[0m p(90)=[36m32.49ms[0m  p(95)=[36m101.57ms[0m p(99)=[36m266.69ms[0m
     [32m✓[0m { name:user_info }[2m.............:[0m avg=[36m10.88ms[0m  min=[36m2.34ms[0m  med=[36m3.77ms[0m   max=[36m198.42ms[0m p(90)=[36m7.93ms[0m   p(95)=[36m8.69ms[0m   p(99)=[36m197.5ms[0m 
     [32m✓[0m { op:auth }[2m....................:[0m avg=[36m201.74ms[0m min=[36m12.82ms[0m med=[36m82.76ms[0m  max=[36m1.28s[0m    p(90)=[36m715.35ms[0m p(95)=[36m773.55ms[0m p(99)=[36m1.07s[0m   
     [31m✗[0m { op:read,phase:measure }[2m......:[0m avg=[36m72.87ms[0m  min=[36m1.7ms[0m   med=[36m5.37ms[0m   max=[36m2.76s[0m    p(90)=[36m48.09ms[0m  p(95)=[36m374.98ms[0m p(99)=[36m1.86s[0m   
     [32m✓[0m { op:write,phase:measure }[2m.....:[0m avg=[36m20.29ms[0m  min=[36m2.32ms[0m  med=[36m18.48ms[0m  max=[36m87.3ms[0m   p(90)=[36m32.91ms[0m  p(95)=[36m41.65ms[0m  p(99)=[36m54.77ms[0m 
     [32m✓[0m { page:0 }[2m.....................:[0m avg=[36m12.43ms[0m  min=[36m1.6ms[0m   med=[36m3.24ms[0m   max=[36m1.34s[0m    p(90)=[36m26.92ms[0m  p(95)=[36m33.96ms[0m  p(99)=[36m96.42ms[0m 
     [32m✓[0m { page:1 }[2m.....................:[0m avg=[36m16.52ms[0m  min=[36m1.7ms[0m   med=[36m3.58ms[0m   max=[36m1s[0m       p(90)=[36m32.16ms[0m  p(95)=[36m39.21ms[0m  p(99)=[36m133.74ms[0m
     [32m✓[0m { page:2 }[2m.....................:[0m avg=[36m6.14ms[0m   min=[36m1.96ms[0m  med=[36m3.18ms[0m   max=[36m60.26ms[0m  p(90)=[36m9.26ms[0m   p(95)=[36m25.79ms[0m  p(99)=[36m41.72ms[0m 
     [32m✓[0m { page:3 }[2m.....................:[0m avg=[36m9.41ms[0m   min=[36m2.15ms[0m  med=[36m3.47ms[0m   max=[36m126.98ms[0m p(90)=[36m26.01ms[0m  p(95)=[36m34.71ms[0m  p(99)=[36m83.78ms[0m 
     [32m✓[0m { page:4 }[2m.....................:[0m avg=[36m10.07ms[0m  min=[36m2.13ms[0m  med=[36m3.78ms[0m   max=[36m79.97ms[0m  p(90)=[36m26.84ms[0m  p(95)=[36m38.4ms[0m   p(99)=[36m70.27ms[0m 
     [32m✓[0m { phase:measure }[2m..............:[0m avg=[36m68.86ms[0m  min=[36m1.7ms[0m   med=[36m5.71ms[0m   max=[36m2.76s[0m    p(90)=[36m41.98ms[0m  p(95)=[36m334.5ms[0m  p(99)=[36m1.84s[0m   
     [32m✓[0m { phase:rampdown }[2m.............:[0m avg=[36m74.56ms[0m  min=[36m1.6ms[0m   med=[36m5.9ms[0m    max=[36m2.13s[0m    p(90)=[36m45.45ms[0m  p(95)=[36m389.64ms[0m p(99)=[36m1.75s[0m   
     [32m✓[0m { phase:warmup }[2m...............:[0m avg=[36m157.16ms[0m min=[36m2.31ms[0m  med=[36m9.68ms[0m   max=[36m28.96s[0m   p(90)=[36m195.42ms[0m p(95)=[36m641.33ms[0m p(99)=[36m1.84s[0m   
     http_req_failed[2m..................:[0m [36m0.00%[0m   [36;2m✓ 0[0m         [36;2m✗ 7880[0m 
     [32m✓[0m { phase:measure }[2m..............:[0m [36m0.00%[0m   [36;2m✓ 0[0m         [36;2m✗ 5211[0m 
     [32m✓[0m { phase:rampdown }[2m.............:[0m [36m0.00%[0m   [36;2m✓ 0[0m         [36;2m✗ 1176[0m 
     [32m✓[0m { phase:warmup }[2m...............:[0m [36m0.00%[0m   [36;2m✓ 0[0m         [36;2m✗ 1493[0m 
     http_req_receiving[2m...............:[0m avg=[36m654.76µs[0m min=[36m15.58µs[0m med=[36m177.16µs[0m max=[36m193.85ms[0m p(90)=[36m554.56µs[0m p(95)=[36m2.06ms[0m   p(99)=[36m9.15ms[0m  
     http_req_sending[2m.................:[0m avg=[36m37.36µs[0m  min=[36m5.74µs[0m  med=[36m27.74µs[0m  max=[36m637.22µs[0m p(90)=[36m70.44µs[0m  p(95)=[36m96.2µs[0m   p(99)=[36m156.09µs[0m
     http_req_tls_handshaking[2m.........:[0m avg=[36m0s[0m       min=[36m0s[0m      med=[36m0s[0m       max=[36m0s[0m       p(90)=[36m0s[0m       p(95)=[36m0s[0m       p(99)=[36m0s[0m      
     http_req_waiting[2m.................:[0m avg=[36m85.75ms[0m  min=[36m1.46ms[0m  med=[36m6.11ms[0m   max=[36m28.95s[0m   p(90)=[36m79.21ms[0m  p(95)=[36m385.63ms[0m p(99)=[36m1.81s[0m   
     http_reqs[2m........................:[0m [36m7880[0m    [36;2m12.899798/s[0m
     [32m✓[0m { feature:auth }[2m...............:[0m [36m152[0m     [36;2m0.248829/s[0m
     [32m✓[0m { feature:board }[2m..............:[0m [36m740[0m     [36;2m1.211402/s[0m
     [32m✓[0m { feature:chat }[2m...............:[0m [36m531[0m     [36;2m0.869263/s[0m
     [32m✓[0m { feature:comment }[2m............:[0m [36m1455[0m    [36;2m2.381879/s[0m
     [32m✓[0m { feature:friend }[2m.............:[0m [36m113[0m     [36;2m0.184984/s[0m
     [32m✓[0m { feature:hot }[2m................:[0m [36m740[0m     [36;2m1.211402/s[0m
     [32m✓[0m { feature:mypage }[2m.............:[0m [36m116[0m     [36;2m0.189896/s[0m
     [32m✓[0m { feature:notification }[2m.......:[0m [36m290[0m     [36;2m0.474739/s[0m
     [32m✓[0m { feature:post }[2m...............:[0m [36m3430[0m    [36;2m5.615014/s[0m
     [32m✓[0m { feature:reaction }[2m...........:[0m [36m141[0m     [36;2m0.230821/s[0m
     [32m✓[0m { feature:school }[2m.............:[0m [36m71[0m      [36;2m0.116229/s[0m
     [32m✓[0m { feature:scrap }[2m..............:[0m [36m43[0m      [36;2m0.070392/s[0m
     [32m✓[0m { feature:timetable }[2m..........:[0m [36m58[0m      [36;2m0.094948/s[0m
     [32m✓[0m { name:board_list }[2m............:[0m [36m740[0m     [36;2m1.211402/s[0m
     [32m✓[0m { name:chat_mark_read }[2m........:[0m [36m113[0m     [36;2m0.184984/s[0m
     [32m✓[0m { name:chat_messages }[2m.........:[0m [36m113[0m     [36;2m0.184984/s[0m
     [32m✓[0m { name:chat_read_status }[2m......:[0m [36m0[0m       [36;2m0/s[0m
     [32m✓[0m { name:chat_rooms }[2m............:[0m [36m305[0m     [36;2m0.499294/s[0m
     [32m✓[0m { name:comment_create }[2m........:[0m [36m80[0m      [36;2m0.130962/s[0m
     [32m✓[0m { name:comment_delete }[2m........:[0m [36m0[0m       [36;2m0/s[0m
     [32m✓[0m { name:comment_list }[2m..........:[0m [36m1375[0m    [36;2m2.250917/s[0m
     [32m✓[0m { name:comment_reaction }[2m......:[0m [36m42[0m      [36;2m0.068755/s[0m
     [32m✓[0m { name:comment_update }[2m........:[0m [36m0[0m       [36;2m0/s[0m
     [32m✓[0m { name:friend_list }[2m...........:[0m [36m81[0m      [36;2m0.132599/s[0m
     [32m✓[0m { name:friend_req_received }[2m...:[0m [36m32[0m      [36;2m0.052385/s[0m
     [32m✓[0m { name:friend_request }[2m........:[0m [36m0[0m       [36;2m0/s[0m
     [32m✓[0m { name:friend_respond }[2m........:[0m [36m0[0m       [36;2m0/s[0m
     [32m✓[0m { name:friend_search }[2m.........:[0m [36m0[0m       [36;2m0/s[0m
     [32m✓[0m { name:hot_daily }[2m.............:[0m [36m740[0m     [36;2m1.211402/s[0m
     [32m✓[0m { name:login }[2m.................:[0m [36m118[0m     [36;2m0.19317/s[0m
     [32m✓[0m { name:logout }[2m................:[0m [36m18[0m      [36;2m0.029467/s[0m
     [32m✓[0m { name:meal_month }[2m............:[0m [36m13[0m      [36;2m0.021281/s[0m
     [32m✓[0m { name:meal_today }[2m............:[0m [36m58[0m      [36;2m0.094948/s[0m
     [32m✓[0m { name:my_comments }[2m...........:[0m [36m0[0m       [36;2m0/s[0m
     [32m✓[0m { name:my_posts }[2m..............:[0m [36m58[0m      [36;2m0.094948/s[0m
     [32m✓[0m { name:notif_list }[2m............:[0m [36m77[0m      [36;2m0.126051/s[0m
     [32m✓[0m { name:notif_read_all }[2m........:[0m [36m11[0m      [36;2m0.018007/s[0m
     [32m✓[0m { name:notif_read_one }[2m........:[0m [36m31[0m      [36;2m0.050748/s[0m
     [32m✓[0m { name:notif_unread_count }[2m....:[0m [36m171[0m     [36;2m0.279932/s[0m
     [32m✓[0m { name:post_create }[2m...........:[0m [36m92[0m      [36;2m0.150607/s[0m
     [32m✓[0m { name:post_delete }[2m...........:[0m [36m21[0m      [36;2m0.034378/s[0m
     [32m✓[0m { name:post_detail }[2m...........:[0m [36m2480[0m    [36;2m4.059835/s[0m
     [32m✓[0m { name:post_list_deep }[2m........:[0m [36m0[0m       [36;2m0/s[0m
     [32m✓[0m { name:post_list }[2m.............:[0m [36m740[0m     [36;2m1.211402/s[0m
     [32m✓[0m { name:post_reaction }[2m.........:[0m [36m99[0m      [36;2m0.162066/s[0m
     [32m✓[0m { name:post_search }[2m...........:[0m [36m76[0m      [36;2m0.124414/s[0m
     [32m✓[0m { name:post_update }[2m...........:[0m [36m21[0m      [36;2m0.034378/s[0m
     [32m✓[0m { name:school_search }[2m.........:[0m [36m0[0m       [36;2m0/s[0m
     [32m✓[0m { name:scrap_list }[2m............:[0m [36m0[0m       [36;2m0/s[0m
     [32m✓[0m { name:scrap_toggle }[2m..........:[0m [36m43[0m      [36;2m0.070392/s[0m
     [32m✓[0m { name:subject_list }[2m..........:[0m [36m0[0m       [36;2m0/s[0m
     [32m✓[0m { name:template_list }[2m.........:[0m [36m0[0m       [36;2m0/s[0m
     [32m✓[0m { name:timetable_today }[2m.......:[0m [36m58[0m      [36;2m0.094948/s[0m
     [32m✓[0m { name:token_refresh }[2m.........:[0m [36m16[0m      [36;2m0.026192/s[0m
     [32m✓[0m { name:user_info }[2m.............:[0m [36m58[0m      [36;2m0.094948/s[0m
     [32m✓[0m { op:auth }[2m....................:[0m [36m152[0m     [36;2m0.248829/s[0m
     [32m✓[0m { op:read }[2m....................:[0m [36m7175[0m    [36;2m11.745692/s[0m
     [32m✓[0m { op:write }[2m...................:[0m [36m553[0m     [36;2m0.905278/s[0m
     [32m✓[0m { page:0 }[2m.....................:[0m [36m419[0m     [36;2m0.685916/s[0m
     [32m✓[0m { page:1 }[2m.....................:[0m [36m149[0m     [36;2m0.243917/s[0m
     [32m✓[0m { page:2 }[2m.....................:[0m [36m79[0m      [36;2m0.129325/s[0m
     [32m✓[0m { page:3 }[2m.....................:[0m [36m67[0m      [36;2m0.109681/s[0m
     [32m✓[0m { page:4 }[2m.....................:[0m [36m26[0m      [36;2m0.042563/s[0m
     [32m✓[0m { phase:measure }[2m..............:[0m [36m5211[0m    [36;2m8.530564/s[0m
     [32m✓[0m { phase:rampdown }[2m.............:[0m [36m1176[0m    [36;2m1.925148/s[0m
     [32m✓[0m { phase:warmup }[2m...............:[0m [36m1493[0m    [36;2m2.444086/s[0m
     iteration_duration[2m...............:[0m avg=[36m10.09s[0m   min=[36m1.03s[0m   med=[36m7.54s[0m    max=[36m43.21s[0m   p(90)=[36m19.2s[0m    p(95)=[36m21.09s[0m   p(99)=[36m27.14s[0m  
     iterations[2m.......................:[0m [36m1799[0m    [36;2m2.945017/s[0m
     [32m✓[0m { phase:measure }[2m..............:[0m [36m0[0m       [36;2m0/s[0m
     [32m✓[0m { phase:rampdown }[2m.............:[0m [36m0[0m       [36;2m0/s[0m
     [32m✓[0m { phase:warmup }[2m...............:[0m [36m0[0m       [36;2m0/s[0m
     phase_iterations[2m.................:[0m [36m1799[0m    [36;2m2.945017/s[0m
     [32m✓[0m { phase:measure }[2m..............:[0m [36m1199[0m    [36;2m1.962799/s[0m
     [32m✓[0m { phase:rampdown }[2m.............:[0m [36m279[0m     [36;2m0.456731/s[0m
     [32m✓[0m { phase:warmup }[2m...............:[0m [36m321[0m     [36;2m0.525487/s[0m
     vus[2m..............................:[0m [36m1[0m       [36;2mmin=0[0m       [36;2mmax=50[0m 
     vus_max[2m..........................:[0m [36m100[0m     [36;2mmin=100[0m     [36;2mmax=100[0m
     ws_connecting[2m....................:[0m avg=[36m8.1ms[0m    min=[36m1.89ms[0m  med=[36m2.86ms[0m   max=[36m403.09ms[0m p(90)=[36m5.55ms[0m   p(95)=[36m6.38ms[0m   p(99)=[36m83.65ms[0m 
     ws_msgs_received[2m.................:[0m [36m544[0m     [36;2m0.890544/s[0m
     ws_msgs_sent[2m.....................:[0m [36m626[0m     [36;2m1.024781/s[0m
     ws_session_duration[2m..............:[0m avg=[36m21.88s[0m   min=[36m15.12s[0m  med=[36m21.25s[0m   max=[36m29.95s[0m   p(90)=[36m28.7s[0m    p(95)=[36m29.31s[0m   p(99)=[36m29.88s[0m  
     ws_sessions[2m......................:[0m [36m82[0m      [36;2m0.134236/s[0m
running (10m10.9s), 000/100 VUs, 1799 complete and 0 interrupted iterations
normal_day ✓ [ 100% ] 000/100 VUs  10m0s  0.13 iters/s
  호스트(Windows) 583표본 · CPU 15.9% (max 57.2) · 정규화성능 123.3% · vmmem 137.9% · 바쁜코어 1.9개 · 가용메모리 249MB
  부하 중 벤치(warmup +60초, 3회 중앙값) · single 5021ms (유휴 대비 -0.1%) · parallel 4722ms (유휴 대비 -20.7%) · ctxswitch 2288ms (유휴 대비 3.6%)

  실행 후 상태 sha256:96148c47f847 — chat_messages.count +462, chat_messages.maxId +462, posts.maxId +92, comments.count +80, comments.maxId +80 (외 13개)
    (지문 제외 항목: posts.sumViewCount +2087, daily_hot_post.count +55)
Prometheus 스크레이프 대기 20초...

══════════════════════════════════════════════════════════════════════════
  Performance Report — normal-day   Run #130   ❌ FAIL
══════════════════════════════════════════════════════════════════════════
  환경 perf  |  브랜치 personal/localdocs  |  커밋 f915176e  |  빌드 local
  시작 2026-08-26 09:21:47 KST  |  수행 10m 11s  |  VU max 100
  데이터셋 medium  |  부하 ramping-arrival-rate 0→4@3m0s→4@5m0s→0@2m0s maxVU 600

  ── 성능 (measure 구간) ─────────────────────────────────────────
  평균 69ms      P95 335ms     P99 1.84s    
  RPS  17.4      TPS 4.00      오류율 0.00%

  ── 인프라 ────────────────────────────────────────────────────────
  CPU  0.85 core (한계의 42%)   throttled 5.0%
  Heap 788 MB (77%)   GC max 98ms × 73회
  DB   slow 769  QPS 4,749  풀 40%  대기 0
  Redis hit 99.2%  ops 65.5/s  evicted 0

  ── 회귀 (기준: normal-day-2026-08-26T00-19-13) ────────────────
  ⚠  기준선은 당시 k6 threshold 미통과 실행입니다, 당시 Node 판정 FAIL.
     아래 증감률은 개선/악화 폭이며 현재 SLO 통과를 뜻하지 않습니다.
  ❌ P99 응답시간                   1.68s → 1.84s (+10.0%)
       1844 > 상한 1200

  ── 병목 가설 ─────────────────────────────────────────────────────
  • HTTP 요청당 쿼리 수 과다
    요청 1건당 평균 273.4개 쿼리가 실행됐다. N+1 패턴 가능성이 높다. (임계 warn 10 / fail 50)
  • Slow Query 다발
    요청 1000건당 147.5건의 slow query(>100ms, 총 769건). 인덱스 또는 쿼리 계획 점검 대상. (임계 warn 1 / fail 100)

  보고서 : reports\runs\normal-day-2026-08-26T00-31-58\report.html
  Grafana(전체 실행): http://localhost:3001/d/htd-perf-overview/highteenday-performance-overview?from=1787703587762&to=1787704438625
  Grafana(measure) : http://localhost:3001/d/htd-perf-overview/highteenday-performance-overview?from=1787703767762&to=1787704307762
══════════════════════════════════════════════════════════════════════════

  [4/5] p95 334.5ms · 평균 68.9ms · 서버측 66.9ms · 경로 2.0ms

──────── [5/5] 리셋 (restart) ────────

▶ k6 run scenarios/normal-day.js
  브랜치 personal/localdocs · 커밋 f915176eabd4 · 실행자 user@DESKTOP-DJJPASG
  환경 perf · "KI-27 Before — API 축 포함 CV 확정용 5회 (재시작) — repeatability 5/5"
  데이터셋 medium · 상태 sha256:96148c47f847 (160ms)
  캐시 cold (키 0개)
  guard strict — 상태 불일치 시 스냅샷 복원 후 재확인 [perf.config.json]
    guard=strict — 스냅샷으로 복원합니다.
▶ 복원 — medium-20260816-062210 → perf-mysql-data-medium
  앱·MySQL 정지
  MySQL 기동
  Redis FLUSHALL (복원 후 캐시는 cold 다)
  앱 기동
  복원 후 상태 지문 sha256:ffe696d17416 = 스냅샷 일치

✅ 복원 완료 · 소요 5.4초 (압축 해제 구간)

  부하 발생기: 컨테이너 perf-k6 (grafana/k6:2.1.0, CPU 상한 4)
  k6 지표 전송: http://prometheus:9090/api/v1/write (native histogram, 5s 간격)
  환경 대조 벤치 실행 중(3축 3회, 약 40초)... single 5682ms · parallel 5197ms · ctxswitch 2401ms
  부하 중 벤치 예약: k6 시작 +60초 (warmup 구간, 3회)

         /\      Grafana   /‾‾/  
    /\  /  \     |\  __   /  /   
   /  \/    \    | |/ /  /   ‾‾\ 
  /          \   |   (  |  (‾)  |
 / __________ \  |_|\_\  \_____/ 


     execution: local
        script: scenarios/normal-day.js
        output: Prometheus remote write (http://prometheus:9090/api/v1/write)

     scenarios: (100.00%) 1 scenario, 600 max VUs, 10m30s max duration (incl. graceful stop):
              * normal_day: Up to 4.00 iterations/s for 10m0s over 3 stages (maxVUs: 100-600, gracefulStop: 30s)


running (00m00.8s), 000/100 VUs, 0 complete and 0 interrupted iterations
normal_day   [   0% ] 000/100 VUs  00m00.8s/10m0s  0.11 iters/s

running (00m01.8s), 000/100 VUs, 0 complete and 0 interrupted iterations
normal_day   [   0% ] 000/100 VUs  00m01.8s/10m0s  0.11 iters/s

running (00m02.8s), 000/100 VUs, 0 complete and 0 interrupted iterations
normal_day   [   0% ] 000/100 VUs  00m02.8s/10m0s  0.11 iters/s

running (00m03.8s), 000/100 VUs, 0 complete and 0 interrupted iterations
normal_day   [   1% ] 000/100 VUs  00m03.8s/10m0s  0.11 iters/s

running (00m04.8s), 000/100 VUs, 0 complete and 0 interrupted iterations
normal_day   [   1% ] 000/100 VUs  00m04.8s/10m0s  0.11 iters/s

running (00m05.8s), 000/100 VUs, 0 complete and 0 interrupted iterations
normal_day   [   1% ] 000/100 VUs  00m05.8s/10m0s  0.11 iters/s

running (00m06.8s), 000/100 VUs, 0 complete and 0 interrupted iterations
normal_day   [   1% ] 000/100 VUs  00m06.8s/10m0s  0.11 iters/s

running (00m07.8s), 000/100 VUs, 0 complete and 0 interrupted iterations
normal_day   [   1% ] 000/100 VUs  00m07.8s/10m0s  0.11 iters/s

running (00m08.8s), 000/100 VUs, 0 complete and 0 interrupted iterations
normal_day   [   1% ] 000/100 VUs  00m08.8s/10m0s  0.11 iters/s

running (00m09.8s), 001/100 VUs, 0 complete and 0 interrupted iterations
normal_day   [   2% ] 001/100 VUs  00m09.8s/10m0s  0.25 iters/s

running (00m10.8s), 001/100 VUs, 0 complete and 0 interrupted iterations
normal_day   [   2% ] 001/100 VUs  00m10.8s/10m0s  0.25 iters/s

running (00m11.8s), 001/100 VUs, 0 complete and 0 interrupted iterations
normal_day   [   2% ] 001/100 VUs  00m11.8s/10m0s  0.25 iters/s

running (00m12.8s), 001/100 VUs, 0 complete and 0 interrupted iterations
normal_day   [   2% ] 001/100 VUs  00m12.8s/10m0s  0.25 iters/s

running (00m13.8s), 002/100 VUs, 0 complete and 0 interrupted iterations
normal_day   [   2% ] 002/100 VUs  00m13.8s/10m0s  0.33 iters/s

running (00m14.8s), 002/100 VUs, 0 complete and 0 interrupted iterations
normal_day   [   2% ] 002/100 VUs  00m14.8s/10m0s  0.33 iters/s

running (00m15.8s), 002/100 VUs, 0 complete and 0 interrupted iterations
normal_day   [   3% ] 002/100 VUs  00m15.8s/10m0s  0.33 iters/s

running (00m16.8s), 003/100 VUs, 0 complete and 0 interrupted iterations
normal_day   [   3% ] 003/100 VUs  00m16.8s/10m0s  0.39 iters/s

running (00m17.8s), 003/100 VUs, 0 complete and 0 interrupted iterations
normal_day   [   3% ] 003/100 VUs  00m17.8s/10m0s  0.39 iters/s

running (00m18.8s), 003/100 VUs, 0 complete and 0 interrupted iterations
normal_day   [   3% ] 003/100 VUs  00m18.8s/10m0s  0.39 iters/s

running (00m19.8s), 003/100 VUs, 1 complete and 0 interrupted iterations
normal_day   [   3% ] 003/100 VUs  00m19.8s/10m0s  0.45 iters/s

running (00m20.8s), 003/100 VUs, 1 complete and 0 interrupted iterations
normal_day   [   3% ] 003/100 VUs  00m20.8s/10m0s  0.45 iters/s

running (00m21.8s), 004/100 VUs, 1 complete and 0 interrupted iterations
normal_day   [   4% ] 004/100 VUs  00m21.8s/10m0s  0.49 iters/s

running (00m22.8s), 003/100 VUs, 2 complete and 0 interrupted iterations
normal_day   [   4% ] 003/100 VUs  00m22.8s/10m0s  0.49 iters/s

running (00m23.8s), 004/100 VUs, 2 complete and 0 interrupted iterations
normal_day   [   4% ] 004/100 VUs  00m23.8s/10m0s  0.54 iters/s

running (00m24.8s), 004/100 VUs, 2 complete and 0 interrupted iterations
normal_day   [   4% ] 004/100 VUs  00m24.8s/10m0s  0.54 iters/s

running (00m25.8s), 005/100 VUs, 2 complete and 0 interrupted iterations
normal_day   [   4% ] 005/100 VUs  00m25.8s/10m0s  0.58 iters/s

running (00m26.8s), 005/100 VUs, 2 complete and 0 interrupted iterations
normal_day   [   4% ] 005/100 VUs  00m26.8s/10m0s  0.58 iters/s

running (00m27.8s), 005/100 VUs, 3 complete and 0 interrupted iterations
normal_day   [   5% ] 005/100 VUs  00m27.8s/10m0s  0.61 iters/s

running (00m28.8s), 006/100 VUs, 3 complete and 0 interrupted iterations
normal_day   [   5% ] 006/100 VUs  00m28.8s/10m0s  0.65 iters/s

running (00m29.8s), 006/100 VUs, 3 complete and 0 interrupted iterations
normal_day   [   5% ] 006/100 VUs  00m29.8s/10m0s  0.65 iters/s

running (00m30.8s), 007/100 VUs, 3 complete and 0 interrupted iterations
normal_day   [   5% ] 007/100 VUs  00m30.8s/10m0s  0.68 iters/s

running (00m31.8s), 007/100 VUs, 4 complete and 0 interrupted iterations
normal_day   [   5% ] 007/100 VUs  00m31.8s/10m0s  0.71 iters/s

running (00m32.8s), 006/100 VUs, 5 complete and 0 interrupted iterations
normal_day   [   5% ] 006/100 VUs  00m32.8s/10m0s  0.71 iters/s

running (00m33.8s), 006/100 VUs, 6 complete and 0 interrupted iterations
normal_day   [   6% ] 006/100 VUs  00m33.8s/10m0s  0.75 iters/s

running (00m34.8s), 006/100 VUs, 7 complete and 0 interrupted iterations
normal_day   [   6% ] 006/100 VUs  00m34.8s/10m0s  0.77 iters/s

running (00m35.8s), 007/100 VUs, 7 complete and 0 interrupted iterations
normal_day   [   6% ] 007/100 VUs  00m35.8s/10m0s  0.80 iters/s

running (00m36.8s), 007/100 VUs, 8 complete and 0 interrupted iterations
normal_day   [   6% ] 007/100 VUs  00m36.8s/10m0s  0.83 iters/s

running (00m37.8s), 006/100 VUs, 9 complete and 0 interrupted iterations
normal_day   [   6% ] 006/100 VUs  00m37.8s/10m0s  0.83 iters/s

running (00m38.8s), 006/100 VUs, 10 complete and 0 interrupted iterations
normal_day   [   6% ] 006/100 VUs  00m38.8s/10m0s  0.86 iters/s

running (00m39.8s), 007/100 VUs, 10 complete and 0 interrupted iterations
normal_day   [   7% ] 007/100 VUs  00m39.8s/10m0s  0.88 iters/s

running (00m40.8s), 007/100 VUs, 11 complete and 0 interrupted iterations
normal_day   [   7% ] 007/100 VUs  00m40.8s/10m0s  0.91 iters/s

running (00m41.8s), 007/100 VUs, 12 complete and 0 interrupted iterations
normal_day   [   7% ] 007/100 VUs  00m41.8s/10m0s  0.93 iters/s

running (00m42.8s), 006/100 VUs, 14 complete and 0 interrupted iterations
normal_day   [   7% ] 006/100 VUs  00m42.8s/10m0s  0.95 iters/s

running (00m43.8s), 006/100 VUs, 15 complete and 0 interrupted iterations
normal_day   [   7% ] 006/100 VUs  00m43.8s/10m0s  0.98 iters/s

running (00m44.8s), 007/100 VUs, 15 complete and 0 interrupted iterations
normal_day   [   7% ] 007/100 VUs  00m44.8s/10m0s  1.00 iters/s

running (00m45.8s), 007/100 VUs, 16 complete and 0 interrupted iterations
normal_day   [   8% ] 007/100 VUs  00m45.8s/10m0s  1.02 iters/s

running (00m46.8s), 008/100 VUs, 16 complete and 0 interrupted iterations
normal_day   [   8% ] 008/100 VUs  00m46.8s/10m0s  1.04 iters/s

running (00m47.8s), 009/100 VUs, 16 complete and 0 interrupted iterations
normal_day   [   8% ] 009/100 VUs  00m47.8s/10m0s  1.06 iters/s

running (00m48.8s), 009/100 VUs, 17 complete and 0 interrupted iterations
normal_day   [   8% ] 009/100 VUs  00m48.8s/10m0s  1.09 iters/s

running (00m49.8s), 009/100 VUs, 18 complete and 0 interrupted iterations
normal_day   [   8% ] 009/100 VUs  00m49.8s/10m0s  1.11 iters/s

running (00m50.8s), 008/100 VUs, 20 complete and 0 interrupted iterations
normal_day   [   8% ] 008/100 VUs  00m50.8s/10m0s  1.13 iters/s

running (00m51.8s), 008/100 VUs, 21 complete and 0 interrupted iterations
normal_day   [   9% ] 008/100 VUs  00m51.8s/10m0s  1.14 iters/s

running (00m52.8s), 010/100 VUs, 21 complete and 0 interrupted iterations
normal_day   [   9% ] 010/100 VUs  00m52.8s/10m0s  1.18 iters/s

running (00m53.8s), 010/100 VUs, 22 complete and 0 interrupted iterations
normal_day   [   9% ] 010/100 VUs  00m53.8s/10m0s  1.20 iters/s

running (00m54.8s), 010/100 VUs, 23 complete and 0 interrupted iterations
normal_day   [   9% ] 010/100 VUs  00m54.8s/10m0s  1.22 iters/s

running (00m55.8s), 008/100 VUs, 26 complete and 0 interrupted iterations
normal_day   [   9% ] 008/100 VUs  00m55.8s/10m0s  1.24 iters/s

running (00m56.8s), 009/100 VUs, 26 complete and 0 interrupted iterations
normal_day   [   9% ] 009/100 VUs  00m56.8s/10m0s  1.26 iters/s

running (00m57.8s), 010/100 VUs, 27 complete and 0 interrupted iterations
normal_day   [  10% ] 010/100 VUs  00m57.8s/10m0s  1.29 iters/s

running (00m58.8s), 010/100 VUs, 28 complete and 0 interrupted iterations
normal_day   [  10% ] 010/100 VUs  00m58.8s/10m0s  1.31 iters/s

running (00m59.8s), 008/100 VUs, 31 complete and 0 interrupted iterations
normal_day   [  10% ] 008/100 VUs  00m59.8s/10m0s  1.32 iters/s

running (01m00.8s), 009/100 VUs, 32 complete and 0 interrupted iterations
normal_day   [  10% ] 009/100 VUs  01m00.8s/10m0s  1.36 iters/s

running (01m01.8s), 010/100 VUs, 32 complete and 0 interrupted iterations
normal_day   [  10% ] 010/100 VUs  01m01.8s/10m0s  1.37 iters/s

running (01m02.8s), 011/100 VUs, 32 complete and 0 interrupted iterations
normal_day   [  10% ] 011/100 VUs  01m02.8s/10m0s  1.39 iters/s

running (01m03.8s), 013/100 VUs, 32 complete and 0 interrupted iterations
normal_day   [  11% ] 013/100 VUs  01m03.8s/10m0s  1.42 iters/s

running (01m04.8s), 012/100 VUs, 34 complete and 0 interrupted iterations
normal_day   [  11% ] 012/100 VUs  01m04.8s/10m0s  1.44 iters/s

running (01m05.8s), 013/100 VUs, 35 complete and 0 interrupted iterations
normal_day   [  11% ] 013/100 VUs  01m05.8s/10m0s  1.47 iters/s

running (01m06.8s), 014/100 VUs, 35 complete and 0 interrupted iterations
normal_day   [  11% ] 014/100 VUs  01m06.8s/10m0s  1.48 iters/s

running (01m07.8s), 016/100 VUs, 35 complete and 0 interrupted iterations
normal_day   [  11% ] 016/100 VUs  01m07.8s/10m0s  1.51 iters/s

running (01m08.8s), 015/100 VUs, 37 complete and 0 interrupted iterations
normal_day   [  11% ] 015/100 VUs  01m08.8s/10m0s  1.53 iters/s

running (01m09.8s), 016/100 VUs, 38 complete and 0 interrupted iterations
normal_day   [  12% ] 016/100 VUs  01m09.8s/10m0s  1.56 iters/s

running (01m10.8s), 015/100 VUs, 40 complete and 0 interrupted iterations
normal_day   [  12% ] 015/100 VUs  01m10.8s/10m0s  1.57 iters/s

running (01m11.8s), 017/100 VUs, 40 complete and 0 interrupted iterations
normal_day   [  12% ] 017/100 VUs  01m11.8s/10m0s  1.60 iters/s

running (01m12.8s), 018/100 VUs, 40 complete and 0 interrupted iterations
normal_day   [  12% ] 018/100 VUs  01m12.8s/10m0s  1.61 iters/s

running (01m13.8s), 015/100 VUs, 45 complete and 0 interrupted iterations
normal_day   [  12% ] 015/100 VUs  01m13.8s/10m0s  1.64 iters/s

running (01m14.8s), 015/100 VUs, 47 complete and 0 interrupted iterations
normal_day   [  12% ] 015/100 VUs  01m14.8s/10m0s  1.67 iters/s

running (01m15.8s), 016/100 VUs, 47 complete and 0 interrupted iterations
normal_day   [  13% ] 016/100 VUs  01m15.8s/10m0s  1.68 iters/s

running (01m16.8s), 017/100 VUs, 48 complete and 0 interrupted iterations
normal_day   [  13% ] 017/100 VUs  01m16.8s/10m0s  1.71 iters/s

running (01m17.8s), 016/100 VUs, 51 complete and 0 interrupted iterations
normal_day   [  13% ] 016/100 VUs  01m17.8s/10m0s  1.73 iters/s

running (01m18.8s), 017/100 VUs, 52 complete and 0 interrupted iterations
normal_day   [  13% ] 017/100 VUs  01m18.8s/10m0s  1.76 iters/s

running (01m19.8s), 015/100 VUs, 55 complete and 0 interrupted iterations
normal_day   [  13% ] 015/100 VUs  01m19.8s/10m0s  1.77 iters/s

running (01m20.8s), 014/100 VUs, 58 complete and 0 interrupted iterations
normal_day   [  13% ] 014/100 VUs  01m20.8s/10m0s  1.80 iters/s

running (01m21.8s), 016/100 VUs, 58 complete and 0 interrupted iterations
normal_day   [  14% ] 016/100 VUs  01m21.8s/10m0s  1.82 iters/s

running (01m22.8s), 017/100 VUs, 59 complete and 0 interrupted iterations
normal_day   [  14% ] 017/100 VUs  01m22.8s/10m0s  1.84 iters/s

running (01m23.8s), 018/100 VUs, 60 complete and 0 interrupted iterations
normal_day   [  14% ] 018/100 VUs  01m23.8s/10m0s  1.87 iters/s

running (01m24.8s), 019/100 VUs, 60 complete and 0 interrupted iterations
normal_day   [  14% ] 019/100 VUs  01m24.8s/10m0s  1.88 iters/s

running (01m25.8s), 021/100 VUs, 60 complete and 0 interrupted iterations
normal_day   [  14% ] 021/100 VUs  01m25.8s/10m0s  1.90 iters/s

running (01m26.8s), 020/100 VUs, 63 complete and 0 interrupted iterations
normal_day   [  14% ] 020/100 VUs  01m26.8s/10m0s  1.93 iters/s

running (01m27.8s), 020/100 VUs, 65 complete and 0 interrupted iterations
normal_day   [  15% ] 020/100 VUs  01m27.8s/10m0s  1.95 iters/s

running (01m28.8s), 019/100 VUs, 68 complete and 0 interrupted iterations
normal_day   [  15% ] 019/100 VUs  01m28.8s/10m0s  1.97 iters/s

running (01m29.8s), 020/100 VUs, 69 complete and 0 interrupted iterations
normal_day   [  15% ] 020/100 VUs  01m29.8s/10m0s  1.99 iters/s

running (01m30.8s), 021/100 VUs, 70 complete and 0 interrupted iterations
normal_day   [  15% ] 021/100 VUs  01m30.8s/10m0s  2.02 iters/s

running (01m31.8s), 017/100 VUs, 76 complete and 0 interrupted iterations
normal_day   [  15% ] 017/100 VUs  01m31.8s/10m0s  2.04 iters/s

running (01m32.8s), 017/100 VUs, 78 complete and 0 interrupted iterations
normal_day   [  15% ] 017/100 VUs  01m32.8s/10m0s  2.06 iters/s

running (01m33.8s), 019/100 VUs, 78 complete and 0 interrupted iterations
normal_day   [  16% ] 019/100 VUs  01m33.8s/10m0s  2.08 iters/s

running (01m34.8s), 019/100 VUs, 80 complete and 0 interrupted iterations
normal_day   [  16% ] 019/100 VUs  01m34.8s/10m0s  2.10 iters/s

running (01m35.8s), 020/100 VUs, 82 complete and 0 interrupted iterations
normal_day   [  16% ] 020/100 VUs  01m35.8s/10m0s  2.13 iters/s

running (01m36.8s), 020/100 VUs, 84 complete and 0 interrupted iterations
normal_day   [  16% ] 020/100 VUs  01m36.8s/10m0s  2.16 iters/s

running (01m37.8s), 021/100 VUs, 85 complete and 0 interrupted iterations
normal_day   [  16% ] 021/100 VUs  01m37.8s/10m0s  2.18 iters/s

running (01m38.8s), 022/100 VUs, 86 complete and 0 interrupted iterations
normal_day   [  16% ] 022/100 VUs  01m38.8s/10m0s  2.20 iters/s

running (01m39.8s), 019/100 VUs, 91 complete and 0 interrupted iterations
normal_day   [  17% ] 019/100 VUs  01m39.8s/10m0s  2.22 iters/s

running (01m40.8s), 019/100 VUs, 93 complete and 0 interrupted iterations
normal_day   [  17% ] 019/100 VUs  01m40.8s/10m0s  2.24 iters/s

running (01m41.8s), 022/100 VUs, 93 complete and 0 interrupted iterations
normal_day   [  17% ] 022/100 VUs  01m41.8s/10m0s  2.27 iters/s

running (01m42.8s), 022/100 VUs, 95 complete and 0 interrupted iterations
normal_day   [  17% ] 022/100 VUs  01m42.8s/10m0s  2.29 iters/s

running (01m43.8s), 021/100 VUs, 98 complete and 0 interrupted iterations
normal_day   [  17% ] 021/100 VUs  01m43.8s/10m0s  2.30 iters/s

running (01m44.8s), 024/100 VUs, 98 complete and 0 interrupted iterations
normal_day   [  17% ] 024/100 VUs  01m44.8s/10m0s  2.33 iters/s

running (01m45.8s), 025/100 VUs, 99 complete and 0 interrupted iterations
normal_day   [  18% ] 025/100 VUs  01m45.8s/10m0s  2.35 iters/s

running (01m46.8s), 025/100 VUs, 101 complete and 0 interrupted iterations
normal_day   [  18% ] 025/100 VUs  01m46.8s/10m0s  2.37 iters/s

running (01m47.8s), 025/100 VUs, 104 complete and 0 interrupted iterations
normal_day   [  18% ] 025/100 VUs  01m47.8s/10m0s  2.40 iters/s

running (01m48.8s), 026/100 VUs, 105 complete and 0 interrupted iterations
normal_day   [  18% ] 026/100 VUs  01m48.8s/10m0s  2.42 iters/s

running (01m49.8s), 028/100 VUs, 106 complete and 0 interrupted iterations
normal_day   [  18% ] 028/100 VUs  01m49.8s/10m0s  2.44 iters/s

running (01m50.8s), 029/100 VUs, 107 complete and 0 interrupted iterations
normal_day   [  18% ] 029/100 VUs  01m50.8s/10m0s  2.46 iters/s

running (01m51.8s), 029/100 VUs, 109 complete and 0 interrupted iterations
normal_day   [  19% ] 029/100 VUs  01m51.8s/10m0s  2.48 iters/s

running (01m52.8s), 027/100 VUs, 114 complete and 0 interrupted iterations
normal_day   [  19% ] 027/100 VUs  01m52.8s/10m0s  2.51 iters/s

running (01m53.8s), 026/100 VUs, 117 complete and 0 interrupted iterations
normal_day   [  19% ] 026/100 VUs  01m53.8s/10m0s  2.53 iters/s

running (01m54.8s), 025/100 VUs, 121 complete and 0 interrupted iterations
normal_day   [  19% ] 025/100 VUs  01m54.8s/10m0s  2.55 iters/s

running (01m55.8s), 027/100 VUs, 122 complete and 0 interrupted iterations
normal_day   [  19% ] 027/100 VUs  01m55.8s/10m0s  2.58 iters/s

running (01m56.8s), 024/100 VUs, 127 complete and 0 interrupted iterations
normal_day   [  19% ] 024/100 VUs  01m56.8s/10m0s  2.59 iters/s

running (01m57.8s), 024/100 VUs, 130 complete and 0 interrupted iterations
normal_day   [  20% ] 024/100 VUs  01m57.8s/10m0s  2.62 iters/s

running (01m58.8s), 022/100 VUs, 134 complete and 0 interrupted iterations
normal_day   [  20% ] 022/100 VUs  01m58.8s/10m0s  2.64 iters/s

running (01m59.8s), 021/100 VUs, 138 complete and 0 interrupted iterations
normal_day   [  20% ] 021/100 VUs  01m59.8s/10m0s  2.66 iters/s

running (02m00.8s), 021/100 VUs, 141 complete and 0 interrupted iterations
normal_day   [  20% ] 021/100 VUs  02m00.8s/10m0s  2.69 iters/s

running (02m01.8s), 020/100 VUs, 144 complete and 0 interrupted iterations
normal_day   [  20% ] 020/100 VUs  02m01.8s/10m0s  2.70 iters/s

running (02m02.8s), 019/100 VUs, 148 complete and 0 interrupted iterations
normal_day   [  20% ] 019/100 VUs  02m02.8s/10m0s  2.73 iters/s

running (02m03.8s), 019/100 VUs, 151 complete and 0 interrupted iterations
normal_day   [  21% ] 019/100 VUs  02m03.8s/10m0s  2.75 iters/s

running (02m04.8s), 020/100 VUs, 153 complete and 0 interrupted iterations
normal_day   [  21% ] 020/100 VUs  02m04.8s/10m0s  2.78 iters/s

running (02m05.8s), 020/100 VUs, 155 complete and 0 interrupted iterations
normal_day   [  21% ] 020/100 VUs  02m05.8s/10m0s  2.79 iters/s

running (02m06.8s), 020/100 VUs, 158 complete and 0 interrupted iterations
normal_day   [  21% ] 020/100 VUs  02m06.8s/10m0s  2.82 iters/s

running (02m07.8s), 019/100 VUs, 162 complete and 0 interrupted iterations
normal_day   [  21% ] 019/100 VUs  02m07.8s/10m0s  2.84 iters/s

running (02m08.8s), 021/100 VUs, 163 complete and 0 interrupted iterations
normal_day   [  21% ] 021/100 VUs  02m08.8s/10m0s  2.86 iters/s

running (02m09.8s), 023/100 VUs, 164 complete and 0 interrupted iterations
normal_day   [  22% ] 023/100 VUs  02m09.8s/10m0s  2.89 iters/s

running (02m10.8s), 023/100 VUs, 167 complete and 0 interrupted iterations
normal_day   [  22% ] 023/100 VUs  02m10.8s/10m0s  2.91 iters/s

running (02m11.8s), 023/100 VUs, 170 complete and 0 interrupted iterations
normal_day   [  22% ] 023/100 VUs  02m11.8s/10m0s  2.93 iters/s

running (02m12.8s), 023/100 VUs, 173 complete and 0 interrupted iterations
normal_day   [  22% ] 023/100 VUs  02m12.8s/10m0s  2.96 iters/s

running (02m13.8s), 024/100 VUs, 174 complete and 0 interrupted iterations
normal_day   [  22% ] 024/100 VUs  02m13.8s/10m0s  2.97 iters/s

running (02m14.8s), 026/100 VUs, 175 complete and 0 interrupted iterations
normal_day   [  22% ] 026/100 VUs  02m14.8s/10m0s  2.99 iters/s

running (02m15.8s), 025/100 VUs, 179 complete and 0 interrupted iterations
normal_day   [  23% ] 025/100 VUs  02m15.8s/10m0s  3.01 iters/s

running (02m16.8s), 026/100 VUs, 182 complete and 0 interrupted iterations
normal_day   [  23% ] 026/100 VUs  02m16.8s/10m0s  3.04 iters/s

running (02m17.8s), 027/100 VUs, 184 complete and 0 interrupted iterations
normal_day   [  23% ] 027/100 VUs  02m17.8s/10m0s  3.07 iters/s

running (02m18.8s), 030/100 VUs, 184 complete and 0 interrupted iterations
normal_day   [  23% ] 030/100 VUs  02m18.8s/10m0s  3.09 iters/s

running (02m19.8s), 033/100 VUs, 184 complete and 0 interrupted iterations
normal_day   [  23% ] 033/100 VUs  02m19.8s/10m0s  3.11 iters/s

running (02m20.8s), 031/100 VUs, 189 complete and 0 interrupted iterations
normal_day   [  23% ] 031/100 VUs  02m20.8s/10m0s  3.13 iters/s

running (02m21.8s), 030/100 VUs, 193 complete and 0 interrupted iterations
normal_day   [  24% ] 030/100 VUs  02m21.8s/10m0s  3.15 iters/s

running (02m22.8s), 031/100 VUs, 195 complete and 0 interrupted iterations
normal_day   [  24% ] 031/100 VUs  02m22.8s/10m0s  3.17 iters/s

running (02m23.8s), 032/100 VUs, 197 complete and 0 interrupted iterations
normal_day   [  24% ] 032/100 VUs  02m23.8s/10m0s  3.19 iters/s

running (02m24.8s), 035/100 VUs, 198 complete and 0 interrupted iterations
normal_day   [  24% ] 035/100 VUs  02m24.8s/10m0s  3.22 iters/s

running (02m25.8s), 035/100 VUs, 201 complete and 0 interrupted iterations
normal_day   [  24% ] 035/100 VUs  02m25.8s/10m0s  3.24 iters/s

running (02m26.8s), 034/100 VUs, 205 complete and 0 interrupted iterations
normal_day   [  24% ] 034/100 VUs  02m26.8s/10m0s  3.26 iters/s

running (02m27.8s), 034/100 VUs, 208 complete and 0 interrupted iterations
normal_day   [  25% ] 034/100 VUs  02m27.8s/10m0s  3.28 iters/s

running (02m28.8s), 036/100 VUs, 210 complete and 0 interrupted iterations
normal_day   [  25% ] 036/100 VUs  02m28.8s/10m0s  3.31 iters/s

running (02m29.8s), 039/100 VUs, 210 complete and 0 interrupted iterations
normal_day   [  25% ] 039/100 VUs  02m29.8s/10m0s  3.33 iters/s

running (02m30.8s), 038/100 VUs, 214 complete and 0 interrupted iterations
normal_day   [  25% ] 038/100 VUs  02m30.8s/10m0s  3.35 iters/s

running (02m31.8s), 037/100 VUs, 219 complete and 0 interrupted iterations
normal_day   [  25% ] 037/100 VUs  02m31.8s/10m0s  3.38 iters/s

running (02m32.8s), 032/100 VUs, 227 complete and 0 interrupted iterations
normal_day   [  25% ] 032/100 VUs  02m32.8s/10m0s  3.40 iters/s

running (02m33.8s), 034/100 VUs, 228 complete and 0 interrupted iterations
normal_day   [  26% ] 034/100 VUs  02m33.8s/10m0s  3.42 iters/s

running (02m34.8s), 035/100 VUs, 231 complete and 0 interrupted iterations
normal_day   [  26% ] 035/100 VUs  02m34.8s/10m0s  3.44 iters/s

running (02m35.8s), 035/100 VUs, 234 complete and 0 interrupted iterations
normal_day   [  26% ] 035/100 VUs  02m35.8s/10m0s  3.46 iters/s

running (02m36.8s), 036/100 VUs, 237 complete and 0 interrupted iterations
normal_day   [  26% ] 036/100 VUs  02m36.8s/10m0s  3.49 iters/s

running (02m37.8s), 034/100 VUs, 242 complete and 0 interrupted iterations
normal_day   [  26% ] 034/100 VUs  02m37.8s/10m0s  3.51 iters/s

running (02m38.8s), 036/100 VUs, 244 complete and 0 interrupted iterations
normal_day   [  26% ] 036/100 VUs  02m38.8s/10m0s  3.53 iters/s

running (02m39.8s), 033/100 VUs, 250 complete and 0 interrupted iterations
normal_day   [  27% ] 033/100 VUs  02m39.8s/10m0s  3.55 iters/s

running (02m40.8s), 037/100 VUs, 250 complete and 0 interrupted iterations
normal_day   [  27% ] 037/100 VUs  02m40.8s/10m0s  3.57 iters/s

running (02m41.8s), 037/100 VUs, 253 complete and 0 interrupted iterations
normal_day   [  27% ] 037/100 VUs  02m41.8s/10m0s  3.59 iters/s

running (02m42.8s), 038/100 VUs, 256 complete and 0 interrupted iterations
normal_day   [  27% ] 038/100 VUs  02m42.8s/10m0s  3.62 iters/s

running (02m43.8s), 037/100 VUs, 261 complete and 0 interrupted iterations
normal_day   [  27% ] 037/100 VUs  02m43.8s/10m0s  3.64 iters/s

running (02m44.8s), 039/100 VUs, 262 complete and 0 interrupted iterations
normal_day   [  27% ] 039/100 VUs  02m44.8s/10m0s  3.66 iters/s

running (02m45.8s), 040/100 VUs, 265 complete and 0 interrupted iterations
normal_day   [  28% ] 040/100 VUs  02m45.8s/10m0s  3.68 iters/s

running (02m46.8s), 040/100 VUs, 269 complete and 0 interrupted iterations
normal_day   [  28% ] 040/100 VUs  02m46.8s/10m0s  3.71 iters/s

running (02m49.0s), 035/100 VUs, 277 complete and 0 interrupted iterations
normal_day   [  28% ] 035/100 VUs  02m49.0s/10m0s  3.73 iters/s

running (02m49.0s), 035/100 VUs, 277 complete and 0 interrupted iterations
normal_day   [  28% ] 035/100 VUs  02m49.0s/10m0s  3.73 iters/s

running (02m50.0s), 031/100 VUs, 282 complete and 0 interrupted iterations
normal_day   [  28% ] 031/100 VUs  02m50.0s/10m0s  3.73 iters/s

running (02m50.8s), 040/100 VUs, 284 complete and 0 interrupted iterations
normal_day   [  28% ] 040/100 VUs  02m50.8s/10m0s  3.80 iters/s

running (02m51.8s), 043/100 VUs, 285 complete and 0 interrupted iterations
normal_day   [  29% ] 043/100 VUs  02m51.8s/10m0s  3.82 iters/s

running (02m52.8s), 044/100 VUs, 287 complete and 0 interrupted iterations
normal_day   [  29% ] 044/100 VUs  02m52.8s/10m0s  3.84 iters/s

running (02m53.8s), 043/100 VUs, 292 complete and 0 interrupted iterations
normal_day   [  29% ] 043/100 VUs  02m53.8s/10m0s  3.86 iters/s

running (02m54.8s), 041/100 VUs, 298 complete and 0 interrupted iterations
normal_day   [  29% ] 041/100 VUs  02m54.8s/10m0s  3.88 iters/s

running (02m55.8s), 042/100 VUs, 301 complete and 0 interrupted iterations
normal_day   [  29% ] 042/100 VUs  02m55.8s/10m0s  3.91 iters/s

running (02m56.8s), 046/100 VUs, 301 complete and 0 interrupted iterations
normal_day   [  29% ] 046/100 VUs  02m56.8s/10m0s  3.93 iters/s

running (02m57.8s), 047/100 VUs, 304 complete and 0 interrupted iterations
normal_day   [  30% ] 047/100 VUs  02m57.8s/10m0s  3.95 iters/s

running (02m58.8s), 044/100 VUs, 311 complete and 0 interrupted iterations
normal_day   [  30% ] 044/100 VUs  02m58.8s/10m0s  3.97 iters/s

running (02m59.8s), 045/100 VUs, 314 complete and 0 interrupted iterations
normal_day   [  30% ] 045/100 VUs  02m59.8s/10m0s  4.00 iters/s

running (03m00.8s), 046/100 VUs, 317 complete and 0 interrupted iterations
normal_day   [  30% ] 046/100 VUs  03m00.8s/10m0s  4.00 iters/s

running (03m01.8s), 046/100 VUs, 321 complete and 0 interrupted iterations
normal_day   [  30% ] 046/100 VUs  03m01.8s/10m0s  4.00 iters/s

running (03m02.8s), 047/100 VUs, 324 complete and 0 interrupted iterations
normal_day   [  30% ] 047/100 VUs  03m02.8s/10m0s  4.00 iters/s

running (03m03.8s), 044/100 VUs, 331 complete and 0 interrupted iterations
normal_day   [  31% ] 044/100 VUs  03m03.8s/10m0s  4.00 iters/s

running (03m04.8s), 043/100 VUs, 336 complete and 0 interrupted iterations
normal_day   [  31% ] 043/100 VUs  03m04.8s/10m0s  4.00 iters/s

running (03m05.8s), 041/100 VUs, 342 complete and 0 interrupted iterations
normal_day   [  31% ] 041/100 VUs  03m05.8s/10m0s  4.00 iters/s

running (03m06.8s), 042/100 VUs, 345 complete and 0 interrupted iterations
normal_day   [  31% ] 042/100 VUs  03m06.8s/10m0s  4.00 iters/s

running (03m07.8s), 043/100 VUs, 348 complete and 0 interrupted iterations
normal_day   [  31% ] 043/100 VUs  03m07.8s/10m0s  4.00 iters/s

running (03m08.8s), 043/100 VUs, 352 complete and 0 interrupted iterations
normal_day   [  31% ] 043/100 VUs  03m08.8s/10m0s  4.00 iters/s

running (03m09.8s), 041/100 VUs, 358 complete and 0 interrupted iterations
normal_day   [  32% ] 041/100 VUs  03m09.8s/10m0s  4.00 iters/s

running (03m10.8s), 038/100 VUs, 365 complete and 0 interrupted iterations
normal_day   [  32% ] 038/100 VUs  03m10.8s/10m0s  4.00 iters/s

running (03m11.8s), 040/100 VUs, 367 complete and 0 interrupted iterations
normal_day   [  32% ] 040/100 VUs  03m11.8s/10m0s  4.00 iters/s

running (03m12.8s), 040/100 VUs, 371 complete and 0 interrupted iterations
normal_day   [  32% ] 040/100 VUs  03m12.8s/10m0s  4.00 iters/s

running (03m13.8s), 041/100 VUs, 374 complete and 0 interrupted iterations
normal_day   [  32% ] 041/100 VUs  03m13.8s/10m0s  4.00 iters/s

running (03m14.8s), 038/100 VUs, 381 complete and 0 interrupted iterations
normal_day   [  32% ] 038/100 VUs  03m14.8s/10m0s  4.00 iters/s

running (03m15.8s), 039/100 VUs, 384 complete and 0 interrupted iterations
normal_day   [  33% ] 039/100 VUs  03m15.8s/10m0s  4.00 iters/s

running (03m16.8s), 040/100 VUs, 387 complete and 0 interrupted iterations
normal_day   [  33% ] 040/100 VUs  03m16.8s/10m0s  4.00 iters/s

running (03m17.8s), 041/100 VUs, 390 complete and 0 interrupted iterations
normal_day   [  33% ] 041/100 VUs  03m17.8s/10m0s  4.00 iters/s

running (03m18.8s), 041/100 VUs, 394 complete and 0 interrupted iterations
normal_day   [  33% ] 041/100 VUs  03m18.8s/10m0s  4.00 iters/s

running (03m19.8s), 038/100 VUs, 401 complete and 0 interrupted iterations
normal_day   [  33% ] 038/100 VUs  03m19.8s/10m0s  4.00 iters/s

running (03m20.8s), 041/100 VUs, 402 complete and 0 interrupted iterations
normal_day   [  33% ] 041/100 VUs  03m20.8s/10m0s  4.00 iters/s

running (03m21.8s), 041/100 VUs, 406 complete and 0 interrupted iterations
normal_day   [  34% ] 041/100 VUs  03m21.8s/10m0s  4.00 iters/s

running (03m22.8s), 041/100 VUs, 410 complete and 0 interrupted iterations
normal_day   [  34% ] 041/100 VUs  03m22.8s/10m0s  4.00 iters/s

running (03m23.8s), 043/100 VUs, 412 complete and 0 interrupted iterations
normal_day   [  34% ] 043/100 VUs  03m23.8s/10m0s  4.00 iters/s

running (03m24.8s), 039/100 VUs, 420 complete and 0 interrupted iterations
normal_day   [  34% ] 039/100 VUs  03m24.8s/10m0s  4.00 iters/s

running (03m25.8s), 041/100 VUs, 422 complete and 0 interrupted iterations
normal_day   [  34% ] 041/100 VUs  03m25.8s/10m0s  4.00 iters/s

running (03m26.8s), 039/100 VUs, 428 complete and 0 interrupted iterations
normal_day   [  34% ] 039/100 VUs  03m26.8s/10m0s  4.00 iters/s

running (03m27.8s), 039/100 VUs, 432 complete and 0 interrupted iterations
normal_day   [  35% ] 039/100 VUs  03m27.8s/10m0s  4.00 iters/s

running (03m28.8s), 039/100 VUs, 436 complete and 0 interrupted iterations
normal_day   [  35% ] 039/100 VUs  03m28.8s/10m0s  4.00 iters/s

running (03m29.8s), 037/100 VUs, 442 complete and 0 interrupted iterations
normal_day   [  35% ] 037/100 VUs  03m29.8s/10m0s  4.00 iters/s

running (03m30.8s), 036/100 VUs, 447 complete and 0 interrupted iterations
normal_day   [  35% ] 036/100 VUs  03m30.8s/10m0s  4.00 iters/s

running (03m31.8s), 036/100 VUs, 451 complete and 0 interrupted iterations
normal_day   [  35% ] 036/100 VUs  03m31.8s/10m0s  4.00 iters/s

running (03m32.8s), 036/100 VUs, 455 complete and 0 interrupted iterations
normal_day   [  35% ] 036/100 VUs  03m32.8s/10m0s  4.00 iters/s

running (03m33.8s), 038/100 VUs, 457 complete and 0 interrupted iterations
normal_day   [  36% ] 038/100 VUs  03m33.8s/10m0s  4.00 iters/s

running (03m34.8s), 036/100 VUs, 463 complete and 0 interrupted iterations
normal_day   [  36% ] 036/100 VUs  03m34.8s/10m0s  4.00 iters/s

running (03m35.8s), 035/100 VUs, 468 complete and 0 interrupted iterations
normal_day   [  36% ] 035/100 VUs  03m35.8s/10m0s  4.00 iters/s

running (03m36.8s), 036/100 VUs, 471 complete and 0 interrupted iterations
normal_day   [  36% ] 036/100 VUs  03m36.8s/10m0s  4.00 iters/s

running (03m37.8s), 035/100 VUs, 476 complete and 0 interrupted iterations
normal_day   [  36% ] 035/100 VUs  03m37.8s/10m0s  4.00 iters/s

running (03m38.8s), 035/100 VUs, 480 complete and 0 interrupted iterations
normal_day   [  36% ] 035/100 VUs  03m38.8s/10m0s  4.00 iters/s

running (03m39.8s), 036/100 VUs, 483 complete and 0 interrupted iterations
normal_day   [  37% ] 036/100 VUs  03m39.8s/10m0s  4.00 iters/s

running (03m40.8s), 034/100 VUs, 489 complete and 0 interrupted iterations
normal_day   [  37% ] 034/100 VUs  03m40.8s/10m0s  4.00 iters/s

running (03m41.8s), 037/100 VUs, 490 complete and 0 interrupted iterations
normal_day   [  37% ] 037/100 VUs  03m41.8s/10m0s  4.00 iters/s

running (03m42.8s), 035/100 VUs, 496 complete and 0 interrupted iterations
normal_day   [  37% ] 035/100 VUs  03m42.8s/10m0s  4.00 iters/s

running (03m43.8s), 032/100 VUs, 503 complete and 0 interrupted iterations
normal_day   [  37% ] 032/100 VUs  03m43.8s/10m0s  4.00 iters/s

running (03m44.8s), 034/100 VUs, 505 complete and 0 interrupted iterations
normal_day   [  37% ] 034/100 VUs  03m44.8s/10m0s  4.00 iters/s

running (03m45.8s), 034/100 VUs, 509 complete and 0 interrupted iterations
normal_day   [  38% ] 034/100 VUs  03m45.8s/10m0s  4.00 iters/s

running (03m46.8s), 037/100 VUs, 510 complete and 0 interrupted iterations
normal_day   [  38% ] 037/100 VUs  03m46.8s/10m0s  4.00 iters/s

running (03m47.8s), 036/100 VUs, 515 complete and 0 interrupted iterations
normal_day   [  38% ] 036/100 VUs  03m47.8s/10m0s  4.00 iters/s

running (03m48.8s), 036/100 VUs, 519 complete and 0 interrupted iterations
normal_day   [  38% ] 036/100 VUs  03m48.8s/10m0s  4.00 iters/s

running (03m49.8s), 037/100 VUs, 522 complete and 0 interrupted iterations
normal_day   [  38% ] 037/100 VUs  03m49.8s/10m0s  4.00 iters/s

running (03m50.8s), 038/100 VUs, 525 complete and 0 interrupted iterations
normal_day   [  38% ] 038/100 VUs  03m50.8s/10m0s  4.00 iters/s

running (03m51.8s), 037/100 VUs, 530 complete and 0 interrupted iterations
normal_day   [  39% ] 037/100 VUs  03m51.8s/10m0s  4.00 iters/s

running (03m52.8s), 041/100 VUs, 530 complete and 0 interrupted iterations
normal_day   [  39% ] 041/100 VUs  03m52.8s/10m0s  4.00 iters/s

running (03m53.8s), 040/100 VUs, 535 complete and 0 interrupted iterations
normal_day   [  39% ] 040/100 VUs  03m53.8s/10m0s  4.00 iters/s

running (03m54.8s), 036/100 VUs, 543 complete and 0 interrupted iterations
normal_day   [  39% ] 036/100 VUs  03m54.8s/10m0s  4.00 iters/s

running (03m55.8s), 038/100 VUs, 545 complete and 0 interrupted iterations
normal_day   [  39% ] 038/100 VUs  03m55.8s/10m0s  4.00 iters/s

running (03m56.8s), 038/100 VUs, 549 complete and 0 interrupted iterations
normal_day   [  39% ] 038/100 VUs  03m56.8s/10m0s  4.00 iters/s

running (03m57.8s), 038/100 VUs, 553 complete and 0 interrupted iterations
normal_day   [  40% ] 038/100 VUs  03m57.8s/10m0s  4.00 iters/s

running (03m58.8s), 039/100 VUs, 556 complete and 0 interrupted iterations
normal_day   [  40% ] 039/100 VUs  03m58.8s/10m0s  4.00 iters/s

running (03m59.8s), 036/100 VUs, 563 complete and 0 interrupted iterations
normal_day   [  40% ] 036/100 VUs  03m59.8s/10m0s  4.00 iters/s

running (04m00.8s), 039/100 VUs, 564 complete and 0 interrupted iterations
normal_day   [  40% ] 039/100 VUs  04m00.8s/10m0s  4.00 iters/s

running (04m01.8s), 038/100 VUs, 569 complete and 0 interrupted iterations
normal_day   [  40% ] 038/100 VUs  04m01.8s/10m0s  4.00 iters/s

running (04m02.8s), 038/100 VUs, 573 complete and 0 interrupted iterations
normal_day   [  40% ] 038/100 VUs  04m02.8s/10m0s  4.00 iters/s

running (04m03.8s), 038/100 VUs, 577 complete and 0 interrupted iterations
normal_day   [  41% ] 038/100 VUs  04m03.8s/10m0s  4.00 iters/s

running (04m04.8s), 040/100 VUs, 579 complete and 0 interrupted iterations
normal_day   [  41% ] 040/100 VUs  04m04.8s/10m0s  4.00 iters/s

running (04m05.8s), 043/100 VUs, 580 complete and 0 interrupted iterations
normal_day   [  41% ] 043/100 VUs  04m05.8s/10m0s  4.00 iters/s

running (04m06.8s), 042/100 VUs, 585 complete and 0 interrupted iterations
normal_day   [  41% ] 042/100 VUs  04m06.8s/10m0s  4.00 iters/s

running (04m07.8s), 042/100 VUs, 589 complete and 0 interrupted iterations
normal_day   [  41% ] 042/100 VUs  04m07.8s/10m0s  4.00 iters/s

running (04m08.8s), 042/100 VUs, 593 complete and 0 interrupted iterations
normal_day   [  41% ] 042/100 VUs  04m08.8s/10m0s  4.00 iters/s

running (04m09.8s), 039/100 VUs, 600 complete and 0 interrupted iterations
normal_day   [  42% ] 039/100 VUs  04m09.8s/10m0s  4.00 iters/s

running (04m10.8s), 038/100 VUs, 605 complete and 0 interrupted iterations
normal_day   [  42% ] 038/100 VUs  04m10.8s/10m0s  4.00 iters/s

running (04m11.8s), 037/100 VUs, 610 complete and 0 interrupted iterations
normal_day   [  42% ] 037/100 VUs  04m11.8s/10m0s  4.00 iters/s

running (04m12.8s), 039/100 VUs, 612 complete and 0 interrupted iterations
normal_day   [  42% ] 039/100 VUs  04m12.8s/10m0s  4.00 iters/s

running (04m13.8s), 039/100 VUs, 616 complete and 0 interrupted iterations
normal_day   [  42% ] 039/100 VUs  04m13.8s/10m0s  4.00 iters/s

running (04m14.8s), 039/100 VUs, 620 complete and 0 interrupted iterations
normal_day   [  42% ] 039/100 VUs  04m14.8s/10m0s  4.00 iters/s

running (04m15.8s), 041/100 VUs, 622 complete and 0 interrupted iterations
normal_day   [  43% ] 041/100 VUs  04m15.8s/10m0s  4.00 iters/s

running (04m16.8s), 040/100 VUs, 627 complete and 0 interrupted iterations
normal_day   [  43% ] 040/100 VUs  04m16.8s/10m0s  4.00 iters/s

running (04m17.8s), 042/100 VUs, 629 complete and 0 interrupted iterations
normal_day   [  43% ] 042/100 VUs  04m17.8s/10m0s  4.00 iters/s

running (04m18.8s), 042/100 VUs, 633 complete and 0 interrupted iterations
normal_day   [  43% ] 042/100 VUs  04m18.8s/10m0s  4.00 iters/s

running (04m19.8s), 043/100 VUs, 636 complete and 0 interrupted iterations
normal_day   [  43% ] 043/100 VUs  04m19.8s/10m0s  4.00 iters/s

running (04m20.8s), 042/100 VUs, 641 complete and 0 interrupted iterations
normal_day   [  43% ] 042/100 VUs  04m20.8s/10m0s  4.00 iters/s

running (04m21.8s), 043/100 VUs, 644 complete and 0 interrupted iterations
normal_day   [  44% ] 043/100 VUs  04m21.8s/10m0s  4.00 iters/s

running (04m22.8s), 042/100 VUs, 649 complete and 0 interrupted iterations
normal_day   [  44% ] 042/100 VUs  04m22.8s/10m0s  4.00 iters/s

running (04m23.8s), 045/100 VUs, 650 complete and 0 interrupted iterations
normal_day   [  44% ] 045/100 VUs  04m23.8s/10m0s  4.00 iters/s

running (04m24.8s), 046/100 VUs, 653 complete and 0 interrupted iterations
normal_day   [  44% ] 046/100 VUs  04m24.8s/10m0s  4.00 iters/s

running (04m25.8s), 043/100 VUs, 660 complete and 0 interrupted iterations
normal_day   [  44% ] 043/100 VUs  04m25.8s/10m0s  4.00 iters/s

running (04m26.8s), 044/100 VUs, 663 complete and 0 interrupted iterations
normal_day   [  44% ] 044/100 VUs  04m26.8s/10m0s  4.00 iters/s

running (04m27.8s), 045/100 VUs, 666 complete and 0 interrupted iterations
normal_day   [  45% ] 045/100 VUs  04m27.8s/10m0s  4.00 iters/s

running (04m28.8s), 043/100 VUs, 672 complete and 0 interrupted iterations
normal_day   [  45% ] 043/100 VUs  04m28.8s/10m0s  4.00 iters/s

running (04m29.8s), 039/100 VUs, 680 complete and 0 interrupted iterations
normal_day   [  45% ] 039/100 VUs  04m29.8s/10m0s  4.00 iters/s

running (04m30.8s), 042/100 VUs, 681 complete and 0 interrupted iterations
normal_day   [  45% ] 042/100 VUs  04m30.8s/10m0s  4.00 iters/s

running (04m31.8s), 040/100 VUs, 687 complete and 0 interrupted iterations
normal_day   [  45% ] 040/100 VUs  04m31.8s/10m0s  4.00 iters/s

running (04m32.8s), 038/100 VUs, 693 complete and 0 interrupted iterations
normal_day   [  45% ] 038/100 VUs  04m32.8s/10m0s  4.00 iters/s

running (04m33.8s), 039/100 VUs, 696 complete and 0 interrupted iterations
normal_day   [  46% ] 039/100 VUs  04m33.8s/10m0s  4.00 iters/s

running (04m34.8s), 036/100 VUs, 703 complete and 0 interrupted iterations
normal_day   [  46% ] 036/100 VUs  04m34.8s/10m0s  4.00 iters/s

running (04m35.8s), 037/100 VUs, 706 complete and 0 interrupted iterations
normal_day   [  46% ] 037/100 VUs  04m35.8s/10m0s  4.00 iters/s

running (04m36.8s), 036/100 VUs, 711 complete and 0 interrupted iterations
normal_day   [  46% ] 036/100 VUs  04m36.8s/10m0s  4.00 iters/s

running (04m37.8s), 037/100 VUs, 714 complete and 0 interrupted iterations
normal_day   [  46% ] 037/100 VUs  04m37.8s/10m0s  4.00 iters/s

running (04m38.8s), 039/100 VUs, 716 complete and 0 interrupted iterations
normal_day   [  46% ] 039/100 VUs  04m38.8s/10m0s  4.00 iters/s

running (04m39.8s), 041/100 VUs, 718 complete and 0 interrupted iterations
normal_day   [  47% ] 041/100 VUs  04m39.8s/10m0s  4.00 iters/s

running (04m40.8s), 041/100 VUs, 722 complete and 0 interrupted iterations
normal_day   [  47% ] 041/100 VUs  04m40.8s/10m0s  4.00 iters/s

running (04m41.8s), 042/100 VUs, 725 complete and 0 interrupted iterations
normal_day   [  47% ] 042/100 VUs  04m41.8s/10m0s  4.00 iters/s

running (04m42.8s), 041/100 VUs, 730 complete and 0 interrupted iterations
normal_day   [  47% ] 041/100 VUs  04m42.8s/10m0s  4.00 iters/s

running (04m43.8s), 043/100 VUs, 732 complete and 0 interrupted iterations
normal_day   [  47% ] 043/100 VUs  04m43.8s/10m0s  4.00 iters/s

running (04m44.8s), 038/100 VUs, 741 complete and 0 interrupted iterations
normal_day   [  47% ] 038/100 VUs  04m44.8s/10m0s  4.00 iters/s

running (04m45.8s), 040/100 VUs, 743 complete and 0 interrupted iterations
normal_day   [  48% ] 040/100 VUs  04m45.8s/10m0s  4.00 iters/s

running (04m46.8s), 043/100 VUs, 744 complete and 0 interrupted iterations
normal_day   [  48% ] 043/100 VUs  04m46.8s/10m0s  4.00 iters/s

running (04m47.8s), 042/100 VUs, 749 complete and 0 interrupted iterations
normal_day   [  48% ] 042/100 VUs  04m47.8s/10m0s  4.00 iters/s

running (04m48.8s), 041/100 VUs, 754 complete and 0 interrupted iterations
normal_day   [  48% ] 041/100 VUs  04m48.8s/10m0s  4.00 iters/s

running (04m49.8s), 043/100 VUs, 756 complete and 0 interrupted iterations
normal_day   [  48% ] 043/100 VUs  04m49.8s/10m0s  4.00 iters/s

running (04m50.8s), 041/100 VUs, 762 complete and 0 interrupted iterations
normal_day   [  48% ] 041/100 VUs  04m50.8s/10m0s  4.00 iters/s

running (04m51.8s), 041/100 VUs, 766 complete and 0 interrupted iterations
normal_day   [  49% ] 041/100 VUs  04m51.8s/10m0s  4.00 iters/s

running (04m52.8s), 042/100 VUs, 769 complete and 0 interrupted iterations
normal_day   [  49% ] 042/100 VUs  04m52.8s/10m0s  4.00 iters/s

running (04m53.8s), 042/100 VUs, 773 complete and 0 interrupted iterations
normal_day   [  49% ] 042/100 VUs  04m53.8s/10m0s  4.00 iters/s

running (04m54.8s), 039/100 VUs, 780 complete and 0 interrupted iterations
normal_day   [  49% ] 039/100 VUs  04m54.8s/10m0s  4.00 iters/s

running (04m55.8s), 040/100 VUs, 783 complete and 0 interrupted iterations
normal_day   [  49% ] 040/100 VUs  04m55.8s/10m0s  4.00 iters/s

running (04m56.8s), 038/100 VUs, 789 complete and 0 interrupted iterations
normal_day   [  49% ] 038/100 VUs  04m56.8s/10m0s  4.00 iters/s

running (04m57.8s), 040/100 VUs, 791 complete and 0 interrupted iterations
normal_day   [  50% ] 040/100 VUs  04m57.8s/10m0s  4.00 iters/s

running (04m58.8s), 041/100 VUs, 794 complete and 0 interrupted iterations
normal_day   [  50% ] 041/100 VUs  04m58.8s/10m0s  4.00 iters/s

running (04m59.8s), 037/100 VUs, 802 complete and 0 interrupted iterations
normal_day   [  50% ] 037/100 VUs  04m59.8s/10m0s  4.00 iters/s

running (05m00.8s), 036/100 VUs, 807 complete and 0 interrupted iterations
normal_day   [  50% ] 036/100 VUs  05m00.8s/10m0s  4.00 iters/s

running (05m01.8s), 036/100 VUs, 811 complete and 0 interrupted iterations
normal_day   [  50% ] 036/100 VUs  05m01.8s/10m0s  4.00 iters/s

running (05m02.8s), 038/100 VUs, 813 complete and 0 interrupted iterations
normal_day   [  50% ] 038/100 VUs  05m02.8s/10m0s  4.00 iters/s

running (05m03.8s), 038/100 VUs, 817 complete and 0 interrupted iterations
normal_day   [  51% ] 038/100 VUs  05m03.8s/10m0s  4.00 iters/s

running (05m04.8s), 041/100 VUs, 818 complete and 0 interrupted iterations
normal_day   [  51% ] 041/100 VUs  05m04.8s/10m0s  4.00 iters/s

running (05m05.8s), 043/100 VUs, 820 complete and 0 interrupted iterations
normal_day   [  51% ] 043/100 VUs  05m05.8s/10m0s  4.00 iters/s

running (05m06.8s), 045/100 VUs, 822 complete and 0 interrupted iterations
normal_day   [  51% ] 045/100 VUs  05m06.8s/10m0s  4.00 iters/s

running (05m07.8s), 046/100 VUs, 825 complete and 0 interrupted iterations
normal_day   [  51% ] 046/100 VUs  05m07.8s/10m0s  4.00 iters/s

running (05m08.8s), 049/100 VUs, 826 complete and 0 interrupted iterations
normal_day   [  51% ] 049/100 VUs  05m08.8s/10m0s  4.00 iters/s

running (05m09.8s), 050/100 VUs, 829 complete and 0 interrupted iterations
normal_day   [  52% ] 050/100 VUs  05m09.8s/10m0s  4.00 iters/s

running (05m10.8s), 047/100 VUs, 836 complete and 0 interrupted iterations
normal_day   [  52% ] 047/100 VUs  05m10.8s/10m0s  4.00 iters/s

running (05m11.8s), 046/100 VUs, 841 complete and 0 interrupted iterations
normal_day   [  52% ] 046/100 VUs  05m11.8s/10m0s  4.00 iters/s

running (05m12.8s), 043/100 VUs, 848 complete and 0 interrupted iterations
normal_day   [  52% ] 043/100 VUs  05m12.8s/10m0s  4.00 iters/s

running (05m13.8s), 045/100 VUs, 850 complete and 0 interrupted iterations
normal_day   [  52% ] 045/100 VUs  05m13.8s/10m0s  4.00 iters/s

running (05m14.8s), 045/100 VUs, 854 complete and 0 interrupted iterations
normal_day   [  52% ] 045/100 VUs  05m14.8s/10m0s  4.00 iters/s

running (05m15.8s), 045/100 VUs, 858 complete and 0 interrupted iterations
normal_day   [  53% ] 045/100 VUs  05m15.8s/10m0s  4.00 iters/s

running (05m16.8s), 043/100 VUs, 864 complete and 0 interrupted iterations
normal_day   [  53% ] 043/100 VUs  05m16.8s/10m0s  4.00 iters/s

running (05m17.8s), 040/100 VUs, 871 complete and 0 interrupted iterations
normal_day   [  53% ] 040/100 VUs  05m17.8s/10m0s  4.00 iters/s

running (05m18.8s), 040/100 VUs, 875 complete and 0 interrupted iterations
normal_day   [  53% ] 040/100 VUs  05m18.8s/10m0s  4.00 iters/s

running (05m19.8s), 041/100 VUs, 878 complete and 0 interrupted iterations
normal_day   [  53% ] 041/100 VUs  05m19.8s/10m0s  4.00 iters/s

running (05m20.8s), 041/100 VUs, 882 complete and 0 interrupted iterations
normal_day   [  53% ] 041/100 VUs  05m20.8s/10m0s  4.00 iters/s

running (05m21.8s), 042/100 VUs, 885 complete and 0 interrupted iterations
normal_day   [  54% ] 042/100 VUs  05m21.8s/10m0s  4.00 iters/s

running (05m22.8s), 036/100 VUs, 895 complete and 0 interrupted iterations
normal_day   [  54% ] 036/100 VUs  05m22.8s/10m0s  4.00 iters/s

running (05m23.8s), 033/100 VUs, 902 complete and 0 interrupted iterations
normal_day   [  54% ] 033/100 VUs  05m23.8s/10m0s  4.00 iters/s

running (05m24.8s), 035/100 VUs, 904 complete and 0 interrupted iterations
normal_day   [  54% ] 035/100 VUs  05m24.8s/10m0s  4.00 iters/s

running (05m25.8s), 035/100 VUs, 908 complete and 0 interrupted iterations
normal_day   [  54% ] 035/100 VUs  05m25.8s/10m0s  4.00 iters/s

running (05m26.8s), 036/100 VUs, 911 complete and 0 interrupted iterations
normal_day   [  54% ] 036/100 VUs  05m26.8s/10m0s  4.00 iters/s

running (05m27.8s), 039/100 VUs, 912 complete and 0 interrupted iterations
normal_day   [  55% ] 039/100 VUs  05m27.8s/10m0s  4.00 iters/s

running (05m28.8s), 036/100 VUs, 919 complete and 0 interrupted iterations
normal_day   [  55% ] 036/100 VUs  05m28.8s/10m0s  4.00 iters/s

running (05m29.8s), 034/100 VUs, 925 complete and 0 interrupted iterations
normal_day   [  55% ] 034/100 VUs  05m29.8s/10m0s  4.00 iters/s

running (05m30.8s), 036/100 VUs, 927 complete and 0 interrupted iterations
normal_day   [  55% ] 036/100 VUs  05m30.8s/10m0s  4.00 iters/s

running (05m31.8s), 035/100 VUs, 932 complete and 0 interrupted iterations
normal_day   [  55% ] 035/100 VUs  05m31.8s/10m0s  4.00 iters/s

running (05m32.8s), 036/100 VUs, 935 complete and 0 interrupted iterations
normal_day   [  55% ] 036/100 VUs  05m32.8s/10m0s  4.00 iters/s

running (05m33.8s), 037/100 VUs, 938 complete and 0 interrupted iterations
normal_day   [  56% ] 037/100 VUs  05m33.8s/10m0s  4.00 iters/s

running (05m34.8s), 038/100 VUs, 941 complete and 0 interrupted iterations
normal_day   [  56% ] 038/100 VUs  05m34.8s/10m0s  4.00 iters/s

running (05m35.8s), 038/100 VUs, 945 complete and 0 interrupted iterations
normal_day   [  56% ] 038/100 VUs  05m35.8s/10m0s  4.00 iters/s

running (05m36.8s), 037/100 VUs, 950 complete and 0 interrupted iterations
normal_day   [  56% ] 037/100 VUs  05m36.8s/10m0s  4.00 iters/s

running (05m37.8s), 037/100 VUs, 954 complete and 0 interrupted iterations
normal_day   [  56% ] 037/100 VUs  05m37.8s/10m0s  4.00 iters/s

running (05m38.8s), 038/100 VUs, 957 complete and 0 interrupted iterations
normal_day   [  56% ] 038/100 VUs  05m38.8s/10m0s  4.00 iters/s

running (05m39.8s), 042/100 VUs, 957 complete and 0 interrupted iterations
normal_day   [  57% ] 042/100 VUs  05m39.8s/10m0s  4.00 iters/s

running (05m40.8s), 042/100 VUs, 961 complete and 0 interrupted iterations
normal_day   [  57% ] 042/100 VUs  05m40.8s/10m0s  4.00 iters/s

running (05m41.8s), 039/100 VUs, 968 complete and 0 interrupted iterations
normal_day   [  57% ] 039/100 VUs  05m41.8s/10m0s  4.00 iters/s

running (05m42.8s), 040/100 VUs, 971 complete and 0 interrupted iterations
normal_day   [  57% ] 040/100 VUs  05m42.8s/10m0s  4.00 iters/s

running (05m43.8s), 040/100 VUs, 975 complete and 0 interrupted iterations
normal_day   [  57% ] 040/100 VUs  05m43.8s/10m0s  4.00 iters/s

running (05m44.8s), 041/100 VUs, 978 complete and 0 interrupted iterations
normal_day   [  57% ] 041/100 VUs  05m44.8s/10m0s  4.00 iters/s

running (05m45.8s), 041/100 VUs, 982 complete and 0 interrupted iterations
normal_day   [  58% ] 041/100 VUs  05m45.8s/10m0s  4.00 iters/s

running (05m46.8s), 041/100 VUs, 986 complete and 0 interrupted iterations
normal_day   [  58% ] 041/100 VUs  05m46.8s/10m0s  4.00 iters/s

running (05m47.8s), 042/100 VUs, 989 complete and 0 interrupted iterations
normal_day   [  58% ] 042/100 VUs  05m47.8s/10m0s  4.00 iters/s

running (05m48.8s), 044/100 VUs, 991 complete and 0 interrupted iterations
normal_day   [  58% ] 044/100 VUs  05m48.8s/10m0s  4.00 iters/s

running (05m49.8s), 046/100 VUs, 993 complete and 0 interrupted iterations
normal_day   [  58% ] 046/100 VUs  05m49.8s/10m0s  4.00 iters/s

running (05m50.8s), 045/100 VUs, 998 complete and 0 interrupted iterations
normal_day   [  58% ] 045/100 VUs  05m50.8s/10m0s  4.00 iters/s

running (05m51.8s), 046/100 VUs, 1001 complete and 0 interrupted iterations
normal_day   [  59% ] 046/100 VUs  05m51.8s/10m0s  4.00 iters/s

running (05m52.8s), 048/100 VUs, 1003 complete and 0 interrupted iterations
normal_day   [  59% ] 048/100 VUs  05m52.8s/10m0s  4.00 iters/s

running (05m53.8s), 043/100 VUs, 1012 complete and 0 interrupted iterations
normal_day   [  59% ] 043/100 VUs  05m53.8s/10m0s  4.00 iters/s

running (05m54.8s), 043/100 VUs, 1016 complete and 0 interrupted iterations
normal_day   [  59% ] 043/100 VUs  05m54.8s/10m0s  4.00 iters/s

running (05m55.8s), 042/100 VUs, 1021 complete and 0 interrupted iterations
normal_day   [  59% ] 042/100 VUs  05m55.8s/10m0s  4.00 iters/s

running (05m56.8s), 041/100 VUs, 1026 complete and 0 interrupted iterations
normal_day   [  59% ] 041/100 VUs  05m56.8s/10m0s  4.00 iters/s

running (05m57.8s), 040/100 VUs, 1031 complete and 0 interrupted iterations
normal_day   [  60% ] 040/100 VUs  05m57.8s/10m0s  4.00 iters/s

running (05m58.8s), 040/100 VUs, 1035 complete and 0 interrupted iterations
normal_day   [  60% ] 040/100 VUs  05m58.8s/10m0s  4.00 iters/s

running (05m59.8s), 042/100 VUs, 1037 complete and 0 interrupted iterations
normal_day   [  60% ] 042/100 VUs  05m59.8s/10m0s  4.00 iters/s

running (06m00.8s), 042/100 VUs, 1041 complete and 0 interrupted iterations
normal_day   [  60% ] 042/100 VUs  06m00.8s/10m0s  4.00 iters/s

running (06m01.8s), 044/100 VUs, 1043 complete and 0 interrupted iterations
normal_day   [  60% ] 044/100 VUs  06m01.8s/10m0s  4.00 iters/s

running (06m02.8s), 046/100 VUs, 1045 complete and 0 interrupted iterations
normal_day   [  60% ] 046/100 VUs  06m02.8s/10m0s  4.00 iters/s

running (06m03.8s), 045/100 VUs, 1050 complete and 0 interrupted iterations
normal_day   [  61% ] 045/100 VUs  06m03.8s/10m0s  4.00 iters/s

running (06m04.8s), 043/100 VUs, 1056 complete and 0 interrupted iterations
normal_day   [  61% ] 043/100 VUs  06m04.8s/10m0s  4.00 iters/s

running (06m05.8s), 044/100 VUs, 1059 complete and 0 interrupted iterations
normal_day   [  61% ] 044/100 VUs  06m05.8s/10m0s  4.00 iters/s

running (06m06.8s), 045/100 VUs, 1062 complete and 0 interrupted iterations
normal_day   [  61% ] 045/100 VUs  06m06.8s/10m0s  4.00 iters/s

running (06m07.8s), 046/100 VUs, 1065 complete and 0 interrupted iterations
normal_day   [  61% ] 046/100 VUs  06m07.8s/10m0s  4.00 iters/s

running (06m08.8s), 048/100 VUs, 1067 complete and 0 interrupted iterations
normal_day   [  61% ] 048/100 VUs  06m08.8s/10m0s  4.00 iters/s

running (06m09.8s), 046/100 VUs, 1073 complete and 0 interrupted iterations
normal_day   [  62% ] 046/100 VUs  06m09.8s/10m0s  4.00 iters/s

running (06m10.8s), 046/100 VUs, 1077 complete and 0 interrupted iterations
normal_day   [  62% ] 046/100 VUs  06m10.8s/10m0s  4.00 iters/s

running (06m11.8s), 049/100 VUs, 1078 complete and 0 interrupted iterations
normal_day   [  62% ] 049/100 VUs  06m11.8s/10m0s  4.00 iters/s

running (06m12.8s), 048/100 VUs, 1083 complete and 0 interrupted iterations
normal_day   [  62% ] 048/100 VUs  06m12.8s/10m0s  4.00 iters/s

running (06m13.8s), 047/100 VUs, 1088 complete and 0 interrupted iterations
normal_day   [  62% ] 047/100 VUs  06m13.8s/10m0s  4.00 iters/s

running (06m14.8s), 043/100 VUs, 1096 complete and 0 interrupted iterations
normal_day   [  62% ] 043/100 VUs  06m14.8s/10m0s  4.00 iters/s

running (06m15.8s), 036/100 VUs, 1107 complete and 0 interrupted iterations
normal_day   [  63% ] 036/100 VUs  06m15.8s/10m0s  4.00 iters/s

running (06m16.8s), 036/100 VUs, 1111 complete and 0 interrupted iterations
normal_day   [  63% ] 036/100 VUs  06m16.8s/10m0s  4.00 iters/s

running (06m17.8s), 033/100 VUs, 1118 complete and 0 interrupted iterations
normal_day   [  63% ] 033/100 VUs  06m17.8s/10m0s  4.00 iters/s

running (06m18.8s), 033/100 VUs, 1122 complete and 0 interrupted iterations
normal_day   [  63% ] 033/100 VUs  06m18.8s/10m0s  4.00 iters/s

running (06m19.8s), 033/100 VUs, 1126 complete and 0 interrupted iterations
normal_day   [  63% ] 033/100 VUs  06m19.8s/10m0s  4.00 iters/s

running (06m20.8s), 031/100 VUs, 1132 complete and 0 interrupted iterations
normal_day   [  63% ] 031/100 VUs  06m20.8s/10m0s  4.00 iters/s

running (06m21.8s), 031/100 VUs, 1136 complete and 0 interrupted iterations
normal_day   [  64% ] 031/100 VUs  06m21.8s/10m0s  4.00 iters/s

running (06m22.8s), 031/100 VUs, 1140 complete and 0 interrupted iterations
normal_day   [  64% ] 031/100 VUs  06m22.8s/10m0s  4.00 iters/s

running (06m23.8s), 035/100 VUs, 1140 complete and 0 interrupted iterations
normal_day   [  64% ] 035/100 VUs  06m23.8s/10m0s  4.00 iters/s

running (06m24.8s), 037/100 VUs, 1142 complete and 0 interrupted iterations
normal_day   [  64% ] 037/100 VUs  06m24.8s/10m0s  4.00 iters/s

running (06m25.8s), 040/100 VUs, 1143 complete and 0 interrupted iterations
normal_day   [  64% ] 040/100 VUs  06m25.8s/10m0s  4.00 iters/s

running (06m26.8s), 042/100 VUs, 1145 complete and 0 interrupted iterations
normal_day   [  64% ] 042/100 VUs  06m26.8s/10m0s  4.00 iters/s

running (06m27.8s), 042/100 VUs, 1149 complete and 0 interrupted iterations
normal_day   [  65% ] 042/100 VUs  06m27.8s/10m0s  4.00 iters/s

running (06m28.8s), 044/100 VUs, 1151 complete and 0 interrupted iterations
normal_day   [  65% ] 044/100 VUs  06m28.8s/10m0s  4.00 iters/s

running (06m29.8s), 044/100 VUs, 1155 complete and 0 interrupted iterations
normal_day   [  65% ] 044/100 VUs  06m29.8s/10m0s  4.00 iters/s

running (06m30.8s), 043/100 VUs, 1160 complete and 0 interrupted iterations
normal_day   [  65% ] 043/100 VUs  06m30.8s/10m0s  4.00 iters/s

running (06m31.8s), 041/100 VUs, 1166 complete and 0 interrupted iterations
normal_day   [  65% ] 041/100 VUs  06m31.8s/10m0s  4.00 iters/s

running (06m32.8s), 040/100 VUs, 1171 complete and 0 interrupted iterations
normal_day   [  65% ] 040/100 VUs  06m32.8s/10m0s  4.00 iters/s

running (06m33.8s), 043/100 VUs, 1172 complete and 0 interrupted iterations
normal_day   [  66% ] 043/100 VUs  06m33.8s/10m0s  4.00 iters/s

running (06m34.8s), 043/100 VUs, 1176 complete and 0 interrupted iterations
normal_day   [  66% ] 043/100 VUs  06m34.8s/10m0s  4.00 iters/s

running (06m35.8s), 046/100 VUs, 1177 complete and 0 interrupted iterations
normal_day   [  66% ] 046/100 VUs  06m35.8s/10m0s  4.00 iters/s

running (06m36.8s), 046/100 VUs, 1181 complete and 0 interrupted iterations
normal_day   [  66% ] 046/100 VUs  06m36.8s/10m0s  4.00 iters/s

running (06m37.8s), 046/100 VUs, 1185 complete and 0 interrupted iterations
normal_day   [  66% ] 046/100 VUs  06m37.8s/10m0s  4.00 iters/s

running (06m38.8s), 044/100 VUs, 1191 complete and 0 interrupted iterations
normal_day   [  66% ] 044/100 VUs  06m38.8s/10m0s  4.00 iters/s

running (06m39.8s), 041/100 VUs, 1198 complete and 0 interrupted iterations
normal_day   [  67% ] 041/100 VUs  06m39.8s/10m0s  4.00 iters/s

running (06m40.8s), 040/100 VUs, 1203 complete and 0 interrupted iterations
normal_day   [  67% ] 040/100 VUs  06m40.8s/10m0s  4.00 iters/s

running (06m41.8s), 039/100 VUs, 1208 complete and 0 interrupted iterations
normal_day   [  67% ] 039/100 VUs  06m41.8s/10m0s  4.00 iters/s

running (06m42.8s), 037/100 VUs, 1214 complete and 0 interrupted iterations
normal_day   [  67% ] 037/100 VUs  06m42.8s/10m0s  4.00 iters/s

running (06m43.8s), 037/100 VUs, 1218 complete and 0 interrupted iterations
normal_day   [  67% ] 037/100 VUs  06m43.8s/10m0s  4.00 iters/s

running (06m44.8s), 036/100 VUs, 1223 complete and 0 interrupted iterations
normal_day   [  67% ] 036/100 VUs  06m44.8s/10m0s  4.00 iters/s

running (06m45.8s), 037/100 VUs, 1226 complete and 0 interrupted iterations
normal_day   [  68% ] 037/100 VUs  06m45.8s/10m0s  4.00 iters/s

running (06m46.8s), 038/100 VUs, 1229 complete and 0 interrupted iterations
normal_day   [  68% ] 038/100 VUs  06m46.8s/10m0s  4.00 iters/s

running (06m47.8s), 037/100 VUs, 1234 complete and 0 interrupted iterations
normal_day   [  68% ] 037/100 VUs  06m47.8s/10m0s  4.00 iters/s

running (06m48.8s), 035/100 VUs, 1240 complete and 0 interrupted iterations
normal_day   [  68% ] 035/100 VUs  06m48.8s/10m0s  4.00 iters/s

running (06m49.8s), 034/100 VUs, 1245 complete and 0 interrupted iterations
normal_day   [  68% ] 034/100 VUs  06m49.8s/10m0s  4.00 iters/s

running (06m50.8s), 036/100 VUs, 1247 complete and 0 interrupted iterations
normal_day   [  68% ] 036/100 VUs  06m50.8s/10m0s  4.00 iters/s

running (06m51.8s), 038/100 VUs, 1249 complete and 0 interrupted iterations
normal_day   [  69% ] 038/100 VUs  06m51.8s/10m0s  4.00 iters/s

running (06m52.8s), 036/100 VUs, 1255 complete and 0 interrupted iterations
normal_day   [  69% ] 036/100 VUs  06m52.8s/10m0s  4.00 iters/s

running (06m53.8s), 038/100 VUs, 1257 complete and 0 interrupted iterations
normal_day   [  69% ] 038/100 VUs  06m53.8s/10m0s  4.00 iters/s

running (06m54.8s), 038/100 VUs, 1261 complete and 0 interrupted iterations
normal_day   [  69% ] 038/100 VUs  06m54.8s/10m0s  4.00 iters/s

running (06m55.8s), 039/100 VUs, 1264 complete and 0 interrupted iterations
normal_day   [  69% ] 039/100 VUs  06m55.8s/10m0s  4.00 iters/s

running (06m56.8s), 041/100 VUs, 1266 complete and 0 interrupted iterations
normal_day   [  69% ] 041/100 VUs  06m56.8s/10m0s  4.00 iters/s

running (06m57.8s), 042/100 VUs, 1269 complete and 0 interrupted iterations
normal_day   [  70% ] 042/100 VUs  06m57.8s/10m0s  4.00 iters/s

running (06m58.8s), 039/100 VUs, 1276 complete and 0 interrupted iterations
normal_day   [  70% ] 039/100 VUs  06m58.8s/10m0s  4.00 iters/s

running (06m59.8s), 039/100 VUs, 1280 complete and 0 interrupted iterations
normal_day   [  70% ] 039/100 VUs  06m59.8s/10m0s  4.00 iters/s

running (07m00.8s), 039/100 VUs, 1284 complete and 0 interrupted iterations
normal_day   [  70% ] 039/100 VUs  07m00.8s/10m0s  4.00 iters/s

running (07m01.8s), 038/100 VUs, 1289 complete and 0 interrupted iterations
normal_day   [  70% ] 038/100 VUs  07m01.8s/10m0s  4.00 iters/s

running (07m02.8s), 039/100 VUs, 1292 complete and 0 interrupted iterations
normal_day   [  70% ] 039/100 VUs  07m02.8s/10m0s  4.00 iters/s

running (07m03.8s), 040/100 VUs, 1295 complete and 0 interrupted iterations
normal_day   [  71% ] 040/100 VUs  07m03.8s/10m0s  4.00 iters/s

running (07m04.8s), 039/100 VUs, 1300 complete and 0 interrupted iterations
normal_day   [  71% ] 039/100 VUs  07m04.8s/10m0s  4.00 iters/s

running (07m05.8s), 040/100 VUs, 1303 complete and 0 interrupted iterations
normal_day   [  71% ] 040/100 VUs  07m05.8s/10m0s  4.00 iters/s

running (07m06.8s), 038/100 VUs, 1309 complete and 0 interrupted iterations
normal_day   [  71% ] 038/100 VUs  07m06.8s/10m0s  4.00 iters/s

running (07m07.8s), 038/100 VUs, 1313 complete and 0 interrupted iterations
normal_day   [  71% ] 038/100 VUs  07m07.8s/10m0s  4.00 iters/s

running (07m08.8s), 038/100 VUs, 1317 complete and 0 interrupted iterations
normal_day   [  71% ] 038/100 VUs  07m08.8s/10m0s  4.00 iters/s

running (07m09.8s), 038/100 VUs, 1321 complete and 0 interrupted iterations
normal_day   [  72% ] 038/100 VUs  07m09.8s/10m0s  4.00 iters/s

running (07m10.8s), 040/100 VUs, 1323 complete and 0 interrupted iterations
normal_day   [  72% ] 040/100 VUs  07m10.8s/10m0s  4.00 iters/s

running (07m11.8s), 041/100 VUs, 1326 complete and 0 interrupted iterations
normal_day   [  72% ] 041/100 VUs  07m11.8s/10m0s  4.00 iters/s

running (07m12.8s), 038/100 VUs, 1333 complete and 0 interrupted iterations
normal_day   [  72% ] 038/100 VUs  07m12.8s/10m0s  4.00 iters/s

running (07m13.8s), 041/100 VUs, 1334 complete and 0 interrupted iterations
normal_day   [  72% ] 041/100 VUs  07m13.8s/10m0s  4.00 iters/s

running (07m14.8s), 044/100 VUs, 1335 complete and 0 interrupted iterations
normal_day   [  72% ] 044/100 VUs  07m14.8s/10m0s  4.00 iters/s

running (07m15.8s), 044/100 VUs, 1339 complete and 0 interrupted iterations
normal_day   [  73% ] 044/100 VUs  07m15.8s/10m0s  4.00 iters/s

running (07m16.8s), 044/100 VUs, 1343 complete and 0 interrupted iterations
normal_day   [  73% ] 044/100 VUs  07m16.8s/10m0s  4.00 iters/s

running (07m17.8s), 044/100 VUs, 1347 complete and 0 interrupted iterations
normal_day   [  73% ] 044/100 VUs  07m17.8s/10m0s  4.00 iters/s

running (07m18.8s), 045/100 VUs, 1350 complete and 0 interrupted iterations
normal_day   [  73% ] 045/100 VUs  07m18.8s/10m0s  4.00 iters/s

running (07m19.8s), 047/100 VUs, 1352 complete and 0 interrupted iterations
normal_day   [  73% ] 047/100 VUs  07m19.8s/10m0s  4.00 iters/s

running (07m20.8s), 049/100 VUs, 1354 complete and 0 interrupted iterations
normal_day   [  73% ] 049/100 VUs  07m20.8s/10m0s  4.00 iters/s

running (07m21.8s), 049/100 VUs, 1358 complete and 0 interrupted iterations
normal_day   [  74% ] 049/100 VUs  07m21.8s/10m0s  4.00 iters/s

running (07m22.8s), 047/100 VUs, 1364 complete and 0 interrupted iterations
normal_day   [  74% ] 047/100 VUs  07m22.8s/10m0s  4.00 iters/s

running (07m23.8s), 044/100 VUs, 1371 complete and 0 interrupted iterations
normal_day   [  74% ] 044/100 VUs  07m23.8s/10m0s  4.00 iters/s

running (07m24.8s), 043/100 VUs, 1376 complete and 0 interrupted iterations
normal_day   [  74% ] 043/100 VUs  07m24.8s/10m0s  4.00 iters/s

running (07m25.8s), 047/100 VUs, 1376 complete and 0 interrupted iterations
normal_day   [  74% ] 047/100 VUs  07m25.8s/10m0s  4.00 iters/s

running (07m26.8s), 048/100 VUs, 1379 complete and 0 interrupted iterations
normal_day   [  74% ] 048/100 VUs  07m26.8s/10m0s  4.00 iters/s

running (07m27.8s), 047/100 VUs, 1384 complete and 0 interrupted iterations
normal_day   [  75% ] 047/100 VUs  07m27.8s/10m0s  4.00 iters/s

running (07m28.8s), 045/100 VUs, 1390 complete and 0 interrupted iterations
normal_day   [  75% ] 045/100 VUs  07m28.8s/10m0s  4.00 iters/s

running (07m29.8s), 046/100 VUs, 1393 complete and 0 interrupted iterations
normal_day   [  75% ] 046/100 VUs  07m29.8s/10m0s  4.00 iters/s

running (07m30.8s), 044/100 VUs, 1399 complete and 0 interrupted iterations
normal_day   [  75% ] 044/100 VUs  07m30.8s/10m0s  4.00 iters/s

running (07m31.8s), 043/100 VUs, 1404 complete and 0 interrupted iterations
normal_day   [  75% ] 043/100 VUs  07m31.8s/10m0s  4.00 iters/s

running (07m32.8s), 045/100 VUs, 1406 complete and 0 interrupted iterations
normal_day   [  75% ] 045/100 VUs  07m32.8s/10m0s  4.00 iters/s

running (07m33.8s), 045/100 VUs, 1410 complete and 0 interrupted iterations
normal_day   [  76% ] 045/100 VUs  07m33.8s/10m0s  4.00 iters/s

running (07m34.8s), 045/100 VUs, 1414 complete and 0 interrupted iterations
normal_day   [  76% ] 045/100 VUs  07m34.8s/10m0s  4.00 iters/s

running (07m35.8s), 046/100 VUs, 1417 complete and 0 interrupted iterations
normal_day   [  76% ] 046/100 VUs  07m35.8s/10m0s  4.00 iters/s

running (07m36.8s), 043/100 VUs, 1424 complete and 0 interrupted iterations
normal_day   [  76% ] 043/100 VUs  07m36.8s/10m0s  4.00 iters/s

running (07m37.8s), 044/100 VUs, 1427 complete and 0 interrupted iterations
normal_day   [  76% ] 044/100 VUs  07m37.8s/10m0s  4.00 iters/s

running (07m38.8s), 042/100 VUs, 1433 complete and 0 interrupted iterations
normal_day   [  76% ] 042/100 VUs  07m38.8s/10m0s  4.00 iters/s

running (07m39.8s), 042/100 VUs, 1437 complete and 0 interrupted iterations
normal_day   [  77% ] 042/100 VUs  07m39.8s/10m0s  4.00 iters/s

running (07m40.8s), 042/100 VUs, 1441 complete and 0 interrupted iterations
normal_day   [  77% ] 042/100 VUs  07m40.8s/10m0s  4.00 iters/s

running (07m41.8s), 043/100 VUs, 1444 complete and 0 interrupted iterations
normal_day   [  77% ] 043/100 VUs  07m41.8s/10m0s  4.00 iters/s

running (07m42.8s), 042/100 VUs, 1449 complete and 0 interrupted iterations
normal_day   [  77% ] 042/100 VUs  07m42.8s/10m0s  4.00 iters/s

running (07m43.8s), 040/100 VUs, 1455 complete and 0 interrupted iterations
normal_day   [  77% ] 040/100 VUs  07m43.8s/10m0s  4.00 iters/s

running (07m44.8s), 041/100 VUs, 1458 complete and 0 interrupted iterations
normal_day   [  77% ] 041/100 VUs  07m44.8s/10m0s  4.00 iters/s

running (07m45.8s), 041/100 VUs, 1462 complete and 0 interrupted iterations
normal_day   [  78% ] 041/100 VUs  07m45.8s/10m0s  4.00 iters/s

running (07m46.8s), 038/100 VUs, 1469 complete and 0 interrupted iterations
normal_day   [  78% ] 038/100 VUs  07m46.8s/10m0s  4.00 iters/s

running (07m47.8s), 041/100 VUs, 1470 complete and 0 interrupted iterations
normal_day   [  78% ] 041/100 VUs  07m47.8s/10m0s  4.00 iters/s

running (07m48.8s), 042/100 VUs, 1473 complete and 0 interrupted iterations
normal_day   [  78% ] 042/100 VUs  07m48.8s/10m0s  4.00 iters/s

running (07m49.8s), 040/100 VUs, 1479 complete and 0 interrupted iterations
normal_day   [  78% ] 040/100 VUs  07m49.8s/10m0s  4.00 iters/s

running (07m50.8s), 042/100 VUs, 1481 complete and 0 interrupted iterations
normal_day   [  78% ] 042/100 VUs  07m50.8s/10m0s  4.00 iters/s

running (07m51.8s), 038/100 VUs, 1489 complete and 0 interrupted iterations
normal_day   [  79% ] 038/100 VUs  07m51.8s/10m0s  4.00 iters/s

running (07m52.8s), 037/100 VUs, 1494 complete and 0 interrupted iterations
normal_day   [  79% ] 037/100 VUs  07m52.8s/10m0s  4.00 iters/s

running (07m53.8s), 038/100 VUs, 1497 complete and 0 interrupted iterations
normal_day   [  79% ] 038/100 VUs  07m53.8s/10m0s  4.00 iters/s

running (07m54.8s), 037/100 VUs, 1502 complete and 0 interrupted iterations
normal_day   [  79% ] 037/100 VUs  07m54.8s/10m0s  4.00 iters/s

running (07m55.8s), 034/100 VUs, 1509 complete and 0 interrupted iterations
normal_day   [  79% ] 034/100 VUs  07m55.8s/10m0s  4.00 iters/s

running (07m56.8s), 035/100 VUs, 1512 complete and 0 interrupted iterations
normal_day   [  79% ] 035/100 VUs  07m56.8s/10m0s  4.00 iters/s

running (07m57.8s), 034/100 VUs, 1517 complete and 0 interrupted iterations
normal_day   [  80% ] 034/100 VUs  07m57.8s/10m0s  4.00 iters/s

running (07m58.8s), 032/100 VUs, 1523 complete and 0 interrupted iterations
normal_day   [  80% ] 032/100 VUs  07m58.8s/10m0s  4.00 iters/s

running (07m59.8s), 034/100 VUs, 1525 complete and 0 interrupted iterations
normal_day   [  80% ] 034/100 VUs  07m59.8s/10m0s  4.00 iters/s

running (08m00.8s), 033/100 VUs, 1530 complete and 0 interrupted iterations
normal_day   [  80% ] 033/100 VUs  08m00.8s/10m0s  3.97 iters/s

running (08m01.8s), 032/100 VUs, 1535 complete and 0 interrupted iterations
normal_day   [  80% ] 032/100 VUs  08m01.8s/10m0s  3.94 iters/s

running (08m02.8s), 033/100 VUs, 1538 complete and 0 interrupted iterations
normal_day   [  80% ] 033/100 VUs  08m02.8s/10m0s  3.90 iters/s

running (08m03.8s), 034/100 VUs, 1541 complete and 0 interrupted iterations
normal_day   [  81% ] 034/100 VUs  08m03.8s/10m0s  3.87 iters/s

running (08m04.8s), 035/100 VUs, 1543 complete and 0 interrupted iterations
normal_day   [  81% ] 035/100 VUs  08m04.8s/10m0s  3.84 iters/s

running (08m05.8s), 036/100 VUs, 1546 complete and 0 interrupted iterations
normal_day   [  81% ] 036/100 VUs  08m05.8s/10m0s  3.81 iters/s

running (08m06.8s), 037/100 VUs, 1549 complete and 0 interrupted iterations
normal_day   [  81% ] 037/100 VUs  08m06.8s/10m0s  3.77 iters/s

running (08m07.8s), 040/100 VUs, 1550 complete and 0 interrupted iterations
normal_day   [  81% ] 040/100 VUs  08m07.8s/10m0s  3.74 iters/s

running (08m08.8s), 040/100 VUs, 1553 complete and 0 interrupted iterations
normal_day   [  81% ] 040/100 VUs  08m08.8s/10m0s  3.70 iters/s

running (08m09.8s), 040/100 VUs, 1557 complete and 0 interrupted iterations
normal_day   [  82% ] 040/100 VUs  08m09.8s/10m0s  3.67 iters/s

running (08m10.8s), 040/100 VUs, 1561 complete and 0 interrupted iterations
normal_day   [  82% ] 040/100 VUs  08m10.8s/10m0s  3.64 iters/s

running (08m11.8s), 041/100 VUs, 1563 complete and 0 interrupted iterations
normal_day   [  82% ] 041/100 VUs  08m11.8s/10m0s  3.61 iters/s

running (08m12.8s), 039/100 VUs, 1569 complete and 0 interrupted iterations
normal_day   [  82% ] 039/100 VUs  08m12.8s/10m0s  3.57 iters/s

running (08m13.8s), 038/100 VUs, 1574 complete and 0 interrupted iterations
normal_day   [  82% ] 038/100 VUs  08m13.8s/10m0s  3.54 iters/s

running (08m14.8s), 039/100 VUs, 1576 complete and 0 interrupted iterations
normal_day   [  82% ] 039/100 VUs  08m14.8s/10m0s  3.51 iters/s

running (08m15.8s), 036/100 VUs, 1583 complete and 0 interrupted iterations
normal_day   [  83% ] 036/100 VUs  08m15.8s/10m0s  3.47 iters/s

running (08m16.8s), 036/100 VUs, 1586 complete and 0 interrupted iterations
normal_day   [  83% ] 036/100 VUs  08m16.8s/10m0s  3.44 iters/s

running (08m17.8s), 031/100 VUs, 1595 complete and 0 interrupted iterations
normal_day   [  83% ] 031/100 VUs  08m17.8s/10m0s  3.40 iters/s

running (08m18.8s), 030/100 VUs, 1599 complete and 0 interrupted iterations
normal_day   [  83% ] 030/100 VUs  08m18.8s/10m0s  3.37 iters/s

running (08m19.8s), 029/100 VUs, 1603 complete and 0 interrupted iterations
normal_day   [  83% ] 029/100 VUs  08m19.8s/10m0s  3.34 iters/s

running (08m20.8s), 030/100 VUs, 1606 complete and 0 interrupted iterations
normal_day   [  83% ] 030/100 VUs  08m20.8s/10m0s  3.30 iters/s

running (08m21.8s), 032/100 VUs, 1607 complete and 0 interrupted iterations
normal_day   [  84% ] 032/100 VUs  08m21.8s/10m0s  3.27 iters/s

running (08m22.8s), 030/100 VUs, 1612 complete and 0 interrupted iterations
normal_day   [  84% ] 030/100 VUs  08m22.8s/10m0s  3.24 iters/s

running (08m23.8s), 030/100 VUs, 1615 complete and 0 interrupted iterations
normal_day   [  84% ] 030/100 VUs  08m23.8s/10m0s  3.21 iters/s

running (08m24.8s), 030/100 VUs, 1619 complete and 0 interrupted iterations
normal_day   [  84% ] 030/100 VUs  08m24.8s/10m0s  3.17 iters/s

running (08m25.8s), 030/100 VUs, 1622 complete and 0 interrupted iterations
normal_day   [  84% ] 030/100 VUs  08m25.8s/10m0s  3.14 iters/s

running (08m26.8s), 029/100 VUs, 1626 complete and 0 interrupted iterations
normal_day   [  84% ] 029/100 VUs  08m26.8s/10m0s  3.10 iters/s

running (08m27.8s), 028/100 VUs, 1630 complete and 0 interrupted iterations
normal_day   [  85% ] 028/100 VUs  08m27.8s/10m0s  3.07 iters/s

running (08m28.8s), 028/100 VUs, 1633 complete and 0 interrupted iterations
normal_day   [  85% ] 028/100 VUs  08m28.8s/10m0s  3.04 iters/s

running (08m29.8s), 030/100 VUs, 1634 complete and 0 interrupted iterations
normal_day   [  85% ] 030/100 VUs  08m29.8s/10m0s  3.01 iters/s

running (08m30.8s), 030/100 VUs, 1637 complete and 0 interrupted iterations
normal_day   [  85% ] 030/100 VUs  08m30.8s/10m0s  2.97 iters/s

running (08m31.8s), 028/100 VUs, 1642 complete and 0 interrupted iterations
normal_day   [  85% ] 028/100 VUs  08m31.8s/10m0s  2.94 iters/s

running (08m32.8s), 028/100 VUs, 1645 complete and 0 interrupted iterations
normal_day   [  85% ] 028/100 VUs  08m32.8s/10m0s  2.90 iters/s

running (08m33.8s), 028/100 VUs, 1648 complete and 0 interrupted iterations
normal_day   [  86% ] 028/100 VUs  08m33.8s/10m0s  2.87 iters/s

running (08m34.8s), 029/100 VUs, 1650 complete and 0 interrupted iterations
normal_day   [  86% ] 029/100 VUs  08m34.8s/10m0s  2.83 iters/s

running (08m35.8s), 028/100 VUs, 1653 complete and 0 interrupted iterations
normal_day   [  86% ] 028/100 VUs  08m35.8s/10m0s  2.81 iters/s

running (08m36.8s), 030/100 VUs, 1654 complete and 0 interrupted iterations
normal_day   [  86% ] 030/100 VUs  08m36.8s/10m0s  2.77 iters/s

running (08m37.8s), 027/100 VUs, 1660 complete and 0 interrupted iterations
normal_day   [  86% ] 027/100 VUs  08m37.8s/10m0s  2.74 iters/s

running (08m38.8s), 027/100 VUs, 1663 complete and 0 interrupted iterations
normal_day   [  86% ] 027/100 VUs  08m38.8s/10m0s  2.70 iters/s

running (08m39.8s), 027/100 VUs, 1665 complete and 0 interrupted iterations
normal_day   [  87% ] 027/100 VUs  08m39.8s/10m0s  2.68 iters/s

running (08m40.8s), 028/100 VUs, 1667 complete and 0 interrupted iterations
normal_day   [  87% ] 028/100 VUs  08m40.8s/10m0s  2.64 iters/s

running (08m41.8s), 028/100 VUs, 1670 complete and 0 interrupted iterations
normal_day   [  87% ] 028/100 VUs  08m41.8s/10m0s  2.60 iters/s

running (08m42.8s), 029/100 VUs, 1671 complete and 0 interrupted iterations
normal_day   [  87% ] 029/100 VUs  08m42.8s/10m0s  2.58 iters/s

running (08m43.8s), 028/100 VUs, 1675 complete and 0 interrupted iterations
normal_day   [  87% ] 028/100 VUs  08m43.8s/10m0s  2.54 iters/s

running (08m44.8s), 027/100 VUs, 1678 complete and 0 interrupted iterations
normal_day   [  87% ] 027/100 VUs  08m44.8s/10m0s  2.51 iters/s

running (08m45.8s), 028/100 VUs, 1680 complete and 0 interrupted iterations
normal_day   [  88% ] 028/100 VUs  08m45.8s/10m0s  2.47 iters/s

running (08m46.8s), 025/100 VUs, 1685 complete and 0 interrupted iterations
normal_day   [  88% ] 025/100 VUs  08m46.8s/10m0s  2.44 iters/s

running (08m47.8s), 026/100 VUs, 1687 complete and 0 interrupted iterations
normal_day   [  88% ] 026/100 VUs  08m47.8s/10m0s  2.40 iters/s

running (08m48.8s), 024/100 VUs, 1691 complete and 0 interrupted iterations
normal_day   [  88% ] 024/100 VUs  08m48.8s/10m0s  2.37 iters/s

running (08m49.8s), 026/100 VUs, 1691 complete and 0 interrupted iterations
normal_day   [  88% ] 026/100 VUs  08m49.8s/10m0s  2.35 iters/s

running (08m50.8s), 028/100 VUs, 1692 complete and 0 interrupted iterations
normal_day   [  88% ] 028/100 VUs  08m50.8s/10m0s  2.30 iters/s

running (08m51.8s), 026/100 VUs, 1696 complete and 0 interrupted iterations
normal_day   [  89% ] 026/100 VUs  08m51.8s/10m0s  2.27 iters/s

running (08m52.8s), 027/100 VUs, 1697 complete and 0 interrupted iterations
normal_day   [  89% ] 027/100 VUs  08m52.8s/10m0s  2.24 iters/s

running (08m53.8s), 024/100 VUs, 1703 complete and 0 interrupted iterations
normal_day   [  89% ] 024/100 VUs  08m53.8s/10m0s  2.20 iters/s

running (08m54.8s), 025/100 VUs, 1704 complete and 0 interrupted iterations
normal_day   [  89% ] 025/100 VUs  08m54.8s/10m0s  2.17 iters/s

running (08m55.8s), 024/100 VUs, 1707 complete and 0 interrupted iterations
normal_day   [  89% ] 024/100 VUs  08m55.8s/10m0s  2.14 iters/s

running (08m56.8s), 024/100 VUs, 1709 complete and 0 interrupted iterations
normal_day   [  89% ] 024/100 VUs  08m56.8s/10m0s  2.11 iters/s

running (08m57.8s), 023/100 VUs, 1712 complete and 0 interrupted iterations
normal_day   [  90% ] 023/100 VUs  08m57.8s/10m0s  2.07 iters/s

running (08m58.8s), 021/100 VUs, 1716 complete and 0 interrupted iterations
normal_day   [  90% ] 021/100 VUs  08m58.8s/10m0s  2.04 iters/s

running (08m59.8s), 023/100 VUs, 1716 complete and 0 interrupted iterations
normal_day   [  90% ] 023/100 VUs  08m59.8s/10m0s  2.01 iters/s

running (09m00.8s), 021/100 VUs, 1720 complete and 0 interrupted iterations
normal_day   [  90% ] 021/100 VUs  09m00.8s/10m0s  1.97 iters/s

running (09m01.8s), 022/100 VUs, 1721 complete and 0 interrupted iterations
normal_day   [  90% ] 022/100 VUs  09m01.8s/10m0s  1.94 iters/s

running (09m02.8s), 022/100 VUs, 1723 complete and 0 interrupted iterations
normal_day   [  90% ] 022/100 VUs  09m02.8s/10m0s  1.91 iters/s

running (09m03.8s), 022/100 VUs, 1725 complete and 0 interrupted iterations
normal_day   [  91% ] 022/100 VUs  09m03.8s/10m0s  1.87 iters/s

running (09m04.8s), 024/100 VUs, 1725 complete and 0 interrupted iterations
normal_day   [  91% ] 024/100 VUs  09m04.8s/10m0s  1.83 iters/s

running (09m05.8s), 023/100 VUs, 1728 complete and 0 interrupted iterations
normal_day   [  91% ] 023/100 VUs  09m05.8s/10m0s  1.80 iters/s

running (09m06.8s), 020/100 VUs, 1732 complete and 0 interrupted iterations
normal_day   [  91% ] 020/100 VUs  09m06.8s/10m0s  1.78 iters/s

running (09m07.8s), 020/100 VUs, 1734 complete and 0 interrupted iterations
normal_day   [  91% ] 020/100 VUs  09m07.8s/10m0s  1.74 iters/s

running (09m08.8s), 020/100 VUs, 1736 complete and 0 interrupted iterations
normal_day   [  91% ] 020/100 VUs  09m08.8s/10m0s  1.70 iters/s

running (09m09.8s), 017/100 VUs, 1741 complete and 0 interrupted iterations
normal_day   [  92% ] 017/100 VUs  09m09.8s/10m0s  1.66 iters/s

running (09m10.8s), 015/100 VUs, 1744 complete and 0 interrupted iterations
normal_day   [  92% ] 015/100 VUs  09m10.8s/10m0s  1.64 iters/s

running (09m11.8s), 014/100 VUs, 1747 complete and 0 interrupted iterations
normal_day   [  92% ] 014/100 VUs  09m11.8s/10m0s  1.60 iters/s

running (09m12.8s), 014/100 VUs, 1748 complete and 0 interrupted iterations
normal_day   [  92% ] 014/100 VUs  09m12.8s/10m0s  1.58 iters/s

running (09m13.8s), 015/100 VUs, 1749 complete and 0 interrupted iterations
normal_day   [  92% ] 015/100 VUs  09m13.8s/10m0s  1.54 iters/s

running (09m14.8s), 014/100 VUs, 1751 complete and 0 interrupted iterations
normal_day   [  92% ] 014/100 VUs  09m14.8s/10m0s  1.52 iters/s

running (09m15.8s), 014/100 VUs, 1753 complete and 0 interrupted iterations
normal_day   [  93% ] 014/100 VUs  09m15.8s/10m0s  1.47 iters/s

running (09m16.8s), 015/100 VUs, 1753 complete and 0 interrupted iterations
normal_day   [  93% ] 015/100 VUs  09m16.8s/10m0s  1.45 iters/s

running (09m17.8s), 016/100 VUs, 1754 complete and 0 interrupted iterations
normal_day   [  93% ] 016/100 VUs  09m17.8s/10m0s  1.40 iters/s

running (09m18.8s), 014/100 VUs, 1757 complete and 0 interrupted iterations
normal_day   [  93% ] 014/100 VUs  09m18.8s/10m0s  1.38 iters/s

running (09m19.8s), 014/100 VUs, 1759 complete and 0 interrupted iterations
normal_day   [  93% ] 014/100 VUs  09m19.8s/10m0s  1.33 iters/s

running (09m20.8s), 013/100 VUs, 1761 complete and 0 interrupted iterations
normal_day   [  93% ] 013/100 VUs  09m20.8s/10m0s  1.30 iters/s

running (09m21.8s), 013/100 VUs, 1762 complete and 0 interrupted iterations
normal_day   [  94% ] 013/100 VUs  09m21.8s/10m0s  1.28 iters/s

running (09m22.8s), 012/100 VUs, 1764 complete and 0 interrupted iterations
normal_day   [  94% ] 012/100 VUs  09m22.8s/10m0s  1.25 iters/s

running (09m23.8s), 013/100 VUs, 1765 complete and 0 interrupted iterations
normal_day   [  94% ] 013/100 VUs  09m23.8s/10m0s  1.20 iters/s

running (09m24.8s), 014/100 VUs, 1765 complete and 0 interrupted iterations
normal_day   [  94% ] 014/100 VUs  09m24.8s/10m0s  1.17 iters/s

running (09m25.8s), 013/100 VUs, 1767 complete and 0 interrupted iterations
normal_day   [  94% ] 013/100 VUs  09m25.8s/10m0s  1.14 iters/s

running (09m26.8s), 013/100 VUs, 1768 complete and 0 interrupted iterations
normal_day   [  94% ] 013/100 VUs  09m26.8s/10m0s  1.11 iters/s

running (09m27.8s), 012/100 VUs, 1770 complete and 0 interrupted iterations
normal_day   [  95% ] 012/100 VUs  09m27.8s/10m0s  1.08 iters/s

running (09m28.8s), 011/100 VUs, 1772 complete and 0 interrupted iterations
normal_day   [  95% ] 011/100 VUs  09m28.8s/10m0s  1.05 iters/s

running (09m29.8s), 011/100 VUs, 1773 complete and 0 interrupted iterations
normal_day   [  95% ] 011/100 VUs  09m29.8s/10m0s  1.02 iters/s

running (09m30.8s), 011/100 VUs, 1774 complete and 0 interrupted iterations
normal_day   [  95% ] 011/100 VUs  09m30.8s/10m0s  0.98 iters/s

running (09m31.8s), 011/100 VUs, 1775 complete and 0 interrupted iterations
normal_day   [  95% ] 011/100 VUs  09m31.8s/10m0s  0.95 iters/s

running (09m32.8s), 010/100 VUs, 1777 complete and 0 interrupted iterations
normal_day   [  95% ] 010/100 VUs  09m32.8s/10m0s  0.91 iters/s

running (09m33.8s), 010/100 VUs, 1778 complete and 0 interrupted iterations
normal_day   [  96% ] 010/100 VUs  09m33.8s/10m0s  0.88 iters/s

running (09m34.8s), 010/100 VUs, 1779 complete and 0 interrupted iterations
normal_day   [  96% ] 010/100 VUs  09m34.8s/10m0s  0.84 iters/s

running (09m35.8s), 010/100 VUs, 1780 complete and 0 interrupted iterations
normal_day   [  96% ] 010/100 VUs  09m35.8s/10m0s  0.80 iters/s

running (09m36.8s), 009/100 VUs, 1782 complete and 0 interrupted iterations
normal_day   [  96% ] 009/100 VUs  09m36.8s/10m0s  0.75 iters/s

running (09m37.8s), 008/100 VUs, 1783 complete and 0 interrupted iterations
normal_day   [  96% ] 008/100 VUs  09m37.8s/10m0s  0.75 iters/s

running (09m38.8s), 009/100 VUs, 1783 complete and 0 interrupted iterations
normal_day   [  96% ] 009/100 VUs  09m38.8s/10m0s  0.71 iters/s

running (09m39.8s), 008/100 VUs, 1785 complete and 0 interrupted iterations
normal_day   [  97% ] 008/100 VUs  09m39.8s/10m0s  0.66 iters/s

running (09m40.8s), 006/100 VUs, 1787 complete and 0 interrupted iterations
normal_day   [  97% ] 006/100 VUs  09m40.8s/10m0s  0.66 iters/s

running (09m41.8s), 007/100 VUs, 1787 complete and 0 interrupted iterations
normal_day   [  97% ] 007/100 VUs  09m41.8s/10m0s  0.60 iters/s

running (09m42.8s), 005/100 VUs, 1790 complete and 0 interrupted iterations
normal_day   [  97% ] 005/100 VUs  09m42.8s/10m0s  0.55 iters/s

running (09m43.8s), 004/100 VUs, 1791 complete and 0 interrupted iterations
normal_day   [  97% ] 004/100 VUs  09m43.8s/10m0s  0.55 iters/s

running (09m44.8s), 003/100 VUs, 1793 complete and 0 interrupted iterations
normal_day   [  97% ] 003/100 VUs  09m44.8s/10m0s  0.48 iters/s

running (09m45.8s), 003/100 VUs, 1793 complete and 0 interrupted iterations
normal_day   [  98% ] 003/100 VUs  09m45.8s/10m0s  0.48 iters/s

running (09m46.8s), 004/100 VUs, 1793 complete and 0 interrupted iterations
normal_day   [  98% ] 004/100 VUs  09m46.8s/10m0s  0.41 iters/s

running (09m47.8s), 003/100 VUs, 1794 complete and 0 interrupted iterations
normal_day   [  98% ] 003/100 VUs  09m47.8s/10m0s  0.41 iters/s

running (09m48.8s), 003/100 VUs, 1794 complete and 0 interrupted iterations
normal_day   [  98% ] 003/100 VUs  09m48.8s/10m0s  0.41 iters/s

running (09m49.8s), 004/100 VUs, 1794 complete and 0 interrupted iterations
normal_day   [  98% ] 004/100 VUs  09m49.8s/10m0s  0.31 iters/s

running (09m50.8s), 004/100 VUs, 1794 complete and 0 interrupted iterations
normal_day   [  98% ] 004/100 VUs  09m50.8s/10m0s  0.31 iters/s

running (09m51.8s), 004/100 VUs, 1794 complete and 0 interrupted iterations
normal_day   [  99% ] 004/100 VUs  09m51.8s/10m0s  0.31 iters/s

running (09m52.8s), 005/100 VUs, 1794 complete and 0 interrupted iterations
normal_day   [  99% ] 005/100 VUs  09m52.8s/10m0s  0.13 iters/s

running (09m53.8s), 005/100 VUs, 1794 complete and 0 interrupted iterations
normal_day   [  99% ] 005/100 VUs  09m53.8s/10m0s  0.13 iters/s

running (09m54.8s), 004/100 VUs, 1795 complete and 0 interrupted iterations
normal_day   [  99% ] 004/100 VUs  09m54.8s/10m0s  0.13 iters/s

running (09m55.8s), 004/100 VUs, 1795 complete and 0 interrupted iterations
normal_day   [  99% ] 004/100 VUs  09m55.8s/10m0s  0.13 iters/s

running (09m56.8s), 004/100 VUs, 1795 complete and 0 interrupted iterations
normal_day   [  99% ] 004/100 VUs  09m56.8s/10m0s  0.13 iters/s

running (09m57.8s), 002/100 VUs, 1797 complete and 0 interrupted iterations
normal_day   [ 100% ] 002/100 VUs  09m57.8s/10m0s  0.13 iters/s

running (09m58.8s), 002/100 VUs, 1797 complete and 0 interrupted iterations
normal_day   [ 100% ] 002/100 VUs  09m58.8s/10m0s  0.13 iters/s

running (09m59.8s), 001/100 VUs, 1798 complete and 0 interrupted iterations
normal_day   [ 100% ] 001/100 VUs  09m59.8s/10m0s  0.13 iters/s

running (10m00.8s), 001/100 VUs, 1798 complete and 0 interrupted iterations
normal_day ↓ [ 100% ] 001/100 VUs  10m0s  0.13 iters/s
[32m     ✓ login 200[0m
[32m     ✓ board list 200[0m
[32m     ✓ hot daily 200[0m
[32m     ✓ post list 200[0m
[32m     ✓ post create 2xx[0m
[32m     ✓ post detail 200[0m
[32m     ✓ chat rooms 200[0m
[32m     ✓ comment list 200[0m
[32m     ✓ chat messages 200[0m
[32m     ✓ chat read 200[0m
[32m     ✓ unread count 200[0m
[32m     ✓ notif list 200[0m
[32m     ✓ comment create 2xx[0m
[32m     ✓ post search 200[0m
[32m     ✓ friend list 200[0m
[32m     ✓ meal today 200[0m
[32m     ✓ received reqs 200[0m
[32m     ✓ timetable today 200[0m
[32m     ✓ meal month 200[0m
[32m     ✓ comment reaction 200[0m
[32m     ✓ post reaction 2xx[0m
[32m     ✓ post update 200[0m
[32m     ✓ post delete 200[0m
[32m     ✓ user info 200[0m
[32m     ✓ my posts 200[0m
[32m     ✓ scrap 2xx[0m
[32m     ✓ read all 200[0m
[32m     ✓ refresh 200[0m
[32m     ✓ read one 200[0m
[32m     ✓ ws handshake 101[0m
[32m     ✓ logout 200[0m

     auth_token_refreshes[2m.............:[0m [36m22[0m      [36;2m0.036584/s[0m
     chat_ws_messages_sent[2m............:[0m [36m463[0m     [36;2m0.769934/s[0m
     chat_ws_rtt[2m......................:[0m avg=[36m30.56ms[0m  min=[36m14ms[0m    med=[36m20ms[0m     max=[36m2.01s[0m    p(90)=[36m31ms[0m     p(95)=[36m35ms[0m     p(99)=[36m50.75ms[0m 
     checks[2m...........................:[0m [36m100.00%[0m [36;2m✓ 7738[0m      [36;2m✗ 0[0m    
     [32m✓[0m { phase:measure }[2m..............:[0m [36m100.00%[0m [36;2m✓ 5155[0m      [36;2m✗ 0[0m    
     [32m✓[0m { phase:rampdown }[2m.............:[0m [36m100.00%[0m [36;2m✓ 1086[0m      [36;2m✗ 0[0m    
     [32m✓[0m { phase:warmup }[2m...............:[0m [36m100.00%[0m [36;2m✓ 1497[0m      [36;2m✗ 0[0m    
     data_received[2m....................:[0m [36m334 MB[0m  [36;2m556 kB/s[0m
     data_sent[2m........................:[0m [36m3.1 MB[0m  [36;2m5.2 kB/s[0m
     http_req_blocked[2m.................:[0m avg=[36m29.37µs[0m  min=[36m1.66µs[0m  med=[36m5.37µs[0m   max=[36m117.25ms[0m p(90)=[36m10.41µs[0m  p(95)=[36m14.53µs[0m  p(99)=[36m287.1µs[0m 
     http_req_connecting[2m..............:[0m avg=[36m6.05µs[0m   min=[36m0s[0m      med=[36m0s[0m       max=[36m18.5ms[0m   p(90)=[36m0s[0m       p(95)=[36m0s[0m       p(99)=[36m196.29µs[0m
     http_req_duration[2m................:[0m avg=[36m85.01ms[0m  min=[36m1.71ms[0m  med=[36m6.63ms[0m   max=[36m10.02s[0m   p(90)=[36m77.55ms[0m  p(95)=[36m365.15ms[0m p(99)=[36m1.9s[0m    
       { expected_response:true }[2m.....:[0m avg=[36m85.01ms[0m  min=[36m1.71ms[0m  med=[36m6.63ms[0m   max=[36m10.02s[0m   p(90)=[36m77.55ms[0m  p(95)=[36m365.15ms[0m p(99)=[36m1.9s[0m    
     [32m✓[0m { feature:auth }[2m...............:[0m avg=[36m93.25ms[0m  min=[36m12.8ms[0m  med=[36m82.76ms[0m  max=[36m760.21ms[0m p(90)=[36m109.78ms[0m p(95)=[36m214.59ms[0m p(99)=[36m514.79ms[0m
     [32m✓[0m { feature:board }[2m..............:[0m avg=[36m22.45ms[0m  min=[36m1.77ms[0m  med=[36m3.42ms[0m   max=[36m2.02s[0m    p(90)=[36m7.36ms[0m   p(95)=[36m8.72ms[0m   p(99)=[36m465.55ms[0m
     [32m✓[0m { feature:chat }[2m...............:[0m avg=[36m27.23ms[0m  min=[36m2.18ms[0m  med=[36m5.3ms[0m    max=[36m3.1s[0m     p(90)=[36m10.99ms[0m  p(95)=[36m14.12ms[0m  p(99)=[36m171.56ms[0m
     [32m✓[0m { feature:comment }[2m............:[0m avg=[36m368.67ms[0m min=[36m1.9ms[0m   med=[36m56.27ms[0m  max=[36m10.02s[0m   p(90)=[36m1.48s[0m    p(95)=[36m1.79s[0m    p(99)=[36m2.54s[0m   
     [32m✓[0m { feature:friend }[2m.............:[0m avg=[36m19.1ms[0m   min=[36m2ms[0m     med=[36m4.2ms[0m    max=[36m2.01s[0m    p(90)=[36m7.98ms[0m   p(95)=[36m11.16ms[0m  p(99)=[36m19.2ms[0m  
     [32m✓[0m { feature:hot }[2m................:[0m avg=[36m26.44ms[0m  min=[36m7.42ms[0m  med=[36m11.66ms[0m  max=[36m3.62s[0m    p(90)=[36m21.38ms[0m  p(95)=[36m29.55ms[0m  p(99)=[36m51.06ms[0m 
     [32m✓[0m { feature:mypage }[2m.............:[0m avg=[36m6.76ms[0m   min=[36m2.02ms[0m  med=[36m3.48ms[0m   max=[36m251.58ms[0m p(90)=[36m7.96ms[0m   p(95)=[36m9.91ms[0m   p(99)=[36m23.35ms[0m 
     [32m✓[0m { feature:notification }[2m.......:[0m avg=[36m38.82ms[0m  min=[36m1.79ms[0m  med=[36m6.56ms[0m   max=[36m3.42s[0m    p(90)=[36m19.61ms[0m  p(95)=[36m26.05ms[0m  p(99)=[36m1.23s[0m   
     [32m✓[0m { feature:post }[2m...............:[0m avg=[36m18.48ms[0m  min=[36m1.72ms[0m  med=[36m5.38ms[0m   max=[36m4.25s[0m    p(90)=[36m14.57ms[0m  p(95)=[36m23.13ms[0m  p(99)=[36m52.37ms[0m 
     [32m✓[0m { feature:reaction }[2m...........:[0m avg=[36m41.39ms[0m  min=[36m14.94ms[0m med=[36m21.83ms[0m  max=[36m2.12s[0m    p(90)=[36m36.85ms[0m  p(95)=[36m44.66ms[0m  p(99)=[36m199.54ms[0m
     [32m✓[0m { feature:school }[2m.............:[0m avg=[36m41.41ms[0m  min=[36m2.34ms[0m  med=[36m4.73ms[0m   max=[36m1.67s[0m    p(90)=[36m9.38ms[0m   p(95)=[36m11.67ms[0m  p(99)=[36m1.04s[0m   
     [32m✓[0m { feature:scrap }[2m..............:[0m avg=[36m22.88ms[0m  min=[36m14.11ms[0m med=[36m20.63ms[0m  max=[36m44.86ms[0m  p(90)=[36m35.71ms[0m  p(95)=[36m37.61ms[0m  p(99)=[36m43.45ms[0m 
     [32m✓[0m { feature:timetable }[2m..........:[0m avg=[36m4.6ms[0m    min=[36m1.71ms[0m  med=[36m3.19ms[0m   max=[36m34.77ms[0m  p(90)=[36m6.89ms[0m   p(95)=[36m8.86ms[0m   p(99)=[36m26.17ms[0m 
     [32m✓[0m { name:board_list }[2m............:[0m avg=[36m22.45ms[0m  min=[36m1.77ms[0m  med=[36m3.42ms[0m   max=[36m2.02s[0m    p(90)=[36m7.36ms[0m   p(95)=[36m8.72ms[0m   p(99)=[36m465.55ms[0m
     [32m✓[0m { name:chat_mark_read }[2m........:[0m avg=[36m40.1ms[0m   min=[36m2.48ms[0m  med=[36m4.33ms[0m   max=[36m3.1s[0m     p(90)=[36m10.24ms[0m  p(95)=[36m16.42ms[0m  p(99)=[36m1.03s[0m   
     [32m✓[0m { name:chat_messages }[2m.........:[0m avg=[36m14.72ms[0m  min=[36m3.33ms[0m  med=[36m5.12ms[0m   max=[36m1.28s[0m    p(90)=[36m10.1ms[0m   p(95)=[36m13.69ms[0m  p(99)=[36m30.33ms[0m 
     [32m✓[0m { name:chat_read_status }[2m......:[0m avg=[36m0s[0m       min=[36m0s[0m      med=[36m0s[0m       max=[36m0s[0m       p(90)=[36m0s[0m       p(95)=[36m0s[0m       p(99)=[36m0s[0m      
     [32m✓[0m { name:chat_rooms }[2m............:[0m avg=[36m27.09ms[0m  min=[36m2.18ms[0m  med=[36m5.77ms[0m   max=[36m2.97s[0m    p(90)=[36m11.48ms[0m  p(95)=[36m14.14ms[0m  p(99)=[36m172.29ms[0m
     [32m✓[0m { name:comment_create }[2m........:[0m avg=[36m44.82ms[0m  min=[36m26.92ms[0m med=[36m34.94ms[0m  max=[36m586.96ms[0m p(90)=[36m53.09ms[0m  p(95)=[36m64.29ms[0m  p(99)=[36m167.18ms[0m
     [32m✓[0m { name:comment_delete }[2m........:[0m avg=[36m0s[0m       min=[36m0s[0m      med=[36m0s[0m       max=[36m0s[0m       p(90)=[36m0s[0m       p(95)=[36m0s[0m       p(99)=[36m0s[0m      
     [32m✓[0m { name:comment_list }[2m..........:[0m avg=[36m390.58ms[0m min=[36m1.9ms[0m   med=[36m67.35ms[0m  max=[36m10.02s[0m   p(90)=[36m1.56s[0m    p(95)=[36m1.82s[0m    p(99)=[36m2.57s[0m   
     [32m✓[0m { name:comment_reaction }[2m......:[0m avg=[36m23.57ms[0m  min=[36m15.77ms[0m med=[36m21.18ms[0m  max=[36m51.65ms[0m  p(90)=[36m31.59ms[0m  p(95)=[36m36.65ms[0m  p(99)=[36m46.42ms[0m 
     [32m✓[0m { name:comment_update }[2m........:[0m avg=[36m0s[0m       min=[36m0s[0m      med=[36m0s[0m       max=[36m0s[0m       p(90)=[36m0s[0m       p(95)=[36m0s[0m       p(99)=[36m0s[0m      
     [32m✓[0m { name:friend_list }[2m...........:[0m avg=[36m25.21ms[0m  min=[36m2.55ms[0m  med=[36m4.23ms[0m   max=[36m2.01s[0m    p(90)=[36m8.08ms[0m   p(95)=[36m12.25ms[0m  p(99)=[36m40.91ms[0m 
     [32m✓[0m { name:friend_req_received }[2m...:[0m avg=[36m4.54ms[0m   min=[36m2ms[0m     med=[36m3.96ms[0m   max=[36m9.92ms[0m   p(90)=[36m7.86ms[0m   p(95)=[36m8.3ms[0m    p(99)=[36m9.53ms[0m  
     [32m✓[0m { name:friend_request }[2m........:[0m avg=[36m0s[0m       min=[36m0s[0m      med=[36m0s[0m       max=[36m0s[0m       p(90)=[36m0s[0m       p(95)=[36m0s[0m       p(99)=[36m0s[0m      
     [32m✓[0m { name:friend_respond }[2m........:[0m avg=[36m0s[0m       min=[36m0s[0m      med=[36m0s[0m       max=[36m0s[0m       p(90)=[36m0s[0m       p(95)=[36m0s[0m       p(99)=[36m0s[0m      
     [32m✓[0m { name:friend_search }[2m.........:[0m avg=[36m0s[0m       min=[36m0s[0m      med=[36m0s[0m       max=[36m0s[0m       p(90)=[36m0s[0m       p(95)=[36m0s[0m       p(99)=[36m0s[0m      
     [32m✓[0m { name:hot_daily }[2m.............:[0m avg=[36m26.44ms[0m  min=[36m7.42ms[0m  med=[36m11.66ms[0m  max=[36m3.62s[0m    p(90)=[36m21.38ms[0m  p(95)=[36m29.55ms[0m  p(99)=[36m51.06ms[0m 
     [32m✓[0m { name:login }[2m.................:[0m avg=[36m113.72ms[0m min=[36m69.33ms[0m med=[36m85.7ms[0m   max=[36m760.21ms[0m p(90)=[36m132.05ms[0m p(95)=[36m306.71ms[0m p(99)=[36m537.15ms[0m
     [32m✓[0m { name:logout }[2m................:[0m avg=[36m20.8ms[0m   min=[36m12.8ms[0m  med=[36m19.78ms[0m  max=[36m31.46ms[0m  p(90)=[36m27.17ms[0m  p(95)=[36m29.32ms[0m  p(99)=[36m31.03ms[0m 
     [32m✓[0m { name:meal_month }[2m............:[0m avg=[36m6.11ms[0m   min=[36m3.36ms[0m  med=[36m5.1ms[0m    max=[36m12.05ms[0m  p(90)=[36m9.44ms[0m   p(95)=[36m10.75ms[0m  p(99)=[36m11.79ms[0m 
     [32m✓[0m { name:meal_today }[2m............:[0m avg=[36m45ms[0m     min=[36m2.34ms[0m  med=[36m4.73ms[0m   max=[36m1.67s[0m    p(90)=[36m9.06ms[0m   p(95)=[36m10.38ms[0m  p(99)=[36m1.1s[0m    
     [32m✓[0m { name:my_comments }[2m...........:[0m avg=[36m0s[0m       min=[36m0s[0m      med=[36m0s[0m       max=[36m0s[0m       p(90)=[36m0s[0m       p(95)=[36m0s[0m       p(99)=[36m0s[0m      
     [32m✓[0m { name:my_posts }[2m..............:[0m avg=[36m4.78ms[0m   min=[36m2.17ms[0m  med=[36m3.76ms[0m   max=[36m24.64ms[0m  p(90)=[36m7.62ms[0m   p(95)=[36m8.84ms[0m   p(99)=[36m17.18ms[0m 
     [32m✓[0m { name:notif_list }[2m............:[0m avg=[36m16.61ms[0m  min=[36m5.11ms[0m  med=[36m8.96ms[0m   max=[36m457.15ms[0m p(90)=[36m18.06ms[0m  p(95)=[36m23.89ms[0m  p(99)=[36m133.13ms[0m
     [32m✓[0m { name:notif_read_all }[2m........:[0m avg=[36m19.69ms[0m  min=[36m3.15ms[0m  med=[36m18.95ms[0m  max=[36m49.57ms[0m  p(90)=[36m26.22ms[0m  p(95)=[36m29.97ms[0m  p(99)=[36m45.65ms[0m 
     [32m✓[0m { name:notif_read_one }[2m........:[0m avg=[36m110.94ms[0m min=[36m2.41ms[0m  med=[36m15.76ms[0m  max=[36m3.42s[0m    p(90)=[36m27.38ms[0m  p(95)=[36m31.25ms[0m  p(99)=[36m2.23s[0m   
     [32m✓[0m { name:notif_unread_count }[2m....:[0m avg=[36m36.55ms[0m  min=[36m1.79ms[0m  med=[36m3.71ms[0m   max=[36m2.56s[0m    p(90)=[36m8.94ms[0m   p(95)=[36m10.71ms[0m  p(99)=[36m1.38s[0m   
     [32m✓[0m { name:post_create }[2m...........:[0m avg=[36m49.59ms[0m  min=[36m14.81ms[0m med=[36m21.38ms[0m  max=[36m1.75s[0m    p(90)=[36m34.77ms[0m  p(95)=[36m58.09ms[0m  p(99)=[36m519.64ms[0m
     [32m✓[0m { name:post_delete }[2m...........:[0m avg=[36m18.58ms[0m  min=[36m13.19ms[0m med=[36m18.2ms[0m   max=[36m34.49ms[0m  p(90)=[36m22.97ms[0m  p(95)=[36m23.65ms[0m  p(99)=[36m32.32ms[0m 
     [32m✓[0m { name:post_detail }[2m...........:[0m avg=[36m15.35ms[0m  min=[36m3.21ms[0m  med=[36m5.49ms[0m   max=[36m4.25s[0m    p(90)=[36m10.59ms[0m  p(95)=[36m12.97ms[0m  p(99)=[36m20.52ms[0m 
     [32m✓[0m { name:post_list_deep }[2m........:[0m avg=[36m0s[0m       min=[36m0s[0m      med=[36m0s[0m       max=[36m0s[0m       p(90)=[36m0s[0m       p(95)=[36m0s[0m       p(99)=[36m0s[0m      
     [32m✓[0m { name:post_list }[2m.............:[0m avg=[36m25.13ms[0m  min=[36m1.72ms[0m  med=[36m3.62ms[0m   max=[36m3.22s[0m    p(90)=[36m27.07ms[0m  p(95)=[36m34.89ms[0m  p(99)=[36m139.3ms[0m 
     [32m✓[0m { name:post_reaction }[2m.........:[0m avg=[36m47.38ms[0m  min=[36m14.94ms[0m med=[36m22.32ms[0m  max=[36m2.12s[0m    p(90)=[36m37.93ms[0m  p(95)=[36m45.58ms[0m  p(99)=[36m224.64ms[0m
     [32m✓[0m { name:post_search }[2m...........:[0m avg=[36m18.97ms[0m  min=[36m11.66ms[0m med=[36m15.47ms[0m  max=[36m194.78ms[0m p(90)=[36m23.33ms[0m  p(95)=[36m25.06ms[0m  p(99)=[36m78.42ms[0m 
     [32m✓[0m { name:post_update }[2m...........:[0m avg=[36m21.33ms[0m  min=[36m12.85ms[0m med=[36m17.94ms[0m  max=[36m55.74ms[0m  p(90)=[36m31.86ms[0m  p(95)=[36m32.1ms[0m   p(99)=[36m51.01ms[0m 
     [32m✓[0m { name:school_search }[2m.........:[0m avg=[36m0s[0m       min=[36m0s[0m      med=[36m0s[0m       max=[36m0s[0m       p(90)=[36m0s[0m       p(95)=[36m0s[0m       p(99)=[36m0s[0m      
     [32m✓[0m { name:scrap_list }[2m............:[0m avg=[36m0s[0m       min=[36m0s[0m      med=[36m0s[0m       max=[36m0s[0m       p(90)=[36m0s[0m       p(95)=[36m0s[0m       p(99)=[36m0s[0m      
     [32m✓[0m { name:scrap_toggle }[2m..........:[0m avg=[36m22.88ms[0m  min=[36m14.11ms[0m med=[36m20.63ms[0m  max=[36m44.86ms[0m  p(90)=[36m35.71ms[0m  p(95)=[36m37.61ms[0m  p(99)=[36m43.45ms[0m 
     [32m✓[0m { name:subject_list }[2m..........:[0m avg=[36m0s[0m       min=[36m0s[0m      med=[36m0s[0m       max=[36m0s[0m       p(90)=[36m0s[0m       p(95)=[36m0s[0m       p(99)=[36m0s[0m      
     [32m✓[0m { name:template_list }[2m.........:[0m avg=[36m0s[0m       min=[36m0s[0m      med=[36m0s[0m       max=[36m0s[0m       p(90)=[36m0s[0m       p(95)=[36m0s[0m       p(99)=[36m0s[0m      
     [32m✓[0m { name:timetable_today }[2m.......:[0m avg=[36m4.6ms[0m    min=[36m1.71ms[0m  med=[36m3.19ms[0m   max=[36m34.77ms[0m  p(90)=[36m6.89ms[0m   p(95)=[36m8.86ms[0m   p(99)=[36m26.17ms[0m 
     [32m✓[0m { name:token_refresh }[2m.........:[0m avg=[36m23.86ms[0m  min=[36m15.35ms[0m med=[36m24.56ms[0m  max=[36m34.74ms[0m  p(90)=[36m31.85ms[0m  p(95)=[36m32.9ms[0m   p(99)=[36m34.36ms[0m 
     [32m✓[0m { name:user_info }[2m.............:[0m avg=[36m8.73ms[0m   min=[36m2.02ms[0m  med=[36m3.24ms[0m   max=[36m251.58ms[0m p(90)=[36m8.17ms[0m   p(95)=[36m10.32ms[0m  p(99)=[36m120.33ms[0m
     [32m✓[0m { op:auth }[2m....................:[0m avg=[36m93.25ms[0m  min=[36m12.8ms[0m  med=[36m82.76ms[0m  max=[36m760.21ms[0m p(90)=[36m109.78ms[0m p(95)=[36m214.59ms[0m p(99)=[36m514.79ms[0m
     [31m✗[0m { op:read,phase:measure }[2m......:[0m avg=[36m77.92ms[0m  min=[36m1.72ms[0m  med=[36m5.38ms[0m   max=[36m3.55s[0m    p(90)=[36m55.59ms[0m  p(95)=[36m371.48ms[0m p(99)=[36m1.81s[0m   
     [32m✓[0m { op:write,phase:measure }[2m.....:[0m avg=[36m21.69ms[0m  min=[36m2.48ms[0m  med=[36m18.96ms[0m  max=[36m230.74ms[0m p(90)=[36m36.71ms[0m  p(95)=[36m45.24ms[0m  p(99)=[36m65.93ms[0m 
     [32m✓[0m { page:0 }[2m.....................:[0m avg=[36m16.3ms[0m   min=[36m1.72ms[0m  med=[36m3.62ms[0m   max=[36m2.58s[0m    p(90)=[36m26.71ms[0m  p(95)=[36m37.5ms[0m   p(99)=[36m73.16ms[0m 
     [32m✓[0m { page:1 }[2m.....................:[0m avg=[36m32.86ms[0m  min=[36m1.82ms[0m  med=[36m3.5ms[0m    max=[36m3.22s[0m    p(90)=[36m24.26ms[0m  p(95)=[36m31.63ms[0m  p(99)=[36m279.3ms[0m 
     [32m✓[0m { page:2 }[2m.....................:[0m avg=[36m21.75ms[0m  min=[36m2.03ms[0m  med=[36m3.71ms[0m   max=[36m1.07s[0m    p(90)=[36m26.57ms[0m  p(95)=[36m34.42ms[0m  p(99)=[36m299.93ms[0m
     [32m✓[0m { page:3 }[2m.....................:[0m avg=[36m49.28ms[0m  min=[36m2.04ms[0m  med=[36m3.98ms[0m   max=[36m2.01s[0m    p(90)=[36m27.91ms[0m  p(95)=[36m36.66ms[0m  p(99)=[36m1.08s[0m   
     [32m✓[0m { page:4 }[2m.....................:[0m avg=[36m85.1ms[0m   min=[36m2.14ms[0m  med=[36m3.48ms[0m   max=[36m2.01s[0m    p(90)=[36m28.38ms[0m  p(95)=[36m31.93ms[0m  p(99)=[36m1.52s[0m   
     [32m✓[0m { phase:measure }[2m..............:[0m avg=[36m73.21ms[0m  min=[36m1.72ms[0m  med=[36m5.7ms[0m    max=[36m3.55s[0m    p(90)=[36m48.12ms[0m  p(95)=[36m305.51ms[0m p(99)=[36m1.77s[0m   
     [32m✓[0m { phase:rampdown }[2m.............:[0m avg=[36m66.48ms[0m  min=[36m1.71ms[0m  med=[36m7.36ms[0m   max=[36m2.12s[0m    p(90)=[36m43.18ms[0m  p(95)=[36m257.75ms[0m p(99)=[36m1.71s[0m   
     [32m✓[0m { phase:warmup }[2m...............:[0m avg=[36m138.87ms[0m min=[36m2.65ms[0m  med=[36m8.74ms[0m   max=[36m10.02s[0m   p(90)=[36m136.71ms[0m p(95)=[36m717.55ms[0m p(99)=[36m2.4s[0m    
     http_req_failed[2m..................:[0m [36m0.00%[0m   [36;2m✓ 0[0m         [36;2m✗ 7653[0m 
     [32m✓[0m { phase:measure }[2m..............:[0m [36m0.00%[0m   [36;2m✓ 0[0m         [36;2m✗ 5095[0m 
     [32m✓[0m { phase:rampdown }[2m.............:[0m [36m0.00%[0m   [36;2m✓ 0[0m         [36;2m✗ 1073[0m 
     [32m✓[0m { phase:warmup }[2m...............:[0m [36m0.00%[0m   [36;2m✓ 0[0m         [36;2m✗ 1485[0m 
     http_req_receiving[2m...............:[0m avg=[36m555.01µs[0m min=[36m19.84µs[0m med=[36m183.51µs[0m max=[36m178.22ms[0m p(90)=[36m551.71µs[0m p(95)=[36m1.65ms[0m   p(99)=[36m9.6ms[0m   
     http_req_sending[2m.................:[0m avg=[36m802.46µs[0m min=[36m5.47µs[0m  med=[36m28.25µs[0m  max=[36m1.66s[0m    p(90)=[36m64.96µs[0m  p(95)=[36m83.28µs[0m  p(99)=[36m129.17µs[0m
     http_req_tls_handshaking[2m.........:[0m avg=[36m0s[0m       min=[36m0s[0m      med=[36m0s[0m       max=[36m0s[0m       p(90)=[36m0s[0m       p(95)=[36m0s[0m       p(99)=[36m0s[0m      
     http_req_waiting[2m.................:[0m avg=[36m83.65ms[0m  min=[36m1.58ms[0m  med=[36m6.36ms[0m   max=[36m9.84s[0m    p(90)=[36m77.34ms[0m  p(95)=[36m363.06ms[0m p(99)=[36m1.87s[0m   
     http_reqs[2m........................:[0m [36m7653[0m    [36;2m12.726354/s[0m
     [32m✓[0m { feature:auth }[2m...............:[0m [36m142[0m     [36;2m0.236135/s[0m
     [32m✓[0m { feature:board }[2m..............:[0m [36m694[0m     [36;2m1.154069/s[0m
     [32m✓[0m { feature:chat }[2m...............:[0m [36m660[0m     [36;2m1.09753/s[0m
     [32m✓[0m { feature:comment }[2m............:[0m [36m1357[0m    [36;2m2.256587/s[0m
     [32m✓[0m { feature:friend }[2m.............:[0m [36m142[0m     [36;2m0.236135/s[0m
     [32m✓[0m { feature:hot }[2m................:[0m [36m694[0m     [36;2m1.154069/s[0m
     [32m✓[0m { feature:mypage }[2m.............:[0m [36m112[0m     [36;2m0.186247/s[0m
     [32m✓[0m { feature:notification }[2m.......:[0m [36m309[0m     [36;2m0.513843/s[0m
     [32m✓[0m { feature:post }[2m...............:[0m [36m3235[0m    [36;2m5.379558/s[0m
     [32m✓[0m { feature:reaction }[2m...........:[0m [36m147[0m     [36;2m0.24445/s[0m
     [32m✓[0m { feature:school }[2m.............:[0m [36m65[0m      [36;2m0.10809/s[0m
     [32m✓[0m { feature:scrap }[2m..............:[0m [36m37[0m      [36;2m0.061528/s[0m
     [32m✓[0m { feature:timetable }[2m..........:[0m [36m59[0m      [36;2m0.098112/s[0m
     [32m✓[0m { name:board_list }[2m............:[0m [36m694[0m     [36;2m1.154069/s[0m
     [32m✓[0m { name:chat_mark_read }[2m........:[0m [36m151[0m     [36;2m0.251101/s[0m
     [32m✓[0m { name:chat_messages }[2m.........:[0m [36m151[0m     [36;2m0.251101/s[0m
     [32m✓[0m { name:chat_read_status }[2m......:[0m [36m0[0m       [36;2m0/s[0m
     [32m✓[0m { name:chat_rooms }[2m............:[0m [36m358[0m     [36;2m0.595327/s[0m
     [32m✓[0m { name:comment_create }[2m........:[0m [36m86[0m      [36;2m0.143011/s[0m
     [32m✓[0m { name:comment_delete }[2m........:[0m [36m0[0m       [36;2m0/s[0m
     [32m✓[0m { name:comment_list }[2m..........:[0m [36m1271[0m    [36;2m2.113576/s[0m
     [32m✓[0m { name:comment_reaction }[2m......:[0m [36m37[0m      [36;2m0.061528/s[0m
     [32m✓[0m { name:comment_update }[2m........:[0m [36m0[0m       [36;2m0/s[0m
     [32m✓[0m { name:friend_list }[2m...........:[0m [36m100[0m     [36;2m0.166292/s[0m
     [32m✓[0m { name:friend_req_received }[2m...:[0m [36m42[0m      [36;2m0.069843/s[0m
     [32m✓[0m { name:friend_request }[2m........:[0m [36m0[0m       [36;2m0/s[0m
     [32m✓[0m { name:friend_respond }[2m........:[0m [36m0[0m       [36;2m0/s[0m
     [32m✓[0m { name:friend_search }[2m.........:[0m [36m0[0m       [36;2m0/s[0m
     [32m✓[0m { name:hot_daily }[2m.............:[0m [36m694[0m     [36;2m1.154069/s[0m
     [32m✓[0m { name:login }[2m.................:[0m [36m110[0m     [36;2m0.182922/s[0m
     [32m✓[0m { name:logout }[2m................:[0m [36m10[0m      [36;2m0.016629/s[0m
     [32m✓[0m { name:meal_month }[2m............:[0m [36m6[0m       [36;2m0.009978/s[0m
     [32m✓[0m { name:meal_today }[2m............:[0m [36m59[0m      [36;2m0.098112/s[0m
     [32m✓[0m { name:my_comments }[2m...........:[0m [36m0[0m       [36;2m0/s[0m
     [32m✓[0m { name:my_posts }[2m..............:[0m [36m56[0m      [36;2m0.093124/s[0m
     [32m✓[0m { name:notif_list }[2m............:[0m [36m84[0m      [36;2m0.139686/s[0m
     [32m✓[0m { name:notif_read_all }[2m........:[0m [36m18[0m      [36;2m0.029933/s[0m
     [32m✓[0m { name:notif_read_one }[2m........:[0m [36m36[0m      [36;2m0.059865/s[0m
     [32m✓[0m { name:notif_unread_count }[2m....:[0m [36m171[0m     [36;2m0.28436/s[0m
     [32m✓[0m { name:post_create }[2m...........:[0m [36m84[0m      [36;2m0.139686/s[0m
     [32m✓[0m { name:post_delete }[2m...........:[0m [36m21[0m      [36;2m0.034921/s[0m
     [32m✓[0m { name:post_detail }[2m...........:[0m [36m2341[0m    [36;2m3.892904/s[0m
     [32m✓[0m { name:post_list_deep }[2m........:[0m [36m0[0m       [36;2m0/s[0m
     [32m✓[0m { name:post_list }[2m.............:[0m [36m694[0m     [36;2m1.154069/s[0m
     [32m✓[0m { name:post_reaction }[2m.........:[0m [36m110[0m     [36;2m0.182922/s[0m
     [32m✓[0m { name:post_search }[2m...........:[0m [36m74[0m      [36;2m0.123056/s[0m
     [32m✓[0m { name:post_update }[2m...........:[0m [36m21[0m      [36;2m0.034921/s[0m
     [32m✓[0m { name:school_search }[2m.........:[0m [36m0[0m       [36;2m0/s[0m
     [32m✓[0m { name:scrap_list }[2m............:[0m [36m0[0m       [36;2m0/s[0m
     [32m✓[0m { name:scrap_toggle }[2m..........:[0m [36m37[0m      [36;2m0.061528/s[0m
     [32m✓[0m { name:subject_list }[2m..........:[0m [36m0[0m       [36;2m0/s[0m
     [32m✓[0m { name:template_list }[2m.........:[0m [36m0[0m       [36;2m0/s[0m
     [32m✓[0m { name:timetable_today }[2m.......:[0m [36m59[0m      [36;2m0.098112/s[0m
     [32m✓[0m { name:token_refresh }[2m.........:[0m [36m22[0m      [36;2m0.036584/s[0m
     [32m✓[0m { name:user_info }[2m.............:[0m [36m56[0m      [36;2m0.093124/s[0m
     [32m✓[0m { op:auth }[2m....................:[0m [36m142[0m     [36;2m0.236135/s[0m
     [32m✓[0m { op:read }[2m....................:[0m [36m6910[0m    [36;2m11.490801/s[0m
     [32m✓[0m { op:write }[2m...................:[0m [36m601[0m     [36;2m0.999417/s[0m
     [32m✓[0m { page:0 }[2m.....................:[0m [36m401[0m     [36;2m0.666832/s[0m
     [32m✓[0m { page:1 }[2m.....................:[0m [36m138[0m     [36;2m0.229483/s[0m
     [32m✓[0m { page:2 }[2m.....................:[0m [36m80[0m      [36;2m0.133034/s[0m
     [32m✓[0m { page:3 }[2m.....................:[0m [36m49[0m      [36;2m0.081483/s[0m
     [32m✓[0m { page:4 }[2m.....................:[0m [36m26[0m      [36;2m0.043236/s[0m
     [32m✓[0m { phase:measure }[2m..............:[0m [36m5095[0m    [36;2m8.472595/s[0m
     [32m✓[0m { phase:rampdown }[2m.............:[0m [36m1073[0m    [36;2m1.784317/s[0m
     [32m✓[0m { phase:warmup }[2m...............:[0m [36m1485[0m    [36;2m2.469441/s[0m
     iteration_duration[2m...............:[0m avg=[36m9.95s[0m    min=[36m1s[0m      med=[36m7.53s[0m    max=[36m30.04s[0m   p(90)=[36m19.18s[0m   p(95)=[36m21.27s[0m   p(99)=[36m26.46s[0m  
     iterations[2m.......................:[0m [36m1799[0m    [36;2m2.991599/s[0m
     [32m✓[0m { phase:measure }[2m..............:[0m [36m0[0m       [36;2m0/s[0m
     [32m✓[0m { phase:rampdown }[2m.............:[0m [36m0[0m       [36;2m0/s[0m
     [32m✓[0m { phase:warmup }[2m...............:[0m [36m0[0m       [36;2m0/s[0m
     phase_iterations[2m.................:[0m [36m1799[0m    [36;2m2.991599/s[0m
     [32m✓[0m { phase:measure }[2m..............:[0m [36m1212[0m    [36;2m2.015463/s[0m
     [32m✓[0m { phase:rampdown }[2m.............:[0m [36m273[0m     [36;2m0.453978/s[0m
     [32m✓[0m { phase:warmup }[2m...............:[0m [36m314[0m     [36;2m0.522158/s[0m
     vus[2m..............................:[0m [36m1[0m       [36;2mmin=0[0m       [36;2mmax=50[0m 
     vus_max[2m..........................:[0m [36m100[0m     [36;2mmin=100[0m     [36;2mmax=100[0m
     ws_connecting[2m....................:[0m avg=[36m3.54ms[0m   min=[36m1.87ms[0m  med=[36m3.12ms[0m   max=[36m21.15ms[0m  p(90)=[36m4.9ms[0m    p(95)=[36m5.81ms[0m   p(99)=[36m9.16ms[0m  
     ws_msgs_received[2m.................:[0m [36m548[0m     [36;2m0.911282/s[0m
     ws_msgs_sent[2m.....................:[0m [36m633[0m     [36;2m1.052631/s[0m
     ws_session_duration[2m..............:[0m avg=[36m22.36s[0m   min=[36m15.18s[0m  med=[36m22.62s[0m   max=[36m29.94s[0m   p(90)=[36m28.27s[0m   p(95)=[36m29.16s[0m   p(99)=[36m29.93s[0m  
     ws_sessions[2m......................:[0m [36m85[0m      [36;2m0.141348/s[0m
running (10m01.4s), 000/100 VUs, 1799 complete and 0 interrupted iterations
normal_day ✓ [ 100% ] 000/100 VUs  10m0s  0.13 iters/s
  호스트(Windows) 580표본 · CPU 21.7% (max 89.5) · 정규화성능 121.7% · vmmem 143.3% · 바쁜코어 —개 · 가용메모리 203MB
  부하 중 벤치(warmup +60초, 3회 중앙값) · single 5798ms (유휴 대비 2.0%) · parallel 4812ms (유휴 대비 -7.4%) · ctxswitch 2302ms (유휴 대비 -4.1%)

  실행 후 상태 sha256:2736139ceabe — chat_messages.count +463, chat_messages.maxId +463, comments.count +86, comments.maxId +86, notifications.count +86 (외 13개)
    (지문 제외 항목: posts.sumViewCount +1962, daily_hot_post.count +53)
Prometheus 스크레이프 대기 20초...

══════════════════════════════════════════════════════════════════════════
  Performance Report — normal-day   Run #131   ❌ FAIL
══════════════════════════════════════════════════════════════════════════
  환경 perf  |  브랜치 personal/localdocs  |  커밋 f915176e  |  빌드 local
  시작 2026-08-26 09:34:36 KST  |  수행 10m 1s  |  VU max 100
  데이터셋 medium  |  부하 ramping-arrival-rate 0→4@3m0s→4@5m0s→0@2m0s maxVU 600

  ── 성능 (measure 구간) ─────────────────────────────────────────
  평균 73ms      P95 306ms     P99 1.77s    
  RPS  17.0      TPS 4.04      오류율 0.00%

  ── 인프라 ────────────────────────────────────────────────────────
  CPU  1.05 core (한계의 53%)   throttled 4.7%
  Heap 787 MB (77%)   GC max 54ms × 75회
  DB   slow 752  QPS 4,888  풀 30%  대기 0
  Redis hit 99.2%  ops 61.8/s  evicted 0

  ── 회귀 (기준: normal-day-2026-08-26T00-31-58) ────────────────
  ⚠  기준선은 당시 k6 threshold 미통과 실행입니다, 당시 Node 판정 FAIL.
     아래 증감률은 개선/악화 폭이며 현재 SLO 통과를 뜻하지 않습니다.
  ❌ P99 응답시간                   1.84s → 1.77s (-3.7%)
       1775 > 상한 1200

  ── 병목 가설 ─────────────────────────────────────────────────────
  • HTTP 요청당 쿼리 수 과다
    요청 1건당 평균 287.8개 쿼리가 실행됐다. N+1 패턴 가능성이 높다. (임계 warn 10 / fail 50)
  • Slow Query 다발
    요청 1000건당 147.5건의 slow query(>100ms, 총 752건). 인덱스 또는 쿼리 계획 점검 대상. (임계 warn 1 / fail 100)

  보고서 : reports\runs\normal-day-2026-08-26T00-44-37\report.html
  Grafana(전체 실행): http://localhost:3001/d/htd-perf-overview/highteenday-performance-overview?from=1787704356071&to=1787705197422
  Grafana(measure) : http://localhost:3001/d/htd-perf-overview/highteenday-performance-overview?from=1787704536071&to=1787705076071
══════════════════════════════════════════════════════════════════════════

  [5/5] p95 305.5ms · 평균 73.2ms · 서버측 70.6ms · 경로 2.7ms

══════════════════════════════════════════════════════════════════════════
  결과 — 유효 5/5회
══════════════════════════════════════════════════════════════════════════
  지표          평균        표준편차      CV        최소        최대
  ──────────────────────────────────────────────────────────────────────
  P95             458.9       260.13    56.68%      305.5       921.2
  P99            1942.7       254.25    13.09%     1675.8      2268.5
  평균               86.9        31.79    36.59%       64.8       142.0
  TPS               4.0         0.03     0.63%        4.0         4.0
  RPS              17.5         0.36     2.08%       17.0        17.9
  서버측 평균           84.9        31.75    37.39%       63.1       139.9
  경로 오버헤드           2.0         0.47    23.68%        1.4         2.7
  ──────────────────────────────────────────────────────────────────────

  ▶ 판정 지표: P95 CV = 56.68%  (같은 조건 반복 시 p95가 평균 대비 이만큼 흔들린다)

  저장: reports\repeatability\perf-2026-08-26T00-44-58.json
  원자료: reports/runs/ (환경 perf)

