══════════════════════════════════════════════════════════════════════════
  반복 정밀도 측정 — scenarios/normal-day.js
  반복 3회 · VU 기본 · 기본 · 데이터셋 medium
  환경 perf · 리셋 restart · 스크레이프 대기 20s
══════════════════════════════════════════════════════════════════════════

──────── [1/3] 리셋 (restart) ────────

▶ k6 run scenarios/normal-day.js
  브랜치 personal/localdocs · 커밋 3e96d9463207 · 실행자 user@DESKTOP-DJJPASG
  환경 perf · "레벨 시계열 세트 #1 — 실험 10 — repeatability 1/3"
  데이터셋 medium · 상태 sha256:0b1b591fcf8c (198ms)
  캐시 cold (키 0개)
  guard strict — 상태 불일치 시 스냅샷 복원 후 재확인 [perf.config.json]
  ⚠ 스냅샷과 상태가 다릅니다 — chat_messages.maxId +571, chat_messages.count +569, posts.maxId +121, comments.count +119, comments.maxId +119 (외 13개)
    guard=strict — 스냅샷으로 복원합니다.
▶ 복원 — medium-20260816-062210 → perf-mysql-data-medium
  앱·MySQL 정지
  MySQL 기동
  Redis FLUSHALL (복원 후 캐시는 cold 다)
  앱 기동
  복원 후 상태 지문 sha256:ffe696d17416 = 스냅샷 일치

✅ 복원 완료 · 소요 7.1초 (압축 해제 구간)

  부하 발생기: 컨테이너 perf-k6 (grafana/k6:2.1.0, CPU 상한 4)
  k6 지표 전송: http://prometheus:9090/api/v1/write (native histogram, 5s 간격)
  환경 대조 벤치 실행 중(3축 3회, 약 40초)... single 5861ms · parallel 6206ms · ctxswitch 2580ms
  부하 중 벤치 예약: k6 시작 +60초 (warmup 구간, 3회)
time="2026-08-19T13:56:47Z" level=warning msg="Legacy env var detected, use --features or K6_FEATURES instead" env=K6_PROMETHEUS_RW_TREND_AS_NATIVE_HISTOGRAM feature=native-histograms lifecycle=deprecated_alias source=env_legacy_alias
time="2026-08-19T13:56:47Z" level=info msg="Experimental feature enabled" feature=native-histograms lifecycle=experimental

         /\      Grafana   /‾‾/  
    /\  /  \     |\  __   /  /   
   /  \/    \    | |/ /  /   ‾‾\ 
  /          \   |   (  |  (‾)  |
 / __________ \  |_|\_\  \_____/ 


     execution: local
        script: scenarios/normal-day.js
        output: Prometheus remote write (http://prometheus:9090/api/v1/write)

     scenarios: (100.00%) 1 scenario, 200 max VUs, 10m30s max duration (incl. graceful stop):
              * normal_day: Up to 200 looping VUs for 10m0s over 3 stages (gracefulRampDown: 30s, gracefulStop: 30s)


running (00m00.8s), 000/200 VUs, 0 complete and 0 interrupted iterations
normal_day   [   0% ] 000/200 VUs  00m00.8s/10m00.0s

running (00m01.8s), 001/200 VUs, 0 complete and 0 interrupted iterations
normal_day   [   0% ] 001/200 VUs  00m01.8s/10m00.0s

running (00m02.8s), 003/200 VUs, 0 complete and 0 interrupted iterations
normal_day   [   0% ] 003/200 VUs  00m02.8s/10m00.0s

running (00m03.8s), 004/200 VUs, 0 complete and 0 interrupted iterations
normal_day   [   1% ] 004/200 VUs  00m03.8s/10m00.0s

running (00m04.8s), 005/200 VUs, 0 complete and 0 interrupted iterations
normal_day   [   1% ] 005/200 VUs  00m04.8s/10m00.0s

running (00m05.8s), 006/200 VUs, 1 complete and 0 interrupted iterations
normal_day   [   1% ] 006/200 VUs  00m05.8s/10m00.0s

running (00m06.8s), 007/200 VUs, 1 complete and 0 interrupted iterations
normal_day   [   1% ] 007/200 VUs  00m06.8s/10m00.0s

running (00m07.8s), 008/200 VUs, 1 complete and 0 interrupted iterations
normal_day   [   1% ] 008/200 VUs  00m07.8s/10m00.0s

running (00m08.8s), 009/200 VUs, 2 complete and 0 interrupted iterations
normal_day   [   1% ] 009/200 VUs  00m08.8s/10m00.0s

running (00m09.8s), 010/200 VUs, 5 complete and 0 interrupted iterations
normal_day   [   2% ] 010/200 VUs  00m09.8s/10m00.0s

running (00m10.8s), 011/200 VUs, 6 complete and 0 interrupted iterations
normal_day   [   2% ] 011/200 VUs  00m10.8s/10m00.0s

running (00m11.8s), 013/200 VUs, 6 complete and 0 interrupted iterations
normal_day   [   2% ] 013/200 VUs  00m11.8s/10m00.0s

running (00m12.8s), 014/200 VUs, 7 complete and 0 interrupted iterations
normal_day   [   2% ] 014/200 VUs  00m12.8s/10m00.0s

running (00m13.8s), 015/200 VUs, 7 complete and 0 interrupted iterations
normal_day   [   2% ] 015/200 VUs  00m13.8s/10m00.0s

running (00m14.8s), 016/200 VUs, 8 complete and 0 interrupted iterations
normal_day   [   2% ] 016/200 VUs  00m14.8s/10m00.0s

running (00m15.8s), 017/200 VUs, 8 complete and 0 interrupted iterations
normal_day   [   3% ] 017/200 VUs  00m15.8s/10m00.0s

running (00m16.8s), 018/200 VUs, 8 complete and 0 interrupted iterations
normal_day   [   3% ] 018/200 VUs  00m16.8s/10m00.0s

running (00m17.8s), 019/200 VUs, 9 complete and 0 interrupted iterations
normal_day   [   3% ] 019/200 VUs  00m17.8s/10m00.0s

running (00m18.8s), 020/200 VUs, 9 complete and 0 interrupted iterations
normal_day   [   3% ] 020/200 VUs  00m18.8s/10m00.0s

running (00m19.8s), 021/200 VUs, 11 complete and 0 interrupted iterations
normal_day   [   3% ] 021/200 VUs  00m19.8s/10m00.0s

running (00m20.8s), 023/200 VUs, 12 complete and 0 interrupted iterations
normal_day   [   3% ] 023/200 VUs  00m20.8s/10m00.0s

running (00m21.8s), 024/200 VUs, 13 complete and 0 interrupted iterations
normal_day   [   4% ] 024/200 VUs  00m21.8s/10m00.0s

running (00m22.8s), 025/200 VUs, 14 complete and 0 interrupted iterations
normal_day   [   4% ] 025/200 VUs  00m22.8s/10m00.0s

running (00m23.8s), 026/200 VUs, 14 complete and 0 interrupted iterations
normal_day   [   4% ] 026/200 VUs  00m23.8s/10m00.0s

running (00m24.8s), 027/200 VUs, 15 complete and 0 interrupted iterations
normal_day   [   4% ] 027/200 VUs  00m24.8s/10m00.0s

running (00m25.8s), 028/200 VUs, 16 complete and 0 interrupted iterations
normal_day   [   4% ] 028/200 VUs  00m25.8s/10m00.0s

running (00m26.8s), 029/200 VUs, 17 complete and 0 interrupted iterations
normal_day   [   4% ] 029/200 VUs  00m26.8s/10m00.0s

running (00m27.8s), 030/200 VUs, 18 complete and 0 interrupted iterations
normal_day   [   5% ] 030/200 VUs  00m27.8s/10m00.0s

running (00m28.8s), 031/200 VUs, 19 complete and 0 interrupted iterations
normal_day   [   5% ] 031/200 VUs  00m28.8s/10m00.0s

running (00m29.8s), 033/200 VUs, 21 complete and 0 interrupted iterations
normal_day   [   5% ] 033/200 VUs  00m29.8s/10m00.0s

running (00m30.8s), 034/200 VUs, 21 complete and 0 interrupted iterations
normal_day   [   5% ] 034/200 VUs  00m30.8s/10m00.0s

running (00m31.8s), 035/200 VUs, 22 complete and 0 interrupted iterations
normal_day   [   5% ] 035/200 VUs  00m31.8s/10m00.0s

running (00m32.8s), 036/200 VUs, 23 complete and 0 interrupted iterations
normal_day   [   5% ] 036/200 VUs  00m32.8s/10m00.0s

running (00m33.8s), 037/200 VUs, 23 complete and 0 interrupted iterations
normal_day   [   6% ] 037/200 VUs  00m33.8s/10m00.0s

running (00m34.8s), 038/200 VUs, 23 complete and 0 interrupted iterations
normal_day   [   6% ] 038/200 VUs  00m34.8s/10m00.0s

running (00m35.8s), 039/200 VUs, 24 complete and 0 interrupted iterations
normal_day   [   6% ] 039/200 VUs  00m35.8s/10m00.0s

running (00m36.8s), 040/200 VUs, 24 complete and 0 interrupted iterations
normal_day   [   6% ] 040/200 VUs  00m36.8s/10m00.0s

running (00m37.8s), 041/200 VUs, 26 complete and 0 interrupted iterations
normal_day   [   6% ] 041/200 VUs  00m37.8s/10m00.0s

running (00m38.8s), 043/200 VUs, 28 complete and 0 interrupted iterations
normal_day   [   6% ] 043/200 VUs  00m38.8s/10m00.0s

running (00m39.8s), 044/200 VUs, 31 complete and 0 interrupted iterations
normal_day   [   7% ] 044/200 VUs  00m39.8s/10m00.0s

running (00m40.8s), 045/200 VUs, 33 complete and 0 interrupted iterations
normal_day   [   7% ] 045/200 VUs  00m40.8s/10m00.0s

running (00m41.8s), 046/200 VUs, 35 complete and 0 interrupted iterations
normal_day   [   7% ] 046/200 VUs  00m41.8s/10m00.0s

running (00m42.8s), 047/200 VUs, 36 complete and 0 interrupted iterations
normal_day   [   7% ] 047/200 VUs  00m42.8s/10m00.0s

running (00m43.8s), 048/200 VUs, 38 complete and 0 interrupted iterations
normal_day   [   7% ] 048/200 VUs  00m43.8s/10m00.0s

running (00m44.8s), 049/200 VUs, 39 complete and 0 interrupted iterations
normal_day   [   7% ] 049/200 VUs  00m44.8s/10m00.0s

running (00m45.8s), 050/200 VUs, 42 complete and 0 interrupted iterations
normal_day   [   8% ] 050/200 VUs  00m45.8s/10m00.0s

running (00m46.8s), 051/200 VUs, 45 complete and 0 interrupted iterations
normal_day   [   8% ] 051/200 VUs  00m46.8s/10m00.0s

running (00m47.8s), 053/200 VUs, 48 complete and 0 interrupted iterations
normal_day   [   8% ] 053/200 VUs  00m47.8s/10m00.0s

running (00m48.8s), 054/200 VUs, 51 complete and 0 interrupted iterations
normal_day   [   8% ] 054/200 VUs  00m48.8s/10m00.0s

running (00m49.8s), 055/200 VUs, 56 complete and 0 interrupted iterations
normal_day   [   8% ] 055/200 VUs  00m49.8s/10m00.0s

running (00m50.8s), 056/200 VUs, 59 complete and 0 interrupted iterations
normal_day   [   8% ] 056/200 VUs  00m50.8s/10m00.0s

running (00m51.8s), 057/200 VUs, 62 complete and 0 interrupted iterations
normal_day   [   9% ] 057/200 VUs  00m51.8s/10m00.0s

running (00m52.8s), 058/200 VUs, 66 complete and 0 interrupted iterations
normal_day   [   9% ] 058/200 VUs  00m52.8s/10m00.0s

running (00m53.8s), 059/200 VUs, 71 complete and 0 interrupted iterations
normal_day   [   9% ] 059/200 VUs  00m53.8s/10m00.0s

running (00m54.8s), 060/200 VUs, 74 complete and 0 interrupted iterations
normal_day   [   9% ] 060/200 VUs  00m54.8s/10m00.0s

running (00m55.8s), 061/200 VUs, 81 complete and 0 interrupted iterations
normal_day   [   9% ] 061/200 VUs  00m55.8s/10m00.0s

running (00m56.8s), 063/200 VUs, 84 complete and 0 interrupted iterations
normal_day   [   9% ] 063/200 VUs  00m56.8s/10m00.0s

running (00m57.8s), 064/200 VUs, 87 complete and 0 interrupted iterations
normal_day   [  10% ] 064/200 VUs  00m57.8s/10m00.0s

running (00m58.8s), 065/200 VUs, 93 complete and 0 interrupted iterations
normal_day   [  10% ] 065/200 VUs  00m58.8s/10m00.0s

running (00m59.8s), 066/200 VUs, 95 complete and 0 interrupted iterations
normal_day   [  10% ] 066/200 VUs  00m59.8s/10m00.0s

running (01m00.8s), 067/200 VUs, 97 complete and 0 interrupted iterations
normal_day   [  10% ] 067/200 VUs  01m00.8s/10m00.0s

running (01m01.8s), 068/200 VUs, 103 complete and 0 interrupted iterations
normal_day   [  10% ] 068/200 VUs  01m01.8s/10m00.0s

running (01m02.8s), 069/200 VUs, 106 complete and 0 interrupted iterations
normal_day   [  10% ] 069/200 VUs  01m02.8s/10m00.0s

running (01m03.8s), 070/200 VUs, 113 complete and 0 interrupted iterations
normal_day   [  11% ] 070/200 VUs  01m03.8s/10m00.0s

running (01m04.8s), 071/200 VUs, 117 complete and 0 interrupted iterations
normal_day   [  11% ] 071/200 VUs  01m04.8s/10m00.0s

running (01m05.8s), 073/200 VUs, 121 complete and 0 interrupted iterations
normal_day   [  11% ] 073/200 VUs  01m05.8s/10m00.0s

running (01m06.8s), 074/200 VUs, 125 complete and 0 interrupted iterations
normal_day   [  11% ] 074/200 VUs  01m06.8s/10m00.0s

running (01m07.8s), 075/200 VUs, 133 complete and 0 interrupted iterations
normal_day   [  11% ] 075/200 VUs  01m07.8s/10m00.0s

running (01m08.8s), 076/200 VUs, 136 complete and 0 interrupted iterations
normal_day   [  11% ] 076/200 VUs  01m08.8s/10m00.0s

running (01m09.8s), 077/200 VUs, 139 complete and 0 interrupted iterations
normal_day   [  12% ] 077/200 VUs  01m09.8s/10m00.0s

running (01m10.8s), 078/200 VUs, 142 complete and 0 interrupted iterations
normal_day   [  12% ] 078/200 VUs  01m10.8s/10m00.0s

running (01m11.8s), 079/200 VUs, 146 complete and 0 interrupted iterations
normal_day   [  12% ] 079/200 VUs  01m11.8s/10m00.0s

running (01m12.8s), 080/200 VUs, 149 complete and 0 interrupted iterations
normal_day   [  12% ] 080/200 VUs  01m12.8s/10m00.0s

running (01m13.8s), 081/200 VUs, 150 complete and 0 interrupted iterations
normal_day   [  12% ] 081/200 VUs  01m13.8s/10m00.0s

running (01m14.8s), 083/200 VUs, 159 complete and 0 interrupted iterations
normal_day   [  12% ] 083/200 VUs  01m14.8s/10m00.0s

running (01m15.8s), 084/200 VUs, 166 complete and 0 interrupted iterations
normal_day   [  13% ] 084/200 VUs  01m15.8s/10m00.0s

running (01m16.8s), 085/200 VUs, 168 complete and 0 interrupted iterations
normal_day   [  13% ] 085/200 VUs  01m16.8s/10m00.0s

running (01m17.8s), 086/200 VUs, 170 complete and 0 interrupted iterations
normal_day   [  13% ] 086/200 VUs  01m17.8s/10m00.0s

running (01m18.8s), 087/200 VUs, 176 complete and 0 interrupted iterations
normal_day   [  13% ] 087/200 VUs  01m18.8s/10m00.0s

running (01m19.8s), 088/200 VUs, 182 complete and 0 interrupted iterations
normal_day   [  13% ] 088/200 VUs  01m19.8s/10m00.0s

running (01m20.8s), 089/200 VUs, 187 complete and 0 interrupted iterations
normal_day   [  13% ] 089/200 VUs  01m20.8s/10m00.0s

running (01m21.8s), 090/200 VUs, 193 complete and 0 interrupted iterations
normal_day   [  14% ] 090/200 VUs  01m21.8s/10m00.0s

running (01m22.8s), 091/200 VUs, 193 complete and 0 interrupted iterations
normal_day   [  14% ] 091/200 VUs  01m22.8s/10m00.0s

running (01m23.8s), 093/200 VUs, 196 complete and 0 interrupted iterations
normal_day   [  14% ] 093/200 VUs  01m23.8s/10m00.0s

running (01m24.8s), 094/200 VUs, 198 complete and 0 interrupted iterations
normal_day   [  14% ] 094/200 VUs  01m24.8s/10m00.0s

running (01m25.8s), 095/200 VUs, 204 complete and 0 interrupted iterations
normal_day   [  14% ] 095/200 VUs  01m25.8s/10m00.0s

running (01m26.8s), 096/200 VUs, 206 complete and 0 interrupted iterations
normal_day   [  14% ] 096/200 VUs  01m26.8s/10m00.0s

running (01m27.8s), 097/200 VUs, 209 complete and 0 interrupted iterations
normal_day   [  15% ] 097/200 VUs  01m27.8s/10m00.0s

running (01m28.8s), 098/200 VUs, 210 complete and 0 interrupted iterations
normal_day   [  15% ] 098/200 VUs  01m28.8s/10m00.0s

running (01m29.8s), 099/200 VUs, 216 complete and 0 interrupted iterations
normal_day   [  15% ] 099/200 VUs  01m29.8s/10m00.0s

running (01m30.8s), 100/200 VUs, 223 complete and 0 interrupted iterations
normal_day   [  15% ] 100/200 VUs  01m30.8s/10m00.0s

running (01m31.8s), 101/200 VUs, 228 complete and 0 interrupted iterations
normal_day   [  15% ] 101/200 VUs  01m31.8s/10m00.0s

running (01m32.8s), 103/200 VUs, 233 complete and 0 interrupted iterations
normal_day   [  15% ] 103/200 VUs  01m32.8s/10m00.0s

running (01m33.8s), 104/200 VUs, 241 complete and 0 interrupted iterations
normal_day   [  16% ] 104/200 VUs  01m33.8s/10m00.0s

running (01m34.8s), 105/200 VUs, 245 complete and 0 interrupted iterations
normal_day   [  16% ] 105/200 VUs  01m34.8s/10m00.0s

running (01m35.8s), 106/200 VUs, 249 complete and 0 interrupted iterations
normal_day   [  16% ] 106/200 VUs  01m35.8s/10m00.0s

running (01m36.8s), 107/200 VUs, 251 complete and 0 interrupted iterations
normal_day   [  16% ] 107/200 VUs  01m36.8s/10m00.0s

running (01m37.8s), 108/200 VUs, 262 complete and 0 interrupted iterations
normal_day   [  16% ] 108/200 VUs  01m37.8s/10m00.0s

running (01m38.8s), 109/200 VUs, 266 complete and 0 interrupted iterations
normal_day   [  16% ] 109/200 VUs  01m38.8s/10m00.0s

running (01m39.8s), 110/200 VUs, 270 complete and 0 interrupted iterations
normal_day   [  17% ] 110/200 VUs  01m39.8s/10m00.0s

running (01m40.8s), 111/200 VUs, 279 complete and 0 interrupted iterations
normal_day   [  17% ] 111/200 VUs  01m40.8s/10m00.0s

running (01m41.8s), 113/200 VUs, 282 complete and 0 interrupted iterations
normal_day   [  17% ] 113/200 VUs  01m41.8s/10m00.0s

running (01m42.8s), 114/200 VUs, 289 complete and 0 interrupted iterations
normal_day   [  17% ] 114/200 VUs  01m42.8s/10m00.0s

running (01m43.8s), 115/200 VUs, 293 complete and 0 interrupted iterations
normal_day   [  17% ] 115/200 VUs  01m43.8s/10m00.0s

running (01m44.8s), 116/200 VUs, 299 complete and 0 interrupted iterations
normal_day   [  17% ] 116/200 VUs  01m44.8s/10m00.0s

running (01m45.8s), 117/200 VUs, 303 complete and 0 interrupted iterations
normal_day   [  18% ] 117/200 VUs  01m45.8s/10m00.0s

running (01m46.8s), 118/200 VUs, 313 complete and 0 interrupted iterations
normal_day   [  18% ] 118/200 VUs  01m46.8s/10m00.0s

running (01m47.8s), 119/200 VUs, 317 complete and 0 interrupted iterations
normal_day   [  18% ] 119/200 VUs  01m47.8s/10m00.0s

running (01m48.8s), 120/200 VUs, 318 complete and 0 interrupted iterations
normal_day   [  18% ] 120/200 VUs  01m48.8s/10m00.0s

running (01m49.8s), 121/200 VUs, 323 complete and 0 interrupted iterations
normal_day   [  18% ] 121/200 VUs  01m49.8s/10m00.0s

running (01m50.8s), 123/200 VUs, 327 complete and 0 interrupted iterations
normal_day   [  18% ] 123/200 VUs  01m50.8s/10m00.0s

running (01m51.8s), 124/200 VUs, 332 complete and 0 interrupted iterations
normal_day   [  19% ] 124/200 VUs  01m51.8s/10m00.0s

running (01m52.8s), 125/200 VUs, 334 complete and 0 interrupted iterations
normal_day   [  19% ] 125/200 VUs  01m52.8s/10m00.0s

running (01m53.8s), 126/200 VUs, 337 complete and 0 interrupted iterations
normal_day   [  19% ] 126/200 VUs  01m53.8s/10m00.0s

running (01m54.8s), 127/200 VUs, 346 complete and 0 interrupted iterations
normal_day   [  19% ] 127/200 VUs  01m54.8s/10m00.0s

running (01m55.8s), 128/200 VUs, 349 complete and 0 interrupted iterations
normal_day   [  19% ] 128/200 VUs  01m55.8s/10m00.0s

running (01m56.8s), 129/200 VUs, 349 complete and 0 interrupted iterations
normal_day   [  19% ] 129/200 VUs  01m56.8s/10m00.0s

running (01m57.8s), 130/200 VUs, 355 complete and 0 interrupted iterations
normal_day   [  20% ] 130/200 VUs  01m57.8s/10m00.0s

running (01m58.8s), 131/200 VUs, 360 complete and 0 interrupted iterations
normal_day   [  20% ] 131/200 VUs  01m58.8s/10m00.0s

running (01m59.8s), 133/200 VUs, 363 complete and 0 interrupted iterations
normal_day   [  20% ] 133/200 VUs  01m59.8s/10m00.0s

running (02m00.8s), 134/200 VUs, 364 complete and 0 interrupted iterations
normal_day   [  20% ] 134/200 VUs  02m00.8s/10m00.0s

running (02m01.8s), 135/200 VUs, 366 complete and 0 interrupted iterations
normal_day   [  20% ] 135/200 VUs  02m01.8s/10m00.0s

running (02m02.8s), 136/200 VUs, 370 complete and 0 interrupted iterations
normal_day   [  20% ] 136/200 VUs  02m02.8s/10m00.0s

running (02m03.8s), 137/200 VUs, 377 complete and 0 interrupted iterations
normal_day   [  21% ] 137/200 VUs  02m03.8s/10m00.0s

running (02m04.8s), 138/200 VUs, 387 complete and 0 interrupted iterations
normal_day   [  21% ] 138/200 VUs  02m04.8s/10m00.0s

running (02m05.8s), 139/200 VUs, 397 complete and 0 interrupted iterations
normal_day   [  21% ] 139/200 VUs  02m05.8s/10m00.0s

running (02m06.8s), 140/200 VUs, 404 complete and 0 interrupted iterations
normal_day   [  21% ] 140/200 VUs  02m06.8s/10m00.0s

running (02m07.8s), 141/200 VUs, 408 complete and 0 interrupted iterations
normal_day   [  21% ] 141/200 VUs  02m07.8s/10m00.0s

running (02m08.8s), 143/200 VUs, 411 complete and 0 interrupted iterations
normal_day   [  21% ] 143/200 VUs  02m08.8s/10m00.0s

running (02m09.8s), 144/200 VUs, 413 complete and 0 interrupted iterations
normal_day   [  22% ] 144/200 VUs  02m09.8s/10m00.0s

running (02m10.8s), 145/200 VUs, 422 complete and 0 interrupted iterations
normal_day   [  22% ] 145/200 VUs  02m10.8s/10m00.0s

running (02m11.8s), 146/200 VUs, 435 complete and 0 interrupted iterations
normal_day   [  22% ] 146/200 VUs  02m11.8s/10m00.0s

running (02m12.8s), 147/200 VUs, 441 complete and 0 interrupted iterations
normal_day   [  22% ] 147/200 VUs  02m12.8s/10m00.0s

running (02m13.8s), 148/200 VUs, 449 complete and 0 interrupted iterations
normal_day   [  22% ] 148/200 VUs  02m13.8s/10m00.0s

running (02m14.8s), 149/200 VUs, 450 complete and 0 interrupted iterations
normal_day   [  22% ] 149/200 VUs  02m14.8s/10m00.0s

running (02m15.8s), 150/200 VUs, 454 complete and 0 interrupted iterations
normal_day   [  23% ] 150/200 VUs  02m15.8s/10m00.0s

running (02m16.8s), 151/200 VUs, 460 complete and 0 interrupted iterations
normal_day   [  23% ] 151/200 VUs  02m16.8s/10m00.0s

running (02m17.8s), 153/200 VUs, 467 complete and 0 interrupted iterations
normal_day   [  23% ] 153/200 VUs  02m17.8s/10m00.0s

running (02m18.8s), 154/200 VUs, 474 complete and 0 interrupted iterations
normal_day   [  23% ] 154/200 VUs  02m18.8s/10m00.0s

running (02m19.8s), 155/200 VUs, 479 complete and 0 interrupted iterations
normal_day   [  23% ] 155/200 VUs  02m19.8s/10m00.0s

running (02m20.8s), 156/200 VUs, 482 complete and 0 interrupted iterations
normal_day   [  23% ] 156/200 VUs  02m20.8s/10m00.0s

running (02m21.8s), 157/200 VUs, 493 complete and 0 interrupted iterations
normal_day   [  24% ] 157/200 VUs  02m21.8s/10m00.0s

running (02m22.8s), 158/200 VUs, 502 complete and 0 interrupted iterations
normal_day   [  24% ] 158/200 VUs  02m22.8s/10m00.0s

running (02m23.8s), 159/200 VUs, 508 complete and 0 interrupted iterations
normal_day   [  24% ] 159/200 VUs  02m23.8s/10m00.0s

running (02m24.8s), 160/200 VUs, 510 complete and 0 interrupted iterations
normal_day   [  24% ] 160/200 VUs  02m24.8s/10m00.0s

running (02m25.8s), 161/200 VUs, 514 complete and 0 interrupted iterations
normal_day   [  24% ] 161/200 VUs  02m25.8s/10m00.0s

running (02m26.8s), 163/200 VUs, 520 complete and 0 interrupted iterations
normal_day   [  24% ] 163/200 VUs  02m26.8s/10m00.0s

running (02m27.8s), 164/200 VUs, 525 complete and 0 interrupted iterations
normal_day   [  25% ] 164/200 VUs  02m27.8s/10m00.0s

running (02m28.8s), 165/200 VUs, 528 complete and 0 interrupted iterations
normal_day   [  25% ] 165/200 VUs  02m28.8s/10m00.0s

running (02m29.8s), 166/200 VUs, 531 complete and 0 interrupted iterations
normal_day   [  25% ] 166/200 VUs  02m29.8s/10m00.0s

running (02m30.8s), 167/200 VUs, 540 complete and 0 interrupted iterations
normal_day   [  25% ] 167/200 VUs  02m30.8s/10m00.0s

running (02m31.8s), 168/200 VUs, 553 complete and 0 interrupted iterations
normal_day   [  25% ] 168/200 VUs  02m31.8s/10m00.0s

running (02m32.8s), 169/200 VUs, 562 complete and 0 interrupted iterations
normal_day   [  25% ] 169/200 VUs  02m32.8s/10m00.0s

running (02m33.8s), 170/200 VUs, 569 complete and 0 interrupted iterations
normal_day   [  26% ] 170/200 VUs  02m33.8s/10m00.0s

running (02m34.8s), 171/200 VUs, 576 complete and 0 interrupted iterations
normal_day   [  26% ] 171/200 VUs  02m34.8s/10m00.0s

running (02m35.8s), 173/200 VUs, 580 complete and 0 interrupted iterations
normal_day   [  26% ] 173/200 VUs  02m35.8s/10m00.0s

running (02m36.8s), 174/200 VUs, 584 complete and 0 interrupted iterations
normal_day   [  26% ] 174/200 VUs  02m36.8s/10m00.0s

running (02m37.8s), 175/200 VUs, 589 complete and 0 interrupted iterations
normal_day   [  26% ] 175/200 VUs  02m37.8s/10m00.0s

running (02m38.8s), 176/200 VUs, 592 complete and 0 interrupted iterations
normal_day   [  26% ] 176/200 VUs  02m38.8s/10m00.0s

running (02m39.8s), 177/200 VUs, 595 complete and 0 interrupted iterations
normal_day   [  27% ] 177/200 VUs  02m39.8s/10m00.0s

running (02m40.8s), 178/200 VUs, 603 complete and 0 interrupted iterations
normal_day   [  27% ] 178/200 VUs  02m40.8s/10m00.0s

running (02m41.8s), 179/200 VUs, 611 complete and 0 interrupted iterations
normal_day   [  27% ] 179/200 VUs  02m41.8s/10m00.0s

running (02m42.8s), 180/200 VUs, 620 complete and 0 interrupted iterations
normal_day   [  27% ] 180/200 VUs  02m42.8s/10m00.0s

running (02m43.8s), 181/200 VUs, 626 complete and 0 interrupted iterations
normal_day   [  27% ] 181/200 VUs  02m43.8s/10m00.0s

running (02m44.8s), 183/200 VUs, 633 complete and 0 interrupted iterations
normal_day   [  27% ] 183/200 VUs  02m44.8s/10m00.0s

running (02m45.8s), 184/200 VUs, 635 complete and 0 interrupted iterations
normal_day   [  28% ] 184/200 VUs  02m45.8s/10m00.0s

running (02m46.8s), 185/200 VUs, 636 complete and 0 interrupted iterations
normal_day   [  28% ] 185/200 VUs  02m46.8s/10m00.0s

running (02m47.8s), 186/200 VUs, 638 complete and 0 interrupted iterations
normal_day   [  28% ] 186/200 VUs  02m47.8s/10m00.0s

running (02m48.8s), 187/200 VUs, 641 complete and 0 interrupted iterations
normal_day   [  28% ] 187/200 VUs  02m48.8s/10m00.0s

running (02m49.8s), 188/200 VUs, 645 complete and 0 interrupted iterations
normal_day   [  28% ] 188/200 VUs  02m49.8s/10m00.0s

running (02m50.8s), 189/200 VUs, 651 complete and 0 interrupted iterations
normal_day   [  28% ] 189/200 VUs  02m50.8s/10m00.0s

running (02m51.8s), 190/200 VUs, 655 complete and 0 interrupted iterations
normal_day   [  29% ] 190/200 VUs  02m51.8s/10m00.0s

running (02m52.8s), 191/200 VUs, 656 complete and 0 interrupted iterations
normal_day   [  29% ] 191/200 VUs  02m52.8s/10m00.0s

running (02m53.8s), 193/200 VUs, 660 complete and 0 interrupted iterations
normal_day   [  29% ] 193/200 VUs  02m53.8s/10m00.0s

running (02m54.8s), 194/200 VUs, 662 complete and 0 interrupted iterations
normal_day   [  29% ] 194/200 VUs  02m54.8s/10m00.0s

running (02m55.8s), 195/200 VUs, 668 complete and 0 interrupted iterations
normal_day   [  29% ] 195/200 VUs  02m55.8s/10m00.0s

running (02m56.8s), 196/200 VUs, 672 complete and 0 interrupted iterations
normal_day   [  29% ] 196/200 VUs  02m56.8s/10m00.0s

running (02m57.8s), 197/200 VUs, 681 complete and 0 interrupted iterations
normal_day   [  30% ] 197/200 VUs  02m57.8s/10m00.0s

running (02m58.8s), 198/200 VUs, 689 complete and 0 interrupted iterations
normal_day   [  30% ] 198/200 VUs  02m58.8s/10m00.0s

running (02m59.8s), 199/200 VUs, 700 complete and 0 interrupted iterations
normal_day   [  30% ] 199/200 VUs  02m59.8s/10m00.0s

running (03m00.8s), 200/200 VUs, 712 complete and 0 interrupted iterations
normal_day   [  30% ] 200/200 VUs  03m00.8s/10m00.0s

running (03m01.8s), 200/200 VUs, 719 complete and 0 interrupted iterations
normal_day   [  30% ] 200/200 VUs  03m01.8s/10m00.0s

running (03m02.8s), 200/200 VUs, 729 complete and 0 interrupted iterations
normal_day   [  30% ] 200/200 VUs  03m02.8s/10m00.0s

running (03m03.8s), 200/200 VUs, 736 complete and 0 interrupted iterations
normal_day   [  31% ] 200/200 VUs  03m03.8s/10m00.0s

running (03m04.8s), 200/200 VUs, 746 complete and 0 interrupted iterations
normal_day   [  31% ] 200/200 VUs  03m04.8s/10m00.0s

running (03m05.8s), 200/200 VUs, 752 complete and 0 interrupted iterations
normal_day   [  31% ] 200/200 VUs  03m05.8s/10m00.0s

running (03m06.8s), 200/200 VUs, 760 complete and 0 interrupted iterations
normal_day   [  31% ] 200/200 VUs  03m06.8s/10m00.0s

running (03m07.8s), 200/200 VUs, 765 complete and 0 interrupted iterations
normal_day   [  31% ] 200/200 VUs  03m07.8s/10m00.0s

running (03m08.8s), 200/200 VUs, 773 complete and 0 interrupted iterations
normal_day   [  31% ] 200/200 VUs  03m08.8s/10m00.0s

running (03m09.8s), 200/200 VUs, 778 complete and 0 interrupted iterations
normal_day   [  32% ] 200/200 VUs  03m09.8s/10m00.0s

running (03m10.8s), 200/200 VUs, 786 complete and 0 interrupted iterations
normal_day   [  32% ] 200/200 VUs  03m10.8s/10m00.0s

running (03m11.8s), 200/200 VUs, 798 complete and 0 interrupted iterations
normal_day   [  32% ] 200/200 VUs  03m11.8s/10m00.0s

running (03m12.8s), 200/200 VUs, 802 complete and 0 interrupted iterations
normal_day   [  32% ] 200/200 VUs  03m12.8s/10m00.0s

running (03m13.8s), 200/200 VUs, 806 complete and 0 interrupted iterations
normal_day   [  32% ] 200/200 VUs  03m13.8s/10m00.0s

running (03m14.8s), 200/200 VUs, 808 complete and 0 interrupted iterations
normal_day   [  32% ] 200/200 VUs  03m14.8s/10m00.0s

running (03m15.8s), 200/200 VUs, 816 complete and 0 interrupted iterations
normal_day   [  33% ] 200/200 VUs  03m15.8s/10m00.0s

running (03m16.8s), 200/200 VUs, 821 complete and 0 interrupted iterations
normal_day   [  33% ] 200/200 VUs  03m16.8s/10m00.0s

running (03m17.8s), 200/200 VUs, 826 complete and 0 interrupted iterations
normal_day   [  33% ] 200/200 VUs  03m17.8s/10m00.0s

running (03m18.8s), 200/200 VUs, 830 complete and 0 interrupted iterations
normal_day   [  33% ] 200/200 VUs  03m18.8s/10m00.0s

running (03m19.8s), 200/200 VUs, 840 complete and 0 interrupted iterations
normal_day   [  33% ] 200/200 VUs  03m19.8s/10m00.0s

running (03m20.8s), 200/200 VUs, 849 complete and 0 interrupted iterations
normal_day   [  33% ] 200/200 VUs  03m20.8s/10m00.0s

running (03m21.8s), 200/200 VUs, 855 complete and 0 interrupted iterations
normal_day   [  34% ] 200/200 VUs  03m21.8s/10m00.0s

running (03m22.8s), 200/200 VUs, 863 complete and 0 interrupted iterations
normal_day   [  34% ] 200/200 VUs  03m22.8s/10m00.0s

running (03m23.8s), 200/200 VUs, 874 complete and 0 interrupted iterations
normal_day   [  34% ] 200/200 VUs  03m23.8s/10m00.0s

running (03m24.8s), 200/200 VUs, 886 complete and 0 interrupted iterations
normal_day   [  34% ] 200/200 VUs  03m24.8s/10m00.0s

running (03m25.8s), 200/200 VUs, 892 complete and 0 interrupted iterations
normal_day   [  34% ] 200/200 VUs  03m25.8s/10m00.0s

running (03m26.8s), 200/200 VUs, 897 complete and 0 interrupted iterations
normal_day   [  34% ] 200/200 VUs  03m26.8s/10m00.0s

running (03m27.8s), 200/200 VUs, 903 complete and 0 interrupted iterations
normal_day   [  35% ] 200/200 VUs  03m27.8s/10m00.0s

running (03m28.8s), 200/200 VUs, 909 complete and 0 interrupted iterations
normal_day   [  35% ] 200/200 VUs  03m28.8s/10m00.0s

running (03m29.8s), 200/200 VUs, 920 complete and 0 interrupted iterations
normal_day   [  35% ] 200/200 VUs  03m29.8s/10m00.0s

running (03m30.8s), 200/200 VUs, 930 complete and 0 interrupted iterations
normal_day   [  35% ] 200/200 VUs  03m30.8s/10m00.0s

running (03m31.8s), 200/200 VUs, 936 complete and 0 interrupted iterations
normal_day   [  35% ] 200/200 VUs  03m31.8s/10m00.0s

running (03m32.8s), 200/200 VUs, 939 complete and 0 interrupted iterations
normal_day   [  35% ] 200/200 VUs  03m32.8s/10m00.0s

running (03m33.8s), 200/200 VUs, 944 complete and 0 interrupted iterations
normal_day   [  36% ] 200/200 VUs  03m33.8s/10m00.0s

running (03m34.8s), 200/200 VUs, 948 complete and 0 interrupted iterations
normal_day   [  36% ] 200/200 VUs  03m34.8s/10m00.0s

running (03m35.8s), 200/200 VUs, 953 complete and 0 interrupted iterations
normal_day   [  36% ] 200/200 VUs  03m35.8s/10m00.0s

running (03m36.8s), 200/200 VUs, 957 complete and 0 interrupted iterations
normal_day   [  36% ] 200/200 VUs  03m36.8s/10m00.0s

running (03m37.8s), 200/200 VUs, 967 complete and 0 interrupted iterations
normal_day   [  36% ] 200/200 VUs  03m37.8s/10m00.0s

running (03m38.8s), 200/200 VUs, 975 complete and 0 interrupted iterations
normal_day   [  36% ] 200/200 VUs  03m38.8s/10m00.0s

running (03m39.8s), 200/200 VUs, 984 complete and 0 interrupted iterations
normal_day   [  37% ] 200/200 VUs  03m39.8s/10m00.0s

running (03m40.8s), 200/200 VUs, 993 complete and 0 interrupted iterations
normal_day   [  37% ] 200/200 VUs  03m40.8s/10m00.0s

running (03m41.8s), 200/200 VUs, 1002 complete and 0 interrupted iterations
normal_day   [  37% ] 200/200 VUs  03m41.8s/10m00.0s

running (03m42.8s), 200/200 VUs, 1008 complete and 0 interrupted iterations
normal_day   [  37% ] 200/200 VUs  03m42.8s/10m00.0s

running (03m43.8s), 200/200 VUs, 1010 complete and 0 interrupted iterations
normal_day   [  37% ] 200/200 VUs  03m43.8s/10m00.0s

running (03m44.8s), 200/200 VUs, 1020 complete and 0 interrupted iterations
normal_day   [  37% ] 200/200 VUs  03m44.8s/10m00.0s

running (03m45.8s), 200/200 VUs, 1027 complete and 0 interrupted iterations
normal_day   [  38% ] 200/200 VUs  03m45.8s/10m00.0s

running (03m46.8s), 200/200 VUs, 1039 complete and 0 interrupted iterations
normal_day   [  38% ] 200/200 VUs  03m46.8s/10m00.0s

running (03m47.8s), 200/200 VUs, 1045 complete and 0 interrupted iterations
normal_day   [  38% ] 200/200 VUs  03m47.8s/10m00.0s

running (03m48.8s), 200/200 VUs, 1050 complete and 0 interrupted iterations
normal_day   [  38% ] 200/200 VUs  03m48.8s/10m00.0s

running (03m49.8s), 200/200 VUs, 1060 complete and 0 interrupted iterations
normal_day   [  38% ] 200/200 VUs  03m49.8s/10m00.0s

running (03m50.8s), 200/200 VUs, 1068 complete and 0 interrupted iterations
normal_day   [  38% ] 200/200 VUs  03m50.8s/10m00.0s

running (03m51.8s), 200/200 VUs, 1076 complete and 0 interrupted iterations
normal_day   [  39% ] 200/200 VUs  03m51.8s/10m00.0s

running (03m52.8s), 200/200 VUs, 1090 complete and 0 interrupted iterations
normal_day   [  39% ] 200/200 VUs  03m52.8s/10m00.0s

running (03m53.8s), 200/200 VUs, 1096 complete and 0 interrupted iterations
normal_day   [  39% ] 200/200 VUs  03m53.8s/10m00.0s

running (03m54.8s), 200/200 VUs, 1098 complete and 0 interrupted iterations
normal_day   [  39% ] 200/200 VUs  03m54.8s/10m00.0s

running (03m55.8s), 200/200 VUs, 1100 complete and 0 interrupted iterations
normal_day   [  39% ] 200/200 VUs  03m55.8s/10m00.0s

running (03m56.8s), 200/200 VUs, 1100 complete and 0 interrupted iterations
normal_day   [  39% ] 200/200 VUs  03m56.8s/10m00.0s

running (03m57.8s), 200/200 VUs, 1103 complete and 0 interrupted iterations
normal_day   [  40% ] 200/200 VUs  03m57.8s/10m00.0s

running (03m58.8s), 200/200 VUs, 1108 complete and 0 interrupted iterations
normal_day   [  40% ] 200/200 VUs  03m58.8s/10m00.0s

running (03m59.8s), 200/200 VUs, 1112 complete and 0 interrupted iterations
normal_day   [  40% ] 200/200 VUs  03m59.8s/10m00.0s

running (04m00.8s), 200/200 VUs, 1116 complete and 0 interrupted iterations
normal_day   [  40% ] 200/200 VUs  04m00.8s/10m00.0s

running (04m01.8s), 200/200 VUs, 1118 complete and 0 interrupted iterations
normal_day   [  40% ] 200/200 VUs  04m01.8s/10m00.0s

running (04m02.8s), 200/200 VUs, 1122 complete and 0 interrupted iterations
normal_day   [  40% ] 200/200 VUs  04m02.8s/10m00.0s

running (04m03.8s), 200/200 VUs, 1129 complete and 0 interrupted iterations
normal_day   [  41% ] 200/200 VUs  04m03.8s/10m00.0s

running (04m04.8s), 200/200 VUs, 1136 complete and 0 interrupted iterations
normal_day   [  41% ] 200/200 VUs  04m04.8s/10m00.0s

running (04m05.8s), 200/200 VUs, 1142 complete and 0 interrupted iterations
normal_day   [  41% ] 200/200 VUs  04m05.8s/10m00.0s

running (04m06.8s), 200/200 VUs, 1150 complete and 0 interrupted iterations
normal_day   [  41% ] 200/200 VUs  04m06.8s/10m00.0s

running (04m07.8s), 200/200 VUs, 1157 complete and 0 interrupted iterations
normal_day   [  41% ] 200/200 VUs  04m07.8s/10m00.0s

running (04m08.8s), 200/200 VUs, 1162 complete and 0 interrupted iterations
normal_day   [  41% ] 200/200 VUs  04m08.8s/10m00.0s

running (04m09.8s), 200/200 VUs, 1171 complete and 0 interrupted iterations
normal_day   [  42% ] 200/200 VUs  04m09.8s/10m00.0s

running (04m10.8s), 200/200 VUs, 1182 complete and 0 interrupted iterations
normal_day   [  42% ] 200/200 VUs  04m10.8s/10m00.0s

running (04m11.8s), 200/200 VUs, 1184 complete and 0 interrupted iterations
normal_day   [  42% ] 200/200 VUs  04m11.8s/10m00.0s

running (04m12.8s), 200/200 VUs, 1189 complete and 0 interrupted iterations
normal_day   [  42% ] 200/200 VUs  04m12.8s/10m00.0s

running (04m13.8s), 200/200 VUs, 1194 complete and 0 interrupted iterations
normal_day   [  42% ] 200/200 VUs  04m13.8s/10m00.0s

running (04m14.8s), 200/200 VUs, 1199 complete and 0 interrupted iterations
normal_day   [  42% ] 200/200 VUs  04m14.8s/10m00.0s

running (04m15.8s), 200/200 VUs, 1208 complete and 0 interrupted iterations
normal_day   [  43% ] 200/200 VUs  04m15.8s/10m00.0s

running (04m16.8s), 200/200 VUs, 1212 complete and 0 interrupted iterations
normal_day   [  43% ] 200/200 VUs  04m16.8s/10m00.0s

running (04m17.8s), 200/200 VUs, 1223 complete and 0 interrupted iterations
normal_day   [  43% ] 200/200 VUs  04m17.8s/10m00.0s

running (04m18.8s), 200/200 VUs, 1232 complete and 0 interrupted iterations
normal_day   [  43% ] 200/200 VUs  04m18.8s/10m00.0s

running (04m19.8s), 200/200 VUs, 1241 complete and 0 interrupted iterations
normal_day   [  43% ] 200/200 VUs  04m19.8s/10m00.0s

running (04m20.8s), 200/200 VUs, 1255 complete and 0 interrupted iterations
normal_day   [  43% ] 200/200 VUs  04m20.8s/10m00.0s

running (04m21.8s), 200/200 VUs, 1259 complete and 0 interrupted iterations
normal_day   [  44% ] 200/200 VUs  04m21.8s/10m00.0s

running (04m22.8s), 200/200 VUs, 1265 complete and 0 interrupted iterations
normal_day   [  44% ] 200/200 VUs  04m22.8s/10m00.0s

running (04m23.8s), 200/200 VUs, 1269 complete and 0 interrupted iterations
normal_day   [  44% ] 200/200 VUs  04m23.8s/10m00.0s

running (04m24.8s), 200/200 VUs, 1275 complete and 0 interrupted iterations
normal_day   [  44% ] 200/200 VUs  04m24.8s/10m00.0s

running (04m25.8s), 200/200 VUs, 1277 complete and 0 interrupted iterations
normal_day   [  44% ] 200/200 VUs  04m25.8s/10m00.0s

running (04m26.8s), 200/200 VUs, 1280 complete and 0 interrupted iterations
normal_day   [  44% ] 200/200 VUs  04m26.8s/10m00.0s

running (04m27.8s), 200/200 VUs, 1284 complete and 0 interrupted iterations
normal_day   [  45% ] 200/200 VUs  04m27.8s/10m00.0s

running (04m28.8s), 200/200 VUs, 1289 complete and 0 interrupted iterations
normal_day   [  45% ] 200/200 VUs  04m28.8s/10m00.0s

running (04m29.7s), 200/200 VUs, 1292 complete and 0 interrupted iterations
normal_day   [  45% ] 200/200 VUs  04m29.8s/10m00.0s

running (04m30.7s), 200/200 VUs, 1295 complete and 0 interrupted iterations
normal_day   [  45% ] 200/200 VUs  04m30.8s/10m00.0s

running (04m31.7s), 200/200 VUs, 1307 complete and 0 interrupted iterations
normal_day   [  45% ] 200/200 VUs  04m31.8s/10m00.0s

running (04m32.7s), 200/200 VUs, 1313 complete and 0 interrupted iterations
normal_day   [  45% ] 200/200 VUs  04m32.8s/10m00.0s

running (04m33.7s), 200/200 VUs, 1318 complete and 0 interrupted iterations
normal_day   [  46% ] 200/200 VUs  04m33.8s/10m00.0s

running (04m34.7s), 200/200 VUs, 1322 complete and 0 interrupted iterations
normal_day   [  46% ] 200/200 VUs  04m34.8s/10m00.0s

running (04m35.7s), 200/200 VUs, 1327 complete and 0 interrupted iterations
normal_day   [  46% ] 200/200 VUs  04m35.8s/10m00.0s

running (04m36.7s), 200/200 VUs, 1329 complete and 0 interrupted iterations
normal_day   [  46% ] 200/200 VUs  04m36.8s/10m00.0s

running (04m37.7s), 200/200 VUs, 1336 complete and 0 interrupted iterations
normal_day   [  46% ] 200/200 VUs  04m37.8s/10m00.0s

running (04m38.7s), 200/200 VUs, 1341 complete and 0 interrupted iterations
normal_day   [  46% ] 200/200 VUs  04m38.8s/10m00.0s

running (04m39.7s), 200/200 VUs, 1350 complete and 0 interrupted iterations
normal_day   [  47% ] 200/200 VUs  04m39.8s/10m00.0s

running (04m40.7s), 200/200 VUs, 1359 complete and 0 interrupted iterations
normal_day   [  47% ] 200/200 VUs  04m40.8s/10m00.0s

running (04m41.7s), 200/200 VUs, 1361 complete and 0 interrupted iterations
normal_day   [  47% ] 200/200 VUs  04m41.8s/10m00.0s

running (04m42.7s), 200/200 VUs, 1368 complete and 0 interrupted iterations
normal_day   [  47% ] 200/200 VUs  04m42.8s/10m00.0s

running (04m43.7s), 200/200 VUs, 1370 complete and 0 interrupted iterations
normal_day   [  47% ] 200/200 VUs  04m43.8s/10m00.0s

running (04m44.7s), 200/200 VUs, 1379 complete and 0 interrupted iterations
normal_day   [  47% ] 200/200 VUs  04m44.8s/10m00.0s

running (04m45.7s), 200/200 VUs, 1388 complete and 0 interrupted iterations
normal_day   [  48% ] 200/200 VUs  04m45.8s/10m00.0s

running (04m46.7s), 200/200 VUs, 1398 complete and 0 interrupted iterations
normal_day   [  48% ] 200/200 VUs  04m46.8s/10m00.0s

running (04m47.7s), 200/200 VUs, 1408 complete and 0 interrupted iterations
normal_day   [  48% ] 200/200 VUs  04m47.8s/10m00.0s

running (04m48.7s), 200/200 VUs, 1412 complete and 0 interrupted iterations
normal_day   [  48% ] 200/200 VUs  04m48.8s/10m00.0s

running (04m49.7s), 200/200 VUs, 1415 complete and 0 interrupted iterations
normal_day   [  48% ] 200/200 VUs  04m49.8s/10m00.0s

running (04m50.7s), 200/200 VUs, 1418 complete and 0 interrupted iterations
normal_day   [  48% ] 200/200 VUs  04m50.8s/10m00.0s

running (04m51.7s), 200/200 VUs, 1422 complete and 0 interrupted iterations
normal_day   [  49% ] 200/200 VUs  04m51.8s/10m00.0s

running (04m52.7s), 200/200 VUs, 1428 complete and 0 interrupted iterations
normal_day   [  49% ] 200/200 VUs  04m52.8s/10m00.0s

running (04m53.7s), 200/200 VUs, 1434 complete and 0 interrupted iterations
normal_day   [  49% ] 200/200 VUs  04m53.8s/10m00.0s

running (04m54.7s), 200/200 VUs, 1441 complete and 0 interrupted iterations
normal_day   [  49% ] 200/200 VUs  04m54.8s/10m00.0s

running (04m56.4s), 200/200 VUs, 1448 complete and 0 interrupted iterations
normal_day   [  49% ] 200/200 VUs  04m56.5s/10m00.0s

running (04m56.7s), 200/200 VUs, 1460 complete and 0 interrupted iterations
normal_day   [  49% ] 200/200 VUs  04m56.8s/10m00.0s

running (04m57.7s), 200/200 VUs, 1469 complete and 0 interrupted iterations
normal_day   [  50% ] 200/200 VUs  04m57.8s/10m00.0s

running (04m58.7s), 200/200 VUs, 1475 complete and 0 interrupted iterations
normal_day   [  50% ] 200/200 VUs  04m58.8s/10m00.0s

running (04m59.7s), 200/200 VUs, 1481 complete and 0 interrupted iterations
normal_day   [  50% ] 200/200 VUs  04m59.8s/10m00.0s

running (05m00.7s), 200/200 VUs, 1491 complete and 0 interrupted iterations
normal_day   [  50% ] 200/200 VUs  05m00.8s/10m00.0s

running (05m01.7s), 200/200 VUs, 1495 complete and 0 interrupted iterations
normal_day   [  50% ] 200/200 VUs  05m01.8s/10m00.0s

running (05m02.7s), 200/200 VUs, 1501 complete and 0 interrupted iterations
normal_day   [  50% ] 200/200 VUs  05m02.8s/10m00.0s

running (05m03.7s), 200/200 VUs, 1508 complete and 0 interrupted iterations
normal_day   [  51% ] 200/200 VUs  05m03.8s/10m00.0s

running (05m04.7s), 200/200 VUs, 1509 complete and 0 interrupted iterations
normal_day   [  51% ] 200/200 VUs  05m04.8s/10m00.0s

running (05m05.7s), 200/200 VUs, 1510 complete and 0 interrupted iterations
normal_day   [  51% ] 200/200 VUs  05m05.8s/10m00.0s

running (05m06.7s), 200/200 VUs, 1514 complete and 0 interrupted iterations
normal_day   [  51% ] 200/200 VUs  05m06.8s/10m00.0s

running (05m07.7s), 200/200 VUs, 1519 complete and 0 interrupted iterations
normal_day   [  51% ] 200/200 VUs  05m07.8s/10m00.0s

running (05m08.7s), 200/200 VUs, 1526 complete and 0 interrupted iterations
normal_day   [  51% ] 200/200 VUs  05m08.8s/10m00.0s

running (05m09.7s), 200/200 VUs, 1530 complete and 0 interrupted iterations
normal_day   [  52% ] 200/200 VUs  05m09.8s/10m00.0s

running (05m10.7s), 200/200 VUs, 1533 complete and 0 interrupted iterations
normal_day   [  52% ] 200/200 VUs  05m10.8s/10m00.0s

running (05m11.7s), 200/200 VUs, 1537 complete and 0 interrupted iterations
normal_day   [  52% ] 200/200 VUs  05m11.8s/10m00.0s

running (05m12.7s), 200/200 VUs, 1541 complete and 0 interrupted iterations
normal_day   [  52% ] 200/200 VUs  05m12.8s/10m00.0s

running (05m13.7s), 200/200 VUs, 1545 complete and 0 interrupted iterations
normal_day   [  52% ] 200/200 VUs  05m13.8s/10m00.0s

running (05m14.7s), 200/200 VUs, 1546 complete and 0 interrupted iterations
normal_day   [  52% ] 200/200 VUs  05m14.8s/10m00.0s

running (05m15.7s), 200/200 VUs, 1549 complete and 0 interrupted iterations
normal_day   [  53% ] 200/200 VUs  05m15.8s/10m00.0s

running (05m16.7s), 200/200 VUs, 1550 complete and 0 interrupted iterations
normal_day   [  53% ] 200/200 VUs  05m16.8s/10m00.0s

running (05m17.7s), 200/200 VUs, 1553 complete and 0 interrupted iterations
normal_day   [  53% ] 200/200 VUs  05m17.8s/10m00.0s

running (05m18.7s), 200/200 VUs, 1554 complete and 0 interrupted iterations
normal_day   [  53% ] 200/200 VUs  05m18.8s/10m00.0s

running (05m19.7s), 200/200 VUs, 1556 complete and 0 interrupted iterations
normal_day   [  53% ] 200/200 VUs  05m19.8s/10m00.0s

running (05m20.7s), 200/200 VUs, 1559 complete and 0 interrupted iterations
normal_day   [  53% ] 200/200 VUs  05m20.8s/10m00.0s

running (05m21.7s), 200/200 VUs, 1566 complete and 0 interrupted iterations
normal_day   [  54% ] 200/200 VUs  05m21.8s/10m00.0s

running (05m22.7s), 200/200 VUs, 1570 complete and 0 interrupted iterations
normal_day   [  54% ] 200/200 VUs  05m22.8s/10m00.0s

running (05m23.7s), 200/200 VUs, 1581 complete and 0 interrupted iterations
normal_day   [  54% ] 200/200 VUs  05m23.8s/10m00.0s

running (05m24.7s), 200/200 VUs, 1588 complete and 0 interrupted iterations
normal_day   [  54% ] 200/200 VUs  05m24.8s/10m00.0s

running (05m25.7s), 200/200 VUs, 1599 complete and 0 interrupted iterations
normal_day   [  54% ] 200/200 VUs  05m25.8s/10m00.0s

running (05m26.7s), 200/200 VUs, 1607 complete and 0 interrupted iterations
normal_day   [  54% ] 200/200 VUs  05m26.8s/10m00.0s

running (05m27.7s), 200/200 VUs, 1620 complete and 0 interrupted iterations
normal_day   [  55% ] 200/200 VUs  05m27.8s/10m00.0s

running (05m28.7s), 200/200 VUs, 1630 complete and 0 interrupted iterations
normal_day   [  55% ] 200/200 VUs  05m28.8s/10m00.0s

running (05m29.7s), 200/200 VUs, 1638 complete and 0 interrupted iterations
normal_day   [  55% ] 200/200 VUs  05m29.8s/10m00.0s

running (05m30.7s), 200/200 VUs, 1641 complete and 0 interrupted iterations
normal_day   [  55% ] 200/200 VUs  05m30.8s/10m00.0s

running (05m31.7s), 200/200 VUs, 1646 complete and 0 interrupted iterations
normal_day   [  55% ] 200/200 VUs  05m31.8s/10m00.0s

running (05m32.7s), 200/200 VUs, 1651 complete and 0 interrupted iterations
normal_day   [  55% ] 200/200 VUs  05m32.8s/10m00.0s

running (05m33.7s), 200/200 VUs, 1655 complete and 0 interrupted iterations
normal_day   [  56% ] 200/200 VUs  05m33.8s/10m00.0s

running (05m34.7s), 200/200 VUs, 1660 complete and 0 interrupted iterations
normal_day   [  56% ] 200/200 VUs  05m34.8s/10m00.0s

running (05m35.7s), 200/200 VUs, 1665 complete and 0 interrupted iterations
normal_day   [  56% ] 200/200 VUs  05m35.8s/10m00.0s

running (05m36.7s), 200/200 VUs, 1671 complete and 0 interrupted iterations
normal_day   [  56% ] 200/200 VUs  05m36.8s/10m00.0s

running (05m37.7s), 200/200 VUs, 1680 complete and 0 interrupted iterations
normal_day   [  56% ] 200/200 VUs  05m37.8s/10m00.0s

running (05m38.7s), 200/200 VUs, 1685 complete and 0 interrupted iterations
normal_day   [  56% ] 200/200 VUs  05m38.8s/10m00.0s

running (05m39.7s), 200/200 VUs, 1691 complete and 0 interrupted iterations
normal_day   [  57% ] 200/200 VUs  05m39.8s/10m00.0s

running (05m40.7s), 200/200 VUs, 1697 complete and 0 interrupted iterations
normal_day   [  57% ] 200/200 VUs  05m40.8s/10m00.0s

running (05m41.7s), 200/200 VUs, 1700 complete and 0 interrupted iterations
normal_day   [  57% ] 200/200 VUs  05m41.8s/10m00.0s

running (05m42.7s), 200/200 VUs, 1706 complete and 0 interrupted iterations
normal_day   [  57% ] 200/200 VUs  05m42.8s/10m00.0s

running (05m43.7s), 200/200 VUs, 1708 complete and 0 interrupted iterations
normal_day   [  57% ] 200/200 VUs  05m43.8s/10m00.0s

running (05m44.7s), 200/200 VUs, 1716 complete and 0 interrupted iterations
normal_day   [  57% ] 200/200 VUs  05m44.8s/10m00.0s

running (05m45.7s), 200/200 VUs, 1731 complete and 0 interrupted iterations
normal_day   [  58% ] 200/200 VUs  05m45.8s/10m00.0s

running (05m46.7s), 200/200 VUs, 1738 complete and 0 interrupted iterations
normal_day   [  58% ] 200/200 VUs  05m46.8s/10m00.0s

running (05m47.7s), 200/200 VUs, 1748 complete and 0 interrupted iterations
normal_day   [  58% ] 200/200 VUs  05m47.8s/10m00.0s

running (05m48.7s), 200/200 VUs, 1759 complete and 0 interrupted iterations
normal_day   [  58% ] 200/200 VUs  05m48.8s/10m00.0s

running (05m49.7s), 200/200 VUs, 1771 complete and 0 interrupted iterations
normal_day   [  58% ] 200/200 VUs  05m49.8s/10m00.0s

running (05m50.7s), 200/200 VUs, 1782 complete and 0 interrupted iterations
normal_day   [  58% ] 200/200 VUs  05m50.8s/10m00.0s

running (05m51.7s), 200/200 VUs, 1801 complete and 0 interrupted iterations
normal_day   [  59% ] 200/200 VUs  05m51.8s/10m00.0s

running (05m52.7s), 200/200 VUs, 1805 complete and 0 interrupted iterations
normal_day   [  59% ] 200/200 VUs  05m52.8s/10m00.0s

running (05m53.7s), 200/200 VUs, 1807 complete and 0 interrupted iterations
normal_day   [  59% ] 200/200 VUs  05m53.8s/10m00.0s

running (05m54.7s), 200/200 VUs, 1808 complete and 0 interrupted iterations
normal_day   [  59% ] 200/200 VUs  05m54.8s/10m00.0s

running (05m55.7s), 200/200 VUs, 1811 complete and 0 interrupted iterations
normal_day   [  59% ] 200/200 VUs  05m55.8s/10m00.0s

running (05m56.7s), 200/200 VUs, 1814 complete and 0 interrupted iterations
normal_day   [  59% ] 200/200 VUs  05m56.8s/10m00.0s

running (05m57.7s), 200/200 VUs, 1817 complete and 0 interrupted iterations
normal_day   [  60% ] 200/200 VUs  05m57.8s/10m00.0s

running (05m58.7s), 200/200 VUs, 1822 complete and 0 interrupted iterations
normal_day   [  60% ] 200/200 VUs  05m58.8s/10m00.0s

running (05m59.7s), 200/200 VUs, 1823 complete and 0 interrupted iterations
normal_day   [  60% ] 200/200 VUs  05m59.8s/10m00.0s

running (06m00.7s), 200/200 VUs, 1828 complete and 0 interrupted iterations
normal_day   [  60% ] 200/200 VUs  06m00.8s/10m00.0s

running (06m01.7s), 200/200 VUs, 1834 complete and 0 interrupted iterations
normal_day   [  60% ] 200/200 VUs  06m01.8s/10m00.0s

running (06m02.7s), 200/200 VUs, 1837 complete and 0 interrupted iterations
normal_day   [  60% ] 200/200 VUs  06m02.8s/10m00.0s

running (06m03.7s), 200/200 VUs, 1844 complete and 0 interrupted iterations
normal_day   [  61% ] 200/200 VUs  06m03.8s/10m00.0s

running (06m04.7s), 200/200 VUs, 1848 complete and 0 interrupted iterations
normal_day   [  61% ] 200/200 VUs  06m04.8s/10m00.0s

running (06m05.7s), 200/200 VUs, 1853 complete and 0 interrupted iterations
normal_day   [  61% ] 200/200 VUs  06m05.8s/10m00.0s

running (06m06.7s), 200/200 VUs, 1855 complete and 0 interrupted iterations
normal_day   [  61% ] 200/200 VUs  06m06.8s/10m00.0s

running (06m07.7s), 200/200 VUs, 1858 complete and 0 interrupted iterations
normal_day   [  61% ] 200/200 VUs  06m07.8s/10m00.0s

running (06m08.7s), 200/200 VUs, 1860 complete and 0 interrupted iterations
normal_day   [  61% ] 200/200 VUs  06m08.8s/10m00.0s

running (06m09.7s), 200/200 VUs, 1867 complete and 0 interrupted iterations
normal_day   [  62% ] 200/200 VUs  06m09.8s/10m00.0s

running (06m10.7s), 200/200 VUs, 1872 complete and 0 interrupted iterations
normal_day   [  62% ] 200/200 VUs  06m10.8s/10m00.0s

running (06m11.7s), 200/200 VUs, 1881 complete and 0 interrupted iterations
normal_day   [  62% ] 200/200 VUs  06m11.8s/10m00.0s

running (06m12.7s), 200/200 VUs, 1900 complete and 0 interrupted iterations
normal_day   [  62% ] 200/200 VUs  06m12.8s/10m00.0s

running (06m13.7s), 200/200 VUs, 1915 complete and 0 interrupted iterations
normal_day   [  62% ] 200/200 VUs  06m13.8s/10m00.0s

running (06m14.7s), 200/200 VUs, 1933 complete and 0 interrupted iterations
normal_day   [  62% ] 200/200 VUs  06m14.8s/10m00.0s

running (06m15.7s), 200/200 VUs, 1945 complete and 0 interrupted iterations
normal_day   [  63% ] 200/200 VUs  06m15.8s/10m00.0s

running (06m16.7s), 200/200 VUs, 1950 complete and 0 interrupted iterations
normal_day   [  63% ] 200/200 VUs  06m16.8s/10m00.0s

running (06m17.7s), 200/200 VUs, 1954 complete and 0 interrupted iterations
normal_day   [  63% ] 200/200 VUs  06m17.8s/10m00.0s

running (06m18.7s), 200/200 VUs, 1961 complete and 0 interrupted iterations
normal_day   [  63% ] 200/200 VUs  06m18.8s/10m00.0s

running (06m19.7s), 200/200 VUs, 1965 complete and 0 interrupted iterations
normal_day   [  63% ] 200/200 VUs  06m19.8s/10m00.0s

running (06m20.7s), 200/200 VUs, 1968 complete and 0 interrupted iterations
normal_day   [  63% ] 200/200 VUs  06m20.8s/10m00.0s

running (06m21.7s), 200/200 VUs, 1972 complete and 0 interrupted iterations
normal_day   [  64% ] 200/200 VUs  06m21.8s/10m00.0s

running (06m22.7s), 200/200 VUs, 1979 complete and 0 interrupted iterations
normal_day   [  64% ] 200/200 VUs  06m22.8s/10m00.0s

running (06m23.7s), 200/200 VUs, 1984 complete and 0 interrupted iterations
normal_day   [  64% ] 200/200 VUs  06m23.8s/10m00.0s

running (06m24.7s), 200/200 VUs, 1993 complete and 0 interrupted iterations
normal_day   [  64% ] 200/200 VUs  06m24.8s/10m00.0s

running (06m25.7s), 200/200 VUs, 2000 complete and 0 interrupted iterations
normal_day   [  64% ] 200/200 VUs  06m25.8s/10m00.0s

running (06m26.7s), 200/200 VUs, 2004 complete and 0 interrupted iterations
normal_day   [  64% ] 200/200 VUs  06m26.8s/10m00.0s

running (06m27.7s), 200/200 VUs, 2010 complete and 0 interrupted iterations
normal_day   [  65% ] 200/200 VUs  06m27.8s/10m00.0s

running (06m28.7s), 200/200 VUs, 2020 complete and 0 interrupted iterations
normal_day   [  65% ] 200/200 VUs  06m28.8s/10m00.0s

running (06m29.7s), 200/200 VUs, 2022 complete and 0 interrupted iterations
normal_day   [  65% ] 200/200 VUs  06m29.8s/10m00.0s

running (06m30.7s), 200/200 VUs, 2039 complete and 0 interrupted iterations
normal_day   [  65% ] 200/200 VUs  06m30.8s/10m00.0s

running (06m31.7s), 200/200 VUs, 2056 complete and 0 interrupted iterations
normal_day   [  65% ] 200/200 VUs  06m31.8s/10m00.0s

running (06m32.7s), 200/200 VUs, 2065 complete and 0 interrupted iterations
normal_day   [  65% ] 200/200 VUs  06m32.8s/10m00.0s

running (06m33.7s), 200/200 VUs, 2075 complete and 0 interrupted iterations
normal_day   [  66% ] 200/200 VUs  06m33.8s/10m00.0s

running (06m34.7s), 200/200 VUs, 2078 complete and 0 interrupted iterations
normal_day   [  66% ] 200/200 VUs  06m34.8s/10m00.0s

running (06m35.7s), 200/200 VUs, 2082 complete and 0 interrupted iterations
normal_day   [  66% ] 200/200 VUs  06m35.8s/10m00.0s

running (06m36.7s), 200/200 VUs, 2084 complete and 0 interrupted iterations
normal_day   [  66% ] 200/200 VUs  06m36.8s/10m00.0s

running (06m37.7s), 200/200 VUs, 2091 complete and 0 interrupted iterations
normal_day   [  66% ] 200/200 VUs  06m37.8s/10m00.0s

running (06m38.7s), 200/200 VUs, 2101 complete and 0 interrupted iterations
normal_day   [  66% ] 200/200 VUs  06m38.8s/10m00.0s

running (06m39.7s), 200/200 VUs, 2110 complete and 0 interrupted iterations
normal_day   [  67% ] 200/200 VUs  06m39.8s/10m00.0s

running (06m40.7s), 200/200 VUs, 2116 complete and 0 interrupted iterations
normal_day   [  67% ] 200/200 VUs  06m40.8s/10m00.0s

running (06m41.7s), 200/200 VUs, 2117 complete and 0 interrupted iterations
normal_day   [  67% ] 200/200 VUs  06m41.8s/10m00.0s

running (06m42.7s), 200/200 VUs, 2123 complete and 0 interrupted iterations
normal_day   [  67% ] 200/200 VUs  06m42.8s/10m00.0s

running (06m43.7s), 200/200 VUs, 2133 complete and 0 interrupted iterations
normal_day   [  67% ] 200/200 VUs  06m43.8s/10m00.0s

running (06m44.7s), 200/200 VUs, 2143 complete and 0 interrupted iterations
normal_day   [  67% ] 200/200 VUs  06m44.8s/10m00.0s

running (06m45.7s), 200/200 VUs, 2156 complete and 0 interrupted iterations
normal_day   [  68% ] 200/200 VUs  06m45.8s/10m00.0s

running (06m46.7s), 200/200 VUs, 2160 complete and 0 interrupted iterations
normal_day   [  68% ] 200/200 VUs  06m46.8s/10m00.0s

running (06m47.7s), 200/200 VUs, 2168 complete and 0 interrupted iterations
normal_day   [  68% ] 200/200 VUs  06m47.8s/10m00.0s

running (06m48.7s), 200/200 VUs, 2173 complete and 0 interrupted iterations
normal_day   [  68% ] 200/200 VUs  06m48.8s/10m00.0s

running (06m49.7s), 200/200 VUs, 2184 complete and 0 interrupted iterations
normal_day   [  68% ] 200/200 VUs  06m49.8s/10m00.0s

running (06m50.7s), 200/200 VUs, 2190 complete and 0 interrupted iterations
normal_day   [  68% ] 200/200 VUs  06m50.8s/10m00.0s

running (06m51.7s), 200/200 VUs, 2202 complete and 0 interrupted iterations
normal_day   [  69% ] 200/200 VUs  06m51.8s/10m00.0s

running (06m52.7s), 200/200 VUs, 2208 complete and 0 interrupted iterations
normal_day   [  69% ] 200/200 VUs  06m52.8s/10m00.0s

running (06m53.7s), 200/200 VUs, 2218 complete and 0 interrupted iterations
normal_day   [  69% ] 200/200 VUs  06m53.8s/10m00.0s

running (06m54.7s), 200/200 VUs, 2223 complete and 0 interrupted iterations
normal_day   [  69% ] 200/200 VUs  06m54.8s/10m00.0s

running (06m55.7s), 200/200 VUs, 2225 complete and 0 interrupted iterations
normal_day   [  69% ] 200/200 VUs  06m55.8s/10m00.0s

running (06m56.7s), 200/200 VUs, 2228 complete and 0 interrupted iterations
normal_day   [  69% ] 200/200 VUs  06m56.8s/10m00.0s

running (06m57.7s), 200/200 VUs, 2231 complete and 0 interrupted iterations
normal_day   [  70% ] 200/200 VUs  06m57.8s/10m00.0s

running (06m58.7s), 200/200 VUs, 2240 complete and 0 interrupted iterations
normal_day   [  70% ] 200/200 VUs  06m58.8s/10m00.0s

running (06m59.7s), 200/200 VUs, 2245 complete and 0 interrupted iterations
normal_day   [  70% ] 200/200 VUs  06m59.8s/10m00.0s

running (07m00.7s), 200/200 VUs, 2252 complete and 0 interrupted iterations
normal_day   [  70% ] 200/200 VUs  07m00.8s/10m00.0s

running (07m01.7s), 200/200 VUs, 2257 complete and 0 interrupted iterations
normal_day   [  70% ] 200/200 VUs  07m01.8s/10m00.0s

running (07m02.7s), 200/200 VUs, 2261 complete and 0 interrupted iterations
normal_day   [  70% ] 200/200 VUs  07m02.8s/10m00.0s

running (07m03.7s), 200/200 VUs, 2267 complete and 0 interrupted iterations
normal_day   [  71% ] 200/200 VUs  07m03.8s/10m00.0s

running (07m04.7s), 200/200 VUs, 2281 complete and 0 interrupted iterations
normal_day   [  71% ] 200/200 VUs  07m04.8s/10m00.0s

running (07m05.7s), 200/200 VUs, 2285 complete and 0 interrupted iterations
normal_day   [  71% ] 200/200 VUs  07m05.8s/10m00.0s

running (07m06.7s), 200/200 VUs, 2290 complete and 0 interrupted iterations
normal_day   [  71% ] 200/200 VUs  07m06.8s/10m00.0s

running (07m07.7s), 200/200 VUs, 2294 complete and 0 interrupted iterations
normal_day   [  71% ] 200/200 VUs  07m07.8s/10m00.0s

running (07m08.7s), 200/200 VUs, 2298 complete and 0 interrupted iterations
normal_day   [  71% ] 200/200 VUs  07m08.8s/10m00.0s

running (07m09.7s), 200/200 VUs, 2301 complete and 0 interrupted iterations
normal_day   [  72% ] 200/200 VUs  07m09.8s/10m00.0s

running (07m10.7s), 200/200 VUs, 2306 complete and 0 interrupted iterations
normal_day   [  72% ] 200/200 VUs  07m10.8s/10m00.0s

running (07m11.7s), 200/200 VUs, 2309 complete and 0 interrupted iterations
normal_day   [  72% ] 200/200 VUs  07m11.8s/10m00.0s

running (07m12.7s), 200/200 VUs, 2315 complete and 0 interrupted iterations
normal_day   [  72% ] 200/200 VUs  07m12.8s/10m00.0s

running (07m13.7s), 200/200 VUs, 2320 complete and 0 interrupted iterations
normal_day   [  72% ] 200/200 VUs  07m13.8s/10m00.0s

running (07m14.7s), 200/200 VUs, 2324 complete and 0 interrupted iterations
normal_day   [  72% ] 200/200 VUs  07m14.8s/10m00.0s

running (07m15.7s), 200/200 VUs, 2328 complete and 0 interrupted iterations
normal_day   [  73% ] 200/200 VUs  07m15.8s/10m00.0s

running (07m16.7s), 200/200 VUs, 2331 complete and 0 interrupted iterations
normal_day   [  73% ] 200/200 VUs  07m16.8s/10m00.0s

running (07m17.7s), 200/200 VUs, 2343 complete and 0 interrupted iterations
normal_day   [  73% ] 200/200 VUs  07m17.8s/10m00.0s

running (07m18.7s), 200/200 VUs, 2353 complete and 0 interrupted iterations
normal_day   [  73% ] 200/200 VUs  07m18.8s/10m00.0s

running (07m19.7s), 200/200 VUs, 2369 complete and 0 interrupted iterations
normal_day   [  73% ] 200/200 VUs  07m19.8s/10m00.0s

running (07m20.7s), 200/200 VUs, 2373 complete and 0 interrupted iterations
normal_day   [  73% ] 200/200 VUs  07m20.8s/10m00.0s

running (07m21.7s), 200/200 VUs, 2378 complete and 0 interrupted iterations
normal_day   [  74% ] 200/200 VUs  07m21.8s/10m00.0s

running (07m22.7s), 200/200 VUs, 2389 complete and 0 interrupted iterations
normal_day   [  74% ] 200/200 VUs  07m22.8s/10m00.0s

running (07m23.7s), 200/200 VUs, 2398 complete and 0 interrupted iterations
normal_day   [  74% ] 200/200 VUs  07m23.8s/10m00.0s

running (07m24.7s), 200/200 VUs, 2405 complete and 0 interrupted iterations
normal_day   [  74% ] 200/200 VUs  07m24.8s/10m00.0s

running (07m25.7s), 200/200 VUs, 2413 complete and 0 interrupted iterations
normal_day   [  74% ] 200/200 VUs  07m25.8s/10m00.0s

running (07m26.7s), 200/200 VUs, 2422 complete and 0 interrupted iterations
normal_day   [  74% ] 200/200 VUs  07m26.8s/10m00.0s

running (07m27.7s), 200/200 VUs, 2427 complete and 0 interrupted iterations
normal_day   [  75% ] 200/200 VUs  07m27.8s/10m00.0s

running (07m28.7s), 200/200 VUs, 2429 complete and 0 interrupted iterations
normal_day   [  75% ] 200/200 VUs  07m28.8s/10m00.0s

running (07m29.7s), 200/200 VUs, 2434 complete and 0 interrupted iterations
normal_day   [  75% ] 200/200 VUs  07m29.8s/10m00.0s

running (07m30.7s), 200/200 VUs, 2437 complete and 0 interrupted iterations
normal_day   [  75% ] 200/200 VUs  07m30.8s/10m00.0s

running (07m31.7s), 200/200 VUs, 2443 complete and 0 interrupted iterations
normal_day   [  75% ] 200/200 VUs  07m31.8s/10m00.0s

running (07m32.7s), 200/200 VUs, 2444 complete and 0 interrupted iterations
normal_day   [  75% ] 200/200 VUs  07m32.8s/10m00.0s

running (07m33.7s), 200/200 VUs, 2456 complete and 0 interrupted iterations
normal_day   [  76% ] 200/200 VUs  07m33.8s/10m00.0s

running (07m34.7s), 200/200 VUs, 2462 complete and 0 interrupted iterations
normal_day   [  76% ] 200/200 VUs  07m34.8s/10m00.0s

running (07m35.7s), 200/200 VUs, 2474 complete and 0 interrupted iterations
normal_day   [  76% ] 200/200 VUs  07m35.8s/10m00.0s

running (07m36.7s), 200/200 VUs, 2479 complete and 0 interrupted iterations
normal_day   [  76% ] 200/200 VUs  07m36.8s/10m00.0s

running (07m37.7s), 200/200 VUs, 2490 complete and 0 interrupted iterations
normal_day   [  76% ] 200/200 VUs  07m37.8s/10m00.0s

running (07m38.7s), 200/200 VUs, 2493 complete and 0 interrupted iterations
normal_day   [  76% ] 200/200 VUs  07m38.8s/10m00.0s

running (07m39.7s), 200/200 VUs, 2500 complete and 0 interrupted iterations
normal_day   [  77% ] 200/200 VUs  07m39.8s/10m00.0s

running (07m40.7s), 200/200 VUs, 2503 complete and 0 interrupted iterations
normal_day   [  77% ] 200/200 VUs  07m40.8s/10m00.0s

running (07m41.7s), 200/200 VUs, 2514 complete and 0 interrupted iterations
normal_day   [  77% ] 200/200 VUs  07m41.8s/10m00.0s

running (07m42.7s), 200/200 VUs, 2518 complete and 0 interrupted iterations
normal_day   [  77% ] 200/200 VUs  07m42.8s/10m00.0s

running (07m43.7s), 200/200 VUs, 2523 complete and 0 interrupted iterations
normal_day   [  77% ] 200/200 VUs  07m43.8s/10m00.0s

running (07m44.7s), 200/200 VUs, 2532 complete and 0 interrupted iterations
normal_day   [  77% ] 200/200 VUs  07m44.8s/10m00.0s

running (07m45.7s), 200/200 VUs, 2537 complete and 0 interrupted iterations
normal_day   [  78% ] 200/200 VUs  07m45.8s/10m00.0s

running (07m46.7s), 200/200 VUs, 2543 complete and 0 interrupted iterations
normal_day   [  78% ] 200/200 VUs  07m46.8s/10m00.0s

running (07m47.7s), 200/200 VUs, 2552 complete and 0 interrupted iterations
normal_day   [  78% ] 200/200 VUs  07m47.8s/10m00.0s

running (07m48.7s), 200/200 VUs, 2557 complete and 0 interrupted iterations
normal_day   [  78% ] 200/200 VUs  07m48.8s/10m00.0s

running (07m49.7s), 200/200 VUs, 2558 complete and 0 interrupted iterations
normal_day   [  78% ] 200/200 VUs  07m49.8s/10m00.0s

running (07m50.7s), 200/200 VUs, 2561 complete and 0 interrupted iterations
normal_day   [  78% ] 200/200 VUs  07m50.8s/10m00.0s

running (07m51.7s), 200/200 VUs, 2570 complete and 0 interrupted iterations
normal_day   [  79% ] 200/200 VUs  07m51.8s/10m00.0s

running (07m52.7s), 200/200 VUs, 2580 complete and 0 interrupted iterations
normal_day   [  79% ] 200/200 VUs  07m52.8s/10m00.0s

running (07m53.7s), 200/200 VUs, 2591 complete and 0 interrupted iterations
normal_day   [  79% ] 200/200 VUs  07m53.8s/10m00.0s

running (07m54.7s), 200/200 VUs, 2599 complete and 0 interrupted iterations
normal_day   [  79% ] 200/200 VUs  07m54.8s/10m00.0s

running (07m55.7s), 200/200 VUs, 2608 complete and 0 interrupted iterations
normal_day   [  79% ] 200/200 VUs  07m55.8s/10m00.0s

running (07m56.7s), 200/200 VUs, 2612 complete and 0 interrupted iterations
normal_day   [  79% ] 200/200 VUs  07m56.8s/10m00.0s

running (07m57.7s), 200/200 VUs, 2617 complete and 0 interrupted iterations
normal_day   [  80% ] 200/200 VUs  07m57.8s/10m00.0s

running (07m58.7s), 200/200 VUs, 2621 complete and 0 interrupted iterations
normal_day   [  80% ] 200/200 VUs  07m58.8s/10m00.0s

running (07m59.7s), 200/200 VUs, 2625 complete and 0 interrupted iterations
normal_day   [  80% ] 200/200 VUs  07m59.8s/10m00.0s

running (08m00.7s), 200/200 VUs, 2628 complete and 0 interrupted iterations
normal_day   [  80% ] 200/200 VUs  08m00.8s/10m00.0s

running (08m01.7s), 200/200 VUs, 2644 complete and 0 interrupted iterations
normal_day   [  80% ] 200/200 VUs  08m01.8s/10m00.0s

running (08m02.7s), 200/200 VUs, 2647 complete and 0 interrupted iterations
normal_day   [  80% ] 200/200 VUs  08m02.8s/10m00.0s

running (08m03.7s), 199/200 VUs, 2656 complete and 0 interrupted iterations
normal_day   [  81% ] 199/200 VUs  08m03.8s/10m00.0s

running (08m04.7s), 199/200 VUs, 2660 complete and 0 interrupted iterations
normal_day   [  81% ] 199/200 VUs  08m04.8s/10m00.0s

running (08m05.7s), 199/200 VUs, 2665 complete and 0 interrupted iterations
normal_day   [  81% ] 199/200 VUs  08m05.8s/10m00.0s

running (08m06.7s), 199/200 VUs, 2667 complete and 0 interrupted iterations
normal_day   [  81% ] 199/200 VUs  08m06.8s/10m00.0s

running (08m07.7s), 199/200 VUs, 2669 complete and 0 interrupted iterations
normal_day   [  81% ] 199/200 VUs  08m07.8s/10m00.0s

running (08m08.7s), 199/200 VUs, 2673 complete and 0 interrupted iterations
normal_day   [  81% ] 199/200 VUs  08m08.8s/10m00.0s

running (08m09.7s), 199/200 VUs, 2673 complete and 0 interrupted iterations
normal_day   [  82% ] 199/200 VUs  08m09.8s/10m00.0s

running (08m10.7s), 199/200 VUs, 2677 complete and 0 interrupted iterations
normal_day   [  82% ] 199/200 VUs  08m10.8s/10m00.0s

running (08m11.7s), 199/200 VUs, 2679 complete and 0 interrupted iterations
normal_day   [  82% ] 199/200 VUs  08m11.8s/10m00.0s

running (08m12.7s), 199/200 VUs, 2686 complete and 0 interrupted iterations
normal_day   [  82% ] 199/200 VUs  08m12.8s/10m00.0s

running (08m13.7s), 199/200 VUs, 2689 complete and 0 interrupted iterations
normal_day   [  82% ] 199/200 VUs  08m13.8s/10m00.0s

running (08m14.7s), 197/200 VUs, 2700 complete and 0 interrupted iterations
normal_day   [  82% ] 197/200 VUs  08m14.8s/10m00.0s

running (08m15.7s), 197/200 VUs, 2706 complete and 0 interrupted iterations
normal_day   [  83% ] 197/200 VUs  08m15.8s/10m00.0s

running (08m16.7s), 197/200 VUs, 2710 complete and 0 interrupted iterations
normal_day   [  83% ] 197/200 VUs  08m16.8s/10m00.0s

running (08m17.7s), 196/200 VUs, 2717 complete and 0 interrupted iterations
normal_day   [  83% ] 196/200 VUs  08m17.8s/10m00.0s

running (08m18.7s), 196/200 VUs, 2721 complete and 0 interrupted iterations
normal_day   [  83% ] 196/200 VUs  08m18.8s/10m00.0s

running (08m19.7s), 196/200 VUs, 2722 complete and 0 interrupted iterations
normal_day   [  83% ] 196/200 VUs  08m19.8s/10m00.0s

running (08m20.7s), 194/200 VUs, 2725 complete and 0 interrupted iterations
normal_day   [  83% ] 194/200 VUs  08m20.8s/10m00.0s

running (08m21.7s), 192/200 VUs, 2733 complete and 0 interrupted iterations
normal_day   [  84% ] 192/200 VUs  08m21.8s/10m00.0s

running (08m22.7s), 191/200 VUs, 2742 complete and 0 interrupted iterations
normal_day   [  84% ] 191/200 VUs  08m22.8s/10m00.0s

running (08m23.7s), 187/200 VUs, 2751 complete and 0 interrupted iterations
normal_day   [  84% ] 187/200 VUs  08m23.8s/10m00.0s

running (08m24.7s), 187/200 VUs, 2758 complete and 0 interrupted iterations
normal_day   [  84% ] 187/200 VUs  08m24.8s/10m00.0s

running (08m25.7s), 186/200 VUs, 2763 complete and 0 interrupted iterations
normal_day   [  84% ] 186/200 VUs  08m25.8s/10m00.0s

running (08m26.7s), 185/200 VUs, 2764 complete and 0 interrupted iterations
normal_day   [  84% ] 185/200 VUs  08m26.8s/10m00.0s

running (08m27.7s), 185/200 VUs, 2765 complete and 0 interrupted iterations
normal_day   [  85% ] 185/200 VUs  08m27.8s/10m00.0s

running (08m28.7s), 185/200 VUs, 2767 complete and 0 interrupted iterations
normal_day   [  85% ] 185/200 VUs  08m28.8s/10m00.0s

running (08m29.7s), 184/200 VUs, 2769 complete and 0 interrupted iterations
normal_day   [  85% ] 184/200 VUs  08m29.8s/10m00.0s

running (08m30.7s), 182/200 VUs, 2775 complete and 0 interrupted iterations
normal_day   [  85% ] 182/200 VUs  08m30.8s/10m00.0s

running (08m31.7s), 179/200 VUs, 2780 complete and 1 interrupted iterations
normal_day   [  85% ] 179/200 VUs  08m31.8s/10m00.0s

running (08m32.7s), 178/200 VUs, 2786 complete and 1 interrupted iterations
normal_day   [  85% ] 178/200 VUs  08m32.8s/10m00.0s

running (08m33.7s), 178/200 VUs, 2790 complete and 1 interrupted iterations
normal_day   [  86% ] 178/200 VUs  08m33.8s/10m00.0s

running (08m34.7s), 176/200 VUs, 2802 complete and 1 interrupted iterations
normal_day   [  86% ] 176/200 VUs  08m34.8s/10m00.0s

running (08m35.7s), 172/200 VUs, 2813 complete and 2 interrupted iterations
normal_day   [  86% ] 172/200 VUs  08m35.8s/10m00.0s

running (08m36.7s), 170/200 VUs, 2819 complete and 3 interrupted iterations
normal_day   [  86% ] 170/200 VUs  08m36.8s/10m00.0s

running (08m37.7s), 167/200 VUs, 2824 complete and 4 interrupted iterations
normal_day   [  86% ] 167/200 VUs  08m37.8s/10m00.0s

running (08m38.7s), 165/200 VUs, 2828 complete and 5 interrupted iterations
normal_day   [  86% ] 165/200 VUs  08m38.8s/10m00.0s

running (08m39.7s), 164/200 VUs, 2836 complete and 5 interrupted iterations
normal_day   [  87% ] 164/200 VUs  08m39.8s/10m00.0s

running (08m40.7s), 161/200 VUs, 2843 complete and 5 interrupted iterations
normal_day   [  87% ] 161/200 VUs  08m40.8s/10m00.0s

running (08m41.7s), 157/200 VUs, 2848 complete and 7 interrupted iterations
normal_day   [  87% ] 157/200 VUs  08m41.8s/10m00.0s

running (08m42.7s), 155/200 VUs, 2851 complete and 8 interrupted iterations
normal_day   [  87% ] 155/200 VUs  08m42.8s/10m00.0s

running (08m43.7s), 153/200 VUs, 2856 complete and 9 interrupted iterations
normal_day   [  87% ] 153/200 VUs  08m43.8s/10m00.0s

running (08m44.7s), 151/200 VUs, 2860 complete and 10 interrupted iterations
normal_day   [  87% ] 151/200 VUs  08m44.8s/10m00.0s

running (08m45.7s), 150/200 VUs, 2861 complete and 11 interrupted iterations
normal_day   [  88% ] 150/200 VUs  08m45.8s/10m00.0s

running (08m46.7s), 147/200 VUs, 2867 complete and 11 interrupted iterations
normal_day   [  88% ] 147/200 VUs  08m46.8s/10m00.0s

running (08m47.7s), 144/200 VUs, 2873 complete and 12 interrupted iterations
normal_day   [  88% ] 144/200 VUs  08m47.8s/10m00.0s

running (08m48.7s), 143/200 VUs, 2874 complete and 13 interrupted iterations
normal_day   [  88% ] 143/200 VUs  08m48.8s/10m00.0s

running (08m49.7s), 142/200 VUs, 2878 complete and 13 interrupted iterations
normal_day   [  88% ] 142/200 VUs  08m49.8s/10m00.0s

running (08m50.7s), 142/200 VUs, 2882 complete and 13 interrupted iterations
normal_day   [  88% ] 142/200 VUs  08m50.8s/10m00.0s

running (08m51.7s), 142/200 VUs, 2890 complete and 13 interrupted iterations
normal_day   [  89% ] 142/200 VUs  08m51.8s/10m00.0s

running (08m52.7s), 139/200 VUs, 2902 complete and 13 interrupted iterations
normal_day   [  89% ] 139/200 VUs  08m52.8s/10m00.0s

running (08m53.7s), 135/200 VUs, 2912 complete and 14 interrupted iterations
normal_day   [  89% ] 135/200 VUs  08m53.8s/10m00.0s

running (08m54.7s), 133/200 VUs, 2915 complete and 15 interrupted iterations
normal_day   [  89% ] 133/200 VUs  08m54.8s/10m00.0s

running (08m55.7s), 131/200 VUs, 2923 complete and 15 interrupted iterations
normal_day   [  89% ] 131/200 VUs  08m55.8s/10m00.0s

running (08m56.7s), 129/200 VUs, 2928 complete and 16 interrupted iterations
normal_day   [  89% ] 129/200 VUs  08m56.8s/10m00.0s

running (08m57.7s), 129/200 VUs, 2929 complete and 16 interrupted iterations
normal_day   [  90% ] 129/200 VUs  08m57.8s/10m00.0s

running (08m58.7s), 129/200 VUs, 2930 complete and 16 interrupted iterations
normal_day   [  90% ] 129/200 VUs  08m58.8s/10m00.0s

running (08m59.7s), 128/200 VUs, 2932 complete and 16 interrupted iterations
normal_day   [  90% ] 128/200 VUs  08m59.8s/10m00.0s

running (09m00.7s), 126/200 VUs, 2934 complete and 16 interrupted iterations
normal_day   [  90% ] 126/200 VUs  09m00.8s/10m00.0s

running (09m01.7s), 126/200 VUs, 2936 complete and 16 interrupted iterations
normal_day   [  90% ] 126/200 VUs  09m01.8s/10m00.0s

running (09m02.7s), 124/200 VUs, 2946 complete and 18 interrupted iterations
normal_day   [  90% ] 124/200 VUs  09m02.8s/10m00.0s

running (09m03.7s), 121/200 VUs, 2949 complete and 20 interrupted iterations
normal_day   [  91% ] 121/200 VUs  09m03.8s/10m00.0s

running (09m04.7s), 120/200 VUs, 2952 complete and 20 interrupted iterations
normal_day   [  91% ] 120/200 VUs  09m04.8s/10m00.0s

running (09m05.7s), 118/200 VUs, 2956 complete and 20 interrupted iterations
normal_day   [  91% ] 118/200 VUs  09m05.8s/10m00.0s

running (09m06.7s), 118/200 VUs, 2957 complete and 20 interrupted iterations
normal_day   [  91% ] 118/200 VUs  09m06.8s/10m00.0s

running (09m07.7s), 117/200 VUs, 2959 complete and 20 interrupted iterations
normal_day   [  91% ] 117/200 VUs  09m07.8s/10m00.0s

running (09m08.7s), 117/200 VUs, 2962 complete and 20 interrupted iterations
normal_day   [  91% ] 117/200 VUs  09m08.8s/10m00.0s

running (09m09.7s), 114/200 VUs, 2970 complete and 21 interrupted iterations
normal_day   [  92% ] 114/200 VUs  09m09.8s/10m00.0s

running (09m10.7s), 113/200 VUs, 2974 complete and 21 interrupted iterations
normal_day   [  92% ] 113/200 VUs  09m10.8s/10m00.0s

running (09m11.7s), 112/200 VUs, 2980 complete and 21 interrupted iterations
normal_day   [  92% ] 112/200 VUs  09m11.8s/10m00.0s

running (09m12.7s), 112/200 VUs, 2982 complete and 21 interrupted iterations
normal_day   [  92% ] 112/200 VUs  09m12.8s/10m00.0s

running (09m13.7s), 111/200 VUs, 2982 complete and 22 interrupted iterations
normal_day   [  92% ] 111/200 VUs  09m13.8s/10m00.0s

running (09m14.7s), 110/200 VUs, 2987 complete and 22 interrupted iterations
normal_day   [  92% ] 110/200 VUs  09m14.8s/10m00.0s

running (09m15.7s), 105/200 VUs, 2995 complete and 23 interrupted iterations
normal_day   [  93% ] 105/200 VUs  09m15.8s/10m00.0s

running (09m16.7s), 103/200 VUs, 3001 complete and 23 interrupted iterations
normal_day   [  93% ] 103/200 VUs  09m16.8s/10m00.0s

running (09m17.7s), 099/200 VUs, 3009 complete and 23 interrupted iterations
normal_day   [  93% ] 099/200 VUs  09m17.8s/10m00.0s

running (09m18.7s), 097/200 VUs, 3012 complete and 23 interrupted iterations
normal_day   [  93% ] 097/200 VUs  09m18.8s/10m00.0s

running (09m19.7s), 097/200 VUs, 3015 complete and 23 interrupted iterations
normal_day   [  93% ] 097/200 VUs  09m19.8s/10m00.0s

running (09m20.7s), 095/200 VUs, 3015 complete and 25 interrupted iterations
normal_day   [  93% ] 095/200 VUs  09m20.8s/10m00.0s

running (09m21.7s), 095/200 VUs, 3015 complete and 25 interrupted iterations
normal_day   [  94% ] 095/200 VUs  09m21.8s/10m00.0s

running (09m22.7s), 092/200 VUs, 3019 complete and 26 interrupted iterations
normal_day   [  94% ] 092/200 VUs  09m22.8s/10m00.0s

running (09m23.7s), 090/200 VUs, 3024 complete and 27 interrupted iterations
normal_day   [  94% ] 090/200 VUs  09m23.8s/10m00.0s

running (09m24.7s), 086/200 VUs, 3030 complete and 27 interrupted iterations
normal_day   [  94% ] 086/200 VUs  09m24.8s/10m00.0s

running (09m25.7s), 085/200 VUs, 3031 complete and 28 interrupted iterations
normal_day   [  94% ] 085/200 VUs  09m25.8s/10m00.0s

running (09m26.7s), 084/200 VUs, 3032 complete and 29 interrupted iterations
normal_day   [  94% ] 084/200 VUs  09m26.8s/10m00.0s

running (09m27.7s), 081/200 VUs, 3034 complete and 31 interrupted iterations
normal_day   [  95% ] 081/200 VUs  09m27.8s/10m00.0s

running (09m28.7s), 078/200 VUs, 3038 complete and 31 interrupted iterations
normal_day   [  95% ] 078/200 VUs  09m28.8s/10m00.0s

running (09m29.7s), 076/200 VUs, 3045 complete and 31 interrupted iterations
normal_day   [  95% ] 076/200 VUs  09m29.8s/10m00.0s

running (09m30.7s), 071/200 VUs, 3052 complete and 33 interrupted iterations
normal_day   [  95% ] 071/200 VUs  09m30.8s/10m00.0s

running (09m31.7s), 071/200 VUs, 3057 complete and 33 interrupted iterations
normal_day   [  95% ] 071/200 VUs  09m31.8s/10m00.0s

running (09m32.7s), 071/200 VUs, 3057 complete and 33 interrupted iterations
normal_day   [  95% ] 071/200 VUs  09m32.8s/10m00.0s

running (09m33.7s), 070/200 VUs, 3061 complete and 33 interrupted iterations
normal_day   [  96% ] 070/200 VUs  09m33.8s/10m00.0s

running (09m34.7s), 070/200 VUs, 3063 complete and 33 interrupted iterations
normal_day   [  96% ] 070/200 VUs  09m34.8s/10m00.0s

running (09m35.7s), 067/200 VUs, 3070 complete and 33 interrupted iterations
normal_day   [  96% ] 067/200 VUs  09m35.8s/10m00.0s

running (09m36.7s), 066/200 VUs, 3073 complete and 33 interrupted iterations
normal_day   [  96% ] 066/200 VUs  09m36.8s/10m00.0s

running (09m37.7s), 064/200 VUs, 3077 complete and 33 interrupted iterations
normal_day   [  96% ] 064/200 VUs  09m37.8s/10m00.0s

running (09m38.7s), 058/200 VUs, 3083 complete and 34 interrupted iterations
normal_day   [  96% ] 058/200 VUs  09m38.8s/10m00.0s

running (09m39.7s), 054/200 VUs, 3091 complete and 34 interrupted iterations
normal_day   [  97% ] 054/200 VUs  09m39.8s/10m00.0s

running (09m40.7s), 053/200 VUs, 3094 complete and 34 interrupted iterations
normal_day   [  97% ] 053/200 VUs  09m40.8s/10m00.0s

running (09m41.7s), 049/200 VUs, 3101 complete and 34 interrupted iterations
normal_day   [  97% ] 049/200 VUs  09m41.8s/10m00.0s

running (09m42.7s), 046/200 VUs, 3109 complete and 34 interrupted iterations
normal_day   [  97% ] 046/200 VUs  09m42.8s/10m00.0s

running (09m43.7s), 041/200 VUs, 3118 complete and 34 interrupted iterations
normal_day   [  97% ] 041/200 VUs  09m43.8s/10m00.0s

running (09m44.7s), 038/200 VUs, 3121 complete and 34 interrupted iterations
normal_day   [  97% ] 038/200 VUs  09m44.8s/10m00.0s

running (09m45.7s), 037/200 VUs, 3125 complete and 34 interrupted iterations
normal_day   [  98% ] 037/200 VUs  09m45.8s/10m00.0s

running (09m46.7s), 036/200 VUs, 3129 complete and 34 interrupted iterations
normal_day   [  98% ] 036/200 VUs  09m46.8s/10m00.0s

running (09m47.7s), 035/200 VUs, 3133 complete and 34 interrupted iterations
normal_day   [  98% ] 035/200 VUs  09m47.8s/10m00.0s

running (09m48.7s), 030/200 VUs, 3138 complete and 35 interrupted iterations
normal_day   [  98% ] 030/200 VUs  09m48.8s/10m00.0s

running (09m49.7s), 026/200 VUs, 3142 complete and 35 interrupted iterations
normal_day   [  98% ] 026/200 VUs  09m49.8s/10m00.0s

running (09m50.7s), 024/200 VUs, 3147 complete and 35 interrupted iterations
normal_day   [  98% ] 024/200 VUs  09m50.8s/10m00.0s

running (09m51.7s), 023/200 VUs, 3150 complete and 35 interrupted iterations
normal_day   [  99% ] 023/200 VUs  09m51.8s/10m00.0s

running (09m52.7s), 023/200 VUs, 3152 complete and 35 interrupted iterations
normal_day   [  99% ] 023/200 VUs  09m52.8s/10m00.0s

running (09m53.7s), 023/200 VUs, 3154 complete and 35 interrupted iterations
normal_day   [  99% ] 023/200 VUs  09m53.8s/10m00.0s

running (09m54.7s), 023/200 VUs, 3155 complete and 35 interrupted iterations
normal_day   [  99% ] 023/200 VUs  09m54.8s/10m00.0s

running (09m55.7s), 021/200 VUs, 3157 complete and 35 interrupted iterations
normal_day   [  99% ] 021/200 VUs  09m55.8s/10m00.0s

running (09m56.7s), 020/200 VUs, 3159 complete and 35 interrupted iterations
normal_day   [  99% ] 020/200 VUs  09m56.8s/10m00.0s

running (09m57.7s), 019/200 VUs, 3160 complete and 35 interrupted iterations
normal_day   [ 100% ] 019/200 VUs  09m57.8s/10m00.0s

running (09m58.7s), 018/200 VUs, 3161 complete and 35 interrupted iterations
normal_day   [ 100% ] 018/200 VUs  09m58.8s/10m00.0s

running (09m59.7s), 014/200 VUs, 3165 complete and 35 interrupted iterations
normal_day   [ 100% ] 014/200 VUs  09m59.8s/10m00.0s

running (10m00.7s), 014/200 VUs, 3165 complete and 35 interrupted iterations
normal_day ↓ [ 100% ] 014/200 VUs  10m0s

running (10m01.7s), 013/200 VUs, 3166 complete and 35 interrupted iterations
normal_day ↓ [ 100% ] 014/200 VUs  10m0s

running (10m02.7s), 011/200 VUs, 3168 complete and 35 interrupted iterations
normal_day ↓ [ 100% ] 014/200 VUs  10m0s

running (10m03.7s), 009/200 VUs, 3170 complete and 35 interrupted iterations
normal_day ↓ [ 100% ] 014/200 VUs  10m0s

running (10m04.7s), 008/200 VUs, 3171 complete and 35 interrupted iterations
normal_day ↓ [ 100% ] 014/200 VUs  10m0s

running (10m05.7s), 007/200 VUs, 3172 complete and 35 interrupted iterations
normal_day ↓ [ 100% ] 014/200 VUs  10m0s

running (10m06.7s), 005/200 VUs, 3174 complete and 35 interrupted iterations
normal_day ↓ [ 100% ] 014/200 VUs  10m0s

running (10m07.7s), 005/200 VUs, 3174 complete and 35 interrupted iterations
normal_day ↓ [ 100% ] 014/200 VUs  10m0s

running (10m08.7s), 005/200 VUs, 3174 complete and 35 interrupted iterations
normal_day ↓ [ 100% ] 014/200 VUs  10m0s

running (10m09.7s), 005/200 VUs, 3174 complete and 35 interrupted iterations
normal_day ↓ [ 100% ] 014/200 VUs  10m0s

running (10m10.7s), 005/200 VUs, 3174 complete and 35 interrupted iterations
normal_day ↓ [ 100% ] 014/200 VUs  10m0s

running (10m11.7s), 004/200 VUs, 3175 complete and 35 interrupted iterations
normal_day ↓ [ 100% ] 014/200 VUs  10m0s

running (10m12.7s), 003/200 VUs, 3176 complete and 35 interrupted iterations
normal_day ↓ [ 100% ] 014/200 VUs  10m0s

running (10m13.7s), 002/200 VUs, 3177 complete and 35 interrupted iterations
normal_day ↓ [ 100% ] 014/200 VUs  10m0s

running (10m14.7s), 001/200 VUs, 3178 complete and 35 interrupted iterations
normal_day ↓ [ 100% ] 014/200 VUs  10m0s
[32m     ✓ login 200[0m
[32m     ✓ post create 2xx[0m
[32m     ✓ board list 200[0m
[32m     ✓ post update 200[0m
[32m     ✓ post delete 200[0m
[32m     ✓ post detail 200[0m
[32m     ✓ hot daily 200[0m
[32m     ✓ unread count 200[0m
[32m     ✓ post list 200[0m
[32m     ✓ post search 200[0m
[32m     ✓ friend list 200[0m
[32m     ✓ post reaction 2xx[0m
[32m     ✓ notif list 200[0m
[32m     ✓ received reqs 200[0m
[32m     ✓ read one 200[0m
[32m     ✓ chat rooms 200[0m
[32m     ✓ meal today 200[0m
[32m     ✓ comment list 200[0m
[32m     ✓ timetable today 200[0m
[32m     ✓ chat messages 200[0m
[32m     ✓ chat read 200[0m
[32m     ✓ scrap 2xx[0m
[32m     ✓ logout 200[0m
[32m     ✓ comment reaction 200[0m
[32m     ✓ comment create 2xx[0m
[32m     ✓ refresh 200[0m
[32m     ✓ ws handshake 101[0m
[32m     ✓ user info 200[0m
[32m     ✓ my posts 200[0m
[32m     ✓ read all 200[0m
[32m     ✓ meal month 200[0m

     auth_token_refreshes[2m...........:[0m [36m38[0m      [36;2m0.061819/s[0m
     chat_ws_messages_sent[2m..........:[0m [36m940[0m     [36;2m1.529197/s[0m
     chat_ws_rtt[2m....................:[0m avg=[36m2.71s[0m   min=[36m16ms[0m    med=[36m2.37s[0m    max=[36m12.9s[0m    p(90)=[36m5.02s[0m   p(95)=[36m6.32s[0m   p(99)=[36m8.61s[0m   
     checks[2m.........................:[0m [36m100.00%[0m [36;2m✓ 14155[0m     [36;2m✗ 0[0m    
     [32m✓[0m { phase:measure }[2m............:[0m [36m100.00%[0m [36;2m✓ 8223[0m      [36;2m✗ 0[0m    
     [32m✓[0m { phase:rampdown }[2m...........:[0m [36m100.00%[0m [36;2m✓ 2330[0m      [36;2m✗ 0[0m    
     [32m✓[0m { phase:warmup }[2m.............:[0m [36m100.00%[0m [36;2m✓ 3602[0m      [36;2m✗ 0[0m    
     data_received[2m..................:[0m [36m601 MB[0m  [36;2m978 kB/s[0m
     data_sent[2m......................:[0m [36m5.8 MB[0m  [36;2m9.4 kB/s[0m
     http_req_blocked[2m...............:[0m avg=[36m18.98µs[0m min=[36m1.32µs[0m  med=[36m5.68µs[0m   max=[36m27.35ms[0m  p(90)=[36m9.42µs[0m  p(95)=[36m13.53µs[0m p(99)=[36m294.62µs[0m
     http_req_connecting[2m............:[0m avg=[36m6.87µs[0m  min=[36m0s[0m      med=[36m0s[0m       max=[36m17.15ms[0m  p(90)=[36m0s[0m      p(95)=[36m0s[0m      p(99)=[36m185.74µs[0m
     http_req_duration[2m..............:[0m avg=[36m4.33s[0m   min=[36m2.2ms[0m   med=[36m3.87s[0m    max=[36m40.34s[0m   p(90)=[36m7.97s[0m   p(95)=[36m9.45s[0m   p(99)=[36m13.92s[0m  
       { expected_response:true }[2m...:[0m avg=[36m4.33s[0m   min=[36m2.2ms[0m   med=[36m3.87s[0m    max=[36m40.34s[0m   p(90)=[36m7.97s[0m   p(95)=[36m9.45s[0m   p(99)=[36m13.92s[0m  
     [32m✓[0m { feature:auth }[2m.............:[0m avg=[36m2.54s[0m   min=[36m50.3ms[0m  med=[36m1.84s[0m    max=[36m12.15s[0m   p(90)=[36m5.32s[0m   p(95)=[36m6.94s[0m   p(99)=[36m9.74s[0m   
     [32m✓[0m { feature:board }[2m............:[0m avg=[36m4.14s[0m   min=[36m2.27ms[0m  med=[36m3.93s[0m    max=[36m14.2s[0m    p(90)=[36m7.28s[0m   p(95)=[36m8.29s[0m   p(99)=[36m11.03s[0m  
     [32m✓[0m { feature:chat }[2m.............:[0m avg=[36m4.28s[0m   min=[36m2.54ms[0m  med=[36m3.88s[0m    max=[36m13.11s[0m   p(90)=[36m7.69s[0m   p(95)=[36m8.76s[0m   p(99)=[36m11.05s[0m  
     [32m✓[0m { feature:comment }[2m..........:[0m avg=[36m5.73s[0m   min=[36m2.54ms[0m  med=[36m4.9s[0m     max=[36m40.34s[0m   p(90)=[36m11.62s[0m  p(95)=[36m14.02s[0m  p(99)=[36m17.8s[0m   
     [32m✓[0m { feature:friend }[2m...........:[0m avg=[36m4.19s[0m   min=[36m8.84ms[0m  med=[36m4.03s[0m    max=[36m12.26s[0m   p(90)=[36m7.51s[0m   p(95)=[36m8.76s[0m   p(99)=[36m11.96s[0m  
     [32m✓[0m { feature:hot }[2m..............:[0m avg=[36m4.28s[0m   min=[36m10.43ms[0m med=[36m4.04s[0m    max=[36m14.38s[0m   p(90)=[36m7.75s[0m   p(95)=[36m8.67s[0m   p(99)=[36m11.68s[0m  
     [32m✓[0m { feature:mypage }[2m...........:[0m avg=[36m4.31s[0m   min=[36m2.71ms[0m  med=[36m3.68s[0m    max=[36m12.3s[0m    p(90)=[36m7.86s[0m   p(95)=[36m10.33s[0m  p(99)=[36m11.72s[0m  
     [32m✓[0m { feature:notification }[2m.....:[0m avg=[36m4.39s[0m   min=[36m3.24ms[0m  med=[36m4.05s[0m    max=[36m15.5s[0m    p(90)=[36m7.87s[0m   p(95)=[36m8.94s[0m   p(99)=[36m12.02s[0m  
     [32m✓[0m { feature:post }[2m.............:[0m avg=[36m3.91s[0m   min=[36m2.2ms[0m   med=[36m3.6s[0m     max=[36m16.63s[0m   p(90)=[36m7.24s[0m   p(95)=[36m8.42s[0m   p(99)=[36m11.03s[0m  
     [32m✓[0m { feature:reaction }[2m.........:[0m avg=[36m4.16s[0m   min=[36m16.29ms[0m med=[36m3.85s[0m    max=[36m11.63s[0m   p(90)=[36m7.07s[0m   p(95)=[36m8.25s[0m   p(99)=[36m9.24s[0m   
     [32m✓[0m { feature:school }[2m...........:[0m avg=[36m3.81s[0m   min=[36m5.49ms[0m  med=[36m3.36s[0m    max=[36m12.32s[0m   p(90)=[36m6.86s[0m   p(95)=[36m8.29s[0m   p(99)=[36m10.33s[0m  
     [32m✓[0m { feature:scrap }[2m............:[0m avg=[36m4.32s[0m   min=[36m19.87ms[0m med=[36m4.08s[0m    max=[36m12.73s[0m   p(90)=[36m7.69s[0m   p(95)=[36m11.2s[0m   p(99)=[36m12.24s[0m  
     [32m✓[0m { feature:timetable }[2m........:[0m avg=[36m4.56s[0m   min=[36m16.28ms[0m med=[36m4.27s[0m    max=[36m12.06s[0m   p(90)=[36m7.95s[0m   p(95)=[36m8.84s[0m   p(99)=[36m10.84s[0m  
     [32m✓[0m { op:auth }[2m..................:[0m avg=[36m2.54s[0m   min=[36m50.3ms[0m  med=[36m1.84s[0m    max=[36m12.15s[0m   p(90)=[36m5.32s[0m   p(95)=[36m6.94s[0m   p(99)=[36m9.74s[0m   
     [31m✗[0m { op:read,phase:measure }[2m....:[0m avg=[36m5s[0m      min=[36m2.41ms[0m  med=[36m4.6s[0m     max=[36m22.68s[0m   p(90)=[36m8.29s[0m   p(95)=[36m10.19s[0m  p(99)=[36m14.12s[0m  
     [31m✗[0m { op:write,phase:measure }[2m...:[0m avg=[36m5.26s[0m   min=[36m27.74ms[0m med=[36m4.9s[0m     max=[36m16.12s[0m   p(90)=[36m8.37s[0m   p(95)=[36m9.63s[0m   p(99)=[36m12.76s[0m  
     [32m✓[0m { page:0 }[2m...................:[0m avg=[36m2.78s[0m   min=[36m2.3ms[0m   med=[36m2.42s[0m    max=[36m12.02s[0m   p(90)=[36m5.37s[0m   p(95)=[36m6.77s[0m   p(99)=[36m7.99s[0m   
     [32m✓[0m { page:1 }[2m...................:[0m avg=[36m2.83s[0m   min=[36m2.34ms[0m  med=[36m2.43s[0m    max=[36m11.97s[0m   p(90)=[36m5.51s[0m   p(95)=[36m7.07s[0m   p(99)=[36m9.01s[0m   
     [32m✓[0m { page:2 }[2m...................:[0m avg=[36m2.85s[0m   min=[36m2.2ms[0m   med=[36m2.63s[0m    max=[36m10.65s[0m   p(90)=[36m5.52s[0m   p(95)=[36m6.81s[0m   p(99)=[36m8.38s[0m   
     [32m✓[0m { page:3 }[2m...................:[0m avg=[36m3.04s[0m   min=[36m3.94ms[0m  med=[36m2.96s[0m    max=[36m8.93s[0m    p(90)=[36m5.37s[0m   p(95)=[36m7.09s[0m   p(99)=[36m8.87s[0m   
     [32m✓[0m { page:4 }[2m...................:[0m avg=[36m3.06s[0m   min=[36m2.52ms[0m  med=[36m2.93s[0m    max=[36m8.96s[0m    p(90)=[36m5.91s[0m   p(95)=[36m7.14s[0m   p(99)=[36m8.41s[0m   
     [32m✓[0m { phase:measure }[2m............:[0m avg=[36m5.01s[0m   min=[36m2.41ms[0m  med=[36m4.62s[0m    max=[36m22.68s[0m   p(90)=[36m8.31s[0m   p(95)=[36m10.09s[0m  p(99)=[36m13.99s[0m  
     [32m✓[0m { phase:rampdown }[2m...........:[0m avg=[36m4.31s[0m   min=[36m2.2ms[0m   med=[36m3.88s[0m    max=[36m19.97s[0m   p(90)=[36m8.49s[0m   p(95)=[36m9.62s[0m   p(99)=[36m14.61s[0m  
     [32m✓[0m { phase:warmup }[2m.............:[0m avg=[36m2.86s[0m   min=[36m4.83ms[0m  med=[36m2.38s[0m    max=[36m40.34s[0m   p(90)=[36m5.69s[0m   p(95)=[36m7.21s[0m   p(99)=[36m13.37s[0m  
     http_req_failed[2m................:[0m [36m0.00%[0m   [36;2m✓ 0[0m         [36;2m✗ 13995[0m
     [32m✓[0m { phase:measure }[2m............:[0m [36m0.00%[0m   [36;2m✓ 0[0m         [36;2m✗ 8118[0m 
     [32m✓[0m { phase:rampdown }[2m...........:[0m [36m0.00%[0m   [36;2m✓ 0[0m         [36;2m✗ 2174[0m 
     [32m✓[0m { phase:warmup }[2m.............:[0m [36m0.00%[0m   [36;2m✓ 0[0m         [36;2m✗ 3703[0m 
     http_req_receiving[2m.............:[0m avg=[36m1.84ms[0m  min=[36m16.97µs[0m med=[36m252.84µs[0m max=[36m374.01ms[0m p(90)=[36m1.05ms[0m  p(95)=[36m3.97ms[0m  p(99)=[36m66.7ms[0m  
     http_req_sending[2m...............:[0m avg=[36m44.22µs[0m min=[36m4.68µs[0m  med=[36m31.18µs[0m  max=[36m48.85ms[0m  p(90)=[36m64.29µs[0m p(95)=[36m79.53µs[0m p(99)=[36m150.68µs[0m
     http_req_tls_handshaking[2m.......:[0m avg=[36m0s[0m      min=[36m0s[0m      med=[36m0s[0m       max=[36m0s[0m       p(90)=[36m0s[0m      p(95)=[36m0s[0m      p(99)=[36m0s[0m      
     http_req_waiting[2m...............:[0m avg=[36m4.33s[0m   min=[36m2.09ms[0m  med=[36m3.87s[0m    max=[36m40.33s[0m   p(90)=[36m7.97s[0m   p(95)=[36m9.45s[0m   p(99)=[36m13.91s[0m  
     http_reqs[2m......................:[0m [36m13995[0m   [36;2m22.767137/s[0m
     [32m✓[0m { feature:auth }[2m.............:[0m [36m296[0m     [36;2m0.481534/s[0m
     [32m✓[0m { feature:board }[2m............:[0m [36m1308[0m    [36;2m2.127861/s[0m
     [32m✓[0m { feature:chat }[2m.............:[0m [36m1064[0m    [36;2m1.730921/s[0m
     [32m✓[0m { feature:comment }[2m..........:[0m [36m2517[0m    [36;2m4.094668/s[0m
     [32m✓[0m { feature:friend }[2m...........:[0m [36m222[0m     [36;2m0.361151/s[0m
     [32m✓[0m { feature:hot }[2m..............:[0m [36m1308[0m    [36;2m2.127861/s[0m
     [32m✓[0m { feature:mypage }[2m...........:[0m [36m186[0m     [36;2m0.302586/s[0m
     [32m✓[0m { feature:notification }[2m.....:[0m [36m591[0m     [36;2m0.961442/s[0m
     [32m✓[0m { feature:post }[2m.............:[0m [36m5984[0m    [36;2m9.734801/s[0m
     [32m✓[0m { feature:reaction }[2m.........:[0m [36m249[0m     [36;2m0.405074/s[0m
     [32m✓[0m { feature:school }[2m...........:[0m [36m108[0m     [36;2m0.175695/s[0m
     [32m✓[0m { feature:scrap }[2m............:[0m [36m71[0m      [36;2m0.115503/s[0m
     [32m✓[0m { feature:timetable }[2m........:[0m [36m91[0m      [36;2m0.148039/s[0m
     [32m✓[0m { op:auth }[2m..................:[0m [36m296[0m     [36;2m0.481534/s[0m
     [32m✓[0m { op:read }[2m..................:[0m [36m12691[0m   [36;2m20.645783/s[0m
     [32m✓[0m { op:write }[2m.................:[0m [36m1008[0m    [36;2m1.639819/s[0m
     [32m✓[0m { page:0 }[2m...................:[0m [36m724[0m     [36;2m1.177807/s[0m
     [32m✓[0m { page:1 }[2m...................:[0m [36m264[0m     [36;2m0.429477/s[0m
     [32m✓[0m { page:2 }[2m...................:[0m [36m141[0m     [36;2m0.22938/s[0m
     [32m✓[0m { page:3 }[2m...................:[0m [36m111[0m     [36;2m0.180575/s[0m
     [32m✓[0m { page:4 }[2m...................:[0m [36m68[0m      [36;2m0.110623/s[0m
     [32m✓[0m { phase:measure }[2m............:[0m [36m8118[0m    [36;2m13.206403/s[0m
     [32m✓[0m { phase:rampdown }[2m...........:[0m [36m2174[0m    [36;2m3.536674/s[0m
     [32m✓[0m { phase:warmup }[2m.............:[0m [36m3703[0m    [36;2m6.024059/s[0m
     iteration_duration[2m.............:[0m avg=[36m28.72s[0m  min=[36m1.2s[0m    med=[36m21.42s[0m   max=[36m1m47s[0m    p(90)=[36m59.61s[0m  p(95)=[36m1m7s[0m    p(99)=[36m1m20s[0m   
     iterations[2m.....................:[0m [36m3179[0m    [36;2m5.171613/s[0m
     [32m✓[0m { phase:measure }[2m............:[0m [36m0[0m       [36;2m0/s[0m
     [32m✓[0m { phase:rampdown }[2m...........:[0m [36m0[0m       [36;2m0/s[0m
     [32m✓[0m { phase:warmup }[2m.............:[0m [36m0[0m       [36;2m0/s[0m
     phase_iterations[2m...............:[0m [36m3179[0m    [36;2m5.171613/s[0m
     [32m✓[0m { phase:measure }[2m............:[0m [36m1920[0m    [36;2m3.123466/s[0m
     [32m✓[0m { phase:rampdown }[2m...........:[0m [36m553[0m     [36;2m0.899623/s[0m
     [32m✓[0m { phase:warmup }[2m.............:[0m [36m706[0m     [36;2m1.148524/s[0m
     vus[2m............................:[0m [36m1[0m       [36;2mmin=0[0m       [36;2mmax=200[0m
     vus_max[2m........................:[0m [36m200[0m     [36;2mmin=200[0m     [36;2mmax=200[0m
     ws_connecting[2m..................:[0m avg=[36m3.54s[0m   min=[36m2.34ms[0m  med=[36m3.29s[0m    max=[36m11.37s[0m   p(90)=[36m6.41s[0m   p(95)=[36m7.01s[0m   p(99)=[36m10.16s[0m  
     ws_msgs_received[2m...............:[0m [36m965[0m     [36;2m1.569867/s[0m
     ws_msgs_sent[2m...................:[0m [36m1260[0m    [36;2m2.049774/s[0m
     ws_session_duration[2m............:[0m avg=[36m26.78s[0m  min=[36m15.19s[0m  med=[36m27.78s[0m   max=[36m37.35s[0m   p(90)=[36m32.94s[0m  p(95)=[36m33.82s[0m  p(99)=[36m35.32s[0m  
     ws_sessions[2m....................:[0m [36m160[0m     [36;2m0.260289/s[0m
running (10m14.7s), 000/200 VUs, 3179 complete and 35 interrupted iterations
normal_day ✓ [ 100% ] 000/200 VUs  10m0s
time="2026-08-19T14:07:02Z" level=error msg="thresholds on metrics 'http_req_duration{op:read,phase:measure}, http_req_duration{op:write,phase:measure}' have been crossed"
  호스트(Windows) 121표본 · CPU 39.0% (max 74.6) · 주파수 113.6% (min -1.0) · 대기스레드 27.23 · 가용메모리 3449MB
  부하 중 벤치(warmup +60초, 3회 중앙값) · single 8024ms (유휴 대비 36.9%) · parallel 6922ms (유휴 대비 11.5%) · ctxswitch 3180ms (유휴 대비 23.3%)

⚠ k6 종료 코드 99 (threshold 미달 가능) — 수집은 계속합니다.


  실행 후 상태 sha256:ff0ce633ee5d — chat_messages.maxId +940, chat_messages.count +934, posts.maxId +156, comments.count +133, comments.maxId +133 (외 13개)
    (지문 제외 항목: posts.sumViewCount +3722, daily_hot_post.count +51)
Prometheus 스크레이프 대기 20초...

══════════════════════════════════════════════════════════════════════════
  Performance Report — normal-day   Run #99   ❌ FAIL
══════════════════════════════════════════════════════════════════════════
  환경 perf  |  브랜치 personal/localdocs  |  커밋 3e96d946  |  빌드 local
  시작 2026-08-19 22:56:47 KST  |  수행 10m 15s  |  VU max 200
  데이터셋 medium  |  부하 ramping-vus 0→200@3m0s→200@5m0s→0@2m0s

  ── 성능 (measure 구간) ─────────────────────────────────────────
  평균 5.02s     P95 10.09s    P99 14.00s   
  RPS  27.1      TPS 6.40      오류율 0.00%

  ── 인프라 ────────────────────────────────────────────────────────
  CPU  2.00 core (한계의 100%)   throttled 99.6%
  Heap 822 MB (80%)   GC max 997ms × 119회
  DB   slow 1,207  QPS 7,225  풀 100%  대기 172
  Redis hit 98.5%  ops 155.8/s  evicted 0

  ── 회귀 (기준: normal-day-2026-08-19T09-36-05) ────────────────
  ⚠  기준선은 당시 k6 threshold 미통과 실행입니다, 당시 Node 판정 FAIL.
     아래 증감률은 개선/악화 폭이며 현재 SLO 통과를 뜻하지 않습니다.
  ❌ P95 응답시간                   11.25s → 10.09s (-10.3%)
       10092 > 상한 500
  ❌ P99 응답시간                   15.07s → 14.00s (-7.1%)
       13995 > 상한 1200
  ❌ CPU 포화도 (한계 대비 최대)         100.1% → 100.1% (+0.0%)
       100 > 상한 95.00
  ❌ CPU throttling 비율          99.9% → 99.6% (-0.3%)
       99.63 > 상한 10.00
  ❌ GC 최대 정지시간                 163ms → 997ms (+511.7%)
       997 > 상한 500
       직전 대비 +511.7% 악화 (경고 30%)
  ❌ HikariCP 포화도               100.0% → 100.0% (0.0%)
       100 > 상한 95.00
  ❌ HikariCP 대기 스레드 최대         180 → 172 (-4.4%)
       172 > 상한 5.00
  ❌ 커넥션 획득 p95                 6.14s → 5.38s (-12.3%)
       5383 > 상한 100

  ── 병목 가설 ─────────────────────────────────────────────────────
  • CPU throttling 발생
    cgroup이 CPU를 강제 회수한 주기가 99.6%다. CPU 한계(2 core)를 올리거나 요청당 CPU 사용을 줄여야 p99가 안정된다.
  • DB 커넥션 풀 대기 발생
    최대 172개 스레드가 커넥션을 기다렸다. 풀 크기(10)가 동시성 대비 부족하거나, 커넥션 보유 시간이 긴 쿼리가 있다.
  • DB 커넥션 풀 포화
    풀 사용률이 100%까지 올라갔다. 여유가 거의 없어 부하가 조금만 늘어도 대기가 생긴다.
  • CPU 포화
    CPU 사용이 한계의 100%에 도달했다.

  보고서 : reports\runs\normal-day-2026-08-19T14-07-02\report.html
  Grafana(전체 실행): http://localhost:3001/d/htd-perf-overview/highteenday-performance-overview?from=1787147687440&to=1787148542142
  Grafana(measure) : http://localhost:3001/d/htd-perf-overview/highteenday-performance-overview?from=1787147867440&to=1787148407440
══════════════════════════════════════════════════════════════════════════

게이트 회귀 감지 — 기준을 넘은 지표가 있습니다.
  [1/3] p95 10092.0ms · 평균 5019.7ms · 서버측 4914.1ms · 경로 105.6ms

──────── [2/3] 리셋 (restart) ────────

▶ k6 run scenarios/normal-day.js
  브랜치 personal/localdocs · 커밋 3e96d9463207 · 실행자 user@DESKTOP-DJJPASG
  환경 perf · "레벨 시계열 세트 #1 — 실험 10 — repeatability 2/3"
  데이터셋 medium · 상태 sha256:ff0ce633ee5d (170ms)
  캐시 warm (키 1개)
  guard strict — 상태 불일치 시 스냅샷 복원 후 재확인 [perf.config.json]
  ⚠ 스냅샷과 상태가 다릅니다 — chat_messages.maxId +940, chat_messages.count +934, posts.maxId +156, comments.count +133, comments.maxId +133 (외 13개)
    guard=strict — 스냅샷으로 복원합니다.
▶ 복원 — medium-20260816-062210 → perf-mysql-data-medium
  앱·MySQL 정지
  MySQL 기동
  Redis FLUSHALL (복원 후 캐시는 cold 다)
  앱 기동
  복원 후 상태 지문 sha256:ffe696d17416 = 스냅샷 일치

✅ 복원 완료 · 소요 5.1초 (압축 해제 구간)

  부하 발생기: 컨테이너 perf-k6 (grafana/k6:2.1.0, CPU 상한 4)
  k6 지표 전송: http://prometheus:9090/api/v1/write (native histogram, 5s 간격)
  환경 대조 벤치 실행 중(3축 3회, 약 40초)... single 5855ms · parallel 6397ms · ctxswitch 2544ms
  부하 중 벤치 예약: k6 시작 +60초 (warmup 구간, 3회)
time="2026-08-19T14:09:50Z" level=warning msg="Legacy env var detected, use --features or K6_FEATURES instead" env=K6_PROMETHEUS_RW_TREND_AS_NATIVE_HISTOGRAM feature=native-histograms lifecycle=deprecated_alias source=env_legacy_alias
time="2026-08-19T14:09:50Z" level=info msg="Experimental feature enabled" feature=native-histograms lifecycle=experimental

         /\      Grafana   /‾‾/  
    /\  /  \     |\  __   /  /   
   /  \/    \    | |/ /  /   ‾‾\ 
  /          \   |   (  |  (‾)  |
 / __________ \  |_|\_\  \_____/ 


     execution: local
        script: scenarios/normal-day.js
        output: Prometheus remote write (http://prometheus:9090/api/v1/write)

     scenarios: (100.00%) 1 scenario, 200 max VUs, 10m30s max duration (incl. graceful stop):
              * normal_day: Up to 200 looping VUs for 10m0s over 3 stages (gracefulRampDown: 30s, gracefulStop: 30s)


running (00m00.8s), 000/200 VUs, 0 complete and 0 interrupted iterations
normal_day   [   0% ] 000/200 VUs  00m00.8s/10m00.0s

running (00m01.8s), 001/200 VUs, 0 complete and 0 interrupted iterations
normal_day   [   0% ] 001/200 VUs  00m01.8s/10m00.0s

running (00m02.8s), 003/200 VUs, 0 complete and 0 interrupted iterations
normal_day   [   0% ] 003/200 VUs  00m02.8s/10m00.0s

running (00m03.8s), 004/200 VUs, 0 complete and 0 interrupted iterations
normal_day   [   1% ] 004/200 VUs  00m03.8s/10m00.0s

running (00m04.8s), 005/200 VUs, 0 complete and 0 interrupted iterations
normal_day   [   1% ] 005/200 VUs  00m04.8s/10m00.0s

running (00m05.8s), 006/200 VUs, 1 complete and 0 interrupted iterations
normal_day   [   1% ] 006/200 VUs  00m05.8s/10m00.0s

running (00m06.8s), 007/200 VUs, 1 complete and 0 interrupted iterations
normal_day   [   1% ] 007/200 VUs  00m06.8s/10m00.0s

running (00m07.8s), 008/200 VUs, 2 complete and 0 interrupted iterations
normal_day   [   1% ] 008/200 VUs  00m07.8s/10m00.0s

running (00m08.8s), 009/200 VUs, 2 complete and 0 interrupted iterations
normal_day   [   1% ] 009/200 VUs  00m08.8s/10m00.0s

running (00m09.8s), 010/200 VUs, 2 complete and 0 interrupted iterations
normal_day   [   2% ] 010/200 VUs  00m09.8s/10m00.0s

running (00m10.8s), 011/200 VUs, 2 complete and 0 interrupted iterations
normal_day   [   2% ] 011/200 VUs  00m10.8s/10m00.0s

running (00m11.8s), 013/200 VUs, 2 complete and 0 interrupted iterations
normal_day   [   2% ] 013/200 VUs  00m11.8s/10m00.0s

running (00m12.8s), 014/200 VUs, 4 complete and 0 interrupted iterations
normal_day   [   2% ] 014/200 VUs  00m12.8s/10m00.0s

running (00m13.8s), 015/200 VUs, 6 complete and 0 interrupted iterations
normal_day   [   2% ] 015/200 VUs  00m13.8s/10m00.0s

running (00m14.8s), 016/200 VUs, 6 complete and 0 interrupted iterations
normal_day   [   2% ] 016/200 VUs  00m14.8s/10m00.0s

running (00m15.8s), 017/200 VUs, 6 complete and 0 interrupted iterations
normal_day   [   3% ] 017/200 VUs  00m15.8s/10m00.0s

running (00m16.8s), 018/200 VUs, 8 complete and 0 interrupted iterations
normal_day   [   3% ] 018/200 VUs  00m16.8s/10m00.0s

running (00m17.8s), 019/200 VUs, 10 complete and 0 interrupted iterations
normal_day   [   3% ] 019/200 VUs  00m17.8s/10m00.0s

running (00m18.8s), 020/200 VUs, 11 complete and 0 interrupted iterations
normal_day   [   3% ] 020/200 VUs  00m18.8s/10m00.0s

running (00m19.8s), 021/200 VUs, 13 complete and 0 interrupted iterations
normal_day   [   3% ] 021/200 VUs  00m19.8s/10m00.0s

running (00m20.8s), 023/200 VUs, 15 complete and 0 interrupted iterations
normal_day   [   3% ] 023/200 VUs  00m20.8s/10m00.0s

running (00m21.8s), 024/200 VUs, 18 complete and 0 interrupted iterations
normal_day   [   4% ] 024/200 VUs  00m21.8s/10m00.0s

running (00m22.8s), 025/200 VUs, 18 complete and 0 interrupted iterations
normal_day   [   4% ] 025/200 VUs  00m22.8s/10m00.0s

running (00m23.8s), 026/200 VUs, 20 complete and 0 interrupted iterations
normal_day   [   4% ] 026/200 VUs  00m23.8s/10m00.0s

running (00m24.8s), 027/200 VUs, 23 complete and 0 interrupted iterations
normal_day   [   4% ] 027/200 VUs  00m24.8s/10m00.0s

running (00m25.8s), 028/200 VUs, 24 complete and 0 interrupted iterations
normal_day   [   4% ] 028/200 VUs  00m25.8s/10m00.0s

running (00m26.8s), 029/200 VUs, 25 complete and 0 interrupted iterations
normal_day   [   4% ] 029/200 VUs  00m26.8s/10m00.0s

running (00m27.8s), 030/200 VUs, 26 complete and 0 interrupted iterations
normal_day   [   5% ] 030/200 VUs  00m27.8s/10m00.0s

running (00m28.8s), 031/200 VUs, 26 complete and 0 interrupted iterations
normal_day   [   5% ] 031/200 VUs  00m28.8s/10m00.0s

running (00m29.8s), 033/200 VUs, 30 complete and 0 interrupted iterations
normal_day   [   5% ] 033/200 VUs  00m29.8s/10m00.0s

running (00m30.8s), 034/200 VUs, 31 complete and 0 interrupted iterations
normal_day   [   5% ] 034/200 VUs  00m30.8s/10m00.0s

running (00m31.8s), 035/200 VUs, 31 complete and 0 interrupted iterations
normal_day   [   5% ] 035/200 VUs  00m31.8s/10m00.0s

running (00m32.8s), 036/200 VUs, 32 complete and 0 interrupted iterations
normal_day   [   5% ] 036/200 VUs  00m32.8s/10m00.0s

running (00m33.8s), 037/200 VUs, 32 complete and 0 interrupted iterations
normal_day   [   6% ] 037/200 VUs  00m33.8s/10m00.0s

running (00m34.8s), 038/200 VUs, 34 complete and 0 interrupted iterations
normal_day   [   6% ] 038/200 VUs  00m34.8s/10m00.0s

running (00m35.8s), 039/200 VUs, 35 complete and 0 interrupted iterations
normal_day   [   6% ] 039/200 VUs  00m35.8s/10m00.0s

running (00m36.8s), 040/200 VUs, 37 complete and 0 interrupted iterations
normal_day   [   6% ] 040/200 VUs  00m36.8s/10m00.0s

running (00m37.8s), 041/200 VUs, 37 complete and 0 interrupted iterations
normal_day   [   6% ] 041/200 VUs  00m37.8s/10m00.0s

running (00m38.8s), 043/200 VUs, 37 complete and 0 interrupted iterations
normal_day   [   6% ] 043/200 VUs  00m38.8s/10m00.0s

running (00m39.8s), 044/200 VUs, 37 complete and 0 interrupted iterations
normal_day   [   7% ] 044/200 VUs  00m39.8s/10m00.0s

running (00m40.8s), 045/200 VUs, 38 complete and 0 interrupted iterations
normal_day   [   7% ] 045/200 VUs  00m40.8s/10m00.0s

running (00m41.8s), 046/200 VUs, 38 complete and 0 interrupted iterations
normal_day   [   7% ] 046/200 VUs  00m41.8s/10m00.0s

running (00m42.8s), 047/200 VUs, 39 complete and 0 interrupted iterations
normal_day   [   7% ] 047/200 VUs  00m42.8s/10m00.0s

running (00m43.8s), 048/200 VUs, 39 complete and 0 interrupted iterations
normal_day   [   7% ] 048/200 VUs  00m43.8s/10m00.0s

running (00m44.8s), 049/200 VUs, 44 complete and 0 interrupted iterations
normal_day   [   7% ] 049/200 VUs  00m44.8s/10m00.0s

running (00m45.8s), 050/200 VUs, 46 complete and 0 interrupted iterations
normal_day   [   8% ] 050/200 VUs  00m45.8s/10m00.0s

running (00m46.8s), 051/200 VUs, 50 complete and 0 interrupted iterations
normal_day   [   8% ] 051/200 VUs  00m46.8s/10m00.0s

running (00m47.8s), 053/200 VUs, 56 complete and 0 interrupted iterations
normal_day   [   8% ] 053/200 VUs  00m47.8s/10m00.0s

running (00m48.8s), 054/200 VUs, 61 complete and 0 interrupted iterations
normal_day   [   8% ] 054/200 VUs  00m48.8s/10m00.0s

running (00m49.8s), 055/200 VUs, 63 complete and 0 interrupted iterations
normal_day   [   8% ] 055/200 VUs  00m49.8s/10m00.0s

running (00m50.8s), 056/200 VUs, 69 complete and 0 interrupted iterations
normal_day   [   8% ] 056/200 VUs  00m50.8s/10m00.0s

running (00m51.8s), 057/200 VUs, 72 complete and 0 interrupted iterations
normal_day   [   9% ] 057/200 VUs  00m51.8s/10m00.0s

running (00m52.8s), 058/200 VUs, 76 complete and 0 interrupted iterations
normal_day   [   9% ] 058/200 VUs  00m52.8s/10m00.0s

running (00m53.8s), 059/200 VUs, 79 complete and 0 interrupted iterations
normal_day   [   9% ] 059/200 VUs  00m53.8s/10m00.0s

running (00m54.8s), 060/200 VUs, 79 complete and 0 interrupted iterations
normal_day   [   9% ] 060/200 VUs  00m54.8s/10m00.0s

running (00m55.8s), 061/200 VUs, 80 complete and 0 interrupted iterations
normal_day   [   9% ] 061/200 VUs  00m55.8s/10m00.0s

running (00m56.8s), 063/200 VUs, 83 complete and 0 interrupted iterations
normal_day   [   9% ] 063/200 VUs  00m56.8s/10m00.0s

running (00m57.8s), 064/200 VUs, 85 complete and 0 interrupted iterations
normal_day   [  10% ] 064/200 VUs  00m57.8s/10m00.0s

running (00m58.8s), 065/200 VUs, 91 complete and 0 interrupted iterations
normal_day   [  10% ] 065/200 VUs  00m58.8s/10m00.0s

running (00m59.8s), 066/200 VUs, 95 complete and 0 interrupted iterations
normal_day   [  10% ] 066/200 VUs  00m59.8s/10m00.0s

running (01m00.8s), 067/200 VUs, 100 complete and 0 interrupted iterations
normal_day   [  10% ] 067/200 VUs  01m00.8s/10m00.0s

running (01m01.8s), 068/200 VUs, 100 complete and 0 interrupted iterations
normal_day   [  10% ] 068/200 VUs  01m01.8s/10m00.0s

running (01m02.8s), 069/200 VUs, 105 complete and 0 interrupted iterations
normal_day   [  10% ] 069/200 VUs  01m02.8s/10m00.0s

running (01m03.8s), 070/200 VUs, 110 complete and 0 interrupted iterations
normal_day   [  11% ] 070/200 VUs  01m03.8s/10m00.0s

running (01m04.8s), 071/200 VUs, 112 complete and 0 interrupted iterations
normal_day   [  11% ] 071/200 VUs  01m04.8s/10m00.0s

running (01m05.8s), 073/200 VUs, 118 complete and 0 interrupted iterations
normal_day   [  11% ] 073/200 VUs  01m05.8s/10m00.0s

running (01m06.8s), 074/200 VUs, 126 complete and 0 interrupted iterations
normal_day   [  11% ] 074/200 VUs  01m06.8s/10m00.0s

running (01m07.8s), 075/200 VUs, 129 complete and 0 interrupted iterations
normal_day   [  11% ] 075/200 VUs  01m07.8s/10m00.0s

running (01m08.8s), 076/200 VUs, 132 complete and 0 interrupted iterations
normal_day   [  11% ] 076/200 VUs  01m08.8s/10m00.0s

running (01m09.8s), 077/200 VUs, 138 complete and 0 interrupted iterations
normal_day   [  12% ] 077/200 VUs  01m09.8s/10m00.0s

running (01m10.8s), 078/200 VUs, 145 complete and 0 interrupted iterations
normal_day   [  12% ] 078/200 VUs  01m10.8s/10m00.0s

running (01m11.8s), 079/200 VUs, 150 complete and 0 interrupted iterations
normal_day   [  12% ] 079/200 VUs  01m11.8s/10m00.0s

running (01m12.8s), 080/200 VUs, 154 complete and 0 interrupted iterations
normal_day   [  12% ] 080/200 VUs  01m12.8s/10m00.0s

running (01m13.8s), 081/200 VUs, 163 complete and 0 interrupted iterations
normal_day   [  12% ] 081/200 VUs  01m13.8s/10m00.0s

running (01m14.8s), 083/200 VUs, 167 complete and 0 interrupted iterations
normal_day   [  12% ] 083/200 VUs  01m14.8s/10m00.0s

running (01m15.8s), 084/200 VUs, 169 complete and 0 interrupted iterations
normal_day   [  13% ] 084/200 VUs  01m15.8s/10m00.0s

running (01m16.8s), 085/200 VUs, 174 complete and 0 interrupted iterations
normal_day   [  13% ] 085/200 VUs  01m16.8s/10m00.0s

running (01m17.8s), 086/200 VUs, 179 complete and 0 interrupted iterations
normal_day   [  13% ] 086/200 VUs  01m17.8s/10m00.0s

running (01m18.8s), 087/200 VUs, 180 complete and 0 interrupted iterations
normal_day   [  13% ] 087/200 VUs  01m18.8s/10m00.0s

running (01m19.8s), 088/200 VUs, 190 complete and 0 interrupted iterations
normal_day   [  13% ] 088/200 VUs  01m19.8s/10m00.0s

running (01m20.8s), 089/200 VUs, 191 complete and 0 interrupted iterations
normal_day   [  13% ] 089/200 VUs  01m20.8s/10m00.0s

running (01m21.8s), 090/200 VUs, 193 complete and 0 interrupted iterations
normal_day   [  14% ] 090/200 VUs  01m21.8s/10m00.0s

running (01m22.8s), 091/200 VUs, 197 complete and 0 interrupted iterations
normal_day   [  14% ] 091/200 VUs  01m22.8s/10m00.0s

running (01m23.8s), 093/200 VUs, 199 complete and 0 interrupted iterations
normal_day   [  14% ] 093/200 VUs  01m23.8s/10m00.0s

running (01m24.8s), 094/200 VUs, 202 complete and 0 interrupted iterations
normal_day   [  14% ] 094/200 VUs  01m24.8s/10m00.0s

running (01m25.8s), 095/200 VUs, 210 complete and 0 interrupted iterations
normal_day   [  14% ] 095/200 VUs  01m25.8s/10m00.0s

running (01m26.8s), 096/200 VUs, 214 complete and 0 interrupted iterations
normal_day   [  14% ] 096/200 VUs  01m26.8s/10m00.0s

running (01m27.8s), 097/200 VUs, 222 complete and 0 interrupted iterations
normal_day   [  15% ] 097/200 VUs  01m27.8s/10m00.0s

running (01m28.8s), 098/200 VUs, 229 complete and 0 interrupted iterations
normal_day   [  15% ] 098/200 VUs  01m28.8s/10m00.0s

running (01m29.8s), 099/200 VUs, 237 complete and 0 interrupted iterations
normal_day   [  15% ] 099/200 VUs  01m29.8s/10m00.0s

running (01m30.8s), 100/200 VUs, 240 complete and 0 interrupted iterations
normal_day   [  15% ] 100/200 VUs  01m30.8s/10m00.0s

running (01m31.8s), 101/200 VUs, 247 complete and 0 interrupted iterations
normal_day   [  15% ] 101/200 VUs  01m31.8s/10m00.0s

running (01m32.8s), 103/200 VUs, 251 complete and 0 interrupted iterations
normal_day   [  15% ] 103/200 VUs  01m32.8s/10m00.0s

running (01m33.8s), 104/200 VUs, 254 complete and 0 interrupted iterations
normal_day   [  16% ] 104/200 VUs  01m33.8s/10m00.0s

running (01m34.8s), 105/200 VUs, 258 complete and 0 interrupted iterations
normal_day   [  16% ] 105/200 VUs  01m34.8s/10m00.0s

running (01m35.8s), 106/200 VUs, 268 complete and 0 interrupted iterations
normal_day   [  16% ] 106/200 VUs  01m35.8s/10m00.0s

running (01m36.8s), 107/200 VUs, 274 complete and 0 interrupted iterations
normal_day   [  16% ] 107/200 VUs  01m36.8s/10m00.0s

running (01m37.8s), 108/200 VUs, 279 complete and 0 interrupted iterations
normal_day   [  16% ] 108/200 VUs  01m37.8s/10m00.0s

running (01m38.8s), 109/200 VUs, 285 complete and 0 interrupted iterations
normal_day   [  16% ] 109/200 VUs  01m38.8s/10m00.0s

running (01m39.8s), 110/200 VUs, 295 complete and 0 interrupted iterations
normal_day   [  17% ] 110/200 VUs  01m39.8s/10m00.0s

running (01m40.8s), 111/200 VUs, 299 complete and 0 interrupted iterations
normal_day   [  17% ] 111/200 VUs  01m40.8s/10m00.0s

running (01m41.8s), 113/200 VUs, 311 complete and 0 interrupted iterations
normal_day   [  17% ] 113/200 VUs  01m41.8s/10m00.0s

running (01m42.8s), 114/200 VUs, 313 complete and 0 interrupted iterations
normal_day   [  17% ] 114/200 VUs  01m42.8s/10m00.0s

running (01m43.8s), 115/200 VUs, 317 complete and 0 interrupted iterations
normal_day   [  17% ] 115/200 VUs  01m43.8s/10m00.0s

running (01m44.8s), 116/200 VUs, 325 complete and 0 interrupted iterations
normal_day   [  17% ] 116/200 VUs  01m44.8s/10m00.0s

running (01m45.8s), 117/200 VUs, 331 complete and 0 interrupted iterations
normal_day   [  18% ] 117/200 VUs  01m45.8s/10m00.0s

running (01m46.8s), 118/200 VUs, 335 complete and 0 interrupted iterations
normal_day   [  18% ] 118/200 VUs  01m46.8s/10m00.0s

running (01m47.8s), 119/200 VUs, 338 complete and 0 interrupted iterations
normal_day   [  18% ] 119/200 VUs  01m47.8s/10m00.0s

running (01m48.8s), 120/200 VUs, 341 complete and 0 interrupted iterations
normal_day   [  18% ] 120/200 VUs  01m48.8s/10m00.0s

running (01m49.8s), 121/200 VUs, 342 complete and 0 interrupted iterations
normal_day   [  18% ] 121/200 VUs  01m49.8s/10m00.0s

running (01m50.8s), 123/200 VUs, 345 complete and 0 interrupted iterations
normal_day   [  18% ] 123/200 VUs  01m50.8s/10m00.0s

running (01m51.8s), 124/200 VUs, 345 complete and 0 interrupted iterations
normal_day   [  19% ] 124/200 VUs  01m51.8s/10m00.0s

running (01m52.8s), 125/200 VUs, 347 complete and 0 interrupted iterations
normal_day   [  19% ] 125/200 VUs  01m52.8s/10m00.0s

running (01m53.8s), 126/200 VUs, 352 complete and 0 interrupted iterations
normal_day   [  19% ] 126/200 VUs  01m53.8s/10m00.0s

running (01m54.8s), 127/200 VUs, 355 complete and 0 interrupted iterations
normal_day   [  19% ] 127/200 VUs  01m54.8s/10m00.0s

running (01m55.8s), 128/200 VUs, 359 complete and 0 interrupted iterations
normal_day   [  19% ] 128/200 VUs  01m55.8s/10m00.0s

running (01m56.8s), 129/200 VUs, 361 complete and 0 interrupted iterations
normal_day   [  19% ] 129/200 VUs  01m56.8s/10m00.0s

running (01m57.8s), 130/200 VUs, 361 complete and 0 interrupted iterations
normal_day   [  20% ] 130/200 VUs  01m57.8s/10m00.0s

running (01m58.8s), 131/200 VUs, 362 complete and 0 interrupted iterations
normal_day   [  20% ] 131/200 VUs  01m58.8s/10m00.0s

running (01m59.8s), 133/200 VUs, 366 complete and 0 interrupted iterations
normal_day   [  20% ] 133/200 VUs  01m59.8s/10m00.0s

running (02m00.8s), 134/200 VUs, 367 complete and 0 interrupted iterations
normal_day   [  20% ] 134/200 VUs  02m00.8s/10m00.0s

running (02m01.8s), 135/200 VUs, 371 complete and 0 interrupted iterations
normal_day   [  20% ] 135/200 VUs  02m01.8s/10m00.0s

running (02m02.8s), 136/200 VUs, 380 complete and 0 interrupted iterations
normal_day   [  20% ] 136/200 VUs  02m02.8s/10m00.0s

running (02m03.8s), 137/200 VUs, 384 complete and 0 interrupted iterations
normal_day   [  21% ] 137/200 VUs  02m03.8s/10m00.0s

running (02m04.8s), 138/200 VUs, 389 complete and 0 interrupted iterations
normal_day   [  21% ] 138/200 VUs  02m04.8s/10m00.0s

running (02m05.8s), 139/200 VUs, 394 complete and 0 interrupted iterations
normal_day   [  21% ] 139/200 VUs  02m05.8s/10m00.0s

running (02m06.8s), 140/200 VUs, 399 complete and 0 interrupted iterations
normal_day   [  21% ] 140/200 VUs  02m06.8s/10m00.0s

running (02m07.8s), 141/200 VUs, 405 complete and 0 interrupted iterations
normal_day   [  21% ] 141/200 VUs  02m07.8s/10m00.0s

running (02m08.8s), 143/200 VUs, 408 complete and 0 interrupted iterations
normal_day   [  21% ] 143/200 VUs  02m08.8s/10m00.0s

running (02m09.8s), 144/200 VUs, 415 complete and 0 interrupted iterations
normal_day   [  22% ] 144/200 VUs  02m09.8s/10m00.0s

running (02m10.8s), 145/200 VUs, 421 complete and 0 interrupted iterations
normal_day   [  22% ] 145/200 VUs  02m10.8s/10m00.0s

running (02m11.8s), 146/200 VUs, 424 complete and 0 interrupted iterations
normal_day   [  22% ] 146/200 VUs  02m11.8s/10m00.0s

running (02m12.8s), 147/200 VUs, 428 complete and 0 interrupted iterations
normal_day   [  22% ] 147/200 VUs  02m12.8s/10m00.0s

running (02m13.8s), 148/200 VUs, 436 complete and 0 interrupted iterations
normal_day   [  22% ] 148/200 VUs  02m13.8s/10m00.0s

running (02m14.8s), 149/200 VUs, 441 complete and 0 interrupted iterations
normal_day   [  22% ] 149/200 VUs  02m14.8s/10m00.0s

running (02m15.8s), 150/200 VUs, 442 complete and 0 interrupted iterations
normal_day   [  23% ] 150/200 VUs  02m15.8s/10m00.0s

running (02m16.8s), 151/200 VUs, 442 complete and 0 interrupted iterations
normal_day   [  23% ] 151/200 VUs  02m16.8s/10m00.0s

running (02m17.8s), 153/200 VUs, 442 complete and 0 interrupted iterations
normal_day   [  23% ] 153/200 VUs  02m17.8s/10m00.0s

running (02m18.8s), 154/200 VUs, 443 complete and 0 interrupted iterations
normal_day   [  23% ] 154/200 VUs  02m18.8s/10m00.0s

running (02m19.8s), 155/200 VUs, 446 complete and 0 interrupted iterations
normal_day   [  23% ] 155/200 VUs  02m19.8s/10m00.0s

running (02m20.8s), 156/200 VUs, 450 complete and 0 interrupted iterations
normal_day   [  23% ] 156/200 VUs  02m20.8s/10m00.0s

running (02m21.8s), 157/200 VUs, 454 complete and 0 interrupted iterations
normal_day   [  24% ] 157/200 VUs  02m21.8s/10m00.0s

running (02m22.8s), 158/200 VUs, 459 complete and 0 interrupted iterations
normal_day   [  24% ] 158/200 VUs  02m22.8s/10m00.0s

running (02m23.8s), 159/200 VUs, 468 complete and 0 interrupted iterations
normal_day   [  24% ] 159/200 VUs  02m23.8s/10m00.0s

running (02m24.8s), 160/200 VUs, 471 complete and 0 interrupted iterations
normal_day   [  24% ] 160/200 VUs  02m24.8s/10m00.0s

running (02m25.8s), 161/200 VUs, 477 complete and 0 interrupted iterations
normal_day   [  24% ] 161/200 VUs  02m25.8s/10m00.0s

running (02m26.8s), 163/200 VUs, 481 complete and 0 interrupted iterations
normal_day   [  24% ] 163/200 VUs  02m26.8s/10m00.0s

running (02m27.8s), 164/200 VUs, 486 complete and 0 interrupted iterations
normal_day   [  25% ] 164/200 VUs  02m27.8s/10m00.0s

running (02m28.8s), 165/200 VUs, 489 complete and 0 interrupted iterations
normal_day   [  25% ] 165/200 VUs  02m28.8s/10m00.0s

running (02m29.8s), 166/200 VUs, 492 complete and 0 interrupted iterations
normal_day   [  25% ] 166/200 VUs  02m29.8s/10m00.0s

running (02m30.8s), 167/200 VUs, 498 complete and 0 interrupted iterations
normal_day   [  25% ] 167/200 VUs  02m30.8s/10m00.0s

running (02m31.8s), 168/200 VUs, 498 complete and 0 interrupted iterations
normal_day   [  25% ] 168/200 VUs  02m31.8s/10m00.0s

running (02m32.8s), 169/200 VUs, 501 complete and 0 interrupted iterations
normal_day   [  25% ] 169/200 VUs  02m32.8s/10m00.0s

running (02m33.8s), 170/200 VUs, 505 complete and 0 interrupted iterations
normal_day   [  26% ] 170/200 VUs  02m33.8s/10m00.0s

running (02m34.8s), 171/200 VUs, 505 complete and 0 interrupted iterations
normal_day   [  26% ] 171/200 VUs  02m34.8s/10m00.0s

running (02m35.8s), 173/200 VUs, 509 complete and 0 interrupted iterations
normal_day   [  26% ] 173/200 VUs  02m35.8s/10m00.0s

running (02m36.8s), 174/200 VUs, 511 complete and 0 interrupted iterations
normal_day   [  26% ] 174/200 VUs  02m36.8s/10m00.0s

running (02m37.8s), 175/200 VUs, 516 complete and 0 interrupted iterations
normal_day   [  26% ] 175/200 VUs  02m37.8s/10m00.0s

running (02m38.8s), 176/200 VUs, 522 complete and 0 interrupted iterations
normal_day   [  26% ] 176/200 VUs  02m38.8s/10m00.0s

running (02m39.8s), 177/200 VUs, 525 complete and 0 interrupted iterations
normal_day   [  27% ] 177/200 VUs  02m39.8s/10m00.0s

running (02m40.8s), 178/200 VUs, 529 complete and 0 interrupted iterations
normal_day   [  27% ] 178/200 VUs  02m40.8s/10m00.0s

running (02m41.8s), 179/200 VUs, 533 complete and 0 interrupted iterations
normal_day   [  27% ] 179/200 VUs  02m41.8s/10m00.0s

running (02m42.8s), 180/200 VUs, 542 complete and 0 interrupted iterations
normal_day   [  27% ] 180/200 VUs  02m42.8s/10m00.0s

running (02m43.8s), 181/200 VUs, 547 complete and 0 interrupted iterations
normal_day   [  27% ] 181/200 VUs  02m43.8s/10m00.0s

running (02m44.8s), 183/200 VUs, 548 complete and 0 interrupted iterations
normal_day   [  27% ] 183/200 VUs  02m44.8s/10m00.0s

running (02m45.8s), 184/200 VUs, 557 complete and 0 interrupted iterations
normal_day   [  28% ] 184/200 VUs  02m45.8s/10m00.0s

running (02m46.8s), 185/200 VUs, 561 complete and 0 interrupted iterations
normal_day   [  28% ] 185/200 VUs  02m46.8s/10m00.0s

running (02m47.8s), 186/200 VUs, 568 complete and 0 interrupted iterations
normal_day   [  28% ] 186/200 VUs  02m47.8s/10m00.0s

running (02m48.8s), 187/200 VUs, 569 complete and 0 interrupted iterations
normal_day   [  28% ] 187/200 VUs  02m48.8s/10m00.0s

running (02m49.8s), 188/200 VUs, 571 complete and 0 interrupted iterations
normal_day   [  28% ] 188/200 VUs  02m49.8s/10m00.0s

running (02m50.8s), 189/200 VUs, 573 complete and 0 interrupted iterations
normal_day   [  28% ] 189/200 VUs  02m50.8s/10m00.0s

running (02m51.8s), 190/200 VUs, 574 complete and 0 interrupted iterations
normal_day   [  29% ] 190/200 VUs  02m51.8s/10m00.0s

running (02m52.8s), 191/200 VUs, 578 complete and 0 interrupted iterations
normal_day   [  29% ] 191/200 VUs  02m52.8s/10m00.0s

running (02m53.8s), 193/200 VUs, 581 complete and 0 interrupted iterations
normal_day   [  29% ] 193/200 VUs  02m53.8s/10m00.0s

running (02m54.8s), 194/200 VUs, 585 complete and 0 interrupted iterations
normal_day   [  29% ] 194/200 VUs  02m54.8s/10m00.0s

running (02m55.8s), 195/200 VUs, 590 complete and 0 interrupted iterations
normal_day   [  29% ] 195/200 VUs  02m55.8s/10m00.0s

running (02m56.8s), 196/200 VUs, 593 complete and 0 interrupted iterations
normal_day   [  29% ] 196/200 VUs  02m56.8s/10m00.0s

running (02m57.8s), 197/200 VUs, 599 complete and 0 interrupted iterations
normal_day   [  30% ] 197/200 VUs  02m57.8s/10m00.0s

running (02m58.8s), 198/200 VUs, 608 complete and 0 interrupted iterations
normal_day   [  30% ] 198/200 VUs  02m58.8s/10m00.0s

running (02m59.8s), 199/200 VUs, 615 complete and 0 interrupted iterations
normal_day   [  30% ] 199/200 VUs  02m59.8s/10m00.0s

running (03m00.8s), 200/200 VUs, 623 complete and 0 interrupted iterations
normal_day   [  30% ] 200/200 VUs  03m00.8s/10m00.0s

running (03m01.8s), 200/200 VUs, 631 complete and 0 interrupted iterations
normal_day   [  30% ] 200/200 VUs  03m01.8s/10m00.0s

running (03m02.8s), 200/200 VUs, 637 complete and 0 interrupted iterations
normal_day   [  30% ] 200/200 VUs  03m02.8s/10m00.0s

running (03m03.8s), 200/200 VUs, 641 complete and 0 interrupted iterations
normal_day   [  31% ] 200/200 VUs  03m03.8s/10m00.0s

running (03m04.8s), 200/200 VUs, 645 complete and 0 interrupted iterations
normal_day   [  31% ] 200/200 VUs  03m04.8s/10m00.0s

running (03m05.8s), 200/200 VUs, 652 complete and 0 interrupted iterations
normal_day   [  31% ] 200/200 VUs  03m05.8s/10m00.0s

running (03m06.8s), 200/200 VUs, 661 complete and 0 interrupted iterations
normal_day   [  31% ] 200/200 VUs  03m06.8s/10m00.0s

running (03m07.8s), 200/200 VUs, 667 complete and 0 interrupted iterations
normal_day   [  31% ] 200/200 VUs  03m07.8s/10m00.0s

running (03m08.8s), 200/200 VUs, 672 complete and 0 interrupted iterations
normal_day   [  31% ] 200/200 VUs  03m08.8s/10m00.0s

running (03m09.8s), 200/200 VUs, 690 complete and 0 interrupted iterations
normal_day   [  32% ] 200/200 VUs  03m09.8s/10m00.0s

running (03m10.8s), 200/200 VUs, 695 complete and 0 interrupted iterations
normal_day   [  32% ] 200/200 VUs  03m10.8s/10m00.0s

running (03m11.8s), 200/200 VUs, 700 complete and 0 interrupted iterations
normal_day   [  32% ] 200/200 VUs  03m11.8s/10m00.0s

running (03m12.8s), 200/200 VUs, 704 complete and 0 interrupted iterations
normal_day   [  32% ] 200/200 VUs  03m12.8s/10m00.0s

running (03m13.8s), 200/200 VUs, 709 complete and 0 interrupted iterations
normal_day   [  32% ] 200/200 VUs  03m13.8s/10m00.0s

running (03m14.8s), 200/200 VUs, 716 complete and 0 interrupted iterations
normal_day   [  32% ] 200/200 VUs  03m14.8s/10m00.0s

running (03m15.8s), 200/200 VUs, 719 complete and 0 interrupted iterations
normal_day   [  33% ] 200/200 VUs  03m15.8s/10m00.0s

running (03m16.8s), 200/200 VUs, 720 complete and 0 interrupted iterations
normal_day   [  33% ] 200/200 VUs  03m16.8s/10m00.0s

running (03m17.8s), 200/200 VUs, 725 complete and 0 interrupted iterations
normal_day   [  33% ] 200/200 VUs  03m17.8s/10m00.0s

running (03m18.8s), 200/200 VUs, 731 complete and 0 interrupted iterations
normal_day   [  33% ] 200/200 VUs  03m18.8s/10m00.0s

running (03m19.8s), 200/200 VUs, 734 complete and 0 interrupted iterations
normal_day   [  33% ] 200/200 VUs  03m19.8s/10m00.0s

running (03m20.8s), 200/200 VUs, 736 complete and 0 interrupted iterations
normal_day   [  33% ] 200/200 VUs  03m20.8s/10m00.0s

running (03m21.8s), 200/200 VUs, 738 complete and 0 interrupted iterations
normal_day   [  34% ] 200/200 VUs  03m21.8s/10m00.0s

running (03m22.8s), 200/200 VUs, 738 complete and 0 interrupted iterations
normal_day   [  34% ] 200/200 VUs  03m22.8s/10m00.0s

running (03m23.8s), 200/200 VUs, 739 complete and 0 interrupted iterations
normal_day   [  34% ] 200/200 VUs  03m23.8s/10m00.0s

running (03m24.8s), 200/200 VUs, 740 complete and 0 interrupted iterations
normal_day   [  34% ] 200/200 VUs  03m24.8s/10m00.0s

running (03m25.8s), 200/200 VUs, 742 complete and 0 interrupted iterations
normal_day   [  34% ] 200/200 VUs  03m25.8s/10m00.0s

running (03m26.8s), 200/200 VUs, 749 complete and 0 interrupted iterations
normal_day   [  34% ] 200/200 VUs  03m26.8s/10m00.0s

running (03m27.8s), 200/200 VUs, 758 complete and 0 interrupted iterations
normal_day   [  35% ] 200/200 VUs  03m27.8s/10m00.0s

running (03m28.8s), 200/200 VUs, 766 complete and 0 interrupted iterations
normal_day   [  35% ] 200/200 VUs  03m28.8s/10m00.0s

running (03m29.8s), 200/200 VUs, 773 complete and 0 interrupted iterations
normal_day   [  35% ] 200/200 VUs  03m29.8s/10m00.0s

running (03m30.8s), 200/200 VUs, 782 complete and 0 interrupted iterations
normal_day   [  35% ] 200/200 VUs  03m30.8s/10m00.0s

running (03m31.8s), 200/200 VUs, 790 complete and 0 interrupted iterations
normal_day   [  35% ] 200/200 VUs  03m31.8s/10m00.0s

running (03m32.8s), 200/200 VUs, 795 complete and 0 interrupted iterations
normal_day   [  35% ] 200/200 VUs  03m32.8s/10m00.0s

running (03m33.8s), 200/200 VUs, 799 complete and 0 interrupted iterations
normal_day   [  36% ] 200/200 VUs  03m33.8s/10m00.0s

running (03m34.8s), 200/200 VUs, 806 complete and 0 interrupted iterations
normal_day   [  36% ] 200/200 VUs  03m34.8s/10m00.0s

running (03m35.8s), 200/200 VUs, 810 complete and 0 interrupted iterations
normal_day   [  36% ] 200/200 VUs  03m35.8s/10m00.0s

running (03m36.8s), 200/200 VUs, 818 complete and 0 interrupted iterations
normal_day   [  36% ] 200/200 VUs  03m36.8s/10m00.0s

running (03m37.8s), 200/200 VUs, 824 complete and 0 interrupted iterations
normal_day   [  36% ] 200/200 VUs  03m37.8s/10m00.0s

running (03m38.8s), 200/200 VUs, 828 complete and 0 interrupted iterations
normal_day   [  36% ] 200/200 VUs  03m38.8s/10m00.0s

running (03m39.8s), 200/200 VUs, 834 complete and 0 interrupted iterations
normal_day   [  37% ] 200/200 VUs  03m39.8s/10m00.0s

running (03m40.8s), 200/200 VUs, 839 complete and 0 interrupted iterations
normal_day   [  37% ] 200/200 VUs  03m40.8s/10m00.0s

running (03m41.8s), 200/200 VUs, 844 complete and 0 interrupted iterations
normal_day   [  37% ] 200/200 VUs  03m41.8s/10m00.0s

running (03m42.8s), 200/200 VUs, 851 complete and 0 interrupted iterations
normal_day   [  37% ] 200/200 VUs  03m42.8s/10m00.0s

running (03m43.8s), 200/200 VUs, 861 complete and 0 interrupted iterations
normal_day   [  37% ] 200/200 VUs  03m43.8s/10m00.0s

running (03m44.8s), 200/200 VUs, 869 complete and 0 interrupted iterations
normal_day   [  37% ] 200/200 VUs  03m44.8s/10m00.0s

running (03m45.8s), 200/200 VUs, 872 complete and 0 interrupted iterations
normal_day   [  38% ] 200/200 VUs  03m45.8s/10m00.0s

running (03m46.8s), 200/200 VUs, 876 complete and 0 interrupted iterations
normal_day   [  38% ] 200/200 VUs  03m46.8s/10m00.0s

running (03m47.8s), 200/200 VUs, 879 complete and 0 interrupted iterations
normal_day   [  38% ] 200/200 VUs  03m47.8s/10m00.0s

running (03m48.8s), 200/200 VUs, 882 complete and 0 interrupted iterations
normal_day   [  38% ] 200/200 VUs  03m48.8s/10m00.0s

running (03m49.8s), 200/200 VUs, 886 complete and 0 interrupted iterations
normal_day   [  38% ] 200/200 VUs  03m49.8s/10m00.0s

running (03m50.8s), 200/200 VUs, 889 complete and 0 interrupted iterations
normal_day   [  38% ] 200/200 VUs  03m50.8s/10m00.0s

running (03m51.8s), 200/200 VUs, 901 complete and 0 interrupted iterations
normal_day   [  39% ] 200/200 VUs  03m51.8s/10m00.0s

running (03m52.8s), 200/200 VUs, 916 complete and 0 interrupted iterations
normal_day   [  39% ] 200/200 VUs  03m52.8s/10m00.0s

running (03m53.8s), 200/200 VUs, 919 complete and 0 interrupted iterations
normal_day   [  39% ] 200/200 VUs  03m53.8s/10m00.0s

running (03m54.8s), 200/200 VUs, 920 complete and 0 interrupted iterations
normal_day   [  39% ] 200/200 VUs  03m54.8s/10m00.0s

running (03m55.8s), 200/200 VUs, 923 complete and 0 interrupted iterations
normal_day   [  39% ] 200/200 VUs  03m55.8s/10m00.0s

running (03m56.8s), 200/200 VUs, 924 complete and 0 interrupted iterations
normal_day   [  39% ] 200/200 VUs  03m56.8s/10m00.0s

running (03m57.8s), 200/200 VUs, 931 complete and 0 interrupted iterations
normal_day   [  40% ] 200/200 VUs  03m57.8s/10m00.0s

running (03m58.8s), 200/200 VUs, 938 complete and 0 interrupted iterations
normal_day   [  40% ] 200/200 VUs  03m58.8s/10m00.0s

running (03m59.8s), 200/200 VUs, 945 complete and 0 interrupted iterations
normal_day   [  40% ] 200/200 VUs  03m59.8s/10m00.0s

running (04m00.8s), 200/200 VUs, 952 complete and 0 interrupted iterations
normal_day   [  40% ] 200/200 VUs  04m00.8s/10m00.0s

running (04m01.8s), 200/200 VUs, 956 complete and 0 interrupted iterations
normal_day   [  40% ] 200/200 VUs  04m01.8s/10m00.0s

running (04m02.8s), 200/200 VUs, 959 complete and 0 interrupted iterations
normal_day   [  40% ] 200/200 VUs  04m02.8s/10m00.0s

running (04m03.8s), 200/200 VUs, 962 complete and 0 interrupted iterations
normal_day   [  41% ] 200/200 VUs  04m03.8s/10m00.0s

running (04m04.8s), 200/200 VUs, 969 complete and 0 interrupted iterations
normal_day   [  41% ] 200/200 VUs  04m04.8s/10m00.0s

running (04m05.8s), 200/200 VUs, 976 complete and 0 interrupted iterations
normal_day   [  41% ] 200/200 VUs  04m05.8s/10m00.0s

running (04m06.8s), 200/200 VUs, 981 complete and 0 interrupted iterations
normal_day   [  41% ] 200/200 VUs  04m06.8s/10m00.0s

running (04m07.8s), 200/200 VUs, 990 complete and 0 interrupted iterations
normal_day   [  41% ] 200/200 VUs  04m07.8s/10m00.0s

running (04m08.8s), 200/200 VUs, 1000 complete and 0 interrupted iterations
normal_day   [  41% ] 200/200 VUs  04m08.8s/10m00.0s

running (04m09.8s), 200/200 VUs, 1005 complete and 0 interrupted iterations
normal_day   [  42% ] 200/200 VUs  04m09.8s/10m00.0s

running (04m10.8s), 200/200 VUs, 1012 complete and 0 interrupted iterations
normal_day   [  42% ] 200/200 VUs  04m10.8s/10m00.0s

running (04m11.8s), 200/200 VUs, 1017 complete and 0 interrupted iterations
normal_day   [  42% ] 200/200 VUs  04m11.8s/10m00.0s

running (04m12.8s), 200/200 VUs, 1021 complete and 0 interrupted iterations
normal_day   [  42% ] 200/200 VUs  04m12.8s/10m00.0s

running (04m13.8s), 200/200 VUs, 1022 complete and 0 interrupted iterations
normal_day   [  42% ] 200/200 VUs  04m13.8s/10m00.0s

running (04m14.8s), 200/200 VUs, 1024 complete and 0 interrupted iterations
normal_day   [  42% ] 200/200 VUs  04m14.8s/10m00.0s

running (04m15.8s), 200/200 VUs, 1029 complete and 0 interrupted iterations
normal_day   [  43% ] 200/200 VUs  04m15.8s/10m00.0s

running (04m16.8s), 200/200 VUs, 1033 complete and 0 interrupted iterations
normal_day   [  43% ] 200/200 VUs  04m16.8s/10m00.0s

running (04m17.8s), 200/200 VUs, 1040 complete and 0 interrupted iterations
normal_day   [  43% ] 200/200 VUs  04m17.8s/10m00.0s

running (04m18.8s), 200/200 VUs, 1044 complete and 0 interrupted iterations
normal_day   [  43% ] 200/200 VUs  04m18.8s/10m00.0s

running (04m19.8s), 200/200 VUs, 1050 complete and 0 interrupted iterations
normal_day   [  43% ] 200/200 VUs  04m19.8s/10m00.0s

running (04m20.8s), 200/200 VUs, 1058 complete and 0 interrupted iterations
normal_day   [  43% ] 200/200 VUs  04m20.8s/10m00.0s

running (04m21.8s), 200/200 VUs, 1066 complete and 0 interrupted iterations
normal_day   [  44% ] 200/200 VUs  04m21.8s/10m00.0s

running (04m22.8s), 200/200 VUs, 1080 complete and 0 interrupted iterations
normal_day   [  44% ] 200/200 VUs  04m22.8s/10m00.0s

running (04m23.8s), 200/200 VUs, 1087 complete and 0 interrupted iterations
normal_day   [  44% ] 200/200 VUs  04m23.8s/10m00.0s

running (04m24.8s), 200/200 VUs, 1090 complete and 0 interrupted iterations
normal_day   [  44% ] 200/200 VUs  04m24.8s/10m00.0s

running (04m25.8s), 200/200 VUs, 1092 complete and 0 interrupted iterations
normal_day   [  44% ] 200/200 VUs  04m25.8s/10m00.0s

running (04m26.8s), 200/200 VUs, 1098 complete and 0 interrupted iterations
normal_day   [  44% ] 200/200 VUs  04m26.8s/10m00.0s

running (04m27.8s), 200/200 VUs, 1100 complete and 0 interrupted iterations
normal_day   [  45% ] 200/200 VUs  04m27.8s/10m00.0s

running (04m28.8s), 200/200 VUs, 1102 complete and 0 interrupted iterations
normal_day   [  45% ] 200/200 VUs  04m28.8s/10m00.0s

running (04m29.8s), 200/200 VUs, 1105 complete and 0 interrupted iterations
normal_day   [  45% ] 200/200 VUs  04m29.8s/10m00.0s

running (04m30.8s), 200/200 VUs, 1108 complete and 0 interrupted iterations
normal_day   [  45% ] 200/200 VUs  04m30.8s/10m00.0s

running (04m31.8s), 200/200 VUs, 1111 complete and 0 interrupted iterations
normal_day   [  45% ] 200/200 VUs  04m31.8s/10m00.0s

running (04m32.8s), 200/200 VUs, 1120 complete and 0 interrupted iterations
normal_day   [  45% ] 200/200 VUs  04m32.8s/10m00.0s

running (04m33.8s), 200/200 VUs, 1130 complete and 0 interrupted iterations
normal_day   [  46% ] 200/200 VUs  04m33.8s/10m00.0s

running (04m34.8s), 200/200 VUs, 1137 complete and 0 interrupted iterations
normal_day   [  46% ] 200/200 VUs  04m34.8s/10m00.0s

running (04m35.8s), 200/200 VUs, 1145 complete and 0 interrupted iterations
normal_day   [  46% ] 200/200 VUs  04m35.8s/10m00.0s

running (04m36.8s), 200/200 VUs, 1148 complete and 0 interrupted iterations
normal_day   [  46% ] 200/200 VUs  04m36.8s/10m00.0s

running (04m37.8s), 200/200 VUs, 1161 complete and 0 interrupted iterations
normal_day   [  46% ] 200/200 VUs  04m37.8s/10m00.0s

running (04m38.8s), 200/200 VUs, 1169 complete and 0 interrupted iterations
normal_day   [  46% ] 200/200 VUs  04m38.8s/10m00.0s

running (04m39.8s), 200/200 VUs, 1175 complete and 0 interrupted iterations
normal_day   [  47% ] 200/200 VUs  04m39.8s/10m00.0s

running (04m40.8s), 200/200 VUs, 1181 complete and 0 interrupted iterations
normal_day   [  47% ] 200/200 VUs  04m40.8s/10m00.0s

running (04m41.8s), 200/200 VUs, 1188 complete and 0 interrupted iterations
normal_day   [  47% ] 200/200 VUs  04m41.8s/10m00.0s

running (04m42.8s), 200/200 VUs, 1191 complete and 0 interrupted iterations
normal_day   [  47% ] 200/200 VUs  04m42.8s/10m00.0s

running (04m43.8s), 200/200 VUs, 1195 complete and 0 interrupted iterations
normal_day   [  47% ] 200/200 VUs  04m43.8s/10m00.0s

running (04m44.8s), 200/200 VUs, 1200 complete and 0 interrupted iterations
normal_day   [  47% ] 200/200 VUs  04m44.8s/10m00.0s

running (04m45.8s), 200/200 VUs, 1207 complete and 0 interrupted iterations
normal_day   [  48% ] 200/200 VUs  04m45.8s/10m00.0s

running (04m46.8s), 200/200 VUs, 1212 complete and 0 interrupted iterations
normal_day   [  48% ] 200/200 VUs  04m46.8s/10m00.0s

running (04m47.8s), 200/200 VUs, 1212 complete and 0 interrupted iterations
normal_day   [  48% ] 200/200 VUs  04m47.8s/10m00.0s

running (04m48.8s), 200/200 VUs, 1214 complete and 0 interrupted iterations
normal_day   [  48% ] 200/200 VUs  04m48.8s/10m00.0s

running (04m49.8s), 200/200 VUs, 1220 complete and 0 interrupted iterations
normal_day   [  48% ] 200/200 VUs  04m49.8s/10m00.0s

running (04m50.8s), 200/200 VUs, 1226 complete and 0 interrupted iterations
normal_day   [  48% ] 200/200 VUs  04m50.8s/10m00.0s

running (04m51.8s), 200/200 VUs, 1231 complete and 0 interrupted iterations
normal_day   [  49% ] 200/200 VUs  04m51.8s/10m00.0s

running (04m52.8s), 200/200 VUs, 1234 complete and 0 interrupted iterations
normal_day   [  49% ] 200/200 VUs  04m52.8s/10m00.0s

running (04m53.8s), 200/200 VUs, 1239 complete and 0 interrupted iterations
normal_day   [  49% ] 200/200 VUs  04m53.8s/10m00.0s

running (04m54.8s), 200/200 VUs, 1246 complete and 0 interrupted iterations
normal_day   [  49% ] 200/200 VUs  04m54.8s/10m00.0s

running (04m55.8s), 200/200 VUs, 1251 complete and 0 interrupted iterations
normal_day   [  49% ] 200/200 VUs  04m55.8s/10m00.0s

running (04m56.8s), 200/200 VUs, 1259 complete and 0 interrupted iterations
normal_day   [  49% ] 200/200 VUs  04m56.8s/10m00.0s

running (04m57.8s), 200/200 VUs, 1267 complete and 0 interrupted iterations
normal_day   [  50% ] 200/200 VUs  04m57.8s/10m00.0s

running (04m58.8s), 200/200 VUs, 1273 complete and 0 interrupted iterations
normal_day   [  50% ] 200/200 VUs  04m58.8s/10m00.0s

running (04m59.8s), 200/200 VUs, 1276 complete and 0 interrupted iterations
normal_day   [  50% ] 200/200 VUs  04m59.8s/10m00.0s

running (05m00.8s), 200/200 VUs, 1284 complete and 0 interrupted iterations
normal_day   [  50% ] 200/200 VUs  05m00.8s/10m00.0s

running (05m01.8s), 200/200 VUs, 1295 complete and 0 interrupted iterations
normal_day   [  50% ] 200/200 VUs  05m01.8s/10m00.0s

running (05m02.8s), 200/200 VUs, 1303 complete and 0 interrupted iterations
normal_day   [  50% ] 200/200 VUs  05m02.8s/10m00.0s

running (05m03.8s), 200/200 VUs, 1310 complete and 0 interrupted iterations
normal_day   [  51% ] 200/200 VUs  05m03.8s/10m00.0s

running (05m04.8s), 200/200 VUs, 1321 complete and 0 interrupted iterations
normal_day   [  51% ] 200/200 VUs  05m04.8s/10m00.0s

running (05m05.8s), 200/200 VUs, 1325 complete and 0 interrupted iterations
normal_day   [  51% ] 200/200 VUs  05m05.8s/10m00.0s

running (05m06.8s), 200/200 VUs, 1327 complete and 0 interrupted iterations
normal_day   [  51% ] 200/200 VUs  05m06.8s/10m00.0s

running (05m07.8s), 200/200 VUs, 1329 complete and 0 interrupted iterations
normal_day   [  51% ] 200/200 VUs  05m07.8s/10m00.0s

running (05m08.8s), 200/200 VUs, 1333 complete and 0 interrupted iterations
normal_day   [  51% ] 200/200 VUs  05m08.8s/10m00.0s

running (05m09.8s), 200/200 VUs, 1334 complete and 0 interrupted iterations
normal_day   [  52% ] 200/200 VUs  05m09.8s/10m00.0s

running (05m10.8s), 200/200 VUs, 1337 complete and 0 interrupted iterations
normal_day   [  52% ] 200/200 VUs  05m10.8s/10m00.0s

running (05m11.8s), 200/200 VUs, 1339 complete and 0 interrupted iterations
normal_day   [  52% ] 200/200 VUs  05m11.8s/10m00.0s

running (05m12.8s), 200/200 VUs, 1345 complete and 0 interrupted iterations
normal_day   [  52% ] 200/200 VUs  05m12.8s/10m00.0s

running (05m13.8s), 200/200 VUs, 1354 complete and 0 interrupted iterations
normal_day   [  52% ] 200/200 VUs  05m13.8s/10m00.0s

running (05m14.8s), 200/200 VUs, 1359 complete and 0 interrupted iterations
normal_day   [  52% ] 200/200 VUs  05m14.8s/10m00.0s

running (05m15.8s), 200/200 VUs, 1367 complete and 0 interrupted iterations
normal_day   [  53% ] 200/200 VUs  05m15.8s/10m00.0s

running (05m16.8s), 200/200 VUs, 1375 complete and 0 interrupted iterations
normal_day   [  53% ] 200/200 VUs  05m16.8s/10m00.0s

running (05m17.8s), 200/200 VUs, 1384 complete and 0 interrupted iterations
normal_day   [  53% ] 200/200 VUs  05m17.8s/10m00.0s

running (05m18.8s), 200/200 VUs, 1390 complete and 0 interrupted iterations
normal_day   [  53% ] 200/200 VUs  05m18.8s/10m00.0s

running (05m19.8s), 200/200 VUs, 1393 complete and 0 interrupted iterations
normal_day   [  53% ] 200/200 VUs  05m19.8s/10m00.0s

running (05m20.8s), 200/200 VUs, 1394 complete and 0 interrupted iterations
normal_day   [  53% ] 200/200 VUs  05m20.8s/10m00.0s

running (05m21.8s), 200/200 VUs, 1394 complete and 0 interrupted iterations
normal_day   [  54% ] 200/200 VUs  05m21.8s/10m00.0s

running (05m22.8s), 200/200 VUs, 1395 complete and 0 interrupted iterations
normal_day   [  54% ] 200/200 VUs  05m22.8s/10m00.0s

running (05m23.8s), 200/200 VUs, 1395 complete and 0 interrupted iterations
normal_day   [  54% ] 200/200 VUs  05m23.8s/10m00.0s

running (05m24.8s), 200/200 VUs, 1400 complete and 0 interrupted iterations
normal_day   [  54% ] 200/200 VUs  05m24.8s/10m00.0s

running (05m25.8s), 200/200 VUs, 1403 complete and 0 interrupted iterations
normal_day   [  54% ] 200/200 VUs  05m25.8s/10m00.0s

running (05m26.8s), 200/200 VUs, 1406 complete and 0 interrupted iterations
normal_day   [  54% ] 200/200 VUs  05m26.8s/10m00.0s

running (05m27.8s), 200/200 VUs, 1407 complete and 0 interrupted iterations
normal_day   [  55% ] 200/200 VUs  05m27.8s/10m00.0s

running (05m28.8s), 200/200 VUs, 1411 complete and 0 interrupted iterations
normal_day   [  55% ] 200/200 VUs  05m28.8s/10m00.0s

running (05m29.8s), 200/200 VUs, 1419 complete and 0 interrupted iterations
normal_day   [  55% ] 200/200 VUs  05m29.8s/10m00.0s

running (05m30.7s), 200/200 VUs, 1426 complete and 0 interrupted iterations
normal_day   [  55% ] 200/200 VUs  05m30.8s/10m00.0s

running (05m31.7s), 200/200 VUs, 1431 complete and 0 interrupted iterations
normal_day   [  55% ] 200/200 VUs  05m31.8s/10m00.0s

running (05m32.7s), 200/200 VUs, 1437 complete and 0 interrupted iterations
normal_day   [  55% ] 200/200 VUs  05m32.8s/10m00.0s

running (05m33.7s), 200/200 VUs, 1438 complete and 0 interrupted iterations
normal_day   [  56% ] 200/200 VUs  05m33.8s/10m00.0s

running (05m34.7s), 200/200 VUs, 1440 complete and 0 interrupted iterations
normal_day   [  56% ] 200/200 VUs  05m34.8s/10m00.0s

running (05m35.8s), 200/200 VUs, 1443 complete and 0 interrupted iterations
normal_day   [  56% ] 200/200 VUs  05m35.8s/10m00.0s

running (05m36.7s), 200/200 VUs, 1444 complete and 0 interrupted iterations
normal_day   [  56% ] 200/200 VUs  05m36.8s/10m00.0s

running (05m37.7s), 200/200 VUs, 1444 complete and 0 interrupted iterations
normal_day   [  56% ] 200/200 VUs  05m37.8s/10m00.0s

running (05m38.7s), 200/200 VUs, 1445 complete and 0 interrupted iterations
normal_day   [  56% ] 200/200 VUs  05m38.8s/10m00.0s

running (05m39.7s), 200/200 VUs, 1449 complete and 0 interrupted iterations
normal_day   [  57% ] 200/200 VUs  05m39.8s/10m00.0s

running (05m40.7s), 200/200 VUs, 1454 complete and 0 interrupted iterations
normal_day   [  57% ] 200/200 VUs  05m40.8s/10m00.0s

running (05m41.7s), 200/200 VUs, 1457 complete and 0 interrupted iterations
normal_day   [  57% ] 200/200 VUs  05m41.8s/10m00.0s

running (05m42.7s), 200/200 VUs, 1465 complete and 0 interrupted iterations
normal_day   [  57% ] 200/200 VUs  05m42.8s/10m00.0s

running (05m43.7s), 200/200 VUs, 1474 complete and 0 interrupted iterations
normal_day   [  57% ] 200/200 VUs  05m43.8s/10m00.0s

running (05m44.7s), 200/200 VUs, 1483 complete and 0 interrupted iterations
normal_day   [  57% ] 200/200 VUs  05m44.8s/10m00.0s

running (05m45.7s), 200/200 VUs, 1486 complete and 0 interrupted iterations
normal_day   [  58% ] 200/200 VUs  05m45.8s/10m00.0s

running (05m46.7s), 200/200 VUs, 1491 complete and 0 interrupted iterations
normal_day   [  58% ] 200/200 VUs  05m46.8s/10m00.0s

running (05m47.7s), 200/200 VUs, 1492 complete and 0 interrupted iterations
normal_day   [  58% ] 200/200 VUs  05m47.8s/10m00.0s

running (05m48.7s), 200/200 VUs, 1497 complete and 0 interrupted iterations
normal_day   [  58% ] 200/200 VUs  05m48.8s/10m00.0s

running (05m49.7s), 200/200 VUs, 1501 complete and 0 interrupted iterations
normal_day   [  58% ] 200/200 VUs  05m49.8s/10m00.0s

running (05m50.7s), 200/200 VUs, 1504 complete and 0 interrupted iterations
normal_day   [  58% ] 200/200 VUs  05m50.8s/10m00.0s

running (05m51.7s), 200/200 VUs, 1510 complete and 0 interrupted iterations
normal_day   [  59% ] 200/200 VUs  05m51.8s/10m00.0s

running (05m52.7s), 200/200 VUs, 1515 complete and 0 interrupted iterations
normal_day   [  59% ] 200/200 VUs  05m52.8s/10m00.0s

running (05m53.7s), 200/200 VUs, 1527 complete and 0 interrupted iterations
normal_day   [  59% ] 200/200 VUs  05m53.8s/10m00.0s

running (05m54.7s), 200/200 VUs, 1531 complete and 0 interrupted iterations
normal_day   [  59% ] 200/200 VUs  05m54.8s/10m00.0s

running (05m55.7s), 200/200 VUs, 1540 complete and 0 interrupted iterations
normal_day   [  59% ] 200/200 VUs  05m55.8s/10m00.0s

running (05m56.7s), 200/200 VUs, 1550 complete and 0 interrupted iterations
normal_day   [  59% ] 200/200 VUs  05m56.8s/10m00.0s

running (05m57.7s), 200/200 VUs, 1554 complete and 0 interrupted iterations
normal_day   [  60% ] 200/200 VUs  05m57.8s/10m00.0s

running (05m58.8s), 200/200 VUs, 1560 complete and 0 interrupted iterations
normal_day   [  60% ] 200/200 VUs  05m58.8s/10m00.0s

running (05m59.7s), 200/200 VUs, 1567 complete and 0 interrupted iterations
normal_day   [  60% ] 200/200 VUs  05m59.8s/10m00.0s

running (06m00.7s), 200/200 VUs, 1570 complete and 0 interrupted iterations
normal_day   [  60% ] 200/200 VUs  06m00.8s/10m00.0s

running (06m01.7s), 200/200 VUs, 1573 complete and 0 interrupted iterations
normal_day   [  60% ] 200/200 VUs  06m01.8s/10m00.0s

running (06m02.7s), 200/200 VUs, 1574 complete and 0 interrupted iterations
normal_day   [  60% ] 200/200 VUs  06m02.8s/10m00.0s

running (06m03.7s), 200/200 VUs, 1581 complete and 0 interrupted iterations
normal_day   [  61% ] 200/200 VUs  06m03.8s/10m00.0s

running (06m04.7s), 200/200 VUs, 1591 complete and 0 interrupted iterations
normal_day   [  61% ] 200/200 VUs  06m04.8s/10m00.0s

running (06m05.7s), 200/200 VUs, 1600 complete and 0 interrupted iterations
normal_day   [  61% ] 200/200 VUs  06m05.8s/10m00.0s

running (06m06.7s), 200/200 VUs, 1608 complete and 0 interrupted iterations
normal_day   [  61% ] 200/200 VUs  06m06.8s/10m00.0s

running (06m07.7s), 200/200 VUs, 1620 complete and 0 interrupted iterations
normal_day   [  61% ] 200/200 VUs  06m07.8s/10m00.0s

running (06m08.7s), 200/200 VUs, 1623 complete and 0 interrupted iterations
normal_day   [  61% ] 200/200 VUs  06m08.8s/10m00.0s

running (06m09.7s), 200/200 VUs, 1629 complete and 0 interrupted iterations
normal_day   [  62% ] 200/200 VUs  06m09.8s/10m00.0s

running (06m10.7s), 200/200 VUs, 1640 complete and 0 interrupted iterations
normal_day   [  62% ] 200/200 VUs  06m10.8s/10m00.0s

running (06m11.7s), 200/200 VUs, 1652 complete and 0 interrupted iterations
normal_day   [  62% ] 200/200 VUs  06m11.8s/10m00.0s

running (06m12.7s), 200/200 VUs, 1662 complete and 0 interrupted iterations
normal_day   [  62% ] 200/200 VUs  06m12.8s/10m00.0s

running (06m13.7s), 200/200 VUs, 1665 complete and 0 interrupted iterations
normal_day   [  62% ] 200/200 VUs  06m13.8s/10m00.0s

running (06m14.7s), 200/200 VUs, 1669 complete and 0 interrupted iterations
normal_day   [  62% ] 200/200 VUs  06m14.8s/10m00.0s

running (06m15.7s), 200/200 VUs, 1674 complete and 0 interrupted iterations
normal_day   [  63% ] 200/200 VUs  06m15.8s/10m00.0s

running (06m16.7s), 200/200 VUs, 1683 complete and 0 interrupted iterations
normal_day   [  63% ] 200/200 VUs  06m16.8s/10m00.0s

running (06m17.7s), 200/200 VUs, 1692 complete and 0 interrupted iterations
normal_day   [  63% ] 200/200 VUs  06m17.8s/10m00.0s

running (06m18.7s), 200/200 VUs, 1701 complete and 0 interrupted iterations
normal_day   [  63% ] 200/200 VUs  06m18.8s/10m00.0s

running (06m19.7s), 200/200 VUs, 1706 complete and 0 interrupted iterations
normal_day   [  63% ] 200/200 VUs  06m19.8s/10m00.0s

running (06m20.7s), 200/200 VUs, 1716 complete and 0 interrupted iterations
normal_day   [  63% ] 200/200 VUs  06m20.8s/10m00.0s

running (06m21.7s), 200/200 VUs, 1723 complete and 0 interrupted iterations
normal_day   [  64% ] 200/200 VUs  06m21.8s/10m00.0s

running (06m22.7s), 200/200 VUs, 1728 complete and 0 interrupted iterations
normal_day   [  64% ] 200/200 VUs  06m22.8s/10m00.0s

running (06m23.7s), 200/200 VUs, 1737 complete and 0 interrupted iterations
normal_day   [  64% ] 200/200 VUs  06m23.8s/10m00.0s

running (06m24.7s), 200/200 VUs, 1742 complete and 0 interrupted iterations
normal_day   [  64% ] 200/200 VUs  06m24.8s/10m00.0s

running (06m25.7s), 200/200 VUs, 1747 complete and 0 interrupted iterations
normal_day   [  64% ] 200/200 VUs  06m25.8s/10m00.0s

running (06m26.7s), 200/200 VUs, 1754 complete and 0 interrupted iterations
normal_day   [  64% ] 200/200 VUs  06m26.8s/10m00.0s

running (06m27.7s), 200/200 VUs, 1758 complete and 0 interrupted iterations
normal_day   [  65% ] 200/200 VUs  06m27.8s/10m00.0s

running (06m28.7s), 200/200 VUs, 1768 complete and 0 interrupted iterations
normal_day   [  65% ] 200/200 VUs  06m28.8s/10m00.0s

running (06m29.7s), 200/200 VUs, 1781 complete and 0 interrupted iterations
normal_day   [  65% ] 200/200 VUs  06m29.8s/10m00.0s

running (06m30.7s), 200/200 VUs, 1790 complete and 0 interrupted iterations
normal_day   [  65% ] 200/200 VUs  06m30.8s/10m00.0s

running (06m31.7s), 200/200 VUs, 1799 complete and 0 interrupted iterations
normal_day   [  65% ] 200/200 VUs  06m31.8s/10m00.0s

running (06m32.7s), 200/200 VUs, 1808 complete and 0 interrupted iterations
normal_day   [  65% ] 200/200 VUs  06m32.8s/10m00.0s

running (06m33.7s), 200/200 VUs, 1814 complete and 0 interrupted iterations
normal_day   [  66% ] 200/200 VUs  06m33.8s/10m00.0s

running (06m34.7s), 200/200 VUs, 1822 complete and 0 interrupted iterations
normal_day   [  66% ] 200/200 VUs  06m34.8s/10m00.0s

running (06m35.7s), 200/200 VUs, 1831 complete and 0 interrupted iterations
normal_day   [  66% ] 200/200 VUs  06m35.8s/10m00.0s

running (06m36.7s), 200/200 VUs, 1836 complete and 0 interrupted iterations
normal_day   [  66% ] 200/200 VUs  06m36.8s/10m00.0s

running (06m37.7s), 200/200 VUs, 1845 complete and 0 interrupted iterations
normal_day   [  66% ] 200/200 VUs  06m37.8s/10m00.0s

running (06m38.7s), 200/200 VUs, 1848 complete and 0 interrupted iterations
normal_day   [  66% ] 200/200 VUs  06m38.8s/10m00.0s

running (06m39.7s), 200/200 VUs, 1853 complete and 0 interrupted iterations
normal_day   [  67% ] 200/200 VUs  06m39.8s/10m00.0s

running (06m40.7s), 200/200 VUs, 1861 complete and 0 interrupted iterations
normal_day   [  67% ] 200/200 VUs  06m40.8s/10m00.0s

running (06m41.7s), 200/200 VUs, 1873 complete and 0 interrupted iterations
normal_day   [  67% ] 200/200 VUs  06m41.8s/10m00.0s

running (06m42.7s), 200/200 VUs, 1883 complete and 0 interrupted iterations
normal_day   [  67% ] 200/200 VUs  06m42.8s/10m00.0s

running (06m43.7s), 200/200 VUs, 1893 complete and 0 interrupted iterations
normal_day   [  67% ] 200/200 VUs  06m43.8s/10m00.0s

running (06m44.7s), 200/200 VUs, 1893 complete and 0 interrupted iterations
normal_day   [  67% ] 200/200 VUs  06m44.8s/10m00.0s

running (06m45.7s), 200/200 VUs, 1894 complete and 0 interrupted iterations
normal_day   [  68% ] 200/200 VUs  06m45.8s/10m00.0s

running (06m46.7s), 200/200 VUs, 1894 complete and 0 interrupted iterations
normal_day   [  68% ] 200/200 VUs  06m46.8s/10m00.0s

running (06m47.7s), 200/200 VUs, 1894 complete and 0 interrupted iterations
normal_day   [  68% ] 200/200 VUs  06m47.8s/10m00.0s

running (06m48.7s), 200/200 VUs, 1897 complete and 0 interrupted iterations
normal_day   [  68% ] 200/200 VUs  06m48.8s/10m00.0s

running (06m49.7s), 200/200 VUs, 1906 complete and 0 interrupted iterations
normal_day   [  68% ] 200/200 VUs  06m49.8s/10m00.0s

running (06m50.7s), 200/200 VUs, 1913 complete and 0 interrupted iterations
normal_day   [  68% ] 200/200 VUs  06m50.8s/10m00.0s

running (06m51.7s), 200/200 VUs, 1919 complete and 0 interrupted iterations
normal_day   [  69% ] 200/200 VUs  06m51.8s/10m00.0s

running (06m52.7s), 200/200 VUs, 1939 complete and 0 interrupted iterations
normal_day   [  69% ] 200/200 VUs  06m52.8s/10m00.0s

running (06m53.7s), 200/200 VUs, 1956 complete and 0 interrupted iterations
normal_day   [  69% ] 200/200 VUs  06m53.8s/10m00.0s

running (06m54.7s), 200/200 VUs, 1958 complete and 0 interrupted iterations
normal_day   [  69% ] 200/200 VUs  06m54.8s/10m00.0s

running (06m55.7s), 200/200 VUs, 1961 complete and 0 interrupted iterations
normal_day   [  69% ] 200/200 VUs  06m55.8s/10m00.0s

running (06m56.7s), 200/200 VUs, 1964 complete and 0 interrupted iterations
normal_day   [  69% ] 200/200 VUs  06m56.8s/10m00.0s

running (06m57.7s), 200/200 VUs, 1964 complete and 0 interrupted iterations
normal_day   [  70% ] 200/200 VUs  06m57.8s/10m00.0s

running (06m58.7s), 200/200 VUs, 1964 complete and 0 interrupted iterations
normal_day   [  70% ] 200/200 VUs  06m58.8s/10m00.0s

running (06m59.7s), 200/200 VUs, 1965 complete and 0 interrupted iterations
normal_day   [  70% ] 200/200 VUs  06m59.8s/10m00.0s

running (07m00.7s), 200/200 VUs, 1969 complete and 0 interrupted iterations
normal_day   [  70% ] 200/200 VUs  07m00.8s/10m00.0s

running (07m01.7s), 200/200 VUs, 1972 complete and 0 interrupted iterations
normal_day   [  70% ] 200/200 VUs  07m01.8s/10m00.0s

running (07m02.7s), 200/200 VUs, 1977 complete and 0 interrupted iterations
normal_day   [  70% ] 200/200 VUs  07m02.8s/10m00.0s

running (07m03.7s), 200/200 VUs, 1989 complete and 0 interrupted iterations
normal_day   [  71% ] 200/200 VUs  07m03.8s/10m00.0s

running (07m04.7s), 200/200 VUs, 2001 complete and 0 interrupted iterations
normal_day   [  71% ] 200/200 VUs  07m04.8s/10m00.0s

running (07m05.7s), 200/200 VUs, 2011 complete and 0 interrupted iterations
normal_day   [  71% ] 200/200 VUs  07m05.8s/10m00.0s

running (07m06.7s), 200/200 VUs, 2017 complete and 0 interrupted iterations
normal_day   [  71% ] 200/200 VUs  07m06.8s/10m00.0s

running (07m07.7s), 200/200 VUs, 2019 complete and 0 interrupted iterations
normal_day   [  71% ] 200/200 VUs  07m07.8s/10m00.0s

running (07m08.7s), 200/200 VUs, 2022 complete and 0 interrupted iterations
normal_day   [  71% ] 200/200 VUs  07m08.8s/10m00.0s

running (07m09.7s), 200/200 VUs, 2024 complete and 0 interrupted iterations
normal_day   [  72% ] 200/200 VUs  07m09.8s/10m00.0s

running (07m10.7s), 200/200 VUs, 2025 complete and 0 interrupted iterations
normal_day   [  72% ] 200/200 VUs  07m10.8s/10m00.0s

running (07m11.7s), 200/200 VUs, 2026 complete and 0 interrupted iterations
normal_day   [  72% ] 200/200 VUs  07m11.8s/10m00.0s

running (07m12.7s), 200/200 VUs, 2030 complete and 0 interrupted iterations
normal_day   [  72% ] 200/200 VUs  07m12.8s/10m00.0s

running (07m13.7s), 200/200 VUs, 2033 complete and 0 interrupted iterations
normal_day   [  72% ] 200/200 VUs  07m13.8s/10m00.0s

running (07m14.7s), 200/200 VUs, 2036 complete and 0 interrupted iterations
normal_day   [  72% ] 200/200 VUs  07m14.8s/10m00.0s

running (07m15.7s), 200/200 VUs, 2041 complete and 0 interrupted iterations
normal_day   [  73% ] 200/200 VUs  07m15.8s/10m00.0s

running (07m16.7s), 200/200 VUs, 2056 complete and 0 interrupted iterations
normal_day   [  73% ] 200/200 VUs  07m16.8s/10m00.0s

running (07m17.7s), 200/200 VUs, 2069 complete and 0 interrupted iterations
normal_day   [  73% ] 200/200 VUs  07m17.8s/10m00.0s

running (07m18.7s), 200/200 VUs, 2077 complete and 0 interrupted iterations
normal_day   [  73% ] 200/200 VUs  07m18.8s/10m00.0s

running (07m19.7s), 200/200 VUs, 2094 complete and 0 interrupted iterations
normal_day   [  73% ] 200/200 VUs  07m19.8s/10m00.0s

running (07m20.7s), 200/200 VUs, 2101 complete and 0 interrupted iterations
normal_day   [  73% ] 200/200 VUs  07m20.8s/10m00.0s

running (07m21.7s), 200/200 VUs, 2112 complete and 0 interrupted iterations
normal_day   [  74% ] 200/200 VUs  07m21.8s/10m00.0s

running (07m22.7s), 200/200 VUs, 2115 complete and 0 interrupted iterations
normal_day   [  74% ] 200/200 VUs  07m22.8s/10m00.0s

running (07m23.7s), 200/200 VUs, 2118 complete and 0 interrupted iterations
normal_day   [  74% ] 200/200 VUs  07m23.8s/10m00.0s

running (07m24.7s), 200/200 VUs, 2121 complete and 0 interrupted iterations
normal_day   [  74% ] 200/200 VUs  07m24.8s/10m00.0s

running (07m25.7s), 200/200 VUs, 2127 complete and 0 interrupted iterations
normal_day   [  74% ] 200/200 VUs  07m25.8s/10m00.0s

running (07m26.7s), 200/200 VUs, 2131 complete and 0 interrupted iterations
normal_day   [  74% ] 200/200 VUs  07m26.8s/10m00.0s

running (07m27.7s), 200/200 VUs, 2133 complete and 0 interrupted iterations
normal_day   [  75% ] 200/200 VUs  07m27.8s/10m00.0s

running (07m28.7s), 200/200 VUs, 2138 complete and 0 interrupted iterations
normal_day   [  75% ] 200/200 VUs  07m28.8s/10m00.0s

running (07m29.7s), 200/200 VUs, 2141 complete and 0 interrupted iterations
normal_day   [  75% ] 200/200 VUs  07m29.8s/10m00.0s

running (07m30.7s), 200/200 VUs, 2145 complete and 0 interrupted iterations
normal_day   [  75% ] 200/200 VUs  07m30.8s/10m00.0s

running (07m31.7s), 200/200 VUs, 2159 complete and 0 interrupted iterations
normal_day   [  75% ] 200/200 VUs  07m31.8s/10m00.0s

running (07m32.7s), 200/200 VUs, 2168 complete and 0 interrupted iterations
normal_day   [  75% ] 200/200 VUs  07m32.8s/10m00.0s

running (07m33.7s), 200/200 VUs, 2176 complete and 0 interrupted iterations
normal_day   [  76% ] 200/200 VUs  07m33.8s/10m00.0s

running (07m34.7s), 200/200 VUs, 2187 complete and 0 interrupted iterations
normal_day   [  76% ] 200/200 VUs  07m34.8s/10m00.0s

running (07m35.7s), 200/200 VUs, 2202 complete and 0 interrupted iterations
normal_day   [  76% ] 200/200 VUs  07m35.8s/10m00.0s

running (07m36.7s), 200/200 VUs, 2209 complete and 0 interrupted iterations
normal_day   [  76% ] 200/200 VUs  07m36.8s/10m00.0s

running (07m37.7s), 200/200 VUs, 2219 complete and 0 interrupted iterations
normal_day   [  76% ] 200/200 VUs  07m37.8s/10m00.0s

running (07m38.7s), 200/200 VUs, 2229 complete and 0 interrupted iterations
normal_day   [  76% ] 200/200 VUs  07m38.8s/10m00.0s

running (07m39.7s), 200/200 VUs, 2242 complete and 0 interrupted iterations
normal_day   [  77% ] 200/200 VUs  07m39.8s/10m00.0s

running (07m40.7s), 200/200 VUs, 2252 complete and 0 interrupted iterations
normal_day   [  77% ] 200/200 VUs  07m40.8s/10m00.0s

running (07m41.7s), 200/200 VUs, 2261 complete and 0 interrupted iterations
normal_day   [  77% ] 200/200 VUs  07m41.8s/10m00.0s

running (07m42.7s), 200/200 VUs, 2276 complete and 0 interrupted iterations
normal_day   [  77% ] 200/200 VUs  07m42.8s/10m00.0s

running (07m43.7s), 200/200 VUs, 2287 complete and 0 interrupted iterations
normal_day   [  77% ] 200/200 VUs  07m43.8s/10m00.0s

running (07m44.7s), 200/200 VUs, 2288 complete and 0 interrupted iterations
normal_day   [  77% ] 200/200 VUs  07m44.8s/10m00.0s

running (07m45.7s), 200/200 VUs, 2294 complete and 0 interrupted iterations
normal_day   [  78% ] 200/200 VUs  07m45.8s/10m00.0s

running (07m46.7s), 200/200 VUs, 2298 complete and 0 interrupted iterations
normal_day   [  78% ] 200/200 VUs  07m46.8s/10m00.0s

running (07m47.7s), 200/200 VUs, 2305 complete and 0 interrupted iterations
normal_day   [  78% ] 200/200 VUs  07m47.8s/10m00.0s

running (07m48.7s), 200/200 VUs, 2312 complete and 0 interrupted iterations
normal_day   [  78% ] 200/200 VUs  07m48.8s/10m00.0s

running (07m49.7s), 200/200 VUs, 2323 complete and 0 interrupted iterations
normal_day   [  78% ] 200/200 VUs  07m49.8s/10m00.0s

running (07m50.7s), 200/200 VUs, 2336 complete and 0 interrupted iterations
normal_day   [  78% ] 200/200 VUs  07m50.8s/10m00.0s

running (07m51.7s), 200/200 VUs, 2345 complete and 0 interrupted iterations
normal_day   [  79% ] 200/200 VUs  07m51.8s/10m00.0s

running (07m52.7s), 200/200 VUs, 2353 complete and 0 interrupted iterations
normal_day   [  79% ] 200/200 VUs  07m52.8s/10m00.0s

running (07m53.7s), 200/200 VUs, 2360 complete and 0 interrupted iterations
normal_day   [  79% ] 200/200 VUs  07m53.8s/10m00.0s

running (07m54.7s), 200/200 VUs, 2363 complete and 0 interrupted iterations
normal_day   [  79% ] 200/200 VUs  07m54.8s/10m00.0s

running (07m55.7s), 200/200 VUs, 2374 complete and 0 interrupted iterations
normal_day   [  79% ] 200/200 VUs  07m55.8s/10m00.0s

running (07m56.7s), 200/200 VUs, 2381 complete and 0 interrupted iterations
normal_day   [  79% ] 200/200 VUs  07m56.8s/10m00.0s

running (07m57.7s), 200/200 VUs, 2394 complete and 0 interrupted iterations
normal_day   [  80% ] 200/200 VUs  07m57.8s/10m00.0s

running (07m58.7s), 200/200 VUs, 2401 complete and 0 interrupted iterations
normal_day   [  80% ] 200/200 VUs  07m58.8s/10m00.0s

running (07m59.7s), 200/200 VUs, 2402 complete and 0 interrupted iterations
normal_day   [  80% ] 200/200 VUs  07m59.8s/10m00.0s

running (08m00.7s), 200/200 VUs, 2403 complete and 0 interrupted iterations
normal_day   [  80% ] 200/200 VUs  08m00.8s/10m00.0s

running (08m01.7s), 200/200 VUs, 2410 complete and 0 interrupted iterations
normal_day   [  80% ] 200/200 VUs  08m01.8s/10m00.0s

running (08m02.7s), 200/200 VUs, 2415 complete and 0 interrupted iterations
normal_day   [  80% ] 200/200 VUs  08m02.8s/10m00.0s

running (08m03.7s), 200/200 VUs, 2420 complete and 0 interrupted iterations
normal_day   [  81% ] 200/200 VUs  08m03.8s/10m00.0s

running (08m04.7s), 200/200 VUs, 2423 complete and 0 interrupted iterations
normal_day   [  81% ] 200/200 VUs  08m04.8s/10m00.0s

running (08m05.7s), 200/200 VUs, 2429 complete and 0 interrupted iterations
normal_day   [  81% ] 200/200 VUs  08m05.8s/10m00.0s

running (08m06.7s), 200/200 VUs, 2434 complete and 0 interrupted iterations
normal_day   [  81% ] 200/200 VUs  08m06.8s/10m00.0s

running (08m07.7s), 200/200 VUs, 2439 complete and 0 interrupted iterations
normal_day   [  81% ] 200/200 VUs  08m07.8s/10m00.0s

running (08m08.7s), 199/200 VUs, 2450 complete and 0 interrupted iterations
normal_day   [  81% ] 199/200 VUs  08m08.8s/10m00.0s

running (08m09.7s), 199/200 VUs, 2454 complete and 0 interrupted iterations
normal_day   [  82% ] 199/200 VUs  08m09.8s/10m00.0s

running (08m10.7s), 198/200 VUs, 2460 complete and 0 interrupted iterations
normal_day   [  82% ] 198/200 VUs  08m10.8s/10m00.0s

running (08m11.7s), 198/200 VUs, 2465 complete and 0 interrupted iterations
normal_day   [  82% ] 198/200 VUs  08m11.8s/10m00.0s

running (08m12.7s), 197/200 VUs, 2472 complete and 0 interrupted iterations
normal_day   [  82% ] 197/200 VUs  08m12.8s/10m00.0s

running (08m13.7s), 197/200 VUs, 2476 complete and 0 interrupted iterations
normal_day   [  82% ] 197/200 VUs  08m13.8s/10m00.0s

running (08m14.7s), 197/200 VUs, 2479 complete and 0 interrupted iterations
normal_day   [  82% ] 197/200 VUs  08m14.8s/10m00.0s

running (08m15.7s), 197/200 VUs, 2481 complete and 0 interrupted iterations
normal_day   [  83% ] 197/200 VUs  08m15.8s/10m00.0s

running (08m16.7s), 197/200 VUs, 2487 complete and 0 interrupted iterations
normal_day   [  83% ] 197/200 VUs  08m16.8s/10m00.0s

running (08m17.7s), 197/200 VUs, 2488 complete and 0 interrupted iterations
normal_day   [  83% ] 197/200 VUs  08m17.8s/10m00.0s

running (08m18.7s), 196/200 VUs, 2493 complete and 0 interrupted iterations
normal_day   [  83% ] 196/200 VUs  08m18.8s/10m00.0s

running (08m19.7s), 195/200 VUs, 2495 complete and 0 interrupted iterations
normal_day   [  83% ] 195/200 VUs  08m19.8s/10m00.0s

running (08m20.7s), 193/200 VUs, 2504 complete and 0 interrupted iterations
normal_day   [  83% ] 193/200 VUs  08m20.8s/10m00.0s

running (08m21.7s), 192/200 VUs, 2511 complete and 0 interrupted iterations
normal_day   [  84% ] 192/200 VUs  08m21.8s/10m00.0s

running (08m22.7s), 192/200 VUs, 2512 complete and 0 interrupted iterations
normal_day   [  84% ] 192/200 VUs  08m22.8s/10m00.0s

running (08m23.7s), 191/200 VUs, 2518 complete and 0 interrupted iterations
normal_day   [  84% ] 191/200 VUs  08m23.8s/10m00.0s

running (08m24.7s), 190/200 VUs, 2526 complete and 0 interrupted iterations
normal_day   [  84% ] 190/200 VUs  08m24.8s/10m00.0s

running (08m25.7s), 186/200 VUs, 2536 complete and 0 interrupted iterations
normal_day   [  84% ] 186/200 VUs  08m25.8s/10m00.0s

running (08m26.7s), 186/200 VUs, 2548 complete and 0 interrupted iterations
normal_day   [  84% ] 186/200 VUs  08m26.8s/10m00.0s

running (08m27.7s), 185/200 VUs, 2559 complete and 0 interrupted iterations
normal_day   [  85% ] 185/200 VUs  08m27.8s/10m00.0s

running (08m28.7s), 184/200 VUs, 2564 complete and 0 interrupted iterations
normal_day   [  85% ] 184/200 VUs  08m28.8s/10m00.0s

running (08m29.7s), 184/200 VUs, 2567 complete and 0 interrupted iterations
normal_day   [  85% ] 184/200 VUs  08m29.8s/10m00.0s

running (08m30.7s), 182/200 VUs, 2571 complete and 1 interrupted iterations
normal_day   [  85% ] 182/200 VUs  08m30.8s/10m00.0s

running (08m31.7s), 179/200 VUs, 2577 complete and 2 interrupted iterations
normal_day   [  85% ] 179/200 VUs  08m31.8s/10m00.0s

running (08m32.7s), 179/200 VUs, 2585 complete and 2 interrupted iterations
normal_day   [  85% ] 179/200 VUs  08m32.8s/10m00.0s

running (08m33.7s), 174/200 VUs, 2596 complete and 4 interrupted iterations
normal_day   [  86% ] 174/200 VUs  08m33.8s/10m00.0s

running (08m34.7s), 172/200 VUs, 2606 complete and 5 interrupted iterations
normal_day   [  86% ] 172/200 VUs  08m34.8s/10m00.0s

running (08m35.7s), 171/200 VUs, 2606 complete and 6 interrupted iterations
normal_day   [  86% ] 171/200 VUs  08m35.8s/10m00.0s

running (08m36.7s), 170/200 VUs, 2607 complete and 7 interrupted iterations
normal_day   [  86% ] 170/200 VUs  08m36.8s/10m00.0s

running (08m37.7s), 168/200 VUs, 2613 complete and 8 interrupted iterations
normal_day   [  86% ] 168/200 VUs  08m37.8s/10m00.0s

running (08m38.7s), 168/200 VUs, 2615 complete and 8 interrupted iterations
normal_day   [  86% ] 168/200 VUs  08m38.8s/10m00.0s

running (08m39.7s), 165/200 VUs, 2622 complete and 9 interrupted iterations
normal_day   [  87% ] 165/200 VUs  08m39.8s/10m00.0s

running (08m40.7s), 165/200 VUs, 2626 complete and 9 interrupted iterations
normal_day   [  87% ] 165/200 VUs  08m40.8s/10m00.0s

running (08m41.7s), 160/200 VUs, 2632 complete and 10 interrupted iterations
normal_day   [  87% ] 160/200 VUs  08m41.8s/10m00.0s

running (08m42.7s), 158/200 VUs, 2636 complete and 11 interrupted iterations
normal_day   [  87% ] 158/200 VUs  08m42.8s/10m00.0s

running (08m43.7s), 156/200 VUs, 2640 complete and 12 interrupted iterations
normal_day   [  87% ] 156/200 VUs  08m43.8s/10m00.0s

running (08m44.7s), 156/200 VUs, 2643 complete and 12 interrupted iterations
normal_day   [  87% ] 156/200 VUs  08m44.8s/10m00.0s

running (08m45.7s), 154/200 VUs, 2649 complete and 12 interrupted iterations
normal_day   [  88% ] 154/200 VUs  08m45.8s/10m00.0s

running (08m46.7s), 153/200 VUs, 2657 complete and 12 interrupted iterations
normal_day   [  88% ] 153/200 VUs  08m46.8s/10m00.0s

running (08m47.7s), 152/200 VUs, 2665 complete and 12 interrupted iterations
normal_day   [  88% ] 152/200 VUs  08m47.8s/10m00.0s

running (08m48.7s), 150/200 VUs, 2668 complete and 13 interrupted iterations
normal_day   [  88% ] 150/200 VUs  08m48.8s/10m00.0s

running (08m49.7s), 150/200 VUs, 2673 complete and 13 interrupted iterations
normal_day   [  88% ] 150/200 VUs  08m49.8s/10m00.0s

running (08m50.7s), 150/200 VUs, 2682 complete and 13 interrupted iterations
normal_day   [  88% ] 150/200 VUs  08m50.8s/10m00.0s

running (08m51.7s), 148/200 VUs, 2687 complete and 14 interrupted iterations
normal_day   [  89% ] 148/200 VUs  08m51.8s/10m00.0s

running (08m52.7s), 146/200 VUs, 2691 complete and 15 interrupted iterations
normal_day   [  89% ] 146/200 VUs  08m52.8s/10m00.0s

running (08m53.7s), 145/200 VUs, 2696 complete and 16 interrupted iterations
normal_day   [  89% ] 145/200 VUs  08m53.8s/10m00.0s

running (08m54.7s), 139/200 VUs, 2708 complete and 16 interrupted iterations
normal_day   [  89% ] 139/200 VUs  08m54.8s/10m00.0s

running (08m55.7s), 136/200 VUs, 2716 complete and 17 interrupted iterations
normal_day   [  89% ] 136/200 VUs  08m55.8s/10m00.0s

running (08m56.7s), 134/200 VUs, 2723 complete and 18 interrupted iterations
normal_day   [  89% ] 134/200 VUs  08m56.8s/10m00.0s

running (08m57.7s), 128/200 VUs, 2732 complete and 20 interrupted iterations
normal_day   [  90% ] 128/200 VUs  08m57.8s/10m00.0s

running (08m58.7s), 126/200 VUs, 2735 complete and 21 interrupted iterations
normal_day   [  90% ] 126/200 VUs  08m58.8s/10m00.0s

running (08m59.7s), 125/200 VUs, 2739 complete and 21 interrupted iterations
normal_day   [  90% ] 125/200 VUs  08m59.8s/10m00.0s

running (09m00.7s), 123/200 VUs, 2744 complete and 21 interrupted iterations
normal_day   [  90% ] 123/200 VUs  09m00.8s/10m00.0s

running (09m01.7s), 123/200 VUs, 2747 complete and 21 interrupted iterations
normal_day   [  90% ] 123/200 VUs  09m01.8s/10m00.0s

running (09m02.7s), 119/200 VUs, 2754 complete and 22 interrupted iterations
normal_day   [  90% ] 119/200 VUs  09m02.8s/10m00.0s

running (09m03.7s), 116/200 VUs, 2764 complete and 23 interrupted iterations
normal_day   [  91% ] 116/200 VUs  09m03.8s/10m00.0s

running (09m04.7s), 114/200 VUs, 2766 complete and 24 interrupted iterations
normal_day   [  91% ] 114/200 VUs  09m04.8s/10m00.0s

running (09m05.7s), 112/200 VUs, 2770 complete and 25 interrupted iterations
normal_day   [  91% ] 112/200 VUs  09m05.8s/10m00.0s

running (09m06.7s), 111/200 VUs, 2776 complete and 25 interrupted iterations
normal_day   [  91% ] 111/200 VUs  09m06.8s/10m00.0s

running (09m07.7s), 109/200 VUs, 2783 complete and 25 interrupted iterations
normal_day   [  91% ] 109/200 VUs  09m07.8s/10m00.0s

running (09m08.7s), 108/200 VUs, 2787 complete and 25 interrupted iterations
normal_day   [  91% ] 108/200 VUs  09m08.8s/10m00.0s

running (09m09.7s), 106/200 VUs, 2792 complete and 25 interrupted iterations
normal_day   [  92% ] 106/200 VUs  09m09.8s/10m00.0s

running (09m10.7s), 104/200 VUs, 2799 complete and 25 interrupted iterations
normal_day   [  92% ] 104/200 VUs  09m10.8s/10m00.0s

running (09m11.7s), 102/200 VUs, 2803 complete and 26 interrupted iterations
normal_day   [  92% ] 102/200 VUs  09m11.8s/10m00.0s

running (09m12.7s), 099/200 VUs, 2812 complete and 26 interrupted iterations
normal_day   [  92% ] 099/200 VUs  09m12.8s/10m00.0s

running (09m13.7s), 096/200 VUs, 2818 complete and 26 interrupted iterations
normal_day   [  92% ] 096/200 VUs  09m13.8s/10m00.0s

running (09m14.7s), 096/200 VUs, 2821 complete and 26 interrupted iterations
normal_day   [  92% ] 096/200 VUs  09m14.8s/10m00.0s

running (09m15.7s), 095/200 VUs, 2829 complete and 26 interrupted iterations
normal_day   [  93% ] 095/200 VUs  09m15.8s/10m00.0s

running (09m16.7s), 095/200 VUs, 2830 complete and 26 interrupted iterations
normal_day   [  93% ] 095/200 VUs  09m16.8s/10m00.0s

running (09m17.7s), 094/200 VUs, 2834 complete and 26 interrupted iterations
normal_day   [  93% ] 094/200 VUs  09m17.8s/10m00.0s

running (09m18.7s), 093/200 VUs, 2840 complete and 26 interrupted iterations
normal_day   [  93% ] 093/200 VUs  09m18.8s/10m00.0s

running (09m19.7s), 089/200 VUs, 2848 complete and 27 interrupted iterations
normal_day   [  93% ] 089/200 VUs  09m19.8s/10m00.0s

running (09m20.7s), 088/200 VUs, 2851 complete and 27 interrupted iterations
normal_day   [  93% ] 088/200 VUs  09m20.8s/10m00.0s

running (09m21.7s), 086/200 VUs, 2854 complete and 28 interrupted iterations
normal_day   [  94% ] 086/200 VUs  09m21.8s/10m00.0s

running (09m22.7s), 082/200 VUs, 2863 complete and 28 interrupted iterations
normal_day   [  94% ] 082/200 VUs  09m22.8s/10m00.0s

running (09m23.7s), 078/200 VUs, 2875 complete and 28 interrupted iterations
normal_day   [  94% ] 078/200 VUs  09m23.8s/10m00.0s

running (09m24.7s), 074/200 VUs, 2885 complete and 28 interrupted iterations
normal_day   [  94% ] 074/200 VUs  09m24.8s/10m00.0s

running (09m25.7s), 072/200 VUs, 2894 complete and 28 interrupted iterations
normal_day   [  94% ] 072/200 VUs  09m25.8s/10m00.0s

running (09m26.7s), 070/200 VUs, 2901 complete and 28 interrupted iterations
normal_day   [  94% ] 070/200 VUs  09m26.8s/10m00.0s

running (09m27.7s), 069/200 VUs, 2904 complete and 29 interrupted iterations
normal_day   [  95% ] 069/200 VUs  09m27.8s/10m00.0s

running (09m28.7s), 067/200 VUs, 2910 complete and 29 interrupted iterations
normal_day   [  95% ] 067/200 VUs  09m28.8s/10m00.0s

running (09m29.7s), 065/200 VUs, 2912 complete and 30 interrupted iterations
normal_day   [  95% ] 065/200 VUs  09m29.8s/10m00.0s

running (09m30.7s), 062/200 VUs, 2924 complete and 30 interrupted iterations
normal_day   [  95% ] 062/200 VUs  09m30.8s/10m00.0s

running (09m31.7s), 059/200 VUs, 2934 complete and 30 interrupted iterations
normal_day   [  95% ] 059/200 VUs  09m31.8s/10m00.0s

running (09m32.7s), 055/200 VUs, 2941 complete and 30 interrupted iterations
normal_day   [  95% ] 055/200 VUs  09m32.8s/10m00.0s

running (09m33.7s), 054/200 VUs, 2945 complete and 30 interrupted iterations
normal_day   [  96% ] 054/200 VUs  09m33.8s/10m00.0s

running (09m34.7s), 054/200 VUs, 2948 complete and 30 interrupted iterations
normal_day   [  96% ] 054/200 VUs  09m34.8s/10m00.0s

running (09m35.7s), 053/200 VUs, 2955 complete and 30 interrupted iterations
normal_day   [  96% ] 053/200 VUs  09m35.8s/10m00.0s

running (09m36.7s), 052/200 VUs, 2962 complete and 30 interrupted iterations
normal_day   [  96% ] 052/200 VUs  09m36.8s/10m00.0s

running (09m37.7s), 050/200 VUs, 2965 complete and 30 interrupted iterations
normal_day   [  96% ] 050/200 VUs  09m37.8s/10m00.0s

running (09m38.7s), 049/200 VUs, 2975 complete and 30 interrupted iterations
normal_day   [  96% ] 049/200 VUs  09m38.8s/10m00.0s

running (09m39.7s), 047/200 VUs, 2981 complete and 30 interrupted iterations
normal_day   [  97% ] 047/200 VUs  09m39.8s/10m00.0s

running (09m40.7s), 046/200 VUs, 2984 complete and 30 interrupted iterations
normal_day   [  97% ] 046/200 VUs  09m40.8s/10m00.0s

running (09m41.7s), 046/200 VUs, 2988 complete and 30 interrupted iterations
normal_day   [  97% ] 046/200 VUs  09m41.8s/10m00.0s

running (09m42.7s), 046/200 VUs, 2991 complete and 30 interrupted iterations
normal_day   [  97% ] 046/200 VUs  09m42.8s/10m00.0s

running (09m43.7s), 043/200 VUs, 2996 complete and 30 interrupted iterations
normal_day   [  97% ] 043/200 VUs  09m43.8s/10m00.0s

running (09m44.7s), 039/200 VUs, 3003 complete and 30 interrupted iterations
normal_day   [  97% ] 039/200 VUs  09m44.8s/10m00.0s

running (09m45.7s), 039/200 VUs, 3005 complete and 30 interrupted iterations
normal_day   [  98% ] 039/200 VUs  09m45.8s/10m00.0s

running (09m46.7s), 037/200 VUs, 3011 complete and 30 interrupted iterations
normal_day   [  98% ] 037/200 VUs  09m46.8s/10m00.0s

running (09m47.7s), 035/200 VUs, 3013 complete and 30 interrupted iterations
normal_day   [  98% ] 035/200 VUs  09m47.8s/10m00.0s

running (09m48.7s), 035/200 VUs, 3016 complete and 30 interrupted iterations
normal_day   [  98% ] 035/200 VUs  09m48.8s/10m00.0s

running (09m49.7s), 033/200 VUs, 3018 complete and 30 interrupted iterations
normal_day   [  98% ] 033/200 VUs  09m49.8s/10m00.0s

running (09m50.7s), 030/200 VUs, 3022 complete and 30 interrupted iterations
normal_day   [  98% ] 030/200 VUs  09m50.8s/10m00.0s

running (09m51.7s), 030/200 VUs, 3023 complete and 30 interrupted iterations
normal_day   [  99% ] 030/200 VUs  09m51.8s/10m00.0s

running (09m52.7s), 030/200 VUs, 3026 complete and 30 interrupted iterations
normal_day   [  99% ] 030/200 VUs  09m52.8s/10m00.0s

running (09m53.7s), 029/200 VUs, 3027 complete and 30 interrupted iterations
normal_day   [  99% ] 029/200 VUs  09m53.8s/10m00.0s

running (09m54.7s), 028/200 VUs, 3031 complete and 30 interrupted iterations
normal_day   [  99% ] 028/200 VUs  09m54.8s/10m00.0s

running (09m55.7s), 022/200 VUs, 3039 complete and 30 interrupted iterations
normal_day   [  99% ] 022/200 VUs  09m55.8s/10m00.0s

running (09m56.7s), 016/200 VUs, 3046 complete and 30 interrupted iterations
normal_day   [  99% ] 016/200 VUs  09m56.8s/10m00.0s

running (09m57.7s), 015/200 VUs, 3048 complete and 30 interrupted iterations
normal_day   [ 100% ] 015/200 VUs  09m57.8s/10m00.0s

running (09m58.7s), 014/200 VUs, 3049 complete and 30 interrupted iterations
normal_day   [ 100% ] 014/200 VUs  09m58.8s/10m00.0s

running (09m59.7s), 013/200 VUs, 3050 complete and 30 interrupted iterations
normal_day   [ 100% ] 013/200 VUs  09m59.8s/10m00.0s

running (10m00.7s), 012/200 VUs, 3051 complete and 30 interrupted iterations
normal_day ↓ [ 100% ] 013/200 VUs  10m0s

running (10m01.7s), 012/200 VUs, 3051 complete and 30 interrupted iterations
normal_day ↓ [ 100% ] 013/200 VUs  10m0s

running (10m02.7s), 009/200 VUs, 3054 complete and 30 interrupted iterations
normal_day ↓ [ 100% ] 013/200 VUs  10m0s

running (10m03.7s), 008/200 VUs, 3055 complete and 30 interrupted iterations
normal_day ↓ [ 100% ] 013/200 VUs  10m0s

running (10m04.7s), 007/200 VUs, 3056 complete and 30 interrupted iterations
normal_day ↓ [ 100% ] 013/200 VUs  10m0s

running (10m05.7s), 005/200 VUs, 3058 complete and 30 interrupted iterations
normal_day ↓ [ 100% ] 013/200 VUs  10m0s

running (10m06.7s), 005/200 VUs, 3058 complete and 30 interrupted iterations
normal_day ↓ [ 100% ] 013/200 VUs  10m0s

running (10m07.7s), 005/200 VUs, 3058 complete and 30 interrupted iterations
normal_day ↓ [ 100% ] 013/200 VUs  10m0s

running (10m08.7s), 004/200 VUs, 3059 complete and 30 interrupted iterations
normal_day ↓ [ 100% ] 013/200 VUs  10m0s

running (10m09.7s), 001/200 VUs, 3062 complete and 30 interrupted iterations
normal_day ↓ [ 100% ] 013/200 VUs  10m0s

running (10m10.7s), 001/200 VUs, 3062 complete and 30 interrupted iterations
normal_day ↓ [ 100% ] 013/200 VUs  10m0s
[32m     ✓ login 200[0m
[32m     ✓ board list 200[0m
[32m     ✓ unread count 200[0m
[32m     ✓ hot daily 200[0m
[32m     ✓ notif list 200[0m
[32m     ✓ chat rooms 200[0m
[32m     ✓ post create 2xx[0m
[32m     ✓ chat messages 200[0m
[32m     ✓ post list 200[0m
[32m     ✓ post detail 200[0m
[32m     ✓ chat read 200[0m
[32m     ✓ comment list 200[0m
[32m     ✓ comment create 2xx[0m
[32m     ✓ post search 200[0m
[32m     ✓ user info 200[0m
[32m     ✓ my posts 200[0m
[32m     ✓ friend list 200[0m
[32m     ✓ logout 200[0m
[32m     ✓ post update 200[0m
[32m     ✓ post delete 200[0m
[32m     ✓ read one 200[0m
[32m     ✓ post reaction 2xx[0m
[32m     ✓ scrap 2xx[0m
[32m     ✓ ws handshake 101[0m
[32m     ✓ meal today 200[0m
[32m     ✓ comment reaction 200[0m
[32m     ✓ read all 200[0m
[32m     ✓ timetable today 200[0m
[32m     ✓ meal month 200[0m
[32m     ✓ refresh 200[0m
[32m     ✓ received reqs 200[0m

     auth_token_refreshes[2m...........:[0m [36m28[0m      [36;2m0.045831/s[0m
     chat_ws_messages_sent[2m..........:[0m [36m948[0m     [36;2m1.551697/s[0m
     chat_ws_rtt[2m....................:[0m avg=[36m2.87s[0m   min=[36m17ms[0m    med=[36m2.52s[0m    max=[36m13.6s[0m    p(90)=[36m5.57s[0m   p(95)=[36m6.7s[0m    p(99)=[36m8.81s[0m   
     checks[2m.........................:[0m [36m100.00%[0m [36;2m✓ 13527[0m     [36;2m✗ 0[0m    
     [32m✓[0m { phase:measure }[2m............:[0m [36m100.00%[0m [36;2m✓ 7682[0m      [36;2m✗ 0[0m    
     [32m✓[0m { phase:rampdown }[2m...........:[0m [36m100.00%[0m [36;2m✓ 2700[0m      [36;2m✗ 0[0m    
     [32m✓[0m { phase:warmup }[2m.............:[0m [36m100.00%[0m [36;2m✓ 3145[0m      [36;2m✗ 0[0m    
     data_received[2m..................:[0m [36m619 MB[0m  [36;2m1.0 MB/s[0m
     data_sent[2m......................:[0m [36m5.5 MB[0m  [36;2m9.0 kB/s[0m
     http_req_blocked[2m...............:[0m avg=[36m16.88µs[0m min=[36m1.29µs[0m  med=[36m5.84µs[0m   max=[36m22.17ms[0m  p(90)=[36m10.89µs[0m p(95)=[36m15.51µs[0m p(99)=[36m268.46µs[0m
     http_req_connecting[2m............:[0m avg=[36m7.42µs[0m  min=[36m0s[0m      med=[36m0s[0m       max=[36m22ms[0m     p(90)=[36m0s[0m      p(95)=[36m0s[0m      p(99)=[36m175.88µs[0m
     http_req_duration[2m..............:[0m avg=[36m4.62s[0m   min=[36m1.96ms[0m  med=[36m4.25s[0m    max=[36m35.17s[0m   p(90)=[36m9.03s[0m   p(95)=[36m10.57s[0m  p(99)=[36m14.85s[0m  
       { expected_response:true }[2m...:[0m avg=[36m4.62s[0m   min=[36m1.96ms[0m  med=[36m4.25s[0m    max=[36m35.17s[0m   p(90)=[36m9.03s[0m   p(95)=[36m10.57s[0m  p(99)=[36m14.85s[0m  
     [32m✓[0m { feature:auth }[2m.............:[0m avg=[36m2.82s[0m   min=[36m19.68ms[0m med=[36m2.08s[0m    max=[36m12.31s[0m   p(90)=[36m6.12s[0m   p(95)=[36m7.65s[0m   p(99)=[36m10.38s[0m  
     [32m✓[0m { feature:board }[2m............:[0m avg=[36m4.4s[0m    min=[36m2.2ms[0m   med=[36m4.31s[0m    max=[36m15.35s[0m   p(90)=[36m8.44s[0m   p(95)=[36m9.68s[0m   p(99)=[36m12.08s[0m  
     [32m✓[0m { feature:chat }[2m.............:[0m avg=[36m4.52s[0m   min=[36m2.66ms[0m  med=[36m4.39s[0m    max=[36m15.36s[0m   p(90)=[36m8.61s[0m   p(95)=[36m9.69s[0m   p(99)=[36m11.08s[0m  
     [32m✓[0m { feature:comment }[2m..........:[0m avg=[36m6.07s[0m   min=[36m2.34ms[0m  med=[36m5.3s[0m     max=[36m35.17s[0m   p(90)=[36m12.5s[0m   p(95)=[36m14.97s[0m  p(99)=[36m18.6s[0m   
     [32m✓[0m { feature:friend }[2m...........:[0m avg=[36m4.63s[0m   min=[36m2.44ms[0m  med=[36m4.24s[0m    max=[36m17.71s[0m   p(90)=[36m8.91s[0m   p(95)=[36m9.76s[0m   p(99)=[36m11.89s[0m  
     [32m✓[0m { feature:hot }[2m..............:[0m avg=[36m4.56s[0m   min=[36m9.7ms[0m   med=[36m4.43s[0m    max=[36m15.96s[0m   p(90)=[36m8.63s[0m   p(95)=[36m9.99s[0m   p(99)=[36m12.53s[0m  
     [32m✓[0m { feature:mypage }[2m...........:[0m avg=[36m4.93s[0m   min=[36m2.46ms[0m  med=[36m4.64s[0m    max=[36m17.65s[0m   p(90)=[36m8.91s[0m   p(95)=[36m10.12s[0m  p(99)=[36m12.77s[0m  
     [32m✓[0m { feature:notification }[2m.....:[0m avg=[36m4.73s[0m   min=[36m2.71ms[0m  med=[36m4.53s[0m    max=[36m14.48s[0m   p(90)=[36m8.93s[0m   p(95)=[36m9.95s[0m   p(99)=[36m12.6s[0m   
     [32m✓[0m { feature:post }[2m.............:[0m avg=[36m4.2s[0m    min=[36m1.96ms[0m  med=[36m3.82s[0m    max=[36m18.4s[0m    p(90)=[36m8.36s[0m   p(95)=[36m9.68s[0m   p(99)=[36m11.7s[0m   
     [32m✓[0m { feature:reaction }[2m.........:[0m avg=[36m4.32s[0m   min=[36m20.06ms[0m med=[36m4.39s[0m    max=[36m13.01s[0m   p(90)=[36m7.86s[0m   p(95)=[36m9.14s[0m   p(99)=[36m11.01s[0m  
     [32m✓[0m { feature:school }[2m...........:[0m avg=[36m4.1s[0m    min=[36m3.03ms[0m  med=[36m3.44s[0m    max=[36m19.38s[0m   p(90)=[36m8.07s[0m   p(95)=[36m10.58s[0m  p(99)=[36m11.2s[0m   
     [32m✓[0m { feature:scrap }[2m............:[0m avg=[36m4.84s[0m   min=[36m61ms[0m    med=[36m4.8s[0m     max=[36m12.2s[0m    p(90)=[36m8.8s[0m    p(95)=[36m9.43s[0m   p(99)=[36m10.45s[0m  
     [32m✓[0m { feature:timetable }[2m........:[0m avg=[36m4.46s[0m   min=[36m2.68ms[0m  med=[36m4.05s[0m    max=[36m10.8s[0m    p(90)=[36m8.8s[0m    p(95)=[36m9.71s[0m   p(99)=[36m10.57s[0m  
     [32m✓[0m { op:auth }[2m..................:[0m avg=[36m2.82s[0m   min=[36m19.68ms[0m med=[36m2.08s[0m    max=[36m12.31s[0m   p(90)=[36m6.12s[0m   p(95)=[36m7.65s[0m   p(99)=[36m10.38s[0m  
     [31m✗[0m { op:read,phase:measure }[2m....:[0m avg=[36m5.56s[0m   min=[36m2.58ms[0m  med=[36m5.21s[0m    max=[36m22.59s[0m   p(90)=[36m9.57s[0m   p(95)=[36m10.96s[0m  p(99)=[36m15.12s[0m  
     [31m✗[0m { op:write,phase:measure }[2m...:[0m avg=[36m5.99s[0m   min=[36m54.78ms[0m med=[36m5.81s[0m    max=[36m15.36s[0m   p(90)=[36m9.71s[0m   p(95)=[36m10.96s[0m  p(99)=[36m12.93s[0m  
     [32m✓[0m { page:0 }[2m...................:[0m avg=[36m3.08s[0m   min=[36m2.24ms[0m  med=[36m2.7s[0m     max=[36m12.71s[0m   p(90)=[36m6.49s[0m   p(95)=[36m7.71s[0m   p(99)=[36m10.4s[0m   
     [32m✓[0m { page:1 }[2m...................:[0m avg=[36m2.94s[0m   min=[36m2.24ms[0m  med=[36m2.48s[0m    max=[36m11.22s[0m   p(90)=[36m6.93s[0m   p(95)=[36m8.05s[0m   p(99)=[36m9.85s[0m   
     [32m✓[0m { page:2 }[2m...................:[0m avg=[36m3.2s[0m    min=[36m2.7ms[0m   med=[36m2.74s[0m    max=[36m12.13s[0m   p(90)=[36m6.7s[0m    p(95)=[36m8.58s[0m   p(99)=[36m10.45s[0m  
     [32m✓[0m { page:3 }[2m...................:[0m avg=[36m3s[0m      min=[36m1.96ms[0m  med=[36m2.54s[0m    max=[36m8.7s[0m     p(90)=[36m6.08s[0m   p(95)=[36m7.49s[0m   p(99)=[36m8.61s[0m   
     [32m✓[0m { page:4 }[2m...................:[0m avg=[36m3.01s[0m   min=[36m2.05ms[0m  med=[36m2.22s[0m    max=[36m10.43s[0m   p(90)=[36m7.03s[0m   p(95)=[36m8.94s[0m   p(99)=[36m10.31s[0m  
     [32m✓[0m { phase:measure }[2m............:[0m avg=[36m5.58s[0m   min=[36m2.58ms[0m  med=[36m5.25s[0m    max=[36m22.59s[0m   p(90)=[36m9.59s[0m   p(95)=[36m10.94s[0m  p(99)=[36m14.98s[0m  
     [32m✓[0m { phase:rampdown }[2m...........:[0m avg=[36m3.17s[0m   min=[36m1.96ms[0m  med=[36m2.61s[0m    max=[36m18.8s[0m    p(90)=[36m7.19s[0m   p(95)=[36m8.5s[0m    p(99)=[36m12.59s[0m  
     [32m✓[0m { phase:warmup }[2m.............:[0m avg=[36m3.5s[0m    min=[36m2.66ms[0m  med=[36m2.39s[0m    max=[36m35.17s[0m   p(90)=[36m8.53s[0m   p(95)=[36m10.35s[0m  p(99)=[36m15.17s[0m  
     http_req_failed[2m................:[0m [36m0.00%[0m   [36;2m✓ 0[0m         [36;2m✗ 13373[0m
     [32m✓[0m { phase:measure }[2m............:[0m [36m0.00%[0m   [36;2m✓ 0[0m         [36;2m✗ 7606[0m 
     [32m✓[0m { phase:rampdown }[2m...........:[0m [36m0.00%[0m   [36;2m✓ 0[0m         [36;2m✗ 2535[0m 
     [32m✓[0m { phase:warmup }[2m.............:[0m [36m0.00%[0m   [36;2m✓ 0[0m         [36;2m✗ 3232[0m 
     http_req_receiving[2m.............:[0m avg=[36m1.78ms[0m  min=[36m13.88µs[0m med=[36m230.32µs[0m max=[36m218.04ms[0m p(90)=[36m1.09ms[0m  p(95)=[36m4.01ms[0m  p(99)=[36m64.77ms[0m 
     http_req_sending[2m...............:[0m avg=[36m41.43µs[0m min=[36m4.91µs[0m  med=[36m30.25µs[0m  max=[36m26.57ms[0m  p(90)=[36m68.35µs[0m p(95)=[36m87.05µs[0m p(99)=[36m171.26µs[0m
     http_req_tls_handshaking[2m.......:[0m avg=[36m0s[0m      min=[36m0s[0m      med=[36m0s[0m       max=[36m0s[0m       p(90)=[36m0s[0m      p(95)=[36m0s[0m      p(99)=[36m0s[0m      
     http_req_waiting[2m...............:[0m avg=[36m4.62s[0m   min=[36m1.8ms[0m   med=[36m4.25s[0m    max=[36m35.07s[0m   p(90)=[36m9.03s[0m   p(95)=[36m10.57s[0m  p(99)=[36m14.81s[0m  
     http_reqs[2m......................:[0m [36m13373[0m   [36;2m21.889076/s[0m
     [32m✓[0m { feature:auth }[2m.............:[0m [36m302[0m     [36;2m0.494317/s[0m
     [32m✓[0m { feature:board }[2m............:[0m [36m1245[0m    [36;2m2.03783/s[0m
     [32m✓[0m { feature:chat }[2m.............:[0m [36m939[0m     [36;2m1.536966/s[0m
     [32m✓[0m { feature:comment }[2m..........:[0m [36m2395[0m    [36;2m3.920163/s[0m
     [32m✓[0m { feature:friend }[2m...........:[0m [36m203[0m     [36;2m0.332273/s[0m
     [32m✓[0m { feature:hot }[2m..............:[0m [36m1245[0m    [36;2m2.03783/s[0m
     [32m✓[0m { feature:mypage }[2m...........:[0m [36m176[0m     [36;2m0.288079/s[0m
     [32m✓[0m { feature:notification }[2m.....:[0m [36m550[0m     [36;2m0.900246/s[0m
     [32m✓[0m { feature:post }[2m.............:[0m [36m5782[0m    [36;2m9.464042/s[0m
     [32m✓[0m { feature:reaction }[2m.........:[0m [36m264[0m     [36;2m0.432118/s[0m
     [32m✓[0m { feature:school }[2m...........:[0m [36m106[0m     [36;2m0.173502/s[0m
     [32m✓[0m { feature:scrap }[2m............:[0m [36m76[0m      [36;2m0.124398/s[0m
     [32m✓[0m { feature:timetable }[2m........:[0m [36m90[0m      [36;2m0.147313/s[0m
     [32m✓[0m { op:auth }[2m..................:[0m [36m302[0m     [36;2m0.494317/s[0m
     [32m✓[0m { op:read }[2m..................:[0m [36m12069[0m   [36;2m19.754674/s[0m
     [32m✓[0m { op:write }[2m.................:[0m [36m1002[0m    [36;2m1.640085/s[0m
     [32m✓[0m { page:0 }[2m...................:[0m [36m696[0m     [36;2m1.139221/s[0m
     [32m✓[0m { page:1 }[2m...................:[0m [36m243[0m     [36;2m0.397745/s[0m
     [32m✓[0m { page:2 }[2m...................:[0m [36m131[0m     [36;2m0.214422/s[0m
     [32m✓[0m { page:3 }[2m...................:[0m [36m104[0m     [36;2m0.170228/s[0m
     [32m✓[0m { page:4 }[2m...................:[0m [36m71[0m      [36;2m0.116214/s[0m
     [32m✓[0m { phase:measure }[2m............:[0m [36m7606[0m    [36;2m12.449586/s[0m
     [32m✓[0m { phase:rampdown }[2m...........:[0m [36m2535[0m    [36;2m4.149316/s[0m
     [32m✓[0m { phase:warmup }[2m.............:[0m [36m3232[0m    [36;2m5.290174/s[0m
     iteration_duration[2m.............:[0m avg=[36m29.76s[0m  min=[36m1.02s[0m   med=[36m21.86s[0m   max=[36m1m43s[0m    p(90)=[36m1m4s[0m    p(95)=[36m1m14s[0m   p(99)=[36m1m25s[0m   
     iterations[2m.....................:[0m [36m3063[0m    [36;2m5.013553/s[0m
     [32m✓[0m { phase:measure }[2m............:[0m [36m0[0m       [36;2m0/s[0m
     [32m✓[0m { phase:rampdown }[2m...........:[0m [36m0[0m       [36;2m0/s[0m
     [32m✓[0m { phase:warmup }[2m.............:[0m [36m0[0m       [36;2m0/s[0m
     phase_iterations[2m...............:[0m [36m3063[0m    [36;2m5.013553/s[0m
     [32m✓[0m { phase:measure }[2m............:[0m [36m1786[0m    [36;2m2.923345/s[0m
     [32m✓[0m { phase:rampdown }[2m...........:[0m [36m661[0m     [36;2m1.081932/s[0m
     [32m✓[0m { phase:warmup }[2m.............:[0m [36m616[0m     [36;2m1.008276/s[0m
     vus[2m............................:[0m [36m1[0m       [36;2mmin=0[0m       [36;2mmax=200[0m
     vus_max[2m........................:[0m [36m200[0m     [36;2mmin=200[0m     [36;2mmax=200[0m
     ws_connecting[2m..................:[0m avg=[36m3.9s[0m    min=[36m2.75ms[0m  med=[36m3.35s[0m    max=[36m11.1s[0m    p(90)=[36m7.53s[0m   p(95)=[36m9.12s[0m   p(99)=[36m10.19s[0m  
     ws_msgs_received[2m...............:[0m [36m967[0m     [36;2m1.582796/s[0m
     ws_msgs_sent[2m...................:[0m [36m1260[0m    [36;2m2.062382/s[0m
     ws_session_duration[2m............:[0m avg=[36m26.76s[0m  min=[36m15.27s[0m  med=[36m27.1s[0m    max=[36m40.13s[0m   p(90)=[36m32.65s[0m  p(95)=[36m33.38s[0m  p(99)=[36m37.78s[0m  
     ws_sessions[2m....................:[0m [36m156[0m     [36;2m0.255343/s[0m
running (10m10.9s), 000/200 VUs, 3063 complete and 30 interrupted iterations
normal_day ✓ [ 100% ] 000/200 VUs  10m0s
time="2026-08-19T14:20:01Z" level=error msg="thresholds on metrics 'http_req_duration{op:read,phase:measure}, http_req_duration{op:write,phase:measure}' have been crossed"
  호스트(Windows) 121표본 · CPU 33.7% (max 51.0) · 주파수 112.2% (min 72.9) · 대기스레드 22.79 · 가용메모리 3208MB
  부하 중 벤치(warmup +60초, 3회 중앙값) · single 6965ms (유휴 대비 19.0%) · parallel 5308ms (유휴 대비 -17.0%) · ctxswitch 2856ms (유휴 대비 12.3%)

⚠ k6 종료 코드 99 (threshold 미달 가능) — 수집은 계속합니다.


  실행 후 상태 sha256:2abbd31c7982 — chat_messages.maxId +948, chat_messages.count +942, posts.maxId +153, comments.count +137, comments.maxId +137 (외 13개)
    (지문 제외 항목: posts.sumViewCount +3546, daily_hot_post.count +51)
Prometheus 스크레이프 대기 20초...

══════════════════════════════════════════════════════════════════════════
  Performance Report — normal-day   Run #100   ❌ FAIL
══════════════════════════════════════════════════════════════════════════
  환경 perf  |  브랜치 personal/localdocs  |  커밋 3e96d946  |  빌드 local
  시작 2026-08-19 23:09:50 KST  |  수행 10m 11s  |  VU max 200
  데이터셋 medium  |  부하 ramping-vus 0→200@3m0s→200@5m0s→0@2m0s

  ── 성능 (measure 구간) ─────────────────────────────────────────
  평균 5.59s     P95 10.94s    P99 14.99s   
  RPS  25.4      TPS 5.95      오류율 0.00%

  ── 인프라 ────────────────────────────────────────────────────────
  CPU  2.00 core (한계의 100%)   throttled 99.8%
  Heap 713 MB (70%)   GC max 206ms × 119회
  DB   slow 1,111  QPS 7,199  풀 100%  대기 195
  Redis hit 98.5%  ops 148.5/s  evicted 0

  ── 회귀 (기준: normal-day-2026-08-19T14-07-02) ────────────────
  ⚠  기준선은 당시 k6 threshold 미통과 실행입니다, 당시 Node 판정 FAIL.
     아래 증감률은 개선/악화 폭이며 현재 SLO 통과를 뜻하지 않습니다.
  ❌ P95 응답시간                   10.09s → 10.94s (+8.4%)
       10944 > 상한 500
  ❌ P99 응답시간                   14.00s → 14.99s (+7.1%)
       14985 > 상한 1200
  ⚠️  평균 응답시간                    5.02s → 5.59s (+11.3%)
       직전 대비 +11.3% 악화 (경고 10%)
  ❌ CPU 포화도 (한계 대비 최대)         100.1% → 100.1% (-0.1%)
       100 > 상한 95.00
  ❌ CPU throttling 비율          99.6% → 99.8% (+0.2%)
       99.83 > 상한 10.00
  ⚠️  GC 최대 정지시간                 997ms → 206ms (-79.3%)
       206 > 상한 200
  ❌ HikariCP 포화도               100.0% → 100.0% (0.0%)
       100 > 상한 95.00
  ❌ HikariCP 대기 스레드 최대         172 → 195 (+13.4%)
       195 > 상한 5.00
  ❌ 커넥션 획득 p95                 5.38s → 6.83s (+26.8%)
       6828 > 상한 100

  ── 병목 가설 ─────────────────────────────────────────────────────
  • CPU throttling 발생
    cgroup이 CPU를 강제 회수한 주기가 99.8%다. CPU 한계(2 core)를 올리거나 요청당 CPU 사용을 줄여야 p99가 안정된다.
  • DB 커넥션 풀 대기 발생
    최대 195개 스레드가 커넥션을 기다렸다. 풀 크기(10)가 동시성 대비 부족하거나, 커넥션 보유 시간이 긴 쿼리가 있다.
  • DB 커넥션 풀 포화
    풀 사용률이 100%까지 올라갔다. 여유가 거의 없어 부하가 조금만 늘어도 대기가 생긴다.
  • CPU 포화
    CPU 사용이 한계의 100%에 도달했다.

  보고서 : reports\runs\normal-day-2026-08-19T14-20-01\report.html
  Grafana(전체 실행): http://localhost:3001/d/htd-perf-overview/highteenday-performance-overview?from=1787148470690&to=1787149321635
  Grafana(measure) : http://localhost:3001/d/htd-perf-overview/highteenday-performance-overview?from=1787148650690&to=1787149190690
══════════════════════════════════════════════════════════════════════════

게이트 회귀 감지 — 기준을 넘은 지표가 있습니다.
  [2/3] p95 10944.4ms · 평균 5588.6ms · 서버측 5505.2ms · 경로 83.4ms

──────── [3/3] 리셋 (restart) ────────

▶ k6 run scenarios/normal-day.js
  브랜치 personal/localdocs · 커밋 3e96d9463207 · 실행자 user@DESKTOP-DJJPASG
  환경 perf · "레벨 시계열 세트 #1 — 실험 10 — repeatability 3/3"
  데이터셋 medium · 상태 sha256:2abbd31c7982 (166ms)
  캐시 warm (키 1개)
  guard strict — 상태 불일치 시 스냅샷 복원 후 재확인 [perf.config.json]
  ⚠ 스냅샷과 상태가 다릅니다 — chat_messages.maxId +948, chat_messages.count +942, posts.maxId +153, comments.count +137, comments.maxId +137 (외 13개)
    guard=strict — 스냅샷으로 복원합니다.
▶ 복원 — medium-20260816-062210 → perf-mysql-data-medium
  앱·MySQL 정지
  MySQL 기동
  Redis FLUSHALL (복원 후 캐시는 cold 다)
  앱 기동
  복원 후 상태 지문 sha256:ffe696d17416 = 스냅샷 일치

✅ 복원 완료 · 소요 4.9초 (압축 해제 구간)

  부하 발생기: 컨테이너 perf-k6 (grafana/k6:2.1.0, CPU 상한 4)
  k6 지표 전송: http://prometheus:9090/api/v1/write (native histogram, 5s 간격)
  환경 대조 벤치 실행 중(3축 3회, 약 40초)... single 5796ms · parallel 5364ms · ctxswitch 2524ms
  부하 중 벤치 예약: k6 시작 +60초 (warmup 구간, 3회)
time="2026-08-19T14:22:49Z" level=warning msg="Legacy env var detected, use --features or K6_FEATURES instead" env=K6_PROMETHEUS_RW_TREND_AS_NATIVE_HISTOGRAM feature=native-histograms lifecycle=deprecated_alias source=env_legacy_alias
time="2026-08-19T14:22:49Z" level=info msg="Experimental feature enabled" feature=native-histograms lifecycle=experimental

         /\      Grafana   /‾‾/  
    /\  /  \     |\  __   /  /   
   /  \/    \    | |/ /  /   ‾‾\ 
  /          \   |   (  |  (‾)  |
 / __________ \  |_|\_\  \_____/ 


     execution: local
        script: scenarios/normal-day.js
        output: Prometheus remote write (http://prometheus:9090/api/v1/write)

     scenarios: (100.00%) 1 scenario, 200 max VUs, 10m30s max duration (incl. graceful stop):
              * normal_day: Up to 200 looping VUs for 10m0s over 3 stages (gracefulRampDown: 30s, gracefulStop: 30s)


running (00m00.8s), 000/200 VUs, 0 complete and 0 interrupted iterations
normal_day   [   0% ] 000/200 VUs  00m00.8s/10m00.0s

running (00m01.8s), 001/200 VUs, 0 complete and 0 interrupted iterations
normal_day   [   0% ] 001/200 VUs  00m01.8s/10m00.0s

running (00m02.8s), 003/200 VUs, 0 complete and 0 interrupted iterations
normal_day   [   0% ] 003/200 VUs  00m02.8s/10m00.0s

running (00m03.8s), 004/200 VUs, 0 complete and 0 interrupted iterations
normal_day   [   1% ] 004/200 VUs  00m03.8s/10m00.0s

running (00m04.8s), 005/200 VUs, 1 complete and 0 interrupted iterations
normal_day   [   1% ] 005/200 VUs  00m04.8s/10m00.0s

running (00m05.8s), 006/200 VUs, 1 complete and 0 interrupted iterations
normal_day   [   1% ] 006/200 VUs  00m05.8s/10m00.0s

running (00m06.8s), 007/200 VUs, 1 complete and 0 interrupted iterations
normal_day   [   1% ] 007/200 VUs  00m06.8s/10m00.0s

running (00m07.8s), 008/200 VUs, 1 complete and 0 interrupted iterations
normal_day   [   1% ] 008/200 VUs  00m07.8s/10m00.0s

running (00m08.8s), 009/200 VUs, 2 complete and 0 interrupted iterations
normal_day   [   1% ] 009/200 VUs  00m08.8s/10m00.0s

running (00m09.8s), 010/200 VUs, 2 complete and 0 interrupted iterations
normal_day   [   2% ] 010/200 VUs  00m09.8s/10m00.0s

running (00m10.8s), 011/200 VUs, 4 complete and 0 interrupted iterations
normal_day   [   2% ] 011/200 VUs  00m10.8s/10m00.0s

running (00m11.8s), 013/200 VUs, 6 complete and 0 interrupted iterations
normal_day   [   2% ] 013/200 VUs  00m11.8s/10m00.0s

running (00m12.8s), 014/200 VUs, 8 complete and 0 interrupted iterations
normal_day   [   2% ] 014/200 VUs  00m12.8s/10m00.0s

running (00m13.8s), 015/200 VUs, 11 complete and 0 interrupted iterations
normal_day   [   2% ] 015/200 VUs  00m13.8s/10m00.0s

running (00m14.8s), 016/200 VUs, 12 complete and 0 interrupted iterations
normal_day   [   2% ] 016/200 VUs  00m14.8s/10m00.0s

running (00m15.8s), 017/200 VUs, 15 complete and 0 interrupted iterations
normal_day   [   3% ] 017/200 VUs  00m15.8s/10m00.0s

running (00m16.8s), 018/200 VUs, 15 complete and 0 interrupted iterations
normal_day   [   3% ] 018/200 VUs  00m16.8s/10m00.0s

running (00m17.8s), 019/200 VUs, 19 complete and 0 interrupted iterations
normal_day   [   3% ] 019/200 VUs  00m17.8s/10m00.0s

running (00m18.8s), 020/200 VUs, 20 complete and 0 interrupted iterations
normal_day   [   3% ] 020/200 VUs  00m18.8s/10m00.0s

running (00m19.8s), 021/200 VUs, 21 complete and 0 interrupted iterations
normal_day   [   3% ] 021/200 VUs  00m19.8s/10m00.0s

running (00m20.8s), 023/200 VUs, 23 complete and 0 interrupted iterations
normal_day   [   3% ] 023/200 VUs  00m20.8s/10m00.0s

running (00m21.8s), 024/200 VUs, 23 complete and 0 interrupted iterations
normal_day   [   4% ] 024/200 VUs  00m21.8s/10m00.0s

running (00m22.8s), 025/200 VUs, 23 complete and 0 interrupted iterations
normal_day   [   4% ] 025/200 VUs  00m22.8s/10m00.0s

running (00m23.8s), 026/200 VUs, 25 complete and 0 interrupted iterations
normal_day   [   4% ] 026/200 VUs  00m23.8s/10m00.0s

running (00m24.8s), 027/200 VUs, 26 complete and 0 interrupted iterations
normal_day   [   4% ] 027/200 VUs  00m24.8s/10m00.0s

running (00m25.8s), 028/200 VUs, 27 complete and 0 interrupted iterations
normal_day   [   4% ] 028/200 VUs  00m25.8s/10m00.0s

running (00m26.8s), 029/200 VUs, 29 complete and 0 interrupted iterations
normal_day   [   4% ] 029/200 VUs  00m26.8s/10m00.0s

running (00m27.8s), 030/200 VUs, 31 complete and 0 interrupted iterations
normal_day   [   5% ] 030/200 VUs  00m27.8s/10m00.0s

running (00m28.8s), 031/200 VUs, 33 complete and 0 interrupted iterations
normal_day   [   5% ] 031/200 VUs  00m28.8s/10m00.0s

running (00m29.8s), 033/200 VUs, 37 complete and 0 interrupted iterations
normal_day   [   5% ] 033/200 VUs  00m29.8s/10m00.0s

running (00m30.8s), 034/200 VUs, 38 complete and 0 interrupted iterations
normal_day   [   5% ] 034/200 VUs  00m30.8s/10m00.0s

running (00m31.8s), 035/200 VUs, 40 complete and 0 interrupted iterations
normal_day   [   5% ] 035/200 VUs  00m31.8s/10m00.0s

running (00m32.8s), 036/200 VUs, 42 complete and 0 interrupted iterations
normal_day   [   5% ] 036/200 VUs  00m32.8s/10m00.0s

running (00m33.8s), 037/200 VUs, 42 complete and 0 interrupted iterations
normal_day   [   6% ] 037/200 VUs  00m33.8s/10m00.0s

running (00m34.8s), 038/200 VUs, 46 complete and 0 interrupted iterations
normal_day   [   6% ] 038/200 VUs  00m34.8s/10m00.0s

running (00m35.8s), 039/200 VUs, 48 complete and 0 interrupted iterations
normal_day   [   6% ] 039/200 VUs  00m35.8s/10m00.0s

running (00m36.8s), 040/200 VUs, 51 complete and 0 interrupted iterations
normal_day   [   6% ] 040/200 VUs  00m36.8s/10m00.0s

running (00m37.8s), 041/200 VUs, 55 complete and 0 interrupted iterations
normal_day   [   6% ] 041/200 VUs  00m37.8s/10m00.0s

running (00m38.8s), 043/200 VUs, 56 complete and 0 interrupted iterations
normal_day   [   6% ] 043/200 VUs  00m38.8s/10m00.0s

running (00m39.8s), 044/200 VUs, 60 complete and 0 interrupted iterations
normal_day   [   7% ] 044/200 VUs  00m39.8s/10m00.0s

running (00m40.8s), 045/200 VUs, 68 complete and 0 interrupted iterations
normal_day   [   7% ] 045/200 VUs  00m40.8s/10m00.0s

running (00m41.8s), 046/200 VUs, 70 complete and 0 interrupted iterations
normal_day   [   7% ] 046/200 VUs  00m41.8s/10m00.0s

running (00m42.8s), 047/200 VUs, 73 complete and 0 interrupted iterations
normal_day   [   7% ] 047/200 VUs  00m42.8s/10m00.0s

running (00m43.8s), 048/200 VUs, 76 complete and 0 interrupted iterations
normal_day   [   7% ] 048/200 VUs  00m43.8s/10m00.0s

running (00m44.8s), 049/200 VUs, 78 complete and 0 interrupted iterations
normal_day   [   7% ] 049/200 VUs  00m44.8s/10m00.0s

running (00m45.8s), 050/200 VUs, 86 complete and 0 interrupted iterations
normal_day   [   8% ] 050/200 VUs  00m45.8s/10m00.0s

running (00m46.8s), 051/200 VUs, 93 complete and 0 interrupted iterations
normal_day   [   8% ] 051/200 VUs  00m46.8s/10m00.0s

running (00m47.8s), 053/200 VUs, 94 complete and 0 interrupted iterations
normal_day   [   8% ] 053/200 VUs  00m47.8s/10m00.0s

running (00m48.8s), 054/200 VUs, 99 complete and 0 interrupted iterations
normal_day   [   8% ] 054/200 VUs  00m48.8s/10m00.0s

running (00m49.8s), 055/200 VUs, 102 complete and 0 interrupted iterations
normal_day   [   8% ] 055/200 VUs  00m49.8s/10m00.0s

running (00m50.8s), 056/200 VUs, 108 complete and 0 interrupted iterations
normal_day   [   8% ] 056/200 VUs  00m50.8s/10m00.0s

running (00m51.8s), 057/200 VUs, 119 complete and 0 interrupted iterations
normal_day   [   9% ] 057/200 VUs  00m51.8s/10m00.0s

running (00m52.8s), 058/200 VUs, 124 complete and 0 interrupted iterations
normal_day   [   9% ] 058/200 VUs  00m52.8s/10m00.0s

running (00m53.8s), 059/200 VUs, 127 complete and 0 interrupted iterations
normal_day   [   9% ] 059/200 VUs  00m53.8s/10m00.0s

running (00m54.8s), 060/200 VUs, 133 complete and 0 interrupted iterations
normal_day   [   9% ] 060/200 VUs  00m54.8s/10m00.0s

running (00m55.8s), 061/200 VUs, 140 complete and 0 interrupted iterations
normal_day   [   9% ] 061/200 VUs  00m55.8s/10m00.0s

running (00m56.8s), 063/200 VUs, 143 complete and 0 interrupted iterations
normal_day   [   9% ] 063/200 VUs  00m56.8s/10m00.0s

running (00m57.8s), 064/200 VUs, 149 complete and 0 interrupted iterations
normal_day   [  10% ] 064/200 VUs  00m57.8s/10m00.0s

running (00m58.8s), 065/200 VUs, 152 complete and 0 interrupted iterations
normal_day   [  10% ] 065/200 VUs  00m58.8s/10m00.0s

running (00m59.8s), 066/200 VUs, 152 complete and 0 interrupted iterations
normal_day   [  10% ] 066/200 VUs  00m59.8s/10m00.0s

running (01m00.8s), 067/200 VUs, 160 complete and 0 interrupted iterations
normal_day   [  10% ] 067/200 VUs  01m00.8s/10m00.0s

running (01m01.8s), 068/200 VUs, 162 complete and 0 interrupted iterations
normal_day   [  10% ] 068/200 VUs  01m01.8s/10m00.0s

running (01m02.8s), 069/200 VUs, 166 complete and 0 interrupted iterations
normal_day   [  10% ] 069/200 VUs  01m02.8s/10m00.0s

running (01m03.8s), 070/200 VUs, 176 complete and 0 interrupted iterations
normal_day   [  11% ] 070/200 VUs  01m03.8s/10m00.0s

running (01m04.8s), 071/200 VUs, 180 complete and 0 interrupted iterations
normal_day   [  11% ] 071/200 VUs  01m04.8s/10m00.0s

running (01m05.8s), 073/200 VUs, 186 complete and 0 interrupted iterations
normal_day   [  11% ] 073/200 VUs  01m05.8s/10m00.0s

running (01m06.8s), 074/200 VUs, 189 complete and 0 interrupted iterations
normal_day   [  11% ] 074/200 VUs  01m06.8s/10m00.0s

running (01m07.8s), 075/200 VUs, 189 complete and 0 interrupted iterations
normal_day   [  11% ] 075/200 VUs  01m07.8s/10m00.0s

running (01m08.8s), 076/200 VUs, 194 complete and 0 interrupted iterations
normal_day   [  11% ] 076/200 VUs  01m08.8s/10m00.0s

running (01m09.8s), 077/200 VUs, 198 complete and 0 interrupted iterations
normal_day   [  12% ] 077/200 VUs  01m09.8s/10m00.0s

running (01m10.8s), 078/200 VUs, 202 complete and 0 interrupted iterations
normal_day   [  12% ] 078/200 VUs  01m10.8s/10m00.0s

running (01m11.8s), 079/200 VUs, 204 complete and 0 interrupted iterations
normal_day   [  12% ] 079/200 VUs  01m11.8s/10m00.0s

running (01m12.8s), 080/200 VUs, 208 complete and 0 interrupted iterations
normal_day   [  12% ] 080/200 VUs  01m12.8s/10m00.0s

running (01m13.8s), 081/200 VUs, 212 complete and 0 interrupted iterations
normal_day   [  12% ] 081/200 VUs  01m13.8s/10m00.0s

running (01m14.8s), 083/200 VUs, 217 complete and 0 interrupted iterations
normal_day   [  12% ] 083/200 VUs  01m14.8s/10m00.0s

running (01m15.8s), 084/200 VUs, 225 complete and 0 interrupted iterations
normal_day   [  13% ] 084/200 VUs  01m15.8s/10m00.0s

running (01m16.8s), 085/200 VUs, 228 complete and 0 interrupted iterations
normal_day   [  13% ] 085/200 VUs  01m16.8s/10m00.0s

running (01m17.8s), 086/200 VUs, 230 complete and 0 interrupted iterations
normal_day   [  13% ] 086/200 VUs  01m17.8s/10m00.0s

running (01m18.8s), 087/200 VUs, 233 complete and 0 interrupted iterations
normal_day   [  13% ] 087/200 VUs  01m18.8s/10m00.0s

running (01m19.8s), 088/200 VUs, 235 complete and 0 interrupted iterations
normal_day   [  13% ] 088/200 VUs  01m19.8s/10m00.0s

running (01m20.8s), 089/200 VUs, 237 complete and 0 interrupted iterations
normal_day   [  13% ] 089/200 VUs  01m20.8s/10m00.0s

running (01m21.8s), 090/200 VUs, 243 complete and 0 interrupted iterations
normal_day   [  14% ] 090/200 VUs  01m21.8s/10m00.0s

running (01m22.8s), 091/200 VUs, 248 complete and 0 interrupted iterations
normal_day   [  14% ] 091/200 VUs  01m22.8s/10m00.0s

running (01m23.8s), 093/200 VUs, 250 complete and 0 interrupted iterations
normal_day   [  14% ] 093/200 VUs  01m23.8s/10m00.0s

running (01m24.8s), 094/200 VUs, 254 complete and 0 interrupted iterations
normal_day   [  14% ] 094/200 VUs  01m24.8s/10m00.0s

running (01m25.8s), 095/200 VUs, 258 complete and 0 interrupted iterations
normal_day   [  14% ] 095/200 VUs  01m25.8s/10m00.0s

running (01m26.8s), 096/200 VUs, 263 complete and 0 interrupted iterations
normal_day   [  14% ] 096/200 VUs  01m26.8s/10m00.0s

running (01m27.8s), 097/200 VUs, 269 complete and 0 interrupted iterations
normal_day   [  15% ] 097/200 VUs  01m27.8s/10m00.0s

running (01m28.8s), 098/200 VUs, 273 complete and 0 interrupted iterations
normal_day   [  15% ] 098/200 VUs  01m28.8s/10m00.0s

running (01m29.8s), 099/200 VUs, 280 complete and 0 interrupted iterations
normal_day   [  15% ] 099/200 VUs  01m29.8s/10m00.0s

running (01m30.8s), 100/200 VUs, 287 complete and 0 interrupted iterations
normal_day   [  15% ] 100/200 VUs  01m30.8s/10m00.0s

running (01m31.8s), 101/200 VUs, 291 complete and 0 interrupted iterations
normal_day   [  15% ] 101/200 VUs  01m31.8s/10m00.0s

running (01m32.8s), 103/200 VUs, 299 complete and 0 interrupted iterations
normal_day   [  15% ] 103/200 VUs  01m32.8s/10m00.0s

running (01m33.8s), 104/200 VUs, 308 complete and 0 interrupted iterations
normal_day   [  16% ] 104/200 VUs  01m33.8s/10m00.0s

running (01m34.8s), 105/200 VUs, 313 complete and 0 interrupted iterations
normal_day   [  16% ] 105/200 VUs  01m34.8s/10m00.0s

running (01m35.8s), 106/200 VUs, 317 complete and 0 interrupted iterations
normal_day   [  16% ] 106/200 VUs  01m35.8s/10m00.0s

running (01m36.8s), 107/200 VUs, 325 complete and 0 interrupted iterations
normal_day   [  16% ] 107/200 VUs  01m36.8s/10m00.0s

running (01m37.8s), 108/200 VUs, 334 complete and 0 interrupted iterations
normal_day   [  16% ] 108/200 VUs  01m37.8s/10m00.0s

running (01m38.8s), 109/200 VUs, 344 complete and 0 interrupted iterations
normal_day   [  16% ] 109/200 VUs  01m38.8s/10m00.0s

running (01m39.8s), 110/200 VUs, 350 complete and 0 interrupted iterations
normal_day   [  17% ] 110/200 VUs  01m39.8s/10m00.0s

running (01m40.8s), 111/200 VUs, 359 complete and 0 interrupted iterations
normal_day   [  17% ] 111/200 VUs  01m40.8s/10m00.0s

running (01m41.8s), 113/200 VUs, 364 complete and 0 interrupted iterations
normal_day   [  17% ] 113/200 VUs  01m41.8s/10m00.0s

running (01m42.8s), 114/200 VUs, 370 complete and 0 interrupted iterations
normal_day   [  17% ] 114/200 VUs  01m42.8s/10m00.0s

running (01m43.8s), 115/200 VUs, 375 complete and 0 interrupted iterations
normal_day   [  17% ] 115/200 VUs  01m43.8s/10m00.0s

running (01m44.8s), 116/200 VUs, 384 complete and 0 interrupted iterations
normal_day   [  17% ] 116/200 VUs  01m44.8s/10m00.0s

running (01m45.8s), 117/200 VUs, 393 complete and 0 interrupted iterations
normal_day   [  18% ] 117/200 VUs  01m45.8s/10m00.0s

running (01m46.8s), 118/200 VUs, 398 complete and 0 interrupted iterations
normal_day   [  18% ] 118/200 VUs  01m46.8s/10m00.0s

running (01m47.8s), 119/200 VUs, 403 complete and 0 interrupted iterations
normal_day   [  18% ] 119/200 VUs  01m47.8s/10m00.0s

running (01m48.8s), 120/200 VUs, 406 complete and 0 interrupted iterations
normal_day   [  18% ] 120/200 VUs  01m48.8s/10m00.0s

running (01m49.8s), 121/200 VUs, 414 complete and 0 interrupted iterations
normal_day   [  18% ] 121/200 VUs  01m49.8s/10m00.0s

running (01m50.8s), 123/200 VUs, 419 complete and 0 interrupted iterations
normal_day   [  18% ] 123/200 VUs  01m50.8s/10m00.0s

running (01m51.8s), 124/200 VUs, 423 complete and 0 interrupted iterations
normal_day   [  19% ] 124/200 VUs  01m51.8s/10m00.0s

running (01m52.8s), 125/200 VUs, 431 complete and 0 interrupted iterations
normal_day   [  19% ] 125/200 VUs  01m52.8s/10m00.0s

running (01m53.8s), 126/200 VUs, 437 complete and 0 interrupted iterations
normal_day   [  19% ] 126/200 VUs  01m53.8s/10m00.0s

running (01m54.8s), 127/200 VUs, 440 complete and 0 interrupted iterations
normal_day   [  19% ] 127/200 VUs  01m54.8s/10m00.0s

running (01m55.8s), 128/200 VUs, 441 complete and 0 interrupted iterations
normal_day   [  19% ] 128/200 VUs  01m55.8s/10m00.0s

running (01m56.8s), 129/200 VUs, 443 complete and 0 interrupted iterations
normal_day   [  19% ] 129/200 VUs  01m56.8s/10m00.0s

running (01m57.8s), 130/200 VUs, 445 complete and 0 interrupted iterations
normal_day   [  20% ] 130/200 VUs  01m57.8s/10m00.0s

running (01m58.8s), 131/200 VUs, 445 complete and 0 interrupted iterations
normal_day   [  20% ] 131/200 VUs  01m58.8s/10m00.0s

running (01m59.8s), 133/200 VUs, 452 complete and 0 interrupted iterations
normal_day   [  20% ] 133/200 VUs  01m59.8s/10m00.0s

running (02m00.8s), 134/200 VUs, 455 complete and 0 interrupted iterations
normal_day   [  20% ] 134/200 VUs  02m00.8s/10m00.0s

running (02m01.8s), 135/200 VUs, 465 complete and 0 interrupted iterations
normal_day   [  20% ] 135/200 VUs  02m01.8s/10m00.0s

running (02m02.8s), 136/200 VUs, 472 complete and 0 interrupted iterations
normal_day   [  20% ] 136/200 VUs  02m02.8s/10m00.0s

running (02m03.8s), 137/200 VUs, 477 complete and 0 interrupted iterations
normal_day   [  21% ] 137/200 VUs  02m03.8s/10m00.0s

running (02m04.8s), 138/200 VUs, 480 complete and 0 interrupted iterations
normal_day   [  21% ] 138/200 VUs  02m04.8s/10m00.0s

running (02m05.8s), 139/200 VUs, 486 complete and 0 interrupted iterations
normal_day   [  21% ] 139/200 VUs  02m05.8s/10m00.0s

running (02m06.8s), 140/200 VUs, 490 complete and 0 interrupted iterations
normal_day   [  21% ] 140/200 VUs  02m06.8s/10m00.0s

running (02m07.8s), 141/200 VUs, 492 complete and 0 interrupted iterations
normal_day   [  21% ] 141/200 VUs  02m07.8s/10m00.0s

running (02m08.8s), 143/200 VUs, 502 complete and 0 interrupted iterations
normal_day   [  21% ] 143/200 VUs  02m08.8s/10m00.0s

running (02m09.8s), 144/200 VUs, 505 complete and 0 interrupted iterations
normal_day   [  22% ] 144/200 VUs  02m09.8s/10m00.0s

running (02m10.8s), 145/200 VUs, 510 complete and 0 interrupted iterations
normal_day   [  22% ] 145/200 VUs  02m10.8s/10m00.0s

running (02m11.8s), 146/200 VUs, 513 complete and 0 interrupted iterations
normal_day   [  22% ] 146/200 VUs  02m11.8s/10m00.0s

running (02m12.8s), 147/200 VUs, 521 complete and 0 interrupted iterations
normal_day   [  22% ] 147/200 VUs  02m12.8s/10m00.0s

running (02m13.8s), 148/200 VUs, 525 complete and 0 interrupted iterations
normal_day   [  22% ] 148/200 VUs  02m13.8s/10m00.0s

running (02m14.8s), 149/200 VUs, 528 complete and 0 interrupted iterations
normal_day   [  22% ] 149/200 VUs  02m14.8s/10m00.0s

running (02m15.8s), 150/200 VUs, 529 complete and 0 interrupted iterations
normal_day   [  23% ] 150/200 VUs  02m15.8s/10m00.0s

running (02m16.8s), 151/200 VUs, 536 complete and 0 interrupted iterations
normal_day   [  23% ] 151/200 VUs  02m16.8s/10m00.0s

running (02m17.8s), 153/200 VUs, 540 complete and 0 interrupted iterations
normal_day   [  23% ] 153/200 VUs  02m17.8s/10m00.0s

running (02m18.8s), 154/200 VUs, 543 complete and 0 interrupted iterations
normal_day   [  23% ] 154/200 VUs  02m18.8s/10m00.0s

running (02m19.8s), 155/200 VUs, 548 complete and 0 interrupted iterations
normal_day   [  23% ] 155/200 VUs  02m19.8s/10m00.0s

running (02m20.8s), 156/200 VUs, 550 complete and 0 interrupted iterations
normal_day   [  23% ] 156/200 VUs  02m20.8s/10m00.0s

running (02m21.8s), 157/200 VUs, 558 complete and 0 interrupted iterations
normal_day   [  24% ] 157/200 VUs  02m21.8s/10m00.0s

running (02m22.8s), 158/200 VUs, 561 complete and 0 interrupted iterations
normal_day   [  24% ] 158/200 VUs  02m22.8s/10m00.0s

running (02m23.8s), 159/200 VUs, 564 complete and 0 interrupted iterations
normal_day   [  24% ] 159/200 VUs  02m23.8s/10m00.0s

running (02m24.8s), 160/200 VUs, 566 complete and 0 interrupted iterations
normal_day   [  24% ] 160/200 VUs  02m24.8s/10m00.0s

running (02m25.8s), 161/200 VUs, 570 complete and 0 interrupted iterations
normal_day   [  24% ] 161/200 VUs  02m25.8s/10m00.0s

running (02m26.8s), 163/200 VUs, 574 complete and 0 interrupted iterations
normal_day   [  24% ] 163/200 VUs  02m26.8s/10m00.0s

running (02m27.8s), 164/200 VUs, 584 complete and 0 interrupted iterations
normal_day   [  25% ] 164/200 VUs  02m27.8s/10m00.0s

running (02m28.8s), 165/200 VUs, 592 complete and 0 interrupted iterations
normal_day   [  25% ] 165/200 VUs  02m28.8s/10m00.0s

running (02m29.8s), 166/200 VUs, 604 complete and 0 interrupted iterations
normal_day   [  25% ] 166/200 VUs  02m29.8s/10m00.0s

running (02m30.8s), 167/200 VUs, 607 complete and 0 interrupted iterations
normal_day   [  25% ] 167/200 VUs  02m30.8s/10m00.0s

running (02m31.8s), 168/200 VUs, 615 complete and 0 interrupted iterations
normal_day   [  25% ] 168/200 VUs  02m31.8s/10m00.0s

running (02m32.8s), 169/200 VUs, 616 complete and 0 interrupted iterations
normal_day   [  25% ] 169/200 VUs  02m32.8s/10m00.0s

running (02m33.8s), 170/200 VUs, 619 complete and 0 interrupted iterations
normal_day   [  26% ] 170/200 VUs  02m33.8s/10m00.0s

running (02m34.8s), 171/200 VUs, 627 complete and 0 interrupted iterations
normal_day   [  26% ] 171/200 VUs  02m34.8s/10m00.0s

running (02m35.8s), 173/200 VUs, 635 complete and 0 interrupted iterations
normal_day   [  26% ] 173/200 VUs  02m35.8s/10m00.0s

running (02m36.8s), 174/200 VUs, 647 complete and 0 interrupted iterations
normal_day   [  26% ] 174/200 VUs  02m36.8s/10m00.0s

running (02m37.8s), 175/200 VUs, 657 complete and 0 interrupted iterations
normal_day   [  26% ] 175/200 VUs  02m37.8s/10m00.0s

running (02m38.8s), 176/200 VUs, 661 complete and 0 interrupted iterations
normal_day   [  26% ] 176/200 VUs  02m38.8s/10m00.0s

running (02m39.8s), 177/200 VUs, 668 complete and 0 interrupted iterations
normal_day   [  27% ] 177/200 VUs  02m39.8s/10m00.0s

running (02m40.8s), 178/200 VUs, 672 complete and 0 interrupted iterations
normal_day   [  27% ] 178/200 VUs  02m40.8s/10m00.0s

running (02m41.8s), 179/200 VUs, 680 complete and 0 interrupted iterations
normal_day   [  27% ] 179/200 VUs  02m41.8s/10m00.0s

running (02m42.8s), 180/200 VUs, 695 complete and 0 interrupted iterations
normal_day   [  27% ] 180/200 VUs  02m42.8s/10m00.0s

running (02m43.8s), 181/200 VUs, 698 complete and 0 interrupted iterations
normal_day   [  27% ] 181/200 VUs  02m43.8s/10m00.0s

running (02m44.8s), 183/200 VUs, 707 complete and 0 interrupted iterations
normal_day   [  27% ] 183/200 VUs  02m44.8s/10m00.0s

running (02m45.8s), 184/200 VUs, 708 complete and 0 interrupted iterations
normal_day   [  28% ] 184/200 VUs  02m45.8s/10m00.0s

running (02m46.8s), 185/200 VUs, 711 complete and 0 interrupted iterations
normal_day   [  28% ] 185/200 VUs  02m46.8s/10m00.0s

running (02m47.8s), 186/200 VUs, 714 complete and 0 interrupted iterations
normal_day   [  28% ] 186/200 VUs  02m47.8s/10m00.0s

running (02m48.8s), 187/200 VUs, 720 complete and 0 interrupted iterations
normal_day   [  28% ] 187/200 VUs  02m48.8s/10m00.0s

running (02m49.8s), 188/200 VUs, 729 complete and 0 interrupted iterations
normal_day   [  28% ] 188/200 VUs  02m49.8s/10m00.0s

running (02m50.8s), 189/200 VUs, 741 complete and 0 interrupted iterations
normal_day   [  28% ] 189/200 VUs  02m50.8s/10m00.0s

running (02m51.8s), 190/200 VUs, 753 complete and 0 interrupted iterations
normal_day   [  29% ] 190/200 VUs  02m51.8s/10m00.0s

running (02m52.8s), 191/200 VUs, 762 complete and 0 interrupted iterations
normal_day   [  29% ] 191/200 VUs  02m52.8s/10m00.0s

running (02m53.8s), 193/200 VUs, 764 complete and 0 interrupted iterations
normal_day   [  29% ] 193/200 VUs  02m53.8s/10m00.0s

running (02m54.8s), 194/200 VUs, 767 complete and 0 interrupted iterations
normal_day   [  29% ] 194/200 VUs  02m54.8s/10m00.0s

running (02m55.8s), 195/200 VUs, 768 complete and 0 interrupted iterations
normal_day   [  29% ] 195/200 VUs  02m55.8s/10m00.0s

running (02m56.8s), 196/200 VUs, 771 complete and 0 interrupted iterations
normal_day   [  29% ] 196/200 VUs  02m56.8s/10m00.0s

running (02m57.8s), 197/200 VUs, 772 complete and 0 interrupted iterations
normal_day   [  30% ] 197/200 VUs  02m57.8s/10m00.0s

running (02m58.8s), 198/200 VUs, 778 complete and 0 interrupted iterations
normal_day   [  30% ] 198/200 VUs  02m58.8s/10m00.0s

running (02m59.8s), 199/200 VUs, 790 complete and 0 interrupted iterations
normal_day   [  30% ] 199/200 VUs  02m59.8s/10m00.0s

running (03m00.8s), 200/200 VUs, 801 complete and 0 interrupted iterations
normal_day   [  30% ] 200/200 VUs  03m00.8s/10m00.0s

running (03m01.8s), 200/200 VUs, 809 complete and 0 interrupted iterations
normal_day   [  30% ] 200/200 VUs  03m01.8s/10m00.0s

running (03m02.8s), 200/200 VUs, 812 complete and 0 interrupted iterations
normal_day   [  30% ] 200/200 VUs  03m02.8s/10m00.0s

running (03m03.8s), 200/200 VUs, 815 complete and 0 interrupted iterations
normal_day   [  31% ] 200/200 VUs  03m03.8s/10m00.0s

running (03m04.8s), 200/200 VUs, 818 complete and 0 interrupted iterations
normal_day   [  31% ] 200/200 VUs  03m04.8s/10m00.0s

running (03m05.8s), 200/200 VUs, 820 complete and 0 interrupted iterations
normal_day   [  31% ] 200/200 VUs  03m05.8s/10m00.0s

running (03m06.8s), 200/200 VUs, 820 complete and 0 interrupted iterations
normal_day   [  31% ] 200/200 VUs  03m06.8s/10m00.0s

running (03m07.8s), 200/200 VUs, 821 complete and 0 interrupted iterations
normal_day   [  31% ] 200/200 VUs  03m07.8s/10m00.0s

running (03m08.8s), 200/200 VUs, 821 complete and 0 interrupted iterations
normal_day   [  31% ] 200/200 VUs  03m08.8s/10m00.0s

running (03m09.8s), 200/200 VUs, 823 complete and 0 interrupted iterations
normal_day   [  32% ] 200/200 VUs  03m09.8s/10m00.0s

running (03m10.8s), 200/200 VUs, 825 complete and 0 interrupted iterations
normal_day   [  32% ] 200/200 VUs  03m10.8s/10m00.0s

running (03m11.8s), 200/200 VUs, 826 complete and 0 interrupted iterations
normal_day   [  32% ] 200/200 VUs  03m11.8s/10m00.0s

running (03m12.8s), 200/200 VUs, 831 complete and 0 interrupted iterations
normal_day   [  32% ] 200/200 VUs  03m12.8s/10m00.0s

running (03m13.8s), 200/200 VUs, 842 complete and 0 interrupted iterations
normal_day   [  32% ] 200/200 VUs  03m13.8s/10m00.0s

running (03m14.8s), 200/200 VUs, 855 complete and 0 interrupted iterations
normal_day   [  32% ] 200/200 VUs  03m14.8s/10m00.0s

running (03m15.8s), 200/200 VUs, 861 complete and 0 interrupted iterations
normal_day   [  33% ] 200/200 VUs  03m15.8s/10m00.0s

running (03m16.8s), 200/200 VUs, 873 complete and 0 interrupted iterations
normal_day   [  33% ] 200/200 VUs  03m16.8s/10m00.0s

running (03m17.8s), 200/200 VUs, 880 complete and 0 interrupted iterations
normal_day   [  33% ] 200/200 VUs  03m17.8s/10m00.0s

running (03m18.8s), 200/200 VUs, 895 complete and 0 interrupted iterations
normal_day   [  33% ] 200/200 VUs  03m18.8s/10m00.0s

running (03m19.8s), 200/200 VUs, 904 complete and 0 interrupted iterations
normal_day   [  33% ] 200/200 VUs  03m19.8s/10m00.0s

running (03m20.8s), 200/200 VUs, 911 complete and 0 interrupted iterations
normal_day   [  33% ] 200/200 VUs  03m20.8s/10m00.0s

running (03m21.8s), 200/200 VUs, 917 complete and 0 interrupted iterations
normal_day   [  34% ] 200/200 VUs  03m21.8s/10m00.0s

running (03m22.8s), 200/200 VUs, 924 complete and 0 interrupted iterations
normal_day   [  34% ] 200/200 VUs  03m22.8s/10m00.0s

running (03m23.8s), 200/200 VUs, 931 complete and 0 interrupted iterations
normal_day   [  34% ] 200/200 VUs  03m23.8s/10m00.0s

running (03m24.8s), 200/200 VUs, 941 complete and 0 interrupted iterations
normal_day   [  34% ] 200/200 VUs  03m24.8s/10m00.0s

running (03m25.8s), 200/200 VUs, 947 complete and 0 interrupted iterations
normal_day   [  34% ] 200/200 VUs  03m25.8s/10m00.0s

running (03m26.8s), 200/200 VUs, 959 complete and 0 interrupted iterations
normal_day   [  34% ] 200/200 VUs  03m26.8s/10m00.0s

running (03m27.8s), 200/200 VUs, 965 complete and 0 interrupted iterations
normal_day   [  35% ] 200/200 VUs  03m27.8s/10m00.0s

running (03m28.8s), 200/200 VUs, 972 complete and 0 interrupted iterations
normal_day   [  35% ] 200/200 VUs  03m28.8s/10m00.0s

running (03m29.8s), 200/200 VUs, 977 complete and 0 interrupted iterations
normal_day   [  35% ] 200/200 VUs  03m29.8s/10m00.0s

running (03m30.8s), 200/200 VUs, 979 complete and 0 interrupted iterations
normal_day   [  35% ] 200/200 VUs  03m30.8s/10m00.0s

running (03m31.8s), 200/200 VUs, 980 complete and 0 interrupted iterations
normal_day   [  35% ] 200/200 VUs  03m31.8s/10m00.0s

running (03m32.8s), 200/200 VUs, 988 complete and 0 interrupted iterations
normal_day   [  35% ] 200/200 VUs  03m32.8s/10m00.0s

running (03m33.8s), 200/200 VUs, 995 complete and 0 interrupted iterations
normal_day   [  36% ] 200/200 VUs  03m33.8s/10m00.0s

running (03m34.8s), 200/200 VUs, 1003 complete and 0 interrupted iterations
normal_day   [  36% ] 200/200 VUs  03m34.8s/10m00.0s

running (03m35.8s), 200/200 VUs, 1006 complete and 0 interrupted iterations
normal_day   [  36% ] 200/200 VUs  03m35.8s/10m00.0s

running (03m36.8s), 200/200 VUs, 1011 complete and 0 interrupted iterations
normal_day   [  36% ] 200/200 VUs  03m36.8s/10m00.0s

running (03m37.8s), 200/200 VUs, 1013 complete and 0 interrupted iterations
normal_day   [  36% ] 200/200 VUs  03m37.8s/10m00.0s

running (03m38.8s), 200/200 VUs, 1017 complete and 0 interrupted iterations
normal_day   [  36% ] 200/200 VUs  03m38.8s/10m00.0s

running (03m39.8s), 200/200 VUs, 1021 complete and 0 interrupted iterations
normal_day   [  37% ] 200/200 VUs  03m39.8s/10m00.0s

running (03m40.8s), 200/200 VUs, 1025 complete and 0 interrupted iterations
normal_day   [  37% ] 200/200 VUs  03m40.8s/10m00.0s

running (03m41.8s), 200/200 VUs, 1035 complete and 0 interrupted iterations
normal_day   [  37% ] 200/200 VUs  03m41.8s/10m00.0s

running (03m42.8s), 200/200 VUs, 1049 complete and 0 interrupted iterations
normal_day   [  37% ] 200/200 VUs  03m42.8s/10m00.0s

running (03m43.8s), 200/200 VUs, 1057 complete and 0 interrupted iterations
normal_day   [  37% ] 200/200 VUs  03m43.8s/10m00.0s

running (03m44.8s), 200/200 VUs, 1067 complete and 0 interrupted iterations
normal_day   [  37% ] 200/200 VUs  03m44.8s/10m00.0s

running (03m45.8s), 200/200 VUs, 1072 complete and 0 interrupted iterations
normal_day   [  38% ] 200/200 VUs  03m45.8s/10m00.0s

running (03m46.8s), 200/200 VUs, 1077 complete and 0 interrupted iterations
normal_day   [  38% ] 200/200 VUs  03m46.8s/10m00.0s

running (03m47.8s), 200/200 VUs, 1082 complete and 0 interrupted iterations
normal_day   [  38% ] 200/200 VUs  03m47.8s/10m00.0s

running (03m48.8s), 200/200 VUs, 1086 complete and 0 interrupted iterations
normal_day   [  38% ] 200/200 VUs  03m48.8s/10m00.0s

running (03m49.8s), 200/200 VUs, 1096 complete and 0 interrupted iterations
normal_day   [  38% ] 200/200 VUs  03m49.8s/10m00.0s

running (03m50.8s), 200/200 VUs, 1100 complete and 0 interrupted iterations
normal_day   [  38% ] 200/200 VUs  03m50.8s/10m00.0s

running (03m51.8s), 200/200 VUs, 1106 complete and 0 interrupted iterations
normal_day   [  39% ] 200/200 VUs  03m51.8s/10m00.0s

running (03m52.8s), 200/200 VUs, 1112 complete and 0 interrupted iterations
normal_day   [  39% ] 200/200 VUs  03m52.8s/10m00.0s

running (03m53.8s), 200/200 VUs, 1113 complete and 0 interrupted iterations
normal_day   [  39% ] 200/200 VUs  03m53.8s/10m00.0s

running (03m54.8s), 200/200 VUs, 1114 complete and 0 interrupted iterations
normal_day   [  39% ] 200/200 VUs  03m54.8s/10m00.0s

running (03m55.8s), 200/200 VUs, 1118 complete and 0 interrupted iterations
normal_day   [  39% ] 200/200 VUs  03m55.8s/10m00.0s

running (03m56.8s), 200/200 VUs, 1121 complete and 0 interrupted iterations
normal_day   [  39% ] 200/200 VUs  03m56.8s/10m00.0s

running (03m57.8s), 200/200 VUs, 1126 complete and 0 interrupted iterations
normal_day   [  40% ] 200/200 VUs  03m57.8s/10m00.0s

running (03m58.8s), 200/200 VUs, 1131 complete and 0 interrupted iterations
normal_day   [  40% ] 200/200 VUs  03m58.8s/10m00.0s

running (03m59.8s), 200/200 VUs, 1136 complete and 0 interrupted iterations
normal_day   [  40% ] 200/200 VUs  03m59.8s/10m00.0s

running (04m00.8s), 200/200 VUs, 1137 complete and 0 interrupted iterations
normal_day   [  40% ] 200/200 VUs  04m00.8s/10m00.0s

running (04m01.8s), 200/200 VUs, 1140 complete and 0 interrupted iterations
normal_day   [  40% ] 200/200 VUs  04m01.8s/10m00.0s

running (04m02.8s), 200/200 VUs, 1142 complete and 0 interrupted iterations
normal_day   [  40% ] 200/200 VUs  04m02.8s/10m00.0s

running (04m03.8s), 200/200 VUs, 1148 complete and 0 interrupted iterations
normal_day   [  41% ] 200/200 VUs  04m03.8s/10m00.0s

running (04m04.8s), 200/200 VUs, 1161 complete and 0 interrupted iterations
normal_day   [  41% ] 200/200 VUs  04m04.8s/10m00.0s

running (04m05.8s), 200/200 VUs, 1174 complete and 0 interrupted iterations
normal_day   [  41% ] 200/200 VUs  04m05.8s/10m00.0s

running (04m06.8s), 200/200 VUs, 1186 complete and 0 interrupted iterations
normal_day   [  41% ] 200/200 VUs  04m06.8s/10m00.0s

running (04m07.8s), 200/200 VUs, 1190 complete and 0 interrupted iterations
normal_day   [  41% ] 200/200 VUs  04m07.8s/10m00.0s

running (04m08.8s), 200/200 VUs, 1195 complete and 0 interrupted iterations
normal_day   [  41% ] 200/200 VUs  04m08.8s/10m00.0s

running (04m09.8s), 200/200 VUs, 1200 complete and 0 interrupted iterations
normal_day   [  42% ] 200/200 VUs  04m09.8s/10m00.0s

running (04m10.8s), 200/200 VUs, 1207 complete and 0 interrupted iterations
normal_day   [  42% ] 200/200 VUs  04m10.8s/10m00.0s

running (04m11.8s), 200/200 VUs, 1213 complete and 0 interrupted iterations
normal_day   [  42% ] 200/200 VUs  04m11.8s/10m00.0s

running (04m12.8s), 200/200 VUs, 1219 complete and 0 interrupted iterations
normal_day   [  42% ] 200/200 VUs  04m12.8s/10m00.0s

running (04m13.8s), 200/200 VUs, 1227 complete and 0 interrupted iterations
normal_day   [  42% ] 200/200 VUs  04m13.8s/10m00.0s

running (04m14.8s), 200/200 VUs, 1236 complete and 0 interrupted iterations
normal_day   [  42% ] 200/200 VUs  04m14.8s/10m00.0s

running (04m15.8s), 200/200 VUs, 1237 complete and 0 interrupted iterations
normal_day   [  43% ] 200/200 VUs  04m15.8s/10m00.0s

running (04m16.8s), 200/200 VUs, 1241 complete and 0 interrupted iterations
normal_day   [  43% ] 200/200 VUs  04m16.8s/10m00.0s

running (04m17.8s), 200/200 VUs, 1244 complete and 0 interrupted iterations
normal_day   [  43% ] 200/200 VUs  04m17.8s/10m00.0s

running (04m18.8s), 200/200 VUs, 1245 complete and 0 interrupted iterations
normal_day   [  43% ] 200/200 VUs  04m18.8s/10m00.0s

running (04m19.8s), 200/200 VUs, 1249 complete and 0 interrupted iterations
normal_day   [  43% ] 200/200 VUs  04m19.8s/10m00.0s

running (04m20.8s), 200/200 VUs, 1253 complete and 0 interrupted iterations
normal_day   [  43% ] 200/200 VUs  04m20.8s/10m00.0s

running (04m21.8s), 200/200 VUs, 1262 complete and 0 interrupted iterations
normal_day   [  44% ] 200/200 VUs  04m21.8s/10m00.0s

running (04m22.8s), 200/200 VUs, 1271 complete and 0 interrupted iterations
normal_day   [  44% ] 200/200 VUs  04m22.8s/10m00.0s

running (04m23.8s), 200/200 VUs, 1280 complete and 0 interrupted iterations
normal_day   [  44% ] 200/200 VUs  04m23.8s/10m00.0s

running (04m24.8s), 200/200 VUs, 1286 complete and 0 interrupted iterations
normal_day   [  44% ] 200/200 VUs  04m24.8s/10m00.0s

running (04m25.8s), 200/200 VUs, 1290 complete and 0 interrupted iterations
normal_day   [  44% ] 200/200 VUs  04m25.8s/10m00.0s

running (04m26.8s), 200/200 VUs, 1300 complete and 0 interrupted iterations
normal_day   [  44% ] 200/200 VUs  04m26.8s/10m00.0s

running (04m27.8s), 200/200 VUs, 1309 complete and 0 interrupted iterations
normal_day   [  45% ] 200/200 VUs  04m27.8s/10m00.0s

running (04m28.8s), 200/200 VUs, 1319 complete and 0 interrupted iterations
normal_day   [  45% ] 200/200 VUs  04m28.8s/10m00.0s

running (04m29.8s), 200/200 VUs, 1327 complete and 0 interrupted iterations
normal_day   [  45% ] 200/200 VUs  04m29.8s/10m00.0s

running (04m30.8s), 200/200 VUs, 1335 complete and 0 interrupted iterations
normal_day   [  45% ] 200/200 VUs  04m30.8s/10m00.0s

running (04m31.8s), 200/200 VUs, 1345 complete and 0 interrupted iterations
normal_day   [  45% ] 200/200 VUs  04m31.8s/10m00.0s

running (04m32.8s), 200/200 VUs, 1355 complete and 0 interrupted iterations
normal_day   [  45% ] 200/200 VUs  04m32.8s/10m00.0s

running (04m33.8s), 200/200 VUs, 1361 complete and 0 interrupted iterations
normal_day   [  46% ] 200/200 VUs  04m33.8s/10m00.0s

running (04m34.8s), 200/200 VUs, 1366 complete and 0 interrupted iterations
normal_day   [  46% ] 200/200 VUs  04m34.8s/10m00.0s

running (04m35.8s), 200/200 VUs, 1372 complete and 0 interrupted iterations
normal_day   [  46% ] 200/200 VUs  04m35.8s/10m00.0s

running (04m36.8s), 200/200 VUs, 1373 complete and 0 interrupted iterations
normal_day   [  46% ] 200/200 VUs  04m36.8s/10m00.0s

running (04m37.8s), 200/200 VUs, 1377 complete and 0 interrupted iterations
normal_day   [  46% ] 200/200 VUs  04m37.8s/10m00.0s

running (04m38.8s), 200/200 VUs, 1383 complete and 0 interrupted iterations
normal_day   [  46% ] 200/200 VUs  04m38.8s/10m00.0s

running (04m39.8s), 200/200 VUs, 1388 complete and 0 interrupted iterations
normal_day   [  47% ] 200/200 VUs  04m39.8s/10m00.0s

running (04m40.8s), 200/200 VUs, 1390 complete and 0 interrupted iterations
normal_day   [  47% ] 200/200 VUs  04m40.8s/10m00.0s

running (04m41.8s), 200/200 VUs, 1397 complete and 0 interrupted iterations
normal_day   [  47% ] 200/200 VUs  04m41.8s/10m00.0s

running (04m42.8s), 200/200 VUs, 1407 complete and 0 interrupted iterations
normal_day   [  47% ] 200/200 VUs  04m42.8s/10m00.0s

running (04m43.8s), 200/200 VUs, 1416 complete and 0 interrupted iterations
normal_day   [  47% ] 200/200 VUs  04m43.8s/10m00.0s

running (04m44.8s), 200/200 VUs, 1426 complete and 0 interrupted iterations
normal_day   [  47% ] 200/200 VUs  04m44.8s/10m00.0s

running (04m45.8s), 200/200 VUs, 1435 complete and 0 interrupted iterations
normal_day   [  48% ] 200/200 VUs  04m45.8s/10m00.0s

running (04m46.8s), 200/200 VUs, 1438 complete and 0 interrupted iterations
normal_day   [  48% ] 200/200 VUs  04m46.8s/10m00.0s

running (04m47.8s), 200/200 VUs, 1444 complete and 0 interrupted iterations
normal_day   [  48% ] 200/200 VUs  04m47.8s/10m00.0s

running (04m48.8s), 200/200 VUs, 1456 complete and 0 interrupted iterations
normal_day   [  48% ] 200/200 VUs  04m48.8s/10m00.0s

running (04m49.8s), 200/200 VUs, 1467 complete and 0 interrupted iterations
normal_day   [  48% ] 200/200 VUs  04m49.8s/10m00.0s

running (04m50.8s), 200/200 VUs, 1479 complete and 0 interrupted iterations
normal_day   [  48% ] 200/200 VUs  04m50.8s/10m00.0s

running (04m51.8s), 200/200 VUs, 1487 complete and 0 interrupted iterations
normal_day   [  49% ] 200/200 VUs  04m51.8s/10m00.0s

running (04m52.8s), 200/200 VUs, 1489 complete and 0 interrupted iterations
normal_day   [  49% ] 200/200 VUs  04m52.8s/10m00.0s

running (04m53.8s), 200/200 VUs, 1491 complete and 0 interrupted iterations
normal_day   [  49% ] 200/200 VUs  04m53.8s/10m00.0s

running (04m54.8s), 200/200 VUs, 1494 complete and 0 interrupted iterations
normal_day   [  49% ] 200/200 VUs  04m54.8s/10m00.0s

running (04m55.8s), 200/200 VUs, 1497 complete and 0 interrupted iterations
normal_day   [  49% ] 200/200 VUs  04m55.8s/10m00.0s

running (04m56.8s), 200/200 VUs, 1499 complete and 0 interrupted iterations
normal_day   [  49% ] 200/200 VUs  04m56.8s/10m00.0s

running (04m57.8s), 200/200 VUs, 1503 complete and 0 interrupted iterations
normal_day   [  50% ] 200/200 VUs  04m57.8s/10m00.0s

running (04m58.8s), 200/200 VUs, 1506 complete and 0 interrupted iterations
normal_day   [  50% ] 200/200 VUs  04m58.8s/10m00.0s

running (04m59.8s), 200/200 VUs, 1510 complete and 0 interrupted iterations
normal_day   [  50% ] 200/200 VUs  04m59.8s/10m00.0s

running (05m00.8s), 200/200 VUs, 1516 complete and 0 interrupted iterations
normal_day   [  50% ] 200/200 VUs  05m00.8s/10m00.0s

running (05m01.8s), 200/200 VUs, 1524 complete and 0 interrupted iterations
normal_day   [  50% ] 200/200 VUs  05m01.8s/10m00.0s

running (05m02.8s), 200/200 VUs, 1536 complete and 0 interrupted iterations
normal_day   [  50% ] 200/200 VUs  05m02.8s/10m00.0s

running (05m03.8s), 200/200 VUs, 1557 complete and 0 interrupted iterations
normal_day   [  51% ] 200/200 VUs  05m03.8s/10m00.0s

running (05m04.8s), 200/200 VUs, 1565 complete and 0 interrupted iterations
normal_day   [  51% ] 200/200 VUs  05m04.8s/10m00.0s

running (05m05.8s), 200/200 VUs, 1577 complete and 0 interrupted iterations
normal_day   [  51% ] 200/200 VUs  05m05.8s/10m00.0s

running (05m06.8s), 200/200 VUs, 1583 complete and 0 interrupted iterations
normal_day   [  51% ] 200/200 VUs  05m06.8s/10m00.0s

running (05m07.8s), 200/200 VUs, 1594 complete and 0 interrupted iterations
normal_day   [  51% ] 200/200 VUs  05m07.8s/10m00.0s

running (05m08.8s), 200/200 VUs, 1605 complete and 0 interrupted iterations
normal_day   [  51% ] 200/200 VUs  05m08.8s/10m00.0s

running (05m09.8s), 200/200 VUs, 1618 complete and 0 interrupted iterations
normal_day   [  52% ] 200/200 VUs  05m09.8s/10m00.0s

running (05m10.8s), 200/200 VUs, 1635 complete and 0 interrupted iterations
normal_day   [  52% ] 200/200 VUs  05m10.8s/10m00.0s

running (05m11.8s), 200/200 VUs, 1643 complete and 0 interrupted iterations
normal_day   [  52% ] 200/200 VUs  05m11.8s/10m00.0s

running (05m12.8s), 200/200 VUs, 1652 complete and 0 interrupted iterations
normal_day   [  52% ] 200/200 VUs  05m12.8s/10m00.0s

running (05m13.8s), 200/200 VUs, 1660 complete and 0 interrupted iterations
normal_day   [  52% ] 200/200 VUs  05m13.8s/10m00.0s

running (05m14.8s), 200/200 VUs, 1673 complete and 0 interrupted iterations
normal_day   [  52% ] 200/200 VUs  05m14.8s/10m00.0s

running (05m15.8s), 200/200 VUs, 1686 complete and 0 interrupted iterations
normal_day   [  53% ] 200/200 VUs  05m15.8s/10m00.0s

running (05m16.8s), 200/200 VUs, 1692 complete and 0 interrupted iterations
normal_day   [  53% ] 200/200 VUs  05m16.8s/10m00.0s

running (05m17.8s), 200/200 VUs, 1693 complete and 0 interrupted iterations
normal_day   [  53% ] 200/200 VUs  05m17.8s/10m00.0s

running (05m18.8s), 200/200 VUs, 1695 complete and 0 interrupted iterations
normal_day   [  53% ] 200/200 VUs  05m18.8s/10m00.0s

running (05m19.8s), 200/200 VUs, 1697 complete and 0 interrupted iterations
normal_day   [  53% ] 200/200 VUs  05m19.8s/10m00.0s

running (05m20.8s), 200/200 VUs, 1698 complete and 0 interrupted iterations
normal_day   [  53% ] 200/200 VUs  05m20.8s/10m00.0s

running (05m21.8s), 200/200 VUs, 1709 complete and 0 interrupted iterations
normal_day   [  54% ] 200/200 VUs  05m21.8s/10m00.0s

running (05m22.8s), 200/200 VUs, 1717 complete and 0 interrupted iterations
normal_day   [  54% ] 200/200 VUs  05m22.8s/10m00.0s

running (05m23.8s), 200/200 VUs, 1725 complete and 0 interrupted iterations
normal_day   [  54% ] 200/200 VUs  05m23.8s/10m00.0s

running (05m24.8s), 200/200 VUs, 1742 complete and 0 interrupted iterations
normal_day   [  54% ] 200/200 VUs  05m24.8s/10m00.0s

running (05m25.8s), 200/200 VUs, 1754 complete and 0 interrupted iterations
normal_day   [  54% ] 200/200 VUs  05m25.8s/10m00.0s

running (05m26.8s), 200/200 VUs, 1764 complete and 0 interrupted iterations
normal_day   [  54% ] 200/200 VUs  05m26.8s/10m00.0s

running (05m27.8s), 200/200 VUs, 1766 complete and 0 interrupted iterations
normal_day   [  55% ] 200/200 VUs  05m27.8s/10m00.0s

running (05m28.8s), 200/200 VUs, 1769 complete and 0 interrupted iterations
normal_day   [  55% ] 200/200 VUs  05m28.8s/10m00.0s

running (05m29.8s), 200/200 VUs, 1773 complete and 0 interrupted iterations
normal_day   [  55% ] 200/200 VUs  05m29.8s/10m00.0s

running (05m30.8s), 200/200 VUs, 1777 complete and 0 interrupted iterations
normal_day   [  55% ] 200/200 VUs  05m30.8s/10m00.0s

running (05m31.8s), 200/200 VUs, 1779 complete and 0 interrupted iterations
normal_day   [  55% ] 200/200 VUs  05m31.8s/10m00.0s

running (05m32.8s), 200/200 VUs, 1788 complete and 0 interrupted iterations
normal_day   [  55% ] 200/200 VUs  05m32.8s/10m00.0s

running (05m33.8s), 200/200 VUs, 1796 complete and 0 interrupted iterations
normal_day   [  56% ] 200/200 VUs  05m33.8s/10m00.0s

running (05m34.8s), 200/200 VUs, 1804 complete and 0 interrupted iterations
normal_day   [  56% ] 200/200 VUs  05m34.8s/10m00.0s

running (05m35.8s), 200/200 VUs, 1809 complete and 0 interrupted iterations
normal_day   [  56% ] 200/200 VUs  05m35.8s/10m00.0s

running (05m36.8s), 200/200 VUs, 1814 complete and 0 interrupted iterations
normal_day   [  56% ] 200/200 VUs  05m36.8s/10m00.0s

running (05m37.8s), 200/200 VUs, 1816 complete and 0 interrupted iterations
normal_day   [  56% ] 200/200 VUs  05m37.8s/10m00.0s

running (05m38.8s), 200/200 VUs, 1820 complete and 0 interrupted iterations
normal_day   [  56% ] 200/200 VUs  05m38.8s/10m00.0s

running (05m39.8s), 200/200 VUs, 1821 complete and 0 interrupted iterations
normal_day   [  57% ] 200/200 VUs  05m39.8s/10m00.0s

running (05m40.8s), 200/200 VUs, 1824 complete and 0 interrupted iterations
normal_day   [  57% ] 200/200 VUs  05m40.8s/10m00.0s

running (05m41.8s), 200/200 VUs, 1831 complete and 0 interrupted iterations
normal_day   [  57% ] 200/200 VUs  05m41.8s/10m00.0s

running (05m42.8s), 200/200 VUs, 1839 complete and 0 interrupted iterations
normal_day   [  57% ] 200/200 VUs  05m42.8s/10m00.0s

running (05m43.8s), 200/200 VUs, 1853 complete and 0 interrupted iterations
normal_day   [  57% ] 200/200 VUs  05m43.8s/10m00.0s

running (05m44.8s), 200/200 VUs, 1861 complete and 0 interrupted iterations
normal_day   [  57% ] 200/200 VUs  05m44.8s/10m00.0s

running (05m45.8s), 200/200 VUs, 1870 complete and 0 interrupted iterations
normal_day   [  58% ] 200/200 VUs  05m45.8s/10m00.0s

running (05m46.8s), 200/200 VUs, 1873 complete and 0 interrupted iterations
normal_day   [  58% ] 200/200 VUs  05m46.8s/10m00.0s

running (05m47.8s), 200/200 VUs, 1881 complete and 0 interrupted iterations
normal_day   [  58% ] 200/200 VUs  05m47.8s/10m00.0s

running (05m48.8s), 200/200 VUs, 1890 complete and 0 interrupted iterations
normal_day   [  58% ] 200/200 VUs  05m48.8s/10m00.0s

running (05m49.8s), 200/200 VUs, 1895 complete and 0 interrupted iterations
normal_day   [  58% ] 200/200 VUs  05m49.8s/10m00.0s

running (05m50.8s), 200/200 VUs, 1903 complete and 0 interrupted iterations
normal_day   [  58% ] 200/200 VUs  05m50.8s/10m00.0s

running (05m51.8s), 200/200 VUs, 1908 complete and 0 interrupted iterations
normal_day   [  59% ] 200/200 VUs  05m51.8s/10m00.0s

running (05m52.8s), 200/200 VUs, 1917 complete and 0 interrupted iterations
normal_day   [  59% ] 200/200 VUs  05m52.8s/10m00.0s

running (05m53.8s), 200/200 VUs, 1921 complete and 0 interrupted iterations
normal_day   [  59% ] 200/200 VUs  05m53.8s/10m00.0s

running (05m54.8s), 200/200 VUs, 1931 complete and 0 interrupted iterations
normal_day   [  59% ] 200/200 VUs  05m54.8s/10m00.0s

running (05m55.8s), 200/200 VUs, 1936 complete and 0 interrupted iterations
normal_day   [  59% ] 200/200 VUs  05m55.8s/10m00.0s

running (05m56.8s), 200/200 VUs, 1949 complete and 0 interrupted iterations
normal_day   [  59% ] 200/200 VUs  05m56.8s/10m00.0s

running (05m57.8s), 200/200 VUs, 1952 complete and 0 interrupted iterations
normal_day   [  60% ] 200/200 VUs  05m57.8s/10m00.0s

running (05m58.8s), 200/200 VUs, 1958 complete and 0 interrupted iterations
normal_day   [  60% ] 200/200 VUs  05m58.8s/10m00.0s

running (05m59.8s), 200/200 VUs, 1967 complete and 0 interrupted iterations
normal_day   [  60% ] 200/200 VUs  05m59.8s/10m00.0s

running (06m00.8s), 200/200 VUs, 1976 complete and 0 interrupted iterations
normal_day   [  60% ] 200/200 VUs  06m00.8s/10m00.0s

running (06m01.8s), 200/200 VUs, 1981 complete and 0 interrupted iterations
normal_day   [  60% ] 200/200 VUs  06m01.8s/10m00.0s

running (06m02.8s), 200/200 VUs, 1996 complete and 0 interrupted iterations
normal_day   [  60% ] 200/200 VUs  06m02.8s/10m00.0s

running (06m03.8s), 200/200 VUs, 2008 complete and 0 interrupted iterations
normal_day   [  61% ] 200/200 VUs  06m03.8s/10m00.0s

running (06m04.8s), 200/200 VUs, 2010 complete and 0 interrupted iterations
normal_day   [  61% ] 200/200 VUs  06m04.8s/10m00.0s

running (06m05.8s), 200/200 VUs, 2012 complete and 0 interrupted iterations
normal_day   [  61% ] 200/200 VUs  06m05.8s/10m00.0s

running (06m06.8s), 200/200 VUs, 2013 complete and 0 interrupted iterations
normal_day   [  61% ] 200/200 VUs  06m06.8s/10m00.0s

running (06m07.8s), 200/200 VUs, 2019 complete and 0 interrupted iterations
normal_day   [  61% ] 200/200 VUs  06m07.8s/10m00.0s

running (06m08.8s), 200/200 VUs, 2019 complete and 0 interrupted iterations
normal_day   [  61% ] 200/200 VUs  06m08.8s/10m00.0s

running (06m09.8s), 200/200 VUs, 2025 complete and 0 interrupted iterations
normal_day   [  62% ] 200/200 VUs  06m09.8s/10m00.0s

running (06m10.8s), 200/200 VUs, 2034 complete and 0 interrupted iterations
normal_day   [  62% ] 200/200 VUs  06m10.8s/10m00.0s

running (06m11.8s), 200/200 VUs, 2041 complete and 0 interrupted iterations
normal_day   [  62% ] 200/200 VUs  06m11.8s/10m00.0s

running (06m12.8s), 200/200 VUs, 2051 complete and 0 interrupted iterations
normal_day   [  62% ] 200/200 VUs  06m12.8s/10m00.0s

running (06m13.8s), 200/200 VUs, 2058 complete and 0 interrupted iterations
normal_day   [  62% ] 200/200 VUs  06m13.8s/10m00.0s

running (06m14.8s), 200/200 VUs, 2061 complete and 0 interrupted iterations
normal_day   [  62% ] 200/200 VUs  06m14.8s/10m00.0s

running (06m15.8s), 200/200 VUs, 2069 complete and 0 interrupted iterations
normal_day   [  63% ] 200/200 VUs  06m15.8s/10m00.0s

running (06m16.8s), 200/200 VUs, 2073 complete and 0 interrupted iterations
normal_day   [  63% ] 200/200 VUs  06m16.8s/10m00.0s

running (06m17.8s), 200/200 VUs, 2078 complete and 0 interrupted iterations
normal_day   [  63% ] 200/200 VUs  06m17.8s/10m00.0s

running (06m18.8s), 200/200 VUs, 2085 complete and 0 interrupted iterations
normal_day   [  63% ] 200/200 VUs  06m18.8s/10m00.0s

running (06m19.8s), 200/200 VUs, 2091 complete and 0 interrupted iterations
normal_day   [  63% ] 200/200 VUs  06m19.8s/10m00.0s

running (06m20.8s), 200/200 VUs, 2102 complete and 0 interrupted iterations
normal_day   [  63% ] 200/200 VUs  06m20.8s/10m00.0s

running (06m21.8s), 200/200 VUs, 2105 complete and 0 interrupted iterations
normal_day   [  64% ] 200/200 VUs  06m21.8s/10m00.0s

running (06m22.8s), 200/200 VUs, 2106 complete and 0 interrupted iterations
normal_day   [  64% ] 200/200 VUs  06m22.8s/10m00.0s

running (06m23.8s), 200/200 VUs, 2108 complete and 0 interrupted iterations
normal_day   [  64% ] 200/200 VUs  06m23.8s/10m00.0s

running (06m24.8s), 200/200 VUs, 2108 complete and 0 interrupted iterations
normal_day   [  64% ] 200/200 VUs  06m24.8s/10m00.0s

running (06m25.8s), 200/200 VUs, 2114 complete and 0 interrupted iterations
normal_day   [  64% ] 200/200 VUs  06m25.8s/10m00.0s

running (06m26.8s), 200/200 VUs, 2130 complete and 0 interrupted iterations
normal_day   [  64% ] 200/200 VUs  06m26.8s/10m00.0s

running (06m27.8s), 200/200 VUs, 2141 complete and 0 interrupted iterations
normal_day   [  65% ] 200/200 VUs  06m27.8s/10m00.0s

running (06m28.8s), 200/200 VUs, 2161 complete and 0 interrupted iterations
normal_day   [  65% ] 200/200 VUs  06m28.8s/10m00.0s

running (06m29.8s), 200/200 VUs, 2168 complete and 0 interrupted iterations
normal_day   [  65% ] 200/200 VUs  06m29.8s/10m00.0s

running (06m30.8s), 200/200 VUs, 2168 complete and 0 interrupted iterations
normal_day   [  65% ] 200/200 VUs  06m30.8s/10m00.0s

running (06m31.8s), 200/200 VUs, 2175 complete and 0 interrupted iterations
normal_day   [  65% ] 200/200 VUs  06m31.8s/10m00.0s

running (06m32.8s), 200/200 VUs, 2184 complete and 0 interrupted iterations
normal_day   [  65% ] 200/200 VUs  06m32.8s/10m00.0s

running (06m33.8s), 200/200 VUs, 2194 complete and 0 interrupted iterations
normal_day   [  66% ] 200/200 VUs  06m33.8s/10m00.0s

running (06m34.8s), 200/200 VUs, 2208 complete and 0 interrupted iterations
normal_day   [  66% ] 200/200 VUs  06m34.8s/10m00.0s

running (06m35.8s), 200/200 VUs, 2213 complete and 0 interrupted iterations
normal_day   [  66% ] 200/200 VUs  06m35.8s/10m00.0s

running (06m36.8s), 200/200 VUs, 2214 complete and 0 interrupted iterations
normal_day   [  66% ] 200/200 VUs  06m36.8s/10m00.0s

running (06m37.8s), 200/200 VUs, 2216 complete and 0 interrupted iterations
normal_day   [  66% ] 200/200 VUs  06m37.8s/10m00.0s

running (06m38.8s), 200/200 VUs, 2228 complete and 0 interrupted iterations
normal_day   [  66% ] 200/200 VUs  06m38.8s/10m00.0s

running (06m39.8s), 200/200 VUs, 2233 complete and 0 interrupted iterations
normal_day   [  67% ] 200/200 VUs  06m39.8s/10m00.0s

running (06m40.8s), 200/200 VUs, 2242 complete and 0 interrupted iterations
normal_day   [  67% ] 200/200 VUs  06m40.8s/10m00.0s

running (06m41.8s), 200/200 VUs, 2252 complete and 0 interrupted iterations
normal_day   [  67% ] 200/200 VUs  06m41.8s/10m00.0s

running (06m42.8s), 200/200 VUs, 2256 complete and 0 interrupted iterations
normal_day   [  67% ] 200/200 VUs  06m42.8s/10m00.0s

running (06m43.8s), 200/200 VUs, 2265 complete and 0 interrupted iterations
normal_day   [  67% ] 200/200 VUs  06m43.8s/10m00.0s

running (06m44.8s), 200/200 VUs, 2272 complete and 0 interrupted iterations
normal_day   [  67% ] 200/200 VUs  06m44.8s/10m00.0s

running (06m45.8s), 200/200 VUs, 2279 complete and 0 interrupted iterations
normal_day   [  68% ] 200/200 VUs  06m45.8s/10m00.0s

running (06m46.8s), 200/200 VUs, 2283 complete and 0 interrupted iterations
normal_day   [  68% ] 200/200 VUs  06m46.8s/10m00.0s

running (06m47.8s), 200/200 VUs, 2291 complete and 0 interrupted iterations
normal_day   [  68% ] 200/200 VUs  06m47.8s/10m00.0s

running (06m48.8s), 200/200 VUs, 2295 complete and 0 interrupted iterations
normal_day   [  68% ] 200/200 VUs  06m48.8s/10m00.0s

running (06m49.8s), 200/200 VUs, 2303 complete and 0 interrupted iterations
normal_day   [  68% ] 200/200 VUs  06m49.8s/10m00.0s

running (06m50.8s), 200/200 VUs, 2308 complete and 0 interrupted iterations
normal_day   [  68% ] 200/200 VUs  06m50.8s/10m00.0s

running (06m51.8s), 200/200 VUs, 2311 complete and 0 interrupted iterations
normal_day   [  69% ] 200/200 VUs  06m51.8s/10m00.0s

running (06m52.8s), 200/200 VUs, 2321 complete and 0 interrupted iterations
normal_day   [  69% ] 200/200 VUs  06m52.8s/10m00.0s

running (06m53.8s), 200/200 VUs, 2324 complete and 0 interrupted iterations
normal_day   [  69% ] 200/200 VUs  06m53.8s/10m00.0s

running (06m54.8s), 200/200 VUs, 2330 complete and 0 interrupted iterations
normal_day   [  69% ] 200/200 VUs  06m54.8s/10m00.0s

running (06m55.8s), 200/200 VUs, 2339 complete and 0 interrupted iterations
normal_day   [  69% ] 200/200 VUs  06m55.8s/10m00.0s

running (06m56.8s), 200/200 VUs, 2344 complete and 0 interrupted iterations
normal_day   [  69% ] 200/200 VUs  06m56.8s/10m00.0s

running (06m57.8s), 200/200 VUs, 2346 complete and 0 interrupted iterations
normal_day   [  70% ] 200/200 VUs  06m57.8s/10m00.0s

running (06m58.8s), 200/200 VUs, 2350 complete and 0 interrupted iterations
normal_day   [  70% ] 200/200 VUs  06m58.8s/10m00.0s

running (06m59.8s), 200/200 VUs, 2358 complete and 0 interrupted iterations
normal_day   [  70% ] 200/200 VUs  06m59.8s/10m00.0s

running (07m00.8s), 200/200 VUs, 2369 complete and 0 interrupted iterations
normal_day   [  70% ] 200/200 VUs  07m00.8s/10m00.0s

running (07m01.8s), 200/200 VUs, 2382 complete and 0 interrupted iterations
normal_day   [  70% ] 200/200 VUs  07m01.8s/10m00.0s

running (07m02.8s), 200/200 VUs, 2389 complete and 0 interrupted iterations
normal_day   [  70% ] 200/200 VUs  07m02.8s/10m00.0s

running (07m03.8s), 200/200 VUs, 2394 complete and 0 interrupted iterations
normal_day   [  71% ] 200/200 VUs  07m03.8s/10m00.0s

running (07m04.8s), 200/200 VUs, 2398 complete and 0 interrupted iterations
normal_day   [  71% ] 200/200 VUs  07m04.8s/10m00.0s

running (07m05.8s), 200/200 VUs, 2408 complete and 0 interrupted iterations
normal_day   [  71% ] 200/200 VUs  07m05.8s/10m00.0s

running (07m06.8s), 200/200 VUs, 2413 complete and 0 interrupted iterations
normal_day   [  71% ] 200/200 VUs  07m06.8s/10m00.0s

running (07m07.8s), 200/200 VUs, 2421 complete and 0 interrupted iterations
normal_day   [  71% ] 200/200 VUs  07m07.8s/10m00.0s

running (07m08.8s), 200/200 VUs, 2428 complete and 0 interrupted iterations
normal_day   [  71% ] 200/200 VUs  07m08.8s/10m00.0s

running (07m09.8s), 200/200 VUs, 2431 complete and 0 interrupted iterations
normal_day   [  72% ] 200/200 VUs  07m09.8s/10m00.0s

running (07m10.8s), 200/200 VUs, 2435 complete and 0 interrupted iterations
normal_day   [  72% ] 200/200 VUs  07m10.8s/10m00.0s

running (07m11.8s), 200/200 VUs, 2447 complete and 0 interrupted iterations
normal_day   [  72% ] 200/200 VUs  07m11.8s/10m00.0s

running (07m12.8s), 200/200 VUs, 2462 complete and 0 interrupted iterations
normal_day   [  72% ] 200/200 VUs  07m12.8s/10m00.0s

running (07m13.8s), 200/200 VUs, 2472 complete and 0 interrupted iterations
normal_day   [  72% ] 200/200 VUs  07m13.8s/10m00.0s

running (07m14.8s), 200/200 VUs, 2483 complete and 0 interrupted iterations
normal_day   [  72% ] 200/200 VUs  07m14.8s/10m00.0s

running (07m15.8s), 200/200 VUs, 2486 complete and 0 interrupted iterations
normal_day   [  73% ] 200/200 VUs  07m15.8s/10m00.0s

running (07m16.8s), 200/200 VUs, 2488 complete and 0 interrupted iterations
normal_day   [  73% ] 200/200 VUs  07m16.8s/10m00.0s

running (07m17.8s), 200/200 VUs, 2497 complete and 0 interrupted iterations
normal_day   [  73% ] 200/200 VUs  07m17.8s/10m00.0s

running (07m18.8s), 200/200 VUs, 2503 complete and 0 interrupted iterations
normal_day   [  73% ] 200/200 VUs  07m18.8s/10m00.0s

running (07m19.8s), 200/200 VUs, 2519 complete and 0 interrupted iterations
normal_day   [  73% ] 200/200 VUs  07m19.8s/10m00.0s

running (07m20.8s), 200/200 VUs, 2537 complete and 0 interrupted iterations
normal_day   [  73% ] 200/200 VUs  07m20.8s/10m00.0s

running (07m21.8s), 200/200 VUs, 2546 complete and 0 interrupted iterations
normal_day   [  74% ] 200/200 VUs  07m21.8s/10m00.0s

running (07m22.8s), 200/200 VUs, 2550 complete and 0 interrupted iterations
normal_day   [  74% ] 200/200 VUs  07m22.8s/10m00.0s

running (07m23.8s), 200/200 VUs, 2554 complete and 0 interrupted iterations
normal_day   [  74% ] 200/200 VUs  07m23.8s/10m00.0s

running (07m24.8s), 200/200 VUs, 2556 complete and 0 interrupted iterations
normal_day   [  74% ] 200/200 VUs  07m24.8s/10m00.0s

running (07m25.8s), 200/200 VUs, 2562 complete and 0 interrupted iterations
normal_day   [  74% ] 200/200 VUs  07m25.8s/10m00.0s

running (07m26.8s), 200/200 VUs, 2571 complete and 0 interrupted iterations
normal_day   [  74% ] 200/200 VUs  07m26.8s/10m00.0s

running (07m27.8s), 200/200 VUs, 2576 complete and 0 interrupted iterations
normal_day   [  75% ] 200/200 VUs  07m27.8s/10m00.0s

running (07m28.8s), 200/200 VUs, 2593 complete and 0 interrupted iterations
normal_day   [  75% ] 200/200 VUs  07m28.8s/10m00.0s

running (07m29.8s), 200/200 VUs, 2600 complete and 0 interrupted iterations
normal_day   [  75% ] 200/200 VUs  07m29.8s/10m00.0s

running (07m30.8s), 200/200 VUs, 2605 complete and 0 interrupted iterations
normal_day   [  75% ] 200/200 VUs  07m30.8s/10m00.0s

running (07m31.8s), 200/200 VUs, 2609 complete and 0 interrupted iterations
normal_day   [  75% ] 200/200 VUs  07m31.8s/10m00.0s

running (07m32.8s), 200/200 VUs, 2613 complete and 0 interrupted iterations
normal_day   [  75% ] 200/200 VUs  07m32.8s/10m00.0s

running (07m33.8s), 200/200 VUs, 2619 complete and 0 interrupted iterations
normal_day   [  76% ] 200/200 VUs  07m33.8s/10m00.0s

running (07m34.8s), 200/200 VUs, 2624 complete and 0 interrupted iterations
normal_day   [  76% ] 200/200 VUs  07m34.8s/10m00.0s

running (07m35.8s), 200/200 VUs, 2638 complete and 0 interrupted iterations
normal_day   [  76% ] 200/200 VUs  07m35.8s/10m00.0s

running (07m36.8s), 200/200 VUs, 2651 complete and 0 interrupted iterations
normal_day   [  76% ] 200/200 VUs  07m36.8s/10m00.0s

running (07m37.8s), 200/200 VUs, 2654 complete and 0 interrupted iterations
normal_day   [  76% ] 200/200 VUs  07m37.8s/10m00.0s

running (07m38.8s), 200/200 VUs, 2656 complete and 0 interrupted iterations
normal_day   [  76% ] 200/200 VUs  07m38.8s/10m00.0s

running (07m39.8s), 200/200 VUs, 2656 complete and 0 interrupted iterations
normal_day   [  77% ] 200/200 VUs  07m39.8s/10m00.0s

running (07m40.8s), 200/200 VUs, 2657 complete and 0 interrupted iterations
normal_day   [  77% ] 200/200 VUs  07m40.8s/10m00.0s

running (07m41.8s), 200/200 VUs, 2663 complete and 0 interrupted iterations
normal_day   [  77% ] 200/200 VUs  07m41.8s/10m00.0s

running (07m42.8s), 200/200 VUs, 2666 complete and 0 interrupted iterations
normal_day   [  77% ] 200/200 VUs  07m42.8s/10m00.0s

running (07m43.8s), 200/200 VUs, 2670 complete and 0 interrupted iterations
normal_day   [  77% ] 200/200 VUs  07m43.8s/10m00.0s

running (07m44.8s), 200/200 VUs, 2672 complete and 0 interrupted iterations
normal_day   [  77% ] 200/200 VUs  07m44.8s/10m00.0s

running (07m45.8s), 200/200 VUs, 2673 complete and 0 interrupted iterations
normal_day   [  78% ] 200/200 VUs  07m45.8s/10m00.0s

running (07m46.8s), 200/200 VUs, 2674 complete and 0 interrupted iterations
normal_day   [  78% ] 200/200 VUs  07m46.8s/10m00.0s

running (07m47.8s), 200/200 VUs, 2679 complete and 0 interrupted iterations
normal_day   [  78% ] 200/200 VUs  07m47.8s/10m00.0s

running (07m48.8s), 200/200 VUs, 2686 complete and 0 interrupted iterations
normal_day   [  78% ] 200/200 VUs  07m48.8s/10m00.0s

running (07m49.8s), 200/200 VUs, 2691 complete and 0 interrupted iterations
normal_day   [  78% ] 200/200 VUs  07m49.8s/10m00.0s

running (07m50.8s), 200/200 VUs, 2696 complete and 0 interrupted iterations
normal_day   [  78% ] 200/200 VUs  07m50.8s/10m00.0s

running (07m51.8s), 200/200 VUs, 2701 complete and 0 interrupted iterations
normal_day   [  79% ] 200/200 VUs  07m51.8s/10m00.0s

running (07m52.8s), 200/200 VUs, 2709 complete and 0 interrupted iterations
normal_day   [  79% ] 200/200 VUs  07m52.8s/10m00.0s

running (07m53.8s), 200/200 VUs, 2710 complete and 0 interrupted iterations
normal_day   [  79% ] 200/200 VUs  07m53.8s/10m00.0s

running (07m54.8s), 200/200 VUs, 2713 complete and 0 interrupted iterations
normal_day   [  79% ] 200/200 VUs  07m54.8s/10m00.0s

running (07m55.8s), 200/200 VUs, 2718 complete and 0 interrupted iterations
normal_day   [  79% ] 200/200 VUs  07m55.8s/10m00.0s

running (07m56.8s), 200/200 VUs, 2724 complete and 0 interrupted iterations
normal_day   [  79% ] 200/200 VUs  07m56.8s/10m00.0s

running (07m57.8s), 200/200 VUs, 2726 complete and 0 interrupted iterations
normal_day   [  80% ] 200/200 VUs  07m57.8s/10m00.0s

running (07m58.8s), 200/200 VUs, 2728 complete and 0 interrupted iterations
normal_day   [  80% ] 200/200 VUs  07m58.8s/10m00.0s

running (07m59.8s), 200/200 VUs, 2734 complete and 0 interrupted iterations
normal_day   [  80% ] 200/200 VUs  07m59.8s/10m00.0s

running (08m00.8s), 200/200 VUs, 2737 complete and 0 interrupted iterations
normal_day   [  80% ] 200/200 VUs  08m00.8s/10m00.0s

running (08m01.8s), 200/200 VUs, 2743 complete and 0 interrupted iterations
normal_day   [  80% ] 200/200 VUs  08m01.8s/10m00.0s

running (08m02.8s), 200/200 VUs, 2757 complete and 0 interrupted iterations
normal_day   [  80% ] 200/200 VUs  08m02.8s/10m00.0s

running (08m03.8s), 200/200 VUs, 2773 complete and 0 interrupted iterations
normal_day   [  81% ] 200/200 VUs  08m03.8s/10m00.0s

running (08m04.8s), 200/200 VUs, 2782 complete and 0 interrupted iterations
normal_day   [  81% ] 200/200 VUs  08m04.8s/10m00.0s

running (08m05.8s), 200/200 VUs, 2786 complete and 0 interrupted iterations
normal_day   [  81% ] 200/200 VUs  08m05.8s/10m00.0s

running (08m06.8s), 200/200 VUs, 2789 complete and 0 interrupted iterations
normal_day   [  81% ] 200/200 VUs  08m06.8s/10m00.0s

running (08m07.8s), 200/200 VUs, 2791 complete and 0 interrupted iterations
normal_day   [  81% ] 200/200 VUs  08m07.8s/10m00.0s

running (08m08.8s), 200/200 VUs, 2793 complete and 0 interrupted iterations
normal_day   [  81% ] 200/200 VUs  08m08.8s/10m00.0s

running (08m09.8s), 200/200 VUs, 2796 complete and 0 interrupted iterations
normal_day   [  82% ] 200/200 VUs  08m09.8s/10m00.0s

running (08m10.8s), 200/200 VUs, 2798 complete and 0 interrupted iterations
normal_day   [  82% ] 200/200 VUs  08m10.8s/10m00.0s

running (08m11.8s), 200/200 VUs, 2800 complete and 0 interrupted iterations
normal_day   [  82% ] 200/200 VUs  08m11.8s/10m00.0s

running (08m12.8s), 199/200 VUs, 2812 complete and 0 interrupted iterations
normal_day   [  82% ] 199/200 VUs  08m12.8s/10m00.0s

running (08m13.8s), 199/200 VUs, 2815 complete and 0 interrupted iterations
normal_day   [  82% ] 199/200 VUs  08m13.8s/10m00.0s

running (08m14.8s), 196/200 VUs, 2822 complete and 0 interrupted iterations
normal_day   [  82% ] 196/200 VUs  08m14.8s/10m00.0s

running (08m15.8s), 196/200 VUs, 2824 complete and 0 interrupted iterations
normal_day   [  83% ] 196/200 VUs  08m15.8s/10m00.0s

running (08m16.8s), 195/200 VUs, 2831 complete and 0 interrupted iterations
normal_day   [  83% ] 195/200 VUs  08m16.8s/10m00.0s

running (08m17.8s), 195/200 VUs, 2833 complete and 0 interrupted iterations
normal_day   [  83% ] 195/200 VUs  08m17.8s/10m00.0s

running (08m18.8s), 195/200 VUs, 2834 complete and 0 interrupted iterations
normal_day   [  83% ] 195/200 VUs  08m18.8s/10m00.0s

running (08m19.8s), 195/200 VUs, 2834 complete and 0 interrupted iterations
normal_day   [  83% ] 195/200 VUs  08m19.8s/10m00.0s

running (08m20.8s), 193/200 VUs, 2840 complete and 0 interrupted iterations
normal_day   [  83% ] 193/200 VUs  08m20.8s/10m00.0s

running (08m21.8s), 193/200 VUs, 2849 complete and 0 interrupted iterations
normal_day   [  84% ] 193/200 VUs  08m21.8s/10m00.0s

running (08m22.8s), 190/200 VUs, 2857 complete and 0 interrupted iterations
normal_day   [  84% ] 190/200 VUs  08m22.8s/10m00.0s

running (08m23.8s), 185/200 VUs, 2874 complete and 0 interrupted iterations
normal_day   [  84% ] 185/200 VUs  08m23.8s/10m00.0s

running (08m24.8s), 181/200 VUs, 2885 complete and 0 interrupted iterations
normal_day   [  84% ] 181/200 VUs  08m24.8s/10m00.0s

running (08m25.8s), 180/200 VUs, 2893 complete and 0 interrupted iterations
normal_day   [  84% ] 180/200 VUs  08m25.8s/10m00.0s

running (08m26.8s), 180/200 VUs, 2896 complete and 0 interrupted iterations
normal_day   [  84% ] 180/200 VUs  08m26.8s/10m00.0s

running (08m27.8s), 180/200 VUs, 2899 complete and 0 interrupted iterations
normal_day   [  85% ] 180/200 VUs  08m27.8s/10m00.0s

running (08m28.8s), 180/200 VUs, 2902 complete and 0 interrupted iterations
normal_day   [  85% ] 180/200 VUs  08m28.8s/10m00.0s

running (08m29.8s), 179/200 VUs, 2907 complete and 0 interrupted iterations
normal_day   [  85% ] 179/200 VUs  08m29.8s/10m00.0s

running (08m30.8s), 176/200 VUs, 2915 complete and 1 interrupted iterations
normal_day   [  85% ] 176/200 VUs  08m30.8s/10m00.0s

running (08m31.8s), 175/200 VUs, 2924 complete and 1 interrupted iterations
normal_day   [  85% ] 175/200 VUs  08m31.8s/10m00.0s

running (08m32.8s), 171/200 VUs, 2937 complete and 2 interrupted iterations
normal_day   [  85% ] 171/200 VUs  08m32.8s/10m00.0s

running (08m33.8s), 169/200 VUs, 2947 complete and 2 interrupted iterations
normal_day   [  86% ] 169/200 VUs  08m33.8s/10m00.0s

running (08m34.8s), 167/200 VUs, 2960 complete and 3 interrupted iterations
normal_day   [  86% ] 167/200 VUs  08m34.8s/10m00.0s

running (08m35.8s), 167/200 VUs, 2969 complete and 3 interrupted iterations
normal_day   [  86% ] 167/200 VUs  08m35.8s/10m00.0s

running (08m36.8s), 167/200 VUs, 2976 complete and 3 interrupted iterations
normal_day   [  86% ] 167/200 VUs  08m36.8s/10m00.0s

running (08m37.8s), 163/200 VUs, 2988 complete and 3 interrupted iterations
normal_day   [  86% ] 163/200 VUs  08m37.8s/10m00.0s

running (08m38.8s), 161/200 VUs, 2998 complete and 3 interrupted iterations
normal_day   [  86% ] 161/200 VUs  08m38.8s/10m00.0s

running (08m39.8s), 159/200 VUs, 3005 complete and 3 interrupted iterations
normal_day   [  87% ] 159/200 VUs  08m39.8s/10m00.0s

running (08m40.8s), 158/200 VUs, 3010 complete and 3 interrupted iterations
normal_day   [  87% ] 158/200 VUs  08m40.8s/10m00.0s

running (08m41.8s), 156/200 VUs, 3013 complete and 3 interrupted iterations
normal_day   [  87% ] 156/200 VUs  08m41.8s/10m00.0s

running (08m42.8s), 155/200 VUs, 3016 complete and 3 interrupted iterations
normal_day   [  87% ] 155/200 VUs  08m42.8s/10m00.0s

running (08m43.8s), 153/200 VUs, 3023 complete and 3 interrupted iterations
normal_day   [  87% ] 153/200 VUs  08m43.8s/10m00.0s

running (08m44.8s), 150/200 VUs, 3030 complete and 4 interrupted iterations
normal_day   [  87% ] 150/200 VUs  08m44.8s/10m00.0s

running (08m45.8s), 149/200 VUs, 3036 complete and 4 interrupted iterations
normal_day   [  88% ] 149/200 VUs  08m45.8s/10m00.0s

running (08m46.8s), 146/200 VUs, 3045 complete and 4 interrupted iterations
normal_day   [  88% ] 146/200 VUs  08m46.8s/10m00.0s

running (08m47.8s), 145/200 VUs, 3056 complete and 4 interrupted iterations
normal_day   [  88% ] 145/200 VUs  08m47.8s/10m00.0s

running (08m48.8s), 143/200 VUs, 3062 complete and 4 interrupted iterations
normal_day   [  88% ] 143/200 VUs  08m48.8s/10m00.0s

running (08m49.8s), 140/200 VUs, 3069 complete and 4 interrupted iterations
normal_day   [  88% ] 140/200 VUs  08m49.8s/10m00.0s

running (08m50.8s), 140/200 VUs, 3073 complete and 4 interrupted iterations
normal_day   [  88% ] 140/200 VUs  08m50.8s/10m00.0s

running (08m51.8s), 139/200 VUs, 3078 complete and 4 interrupted iterations
normal_day   [  89% ] 139/200 VUs  08m51.8s/10m00.0s

running (08m52.8s), 138/200 VUs, 3086 complete and 4 interrupted iterations
normal_day   [  89% ] 138/200 VUs  08m52.8s/10m00.0s

running (08m53.8s), 137/200 VUs, 3093 complete and 4 interrupted iterations
normal_day   [  89% ] 137/200 VUs  08m53.8s/10m00.0s

running (08m54.8s), 136/200 VUs, 3097 complete and 4 interrupted iterations
normal_day   [  89% ] 136/200 VUs  08m54.8s/10m00.0s

running (08m55.8s), 134/200 VUs, 3103 complete and 4 interrupted iterations
normal_day   [  89% ] 134/200 VUs  08m55.8s/10m00.0s

running (08m56.8s), 129/200 VUs, 3112 complete and 5 interrupted iterations
normal_day   [  89% ] 129/200 VUs  08m56.8s/10m00.0s

running (08m57.8s), 128/200 VUs, 3114 complete and 5 interrupted iterations
normal_day   [  90% ] 128/200 VUs  08m57.8s/10m00.0s

running (08m58.8s), 127/200 VUs, 3119 complete and 5 interrupted iterations
normal_day   [  90% ] 127/200 VUs  08m58.8s/10m00.0s

running (08m59.8s), 125/200 VUs, 3125 complete and 5 interrupted iterations
normal_day   [  90% ] 125/200 VUs  08m59.8s/10m00.0s

running (09m00.8s), 123/200 VUs, 3128 complete and 5 interrupted iterations
normal_day   [  90% ] 123/200 VUs  09m00.8s/10m00.0s

running (09m01.8s), 123/200 VUs, 3131 complete and 5 interrupted iterations
normal_day   [  90% ] 123/200 VUs  09m01.8s/10m00.0s

running (09m02.8s), 123/200 VUs, 3133 complete and 5 interrupted iterations
normal_day   [  90% ] 123/200 VUs  09m02.8s/10m00.0s

running (09m03.8s), 123/200 VUs, 3133 complete and 5 interrupted iterations
normal_day   [  91% ] 123/200 VUs  09m03.8s/10m00.0s

running (09m04.8s), 122/200 VUs, 3135 complete and 5 interrupted iterations
normal_day   [  91% ] 122/200 VUs  09m04.8s/10m00.0s

running (09m05.8s), 121/200 VUs, 3138 complete and 5 interrupted iterations
normal_day   [  91% ] 121/200 VUs  09m05.8s/10m00.0s

running (09m06.8s), 118/200 VUs, 3140 complete and 6 interrupted iterations
normal_day   [  91% ] 118/200 VUs  09m06.8s/10m00.0s
