══════════════════════════════════════════════════════════════════════════
  반복 정밀도 측정 — scenarios/normal-day.js
  반복 3회 · 도착률 4/s (open model) · 기본 · 데이터셋 medium
  환경 perf · 리셋 restart · 스크레이프 대기 20s
══════════════════════════════════════════════════════════════════════════

──────── [1/3] 리셋 (restart) ────────

▶ k6 run scenarios/normal-day.js
  브랜치 personal/localdocs · 커밋 3e96d9463207 · 실행자 user@DESKTOP-DJJPASG
  환경 perf · "P1 open model RATE=4 CV validation — repeatability 1/3"
  데이터셋 medium · 상태 sha256:e59fe6a55738 (170ms)
  캐시 cold (키 0개)
  guard strict — 상태 불일치 시 스냅샷 복원 후 재확인 [perf.config.json]
    guard=strict — 스냅샷으로 복원합니다.
▶ 복원 — medium-20260816-062210 → perf-mysql-data-medium
  앱·MySQL 정지
  MySQL 기동
  Redis FLUSHALL (복원 후 캐시는 cold 다)
  앱 기동
  복원 후 상태 지문 sha256:ffe696d17416 = 스냅샷 일치

✅ 복원 완료 · 소요 5.5초 (압축 해제 구간)

  부하 발생기: 컨테이너 perf-k6 (grafana/k6:2.1.0, CPU 상한 4)
  k6 지표 전송: http://prometheus:9090/api/v1/write (native histogram, 5s 간격)
  환경 대조 벤치 실행 중(3축 3회, 약 40초)... single 4984ms · parallel 5254ms · ctxswitch 2198ms
  부하 중 벤치 예약: k6 시작 +60초 (warmup 구간, 3회)

         /\      Grafana   /‾‾/  
    /\  /  \     |\  __   /  /   
   /  \/    \    | |/ /  /   ‾‾\ 
  /          \   |   (  |  (‾)  |
 / __________ \  |_|\_\  \_____/ 


     execution: local
        script: scenarios/normal-day.js
        output: Prometheus remote write (http://prometheus:9090/api/v1/write)

     scenarios: (100.00%) 1 scenario, 600 max VUs, 10m30s max duration (incl. graceful stop):
              * normal_day: Up to 4.00 iterations/s for 10m0s over 3 stages (maxVUs: 100-600, gracefulStop: 30s)


running (00m00.9s), 000/100 VUs, 0 complete and 0 interrupted iterations
normal_day   [   0% ] 000/100 VUs  00m00.9s/10m0s  0.11 iters/s

running (00m01.9s), 000/100 VUs, 0 complete and 0 interrupted iterations
normal_day   [   0% ] 000/100 VUs  00m01.9s/10m0s  0.11 iters/s

running (00m02.9s), 000/100 VUs, 0 complete and 0 interrupted iterations
normal_day   [   0% ] 000/100 VUs  00m02.9s/10m0s  0.11 iters/s

running (00m03.9s), 000/100 VUs, 0 complete and 0 interrupted iterations
normal_day   [   1% ] 000/100 VUs  00m03.9s/10m0s  0.11 iters/s

running (00m04.9s), 000/100 VUs, 0 complete and 0 interrupted iterations
normal_day   [   1% ] 000/100 VUs  00m04.9s/10m0s  0.11 iters/s

running (00m05.9s), 000/100 VUs, 0 complete and 0 interrupted iterations
normal_day   [   1% ] 000/100 VUs  00m05.9s/10m0s  0.11 iters/s

running (00m06.9s), 000/100 VUs, 0 complete and 0 interrupted iterations
normal_day   [   1% ] 000/100 VUs  00m06.9s/10m0s  0.11 iters/s

running (00m07.9s), 000/100 VUs, 0 complete and 0 interrupted iterations
normal_day   [   1% ] 000/100 VUs  00m07.9s/10m0s  0.11 iters/s

running (00m08.9s), 000/100 VUs, 0 complete and 0 interrupted iterations
normal_day   [   1% ] 000/100 VUs  00m08.9s/10m0s  0.11 iters/s

running (00m09.9s), 001/100 VUs, 0 complete and 0 interrupted iterations
normal_day   [   2% ] 001/100 VUs  00m09.9s/10m0s  0.25 iters/s

running (00m10.9s), 001/100 VUs, 0 complete and 0 interrupted iterations
normal_day   [   2% ] 001/100 VUs  00m10.9s/10m0s  0.25 iters/s

running (00m11.9s), 001/100 VUs, 0 complete and 0 interrupted iterations
normal_day   [   2% ] 001/100 VUs  00m11.9s/10m0s  0.25 iters/s

running (00m12.9s), 001/100 VUs, 0 complete and 0 interrupted iterations
normal_day   [   2% ] 001/100 VUs  00m12.9s/10m0s  0.25 iters/s

running (00m13.9s), 002/100 VUs, 0 complete and 0 interrupted iterations
normal_day   [   2% ] 002/100 VUs  00m13.9s/10m0s  0.33 iters/s

running (00m14.9s), 002/100 VUs, 0 complete and 0 interrupted iterations
normal_day   [   2% ] 002/100 VUs  00m14.9s/10m0s  0.33 iters/s

running (00m15.9s), 002/100 VUs, 0 complete and 0 interrupted iterations
normal_day   [   3% ] 002/100 VUs  00m15.9s/10m0s  0.33 iters/s

running (00m16.9s), 002/100 VUs, 1 complete and 0 interrupted iterations
normal_day   [   3% ] 002/100 VUs  00m16.9s/10m0s  0.39 iters/s

running (00m17.9s), 002/100 VUs, 1 complete and 0 interrupted iterations
normal_day   [   3% ] 002/100 VUs  00m17.9s/10m0s  0.39 iters/s

running (00m18.9s), 001/100 VUs, 2 complete and 0 interrupted iterations
normal_day   [   3% ] 001/100 VUs  00m18.9s/10m0s  0.39 iters/s

running (00m19.9s), 002/100 VUs, 2 complete and 0 interrupted iterations
normal_day   [   3% ] 002/100 VUs  00m19.9s/10m0s  0.45 iters/s

running (00m20.9s), 002/100 VUs, 2 complete and 0 interrupted iterations
normal_day   [   3% ] 002/100 VUs  00m20.9s/10m0s  0.45 iters/s

running (00m21.9s), 003/100 VUs, 2 complete and 0 interrupted iterations
normal_day   [   4% ] 003/100 VUs  00m21.9s/10m0s  0.49 iters/s

running (00m22.9s), 002/100 VUs, 3 complete and 0 interrupted iterations
normal_day   [   4% ] 002/100 VUs  00m22.9s/10m0s  0.49 iters/s

running (00m23.9s), 003/100 VUs, 3 complete and 0 interrupted iterations
normal_day   [   4% ] 003/100 VUs  00m23.9s/10m0s  0.54 iters/s

running (00m24.9s), 003/100 VUs, 3 complete and 0 interrupted iterations
normal_day   [   4% ] 003/100 VUs  00m24.9s/10m0s  0.54 iters/s

running (00m25.9s), 004/100 VUs, 3 complete and 0 interrupted iterations
normal_day   [   4% ] 004/100 VUs  00m25.9s/10m0s  0.58 iters/s

running (00m26.9s), 005/100 VUs, 3 complete and 0 interrupted iterations
normal_day   [   4% ] 005/100 VUs  00m26.9s/10m0s  0.61 iters/s

running (00m27.9s), 005/100 VUs, 3 complete and 0 interrupted iterations
normal_day   [   5% ] 005/100 VUs  00m27.9s/10m0s  0.61 iters/s

running (00m28.9s), 005/100 VUs, 4 complete and 0 interrupted iterations
normal_day   [   5% ] 005/100 VUs  00m28.9s/10m0s  0.65 iters/s

running (00m29.9s), 004/100 VUs, 5 complete and 0 interrupted iterations
normal_day   [   5% ] 004/100 VUs  00m29.9s/10m0s  0.65 iters/s

running (00m30.9s), 004/100 VUs, 6 complete and 0 interrupted iterations
normal_day   [   5% ] 004/100 VUs  00m30.9s/10m0s  0.68 iters/s

running (00m31.9s), 005/100 VUs, 6 complete and 0 interrupted iterations
normal_day   [   5% ] 005/100 VUs  00m31.9s/10m0s  0.71 iters/s

running (00m32.9s), 006/100 VUs, 6 complete and 0 interrupted iterations
normal_day   [   5% ] 006/100 VUs  00m32.9s/10m0s  0.75 iters/s

running (00m33.9s), 005/100 VUs, 7 complete and 0 interrupted iterations
normal_day   [   6% ] 005/100 VUs  00m33.9s/10m0s  0.75 iters/s

running (00m34.9s), 006/100 VUs, 7 complete and 0 interrupted iterations
normal_day   [   6% ] 006/100 VUs  00m34.9s/10m0s  0.77 iters/s

running (00m35.9s), 006/100 VUs, 8 complete and 0 interrupted iterations
normal_day   [   6% ] 006/100 VUs  00m35.9s/10m0s  0.80 iters/s

running (00m36.9s), 006/100 VUs, 9 complete and 0 interrupted iterations
normal_day   [   6% ] 006/100 VUs  00m36.9s/10m0s  0.83 iters/s

running (00m37.9s), 004/100 VUs, 11 complete and 0 interrupted iterations
normal_day   [   6% ] 004/100 VUs  00m37.9s/10m0s  0.83 iters/s

running (00m38.9s), 004/100 VUs, 12 complete and 0 interrupted iterations
normal_day   [   6% ] 004/100 VUs  00m38.9s/10m0s  0.86 iters/s

running (00m39.9s), 005/100 VUs, 12 complete and 0 interrupted iterations
normal_day   [   7% ] 005/100 VUs  00m39.9s/10m0s  0.88 iters/s

running (00m40.9s), 005/100 VUs, 13 complete and 0 interrupted iterations
normal_day   [   7% ] 005/100 VUs  00m40.9s/10m0s  0.91 iters/s

running (00m41.9s), 004/100 VUs, 15 complete and 0 interrupted iterations
normal_day   [   7% ] 004/100 VUs  00m41.9s/10m0s  0.93 iters/s

running (00m42.9s), 004/100 VUs, 16 complete and 0 interrupted iterations
normal_day   [   7% ] 004/100 VUs  00m42.9s/10m0s  0.95 iters/s

running (00m43.9s), 005/100 VUs, 16 complete and 0 interrupted iterations
normal_day   [   7% ] 005/100 VUs  00m43.9s/10m0s  0.98 iters/s

running (00m44.9s), 006/100 VUs, 16 complete and 0 interrupted iterations
normal_day   [   7% ] 006/100 VUs  00m44.9s/10m0s  1.00 iters/s

running (00m45.9s), 006/100 VUs, 17 complete and 0 interrupted iterations
normal_day   [   8% ] 006/100 VUs  00m45.9s/10m0s  1.02 iters/s

running (00m46.9s), 007/100 VUs, 17 complete and 0 interrupted iterations
normal_day   [   8% ] 007/100 VUs  00m46.9s/10m0s  1.04 iters/s

running (00m47.9s), 008/100 VUs, 17 complete and 0 interrupted iterations
normal_day   [   8% ] 008/100 VUs  00m47.9s/10m0s  1.06 iters/s

running (00m48.9s), 008/100 VUs, 18 complete and 0 interrupted iterations
normal_day   [   8% ] 008/100 VUs  00m48.9s/10m0s  1.09 iters/s

running (00m49.9s), 008/100 VUs, 19 complete and 0 interrupted iterations
normal_day   [   8% ] 008/100 VUs  00m49.9s/10m0s  1.11 iters/s

running (00m50.9s), 008/100 VUs, 20 complete and 0 interrupted iterations
normal_day   [   8% ] 008/100 VUs  00m50.9s/10m0s  1.13 iters/s

running (00m51.9s), 008/100 VUs, 21 complete and 0 interrupted iterations
normal_day   [   9% ] 008/100 VUs  00m51.9s/10m0s  1.14 iters/s

running (00m52.9s), 009/100 VUs, 22 complete and 0 interrupted iterations
normal_day   [   9% ] 009/100 VUs  00m52.9s/10m0s  1.18 iters/s

running (00m53.9s), 009/100 VUs, 23 complete and 0 interrupted iterations
normal_day   [   9% ] 009/100 VUs  00m53.9s/10m0s  1.20 iters/s

running (00m54.9s), 010/100 VUs, 23 complete and 0 interrupted iterations
normal_day   [   9% ] 010/100 VUs  00m54.9s/10m0s  1.22 iters/s

running (00m55.9s), 010/100 VUs, 24 complete and 0 interrupted iterations
normal_day   [   9% ] 010/100 VUs  00m55.9s/10m0s  1.24 iters/s

running (00m56.9s), 009/100 VUs, 26 complete and 0 interrupted iterations
normal_day   [   9% ] 009/100 VUs  00m56.9s/10m0s  1.26 iters/s

running (00m57.9s), 011/100 VUs, 26 complete and 0 interrupted iterations
normal_day   [  10% ] 011/100 VUs  00m57.9s/10m0s  1.29 iters/s

running (00m58.9s), 012/100 VUs, 26 complete and 0 interrupted iterations
normal_day   [  10% ] 012/100 VUs  00m58.9s/10m0s  1.31 iters/s

running (00m59.9s), 013/100 VUs, 26 complete and 0 interrupted iterations
normal_day   [  10% ] 013/100 VUs  00m59.9s/10m0s  1.32 iters/s

running (01m00.9s), 015/100 VUs, 26 complete and 0 interrupted iterations
normal_day   [  10% ] 015/100 VUs  01m00.9s/10m0s  1.36 iters/s

running (01m01.9s), 015/100 VUs, 27 complete and 0 interrupted iterations
normal_day   [  10% ] 015/100 VUs  01m01.9s/10m0s  1.37 iters/s

running (01m02.9s), 016/100 VUs, 27 complete and 0 interrupted iterations
normal_day   [  10% ] 016/100 VUs  01m02.9s/10m0s  1.39 iters/s

running (01m03.9s), 016/100 VUs, 29 complete and 0 interrupted iterations
normal_day   [  11% ] 016/100 VUs  01m03.9s/10m0s  1.42 iters/s

running (01m04.9s), 015/100 VUs, 31 complete and 0 interrupted iterations
normal_day   [  11% ] 015/100 VUs  01m04.9s/10m0s  1.44 iters/s

running (01m05.9s), 017/100 VUs, 31 complete and 0 interrupted iterations
normal_day   [  11% ] 017/100 VUs  01m05.9s/10m0s  1.47 iters/s

running (01m06.9s), 017/100 VUs, 32 complete and 0 interrupted iterations
normal_day   [  11% ] 017/100 VUs  01m06.9s/10m0s  1.48 iters/s

running (01m07.9s), 018/100 VUs, 33 complete and 0 interrupted iterations
normal_day   [  11% ] 018/100 VUs  01m07.9s/10m0s  1.51 iters/s

running (01m08.9s), 015/100 VUs, 37 complete and 0 interrupted iterations
normal_day   [  11% ] 015/100 VUs  01m08.9s/10m0s  1.53 iters/s

running (01m09.9s), 017/100 VUs, 37 complete and 0 interrupted iterations
normal_day   [  12% ] 017/100 VUs  01m09.9s/10m0s  1.56 iters/s

running (01m10.9s), 017/100 VUs, 38 complete and 0 interrupted iterations
normal_day   [  12% ] 017/100 VUs  01m10.9s/10m0s  1.57 iters/s

running (01m11.9s), 018/100 VUs, 39 complete and 0 interrupted iterations
normal_day   [  12% ] 018/100 VUs  01m11.9s/10m0s  1.60 iters/s

running (01m12.9s), 017/100 VUs, 42 complete and 0 interrupted iterations
normal_day   [  12% ] 017/100 VUs  01m12.9s/10m0s  1.63 iters/s

running (01m13.9s), 017/100 VUs, 43 complete and 0 interrupted iterations
normal_day   [  12% ] 017/100 VUs  01m13.9s/10m0s  1.64 iters/s

running (01m14.9s), 018/100 VUs, 44 complete and 0 interrupted iterations
normal_day   [  12% ] 018/100 VUs  01m14.9s/10m0s  1.67 iters/s

running (01m15.9s), 019/100 VUs, 45 complete and 0 interrupted iterations
normal_day   [  13% ] 019/100 VUs  01m15.9s/10m0s  1.69 iters/s

running (01m16.9s), 017/100 VUs, 48 complete and 0 interrupted iterations
normal_day   [  13% ] 017/100 VUs  01m16.9s/10m0s  1.71 iters/s

running (01m17.9s), 017/100 VUs, 50 complete and 0 interrupted iterations
normal_day   [  13% ] 017/100 VUs  01m17.9s/10m0s  1.73 iters/s

running (01m18.9s), 016/100 VUs, 53 complete and 0 interrupted iterations
normal_day   [  13% ] 016/100 VUs  01m18.9s/10m0s  1.76 iters/s

running (01m19.9s), 016/100 VUs, 54 complete and 0 interrupted iterations
normal_day   [  13% ] 016/100 VUs  01m19.9s/10m0s  1.77 iters/s

running (01m20.9s), 018/100 VUs, 54 complete and 0 interrupted iterations
normal_day   [  13% ] 018/100 VUs  01m20.9s/10m0s  1.80 iters/s

running (01m21.9s), 018/100 VUs, 56 complete and 0 interrupted iterations
normal_day   [  14% ] 018/100 VUs  01m21.9s/10m0s  1.82 iters/s

running (01m22.9s), 018/100 VUs, 58 complete and 0 interrupted iterations
normal_day   [  14% ] 018/100 VUs  01m22.9s/10m0s  1.84 iters/s

running (01m23.9s), 020/100 VUs, 58 complete and 0 interrupted iterations
normal_day   [  14% ] 020/100 VUs  01m23.9s/10m0s  1.87 iters/s

running (01m24.9s), 020/100 VUs, 60 complete and 0 interrupted iterations
normal_day   [  14% ] 020/100 VUs  01m24.9s/10m0s  1.89 iters/s

running (01m25.9s), 019/100 VUs, 62 complete and 0 interrupted iterations
normal_day   [  14% ] 019/100 VUs  01m25.9s/10m0s  1.90 iters/s

running (01m26.9s), 020/100 VUs, 63 complete and 0 interrupted iterations
normal_day   [  14% ] 020/100 VUs  01m26.9s/10m0s  1.93 iters/s

running (01m27.9s), 020/100 VUs, 65 complete and 0 interrupted iterations
normal_day   [  15% ] 020/100 VUs  01m27.9s/10m0s  1.95 iters/s

running (01m28.9s), 019/100 VUs, 68 complete and 0 interrupted iterations
normal_day   [  15% ] 019/100 VUs  01m28.9s/10m0s  1.97 iters/s

running (01m29.9s), 021/100 VUs, 68 complete and 0 interrupted iterations
normal_day   [  15% ] 021/100 VUs  01m29.9s/10m0s  1.99 iters/s

running (01m30.9s), 021/100 VUs, 70 complete and 0 interrupted iterations
normal_day   [  15% ] 021/100 VUs  01m30.9s/10m0s  2.02 iters/s

running (01m31.9s), 020/100 VUs, 73 complete and 0 interrupted iterations
normal_day   [  15% ] 020/100 VUs  01m31.9s/10m0s  2.04 iters/s

running (01m32.9s), 019/100 VUs, 76 complete and 0 interrupted iterations
normal_day   [  15% ] 019/100 VUs  01m32.9s/10m0s  2.06 iters/s

running (01m33.9s), 021/100 VUs, 76 complete and 0 interrupted iterations
normal_day   [  16% ] 021/100 VUs  01m33.9s/10m0s  2.08 iters/s

running (01m34.9s), 022/100 VUs, 78 complete and 0 interrupted iterations
normal_day   [  16% ] 022/100 VUs  01m34.9s/10m0s  2.11 iters/s

running (01m35.9s), 021/100 VUs, 81 complete and 0 interrupted iterations
normal_day   [  16% ] 021/100 VUs  01m35.9s/10m0s  2.13 iters/s

running (01m36.9s), 019/100 VUs, 85 complete and 0 interrupted iterations
normal_day   [  16% ] 019/100 VUs  01m36.9s/10m0s  2.16 iters/s

running (01m37.9s), 021/100 VUs, 85 complete and 0 interrupted iterations
normal_day   [  16% ] 021/100 VUs  01m37.9s/10m0s  2.18 iters/s

running (01m38.9s), 021/100 VUs, 87 complete and 0 interrupted iterations
normal_day   [  16% ] 021/100 VUs  01m38.9s/10m0s  2.20 iters/s

running (01m39.9s), 021/100 VUs, 89 complete and 0 interrupted iterations
normal_day   [  17% ] 021/100 VUs  01m39.9s/10m0s  2.22 iters/s

running (01m40.9s), 022/100 VUs, 91 complete and 0 interrupted iterations
normal_day   [  17% ] 022/100 VUs  01m40.9s/10m0s  2.25 iters/s

running (01m41.9s), 022/100 VUs, 93 complete and 0 interrupted iterations
normal_day   [  17% ] 022/100 VUs  01m41.9s/10m0s  2.27 iters/s

running (01m42.9s), 022/100 VUs, 95 complete and 0 interrupted iterations
normal_day   [  17% ] 022/100 VUs  01m42.9s/10m0s  2.29 iters/s

running (01m43.9s), 023/100 VUs, 96 complete and 0 interrupted iterations
normal_day   [  17% ] 023/100 VUs  01m43.9s/10m0s  2.30 iters/s

running (01m44.9s), 024/100 VUs, 98 complete and 0 interrupted iterations
normal_day   [  17% ] 024/100 VUs  01m44.9s/10m0s  2.33 iters/s

running (01m45.9s), 026/100 VUs, 98 complete and 0 interrupted iterations
normal_day   [  18% ] 026/100 VUs  01m45.9s/10m0s  2.35 iters/s

running (01m46.9s), 028/100 VUs, 98 complete and 0 interrupted iterations
normal_day   [  18% ] 028/100 VUs  01m46.9s/10m0s  2.37 iters/s

running (01m47.9s), 027/100 VUs, 102 complete and 0 interrupted iterations
normal_day   [  18% ] 027/100 VUs  01m47.9s/10m0s  2.40 iters/s

running (01m48.9s), 026/100 VUs, 105 complete and 0 interrupted iterations
normal_day   [  18% ] 026/100 VUs  01m48.9s/10m0s  2.42 iters/s

running (01m49.9s), 024/100 VUs, 110 complete and 0 interrupted iterations
normal_day   [  18% ] 024/100 VUs  01m49.9s/10m0s  2.44 iters/s

running (01m50.9s), 021/100 VUs, 115 complete and 0 interrupted iterations
normal_day   [  18% ] 021/100 VUs  01m50.9s/10m0s  2.46 iters/s

running (01m51.9s), 024/100 VUs, 115 complete and 0 interrupted iterations
normal_day   [  19% ] 024/100 VUs  01m51.9s/10m0s  2.49 iters/s

running (01m52.9s), 025/100 VUs, 116 complete and 0 interrupted iterations
normal_day   [  19% ] 025/100 VUs  01m52.9s/10m0s  2.51 iters/s

running (01m53.9s), 028/100 VUs, 116 complete and 0 interrupted iterations
normal_day   [  19% ] 028/100 VUs  01m53.9s/10m0s  2.53 iters/s

running (01m54.9s), 028/100 VUs, 118 complete and 0 interrupted iterations
normal_day   [  19% ] 028/100 VUs  01m54.9s/10m0s  2.55 iters/s

running (01m55.9s), 028/100 VUs, 121 complete and 0 interrupted iterations
normal_day   [  19% ] 028/100 VUs  01m55.9s/10m0s  2.58 iters/s

running (01m56.9s), 025/100 VUs, 126 complete and 0 interrupted iterations
normal_day   [  19% ] 025/100 VUs  01m56.9s/10m0s  2.59 iters/s

running (01m57.9s), 024/100 VUs, 130 complete and 0 interrupted iterations
normal_day   [  20% ] 024/100 VUs  01m57.9s/10m0s  2.62 iters/s

running (01m58.9s), 021/100 VUs, 136 complete and 0 interrupted iterations
normal_day   [  20% ] 021/100 VUs  01m58.9s/10m0s  2.65 iters/s

running (01m59.9s), 022/100 VUs, 137 complete and 0 interrupted iterations
normal_day   [  20% ] 022/100 VUs  01m59.9s/10m0s  2.66 iters/s

running (02m00.9s), 023/100 VUs, 139 complete and 0 interrupted iterations
normal_day   [  20% ] 023/100 VUs  02m00.9s/10m0s  2.69 iters/s

running (02m01.9s), 025/100 VUs, 140 complete and 0 interrupted iterations
normal_day   [  20% ] 025/100 VUs  02m01.9s/10m0s  2.71 iters/s

running (02m02.9s), 026/100 VUs, 141 complete and 0 interrupted iterations
normal_day   [  20% ] 026/100 VUs  02m02.9s/10m0s  2.73 iters/s

running (02m03.9s), 026/100 VUs, 144 complete and 0 interrupted iterations
normal_day   [  21% ] 026/100 VUs  02m03.9s/10m0s  2.75 iters/s

running (02m04.9s), 028/100 VUs, 145 complete and 0 interrupted iterations
normal_day   [  21% ] 028/100 VUs  02m04.9s/10m0s  2.78 iters/s

running (02m05.9s), 026/100 VUs, 150 complete and 0 interrupted iterations
normal_day   [  21% ] 026/100 VUs  02m05.9s/10m0s  2.80 iters/s

running (02m06.9s), 025/100 VUs, 153 complete and 0 interrupted iterations
normal_day   [  21% ] 025/100 VUs  02m06.9s/10m0s  2.82 iters/s

running (02m07.9s), 024/100 VUs, 157 complete and 0 interrupted iterations
normal_day   [  21% ] 024/100 VUs  02m07.9s/10m0s  2.84 iters/s

running (02m08.9s), 023/100 VUs, 161 complete and 0 interrupted iterations
normal_day   [  21% ] 023/100 VUs  02m08.9s/10m0s  2.86 iters/s

running (02m09.9s), 025/100 VUs, 162 complete and 0 interrupted iterations
normal_day   [  22% ] 025/100 VUs  02m09.9s/10m0s  2.89 iters/s

running (02m10.9s), 026/100 VUs, 164 complete and 0 interrupted iterations
normal_day   [  22% ] 026/100 VUs  02m10.9s/10m0s  2.91 iters/s

running (02m11.9s), 025/100 VUs, 168 complete and 0 interrupted iterations
normal_day   [  22% ] 025/100 VUs  02m11.9s/10m0s  2.93 iters/s

running (02m12.9s), 024/100 VUs, 172 complete and 0 interrupted iterations
normal_day   [  22% ] 024/100 VUs  02m12.9s/10m0s  2.96 iters/s

running (02m13.9s), 024/100 VUs, 175 complete and 0 interrupted iterations
normal_day   [  22% ] 024/100 VUs  02m13.9s/10m0s  2.98 iters/s

running (02m14.9s), 024/100 VUs, 178 complete and 0 interrupted iterations
normal_day   [  22% ] 024/100 VUs  02m14.9s/10m0s  3.00 iters/s

running (02m15.9s), 025/100 VUs, 180 complete and 0 interrupted iterations
normal_day   [  23% ] 025/100 VUs  02m15.9s/10m0s  3.02 iters/s

running (02m16.9s), 026/100 VUs, 182 complete and 0 interrupted iterations
normal_day   [  23% ] 026/100 VUs  02m16.9s/10m0s  3.04 iters/s

running (02m17.9s), 027/100 VUs, 184 complete and 0 interrupted iterations
normal_day   [  23% ] 027/100 VUs  02m17.9s/10m0s  3.07 iters/s

running (02m18.9s), 028/100 VUs, 186 complete and 0 interrupted iterations
normal_day   [  23% ] 028/100 VUs  02m18.9s/10m0s  3.09 iters/s

running (02m19.9s), 030/100 VUs, 187 complete and 0 interrupted iterations
normal_day   [  23% ] 030/100 VUs  02m19.9s/10m0s  3.11 iters/s

running (02m20.9s), 030/100 VUs, 190 complete and 0 interrupted iterations
normal_day   [  23% ] 030/100 VUs  02m20.9s/10m0s  3.13 iters/s

running (02m21.9s), 028/100 VUs, 195 complete and 0 interrupted iterations
normal_day   [  24% ] 028/100 VUs  02m21.9s/10m0s  3.15 iters/s

running (02m22.9s), 030/100 VUs, 196 complete and 0 interrupted iterations
normal_day   [  24% ] 030/100 VUs  02m22.9s/10m0s  3.17 iters/s

running (02m23.9s), 029/100 VUs, 201 complete and 0 interrupted iterations
normal_day   [  24% ] 029/100 VUs  02m23.9s/10m0s  3.20 iters/s

running (02m24.9s), 031/100 VUs, 202 complete and 0 interrupted iterations
normal_day   [  24% ] 031/100 VUs  02m24.9s/10m0s  3.22 iters/s

running (02m25.9s), 029/100 VUs, 207 complete and 0 interrupted iterations
normal_day   [  24% ] 029/100 VUs  02m25.9s/10m0s  3.24 iters/s

running (02m26.9s), 028/100 VUs, 211 complete and 0 interrupted iterations
normal_day   [  24% ] 028/100 VUs  02m26.9s/10m0s  3.26 iters/s

running (02m27.9s), 030/100 VUs, 213 complete and 0 interrupted iterations
normal_day   [  25% ] 030/100 VUs  02m27.9s/10m0s  3.29 iters/s

running (02m28.9s), 031/100 VUs, 215 complete and 0 interrupted iterations
normal_day   [  25% ] 031/100 VUs  02m28.9s/10m0s  3.31 iters/s

running (02m29.9s), 030/100 VUs, 219 complete and 0 interrupted iterations
normal_day   [  25% ] 030/100 VUs  02m29.9s/10m0s  3.33 iters/s

running (02m30.9s), 029/100 VUs, 224 complete and 0 interrupted iterations
normal_day   [  25% ] 029/100 VUs  02m30.9s/10m0s  3.36 iters/s

running (02m31.9s), 031/100 VUs, 225 complete and 0 interrupted iterations
normal_day   [  25% ] 031/100 VUs  02m31.9s/10m0s  3.38 iters/s

running (02m32.9s), 032/100 VUs, 227 complete and 0 interrupted iterations
normal_day   [  25% ] 032/100 VUs  02m32.9s/10m0s  3.40 iters/s

running (02m33.9s), 030/100 VUs, 233 complete and 0 interrupted iterations
normal_day   [  26% ] 030/100 VUs  02m33.9s/10m0s  3.42 iters/s

running (02m34.9s), 032/100 VUs, 234 complete and 0 interrupted iterations
normal_day   [  26% ] 032/100 VUs  02m34.9s/10m0s  3.44 iters/s

running (02m35.9s), 033/100 VUs, 237 complete and 0 interrupted iterations
normal_day   [  26% ] 033/100 VUs  02m35.9s/10m0s  3.47 iters/s

running (02m36.9s), 032/100 VUs, 241 complete and 0 interrupted iterations
normal_day   [  26% ] 032/100 VUs  02m36.9s/10m0s  3.49 iters/s

running (02m37.9s), 033/100 VUs, 244 complete and 0 interrupted iterations
normal_day   [  26% ] 033/100 VUs  02m37.9s/10m0s  3.51 iters/s

running (02m38.9s), 034/100 VUs, 246 complete and 0 interrupted iterations
normal_day   [  26% ] 034/100 VUs  02m38.9s/10m0s  3.53 iters/s

running (02m39.9s), 036/100 VUs, 248 complete and 0 interrupted iterations
normal_day   [  27% ] 036/100 VUs  02m39.9s/10m0s  3.56 iters/s

running (02m40.9s), 035/100 VUs, 252 complete and 0 interrupted iterations
normal_day   [  27% ] 035/100 VUs  02m40.9s/10m0s  3.57 iters/s

running (02m41.9s), 036/100 VUs, 255 complete and 0 interrupted iterations
normal_day   [  27% ] 036/100 VUs  02m41.9s/10m0s  3.60 iters/s

running (02m42.9s), 037/100 VUs, 257 complete and 0 interrupted iterations
normal_day   [  27% ] 037/100 VUs  02m42.9s/10m0s  3.62 iters/s

running (02m43.9s), 040/100 VUs, 258 complete and 0 interrupted iterations
normal_day   [  27% ] 040/100 VUs  02m43.9s/10m0s  3.64 iters/s

running (02m44.9s), 042/100 VUs, 260 complete and 0 interrupted iterations
normal_day   [  27% ] 042/100 VUs  02m44.9s/10m0s  3.67 iters/s

running (02m45.9s), 044/100 VUs, 261 complete and 0 interrupted iterations
normal_day   [  28% ] 044/100 VUs  02m45.9s/10m0s  3.68 iters/s

running (02m46.9s), 046/100 VUs, 263 complete and 0 interrupted iterations
normal_day   [  28% ] 046/100 VUs  02m46.9s/10m0s  3.71 iters/s

running (02m47.9s), 042/100 VUs, 271 complete and 0 interrupted iterations
normal_day   [  28% ] 042/100 VUs  02m47.9s/10m0s  3.73 iters/s

running (02m48.9s), 040/100 VUs, 276 complete and 0 interrupted iterations
normal_day   [  28% ] 040/100 VUs  02m48.9s/10m0s  3.75 iters/s

running (02m49.9s), 039/100 VUs, 281 complete and 0 interrupted iterations
normal_day   [  28% ] 039/100 VUs  02m49.9s/10m0s  3.77 iters/s

running (02m50.9s), 041/100 VUs, 283 complete and 0 interrupted iterations
normal_day   [  28% ] 041/100 VUs  02m50.9s/10m0s  3.80 iters/s

running (02m51.9s), 039/100 VUs, 289 complete and 0 interrupted iterations
normal_day   [  29% ] 039/100 VUs  02m51.9s/10m0s  3.82 iters/s

running (02m52.9s), 042/100 VUs, 290 complete and 0 interrupted iterations
normal_day   [  29% ] 042/100 VUs  02m52.9s/10m0s  3.84 iters/s

running (02m53.9s), 044/100 VUs, 292 complete and 0 interrupted iterations
normal_day   [  29% ] 044/100 VUs  02m53.9s/10m0s  3.87 iters/s

running (02m54.9s), 042/100 VUs, 297 complete and 0 interrupted iterations
normal_day   [  29% ] 042/100 VUs  02m54.9s/10m0s  3.88 iters/s

running (02m55.9s), 040/100 VUs, 303 complete and 0 interrupted iterations
normal_day   [  29% ] 040/100 VUs  02m55.9s/10m0s  3.91 iters/s

running (02m56.9s), 042/100 VUs, 305 complete and 0 interrupted iterations
normal_day   [  29% ] 042/100 VUs  02m56.9s/10m0s  3.93 iters/s

running (02m57.9s), 038/100 VUs, 313 complete and 0 interrupted iterations
normal_day   [  30% ] 038/100 VUs  02m57.9s/10m0s  3.95 iters/s

running (02m58.9s), 038/100 VUs, 317 complete and 0 interrupted iterations
normal_day   [  30% ] 038/100 VUs  02m58.9s/10m0s  3.97 iters/s

running (02m59.9s), 035/100 VUs, 324 complete and 0 interrupted iterations
normal_day   [  30% ] 035/100 VUs  02m59.9s/10m0s  4.00 iters/s

running (03m00.9s), 037/100 VUs, 326 complete and 0 interrupted iterations
normal_day   [  30% ] 037/100 VUs  03m00.9s/10m0s  4.00 iters/s

running (03m01.9s), 039/100 VUs, 328 complete and 0 interrupted iterations
normal_day   [  30% ] 039/100 VUs  03m01.9s/10m0s  4.00 iters/s

running (03m02.9s), 041/100 VUs, 330 complete and 0 interrupted iterations
normal_day   [  30% ] 041/100 VUs  03m02.9s/10m0s  4.00 iters/s

running (03m03.9s), 038/100 VUs, 337 complete and 0 interrupted iterations
normal_day   [  31% ] 038/100 VUs  03m03.9s/10m0s  4.00 iters/s

running (03m04.9s), 039/100 VUs, 340 complete and 0 interrupted iterations
normal_day   [  31% ] 039/100 VUs  03m04.9s/10m0s  4.00 iters/s

running (03m05.9s), 043/100 VUs, 340 complete and 0 interrupted iterations
normal_day   [  31% ] 043/100 VUs  03m05.9s/10m0s  4.00 iters/s

running (03m06.9s), 041/100 VUs, 346 complete and 0 interrupted iterations
normal_day   [  31% ] 041/100 VUs  03m06.9s/10m0s  4.00 iters/s

running (03m07.9s), 040/100 VUs, 351 complete and 0 interrupted iterations
normal_day   [  31% ] 040/100 VUs  03m07.9s/10m0s  4.00 iters/s

running (03m08.9s), 040/100 VUs, 355 complete and 0 interrupted iterations
normal_day   [  31% ] 040/100 VUs  03m08.9s/10m0s  4.00 iters/s

running (03m09.9s), 040/100 VUs, 359 complete and 0 interrupted iterations
normal_day   [  32% ] 040/100 VUs  03m09.9s/10m0s  4.00 iters/s

running (03m10.9s), 040/100 VUs, 363 complete and 0 interrupted iterations
normal_day   [  32% ] 040/100 VUs  03m10.9s/10m0s  4.00 iters/s

running (03m11.9s), 038/100 VUs, 369 complete and 0 interrupted iterations
normal_day   [  32% ] 038/100 VUs  03m11.9s/10m0s  4.00 iters/s

running (03m12.9s), 041/100 VUs, 370 complete and 0 interrupted iterations
normal_day   [  32% ] 041/100 VUs  03m12.9s/10m0s  4.00 iters/s

running (03m13.9s), 044/100 VUs, 371 complete and 0 interrupted iterations
normal_day   [  32% ] 044/100 VUs  03m13.9s/10m0s  4.00 iters/s

running (03m14.9s), 044/100 VUs, 375 complete and 0 interrupted iterations
normal_day   [  32% ] 044/100 VUs  03m14.9s/10m0s  4.00 iters/s

running (03m15.9s), 046/100 VUs, 377 complete and 0 interrupted iterations
normal_day   [  33% ] 046/100 VUs  03m15.9s/10m0s  4.00 iters/s

running (03m16.9s), 044/100 VUs, 383 complete and 0 interrupted iterations
normal_day   [  33% ] 044/100 VUs  03m16.9s/10m0s  4.00 iters/s

running (03m17.9s), 041/100 VUs, 390 complete and 0 interrupted iterations
normal_day   [  33% ] 041/100 VUs  03m17.9s/10m0s  4.00 iters/s

running (03m18.9s), 041/100 VUs, 394 complete and 0 interrupted iterations
normal_day   [  33% ] 041/100 VUs  03m18.9s/10m0s  4.00 iters/s

running (03m19.9s), 039/100 VUs, 400 complete and 0 interrupted iterations
normal_day   [  33% ] 039/100 VUs  03m19.9s/10m0s  4.00 iters/s

running (03m20.9s), 041/100 VUs, 402 complete and 0 interrupted iterations
normal_day   [  33% ] 041/100 VUs  03m20.9s/10m0s  4.00 iters/s

running (03m21.9s), 040/100 VUs, 407 complete and 0 interrupted iterations
normal_day   [  34% ] 040/100 VUs  03m21.9s/10m0s  4.00 iters/s

running (03m22.9s), 042/100 VUs, 409 complete and 0 interrupted iterations
normal_day   [  34% ] 042/100 VUs  03m22.9s/10m0s  4.00 iters/s

running (03m23.9s), 039/100 VUs, 416 complete and 0 interrupted iterations
normal_day   [  34% ] 039/100 VUs  03m23.9s/10m0s  4.00 iters/s

running (03m24.9s), 037/100 VUs, 422 complete and 0 interrupted iterations
normal_day   [  34% ] 037/100 VUs  03m24.9s/10m0s  4.00 iters/s

running (03m25.9s), 038/100 VUs, 425 complete and 0 interrupted iterations
normal_day   [  34% ] 038/100 VUs  03m25.9s/10m0s  4.00 iters/s

running (03m26.9s), 037/100 VUs, 430 complete and 0 interrupted iterations
normal_day   [  34% ] 037/100 VUs  03m26.9s/10m0s  4.00 iters/s

running (03m27.9s), 032/100 VUs, 439 complete and 0 interrupted iterations
normal_day   [  35% ] 032/100 VUs  03m27.9s/10m0s  4.00 iters/s

running (03m28.9s), 031/100 VUs, 444 complete and 0 interrupted iterations
normal_day   [  35% ] 031/100 VUs  03m28.9s/10m0s  4.00 iters/s

running (03m29.9s), 031/100 VUs, 448 complete and 0 interrupted iterations
normal_day   [  35% ] 031/100 VUs  03m29.9s/10m0s  4.00 iters/s

running (03m30.9s), 033/100 VUs, 450 complete and 0 interrupted iterations
normal_day   [  35% ] 033/100 VUs  03m30.9s/10m0s  4.00 iters/s

running (03m31.9s), 031/100 VUs, 456 complete and 0 interrupted iterations
normal_day   [  35% ] 031/100 VUs  03m31.9s/10m0s  4.00 iters/s

running (03m32.9s), 028/100 VUs, 463 complete and 0 interrupted iterations
normal_day   [  35% ] 028/100 VUs  03m32.9s/10m0s  4.00 iters/s

running (03m33.9s), 029/100 VUs, 466 complete and 0 interrupted iterations
normal_day   [  36% ] 029/100 VUs  03m33.9s/10m0s  4.00 iters/s

running (03m34.9s), 032/100 VUs, 467 complete and 0 interrupted iterations
normal_day   [  36% ] 032/100 VUs  03m34.9s/10m0s  4.00 iters/s

running (03m35.9s), 034/100 VUs, 469 complete and 0 interrupted iterations
normal_day   [  36% ] 034/100 VUs  03m35.9s/10m0s  4.00 iters/s

running (03m36.9s), 034/100 VUs, 473 complete and 0 interrupted iterations
normal_day   [  36% ] 034/100 VUs  03m36.9s/10m0s  4.00 iters/s

running (03m37.9s), 036/100 VUs, 475 complete and 0 interrupted iterations
normal_day   [  36% ] 036/100 VUs  03m37.9s/10m0s  4.00 iters/s

running (03m38.9s), 038/100 VUs, 477 complete and 0 interrupted iterations
normal_day   [  36% ] 038/100 VUs  03m38.9s/10m0s  4.00 iters/s

running (03m39.9s), 040/100 VUs, 479 complete and 0 interrupted iterations
normal_day   [  37% ] 040/100 VUs  03m39.9s/10m0s  4.00 iters/s

running (03m40.9s), 035/100 VUs, 488 complete and 0 interrupted iterations
normal_day   [  37% ] 035/100 VUs  03m40.9s/10m0s  4.00 iters/s

running (03m41.9s), 035/100 VUs, 492 complete and 0 interrupted iterations
normal_day   [  37% ] 035/100 VUs  03m41.9s/10m0s  4.00 iters/s

running (03m42.9s), 033/100 VUs, 498 complete and 0 interrupted iterations
normal_day   [  37% ] 033/100 VUs  03m42.9s/10m0s  4.00 iters/s

running (03m43.9s), 034/100 VUs, 501 complete and 0 interrupted iterations
normal_day   [  37% ] 034/100 VUs  03m43.9s/10m0s  4.00 iters/s

running (03m44.9s), 036/100 VUs, 503 complete and 0 interrupted iterations
normal_day   [  37% ] 036/100 VUs  03m44.9s/10m0s  4.00 iters/s

running (03m45.9s), 037/100 VUs, 506 complete and 0 interrupted iterations
normal_day   [  38% ] 037/100 VUs  03m45.9s/10m0s  4.00 iters/s

running (03m46.9s), 040/100 VUs, 507 complete and 0 interrupted iterations
normal_day   [  38% ] 040/100 VUs  03m46.9s/10m0s  4.00 iters/s

running (03m47.9s), 039/100 VUs, 512 complete and 0 interrupted iterations
normal_day   [  38% ] 039/100 VUs  03m47.9s/10m0s  4.00 iters/s

running (03m48.9s), 039/100 VUs, 516 complete and 0 interrupted iterations
normal_day   [  38% ] 039/100 VUs  03m48.9s/10m0s  4.00 iters/s

running (03m49.9s), 038/100 VUs, 521 complete and 0 interrupted iterations
normal_day   [  38% ] 038/100 VUs  03m49.9s/10m0s  4.00 iters/s

running (03m50.9s), 039/100 VUs, 524 complete and 0 interrupted iterations
normal_day   [  38% ] 039/100 VUs  03m50.9s/10m0s  4.00 iters/s

running (03m51.9s), 043/100 VUs, 524 complete and 0 interrupted iterations
normal_day   [  39% ] 043/100 VUs  03m51.9s/10m0s  4.00 iters/s

running (03m52.9s), 043/100 VUs, 528 complete and 0 interrupted iterations
normal_day   [  39% ] 043/100 VUs  03m52.9s/10m0s  4.00 iters/s

running (03m53.9s), 043/100 VUs, 532 complete and 0 interrupted iterations
normal_day   [  39% ] 043/100 VUs  03m53.9s/10m0s  4.00 iters/s

running (03m54.9s), 040/100 VUs, 539 complete and 0 interrupted iterations
normal_day   [  39% ] 040/100 VUs  03m54.9s/10m0s  4.00 iters/s

running (03m55.9s), 040/100 VUs, 543 complete and 0 interrupted iterations
normal_day   [  39% ] 040/100 VUs  03m55.9s/10m0s  4.00 iters/s

running (03m56.9s), 039/100 VUs, 548 complete and 0 interrupted iterations
normal_day   [  39% ] 039/100 VUs  03m56.9s/10m0s  4.00 iters/s

running (03m57.9s), 040/100 VUs, 551 complete and 0 interrupted iterations
normal_day   [  40% ] 040/100 VUs  03m57.9s/10m0s  4.00 iters/s

running (03m58.9s), 042/100 VUs, 553 complete and 0 interrupted iterations
normal_day   [  40% ] 042/100 VUs  03m58.9s/10m0s  4.00 iters/s

running (03m59.9s), 041/100 VUs, 558 complete and 0 interrupted iterations
normal_day   [  40% ] 041/100 VUs  03m59.9s/10m0s  4.00 iters/s

running (04m00.9s), 040/100 VUs, 563 complete and 0 interrupted iterations
normal_day   [  40% ] 040/100 VUs  04m00.9s/10m0s  4.00 iters/s

running (04m01.9s), 041/100 VUs, 566 complete and 0 interrupted iterations
normal_day   [  40% ] 041/100 VUs  04m01.9s/10m0s  4.00 iters/s

running (04m02.9s), 039/100 VUs, 572 complete and 0 interrupted iterations
normal_day   [  40% ] 039/100 VUs  04m02.9s/10m0s  4.00 iters/s

running (04m03.9s), 039/100 VUs, 576 complete and 0 interrupted iterations
normal_day   [  41% ] 039/100 VUs  04m03.9s/10m0s  4.00 iters/s

running (04m04.9s), 039/100 VUs, 580 complete and 0 interrupted iterations
normal_day   [  41% ] 039/100 VUs  04m04.9s/10m0s  4.00 iters/s

running (04m05.9s), 036/100 VUs, 587 complete and 0 interrupted iterations
normal_day   [  41% ] 036/100 VUs  04m05.9s/10m0s  4.00 iters/s

running (04m06.9s), 036/100 VUs, 591 complete and 0 interrupted iterations
normal_day   [  41% ] 036/100 VUs  04m06.9s/10m0s  4.00 iters/s

running (04m07.9s), 032/100 VUs, 599 complete and 0 interrupted iterations
normal_day   [  41% ] 032/100 VUs  04m07.9s/10m0s  4.00 iters/s

running (04m08.9s), 036/100 VUs, 599 complete and 0 interrupted iterations
normal_day   [  41% ] 036/100 VUs  04m08.9s/10m0s  4.00 iters/s

running (04m09.9s), 034/100 VUs, 605 complete and 0 interrupted iterations
normal_day   [  42% ] 034/100 VUs  04m09.9s/10m0s  4.00 iters/s

running (04m10.9s), 036/100 VUs, 607 complete and 0 interrupted iterations
normal_day   [  42% ] 036/100 VUs  04m10.9s/10m0s  4.00 iters/s

running (04m11.9s), 035/100 VUs, 612 complete and 0 interrupted iterations
normal_day   [  42% ] 035/100 VUs  04m11.9s/10m0s  4.00 iters/s

running (04m12.9s), 035/100 VUs, 616 complete and 0 interrupted iterations
normal_day   [  42% ] 035/100 VUs  04m12.9s/10m0s  4.00 iters/s

running (04m13.9s), 034/100 VUs, 621 complete and 0 interrupted iterations
normal_day   [  42% ] 034/100 VUs  04m13.9s/10m0s  4.00 iters/s

running (04m14.9s), 035/100 VUs, 624 complete and 0 interrupted iterations
normal_day   [  42% ] 035/100 VUs  04m14.9s/10m0s  4.00 iters/s

running (04m15.9s), 034/100 VUs, 629 complete and 0 interrupted iterations
normal_day   [  43% ] 034/100 VUs  04m15.9s/10m0s  4.00 iters/s

running (04m16.9s), 036/100 VUs, 631 complete and 0 interrupted iterations
normal_day   [  43% ] 036/100 VUs  04m16.9s/10m0s  4.00 iters/s

running (04m17.9s), 036/100 VUs, 635 complete and 0 interrupted iterations
normal_day   [  43% ] 036/100 VUs  04m17.9s/10m0s  4.00 iters/s

running (04m18.9s), 040/100 VUs, 635 complete and 0 interrupted iterations
normal_day   [  43% ] 040/100 VUs  04m18.9s/10m0s  4.00 iters/s

running (04m19.9s), 042/100 VUs, 637 complete and 0 interrupted iterations
normal_day   [  43% ] 042/100 VUs  04m19.9s/10m0s  4.00 iters/s

running (04m20.9s), 041/100 VUs, 642 complete and 0 interrupted iterations
normal_day   [  43% ] 041/100 VUs  04m20.9s/10m0s  4.00 iters/s

running (04m21.9s), 042/100 VUs, 645 complete and 0 interrupted iterations
normal_day   [  44% ] 042/100 VUs  04m21.9s/10m0s  4.00 iters/s

running (04m22.9s), 041/100 VUs, 650 complete and 0 interrupted iterations
normal_day   [  44% ] 041/100 VUs  04m22.9s/10m0s  4.00 iters/s

running (04m23.9s), 039/100 VUs, 656 complete and 0 interrupted iterations
normal_day   [  44% ] 039/100 VUs  04m23.9s/10m0s  4.00 iters/s

running (04m24.9s), 042/100 VUs, 657 complete and 0 interrupted iterations
normal_day   [  44% ] 042/100 VUs  04m24.9s/10m0s  4.00 iters/s

running (04m25.9s), 042/100 VUs, 661 complete and 0 interrupted iterations
normal_day   [  44% ] 042/100 VUs  04m25.9s/10m0s  4.00 iters/s

running (04m26.9s), 043/100 VUs, 664 complete and 0 interrupted iterations
normal_day   [  44% ] 043/100 VUs  04m26.9s/10m0s  4.00 iters/s

running (04m27.9s), 043/100 VUs, 668 complete and 0 interrupted iterations
normal_day   [  45% ] 043/100 VUs  04m27.9s/10m0s  4.00 iters/s

running (04m28.9s), 042/100 VUs, 673 complete and 0 interrupted iterations
normal_day   [  45% ] 042/100 VUs  04m28.9s/10m0s  4.00 iters/s

running (04m29.9s), 043/100 VUs, 676 complete and 0 interrupted iterations
normal_day   [  45% ] 043/100 VUs  04m29.9s/10m0s  4.00 iters/s

running (04m30.9s), 041/100 VUs, 682 complete and 0 interrupted iterations
normal_day   [  45% ] 041/100 VUs  04m30.9s/10m0s  4.00 iters/s

running (04m31.9s), 041/100 VUs, 686 complete and 0 interrupted iterations
normal_day   [  45% ] 041/100 VUs  04m31.9s/10m0s  4.00 iters/s

running (04m32.9s), 042/100 VUs, 689 complete and 0 interrupted iterations
normal_day   [  45% ] 042/100 VUs  04m32.9s/10m0s  4.00 iters/s

running (04m33.9s), 043/100 VUs, 692 complete and 0 interrupted iterations
normal_day   [  46% ] 043/100 VUs  04m33.9s/10m0s  4.00 iters/s

running (04m34.9s), 042/100 VUs, 697 complete and 0 interrupted iterations
normal_day   [  46% ] 042/100 VUs  04m34.9s/10m0s  4.00 iters/s

running (04m35.9s), 042/100 VUs, 701 complete and 0 interrupted iterations
normal_day   [  46% ] 042/100 VUs  04m35.9s/10m0s  4.00 iters/s

running (04m36.9s), 044/100 VUs, 703 complete and 0 interrupted iterations
normal_day   [  46% ] 044/100 VUs  04m36.9s/10m0s  4.00 iters/s

running (04m37.9s), 041/100 VUs, 710 complete and 0 interrupted iterations
normal_day   [  46% ] 041/100 VUs  04m37.9s/10m0s  4.00 iters/s

running (04m38.9s), 042/100 VUs, 713 complete and 0 interrupted iterations
normal_day   [  46% ] 042/100 VUs  04m38.9s/10m0s  4.00 iters/s

running (04m39.9s), 043/100 VUs, 716 complete and 0 interrupted iterations
normal_day   [  47% ] 043/100 VUs  04m39.9s/10m0s  4.00 iters/s

running (04m40.9s), 042/100 VUs, 721 complete and 0 interrupted iterations
normal_day   [  47% ] 042/100 VUs  04m40.9s/10m0s  4.00 iters/s

running (04m41.9s), 040/100 VUs, 727 complete and 0 interrupted iterations
normal_day   [  47% ] 040/100 VUs  04m41.9s/10m0s  4.00 iters/s

running (04m42.9s), 042/100 VUs, 729 complete and 0 interrupted iterations
normal_day   [  47% ] 042/100 VUs  04m42.9s/10m0s  4.00 iters/s

running (04m43.9s), 042/100 VUs, 733 complete and 0 interrupted iterations
normal_day   [  47% ] 042/100 VUs  04m43.9s/10m0s  4.00 iters/s

running (04m44.9s), 043/100 VUs, 736 complete and 0 interrupted iterations
normal_day   [  47% ] 043/100 VUs  04m44.9s/10m0s  4.00 iters/s

running (04m45.9s), 042/100 VUs, 741 complete and 0 interrupted iterations
normal_day   [  48% ] 042/100 VUs  04m45.9s/10m0s  4.00 iters/s

running (04m46.9s), 044/100 VUs, 743 complete and 0 interrupted iterations
normal_day   [  48% ] 044/100 VUs  04m46.9s/10m0s  4.00 iters/s

running (04m47.9s), 044/100 VUs, 747 complete and 0 interrupted iterations
normal_day   [  48% ] 044/100 VUs  04m47.9s/10m0s  4.00 iters/s

running (04m48.9s), 043/100 VUs, 752 complete and 0 interrupted iterations
normal_day   [  48% ] 043/100 VUs  04m48.9s/10m0s  4.00 iters/s

running (04m49.9s), 043/100 VUs, 756 complete and 0 interrupted iterations
normal_day   [  48% ] 043/100 VUs  04m49.9s/10m0s  4.00 iters/s

running (04m50.9s), 045/100 VUs, 758 complete and 0 interrupted iterations
normal_day   [  48% ] 045/100 VUs  04m50.9s/10m0s  4.00 iters/s

running (04m51.9s), 047/100 VUs, 760 complete and 0 interrupted iterations
normal_day   [  49% ] 047/100 VUs  04m51.9s/10m0s  4.00 iters/s

running (04m52.9s), 045/100 VUs, 766 complete and 0 interrupted iterations
normal_day   [  49% ] 045/100 VUs  04m52.9s/10m0s  4.00 iters/s

running (04m53.9s), 043/100 VUs, 772 complete and 0 interrupted iterations
normal_day   [  49% ] 043/100 VUs  04m53.9s/10m0s  4.00 iters/s

running (04m54.9s), 045/100 VUs, 774 complete and 0 interrupted iterations
normal_day   [  49% ] 045/100 VUs  04m54.9s/10m0s  4.00 iters/s

running (04m55.9s), 046/100 VUs, 777 complete and 0 interrupted iterations
normal_day   [  49% ] 046/100 VUs  04m55.9s/10m0s  4.00 iters/s

running (04m56.9s), 044/100 VUs, 783 complete and 0 interrupted iterations
normal_day   [  49% ] 044/100 VUs  04m56.9s/10m0s  4.00 iters/s

running (04m57.9s), 044/100 VUs, 787 complete and 0 interrupted iterations
normal_day   [  50% ] 044/100 VUs  04m57.9s/10m0s  4.00 iters/s

running (04m58.9s), 044/100 VUs, 791 complete and 0 interrupted iterations
normal_day   [  50% ] 044/100 VUs  04m58.9s/10m0s  4.00 iters/s

running (04m59.9s), 045/100 VUs, 794 complete and 0 interrupted iterations
normal_day   [  50% ] 045/100 VUs  04m59.9s/10m0s  4.00 iters/s

running (05m00.9s), 044/100 VUs, 799 complete and 0 interrupted iterations
normal_day   [  50% ] 044/100 VUs  05m00.9s/10m0s  4.00 iters/s

running (05m01.9s), 045/100 VUs, 802 complete and 0 interrupted iterations
normal_day   [  50% ] 045/100 VUs  05m01.9s/10m0s  4.00 iters/s

running (05m02.9s), 042/100 VUs, 809 complete and 0 interrupted iterations
normal_day   [  50% ] 042/100 VUs  05m02.9s/10m0s  4.00 iters/s

running (05m03.9s), 041/100 VUs, 814 complete and 0 interrupted iterations
normal_day   [  51% ] 041/100 VUs  05m03.9s/10m0s  4.00 iters/s

running (05m04.9s), 042/100 VUs, 817 complete and 0 interrupted iterations
normal_day   [  51% ] 042/100 VUs  05m04.9s/10m0s  4.00 iters/s

running (05m05.9s), 041/100 VUs, 822 complete and 0 interrupted iterations
normal_day   [  51% ] 041/100 VUs  05m05.9s/10m0s  4.00 iters/s

running (05m06.9s), 040/100 VUs, 827 complete and 0 interrupted iterations
normal_day   [  51% ] 040/100 VUs  05m06.9s/10m0s  4.00 iters/s

running (05m07.9s), 041/100 VUs, 830 complete and 0 interrupted iterations
normal_day   [  51% ] 041/100 VUs  05m07.9s/10m0s  4.00 iters/s

running (05m08.9s), 042/100 VUs, 833 complete and 0 interrupted iterations
normal_day   [  51% ] 042/100 VUs  05m08.9s/10m0s  4.00 iters/s

running (05m09.9s), 044/100 VUs, 835 complete and 0 interrupted iterations
normal_day   [  52% ] 044/100 VUs  05m09.9s/10m0s  4.00 iters/s

running (05m10.9s), 043/100 VUs, 840 complete and 0 interrupted iterations
normal_day   [  52% ] 043/100 VUs  05m10.9s/10m0s  4.00 iters/s

running (05m11.9s), 045/100 VUs, 842 complete and 0 interrupted iterations
normal_day   [  52% ] 045/100 VUs  05m11.9s/10m0s  4.00 iters/s

running (05m12.9s), 043/100 VUs, 848 complete and 0 interrupted iterations
normal_day   [  52% ] 043/100 VUs  05m12.9s/10m0s  4.00 iters/s

running (05m13.9s), 042/100 VUs, 853 complete and 0 interrupted iterations
normal_day   [  52% ] 042/100 VUs  05m13.9s/10m0s  4.00 iters/s

running (05m14.9s), 040/100 VUs, 859 complete and 0 interrupted iterations
normal_day   [  52% ] 040/100 VUs  05m14.9s/10m0s  4.00 iters/s

running (05m15.9s), 039/100 VUs, 864 complete and 0 interrupted iterations
normal_day   [  53% ] 039/100 VUs  05m15.9s/10m0s  4.00 iters/s

running (05m16.9s), 037/100 VUs, 870 complete and 0 interrupted iterations
normal_day   [  53% ] 037/100 VUs  05m16.9s/10m0s  4.00 iters/s

running (05m17.9s), 037/100 VUs, 874 complete and 0 interrupted iterations
normal_day   [  53% ] 037/100 VUs  05m17.9s/10m0s  4.00 iters/s

running (05m18.9s), 036/100 VUs, 879 complete and 0 interrupted iterations
normal_day   [  53% ] 036/100 VUs  05m18.9s/10m0s  4.00 iters/s

running (05m19.9s), 038/100 VUs, 881 complete and 0 interrupted iterations
normal_day   [  53% ] 038/100 VUs  05m19.9s/10m0s  4.00 iters/s

running (05m20.9s), 039/100 VUs, 884 complete and 0 interrupted iterations
normal_day   [  53% ] 039/100 VUs  05m20.9s/10m0s  4.00 iters/s

running (05m21.9s), 039/100 VUs, 888 complete and 0 interrupted iterations
normal_day   [  54% ] 039/100 VUs  05m21.9s/10m0s  4.00 iters/s

running (05m22.9s), 038/100 VUs, 893 complete and 0 interrupted iterations
normal_day   [  54% ] 038/100 VUs  05m22.9s/10m0s  4.00 iters/s

running (05m23.9s), 036/100 VUs, 899 complete and 0 interrupted iterations
normal_day   [  54% ] 036/100 VUs  05m23.9s/10m0s  4.00 iters/s

running (05m24.9s), 032/100 VUs, 907 complete and 0 interrupted iterations
normal_day   [  54% ] 032/100 VUs  05m24.9s/10m0s  4.00 iters/s

running (05m25.9s), 031/100 VUs, 912 complete and 0 interrupted iterations
normal_day   [  54% ] 031/100 VUs  05m25.9s/10m0s  4.00 iters/s

running (05m26.9s), 034/100 VUs, 913 complete and 0 interrupted iterations
normal_day   [  54% ] 034/100 VUs  05m26.9s/10m0s  4.00 iters/s

running (05m27.9s), 033/100 VUs, 918 complete and 0 interrupted iterations
normal_day   [  55% ] 033/100 VUs  05m27.9s/10m0s  4.00 iters/s

running (05m28.9s), 035/100 VUs, 920 complete and 0 interrupted iterations
normal_day   [  55% ] 035/100 VUs  05m28.9s/10m0s  4.00 iters/s

running (05m29.9s), 032/100 VUs, 927 complete and 0 interrupted iterations
normal_day   [  55% ] 032/100 VUs  05m29.9s/10m0s  4.00 iters/s

running (05m30.9s), 033/100 VUs, 930 complete and 0 interrupted iterations
normal_day   [  55% ] 033/100 VUs  05m30.9s/10m0s  4.00 iters/s

running (05m31.9s), 035/100 VUs, 932 complete and 0 interrupted iterations
normal_day   [  55% ] 035/100 VUs  05m31.9s/10m0s  4.00 iters/s

running (05m32.9s), 036/100 VUs, 935 complete and 0 interrupted iterations
normal_day   [  55% ] 036/100 VUs  05m32.9s/10m0s  4.00 iters/s

running (05m33.9s), 034/100 VUs, 941 complete and 0 interrupted iterations
normal_day   [  56% ] 034/100 VUs  05m33.9s/10m0s  4.00 iters/s

running (05m34.9s), 036/100 VUs, 943 complete and 0 interrupted iterations
normal_day   [  56% ] 036/100 VUs  05m34.9s/10m0s  4.00 iters/s

running (05m35.9s), 036/100 VUs, 947 complete and 0 interrupted iterations
normal_day   [  56% ] 036/100 VUs  05m35.9s/10m0s  4.00 iters/s

running (05m36.9s), 037/100 VUs, 950 complete and 0 interrupted iterations
normal_day   [  56% ] 037/100 VUs  05m36.9s/10m0s  4.00 iters/s

running (05m37.9s), 038/100 VUs, 953 complete and 0 interrupted iterations
normal_day   [  56% ] 038/100 VUs  05m37.9s/10m0s  4.00 iters/s

running (05m38.9s), 040/100 VUs, 955 complete and 0 interrupted iterations
normal_day   [  56% ] 040/100 VUs  05m38.9s/10m0s  4.00 iters/s

running (05m39.9s), 041/100 VUs, 958 complete and 0 interrupted iterations
normal_day   [  57% ] 041/100 VUs  05m39.9s/10m0s  4.00 iters/s

running (05m40.9s), 041/100 VUs, 962 complete and 0 interrupted iterations
normal_day   [  57% ] 041/100 VUs  05m40.9s/10m0s  4.00 iters/s

running (05m41.9s), 042/100 VUs, 965 complete and 0 interrupted iterations
normal_day   [  57% ] 042/100 VUs  05m41.9s/10m0s  4.00 iters/s

running (05m42.9s), 043/100 VUs, 968 complete and 0 interrupted iterations
normal_day   [  57% ] 043/100 VUs  05m42.9s/10m0s  4.00 iters/s

running (05m43.9s), 044/100 VUs, 971 complete and 0 interrupted iterations
normal_day   [  57% ] 044/100 VUs  05m43.9s/10m0s  4.00 iters/s

running (05m44.9s), 043/100 VUs, 976 complete and 0 interrupted iterations
normal_day   [  57% ] 043/100 VUs  05m44.9s/10m0s  4.00 iters/s

running (05m45.9s), 041/100 VUs, 982 complete and 0 interrupted iterations
normal_day   [  58% ] 041/100 VUs  05m45.9s/10m0s  4.00 iters/s

running (05m46.9s), 040/100 VUs, 987 complete and 0 interrupted iterations
normal_day   [  58% ] 040/100 VUs  05m46.9s/10m0s  4.00 iters/s

running (05m47.9s), 040/100 VUs, 991 complete and 0 interrupted iterations
normal_day   [  58% ] 040/100 VUs  05m47.9s/10m0s  4.00 iters/s

running (05m48.9s), 041/100 VUs, 994 complete and 0 interrupted iterations
normal_day   [  58% ] 041/100 VUs  05m48.9s/10m0s  4.00 iters/s

running (05m49.9s), 039/100 VUs, 1000 complete and 0 interrupted iterations
normal_day   [  58% ] 039/100 VUs  05m49.9s/10m0s  4.00 iters/s

running (05m50.9s), 037/100 VUs, 1006 complete and 0 interrupted iterations
normal_day   [  58% ] 037/100 VUs  05m50.9s/10m0s  4.00 iters/s

running (05m51.9s), 036/100 VUs, 1011 complete and 0 interrupted iterations
normal_day   [  59% ] 036/100 VUs  05m51.9s/10m0s  4.00 iters/s

running (05m52.9s), 038/100 VUs, 1013 complete and 0 interrupted iterations
normal_day   [  59% ] 038/100 VUs  05m52.9s/10m0s  4.00 iters/s

running (05m53.9s), 037/100 VUs, 1018 complete and 0 interrupted iterations
normal_day   [  59% ] 037/100 VUs  05m53.9s/10m0s  4.00 iters/s

running (05m54.9s), 038/100 VUs, 1021 complete and 0 interrupted iterations
normal_day   [  59% ] 038/100 VUs  05m54.9s/10m0s  4.00 iters/s

running (05m55.9s), 040/100 VUs, 1023 complete and 0 interrupted iterations
normal_day   [  59% ] 040/100 VUs  05m55.9s/10m0s  4.00 iters/s

running (05m56.9s), 043/100 VUs, 1024 complete and 0 interrupted iterations
normal_day   [  59% ] 043/100 VUs  05m56.9s/10m0s  4.00 iters/s

running (05m57.9s), 044/100 VUs, 1027 complete and 0 interrupted iterations
normal_day   [  60% ] 044/100 VUs  05m57.9s/10m0s  4.00 iters/s

running (05m58.9s), 038/100 VUs, 1037 complete and 0 interrupted iterations
normal_day   [  60% ] 038/100 VUs  05m58.9s/10m0s  4.00 iters/s

running (05m59.9s), 041/100 VUs, 1038 complete and 0 interrupted iterations
normal_day   [  60% ] 041/100 VUs  05m59.9s/10m0s  4.00 iters/s

running (06m00.9s), 040/100 VUs, 1043 complete and 0 interrupted iterations
normal_day   [  60% ] 040/100 VUs  06m00.9s/10m0s  4.00 iters/s

running (06m01.9s), 040/100 VUs, 1047 complete and 0 interrupted iterations
normal_day   [  60% ] 040/100 VUs  06m01.9s/10m0s  4.00 iters/s

running (06m02.9s), 039/100 VUs, 1052 complete and 0 interrupted iterations
normal_day   [  60% ] 039/100 VUs  06m02.9s/10m0s  4.00 iters/s

running (06m03.9s), 039/100 VUs, 1056 complete and 0 interrupted iterations
normal_day   [  61% ] 039/100 VUs  06m03.9s/10m0s  4.00 iters/s

running (06m04.9s), 038/100 VUs, 1061 complete and 0 interrupted iterations
normal_day   [  61% ] 038/100 VUs  06m04.9s/10m0s  4.00 iters/s

running (06m05.9s), 041/100 VUs, 1062 complete and 0 interrupted iterations
normal_day   [  61% ] 041/100 VUs  06m05.9s/10m0s  4.00 iters/s

running (06m06.9s), 038/100 VUs, 1069 complete and 0 interrupted iterations
normal_day   [  61% ] 038/100 VUs  06m06.9s/10m0s  4.00 iters/s

running (06m07.9s), 039/100 VUs, 1072 complete and 0 interrupted iterations
normal_day   [  61% ] 039/100 VUs  06m07.9s/10m0s  4.00 iters/s

running (06m08.9s), 040/100 VUs, 1075 complete and 0 interrupted iterations
normal_day   [  61% ] 040/100 VUs  06m08.9s/10m0s  4.00 iters/s

running (06m09.9s), 039/100 VUs, 1080 complete and 0 interrupted iterations
normal_day   [  62% ] 039/100 VUs  06m09.9s/10m0s  4.00 iters/s

running (06m10.9s), 038/100 VUs, 1085 complete and 0 interrupted iterations
normal_day   [  62% ] 038/100 VUs  06m10.9s/10m0s  4.00 iters/s

running (06m11.9s), 038/100 VUs, 1089 complete and 0 interrupted iterations
normal_day   [  62% ] 038/100 VUs  06m11.9s/10m0s  4.00 iters/s

running (06m12.9s), 039/100 VUs, 1092 complete and 0 interrupted iterations
normal_day   [  62% ] 039/100 VUs  06m12.9s/10m0s  4.00 iters/s

running (06m13.9s), 039/100 VUs, 1096 complete and 0 interrupted iterations
normal_day   [  62% ] 039/100 VUs  06m13.9s/10m0s  4.00 iters/s

running (06m14.9s), 041/100 VUs, 1098 complete and 0 interrupted iterations
normal_day   [  62% ] 041/100 VUs  06m14.9s/10m0s  4.00 iters/s

running (06m15.9s), 040/100 VUs, 1103 complete and 0 interrupted iterations
normal_day   [  63% ] 040/100 VUs  06m15.9s/10m0s  4.00 iters/s

running (06m16.9s), 044/100 VUs, 1103 complete and 0 interrupted iterations
normal_day   [  63% ] 044/100 VUs  06m16.9s/10m0s  4.00 iters/s

running (06m17.9s), 046/100 VUs, 1105 complete and 0 interrupted iterations
normal_day   [  63% ] 046/100 VUs  06m17.9s/10m0s  4.00 iters/s

running (06m18.9s), 047/100 VUs, 1108 complete and 0 interrupted iterations
normal_day   [  63% ] 047/100 VUs  06m18.9s/10m0s  4.00 iters/s

running (06m19.9s), 044/100 VUs, 1115 complete and 0 interrupted iterations
normal_day   [  63% ] 044/100 VUs  06m19.9s/10m0s  4.00 iters/s

running (06m20.9s), 042/100 VUs, 1121 complete and 0 interrupted iterations
normal_day   [  63% ] 042/100 VUs  06m20.9s/10m0s  4.00 iters/s

running (06m21.9s), 041/100 VUs, 1126 complete and 0 interrupted iterations
normal_day   [  64% ] 041/100 VUs  06m21.9s/10m0s  4.00 iters/s

running (06m22.9s), 042/100 VUs, 1129 complete and 0 interrupted iterations
normal_day   [  64% ] 042/100 VUs  06m22.9s/10m0s  4.00 iters/s

running (06m23.9s), 043/100 VUs, 1132 complete and 0 interrupted iterations
normal_day   [  64% ] 043/100 VUs  06m23.9s/10m0s  4.00 iters/s

running (06m24.9s), 038/100 VUs, 1141 complete and 0 interrupted iterations
normal_day   [  64% ] 038/100 VUs  06m24.9s/10m0s  4.00 iters/s

running (06m25.9s), 037/100 VUs, 1146 complete and 0 interrupted iterations
normal_day   [  64% ] 037/100 VUs  06m25.9s/10m0s  4.00 iters/s

running (06m26.9s), 037/100 VUs, 1150 complete and 0 interrupted iterations
normal_day   [  64% ] 037/100 VUs  06m26.9s/10m0s  4.00 iters/s

running (06m27.9s), 039/100 VUs, 1152 complete and 0 interrupted iterations
normal_day   [  65% ] 039/100 VUs  06m27.9s/10m0s  4.00 iters/s

running (06m28.9s), 041/100 VUs, 1154 complete and 0 interrupted iterations
normal_day   [  65% ] 041/100 VUs  06m28.9s/10m0s  4.00 iters/s

running (06m29.9s), 042/100 VUs, 1157 complete and 0 interrupted iterations
normal_day   [  65% ] 042/100 VUs  06m29.9s/10m0s  4.00 iters/s

running (06m30.9s), 039/100 VUs, 1164 complete and 0 interrupted iterations
normal_day   [  65% ] 039/100 VUs  06m30.9s/10m0s  4.00 iters/s

running (06m31.9s), 040/100 VUs, 1167 complete and 0 interrupted iterations
normal_day   [  65% ] 040/100 VUs  06m31.9s/10m0s  4.00 iters/s

running (06m32.9s), 042/100 VUs, 1169 complete and 0 interrupted iterations
normal_day   [  65% ] 042/100 VUs  06m32.9s/10m0s  4.00 iters/s

running (06m33.9s), 043/100 VUs, 1172 complete and 0 interrupted iterations
normal_day   [  66% ] 043/100 VUs  06m33.9s/10m0s  4.00 iters/s

running (06m34.9s), 042/100 VUs, 1177 complete and 0 interrupted iterations
normal_day   [  66% ] 042/100 VUs  06m34.9s/10m0s  4.00 iters/s

running (06m35.9s), 042/100 VUs, 1181 complete and 0 interrupted iterations
normal_day   [  66% ] 042/100 VUs  06m35.9s/10m0s  4.00 iters/s

running (06m36.9s), 043/100 VUs, 1184 complete and 0 interrupted iterations
normal_day   [  66% ] 043/100 VUs  06m36.9s/10m0s  4.00 iters/s

running (06m37.9s), 044/100 VUs, 1187 complete and 0 interrupted iterations
normal_day   [  66% ] 044/100 VUs  06m37.9s/10m0s  4.00 iters/s

running (06m38.9s), 045/100 VUs, 1190 complete and 0 interrupted iterations
normal_day   [  66% ] 045/100 VUs  06m38.9s/10m0s  4.00 iters/s

running (06m39.9s), 042/100 VUs, 1197 complete and 0 interrupted iterations
normal_day   [  67% ] 042/100 VUs  06m39.9s/10m0s  4.00 iters/s

running (06m40.9s), 043/100 VUs, 1200 complete and 0 interrupted iterations
normal_day   [  67% ] 043/100 VUs  06m40.9s/10m0s  4.00 iters/s

running (06m41.9s), 041/100 VUs, 1206 complete and 0 interrupted iterations
normal_day   [  67% ] 041/100 VUs  06m41.9s/10m0s  4.00 iters/s

running (06m42.9s), 037/100 VUs, 1214 complete and 0 interrupted iterations
normal_day   [  67% ] 037/100 VUs  06m42.9s/10m0s  4.00 iters/s

running (06m43.9s), 037/100 VUs, 1218 complete and 0 interrupted iterations
normal_day   [  67% ] 037/100 VUs  06m43.9s/10m0s  4.00 iters/s

running (06m44.9s), 039/100 VUs, 1220 complete and 0 interrupted iterations
normal_day   [  67% ] 039/100 VUs  06m44.9s/10m0s  4.00 iters/s

running (06m45.9s), 038/100 VUs, 1225 complete and 0 interrupted iterations
normal_day   [  68% ] 038/100 VUs  06m45.9s/10m0s  4.00 iters/s

running (06m46.9s), 038/100 VUs, 1229 complete and 0 interrupted iterations
normal_day   [  68% ] 038/100 VUs  06m46.9s/10m0s  4.00 iters/s

running (06m47.9s), 040/100 VUs, 1231 complete and 0 interrupted iterations
normal_day   [  68% ] 040/100 VUs  06m47.9s/10m0s  4.00 iters/s

running (06m48.9s), 039/100 VUs, 1236 complete and 0 interrupted iterations
normal_day   [  68% ] 039/100 VUs  06m48.9s/10m0s  4.00 iters/s

running (06m49.9s), 040/100 VUs, 1239 complete and 0 interrupted iterations
normal_day   [  68% ] 040/100 VUs  06m49.9s/10m0s  4.00 iters/s

running (06m50.9s), 040/100 VUs, 1243 complete and 0 interrupted iterations
normal_day   [  68% ] 040/100 VUs  06m50.9s/10m0s  4.00 iters/s

running (06m51.9s), 040/100 VUs, 1247 complete and 0 interrupted iterations
normal_day   [  69% ] 040/100 VUs  06m51.9s/10m0s  4.00 iters/s

running (06m52.9s), 038/100 VUs, 1253 complete and 0 interrupted iterations
normal_day   [  69% ] 038/100 VUs  06m52.9s/10m0s  4.00 iters/s

running (06m53.9s), 037/100 VUs, 1258 complete and 0 interrupted iterations
normal_day   [  69% ] 037/100 VUs  06m53.9s/10m0s  4.00 iters/s

running (06m54.9s), 037/100 VUs, 1262 complete and 0 interrupted iterations
normal_day   [  69% ] 037/100 VUs  06m54.9s/10m0s  4.00 iters/s

running (06m55.9s), 040/100 VUs, 1263 complete and 0 interrupted iterations
normal_day   [  69% ] 040/100 VUs  06m55.9s/10m0s  4.00 iters/s

running (06m56.9s), 040/100 VUs, 1267 complete and 0 interrupted iterations
normal_day   [  69% ] 040/100 VUs  06m56.9s/10m0s  4.00 iters/s

running (06m57.9s), 042/100 VUs, 1269 complete and 0 interrupted iterations
normal_day   [  70% ] 042/100 VUs  06m57.9s/10m0s  4.00 iters/s

running (06m58.9s), 043/100 VUs, 1272 complete and 0 interrupted iterations
normal_day   [  70% ] 043/100 VUs  06m58.9s/10m0s  4.00 iters/s

running (06m59.9s), 043/100 VUs, 1276 complete and 0 interrupted iterations
normal_day   [  70% ] 043/100 VUs  06m59.9s/10m0s  4.00 iters/s

running (07m00.9s), 043/100 VUs, 1280 complete and 0 interrupted iterations
normal_day   [  70% ] 043/100 VUs  07m00.9s/10m0s  4.00 iters/s

running (07m01.9s), 038/100 VUs, 1289 complete and 0 interrupted iterations
normal_day   [  70% ] 038/100 VUs  07m01.9s/10m0s  4.00 iters/s

running (07m02.9s), 040/100 VUs, 1291 complete and 0 interrupted iterations
normal_day   [  70% ] 040/100 VUs  07m02.9s/10m0s  4.00 iters/s

running (07m03.9s), 043/100 VUs, 1292 complete and 0 interrupted iterations
normal_day   [  71% ] 043/100 VUs  07m03.9s/10m0s  4.00 iters/s

running (07m04.9s), 043/100 VUs, 1296 complete and 0 interrupted iterations
normal_day   [  71% ] 043/100 VUs  07m04.9s/10m0s  4.00 iters/s

running (07m05.9s), 044/100 VUs, 1299 complete and 0 interrupted iterations
normal_day   [  71% ] 044/100 VUs  07m05.9s/10m0s  4.00 iters/s

running (07m06.9s), 044/100 VUs, 1303 complete and 0 interrupted iterations
normal_day   [  71% ] 044/100 VUs  07m06.9s/10m0s  4.00 iters/s

running (07m07.9s), 046/100 VUs, 1305 complete and 0 interrupted iterations
normal_day   [  71% ] 046/100 VUs  07m07.9s/10m0s  4.00 iters/s

running (07m08.9s), 044/100 VUs, 1311 complete and 0 interrupted iterations
normal_day   [  71% ] 044/100 VUs  07m08.9s/10m0s  4.00 iters/s

running (07m09.9s), 039/100 VUs, 1320 complete and 0 interrupted iterations
normal_day   [  72% ] 039/100 VUs  07m09.9s/10m0s  4.00 iters/s

running (07m10.9s), 038/100 VUs, 1325 complete and 0 interrupted iterations
normal_day   [  72% ] 038/100 VUs  07m10.9s/10m0s  4.00 iters/s

running (07m11.9s), 040/100 VUs, 1327 complete and 0 interrupted iterations
normal_day   [  72% ] 040/100 VUs  07m11.9s/10m0s  4.00 iters/s

running (07m12.9s), 043/100 VUs, 1328 complete and 0 interrupted iterations
normal_day   [  72% ] 043/100 VUs  07m12.9s/10m0s  4.00 iters/s

running (07m13.9s), 039/100 VUs, 1336 complete and 0 interrupted iterations
normal_day   [  72% ] 039/100 VUs  07m13.9s/10m0s  4.00 iters/s

running (07m14.9s), 035/100 VUs, 1344 complete and 0 interrupted iterations
normal_day   [  72% ] 035/100 VUs  07m14.9s/10m0s  4.00 iters/s

running (07m15.9s), 035/100 VUs, 1348 complete and 0 interrupted iterations
normal_day   [  73% ] 035/100 VUs  07m15.9s/10m0s  4.00 iters/s

running (07m16.9s), 031/100 VUs, 1356 complete and 0 interrupted iterations
normal_day   [  73% ] 031/100 VUs  07m16.9s/10m0s  4.00 iters/s

running (07m17.9s), 033/100 VUs, 1358 complete and 0 interrupted iterations
normal_day   [  73% ] 033/100 VUs  07m17.9s/10m0s  4.00 iters/s

running (07m18.9s), 035/100 VUs, 1360 complete and 0 interrupted iterations
normal_day   [  73% ] 035/100 VUs  07m18.9s/10m0s  4.00 iters/s

running (07m19.9s), 036/100 VUs, 1363 complete and 0 interrupted iterations
normal_day   [  73% ] 036/100 VUs  07m19.9s/10m0s  4.00 iters/s

running (07m20.9s), 036/100 VUs, 1367 complete and 0 interrupted iterations
normal_day   [  73% ] 036/100 VUs  07m20.9s/10m0s  4.00 iters/s

running (07m21.9s), 038/100 VUs, 1369 complete and 0 interrupted iterations
normal_day   [  74% ] 038/100 VUs  07m21.9s/10m0s  4.00 iters/s

running (07m22.9s), 040/100 VUs, 1371 complete and 0 interrupted iterations
normal_day   [  74% ] 040/100 VUs  07m22.9s/10m0s  4.00 iters/s

running (07m23.9s), 038/100 VUs, 1377 complete and 0 interrupted iterations
normal_day   [  74% ] 038/100 VUs  07m23.9s/10m0s  4.00 iters/s

running (07m24.9s), 042/100 VUs, 1377 complete and 0 interrupted iterations
normal_day   [  74% ] 042/100 VUs  07m24.9s/10m0s  4.00 iters/s

running (07m25.9s), 041/100 VUs, 1382 complete and 0 interrupted iterations
normal_day   [  74% ] 041/100 VUs  07m25.9s/10m0s  4.00 iters/s

running (07m26.9s), 040/100 VUs, 1387 complete and 0 interrupted iterations
normal_day   [  74% ] 040/100 VUs  07m26.9s/10m0s  4.00 iters/s

running (07m27.9s), 038/100 VUs, 1393 complete and 0 interrupted iterations
normal_day   [  75% ] 038/100 VUs  07m27.9s/10m0s  4.00 iters/s

running (07m28.9s), 036/100 VUs, 1399 complete and 0 interrupted iterations
normal_day   [  75% ] 036/100 VUs  07m28.9s/10m0s  4.00 iters/s

running (07m29.9s), 033/100 VUs, 1406 complete and 0 interrupted iterations
normal_day   [  75% ] 033/100 VUs  07m29.9s/10m0s  4.00 iters/s

running (07m30.9s), 035/100 VUs, 1408 complete and 0 interrupted iterations
normal_day   [  75% ] 035/100 VUs  07m30.9s/10m0s  4.00 iters/s

running (07m31.9s), 036/100 VUs, 1411 complete and 0 interrupted iterations
normal_day   [  75% ] 036/100 VUs  07m31.9s/10m0s  4.00 iters/s

running (07m32.9s), 039/100 VUs, 1412 complete and 0 interrupted iterations
normal_day   [  75% ] 039/100 VUs  07m32.9s/10m0s  4.00 iters/s

running (07m33.9s), 039/100 VUs, 1416 complete and 0 interrupted iterations
normal_day   [  76% ] 039/100 VUs  07m33.9s/10m0s  4.00 iters/s

running (07m34.9s), 038/100 VUs, 1421 complete and 0 interrupted iterations
normal_day   [  76% ] 038/100 VUs  07m34.9s/10m0s  4.00 iters/s

running (07m35.9s), 039/100 VUs, 1424 complete and 0 interrupted iterations
normal_day   [  76% ] 039/100 VUs  07m35.9s/10m0s  4.00 iters/s

running (07m36.9s), 040/100 VUs, 1427 complete and 0 interrupted iterations
normal_day   [  76% ] 040/100 VUs  07m36.9s/10m0s  4.00 iters/s

running (07m37.9s), 040/100 VUs, 1431 complete and 0 interrupted iterations
normal_day   [  76% ] 040/100 VUs  07m37.9s/10m0s  4.00 iters/s

running (07m38.9s), 038/100 VUs, 1437 complete and 0 interrupted iterations
normal_day   [  76% ] 038/100 VUs  07m38.9s/10m0s  4.00 iters/s

running (07m39.9s), 038/100 VUs, 1441 complete and 0 interrupted iterations
normal_day   [  77% ] 038/100 VUs  07m39.9s/10m0s  4.00 iters/s

running (07m40.9s), 041/100 VUs, 1442 complete and 0 interrupted iterations
normal_day   [  77% ] 041/100 VUs  07m40.9s/10m0s  4.00 iters/s

running (07m41.9s), 039/100 VUs, 1448 complete and 0 interrupted iterations
normal_day   [  77% ] 039/100 VUs  07m41.9s/10m0s  4.00 iters/s

running (07m42.9s), 039/100 VUs, 1452 complete and 0 interrupted iterations
normal_day   [  77% ] 039/100 VUs  07m42.9s/10m0s  4.00 iters/s

running (07m43.9s), 039/100 VUs, 1456 complete and 0 interrupted iterations
normal_day   [  77% ] 039/100 VUs  07m43.9s/10m0s  4.00 iters/s

running (07m44.9s), 037/100 VUs, 1462 complete and 0 interrupted iterations
normal_day   [  77% ] 037/100 VUs  07m44.9s/10m0s  4.00 iters/s

running (07m45.9s), 038/100 VUs, 1465 complete and 0 interrupted iterations
normal_day   [  78% ] 038/100 VUs  07m45.9s/10m0s  4.00 iters/s

running (07m46.9s), 037/100 VUs, 1470 complete and 0 interrupted iterations
normal_day   [  78% ] 037/100 VUs  07m46.9s/10m0s  4.00 iters/s

running (07m47.9s), 034/100 VUs, 1477 complete and 0 interrupted iterations
normal_day   [  78% ] 034/100 VUs  07m47.9s/10m0s  4.00 iters/s

running (07m48.9s), 037/100 VUs, 1478 complete and 0 interrupted iterations
normal_day   [  78% ] 037/100 VUs  07m48.9s/10m0s  4.00 iters/s

running (07m49.9s), 037/100 VUs, 1482 complete and 0 interrupted iterations
normal_day   [  78% ] 037/100 VUs  07m49.9s/10m0s  4.00 iters/s

running (07m50.9s), 038/100 VUs, 1485 complete and 0 interrupted iterations
normal_day   [  78% ] 038/100 VUs  07m50.9s/10m0s  4.00 iters/s

running (07m51.9s), 037/100 VUs, 1490 complete and 0 interrupted iterations
normal_day   [  79% ] 037/100 VUs  07m51.9s/10m0s  4.00 iters/s

running (07m52.9s), 035/100 VUs, 1496 complete and 0 interrupted iterations
normal_day   [  79% ] 035/100 VUs  07m52.9s/10m0s  4.00 iters/s

running (07m53.9s), 035/100 VUs, 1500 complete and 0 interrupted iterations
normal_day   [  79% ] 035/100 VUs  07m53.9s/10m0s  4.00 iters/s

running (07m54.9s), 035/100 VUs, 1504 complete and 0 interrupted iterations
normal_day   [  79% ] 035/100 VUs  07m54.9s/10m0s  4.00 iters/s

running (07m55.9s), 033/100 VUs, 1510 complete and 0 interrupted iterations
normal_day   [  79% ] 033/100 VUs  07m55.9s/10m0s  4.00 iters/s

running (07m56.9s), 035/100 VUs, 1512 complete and 0 interrupted iterations
normal_day   [  79% ] 035/100 VUs  07m56.9s/10m0s  4.00 iters/s

running (07m57.9s), 035/100 VUs, 1516 complete and 0 interrupted iterations
normal_day   [  80% ] 035/100 VUs  07m57.9s/10m0s  4.00 iters/s

running (07m58.9s), 034/100 VUs, 1521 complete and 0 interrupted iterations
normal_day   [  80% ] 034/100 VUs  07m58.9s/10m0s  4.00 iters/s

running (07m59.9s), 034/100 VUs, 1525 complete and 0 interrupted iterations
normal_day   [  80% ] 034/100 VUs  07m59.9s/10m0s  4.00 iters/s

running (08m00.9s), 034/100 VUs, 1529 complete and 0 interrupted iterations
normal_day   [  80% ] 034/100 VUs  08m00.9s/10m0s  3.97 iters/s

running (08m01.9s), 033/100 VUs, 1534 complete and 0 interrupted iterations
normal_day   [  80% ] 033/100 VUs  08m01.9s/10m0s  3.94 iters/s

running (08m02.9s), 036/100 VUs, 1535 complete and 0 interrupted iterations
normal_day   [  80% ] 036/100 VUs  08m02.9s/10m0s  3.90 iters/s

running (08m03.9s), 036/100 VUs, 1539 complete and 0 interrupted iterations
normal_day   [  81% ] 036/100 VUs  08m03.9s/10m0s  3.87 iters/s

running (08m04.9s), 036/100 VUs, 1543 complete and 0 interrupted iterations
normal_day   [  81% ] 036/100 VUs  08m04.9s/10m0s  3.83 iters/s

running (08m05.9s), 036/100 VUs, 1547 complete and 0 interrupted iterations
normal_day   [  81% ] 036/100 VUs  08m05.9s/10m0s  3.80 iters/s

running (08m06.9s), 034/100 VUs, 1552 complete and 0 interrupted iterations
normal_day   [  81% ] 034/100 VUs  08m06.9s/10m0s  3.77 iters/s

running (08m07.9s), 034/100 VUs, 1556 complete and 0 interrupted iterations
normal_day   [  81% ] 034/100 VUs  08m07.9s/10m0s  3.74 iters/s

running (08m08.9s), 032/100 VUs, 1562 complete and 0 interrupted iterations
normal_day   [  81% ] 032/100 VUs  08m08.9s/10m0s  3.70 iters/s

running (08m09.9s), 034/100 VUs, 1563 complete and 0 interrupted iterations
normal_day   [  82% ] 034/100 VUs  08m09.9s/10m0s  3.67 iters/s

running (08m10.9s), 036/100 VUs, 1565 complete and 0 interrupted iterations
normal_day   [  82% ] 036/100 VUs  08m10.9s/10m0s  3.64 iters/s

running (08m11.9s), 039/100 VUs, 1566 complete and 0 interrupted iterations
normal_day   [  82% ] 039/100 VUs  08m11.9s/10m0s  3.60 iters/s

running (08m12.9s), 041/100 VUs, 1567 complete and 0 interrupted iterations
normal_day   [  82% ] 041/100 VUs  08m12.9s/10m0s  3.57 iters/s

running (08m13.9s), 039/100 VUs, 1573 complete and 0 interrupted iterations
normal_day   [  82% ] 039/100 VUs  08m13.9s/10m0s  3.54 iters/s

running (08m14.9s), 036/100 VUs, 1579 complete and 0 interrupted iterations
normal_day   [  82% ] 036/100 VUs  08m14.9s/10m0s  3.51 iters/s

running (08m15.9s), 036/100 VUs, 1583 complete and 0 interrupted iterations
normal_day   [  83% ] 036/100 VUs  08m15.9s/10m0s  3.47 iters/s

running (08m16.9s), 036/100 VUs, 1586 complete and 0 interrupted iterations
normal_day   [  83% ] 036/100 VUs  08m16.9s/10m0s  3.44 iters/s

running (08m17.9s), 038/100 VUs, 1588 complete and 0 interrupted iterations
normal_day   [  83% ] 038/100 VUs  08m17.9s/10m0s  3.40 iters/s

running (08m18.9s), 038/100 VUs, 1591 complete and 0 interrupted iterations
normal_day   [  83% ] 038/100 VUs  08m18.9s/10m0s  3.37 iters/s

running (08m19.9s), 041/100 VUs, 1592 complete and 0 interrupted iterations
normal_day   [  83% ] 041/100 VUs  08m19.9s/10m0s  3.33 iters/s

running (08m20.9s), 039/100 VUs, 1597 complete and 0 interrupted iterations
normal_day   [  83% ] 039/100 VUs  08m20.9s/10m0s  3.30 iters/s

running (08m21.9s), 041/100 VUs, 1598 complete and 0 interrupted iterations
normal_day   [  84% ] 041/100 VUs  08m21.9s/10m0s  3.27 iters/s

running (08m22.9s), 038/100 VUs, 1604 complete and 0 interrupted iterations
normal_day   [  84% ] 038/100 VUs  08m22.9s/10m0s  3.24 iters/s

running (08m23.9s), 039/100 VUs, 1607 complete and 0 interrupted iterations
normal_day   [  84% ] 039/100 VUs  08m23.9s/10m0s  3.20 iters/s

running (08m24.9s), 035/100 VUs, 1614 complete and 0 interrupted iterations
normal_day   [  84% ] 035/100 VUs  08m24.9s/10m0s  3.17 iters/s

running (08m25.9s), 035/100 VUs, 1617 complete and 0 interrupted iterations
normal_day   [  84% ] 035/100 VUs  08m25.9s/10m0s  3.14 iters/s

running (08m26.9s), 034/100 VUs, 1621 complete and 0 interrupted iterations
normal_day   [  84% ] 034/100 VUs  08m26.9s/10m0s  3.10 iters/s

running (08m27.9s), 033/100 VUs, 1625 complete and 0 interrupted iterations
normal_day   [  85% ] 033/100 VUs  08m27.9s/10m0s  3.07 iters/s

running (08m28.9s), 031/100 VUs, 1630 complete and 0 interrupted iterations
normal_day   [  85% ] 031/100 VUs  08m28.9s/10m0s  3.04 iters/s

running (08m29.9s), 032/100 VUs, 1632 complete and 0 interrupted iterations
normal_day   [  85% ] 032/100 VUs  08m29.9s/10m0s  3.01 iters/s

running (08m30.9s), 032/100 VUs, 1635 complete and 0 interrupted iterations
normal_day   [  85% ] 032/100 VUs  08m30.9s/10m0s  2.97 iters/s

running (08m31.9s), 034/100 VUs, 1636 complete and 0 interrupted iterations
normal_day   [  85% ] 034/100 VUs  08m31.9s/10m0s  2.94 iters/s

running (08m32.9s), 035/100 VUs, 1638 complete and 0 interrupted iterations
normal_day   [  85% ] 035/100 VUs  08m32.9s/10m0s  2.90 iters/s

running (08m33.9s), 036/100 VUs, 1640 complete and 0 interrupted iterations
normal_day   [  86% ] 036/100 VUs  08m33.9s/10m0s  2.87 iters/s

running (08m34.9s), 032/100 VUs, 1647 complete and 0 interrupted iterations
normal_day   [  86% ] 032/100 VUs  08m34.9s/10m0s  2.83 iters/s

running (08m35.9s), 031/100 VUs, 1651 complete and 0 interrupted iterations
normal_day   [  86% ] 031/100 VUs  08m35.9s/10m0s  2.80 iters/s

running (08m36.9s), 032/100 VUs, 1652 complete and 0 interrupted iterations
normal_day   [  86% ] 032/100 VUs  08m36.9s/10m0s  2.77 iters/s

running (08m37.9s), 027/100 VUs, 1660 complete and 0 interrupted iterations
normal_day   [  86% ] 027/100 VUs  08m37.9s/10m0s  2.74 iters/s

running (08m38.9s), 029/100 VUs, 1661 complete and 0 interrupted iterations
normal_day   [  86% ] 029/100 VUs  08m38.9s/10m0s  2.70 iters/s

running (08m39.9s), 028/100 VUs, 1665 complete and 0 interrupted iterations
normal_day   [  87% ] 028/100 VUs  08m39.9s/10m0s  2.66 iters/s

running (08m40.9s), 030/100 VUs, 1665 complete and 0 interrupted iterations
normal_day   [  87% ] 030/100 VUs  08m40.9s/10m0s  2.64 iters/s

running (08m41.9s), 028/100 VUs, 1670 complete and 0 interrupted iterations
normal_day   [  87% ] 028/100 VUs  08m41.9s/10m0s  2.60 iters/s

running (08m42.9s), 028/100 VUs, 1672 complete and 0 interrupted iterations
normal_day   [  87% ] 028/100 VUs  08m42.9s/10m0s  2.58 iters/s

running (08m43.9s), 027/100 VUs, 1676 complete and 0 interrupted iterations
normal_day   [  87% ] 027/100 VUs  08m43.9s/10m0s  2.54 iters/s

running (08m44.9s), 024/100 VUs, 1682 complete and 0 interrupted iterations
normal_day   [  87% ] 024/100 VUs  08m44.9s/10m0s  2.50 iters/s

running (08m45.9s), 020/100 VUs, 1688 complete and 0 interrupted iterations
normal_day   [  88% ] 020/100 VUs  08m45.9s/10m0s  2.47 iters/s

running (08m46.9s), 021/100 VUs, 1689 complete and 0 interrupted iterations
normal_day   [  88% ] 021/100 VUs  08m46.9s/10m0s  2.44 iters/s

running (08m47.9s), 023/100 VUs, 1690 complete and 0 interrupted iterations
normal_day   [  88% ] 023/100 VUs  08m47.9s/10m0s  2.40 iters/s

running (08m48.9s), 025/100 VUs, 1690 complete and 0 interrupted iterations
normal_day   [  88% ] 025/100 VUs  08m48.9s/10m0s  2.37 iters/s

running (08m49.9s), 023/100 VUs, 1695 complete and 0 interrupted iterations
normal_day   [  88% ] 023/100 VUs  08m49.9s/10m0s  2.33 iters/s

running (08m50.9s), 021/100 VUs, 1699 complete and 0 interrupted iterations
normal_day   [  88% ] 021/100 VUs  08m50.9s/10m0s  2.30 iters/s

running (08m51.9s), 023/100 VUs, 1699 complete and 0 interrupted iterations
normal_day   [  89% ] 023/100 VUs  08m51.9s/10m0s  2.27 iters/s

running (08m52.9s), 024/100 VUs, 1700 complete and 0 interrupted iterations
normal_day   [  89% ] 024/100 VUs  08m52.9s/10m0s  2.24 iters/s

running (08m53.9s), 024/100 VUs, 1703 complete and 0 interrupted iterations
normal_day   [  89% ] 024/100 VUs  08m53.9s/10m0s  2.20 iters/s

running (08m54.9s), 023/100 VUs, 1706 complete and 0 interrupted iterations
normal_day   [  89% ] 023/100 VUs  08m54.9s/10m0s  2.17 iters/s

running (08m55.9s), 023/100 VUs, 1708 complete and 0 interrupted iterations
normal_day   [  89% ] 023/100 VUs  08m55.9s/10m0s  2.14 iters/s

running (08m56.9s), 024/100 VUs, 1709 complete and 0 interrupted iterations
normal_day   [  89% ] 024/100 VUs  08m56.9s/10m0s  2.11 iters/s

running (08m57.9s), 025/100 VUs, 1710 complete and 0 interrupted iterations
normal_day   [  90% ] 025/100 VUs  08m57.9s/10m0s  2.07 iters/s

running (08m58.9s), 023/100 VUs, 1714 complete and 0 interrupted iterations
normal_day   [  90% ] 023/100 VUs  08m58.9s/10m0s  2.04 iters/s

running (08m59.9s), 025/100 VUs, 1714 complete and 0 interrupted iterations
normal_day   [  90% ] 025/100 VUs  08m59.9s/10m0s  2.01 iters/s

running (09m00.9s), 025/100 VUs, 1716 complete and 0 interrupted iterations
normal_day   [  90% ] 025/100 VUs  09m00.9s/10m0s  1.97 iters/s

running (09m01.9s), 026/100 VUs, 1717 complete and 0 interrupted iterations
normal_day   [  90% ] 026/100 VUs  09m01.9s/10m0s  1.94 iters/s

running (09m02.9s), 023/100 VUs, 1722 complete and 0 interrupted iterations
normal_day   [  90% ] 023/100 VUs  09m02.9s/10m0s  1.91 iters/s

running (09m03.9s), 022/100 VUs, 1725 complete and 0 interrupted iterations
normal_day   [  91% ] 022/100 VUs  09m03.9s/10m0s  1.87 iters/s

running (09m04.9s), 023/100 VUs, 1726 complete and 0 interrupted iterations
normal_day   [  91% ] 023/100 VUs  09m04.9s/10m0s  1.83 iters/s

running (09m05.9s), 024/100 VUs, 1727 complete and 0 interrupted iterations
normal_day   [  91% ] 024/100 VUs  09m05.9s/10m0s  1.80 iters/s

running (09m06.9s), 025/100 VUs, 1728 complete and 0 interrupted iterations
normal_day   [  91% ] 025/100 VUs  09m06.9s/10m0s  1.76 iters/s

running (09m07.9s), 024/100 VUs, 1730 complete and 0 interrupted iterations
normal_day   [  91% ] 024/100 VUs  09m07.9s/10m0s  1.74 iters/s

running (09m08.9s), 026/100 VUs, 1730 complete and 0 interrupted iterations
normal_day   [  91% ] 026/100 VUs  09m08.9s/10m0s  1.70 iters/s

running (09m09.9s), 023/100 VUs, 1735 complete and 0 interrupted iterations
normal_day   [  92% ] 023/100 VUs  09m09.9s/10m0s  1.66 iters/s

running (09m10.9s), 023/100 VUs, 1736 complete and 0 interrupted iterations
normal_day   [  92% ] 023/100 VUs  09m10.9s/10m0s  1.64 iters/s

running (09m11.9s), 025/100 VUs, 1736 complete and 0 interrupted iterations
normal_day   [  92% ] 025/100 VUs  09m11.9s/10m0s  1.60 iters/s

running (09m12.9s), 025/100 VUs, 1738 complete and 0 interrupted iterations
normal_day   [  92% ] 025/100 VUs  09m12.9s/10m0s  1.56 iters/s

running (09m13.9s), 022/100 VUs, 1742 complete and 0 interrupted iterations
normal_day   [  92% ] 022/100 VUs  09m13.9s/10m0s  1.54 iters/s

running (09m14.9s), 023/100 VUs, 1743 complete and 0 interrupted iterations
normal_day   [  92% ] 023/100 VUs  09m14.9s/10m0s  1.49 iters/s

running (09m15.9s), 022/100 VUs, 1745 complete and 0 interrupted iterations
normal_day   [  93% ] 022/100 VUs  09m15.9s/10m0s  1.47 iters/s

running (09m16.9s), 022/100 VUs, 1747 complete and 0 interrupted iterations
normal_day   [  93% ] 022/100 VUs  09m16.9s/10m0s  1.43 iters/s

running (09m17.9s), 019/100 VUs, 1751 complete and 0 interrupted iterations
normal_day   [  93% ] 019/100 VUs  09m17.9s/10m0s  1.40 iters/s

running (09m18.9s), 017/100 VUs, 1754 complete and 0 interrupted iterations
normal_day   [  93% ] 017/100 VUs  09m18.9s/10m0s  1.38 iters/s

running (09m19.9s), 019/100 VUs, 1754 complete and 0 interrupted iterations
normal_day   [  93% ] 019/100 VUs  09m19.9s/10m0s  1.33 iters/s

running (09m20.9s), 016/100 VUs, 1758 complete and 0 interrupted iterations
normal_day   [  93% ] 016/100 VUs  09m20.9s/10m0s  1.30 iters/s

running (09m21.9s), 014/100 VUs, 1761 complete and 0 interrupted iterations
normal_day   [  94% ] 014/100 VUs  09m21.9s/10m0s  1.28 iters/s

running (09m22.9s), 013/100 VUs, 1764 complete and 0 interrupted iterations
normal_day   [  94% ] 013/100 VUs  09m22.9s/10m0s  1.22 iters/s

running (09m23.9s), 013/100 VUs, 1765 complete and 0 interrupted iterations
normal_day   [  94% ] 013/100 VUs  09m23.9s/10m0s  1.20 iters/s

running (09m24.9s), 014/100 VUs, 1765 complete and 0 interrupted iterations
normal_day   [  94% ] 014/100 VUs  09m24.9s/10m0s  1.17 iters/s

running (09m25.9s), 012/100 VUs, 1768 complete and 0 interrupted iterations
normal_day   [  94% ] 012/100 VUs  09m25.9s/10m0s  1.14 iters/s

running (09m26.9s), 012/100 VUs, 1769 complete and 0 interrupted iterations
normal_day   [  94% ] 012/100 VUs  09m26.9s/10m0s  1.11 iters/s

running (09m27.9s), 013/100 VUs, 1769 complete and 0 interrupted iterations
normal_day   [  95% ] 013/100 VUs  09m27.9s/10m0s  1.08 iters/s

running (09m28.9s), 012/100 VUs, 1771 complete and 0 interrupted iterations
normal_day   [  95% ] 012/100 VUs  09m28.9s/10m0s  1.05 iters/s

running (09m29.9s), 012/100 VUs, 1772 complete and 0 interrupted iterations
normal_day   [  95% ] 012/100 VUs  09m29.9s/10m0s  1.02 iters/s

running (09m30.9s), 011/100 VUs, 1774 complete and 0 interrupted iterations
normal_day   [  95% ] 011/100 VUs  09m30.9s/10m0s  0.98 iters/s

running (09m31.9s), 012/100 VUs, 1774 complete and 0 interrupted iterations
normal_day   [  95% ] 012/100 VUs  09m31.9s/10m0s  0.95 iters/s

running (09m32.9s), 010/100 VUs, 1777 complete and 0 interrupted iterations
normal_day   [  95% ] 010/100 VUs  09m32.9s/10m0s  0.91 iters/s

running (09m33.9s), 010/100 VUs, 1778 complete and 0 interrupted iterations
normal_day   [  96% ] 010/100 VUs  09m33.9s/10m0s  0.88 iters/s

running (09m34.9s), 011/100 VUs, 1778 complete and 0 interrupted iterations
normal_day   [  96% ] 011/100 VUs  09m34.9s/10m0s  0.84 iters/s

running (09m35.9s), 012/100 VUs, 1778 complete and 0 interrupted iterations
normal_day   [  96% ] 012/100 VUs  09m35.9s/10m0s  0.80 iters/s

running (09m36.9s), 012/100 VUs, 1779 complete and 0 interrupted iterations
normal_day   [  96% ] 012/100 VUs  09m36.9s/10m0s  0.75 iters/s

running (09m37.9s), 011/100 VUs, 1780 complete and 0 interrupted iterations
normal_day   [  96% ] 011/100 VUs  09m37.9s/10m0s  0.75 iters/s

running (09m38.9s), 012/100 VUs, 1780 complete and 0 interrupted iterations
normal_day   [  96% ] 012/100 VUs  09m38.9s/10m0s  0.71 iters/s

running (09m39.9s), 011/100 VUs, 1782 complete and 0 interrupted iterations
normal_day   [  97% ] 011/100 VUs  09m39.9s/10m0s  0.66 iters/s

running (09m40.9s), 008/100 VUs, 1785 complete and 0 interrupted iterations
normal_day   [  97% ] 008/100 VUs  09m40.9s/10m0s  0.66 iters/s

running (09m41.9s), 006/100 VUs, 1788 complete and 0 interrupted iterations
normal_day   [  97% ] 006/100 VUs  09m41.9s/10m0s  0.60 iters/s

running (09m42.9s), 007/100 VUs, 1788 complete and 0 interrupted iterations
normal_day   [  97% ] 007/100 VUs  09m42.9s/10m0s  0.55 iters/s

running (09m43.9s), 007/100 VUs, 1788 complete and 0 interrupted iterations
normal_day   [  97% ] 007/100 VUs  09m43.9s/10m0s  0.55 iters/s

running (09m44.9s), 007/100 VUs, 1789 complete and 0 interrupted iterations
normal_day   [  97% ] 007/100 VUs  09m44.9s/10m0s  0.48 iters/s

running (09m45.9s), 007/100 VUs, 1789 complete and 0 interrupted iterations
normal_day   [  98% ] 007/100 VUs  09m45.9s/10m0s  0.48 iters/s

running (09m46.9s), 008/100 VUs, 1789 complete and 0 interrupted iterations
normal_day   [  98% ] 008/100 VUs  09m46.9s/10m0s  0.41 iters/s

running (09m47.9s), 006/100 VUs, 1791 complete and 0 interrupted iterations
normal_day   [  98% ] 006/100 VUs  09m47.9s/10m0s  0.41 iters/s

running (09m48.9s), 005/100 VUs, 1792 complete and 0 interrupted iterations
normal_day   [  98% ] 005/100 VUs  09m48.9s/10m0s  0.41 iters/s

running (09m49.9s), 005/100 VUs, 1793 complete and 0 interrupted iterations
normal_day   [  98% ] 005/100 VUs  09m49.9s/10m0s  0.31 iters/s

running (09m50.9s), 005/100 VUs, 1793 complete and 0 interrupted iterations
normal_day   [  98% ] 005/100 VUs  09m50.9s/10m0s  0.31 iters/s

running (09m51.9s), 005/100 VUs, 1793 complete and 0 interrupted iterations
normal_day   [  99% ] 005/100 VUs  09m51.9s/10m0s  0.31 iters/s

running (09m52.9s), 006/100 VUs, 1793 complete and 0 interrupted iterations
normal_day   [  99% ] 006/100 VUs  09m52.9s/10m0s  0.13 iters/s

running (09m53.9s), 006/100 VUs, 1793 complete and 0 interrupted iterations
normal_day   [  99% ] 006/100 VUs  09m53.9s/10m0s  0.13 iters/s

running (09m54.9s), 006/100 VUs, 1793 complete and 0 interrupted iterations
normal_day   [  99% ] 006/100 VUs  09m54.9s/10m0s  0.13 iters/s

running (09m55.9s), 005/100 VUs, 1794 complete and 0 interrupted iterations
normal_day   [  99% ] 005/100 VUs  09m55.9s/10m0s  0.13 iters/s

running (09m56.9s), 005/100 VUs, 1794 complete and 0 interrupted iterations
normal_day   [  99% ] 005/100 VUs  09m56.9s/10m0s  0.13 iters/s

running (09m57.9s), 004/100 VUs, 1795 complete and 0 interrupted iterations
normal_day   [ 100% ] 004/100 VUs  09m57.9s/10m0s  0.13 iters/s

running (09m58.9s), 004/100 VUs, 1795 complete and 0 interrupted iterations
normal_day   [ 100% ] 004/100 VUs  09m58.9s/10m0s  0.13 iters/s

running (09m59.9s), 004/100 VUs, 1795 complete and 0 interrupted iterations
normal_day   [ 100% ] 004/100 VUs  09m59.9s/10m0s  0.13 iters/s

running (10m00.9s), 004/100 VUs, 1795 complete and 0 interrupted iterations
normal_day ↓ [ 100% ] 004/100 VUs  10m0s  0.13 iters/s

running (10m01.9s), 004/100 VUs, 1795 complete and 0 interrupted iterations
normal_day ↓ [ 100% ] 004/100 VUs  10m0s  0.13 iters/s

running (10m02.9s), 003/100 VUs, 1796 complete and 0 interrupted iterations
normal_day ↓ [ 100% ] 004/100 VUs  10m0s  0.13 iters/s

running (10m03.9s), 003/100 VUs, 1796 complete and 0 interrupted iterations
normal_day ↓ [ 100% ] 004/100 VUs  10m0s  0.13 iters/s

running (10m04.9s), 002/100 VUs, 1797 complete and 0 interrupted iterations
normal_day ↓ [ 100% ] 004/100 VUs  10m0s  0.13 iters/s

running (10m05.9s), 002/100 VUs, 1797 complete and 0 interrupted iterations
normal_day ↓ [ 100% ] 004/100 VUs  10m0s  0.13 iters/s

running (10m06.9s), 001/100 VUs, 1798 complete and 0 interrupted iterations
normal_day ↓ [ 100% ] 004/100 VUs  10m0s  0.13 iters/s

running (10m07.9s), 001/100 VUs, 1798 complete and 0 interrupted iterations
normal_day ↓ [ 100% ] 004/100 VUs  10m0s  0.13 iters/s
[32m     ✓ login 200[0m
[32m     ✓ unread count 200[0m
[32m     ✓ notif list 200[0m
[32m     ✓ post detail 200[0m
[32m     ✓ read one 200[0m
[32m     ✓ post reaction 2xx[0m
[32m     ✓ chat rooms 200[0m
[32m     ✓ scrap 2xx[0m
[32m     ✓ chat messages 200[0m
[32m     ✓ friend list 200[0m
[32m     ✓ board list 200[0m
[32m     ✓ chat read 200[0m
[32m     ✓ received reqs 200[0m
[32m     ✓ hot daily 200[0m
[32m     ✓ post list 200[0m
[32m     ✓ post create 2xx[0m
[32m     ✓ post search 200[0m
[32m     ✓ comment list 200[0m
[32m     ✓ comment create 2xx[0m
[32m     ✓ user info 200[0m
[32m     ✓ my posts 200[0m
[32m     ✓ read all 200[0m
[32m     ✓ meal today 200[0m
[32m     ✓ timetable today 200[0m
[32m     ✓ ws handshake 101[0m
[32m     ✓ meal month 200[0m
[32m     ✓ comment reaction 200[0m
[32m     ✓ logout 200[0m
[32m     ✓ post update 200[0m
[32m     ✓ post delete 200[0m
[32m     ✓ refresh 200[0m

     auth_token_refreshes[2m...........:[0m [36m14[0m      [36;2m0.022997/s[0m
     chat_ws_messages_sent[2m..........:[0m [36m459[0m     [36;2m0.753971/s[0m
     chat_ws_rtt[2m....................:[0m avg=[36m24.38ms[0m  min=[36m15ms[0m    med=[36m22ms[0m     max=[36m89ms[0m     p(90)=[36m33ms[0m     p(95)=[36m38ms[0m     p(99)=[36m56.84ms[0m 
     checks[2m.........................:[0m [36m100.00%[0m [36;2m✓ 7941[0m      [36;2m✗ 0[0m    
     [32m✓[0m { phase:measure }[2m............:[0m [36m100.00%[0m [36;2m✓ 5173[0m      [36;2m✗ 0[0m    
     [32m✓[0m { phase:rampdown }[2m...........:[0m [36m100.00%[0m [36;2m✓ 1209[0m      [36;2m✗ 0[0m    
     [32m✓[0m { phase:warmup }[2m.............:[0m [36m100.00%[0m [36;2m✓ 1559[0m      [36;2m✗ 0[0m    
     data_received[2m..................:[0m [36m342 MB[0m  [36;2m561 kB/s[0m
     data_sent[2m......................:[0m [36m3.2 MB[0m  [36;2m5.3 kB/s[0m
     http_req_blocked[2m...............:[0m avg=[36m15.15µs[0m  min=[36m1.82µs[0m  med=[36m5.68µs[0m   max=[36m15.74ms[0m  p(90)=[36m11.15µs[0m  p(95)=[36m14.67µs[0m  p(99)=[36m285.9µs[0m 
     http_req_connecting[2m............:[0m avg=[36m6.41µs[0m   min=[36m0s[0m      med=[36m0s[0m       max=[36m15.66ms[0m  p(90)=[36m0s[0m       p(95)=[36m0s[0m       p(99)=[36m194.48µs[0m
     http_req_duration[2m..............:[0m avg=[36m71.33ms[0m  min=[36m1.87ms[0m  med=[36m6.52ms[0m   max=[36m3.56s[0m    p(90)=[36m69.62ms[0m  p(95)=[36m320.03ms[0m p(99)=[36m1.84s[0m   
       { expected_response:true }[2m...:[0m avg=[36m71.33ms[0m  min=[36m1.87ms[0m  med=[36m6.52ms[0m   max=[36m3.56s[0m    p(90)=[36m69.62ms[0m  p(95)=[36m320.03ms[0m p(99)=[36m1.84s[0m   
     [32m✓[0m { feature:auth }[2m.............:[0m avg=[36m97.37ms[0m  min=[36m14.55ms[0m med=[36m83.31ms[0m  max=[36m587.66ms[0m p(90)=[36m136.65ms[0m p(95)=[36m296.32ms[0m p(99)=[36m510.66ms[0m
     [32m✓[0m { feature:board }[2m............:[0m avg=[36m4.54ms[0m   min=[36m1.98ms[0m  med=[36m3.4ms[0m    max=[36m94.22ms[0m  p(90)=[36m7.47ms[0m   p(95)=[36m9.31ms[0m   p(99)=[36m17.6ms[0m  
     [32m✓[0m { feature:chat }[2m.............:[0m avg=[36m7.06ms[0m   min=[36m2.4ms[0m   med=[36m5.18ms[0m   max=[36m82.3ms[0m   p(90)=[36m12.29ms[0m  p(95)=[36m15.69ms[0m  p(99)=[36m31.9ms[0m  
     [32m✓[0m { feature:comment }[2m..........:[0m avg=[36m346.59ms[0m min=[36m2.21ms[0m  med=[36m51.1ms[0m   max=[36m3.56s[0m    p(90)=[36m1.19s[0m    p(95)=[36m1.87s[0m    p(99)=[36m2.34s[0m   
     [32m✓[0m { feature:friend }[2m...........:[0m avg=[36m5.17ms[0m   min=[36m2.35ms[0m  med=[36m3.91ms[0m   max=[36m22.98ms[0m  p(90)=[36m10.14ms[0m  p(95)=[36m11.71ms[0m  p(99)=[36m18.33ms[0m 
     [32m✓[0m { feature:hot }[2m..............:[0m avg=[36m14.28ms[0m  min=[36m8.14ms[0m  med=[36m11.78ms[0m  max=[36m191.09ms[0m p(90)=[36m20.58ms[0m  p(95)=[36m25.34ms[0m  p(99)=[36m40.16ms[0m 
     [32m✓[0m { feature:mypage }[2m...........:[0m avg=[36m4.96ms[0m   min=[36m2.33ms[0m  med=[36m3.58ms[0m   max=[36m19.71ms[0m  p(90)=[36m9.11ms[0m   p(95)=[36m10.93ms[0m  p(99)=[36m16.16ms[0m 
     [32m✓[0m { feature:notification }[2m.....:[0m avg=[36m9.59ms[0m   min=[36m2.18ms[0m  med=[36m7.16ms[0m   max=[36m73.02ms[0m  p(90)=[36m20.04ms[0m  p(95)=[36m23.61ms[0m  p(99)=[36m33.77ms[0m 
     [32m✓[0m { feature:post }[2m.............:[0m avg=[36m8.28ms[0m   min=[36m1.87ms[0m  med=[36m5.33ms[0m   max=[36m766.01ms[0m p(90)=[36m15.45ms[0m  p(95)=[36m22.98ms[0m  p(99)=[36m39.06ms[0m 
     [32m✓[0m { feature:reaction }[2m.........:[0m avg=[36m26.39ms[0m  min=[36m15.61ms[0m med=[36m21.04ms[0m  max=[36m272.11ms[0m p(90)=[36m35.68ms[0m  p(95)=[36m38.74ms[0m  p(99)=[36m78.79ms[0m 
     [32m✓[0m { feature:school }[2m...........:[0m avg=[36m6.05ms[0m   min=[36m2.87ms[0m  med=[36m4.22ms[0m   max=[36m47.57ms[0m  p(90)=[36m7.58ms[0m   p(95)=[36m12.62ms[0m  p(99)=[36m34.1ms[0m  
     [32m✓[0m { feature:scrap }[2m............:[0m avg=[36m23.4ms[0m   min=[36m15.11ms[0m med=[36m22.38ms[0m  max=[36m40.07ms[0m  p(90)=[36m30.84ms[0m  p(95)=[36m37.97ms[0m  p(99)=[36m39.51ms[0m 
     [32m✓[0m { feature:timetable }[2m........:[0m avg=[36m5.98ms[0m   min=[36m2.29ms[0m  med=[36m4.07ms[0m   max=[36m38.32ms[0m  p(90)=[36m8.47ms[0m   p(95)=[36m10.01ms[0m  p(99)=[36m36.11ms[0m 
     [32m✓[0m { op:auth }[2m..................:[0m avg=[36m97.37ms[0m  min=[36m14.55ms[0m med=[36m83.31ms[0m  max=[36m587.66ms[0m p(90)=[36m136.65ms[0m p(95)=[36m296.32ms[0m p(99)=[36m510.66ms[0m
     [31m✗[0m { op:read,phase:measure }[2m....:[0m avg=[36m72.94ms[0m  min=[36m1.97ms[0m  med=[36m5.5ms[0m    max=[36m2.96s[0m    p(90)=[36m49.17ms[0m  p(95)=[36m354.89ms[0m p(99)=[36m1.87s[0m   
     [32m✓[0m { op:write,phase:measure }[2m...:[0m avg=[36m20.01ms[0m  min=[36m2.75ms[0m  med=[36m19.2ms[0m   max=[36m88.4ms[0m   p(90)=[36m34.75ms[0m  p(95)=[36m39.3ms[0m   p(99)=[36m50.89ms[0m 
     [32m✓[0m { page:0 }[2m...................:[0m avg=[36m8.38ms[0m   min=[36m1.87ms[0m  med=[36m3.46ms[0m   max=[36m107.97ms[0m p(90)=[36m26.69ms[0m  p(95)=[36m32.51ms[0m  p(99)=[36m60.54ms[0m 
     [32m✓[0m { page:1 }[2m...................:[0m avg=[36m8.04ms[0m   min=[36m2.19ms[0m  med=[36m3.41ms[0m   max=[36m108.79ms[0m p(90)=[36m26.7ms[0m   p(95)=[36m32.6ms[0m   p(99)=[36m39.15ms[0m 
     [32m✓[0m { page:2 }[2m...................:[0m avg=[36m16.33ms[0m  min=[36m1.97ms[0m  med=[36m3.79ms[0m   max=[36m766.01ms[0m p(90)=[36m26.9ms[0m   p(95)=[36m32.57ms[0m  p(99)=[36m152.66ms[0m
     [32m✓[0m { page:3 }[2m...................:[0m avg=[36m10.44ms[0m  min=[36m2.45ms[0m  med=[36m3.41ms[0m   max=[36m68.98ms[0m  p(90)=[36m29.85ms[0m  p(95)=[36m42.61ms[0m  p(99)=[36m64.93ms[0m 
     [32m✓[0m { page:4 }[2m...................:[0m avg=[36m6.26ms[0m   min=[36m1.99ms[0m  med=[36m3.12ms[0m   max=[36m73.26ms[0m  p(90)=[36m7.79ms[0m   p(95)=[36m12.05ms[0m  p(99)=[36m56.27ms[0m 
     [32m✓[0m { phase:measure }[2m............:[0m avg=[36m68.58ms[0m  min=[36m1.97ms[0m  med=[36m5.82ms[0m   max=[36m2.96s[0m    p(90)=[36m41.84ms[0m  p(95)=[36m305.31ms[0m p(99)=[36m1.86s[0m   
     [32m✓[0m { phase:rampdown }[2m...........:[0m avg=[36m80.96ms[0m  min=[36m1.87ms[0m  med=[36m5.84ms[0m   max=[36m2.71s[0m    p(90)=[36m69.07ms[0m  p(95)=[36m412.6ms[0m  p(99)=[36m1.89s[0m   
     [32m✓[0m { phase:warmup }[2m.............:[0m avg=[36m72.96ms[0m  min=[36m2.32ms[0m  med=[36m10.23ms[0m  max=[36m3.56s[0m    p(90)=[36m90.32ms[0m  p(95)=[36m296.76ms[0m p(99)=[36m1.66s[0m   
     http_req_failed[2m................:[0m [36m0.00%[0m   [36;2m✓ 0[0m         [36;2m✗ 7860[0m 
     [32m✓[0m { phase:measure }[2m............:[0m [36m0.00%[0m   [36;2m✓ 0[0m         [36;2m✗ 5115[0m 
     [32m✓[0m { phase:rampdown }[2m...........:[0m [36m0.00%[0m   [36;2m✓ 0[0m         [36;2m✗ 1198[0m 
     [32m✓[0m { phase:warmup }[2m.............:[0m [36m0.00%[0m   [36;2m✓ 0[0m         [36;2m✗ 1547[0m 
     http_req_receiving[2m.............:[0m avg=[36m547.88µs[0m min=[36m37.86µs[0m med=[36m196.27µs[0m max=[36m60.05ms[0m  p(90)=[36m585.04µs[0m p(95)=[36m1.9ms[0m    p(99)=[36m9.4ms[0m   
     http_req_sending[2m...............:[0m avg=[36m38.26µs[0m  min=[36m5.87µs[0m  med=[36m30.34µs[0m  max=[36m361.19µs[0m p(90)=[36m69.09µs[0m  p(95)=[36m90.86µs[0m  p(99)=[36m142.19µs[0m
     http_req_tls_handshaking[2m.......:[0m avg=[36m0s[0m       min=[36m0s[0m      med=[36m0s[0m       max=[36m0s[0m       p(90)=[36m0s[0m       p(95)=[36m0s[0m       p(99)=[36m0s[0m      
     http_req_waiting[2m...............:[0m avg=[36m70.74ms[0m  min=[36m1.81ms[0m  med=[36m6.23ms[0m   max=[36m3.54s[0m    p(90)=[36m68.62ms[0m  p(95)=[36m317.75ms[0m p(99)=[36m1.83s[0m   
     http_reqs[2m......................:[0m [36m7860[0m    [36;2m12.911132/s[0m
     [32m✓[0m { feature:auth }[2m.............:[0m [36m142[0m     [36;2m0.233255/s[0m
     [32m✓[0m { feature:board }[2m............:[0m [36m732[0m     [36;2m1.202411/s[0m
     [32m✓[0m { feature:chat }[2m.............:[0m [36m632[0m     [36;2m1.038147/s[0m
     [32m✓[0m { feature:comment }[2m..........:[0m [36m1417[0m    [36;2m2.327618/s[0m
     [32m✓[0m { feature:friend }[2m...........:[0m [36m127[0m     [36;2m0.208615/s[0m
     [32m✓[0m { feature:hot }[2m..............:[0m [36m732[0m     [36;2m1.202411/s[0m
     [32m✓[0m { feature:mypage }[2m...........:[0m [36m114[0m     [36;2m0.187261/s[0m
     [32m✓[0m { feature:notification }[2m.....:[0m [36m320[0m     [36;2m0.525644/s[0m
     [32m✓[0m { feature:post }[2m.............:[0m [36m3373[0m    [36;2m5.540617/s[0m
     [32m✓[0m { feature:reaction }[2m.........:[0m [36m144[0m     [36;2m0.23654/s[0m
     [32m✓[0m { feature:school }[2m...........:[0m [36m48[0m      [36;2m0.078847/s[0m
     [32m✓[0m { feature:scrap }[2m............:[0m [36m38[0m      [36;2m0.06242/s[0m
     [32m✓[0m { feature:timetable }[2m........:[0m [36m41[0m      [36;2m0.067348/s[0m
     [32m✓[0m { op:auth }[2m..................:[0m [36m142[0m     [36;2m0.233255/s[0m
     [32m✓[0m { op:read }[2m..................:[0m [36m7121[0m    [36;2m11.697223/s[0m
     [32m✓[0m { op:write }[2m.................:[0m [36m597[0m     [36;2m0.980655/s[0m
     [32m✓[0m { page:0 }[2m...................:[0m [36m411[0m     [36;2m0.675124/s[0m
     [32m✓[0m { page:1 }[2m...................:[0m [36m139[0m     [36;2m0.228327/s[0m
     [32m✓[0m { page:2 }[2m...................:[0m [36m90[0m      [36;2m0.147837/s[0m
     [32m✓[0m { page:3 }[2m...................:[0m [36m62[0m      [36;2m0.101844/s[0m
     [32m✓[0m { page:4 }[2m...................:[0m [36m30[0m      [36;2m0.049279/s[0m
     [32m✓[0m { phase:measure }[2m............:[0m [36m5115[0m    [36;2m8.402092/s[0m
     [32m✓[0m { phase:rampdown }[2m...........:[0m [36m1198[0m    [36;2m1.96788/s[0m
     [32m✓[0m { phase:warmup }[2m.............:[0m [36m1547[0m    [36;2m2.541161/s[0m
     iteration_duration[2m.............:[0m avg=[36m9.99s[0m    min=[36m1.04s[0m   med=[36m7.85s[0m    max=[36m29.96s[0m   p(90)=[36m18.81s[0m   p(95)=[36m20.91s[0m   p(99)=[36m27.16s[0m  
     iterations[2m.....................:[0m [36m1799[0m    [36;2m2.955105/s[0m
     [32m✓[0m { phase:measure }[2m............:[0m [36m0[0m       [36;2m0/s[0m
     [32m✓[0m { phase:rampdown }[2m...........:[0m [36m0[0m       [36;2m0/s[0m
     [32m✓[0m { phase:warmup }[2m.............:[0m [36m0[0m       [36;2m0/s[0m
     phase_iterations[2m...............:[0m [36m1799[0m    [36;2m2.955105/s[0m
     [32m✓[0m { phase:measure }[2m............:[0m [36m1200[0m    [36;2m1.971165/s[0m
     [32m✓[0m { phase:rampdown }[2m...........:[0m [36m274[0m     [36;2m0.450083/s[0m
     [32m✓[0m { phase:warmup }[2m.............:[0m [36m325[0m     [36;2m0.533857/s[0m
     vus[2m............................:[0m [36m1[0m       [36;2mmin=0[0m       [36;2mmax=47[0m 
     vus_max[2m........................:[0m [36m100[0m     [36;2mmin=100[0m     [36;2mmax=100[0m
     ws_connecting[2m..................:[0m avg=[36m4.5ms[0m    min=[36m2.16ms[0m  med=[36m3.32ms[0m   max=[36m26.35ms[0m  p(90)=[36m5.91ms[0m   p(95)=[36m11.65ms[0m  p(99)=[36m18.56ms[0m 
     ws_msgs_received[2m...............:[0m [36m540[0m     [36;2m0.887024/s[0m
     ws_msgs_sent[2m...................:[0m [36m621[0m     [36;2m1.020078/s[0m
     ws_session_duration[2m............:[0m avg=[36m22.65s[0m   min=[36m15.36s[0m  med=[36m22.43s[0m   max=[36m29.95s[0m   p(90)=[36m28.62s[0m   p(95)=[36m29.68s[0m   p(99)=[36m29.92s[0m  
     ws_sessions[2m....................:[0m [36m81[0m      [36;2m0.133054/s[0m
running (10m08.8s), 000/100 VUs, 1799 complete and 0 interrupted iterations
normal_day ✓ [ 100% ] 000/100 VUs  10m0s  0.13 iters/s
  호스트(Windows) 592표본 · CPU 18.7% (max 65.0) · 정규화성능 121.0% · vmmem 139.2% · 바쁜코어 2.5개 · 가용메모리 3453MB
  부하 중 벤치(warmup +60초, 3회 중앙값) · single 5390ms (유휴 대비 8.1%) · parallel 5493ms (유휴 대비 4.5%) · ctxswitch 2303ms (유휴 대비 4.8%)

  실행 후 상태 sha256:d516ce0dbc5c — chat_messages.count +459, chat_messages.maxId +459, comments.count +91, comments.maxId +91, notifications.count +91 (외 13개)
    (지문 제외 항목: posts.sumViewCount +2103, daily_hot_post.count +54)
Prometheus 스크레이프 대기 20초...

══════════════════════════════════════════════════════════════════════════
  Performance Report — normal-day   Run #109   ❌ FAIL
══════════════════════════════════════════════════════════════════════════
  환경 perf  |  브랜치 personal/localdocs  |  커밋 3e96d946  |  빌드 local
  시작 2026-08-20 13:39:14 KST  |  수행 10m 9s  |  VU max 100
  데이터셋 medium  |  부하 ramping-arrival-rate 0→4@3m0s→4@5m0s→0@2m0s maxVU 600

  ── 성능 (measure 구간) ─────────────────────────────────────────
  평균 69ms      P95 305ms     P99 1.86s    
  RPS  17.1      TPS 4.00      오류율 0.00%

  ── 인프라 ────────────────────────────────────────────────────────
  CPU  0.82 core (한계의 41%)   throttled 3.1%
  Heap 770 MB (75%)   GC max 46ms × 73회
  DB   slow 754  QPS 4,642  풀 40%  대기 0
  Redis hit 99.2%  ops 63.9/s  evicted 0

  ── 회귀 ──────────────────────────────────────────────────────────
  ⚠  기준선으로 쓸 수 있는 과거 실행이 없어 상대 비교를 생략했습니다 (절대 게이트만 적용).
     · normal-day-2026-08-20T04-34-17 — 부하 프로파일: ramping-arrival-rate 0→4@1m0s→4@2m0s→0@2m0s maxVU 600 → ramping-arrival-rate 0→4@3m0s→4@5m0s→0@2m0s maxVU 600; 측정 구간 설계: steady-state · warmup 60s · measure 120s · rampdown 120s · gate:measure → steady-state · warmup 180s · measure 300s · rampdown 120s · gate:measure
     · normal-day-2026-08-20T04-26-24 — 부하 프로파일: ramping-arrival-rate 0→5@1m0s→5@2m0s→0@2m0s maxVU 600 → ramping-arrival-rate 0→4@3m0s→4@5m0s→0@2m0s maxVU 600; 측정 구간 설계: steady-state · warmup 60s · measure 120s · rampdown 120s · gate:measure → steady-state · warmup 180s · measure 300s · rampdown 120s · gate:measure
     · normal-day-2026-08-20T04-18-15 — 부하 프로파일: ramping-arrival-rate 0→3@1m0s→3@2m0s→0@2m0s maxVU 600 → ramping-arrival-rate 0→4@3m0s→4@5m0s→0@2m0s maxVU 600; 측정 구간 설계: steady-state · warmup 60s · measure 120s · rampdown 120s · gate:measure → steady-state · warmup 180s · measure 300s · rampdown 120s · gate:measure

  ── 병목 가설 ─────────────────────────────────────────────────────
  • CPU throttling 발생
    cgroup이 CPU를 강제 회수한 주기가 3.1%다. CPU 한계(2 core)를 올리거나 요청당 CPU 사용을 줄여야 p99가 안정된다.
  • HTTP 요청당 쿼리 수 과다
    요청 1건당 평균 272.3개 쿼리가 실행됐다. N+1 패턴 가능성이 높다.
  • Slow Query 다발
    요청 1000건당 147.3건의 slow query(>100ms). 인덱스 또는 쿼리 계획 점검 대상.

  보고서 : reports\runs\normal-day-2026-08-20T04-49-23\report.html
  Grafana(전체 실행): http://localhost:3001/d/htd-perf-overview/highteenday-performance-overview?from=1787200634927&to=1787201483704
  Grafana(measure) : http://localhost:3001/d/htd-perf-overview/highteenday-performance-overview?from=1787200814927&to=1787201354927
══════════════════════════════════════════════════════════════════════════

  [1/3] p95 305.3ms · 평균 68.6ms · 서버측 66.9ms · 경로 1.7ms

──────── [2/3] 리셋 (restart) ────────

▶ k6 run scenarios/normal-day.js
  브랜치 personal/localdocs · 커밋 3e96d9463207 · 실행자 user@DESKTOP-DJJPASG
  환경 perf · "P1 open model RATE=4 CV validation — repeatability 2/3"
  데이터셋 medium · 상태 sha256:d516ce0dbc5c (166ms)
  캐시 cold (키 0개)
  guard strict — 상태 불일치 시 스냅샷 복원 후 재확인 [perf.config.json]
    guard=strict — 스냅샷으로 복원합니다.
▶ 복원 — medium-20260816-062210 → perf-mysql-data-medium
  앱·MySQL 정지
  MySQL 기동
  Redis FLUSHALL (복원 후 캐시는 cold 다)
  앱 기동
  복원 후 상태 지문 sha256:ffe696d17416 = 스냅샷 일치

✅ 복원 완료 · 소요 5.6초 (압축 해제 구간)

  부하 발생기: 컨테이너 perf-k6 (grafana/k6:2.1.0, CPU 상한 4)
  k6 지표 전송: http://prometheus:9090/api/v1/write (native histogram, 5s 간격)
  환경 대조 벤치 실행 중(3축 3회, 약 40초)... single 4940ms · parallel 6042ms · ctxswitch 2134ms
  부하 중 벤치 예약: k6 시작 +60초 (warmup 구간, 3회)

         /\      Grafana   /‾‾/  
    /\  /  \     |\  __   /  /   
   /  \/    \    | |/ /  /   ‾‾\ 
  /          \   |   (  |  (‾)  |
 / __________ \  |_|\_\  \_____/ 


     execution: local
        script: scenarios/normal-day.js
        output: Prometheus remote write (http://prometheus:9090/api/v1/write)

     scenarios: (100.00%) 1 scenario, 600 max VUs, 10m30s max duration (incl. graceful stop):
              * normal_day: Up to 4.00 iterations/s for 10m0s over 3 stages (maxVUs: 100-600, gracefulStop: 30s)


running (00m00.9s), 000/100 VUs, 0 complete and 0 interrupted iterations
normal_day   [   0% ] 000/100 VUs  00m00.9s/10m0s  0.11 iters/s

running (00m01.9s), 000/100 VUs, 0 complete and 0 interrupted iterations
normal_day   [   0% ] 000/100 VUs  00m01.9s/10m0s  0.11 iters/s

running (00m02.9s), 000/100 VUs, 0 complete and 0 interrupted iterations
normal_day   [   0% ] 000/100 VUs  00m02.9s/10m0s  0.11 iters/s

running (00m03.9s), 000/100 VUs, 0 complete and 0 interrupted iterations
normal_day   [   1% ] 000/100 VUs  00m03.9s/10m0s  0.11 iters/s

running (00m04.9s), 000/100 VUs, 0 complete and 0 interrupted iterations
normal_day   [   1% ] 000/100 VUs  00m04.9s/10m0s  0.11 iters/s

running (00m05.9s), 000/100 VUs, 0 complete and 0 interrupted iterations
normal_day   [   1% ] 000/100 VUs  00m05.9s/10m0s  0.11 iters/s

running (00m06.9s), 000/100 VUs, 0 complete and 0 interrupted iterations
normal_day   [   1% ] 000/100 VUs  00m06.9s/10m0s  0.11 iters/s

running (00m07.9s), 000/100 VUs, 0 complete and 0 interrupted iterations
normal_day   [   1% ] 000/100 VUs  00m07.9s/10m0s  0.11 iters/s

running (00m08.9s), 000/100 VUs, 0 complete and 0 interrupted iterations
normal_day   [   1% ] 000/100 VUs  00m08.9s/10m0s  0.11 iters/s

running (00m09.9s), 001/100 VUs, 0 complete and 0 interrupted iterations
normal_day   [   2% ] 001/100 VUs  00m09.9s/10m0s  0.25 iters/s

running (00m10.9s), 001/100 VUs, 0 complete and 0 interrupted iterations
normal_day   [   2% ] 001/100 VUs  00m10.9s/10m0s  0.25 iters/s

running (00m11.9s), 001/100 VUs, 0 complete and 0 interrupted iterations
normal_day   [   2% ] 001/100 VUs  00m11.9s/10m0s  0.25 iters/s

running (00m12.9s), 001/100 VUs, 0 complete and 0 interrupted iterations
normal_day   [   2% ] 001/100 VUs  00m12.9s/10m0s  0.25 iters/s

running (00m13.9s), 002/100 VUs, 0 complete and 0 interrupted iterations
normal_day   [   2% ] 002/100 VUs  00m13.9s/10m0s  0.33 iters/s

running (00m14.9s), 002/100 VUs, 0 complete and 0 interrupted iterations
normal_day   [   2% ] 002/100 VUs  00m14.9s/10m0s  0.33 iters/s

running (00m15.9s), 002/100 VUs, 0 complete and 0 interrupted iterations
normal_day   [   3% ] 002/100 VUs  00m15.9s/10m0s  0.33 iters/s

running (00m16.9s), 003/100 VUs, 0 complete and 0 interrupted iterations
normal_day   [   3% ] 003/100 VUs  00m16.9s/10m0s  0.39 iters/s

running (00m17.9s), 002/100 VUs, 1 complete and 0 interrupted iterations
normal_day   [   3% ] 002/100 VUs  00m17.9s/10m0s  0.39 iters/s

running (00m18.9s), 002/100 VUs, 1 complete and 0 interrupted iterations
normal_day   [   3% ] 002/100 VUs  00m18.9s/10m0s  0.39 iters/s

running (00m19.9s), 003/100 VUs, 1 complete and 0 interrupted iterations
normal_day   [   3% ] 003/100 VUs  00m19.9s/10m0s  0.45 iters/s

running (00m20.9s), 002/100 VUs, 2 complete and 0 interrupted iterations
normal_day   [   3% ] 002/100 VUs  00m20.9s/10m0s  0.45 iters/s

running (00m21.9s), 003/100 VUs, 2 complete and 0 interrupted iterations
normal_day   [   4% ] 003/100 VUs  00m21.9s/10m0s  0.49 iters/s

running (00m22.9s), 003/100 VUs, 2 complete and 0 interrupted iterations
normal_day   [   4% ] 003/100 VUs  00m22.9s/10m0s  0.49 iters/s

running (00m23.9s), 004/100 VUs, 2 complete and 0 interrupted iterations
normal_day   [   4% ] 004/100 VUs  00m23.9s/10m0s  0.54 iters/s

running (00m24.9s), 004/100 VUs, 2 complete and 0 interrupted iterations
normal_day   [   4% ] 004/100 VUs  00m24.9s/10m0s  0.54 iters/s

running (00m25.9s), 005/100 VUs, 2 complete and 0 interrupted iterations
normal_day   [   4% ] 005/100 VUs  00m25.9s/10m0s  0.58 iters/s

running (00m26.9s), 005/100 VUs, 3 complete and 0 interrupted iterations
normal_day   [   4% ] 005/100 VUs  00m26.9s/10m0s  0.61 iters/s

running (00m27.9s), 005/100 VUs, 3 complete and 0 interrupted iterations
normal_day   [   5% ] 005/100 VUs  00m27.9s/10m0s  0.61 iters/s

running (00m28.9s), 005/100 VUs, 4 complete and 0 interrupted iterations
normal_day   [   5% ] 005/100 VUs  00m28.9s/10m0s  0.65 iters/s

running (00m29.9s), 005/100 VUs, 4 complete and 0 interrupted iterations
normal_day   [   5% ] 005/100 VUs  00m29.9s/10m0s  0.65 iters/s

running (00m30.9s), 005/100 VUs, 5 complete and 0 interrupted iterations
normal_day   [   5% ] 005/100 VUs  00m30.9s/10m0s  0.68 iters/s

running (00m31.9s), 006/100 VUs, 5 complete and 0 interrupted iterations
normal_day   [   5% ] 006/100 VUs  00m31.9s/10m0s  0.71 iters/s

running (00m32.9s), 006/100 VUs, 6 complete and 0 interrupted iterations
normal_day   [   5% ] 006/100 VUs  00m32.9s/10m0s  0.75 iters/s

running (00m33.9s), 006/100 VUs, 6 complete and 0 interrupted iterations
normal_day   [   6% ] 006/100 VUs  00m33.9s/10m0s  0.75 iters/s

running (00m34.9s), 006/100 VUs, 7 complete and 0 interrupted iterations
normal_day   [   6% ] 006/100 VUs  00m34.9s/10m0s  0.77 iters/s

running (00m35.9s), 006/100 VUs, 8 complete and 0 interrupted iterations
normal_day   [   6% ] 006/100 VUs  00m35.9s/10m0s  0.80 iters/s

running (00m36.9s), 006/100 VUs, 9 complete and 0 interrupted iterations
normal_day   [   6% ] 006/100 VUs  00m36.9s/10m0s  0.83 iters/s

running (00m37.9s), 005/100 VUs, 10 complete and 0 interrupted iterations
normal_day   [   6% ] 005/100 VUs  00m37.9s/10m0s  0.83 iters/s

running (00m38.9s), 006/100 VUs, 10 complete and 0 interrupted iterations
normal_day   [   6% ] 006/100 VUs  00m38.9s/10m0s  0.86 iters/s

running (00m39.9s), 006/100 VUs, 11 complete and 0 interrupted iterations
normal_day   [   7% ] 006/100 VUs  00m39.9s/10m0s  0.88 iters/s

running (00m40.9s), 007/100 VUs, 11 complete and 0 interrupted iterations
normal_day   [   7% ] 007/100 VUs  00m40.9s/10m0s  0.91 iters/s

running (00m41.9s), 008/100 VUs, 11 complete and 0 interrupted iterations
normal_day   [   7% ] 008/100 VUs  00m41.9s/10m0s  0.93 iters/s

running (00m42.9s), 009/100 VUs, 11 complete and 0 interrupted iterations
normal_day   [   7% ] 009/100 VUs  00m42.9s/10m0s  0.95 iters/s

running (00m43.9s), 010/100 VUs, 11 complete and 0 interrupted iterations
normal_day   [   7% ] 010/100 VUs  00m43.9s/10m0s  0.98 iters/s

running (00m44.9s), 010/100 VUs, 12 complete and 0 interrupted iterations
normal_day   [   7% ] 010/100 VUs  00m44.9s/10m0s  1.00 iters/s

running (00m45.9s), 010/100 VUs, 13 complete and 0 interrupted iterations
normal_day   [   8% ] 010/100 VUs  00m45.9s/10m0s  1.02 iters/s

running (00m46.9s), 011/100 VUs, 13 complete and 0 interrupted iterations
normal_day   [   8% ] 011/100 VUs  00m46.9s/10m0s  1.04 iters/s

running (00m47.9s), 012/100 VUs, 13 complete and 0 interrupted iterations
normal_day   [   8% ] 012/100 VUs  00m47.9s/10m0s  1.06 iters/s

running (00m48.9s), 012/100 VUs, 14 complete and 0 interrupted iterations
normal_day   [   8% ] 012/100 VUs  00m48.9s/10m0s  1.09 iters/s

running (00m49.9s), 012/100 VUs, 15 complete and 0 interrupted iterations
normal_day   [   8% ] 012/100 VUs  00m49.9s/10m0s  1.11 iters/s

running (00m50.9s), 011/100 VUs, 17 complete and 0 interrupted iterations
normal_day   [   8% ] 011/100 VUs  00m50.9s/10m0s  1.13 iters/s

running (00m51.9s), 010/100 VUs, 19 complete and 0 interrupted iterations
normal_day   [   9% ] 010/100 VUs  00m51.9s/10m0s  1.14 iters/s

running (00m52.9s), 010/100 VUs, 21 complete and 0 interrupted iterations
normal_day   [   9% ] 010/100 VUs  00m52.9s/10m0s  1.18 iters/s

running (00m53.9s), 011/100 VUs, 21 complete and 0 interrupted iterations
normal_day   [   9% ] 011/100 VUs  00m53.9s/10m0s  1.20 iters/s

running (00m54.9s), 012/100 VUs, 21 complete and 0 interrupted iterations
normal_day   [   9% ] 012/100 VUs  00m54.9s/10m0s  1.22 iters/s

running (00m55.9s), 013/100 VUs, 21 complete and 0 interrupted iterations
normal_day   [   9% ] 013/100 VUs  00m55.9s/10m0s  1.24 iters/s

running (00m56.9s), 012/100 VUs, 23 complete and 0 interrupted iterations
normal_day   [   9% ] 012/100 VUs  00m56.9s/10m0s  1.26 iters/s

running (00m57.9s), 013/100 VUs, 24 complete and 0 interrupted iterations
normal_day   [  10% ] 013/100 VUs  00m57.9s/10m0s  1.29 iters/s

running (00m58.9s), 012/100 VUs, 26 complete and 0 interrupted iterations
normal_day   [  10% ] 012/100 VUs  00m58.9s/10m0s  1.31 iters/s

running (00m59.9s), 010/100 VUs, 29 complete and 0 interrupted iterations
normal_day   [  10% ] 010/100 VUs  00m59.9s/10m0s  1.32 iters/s

running (01m00.9s), 011/100 VUs, 30 complete and 0 interrupted iterations
normal_day   [  10% ] 011/100 VUs  01m00.9s/10m0s  1.36 iters/s

running (01m01.9s), 012/100 VUs, 30 complete and 0 interrupted iterations
normal_day   [  10% ] 012/100 VUs  01m01.9s/10m0s  1.37 iters/s

running (01m02.9s), 013/100 VUs, 30 complete and 0 interrupted iterations
normal_day   [  10% ] 013/100 VUs  01m02.9s/10m0s  1.39 iters/s

running (01m03.9s), 015/100 VUs, 30 complete and 0 interrupted iterations
normal_day   [  11% ] 015/100 VUs  01m03.9s/10m0s  1.42 iters/s

running (01m04.9s), 015/100 VUs, 31 complete and 0 interrupted iterations
normal_day   [  11% ] 015/100 VUs  01m04.9s/10m0s  1.44 iters/s

running (01m05.9s), 016/100 VUs, 32 complete and 0 interrupted iterations
normal_day   [  11% ] 016/100 VUs  01m05.9s/10m0s  1.47 iters/s

running (01m06.9s), 015/100 VUs, 34 complete and 0 interrupted iterations
normal_day   [  11% ] 015/100 VUs  01m06.9s/10m0s  1.48 iters/s

running (01m07.9s), 017/100 VUs, 34 complete and 0 interrupted iterations
normal_day   [  11% ] 017/100 VUs  01m07.9s/10m0s  1.51 iters/s

running (01m08.9s), 017/100 VUs, 35 complete and 0 interrupted iterations
normal_day   [  11% ] 017/100 VUs  01m08.9s/10m0s  1.53 iters/s

running (01m09.9s), 017/100 VUs, 37 complete and 0 interrupted iterations
normal_day   [  12% ] 017/100 VUs  01m09.9s/10m0s  1.56 iters/s

running (01m10.9s), 015/100 VUs, 40 complete and 0 interrupted iterations
normal_day   [  12% ] 015/100 VUs  01m10.9s/10m0s  1.57 iters/s

running (01m11.9s), 015/100 VUs, 42 complete and 0 interrupted iterations
normal_day   [  12% ] 015/100 VUs  01m11.9s/10m0s  1.60 iters/s

running (01m12.9s), 017/100 VUs, 42 complete and 0 interrupted iterations
normal_day   [  12% ] 017/100 VUs  01m12.9s/10m0s  1.63 iters/s

running (01m13.9s), 018/100 VUs, 42 complete and 0 interrupted iterations
normal_day   [  12% ] 018/100 VUs  01m13.9s/10m0s  1.64 iters/s

running (01m14.9s), 018/100 VUs, 44 complete and 0 interrupted iterations
normal_day   [  12% ] 018/100 VUs  01m14.9s/10m0s  1.67 iters/s

running (01m15.9s), 017/100 VUs, 47 complete and 0 interrupted iterations
normal_day   [  13% ] 017/100 VUs  01m15.9s/10m0s  1.69 iters/s

running (01m16.9s), 016/100 VUs, 49 complete and 0 interrupted iterations
normal_day   [  13% ] 016/100 VUs  01m16.9s/10m0s  1.71 iters/s

running (01m17.9s), 014/100 VUs, 53 complete and 0 interrupted iterations
normal_day   [  13% ] 014/100 VUs  01m17.9s/10m0s  1.73 iters/s

running (01m18.9s), 014/100 VUs, 55 complete and 0 interrupted iterations
normal_day   [  13% ] 014/100 VUs  01m18.9s/10m0s  1.76 iters/s

running (01m19.9s), 013/100 VUs, 57 complete and 0 interrupted iterations
normal_day   [  13% ] 013/100 VUs  01m19.9s/10m0s  1.77 iters/s

running (01m20.9s), 014/100 VUs, 58 complete and 0 interrupted iterations
normal_day   [  13% ] 014/100 VUs  01m20.9s/10m0s  1.80 iters/s

running (01m21.9s), 016/100 VUs, 58 complete and 0 interrupted iterations
normal_day   [  14% ] 016/100 VUs  01m21.9s/10m0s  1.82 iters/s

running (01m22.9s), 018/100 VUs, 58 complete and 0 interrupted iterations
normal_day   [  14% ] 018/100 VUs  01m22.9s/10m0s  1.84 iters/s

running (01m23.9s), 017/100 VUs, 61 complete and 0 interrupted iterations
normal_day   [  14% ] 017/100 VUs  01m23.9s/10m0s  1.87 iters/s

running (01m24.9s), 016/100 VUs, 64 complete and 0 interrupted iterations
normal_day   [  14% ] 016/100 VUs  01m24.9s/10m0s  1.89 iters/s

running (01m25.9s), 017/100 VUs, 65 complete and 0 interrupted iterations
normal_day   [  14% ] 017/100 VUs  01m25.9s/10m0s  1.91 iters/s

running (01m26.9s), 015/100 VUs, 68 complete and 0 interrupted iterations
normal_day   [  14% ] 015/100 VUs  01m26.9s/10m0s  1.93 iters/s

running (01m27.9s), 015/100 VUs, 70 complete and 0 interrupted iterations
normal_day   [  15% ] 015/100 VUs  01m27.9s/10m0s  1.95 iters/s

running (01m28.9s), 016/100 VUs, 71 complete and 0 interrupted iterations
normal_day   [  15% ] 016/100 VUs  01m28.9s/10m0s  1.97 iters/s

running (01m29.9s), 018/100 VUs, 71 complete and 0 interrupted iterations
normal_day   [  15% ] 018/100 VUs  01m29.9s/10m0s  1.99 iters/s

running (01m30.9s), 017/100 VUs, 74 complete and 0 interrupted iterations
normal_day   [  15% ] 017/100 VUs  01m30.9s/10m0s  2.02 iters/s

running (01m31.9s), 015/100 VUs, 78 complete and 0 interrupted iterations
normal_day   [  15% ] 015/100 VUs  01m31.9s/10m0s  2.04 iters/s

running (01m32.9s), 017/100 VUs, 78 complete and 0 interrupted iterations
normal_day   [  15% ] 017/100 VUs  01m32.9s/10m0s  2.06 iters/s

running (01m33.9s), 018/100 VUs, 79 complete and 0 interrupted iterations
normal_day   [  16% ] 018/100 VUs  01m33.9s/10m0s  2.08 iters/s

running (01m34.9s), 019/100 VUs, 81 complete and 0 interrupted iterations
normal_day   [  16% ] 019/100 VUs  01m34.9s/10m0s  2.11 iters/s

running (01m35.9s), 021/100 VUs, 81 complete and 0 interrupted iterations
normal_day   [  16% ] 021/100 VUs  01m35.9s/10m0s  2.13 iters/s

running (01m36.9s), 022/100 VUs, 82 complete and 0 interrupted iterations
normal_day   [  16% ] 022/100 VUs  01m36.9s/10m0s  2.16 iters/s

running (01m37.9s), 022/100 VUs, 84 complete and 0 interrupted iterations
normal_day   [  16% ] 022/100 VUs  01m37.9s/10m0s  2.18 iters/s

running (01m38.9s), 021/100 VUs, 87 complete and 0 interrupted iterations
normal_day   [  16% ] 021/100 VUs  01m38.9s/10m0s  2.20 iters/s

running (01m39.9s), 022/100 VUs, 88 complete and 0 interrupted iterations
normal_day   [  17% ] 022/100 VUs  01m39.9s/10m0s  2.22 iters/s

running (01m40.9s), 025/100 VUs, 88 complete and 0 interrupted iterations
normal_day   [  17% ] 025/100 VUs  01m40.9s/10m0s  2.25 iters/s

running (01m41.9s), 027/100 VUs, 88 complete and 0 interrupted iterations
normal_day   [  17% ] 027/100 VUs  01m41.9s/10m0s  2.27 iters/s

running (01m42.9s), 024/100 VUs, 93 complete and 0 interrupted iterations
normal_day   [  17% ] 024/100 VUs  01m42.9s/10m0s  2.29 iters/s

running (01m43.9s), 022/100 VUs, 97 complete and 0 interrupted iterations
normal_day   [  17% ] 022/100 VUs  01m43.9s/10m0s  2.30 iters/s

running (01m44.9s), 024/100 VUs, 98 complete and 0 interrupted iterations
normal_day   [  17% ] 024/100 VUs  01m44.9s/10m0s  2.33 iters/s

running (01m45.9s), 023/100 VUs, 101 complete and 0 interrupted iterations
normal_day   [  18% ] 023/100 VUs  01m45.9s/10m0s  2.35 iters/s

running (01m46.9s), 024/100 VUs, 102 complete and 0 interrupted iterations
normal_day   [  18% ] 024/100 VUs  01m46.9s/10m0s  2.37 iters/s

running (01m47.9s), 022/100 VUs, 107 complete and 0 interrupted iterations
normal_day   [  18% ] 022/100 VUs  01m47.9s/10m0s  2.40 iters/s

running (01m48.9s), 022/100 VUs, 109 complete and 0 interrupted iterations
normal_day   [  18% ] 022/100 VUs  01m48.9s/10m0s  2.42 iters/s

running (01m49.9s), 024/100 VUs, 110 complete and 0 interrupted iterations
normal_day   [  18% ] 024/100 VUs  01m49.9s/10m0s  2.44 iters/s

running (01m50.9s), 024/100 VUs, 112 complete and 0 interrupted iterations
normal_day   [  18% ] 024/100 VUs  01m50.9s/10m0s  2.46 iters/s

running (01m51.9s), 024/100 VUs, 115 complete and 0 interrupted iterations
normal_day   [  19% ] 024/100 VUs  01m51.9s/10m0s  2.49 iters/s

running (01m52.9s), 024/100 VUs, 117 complete and 0 interrupted iterations
normal_day   [  19% ] 024/100 VUs  01m52.9s/10m0s  2.51 iters/s

running (01m53.9s), 026/100 VUs, 118 complete and 0 interrupted iterations
normal_day   [  19% ] 026/100 VUs  01m53.9s/10m0s  2.53 iters/s

running (01m54.9s), 025/100 VUs, 121 complete and 0 interrupted iterations
normal_day   [  19% ] 025/100 VUs  01m54.9s/10m0s  2.55 iters/s

running (01m55.9s), 026/100 VUs, 123 complete and 0 interrupted iterations
normal_day   [  19% ] 026/100 VUs  01m55.9s/10m0s  2.58 iters/s

running (01m56.9s), 024/100 VUs, 127 complete and 0 interrupted iterations
normal_day   [  19% ] 024/100 VUs  01m56.9s/10m0s  2.59 iters/s

running (01m57.9s), 024/100 VUs, 130 complete and 0 interrupted iterations
normal_day   [  20% ] 024/100 VUs  01m57.9s/10m0s  2.62 iters/s

running (01m58.9s), 025/100 VUs, 132 complete and 0 interrupted iterations
normal_day   [  20% ] 025/100 VUs  01m58.9s/10m0s  2.65 iters/s

running (01m59.9s), 025/100 VUs, 134 complete and 0 interrupted iterations
normal_day   [  20% ] 025/100 VUs  01m59.9s/10m0s  2.66 iters/s

running (02m00.9s), 025/100 VUs, 137 complete and 0 interrupted iterations
normal_day   [  20% ] 025/100 VUs  02m00.9s/10m0s  2.69 iters/s

running (02m01.9s), 025/100 VUs, 140 complete and 0 interrupted iterations
normal_day   [  20% ] 025/100 VUs  02m01.9s/10m0s  2.71 iters/s

running (02m02.9s), 025/100 VUs, 142 complete and 0 interrupted iterations
normal_day   [  20% ] 025/100 VUs  02m02.9s/10m0s  2.73 iters/s

running (02m03.9s), 026/100 VUs, 144 complete and 0 interrupted iterations
normal_day   [  21% ] 026/100 VUs  02m03.9s/10m0s  2.75 iters/s

running (02m04.9s), 027/100 VUs, 146 complete and 0 interrupted iterations
normal_day   [  21% ] 027/100 VUs  02m04.9s/10m0s  2.78 iters/s

running (02m05.9s), 028/100 VUs, 148 complete and 0 interrupted iterations
normal_day   [  21% ] 028/100 VUs  02m05.9s/10m0s  2.80 iters/s

running (02m06.9s), 027/100 VUs, 151 complete and 0 interrupted iterations
normal_day   [  21% ] 027/100 VUs  02m06.9s/10m0s  2.82 iters/s

running (02m07.9s), 029/100 VUs, 152 complete and 0 interrupted iterations
normal_day   [  21% ] 029/100 VUs  02m07.9s/10m0s  2.84 iters/s

running (02m08.9s), 031/100 VUs, 153 complete and 0 interrupted iterations
normal_day   [  21% ] 031/100 VUs  02m08.9s/10m0s  2.86 iters/s

running (02m09.9s), 033/100 VUs, 154 complete and 0 interrupted iterations
normal_day   [  22% ] 033/100 VUs  02m09.9s/10m0s  2.89 iters/s

running (02m10.9s), 033/100 VUs, 157 complete and 0 interrupted iterations
normal_day   [  22% ] 033/100 VUs  02m10.9s/10m0s  2.91 iters/s

running (02m11.9s), 034/100 VUs, 159 complete and 0 interrupted iterations
normal_day   [  22% ] 034/100 VUs  02m11.9s/10m0s  2.93 iters/s

running (02m12.9s), 030/100 VUs, 166 complete and 0 interrupted iterations
normal_day   [  22% ] 030/100 VUs  02m12.9s/10m0s  2.96 iters/s

running (02m13.9s), 027/100 VUs, 172 complete and 0 interrupted iterations
normal_day   [  22% ] 027/100 VUs  02m13.9s/10m0s  2.98 iters/s

running (02m14.9s), 028/100 VUs, 174 complete and 0 interrupted iterations
normal_day   [  22% ] 028/100 VUs  02m14.9s/10m0s  3.00 iters/s

running (02m15.9s), 029/100 VUs, 176 complete and 0 interrupted iterations
normal_day   [  23% ] 029/100 VUs  02m15.9s/10m0s  3.02 iters/s

running (02m16.9s), 031/100 VUs, 177 complete and 0 interrupted iterations
normal_day   [  23% ] 031/100 VUs  02m16.9s/10m0s  3.04 iters/s

running (02m17.9s), 032/100 VUs, 179 complete and 0 interrupted iterations
normal_day   [  23% ] 032/100 VUs  02m17.9s/10m0s  3.07 iters/s

running (02m18.9s), 033/100 VUs, 181 complete and 0 interrupted iterations
normal_day   [  23% ] 033/100 VUs  02m18.9s/10m0s  3.09 iters/s

running (02m19.9s), 030/100 VUs, 187 complete and 0 interrupted iterations
normal_day   [  23% ] 030/100 VUs  02m19.9s/10m0s  3.11 iters/s

running (02m20.9s), 030/100 VUs, 190 complete and 0 interrupted iterations
normal_day   [  23% ] 030/100 VUs  02m20.9s/10m0s  3.13 iters/s

running (02m21.9s), 031/100 VUs, 192 complete and 0 interrupted iterations
normal_day   [  24% ] 031/100 VUs  02m21.9s/10m0s  3.15 iters/s

running (02m22.9s), 029/100 VUs, 197 complete and 0 interrupted iterations
normal_day   [  24% ] 029/100 VUs  02m22.9s/10m0s  3.17 iters/s

running (02m23.9s), 030/100 VUs, 200 complete and 0 interrupted iterations
normal_day   [  24% ] 030/100 VUs  02m23.9s/10m0s  3.20 iters/s

running (02m24.9s), 031/100 VUs, 202 complete and 0 interrupted iterations
normal_day   [  24% ] 031/100 VUs  02m24.9s/10m0s  3.22 iters/s

running (02m25.9s), 033/100 VUs, 203 complete and 0 interrupted iterations
normal_day   [  24% ] 033/100 VUs  02m25.9s/10m0s  3.24 iters/s

running (02m26.9s), 030/100 VUs, 209 complete and 0 interrupted iterations
normal_day   [  24% ] 030/100 VUs  02m26.9s/10m0s  3.26 iters/s

running (02m27.9s), 031/100 VUs, 212 complete and 0 interrupted iterations
normal_day   [  25% ] 031/100 VUs  02m27.9s/10m0s  3.29 iters/s

running (02m28.9s), 031/100 VUs, 215 complete and 0 interrupted iterations
normal_day   [  25% ] 031/100 VUs  02m28.9s/10m0s  3.31 iters/s

running (02m29.9s), 031/100 VUs, 218 complete and 0 interrupted iterations
normal_day   [  25% ] 031/100 VUs  02m29.9s/10m0s  3.33 iters/s

running (02m30.9s), 032/100 VUs, 221 complete and 0 interrupted iterations
normal_day   [  25% ] 032/100 VUs  02m30.9s/10m0s  3.36 iters/s

running (02m31.9s), 033/100 VUs, 223 complete and 0 interrupted iterations
normal_day   [  25% ] 033/100 VUs  02m31.9s/10m0s  3.38 iters/s

running (02m32.9s), 030/100 VUs, 229 complete and 0 interrupted iterations
normal_day   [  25% ] 030/100 VUs  02m32.9s/10m0s  3.40 iters/s

running (02m33.9s), 029/100 VUs, 234 complete and 0 interrupted iterations
normal_day   [  26% ] 029/100 VUs  02m33.9s/10m0s  3.42 iters/s

running (02m34.9s), 031/100 VUs, 235 complete and 0 interrupted iterations
normal_day   [  26% ] 031/100 VUs  02m34.9s/10m0s  3.44 iters/s

running (02m35.9s), 034/100 VUs, 236 complete and 0 interrupted iterations
normal_day   [  26% ] 034/100 VUs  02m35.9s/10m0s  3.47 iters/s

running (02m36.9s), 036/100 VUs, 237 complete and 0 interrupted iterations
normal_day   [  26% ] 036/100 VUs  02m36.9s/10m0s  3.49 iters/s

running (02m37.9s), 037/100 VUs, 240 complete and 0 interrupted iterations
normal_day   [  26% ] 037/100 VUs  02m37.9s/10m0s  3.51 iters/s

running (02m38.9s), 038/100 VUs, 242 complete and 0 interrupted iterations
normal_day   [  26% ] 038/100 VUs  02m38.9s/10m0s  3.53 iters/s

running (02m39.9s), 038/100 VUs, 246 complete and 0 interrupted iterations
normal_day   [  27% ] 038/100 VUs  02m39.9s/10m0s  3.56 iters/s

running (02m40.9s), 038/100 VUs, 249 complete and 0 interrupted iterations
normal_day   [  27% ] 038/100 VUs  02m40.9s/10m0s  3.57 iters/s

running (02m41.9s), 038/100 VUs, 253 complete and 0 interrupted iterations
normal_day   [  27% ] 038/100 VUs  02m41.9s/10m0s  3.60 iters/s

running (02m42.9s), 035/100 VUs, 259 complete and 0 interrupted iterations
normal_day   [  27% ] 035/100 VUs  02m42.9s/10m0s  3.62 iters/s

running (02m43.9s), 034/100 VUs, 264 complete and 0 interrupted iterations
normal_day   [  27% ] 034/100 VUs  02m43.9s/10m0s  3.64 iters/s

running (02m44.9s), 034/100 VUs, 268 complete and 0 interrupted iterations
normal_day   [  27% ] 034/100 VUs  02m44.9s/10m0s  3.67 iters/s

running (02m45.9s), 035/100 VUs, 270 complete and 0 interrupted iterations
normal_day   [  28% ] 035/100 VUs  02m45.9s/10m0s  3.68 iters/s

running (02m46.9s), 037/100 VUs, 272 complete and 0 interrupted iterations
normal_day   [  28% ] 037/100 VUs  02m46.9s/10m0s  3.71 iters/s

running (02m47.9s), 036/100 VUs, 277 complete and 0 interrupted iterations
normal_day   [  28% ] 036/100 VUs  02m47.9s/10m0s  3.73 iters/s

running (02m48.9s), 037/100 VUs, 280 complete and 0 interrupted iterations
normal_day   [  28% ] 037/100 VUs  02m48.9s/10m0s  3.76 iters/s

running (02m49.9s), 039/100 VUs, 281 complete and 0 interrupted iterations
normal_day   [  28% ] 039/100 VUs  02m49.9s/10m0s  3.77 iters/s

running (02m50.9s), 038/100 VUs, 286 complete and 0 interrupted iterations
normal_day   [  28% ] 038/100 VUs  02m50.9s/10m0s  3.80 iters/s

running (02m51.9s), 038/100 VUs, 290 complete and 0 interrupted iterations
normal_day   [  29% ] 038/100 VUs  02m51.9s/10m0s  3.82 iters/s

running (02m52.9s), 037/100 VUs, 295 complete and 0 interrupted iterations
normal_day   [  29% ] 037/100 VUs  02m52.9s/10m0s  3.84 iters/s

running (02m53.9s), 036/100 VUs, 300 complete and 0 interrupted iterations
normal_day   [  29% ] 036/100 VUs  02m53.9s/10m0s  3.87 iters/s

running (02m54.9s), 035/100 VUs, 304 complete and 0 interrupted iterations
normal_day   [  29% ] 035/100 VUs  02m54.9s/10m0s  3.88 iters/s

running (02m55.9s), 034/100 VUs, 309 complete and 0 interrupted iterations
normal_day   [  29% ] 034/100 VUs  02m55.9s/10m0s  3.91 iters/s

running (02m56.9s), 037/100 VUs, 310 complete and 0 interrupted iterations
normal_day   [  29% ] 037/100 VUs  02m56.9s/10m0s  3.93 iters/s

running (02m57.9s), 035/100 VUs, 316 complete and 0 interrupted iterations
normal_day   [  30% ] 035/100 VUs  02m57.9s/10m0s  3.95 iters/s

running (02m58.9s), 036/100 VUs, 319 complete and 0 interrupted iterations
normal_day   [  30% ] 036/100 VUs  02m58.9s/10m0s  3.97 iters/s

running (02m59.9s), 037/100 VUs, 322 complete and 0 interrupted iterations
normal_day   [  30% ] 037/100 VUs  02m59.9s/10m0s  4.00 iters/s

running (03m00.9s), 040/100 VUs, 323 complete and 0 interrupted iterations
normal_day   [  30% ] 040/100 VUs  03m00.9s/10m0s  4.00 iters/s

running (03m01.9s), 042/100 VUs, 325 complete and 0 interrupted iterations
normal_day   [  30% ] 042/100 VUs  03m01.9s/10m0s  4.00 iters/s

running (03m02.9s), 038/100 VUs, 333 complete and 0 interrupted iterations
normal_day   [  30% ] 038/100 VUs  03m02.9s/10m0s  4.00 iters/s

running (03m03.9s), 037/100 VUs, 338 complete and 0 interrupted iterations
normal_day   [  31% ] 037/100 VUs  03m03.9s/10m0s  4.00 iters/s

running (03m04.9s), 037/100 VUs, 342 complete and 0 interrupted iterations
normal_day   [  31% ] 037/100 VUs  03m04.9s/10m0s  4.00 iters/s

running (03m05.9s), 036/100 VUs, 347 complete and 0 interrupted iterations
normal_day   [  31% ] 036/100 VUs  03m05.9s/10m0s  4.00 iters/s

running (03m06.9s), 036/100 VUs, 351 complete and 0 interrupted iterations
normal_day   [  31% ] 036/100 VUs  03m06.9s/10m0s  4.00 iters/s

running (03m07.9s), 036/100 VUs, 355 complete and 0 interrupted iterations
normal_day   [  31% ] 036/100 VUs  03m07.9s/10m0s  4.00 iters/s

running (03m08.9s), 039/100 VUs, 356 complete and 0 interrupted iterations
normal_day   [  31% ] 039/100 VUs  03m08.9s/10m0s  4.00 iters/s

running (03m09.9s), 040/100 VUs, 359 complete and 0 interrupted iterations
normal_day   [  32% ] 040/100 VUs  03m09.9s/10m0s  4.00 iters/s

running (03m10.9s), 037/100 VUs, 366 complete and 0 interrupted iterations
normal_day   [  32% ] 037/100 VUs  03m10.9s/10m0s  4.00 iters/s

running (03m11.9s), 038/100 VUs, 369 complete and 0 interrupted iterations
normal_day   [  32% ] 038/100 VUs  03m11.9s/10m0s  4.00 iters/s

running (03m12.9s), 039/100 VUs, 372 complete and 0 interrupted iterations
normal_day   [  32% ] 039/100 VUs  03m12.9s/10m0s  4.00 iters/s

running (03m13.9s), 042/100 VUs, 373 complete and 0 interrupted iterations
normal_day   [  32% ] 042/100 VUs  03m13.9s/10m0s  4.00 iters/s

running (03m14.9s), 043/100 VUs, 376 complete and 0 interrupted iterations
normal_day   [  32% ] 043/100 VUs  03m14.9s/10m0s  4.00 iters/s

running (03m15.9s), 043/100 VUs, 380 complete and 0 interrupted iterations
normal_day   [  33% ] 043/100 VUs  03m15.9s/10m0s  4.00 iters/s

running (03m16.9s), 042/100 VUs, 385 complete and 0 interrupted iterations
normal_day   [  33% ] 042/100 VUs  03m16.9s/10m0s  4.00 iters/s

running (03m17.9s), 043/100 VUs, 388 complete and 0 interrupted iterations
normal_day   [  33% ] 043/100 VUs  03m17.9s/10m0s  4.00 iters/s

running (03m18.9s), 041/100 VUs, 394 complete and 0 interrupted iterations
normal_day   [  33% ] 041/100 VUs  03m18.9s/10m0s  4.00 iters/s

running (03m19.9s), 045/100 VUs, 394 complete and 0 interrupted iterations
normal_day   [  33% ] 045/100 VUs  03m19.9s/10m0s  4.00 iters/s

running (03m20.9s), 039/100 VUs, 404 complete and 0 interrupted iterations
normal_day   [  33% ] 039/100 VUs  03m20.9s/10m0s  4.00 iters/s

running (03m21.9s), 036/100 VUs, 411 complete and 0 interrupted iterations
normal_day   [  34% ] 036/100 VUs  03m21.9s/10m0s  4.00 iters/s

running (03m22.9s), 037/100 VUs, 414 complete and 0 interrupted iterations
normal_day   [  34% ] 037/100 VUs  03m22.9s/10m0s  4.00 iters/s

running (03m23.9s), 038/100 VUs, 417 complete and 0 interrupted iterations
normal_day   [  34% ] 038/100 VUs  03m23.9s/10m0s  4.00 iters/s

running (03m24.9s), 040/100 VUs, 419 complete and 0 interrupted iterations
normal_day   [  34% ] 040/100 VUs  03m24.9s/10m0s  4.00 iters/s

running (03m25.9s), 042/100 VUs, 421 complete and 0 interrupted iterations
normal_day   [  34% ] 042/100 VUs  03m25.9s/10m0s  4.00 iters/s

running (03m26.9s), 040/100 VUs, 427 complete and 0 interrupted iterations
normal_day   [  34% ] 040/100 VUs  03m26.9s/10m0s  4.00 iters/s

running (03m27.9s), 040/100 VUs, 431 complete and 0 interrupted iterations
normal_day   [  35% ] 040/100 VUs  03m27.9s/10m0s  4.00 iters/s

running (03m28.9s), 042/100 VUs, 433 complete and 0 interrupted iterations
normal_day   [  35% ] 042/100 VUs  03m28.9s/10m0s  4.00 iters/s

running (03m29.9s), 044/100 VUs, 435 complete and 0 interrupted iterations
normal_day   [  35% ] 044/100 VUs  03m29.9s/10m0s  4.00 iters/s

running (03m30.9s), 045/100 VUs, 438 complete and 0 interrupted iterations
normal_day   [  35% ] 045/100 VUs  03m30.9s/10m0s  4.00 iters/s

running (03m31.9s), 040/100 VUs, 447 complete and 0 interrupted iterations
normal_day   [  35% ] 040/100 VUs  03m31.9s/10m0s  4.00 iters/s

running (03m32.9s), 040/100 VUs, 451 complete and 0 interrupted iterations
normal_day   [  35% ] 040/100 VUs  03m32.9s/10m0s  4.00 iters/s

running (03m33.9s), 042/100 VUs, 453 complete and 0 interrupted iterations
normal_day   [  36% ] 042/100 VUs  03m33.9s/10m0s  4.00 iters/s

running (03m34.9s), 041/100 VUs, 458 complete and 0 interrupted iterations
normal_day   [  36% ] 041/100 VUs  03m34.9s/10m0s  4.00 iters/s

running (03m35.9s), 044/100 VUs, 459 complete and 0 interrupted iterations
normal_day   [  36% ] 044/100 VUs  03m35.9s/10m0s  4.00 iters/s

running (03m36.9s), 043/100 VUs, 464 complete and 0 interrupted iterations
normal_day   [  36% ] 043/100 VUs  03m36.9s/10m0s  4.00 iters/s

running (03m37.9s), 042/100 VUs, 469 complete and 0 interrupted iterations
normal_day   [  36% ] 042/100 VUs  03m37.9s/10m0s  4.00 iters/s

running (03m38.9s), 044/100 VUs, 471 complete and 0 interrupted iterations
normal_day   [  36% ] 044/100 VUs  03m38.9s/10m0s  4.00 iters/s

running (03m39.9s), 044/100 VUs, 475 complete and 0 interrupted iterations
normal_day   [  37% ] 044/100 VUs  03m39.9s/10m0s  4.00 iters/s

running (03m40.9s), 042/100 VUs, 481 complete and 0 interrupted iterations
normal_day   [  37% ] 042/100 VUs  03m40.9s/10m0s  4.00 iters/s

running (03m41.9s), 042/100 VUs, 485 complete and 0 interrupted iterations
normal_day   [  37% ] 042/100 VUs  03m41.9s/10m0s  4.00 iters/s

running (03m42.9s), 041/100 VUs, 490 complete and 0 interrupted iterations
normal_day   [  37% ] 041/100 VUs  03m42.9s/10m0s  4.00 iters/s

running (03m43.9s), 041/100 VUs, 494 complete and 0 interrupted iterations
normal_day   [  37% ] 041/100 VUs  03m43.9s/10m0s  4.00 iters/s

running (03m44.9s), 042/100 VUs, 497 complete and 0 interrupted iterations
normal_day   [  37% ] 042/100 VUs  03m44.9s/10m0s  4.00 iters/s

running (03m45.9s), 038/100 VUs, 505 complete and 0 interrupted iterations
normal_day   [  38% ] 038/100 VUs  03m45.9s/10m0s  4.00 iters/s

running (03m46.9s), 038/100 VUs, 509 complete and 0 interrupted iterations
normal_day   [  38% ] 038/100 VUs  03m46.9s/10m0s  4.00 iters/s

running (03m47.9s), 040/100 VUs, 511 complete and 0 interrupted iterations
normal_day   [  38% ] 040/100 VUs  03m47.9s/10m0s  4.00 iters/s

running (03m48.9s), 038/100 VUs, 517 complete and 0 interrupted iterations
normal_day   [  38% ] 038/100 VUs  03m48.9s/10m0s  4.00 iters/s

running (03m49.9s), 039/100 VUs, 520 complete and 0 interrupted iterations
normal_day   [  38% ] 039/100 VUs  03m49.9s/10m0s  4.00 iters/s

running (03m50.9s), 034/100 VUs, 529 complete and 0 interrupted iterations
normal_day   [  38% ] 034/100 VUs  03m50.9s/10m0s  4.00 iters/s

running (03m51.9s), 035/100 VUs, 532 complete and 0 interrupted iterations
normal_day   [  39% ] 035/100 VUs  03m51.9s/10m0s  4.00 iters/s

running (03m52.9s), 034/100 VUs, 537 complete and 0 interrupted iterations
normal_day   [  39% ] 034/100 VUs  03m52.9s/10m0s  4.00 iters/s

running (03m53.9s), 034/100 VUs, 541 complete and 0 interrupted iterations
normal_day   [  39% ] 034/100 VUs  03m53.9s/10m0s  4.00 iters/s

running (03m54.9s), 032/100 VUs, 547 complete and 0 interrupted iterations
normal_day   [  39% ] 032/100 VUs  03m54.9s/10m0s  4.00 iters/s

running (03m55.9s), 034/100 VUs, 549 complete and 0 interrupted iterations
normal_day   [  39% ] 034/100 VUs  03m55.9s/10m0s  4.00 iters/s

running (03m56.9s), 036/100 VUs, 551 complete and 0 interrupted iterations
normal_day   [  39% ] 036/100 VUs  03m56.9s/10m0s  4.00 iters/s

running (03m57.9s), 037/100 VUs, 554 complete and 0 interrupted iterations
normal_day   [  40% ] 037/100 VUs  03m57.9s/10m0s  4.00 iters/s

running (03m58.9s), 034/100 VUs, 561 complete and 0 interrupted iterations
normal_day   [  40% ] 034/100 VUs  03m58.9s/10m0s  4.00 iters/s

running (03m59.9s), 033/100 VUs, 566 complete and 0 interrupted iterations
normal_day   [  40% ] 033/100 VUs  03m59.9s/10m0s  4.00 iters/s

running (04m00.9s), 035/100 VUs, 568 complete and 0 interrupted iterations
normal_day   [  40% ] 035/100 VUs  04m00.9s/10m0s  4.00 iters/s

running (04m01.9s), 036/100 VUs, 571 complete and 0 interrupted iterations
normal_day   [  40% ] 036/100 VUs  04m01.9s/10m0s  4.00 iters/s

running (04m02.9s), 034/100 VUs, 577 complete and 0 interrupted iterations
normal_day   [  40% ] 034/100 VUs  04m02.9s/10m0s  4.00 iters/s

running (04m03.9s), 036/100 VUs, 579 complete and 0 interrupted iterations
normal_day   [  41% ] 036/100 VUs  04m03.9s/10m0s  4.00 iters/s

running (04m04.9s), 033/100 VUs, 586 complete and 0 interrupted iterations
normal_day   [  41% ] 033/100 VUs  04m04.9s/10m0s  4.00 iters/s

running (04m05.9s), 034/100 VUs, 589 complete and 0 interrupted iterations
normal_day   [  41% ] 034/100 VUs  04m05.9s/10m0s  4.00 iters/s

running (04m06.9s), 035/100 VUs, 592 complete and 0 interrupted iterations
normal_day   [  41% ] 035/100 VUs  04m06.9s/10m0s  4.00 iters/s

running (04m07.9s), 035/100 VUs, 596 complete and 0 interrupted iterations
normal_day   [  41% ] 035/100 VUs  04m07.9s/10m0s  4.00 iters/s

running (04m08.9s), 038/100 VUs, 597 complete and 0 interrupted iterations
normal_day   [  41% ] 038/100 VUs  04m08.9s/10m0s  4.00 iters/s

running (04m09.9s), 036/100 VUs, 603 complete and 0 interrupted iterations
normal_day   [  42% ] 036/100 VUs  04m09.9s/10m0s  4.00 iters/s

running (04m10.9s), 034/100 VUs, 609 complete and 0 interrupted iterations
normal_day   [  42% ] 034/100 VUs  04m10.9s/10m0s  4.00 iters/s

running (04m11.9s), 037/100 VUs, 610 complete and 0 interrupted iterations
normal_day   [  42% ] 037/100 VUs  04m11.9s/10m0s  4.00 iters/s

running (04m12.9s), 038/100 VUs, 613 complete and 0 interrupted iterations
normal_day   [  42% ] 038/100 VUs  04m12.9s/10m0s  4.00 iters/s

running (04m13.9s), 037/100 VUs, 618 complete and 0 interrupted iterations
normal_day   [  42% ] 037/100 VUs  04m13.9s/10m0s  4.00 iters/s

running (04m14.9s), 038/100 VUs, 621 complete and 0 interrupted iterations
normal_day   [  42% ] 038/100 VUs  04m14.9s/10m0s  4.00 iters/s

running (04m15.9s), 037/100 VUs, 626 complete and 0 interrupted iterations
normal_day   [  43% ] 037/100 VUs  04m15.9s/10m0s  4.00 iters/s

running (04m16.9s), 038/100 VUs, 629 complete and 0 interrupted iterations
normal_day   [  43% ] 038/100 VUs  04m16.9s/10m0s  4.00 iters/s

running (04m17.9s), 037/100 VUs, 634 complete and 0 interrupted iterations
normal_day   [  43% ] 037/100 VUs  04m17.9s/10m0s  4.00 iters/s

running (04m18.9s), 036/100 VUs, 639 complete and 0 interrupted iterations
normal_day   [  43% ] 036/100 VUs  04m18.9s/10m0s  4.00 iters/s

running (04m19.9s), 037/100 VUs, 642 complete and 0 interrupted iterations
normal_day   [  43% ] 037/100 VUs  04m19.9s/10m0s  4.00 iters/s

running (04m20.9s), 037/100 VUs, 646 complete and 0 interrupted iterations
normal_day   [  43% ] 037/100 VUs  04m20.9s/10m0s  4.00 iters/s

running (04m21.9s), 037/100 VUs, 650 complete and 0 interrupted iterations
normal_day   [  44% ] 037/100 VUs  04m21.9s/10m0s  4.00 iters/s

running (04m22.9s), 039/100 VUs, 652 complete and 0 interrupted iterations
normal_day   [  44% ] 039/100 VUs  04m22.9s/10m0s  4.00 iters/s

running (04m23.9s), 038/100 VUs, 657 complete and 0 interrupted iterations
normal_day   [  44% ] 038/100 VUs  04m23.9s/10m0s  4.00 iters/s

running (04m24.9s), 037/100 VUs, 662 complete and 0 interrupted iterations
normal_day   [  44% ] 037/100 VUs  04m24.9s/10m0s  4.00 iters/s

running (04m25.9s), 037/100 VUs, 666 complete and 0 interrupted iterations
normal_day   [  44% ] 037/100 VUs  04m25.9s/10m0s  4.00 iters/s

running (04m26.9s), 037/100 VUs, 670 complete and 0 interrupted iterations
normal_day   [  44% ] 037/100 VUs  04m26.9s/10m0s  4.00 iters/s

running (04m27.9s), 038/100 VUs, 673 complete and 0 interrupted iterations
normal_day   [  45% ] 038/100 VUs  04m27.9s/10m0s  4.00 iters/s

running (04m28.9s), 039/100 VUs, 676 complete and 0 interrupted iterations
normal_day   [  45% ] 039/100 VUs  04m28.9s/10m0s  4.00 iters/s

running (04m29.9s), 039/100 VUs, 680 complete and 0 interrupted iterations
normal_day   [  45% ] 039/100 VUs  04m29.9s/10m0s  4.00 iters/s

running (04m30.9s), 038/100 VUs, 685 complete and 0 interrupted iterations
normal_day   [  45% ] 038/100 VUs  04m30.9s/10m0s  4.00 iters/s

running (04m31.9s), 040/100 VUs, 687 complete and 0 interrupted iterations
normal_day   [  45% ] 040/100 VUs  04m31.9s/10m0s  4.00 iters/s

running (04m32.9s), 042/100 VUs, 689 complete and 0 interrupted iterations
normal_day   [  45% ] 042/100 VUs  04m32.9s/10m0s  4.00 iters/s

running (04m33.9s), 044/100 VUs, 691 complete and 0 interrupted iterations
normal_day   [  46% ] 044/100 VUs  04m33.9s/10m0s  4.00 iters/s

running (04m34.9s), 044/100 VUs, 695 complete and 0 interrupted iterations
normal_day   [  46% ] 044/100 VUs  04m34.9s/10m0s  4.00 iters/s

running (04m35.9s), 045/100 VUs, 698 complete and 0 interrupted iterations
normal_day   [  46% ] 045/100 VUs  04m35.9s/10m0s  4.00 iters/s

running (04m36.9s), 043/100 VUs, 704 complete and 0 interrupted iterations
normal_day   [  46% ] 043/100 VUs  04m36.9s/10m0s  4.00 iters/s

running (04m37.9s), 043/100 VUs, 708 complete and 0 interrupted iterations
normal_day   [  46% ] 043/100 VUs  04m37.9s/10m0s  4.00 iters/s

running (04m38.9s), 043/100 VUs, 712 complete and 0 interrupted iterations
normal_day   [  46% ] 043/100 VUs  04m38.9s/10m0s  4.00 iters/s

running (04m39.9s), 041/100 VUs, 718 complete and 0 interrupted iterations
normal_day   [  47% ] 041/100 VUs  04m39.9s/10m0s  4.00 iters/s

running (04m40.9s), 041/100 VUs, 722 complete and 0 interrupted iterations
normal_day   [  47% ] 041/100 VUs  04m40.9s/10m0s  4.00 iters/s

running (04m41.9s), 040/100 VUs, 727 complete and 0 interrupted iterations
normal_day   [  47% ] 040/100 VUs  04m41.9s/10m0s  4.00 iters/s

running (04m42.9s), 038/100 VUs, 733 complete and 0 interrupted iterations
normal_day   [  47% ] 038/100 VUs  04m42.9s/10m0s  4.00 iters/s

running (04m43.9s), 038/100 VUs, 737 complete and 0 interrupted iterations
normal_day   [  47% ] 038/100 VUs  04m43.9s/10m0s  4.00 iters/s

running (04m44.9s), 039/100 VUs, 740 complete and 0 interrupted iterations
normal_day   [  47% ] 039/100 VUs  04m44.9s/10m0s  4.00 iters/s

running (04m45.9s), 034/100 VUs, 749 complete and 0 interrupted iterations
normal_day   [  48% ] 034/100 VUs  04m45.9s/10m0s  4.00 iters/s

running (04m46.9s), 035/100 VUs, 752 complete and 0 interrupted iterations
normal_day   [  48% ] 035/100 VUs  04m46.9s/10m0s  4.00 iters/s

running (04m47.9s), 034/100 VUs, 757 complete and 0 interrupted iterations
normal_day   [  48% ] 034/100 VUs  04m47.9s/10m0s  4.00 iters/s

running (04m48.9s), 036/100 VUs, 759 complete and 0 interrupted iterations
normal_day   [  48% ] 036/100 VUs  04m48.9s/10m0s  4.00 iters/s

running (04m49.9s), 036/100 VUs, 763 complete and 0 interrupted iterations
normal_day   [  48% ] 036/100 VUs  04m49.9s/10m0s  4.00 iters/s

running (04m50.9s), 034/100 VUs, 769 complete and 0 interrupted iterations
normal_day   [  48% ] 034/100 VUs  04m50.9s/10m0s  4.00 iters/s

running (04m51.9s), 032/100 VUs, 775 complete and 0 interrupted iterations
normal_day   [  49% ] 032/100 VUs  04m51.9s/10m0s  4.00 iters/s

running (04m52.9s), 034/100 VUs, 777 complete and 0 interrupted iterations
normal_day   [  49% ] 034/100 VUs  04m52.9s/10m0s  4.00 iters/s

running (04m53.9s), 034/100 VUs, 781 complete and 0 interrupted iterations
normal_day   [  49% ] 034/100 VUs  04m53.9s/10m0s  4.00 iters/s

running (04m54.9s), 033/100 VUs, 786 complete and 0 interrupted iterations
normal_day   [  49% ] 033/100 VUs  04m54.9s/10m0s  4.00 iters/s

running (04m55.9s), 035/100 VUs, 788 complete and 0 interrupted iterations
normal_day   [  49% ] 035/100 VUs  04m55.9s/10m0s  4.00 iters/s

running (04m56.9s), 034/100 VUs, 793 complete and 0 interrupted iterations
normal_day   [  49% ] 034/100 VUs  04m56.9s/10m0s  4.00 iters/s

running (04m57.9s), 035/100 VUs, 796 complete and 0 interrupted iterations
normal_day   [  50% ] 035/100 VUs  04m57.9s/10m0s  4.00 iters/s

running (04m58.9s), 036/100 VUs, 799 complete and 0 interrupted iterations
normal_day   [  50% ] 036/100 VUs  04m58.9s/10m0s  4.00 iters/s

running (04m59.9s), 037/100 VUs, 802 complete and 0 interrupted iterations
normal_day   [  50% ] 037/100 VUs  04m59.9s/10m0s  4.00 iters/s

running (05m00.9s), 039/100 VUs, 804 complete and 0 interrupted iterations
normal_day   [  50% ] 039/100 VUs  05m00.9s/10m0s  4.00 iters/s

running (05m01.9s), 039/100 VUs, 808 complete and 0 interrupted iterations
normal_day   [  50% ] 039/100 VUs  05m01.9s/10m0s  4.00 iters/s

running (05m02.9s), 042/100 VUs, 809 complete and 0 interrupted iterations
normal_day   [  50% ] 042/100 VUs  05m02.9s/10m0s  4.00 iters/s

running (05m03.9s), 044/100 VUs, 811 complete and 0 interrupted iterations
normal_day   [  51% ] 044/100 VUs  05m03.9s/10m0s  4.00 iters/s

running (05m04.9s), 041/100 VUs, 818 complete and 0 interrupted iterations
normal_day   [  51% ] 041/100 VUs  05m04.9s/10m0s  4.00 iters/s

running (05m05.9s), 042/100 VUs, 821 complete and 0 interrupted iterations
normal_day   [  51% ] 042/100 VUs  05m05.9s/10m0s  4.00 iters/s

running (05m06.9s), 043/100 VUs, 824 complete and 0 interrupted iterations
normal_day   [  51% ] 043/100 VUs  05m06.9s/10m0s  4.00 iters/s

running (05m07.9s), 043/100 VUs, 828 complete and 0 interrupted iterations
normal_day   [  51% ] 043/100 VUs  05m07.9s/10m0s  4.00 iters/s

running (05m08.9s), 044/100 VUs, 831 complete and 0 interrupted iterations
normal_day   [  51% ] 044/100 VUs  05m08.9s/10m0s  4.00 iters/s

running (05m09.9s), 044/100 VUs, 835 complete and 0 interrupted iterations
normal_day   [  52% ] 044/100 VUs  05m09.9s/10m0s  4.00 iters/s

running (05m10.9s), 043/100 VUs, 840 complete and 0 interrupted iterations
normal_day   [  52% ] 043/100 VUs  05m10.9s/10m0s  4.00 iters/s

running (05m11.9s), 044/100 VUs, 843 complete and 0 interrupted iterations
normal_day   [  52% ] 044/100 VUs  05m11.9s/10m0s  4.00 iters/s

running (05m12.9s), 042/100 VUs, 849 complete and 0 interrupted iterations
normal_day   [  52% ] 042/100 VUs  05m12.9s/10m0s  4.00 iters/s

running (05m13.9s), 045/100 VUs, 850 complete and 0 interrupted iterations
normal_day   [  52% ] 045/100 VUs  05m13.9s/10m0s  4.00 iters/s

running (05m14.9s), 046/100 VUs, 853 complete and 0 interrupted iterations
normal_day   [  52% ] 046/100 VUs  05m14.9s/10m0s  4.00 iters/s

running (05m15.9s), 048/100 VUs, 855 complete and 0 interrupted iterations
normal_day   [  53% ] 048/100 VUs  05m15.9s/10m0s  4.00 iters/s

running (05m16.9s), 045/100 VUs, 862 complete and 0 interrupted iterations
normal_day   [  53% ] 045/100 VUs  05m16.9s/10m0s  4.00 iters/s

running (05m17.9s), 042/100 VUs, 869 complete and 0 interrupted iterations
normal_day   [  53% ] 042/100 VUs  05m17.9s/10m0s  4.00 iters/s

running (05m18.9s), 042/100 VUs, 873 complete and 0 interrupted iterations
normal_day   [  53% ] 042/100 VUs  05m18.9s/10m0s  4.00 iters/s

running (05m19.9s), 039/100 VUs, 880 complete and 0 interrupted iterations
normal_day   [  53% ] 039/100 VUs  05m19.9s/10m0s  4.00 iters/s

running (05m20.9s), 039/100 VUs, 884 complete and 0 interrupted iterations
normal_day   [  53% ] 039/100 VUs  05m20.9s/10m0s  4.00 iters/s

running (05m21.9s), 037/100 VUs, 890 complete and 0 interrupted iterations
normal_day   [  54% ] 037/100 VUs  05m21.9s/10m0s  4.00 iters/s

running (05m22.9s), 036/100 VUs, 895 complete and 0 interrupted iterations
normal_day   [  54% ] 036/100 VUs  05m22.9s/10m0s  4.00 iters/s

running (05m23.9s), 037/100 VUs, 898 complete and 0 interrupted iterations
normal_day   [  54% ] 037/100 VUs  05m23.9s/10m0s  4.00 iters/s

running (05m24.9s), 037/100 VUs, 902 complete and 0 interrupted iterations
normal_day   [  54% ] 037/100 VUs  05m24.9s/10m0s  4.00 iters/s

running (05m25.9s), 038/100 VUs, 905 complete and 0 interrupted iterations
normal_day   [  54% ] 038/100 VUs  05m25.9s/10m0s  4.00 iters/s

running (05m26.9s), 038/100 VUs, 909 complete and 0 interrupted iterations
normal_day   [  54% ] 038/100 VUs  05m26.9s/10m0s  4.00 iters/s

running (05m27.9s), 039/100 VUs, 912 complete and 0 interrupted iterations
normal_day   [  55% ] 039/100 VUs  05m27.9s/10m0s  4.00 iters/s

running (05m28.9s), 036/100 VUs, 919 complete and 0 interrupted iterations
normal_day   [  55% ] 036/100 VUs  05m28.9s/10m0s  4.00 iters/s

running (05m29.9s), 034/100 VUs, 925 complete and 0 interrupted iterations
normal_day   [  55% ] 034/100 VUs  05m29.9s/10m0s  4.00 iters/s

running (05m30.9s), 034/100 VUs, 929 complete and 0 interrupted iterations
normal_day   [  55% ] 034/100 VUs  05m30.9s/10m0s  4.00 iters/s

running (05m31.9s), 036/100 VUs, 931 complete and 0 interrupted iterations
normal_day   [  55% ] 036/100 VUs  05m31.9s/10m0s  4.00 iters/s

running (05m32.9s), 039/100 VUs, 932 complete and 0 interrupted iterations
normal_day   [  55% ] 039/100 VUs  05m32.9s/10m0s  4.00 iters/s

running (05m33.9s), 038/100 VUs, 937 complete and 0 interrupted iterations
normal_day   [  56% ] 038/100 VUs  05m33.9s/10m0s  4.00 iters/s

running (05m34.9s), 038/100 VUs, 941 complete and 0 interrupted iterations
normal_day   [  56% ] 038/100 VUs  05m34.9s/10m0s  4.00 iters/s

running (05m35.9s), 038/100 VUs, 945 complete and 0 interrupted iterations
normal_day   [  56% ] 038/100 VUs  05m35.9s/10m0s  4.00 iters/s

running (05m36.9s), 038/100 VUs, 949 complete and 0 interrupted iterations
normal_day   [  56% ] 038/100 VUs  05m36.9s/10m0s  4.00 iters/s

running (05m37.9s), 036/100 VUs, 955 complete and 0 interrupted iterations
normal_day   [  56% ] 036/100 VUs  05m37.9s/10m0s  4.00 iters/s

running (05m38.9s), 037/100 VUs, 958 complete and 0 interrupted iterations
normal_day   [  56% ] 037/100 VUs  05m38.9s/10m0s  4.00 iters/s

running (05m39.9s), 037/100 VUs, 962 complete and 0 interrupted iterations
normal_day   [  57% ] 037/100 VUs  05m39.9s/10m0s  4.00 iters/s

running (05m40.9s), 034/100 VUs, 969 complete and 0 interrupted iterations
normal_day   [  57% ] 034/100 VUs  05m40.9s/10m0s  4.00 iters/s

running (05m41.9s), 035/100 VUs, 972 complete and 0 interrupted iterations
normal_day   [  57% ] 035/100 VUs  05m41.9s/10m0s  4.00 iters/s

running (05m42.9s), 039/100 VUs, 972 complete and 0 interrupted iterations
normal_day   [  57% ] 039/100 VUs  05m42.9s/10m0s  4.00 iters/s

running (05m43.9s), 038/100 VUs, 977 complete and 0 interrupted iterations
normal_day   [  57% ] 038/100 VUs  05m43.9s/10m0s  4.00 iters/s

running (05m44.9s), 035/100 VUs, 984 complete and 0 interrupted iterations
normal_day   [  57% ] 035/100 VUs  05m44.9s/10m0s  4.00 iters/s

running (05m45.9s), 034/100 VUs, 989 complete and 0 interrupted iterations
normal_day   [  58% ] 034/100 VUs  05m45.9s/10m0s  4.00 iters/s

running (05m46.9s), 035/100 VUs, 992 complete and 0 interrupted iterations
normal_day   [  58% ] 035/100 VUs  05m46.9s/10m0s  4.00 iters/s

running (05m47.9s), 034/100 VUs, 997 complete and 0 interrupted iterations
normal_day   [  58% ] 034/100 VUs  05m47.9s/10m0s  4.00 iters/s

running (05m48.9s), 037/100 VUs, 998 complete and 0 interrupted iterations
normal_day   [  58% ] 037/100 VUs  05m48.9s/10m0s  4.00 iters/s

running (05m49.9s), 041/100 VUs, 998 complete and 0 interrupted iterations
normal_day   [  58% ] 041/100 VUs  05m49.9s/10m0s  4.00 iters/s

running (05m50.9s), 040/100 VUs, 1003 complete and 0 interrupted iterations
normal_day   [  58% ] 040/100 VUs  05m50.9s/10m0s  4.00 iters/s

running (05m51.9s), 041/100 VUs, 1006 complete and 0 interrupted iterations
normal_day   [  59% ] 041/100 VUs  05m51.9s/10m0s  4.00 iters/s

running (05m52.9s), 042/100 VUs, 1009 complete and 0 interrupted iterations
normal_day   [  59% ] 042/100 VUs  05m52.9s/10m0s  4.00 iters/s

running (05m53.9s), 041/100 VUs, 1014 complete and 0 interrupted iterations
normal_day   [  59% ] 041/100 VUs  05m53.9s/10m0s  4.00 iters/s

running (05m54.9s), 041/100 VUs, 1018 complete and 0 interrupted iterations
normal_day   [  59% ] 041/100 VUs  05m54.9s/10m0s  4.00 iters/s

running (05m55.9s), 037/100 VUs, 1026 complete and 0 interrupted iterations
normal_day   [  59% ] 037/100 VUs  05m55.9s/10m0s  4.00 iters/s

running (05m56.9s), 038/100 VUs, 1029 complete and 0 interrupted iterations
normal_day   [  59% ] 038/100 VUs  05m56.9s/10m0s  4.00 iters/s

running (05m57.9s), 040/100 VUs, 1031 complete and 0 interrupted iterations
normal_day   [  60% ] 040/100 VUs  05m57.9s/10m0s  4.00 iters/s

running (05m58.9s), 037/100 VUs, 1038 complete and 0 interrupted iterations
normal_day   [  60% ] 037/100 VUs  05m58.9s/10m0s  4.00 iters/s

running (05m59.9s), 037/100 VUs, 1042 complete and 0 interrupted iterations
normal_day   [  60% ] 037/100 VUs  05m59.9s/10m0s  4.00 iters/s

running (06m00.9s), 034/100 VUs, 1049 complete and 0 interrupted iterations
normal_day   [  60% ] 034/100 VUs  06m00.9s/10m0s  4.00 iters/s

running (06m01.9s), 035/100 VUs, 1052 complete and 0 interrupted iterations
normal_day   [  60% ] 035/100 VUs  06m01.9s/10m0s  4.00 iters/s

running (06m02.9s), 036/100 VUs, 1055 complete and 0 interrupted iterations
normal_day   [  60% ] 036/100 VUs  06m02.9s/10m0s  4.00 iters/s

running (06m03.9s), 034/100 VUs, 1061 complete and 0 interrupted iterations
normal_day   [  61% ] 034/100 VUs  06m03.9s/10m0s  4.00 iters/s

running (06m04.9s), 034/100 VUs, 1065 complete and 0 interrupted iterations
normal_day   [  61% ] 034/100 VUs  06m04.9s/10m0s  4.00 iters/s

running (06m05.9s), 032/100 VUs, 1071 complete and 0 interrupted iterations
normal_day   [  61% ] 032/100 VUs  06m05.9s/10m0s  4.00 iters/s

running (06m06.9s), 035/100 VUs, 1072 complete and 0 interrupted iterations
normal_day   [  61% ] 035/100 VUs  06m06.9s/10m0s  4.00 iters/s

running (06m07.9s), 034/100 VUs, 1077 complete and 0 interrupted iterations
normal_day   [  61% ] 034/100 VUs  06m07.9s/10m0s  4.00 iters/s

running (06m08.9s), 036/100 VUs, 1079 complete and 0 interrupted iterations
normal_day   [  61% ] 036/100 VUs  06m08.9s/10m0s  4.00 iters/s

running (06m09.9s), 036/100 VUs, 1083 complete and 0 interrupted iterations
normal_day   [  62% ] 036/100 VUs  06m09.9s/10m0s  4.00 iters/s

running (06m10.9s), 039/100 VUs, 1084 complete and 0 interrupted iterations
normal_day   [  62% ] 039/100 VUs  06m10.9s/10m0s  4.00 iters/s

running (06m11.9s), 035/100 VUs, 1092 complete and 0 interrupted iterations
normal_day   [  62% ] 035/100 VUs  06m11.9s/10m0s  4.00 iters/s

running (06m12.9s), 038/100 VUs, 1093 complete and 0 interrupted iterations
normal_day   [  62% ] 038/100 VUs  06m12.9s/10m0s  4.00 iters/s

running (06m13.9s), 038/100 VUs, 1097 complete and 0 interrupted iterations
normal_day   [  62% ] 038/100 VUs  06m13.9s/10m0s  4.00 iters/s

running (06m14.9s), 039/100 VUs, 1100 complete and 0 interrupted iterations
normal_day   [  62% ] 039/100 VUs  06m14.9s/10m0s  4.00 iters/s

running (06m15.9s), 039/100 VUs, 1104 complete and 0 interrupted iterations
normal_day   [  63% ] 039/100 VUs  06m15.9s/10m0s  4.00 iters/s

running (06m16.9s), 040/100 VUs, 1107 complete and 0 interrupted iterations
normal_day   [  63% ] 040/100 VUs  06m16.9s/10m0s  4.00 iters/s

running (06m17.9s), 039/100 VUs, 1112 complete and 0 interrupted iterations
normal_day   [  63% ] 039/100 VUs  06m17.9s/10m0s  4.00 iters/s

running (06m18.9s), 039/100 VUs, 1116 complete and 0 interrupted iterations
normal_day   [  63% ] 039/100 VUs  06m18.9s/10m0s  4.00 iters/s

running (06m19.9s), 039/100 VUs, 1120 complete and 0 interrupted iterations
normal_day   [  63% ] 039/100 VUs  06m19.9s/10m0s  4.00 iters/s

running (06m20.9s), 042/100 VUs, 1121 complete and 0 interrupted iterations
normal_day   [  63% ] 042/100 VUs  06m20.9s/10m0s  4.00 iters/s

running (06m21.9s), 044/100 VUs, 1123 complete and 0 interrupted iterations
normal_day   [  64% ] 044/100 VUs  06m21.9s/10m0s  4.00 iters/s

running (06m22.9s), 045/100 VUs, 1126 complete and 0 interrupted iterations
normal_day   [  64% ] 045/100 VUs  06m22.9s/10m0s  4.00 iters/s

running (06m23.9s), 044/100 VUs, 1131 complete and 0 interrupted iterations
normal_day   [  64% ] 044/100 VUs  06m23.9s/10m0s  4.00 iters/s

running (06m24.9s), 043/100 VUs, 1136 complete and 0 interrupted iterations
normal_day   [  64% ] 043/100 VUs  06m24.9s/10m0s  4.00 iters/s

running (06m25.9s), 043/100 VUs, 1140 complete and 0 interrupted iterations
normal_day   [  64% ] 043/100 VUs  06m25.9s/10m0s  4.00 iters/s

running (06m26.9s), 042/100 VUs, 1145 complete and 0 interrupted iterations
normal_day   [  64% ] 042/100 VUs  06m26.9s/10m0s  4.00 iters/s

running (06m27.9s), 042/100 VUs, 1149 complete and 0 interrupted iterations
normal_day   [  65% ] 042/100 VUs  06m27.9s/10m0s  4.00 iters/s

running (06m28.9s), 041/100 VUs, 1154 complete and 0 interrupted iterations
normal_day   [  65% ] 041/100 VUs  06m28.9s/10m0s  4.00 iters/s

running (06m29.9s), 040/100 VUs, 1159 complete and 0 interrupted iterations
normal_day   [  65% ] 040/100 VUs  06m29.9s/10m0s  4.00 iters/s

running (06m30.9s), 038/100 VUs, 1165 complete and 0 interrupted iterations
normal_day   [  65% ] 038/100 VUs  06m30.9s/10m0s  4.00 iters/s

running (06m31.9s), 037/100 VUs, 1170 complete and 0 interrupted iterations
normal_day   [  65% ] 037/100 VUs  06m31.9s/10m0s  4.00 iters/s

running (06m32.9s), 037/100 VUs, 1174 complete and 0 interrupted iterations
normal_day   [  65% ] 037/100 VUs  06m32.9s/10m0s  4.00 iters/s

running (06m33.9s), 037/100 VUs, 1178 complete and 0 interrupted iterations
normal_day   [  66% ] 037/100 VUs  06m33.9s/10m0s  4.00 iters/s

running (06m34.9s), 038/100 VUs, 1181 complete and 0 interrupted iterations
normal_day   [  66% ] 038/100 VUs  06m34.9s/10m0s  4.00 iters/s

running (06m35.9s), 041/100 VUs, 1182 complete and 0 interrupted iterations
normal_day   [  66% ] 041/100 VUs  06m35.9s/10m0s  4.00 iters/s

running (06m36.9s), 044/100 VUs, 1183 complete and 0 interrupted iterations
normal_day   [  66% ] 044/100 VUs  06m36.9s/10m0s  4.00 iters/s

running (06m37.9s), 042/100 VUs, 1189 complete and 0 interrupted iterations
normal_day   [  66% ] 042/100 VUs  06m37.9s/10m0s  4.00 iters/s

running (06m38.9s), 040/100 VUs, 1195 complete and 0 interrupted iterations
normal_day   [  66% ] 040/100 VUs  06m38.9s/10m0s  4.00 iters/s

running (06m39.9s), 040/100 VUs, 1199 complete and 0 interrupted iterations
normal_day   [  67% ] 040/100 VUs  06m39.9s/10m0s  4.00 iters/s

running (06m40.9s), 040/100 VUs, 1203 complete and 0 interrupted iterations
normal_day   [  67% ] 040/100 VUs  06m40.9s/10m0s  4.00 iters/s

running (06m41.9s), 040/100 VUs, 1207 complete and 0 interrupted iterations
normal_day   [  67% ] 040/100 VUs  06m41.9s/10m0s  4.00 iters/s

running (06m42.9s), 041/100 VUs, 1210 complete and 0 interrupted iterations
normal_day   [  67% ] 041/100 VUs  06m42.9s/10m0s  4.00 iters/s

running (06m43.9s), 042/100 VUs, 1213 complete and 0 interrupted iterations
normal_day   [  67% ] 042/100 VUs  06m43.9s/10m0s  4.00 iters/s

running (06m44.9s), 039/100 VUs, 1220 complete and 0 interrupted iterations
normal_day   [  67% ] 039/100 VUs  06m44.9s/10m0s  4.00 iters/s

running (06m45.9s), 040/100 VUs, 1223 complete and 0 interrupted iterations
normal_day   [  68% ] 040/100 VUs  06m45.9s/10m0s  4.00 iters/s

running (06m46.9s), 042/100 VUs, 1225 complete and 0 interrupted iterations
normal_day   [  68% ] 042/100 VUs  06m46.9s/10m0s  4.00 iters/s

running (06m47.9s), 043/100 VUs, 1228 complete and 0 interrupted iterations
normal_day   [  68% ] 043/100 VUs  06m47.9s/10m0s  4.00 iters/s

running (06m48.9s), 043/100 VUs, 1232 complete and 0 interrupted iterations
normal_day   [  68% ] 043/100 VUs  06m48.9s/10m0s  4.00 iters/s

running (06m49.9s), 043/100 VUs, 1236 complete and 0 interrupted iterations
normal_day   [  68% ] 043/100 VUs  06m49.9s/10m0s  4.00 iters/s

running (06m50.9s), 042/100 VUs, 1241 complete and 0 interrupted iterations
normal_day   [  68% ] 042/100 VUs  06m50.9s/10m0s  4.00 iters/s

running (06m51.9s), 042/100 VUs, 1245 complete and 0 interrupted iterations
normal_day   [  69% ] 042/100 VUs  06m51.9s/10m0s  4.00 iters/s

running (06m52.9s), 042/100 VUs, 1249 complete and 0 interrupted iterations
normal_day   [  69% ] 042/100 VUs  06m52.9s/10m0s  4.00 iters/s

running (06m53.9s), 044/100 VUs, 1251 complete and 0 interrupted iterations
normal_day   [  69% ] 044/100 VUs  06m53.9s/10m0s  4.00 iters/s

running (06m54.9s), 046/100 VUs, 1253 complete and 0 interrupted iterations
normal_day   [  69% ] 046/100 VUs  06m54.9s/10m0s  4.00 iters/s

running (06m55.9s), 048/100 VUs, 1255 complete and 0 interrupted iterations
normal_day   [  69% ] 048/100 VUs  06m55.9s/10m0s  4.00 iters/s

running (06m56.9s), 046/100 VUs, 1261 complete and 0 interrupted iterations
normal_day   [  69% ] 046/100 VUs  06m56.9s/10m0s  4.00 iters/s

running (06m57.9s), 046/100 VUs, 1265 complete and 0 interrupted iterations
normal_day   [  70% ] 046/100 VUs  06m57.9s/10m0s  4.00 iters/s

running (06m58.9s), 044/100 VUs, 1271 complete and 0 interrupted iterations
normal_day   [  70% ] 044/100 VUs  06m58.9s/10m0s  4.00 iters/s

running (06m59.9s), 045/100 VUs, 1274 complete and 0 interrupted iterations
normal_day   [  70% ] 045/100 VUs  06m59.9s/10m0s  4.00 iters/s

running (07m00.9s), 046/100 VUs, 1277 complete and 0 interrupted iterations
normal_day   [  70% ] 046/100 VUs  07m00.9s/10m0s  4.00 iters/s

running (07m01.9s), 048/100 VUs, 1279 complete and 0 interrupted iterations
normal_day   [  70% ] 048/100 VUs  07m01.9s/10m0s  4.00 iters/s

running (07m02.9s), 049/100 VUs, 1282 complete and 0 interrupted iterations
normal_day   [  70% ] 049/100 VUs  07m02.9s/10m0s  4.00 iters/s

running (07m03.9s), 044/100 VUs, 1291 complete and 0 interrupted iterations
normal_day   [  71% ] 044/100 VUs  07m03.9s/10m0s  4.00 iters/s

running (07m04.9s), 041/100 VUs, 1298 complete and 0 interrupted iterations
normal_day   [  71% ] 041/100 VUs  07m04.9s/10m0s  4.00 iters/s

running (07m05.9s), 041/100 VUs, 1302 complete and 0 interrupted iterations
normal_day   [  71% ] 041/100 VUs  07m05.9s/10m0s  4.00 iters/s

running (07m06.9s), 040/100 VUs, 1307 complete and 0 interrupted iterations
normal_day   [  71% ] 040/100 VUs  07m06.9s/10m0s  4.00 iters/s

running (07m07.9s), 040/100 VUs, 1311 complete and 0 interrupted iterations
normal_day   [  71% ] 040/100 VUs  07m07.9s/10m0s  4.00 iters/s

running (07m08.9s), 042/100 VUs, 1313 complete and 0 interrupted iterations
normal_day   [  71% ] 042/100 VUs  07m08.9s/10m0s  4.00 iters/s

running (07m09.9s), 041/100 VUs, 1318 complete and 0 interrupted iterations
normal_day   [  72% ] 041/100 VUs  07m09.9s/10m0s  4.00 iters/s

running (07m10.9s), 042/100 VUs, 1321 complete and 0 interrupted iterations
normal_day   [  72% ] 042/100 VUs  07m10.9s/10m0s  4.00 iters/s

running (07m11.9s), 040/100 VUs, 1327 complete and 0 interrupted iterations
normal_day   [  72% ] 040/100 VUs  07m11.9s/10m0s  4.00 iters/s

running (07m12.9s), 041/100 VUs, 1330 complete and 0 interrupted iterations
normal_day   [  72% ] 041/100 VUs  07m12.9s/10m0s  4.00 iters/s

running (07m13.9s), 045/100 VUs, 1330 complete and 0 interrupted iterations
normal_day   [  72% ] 045/100 VUs  07m13.9s/10m0s  4.00 iters/s

running (07m14.9s), 047/100 VUs, 1332 complete and 0 interrupted iterations
normal_day   [  72% ] 047/100 VUs  07m14.9s/10m0s  4.00 iters/s

running (07m15.9s), 048/100 VUs, 1335 complete and 0 interrupted iterations
normal_day   [  73% ] 048/100 VUs  07m15.9s/10m0s  4.00 iters/s

running (07m16.9s), 046/100 VUs, 1341 complete and 0 interrupted iterations
normal_day   [  73% ] 046/100 VUs  07m16.9s/10m0s  4.00 iters/s

running (07m17.9s), 046/100 VUs, 1345 complete and 0 interrupted iterations
normal_day   [  73% ] 046/100 VUs  07m17.9s/10m0s  4.00 iters/s

running (07m18.9s), 047/100 VUs, 1348 complete and 0 interrupted iterations
normal_day   [  73% ] 047/100 VUs  07m18.9s/10m0s  4.00 iters/s

running (07m19.9s), 048/100 VUs, 1351 complete and 0 interrupted iterations
normal_day   [  73% ] 048/100 VUs  07m19.9s/10m0s  4.00 iters/s

running (07m20.9s), 046/100 VUs, 1357 complete and 0 interrupted iterations
normal_day   [  73% ] 046/100 VUs  07m20.9s/10m0s  4.00 iters/s

running (07m21.9s), 048/100 VUs, 1359 complete and 0 interrupted iterations
normal_day   [  74% ] 048/100 VUs  07m21.9s/10m0s  4.00 iters/s

running (07m22.9s), 046/100 VUs, 1365 complete and 0 interrupted iterations
normal_day   [  74% ] 046/100 VUs  07m22.9s/10m0s  4.00 iters/s

running (07m23.9s), 045/100 VUs, 1370 complete and 0 interrupted iterations
normal_day   [  74% ] 045/100 VUs  07m23.9s/10m0s  4.00 iters/s

running (07m24.9s), 044/100 VUs, 1375 complete and 0 interrupted iterations
normal_day   [  74% ] 044/100 VUs  07m24.9s/10m0s  4.00 iters/s

running (07m25.9s), 041/100 VUs, 1382 complete and 0 interrupted iterations
normal_day   [  74% ] 041/100 VUs  07m25.9s/10m0s  4.00 iters/s

running (07m26.9s), 043/100 VUs, 1384 complete and 0 interrupted iterations
normal_day   [  74% ] 043/100 VUs  07m26.9s/10m0s  4.00 iters/s

running (07m27.9s), 042/100 VUs, 1389 complete and 0 interrupted iterations
normal_day   [  75% ] 042/100 VUs  07m27.9s/10m0s  4.00 iters/s

running (07m28.9s), 042/100 VUs, 1393 complete and 0 interrupted iterations
normal_day   [  75% ] 042/100 VUs  07m28.9s/10m0s  4.00 iters/s

running (07m29.9s), 043/100 VUs, 1396 complete and 0 interrupted iterations
normal_day   [  75% ] 043/100 VUs  07m29.9s/10m0s  4.00 iters/s

running (07m30.9s), 041/100 VUs, 1402 complete and 0 interrupted iterations
normal_day   [  75% ] 041/100 VUs  07m30.9s/10m0s  4.00 iters/s

running (07m31.9s), 043/100 VUs, 1404 complete and 0 interrupted iterations
normal_day   [  75% ] 043/100 VUs  07m31.9s/10m0s  4.00 iters/s

running (07m32.9s), 042/100 VUs, 1409 complete and 0 interrupted iterations
normal_day   [  75% ] 042/100 VUs  07m32.9s/10m0s  4.00 iters/s

running (07m33.9s), 043/100 VUs, 1412 complete and 0 interrupted iterations
normal_day   [  76% ] 043/100 VUs  07m33.9s/10m0s  4.00 iters/s

running (07m34.9s), 041/100 VUs, 1418 complete and 0 interrupted iterations
normal_day   [  76% ] 041/100 VUs  07m34.9s/10m0s  4.00 iters/s

running (07m35.9s), 041/100 VUs, 1422 complete and 0 interrupted iterations
normal_day   [  76% ] 041/100 VUs  07m35.9s/10m0s  4.00 iters/s

running (07m36.9s), 044/100 VUs, 1423 complete and 0 interrupted iterations
normal_day   [  76% ] 044/100 VUs  07m36.9s/10m0s  4.00 iters/s

running (07m37.9s), 044/100 VUs, 1427 complete and 0 interrupted iterations
normal_day   [  76% ] 044/100 VUs  07m37.9s/10m0s  4.00 iters/s

running (07m38.9s), 044/100 VUs, 1431 complete and 0 interrupted iterations
normal_day   [  76% ] 044/100 VUs  07m38.9s/10m0s  4.00 iters/s

running (07m39.9s), 040/100 VUs, 1439 complete and 0 interrupted iterations
normal_day   [  77% ] 040/100 VUs  07m39.9s/10m0s  4.00 iters/s

running (07m40.9s), 041/100 VUs, 1442 complete and 0 interrupted iterations
normal_day   [  77% ] 041/100 VUs  07m40.9s/10m0s  4.00 iters/s

running (07m41.9s), 044/100 VUs, 1443 complete and 0 interrupted iterations
normal_day   [  77% ] 044/100 VUs  07m41.9s/10m0s  4.00 iters/s

running (07m42.9s), 045/100 VUs, 1446 complete and 0 interrupted iterations
normal_day   [  77% ] 045/100 VUs  07m42.9s/10m0s  4.00 iters/s

running (07m43.9s), 045/100 VUs, 1450 complete and 0 interrupted iterations
normal_day   [  77% ] 045/100 VUs  07m43.9s/10m0s  4.00 iters/s

running (07m44.9s), 042/100 VUs, 1457 complete and 0 interrupted iterations
normal_day   [  77% ] 042/100 VUs  07m44.9s/10m0s  4.00 iters/s

running (07m45.9s), 042/100 VUs, 1461 complete and 0 interrupted iterations
normal_day   [  78% ] 042/100 VUs  07m45.9s/10m0s  4.00 iters/s

running (07m46.9s), 042/100 VUs, 1465 complete and 0 interrupted iterations
normal_day   [  78% ] 042/100 VUs  07m46.9s/10m0s  4.00 iters/s

running (07m47.9s), 040/100 VUs, 1471 complete and 0 interrupted iterations
normal_day   [  78% ] 040/100 VUs  07m47.9s/10m0s  4.00 iters/s

running (07m48.9s), 042/100 VUs, 1473 complete and 0 interrupted iterations
normal_day   [  78% ] 042/100 VUs  07m48.9s/10m0s  4.00 iters/s

running (07m49.9s), 040/100 VUs, 1479 complete and 0 interrupted iterations
normal_day   [  78% ] 040/100 VUs  07m49.9s/10m0s  4.00 iters/s

running (07m50.9s), 041/100 VUs, 1482 complete and 0 interrupted iterations
normal_day   [  78% ] 041/100 VUs  07m50.9s/10m0s  4.00 iters/s

running (07m51.9s), 040/100 VUs, 1487 complete and 0 interrupted iterations
normal_day   [  79% ] 040/100 VUs  07m51.9s/10m0s  4.00 iters/s

running (07m52.9s), 041/100 VUs, 1490 complete and 0 interrupted iterations
normal_day   [  79% ] 041/100 VUs  07m52.9s/10m0s  4.00 iters/s

running (07m53.9s), 041/100 VUs, 1494 complete and 0 interrupted iterations
normal_day   [  79% ] 041/100 VUs  07m53.9s/10m0s  4.00 iters/s

running (07m54.9s), 038/100 VUs, 1501 complete and 0 interrupted iterations
normal_day   [  79% ] 038/100 VUs  07m54.9s/10m0s  4.00 iters/s

running (07m55.9s), 039/100 VUs, 1504 complete and 0 interrupted iterations
normal_day   [  79% ] 039/100 VUs  07m55.9s/10m0s  4.00 iters/s

running (07m56.9s), 042/100 VUs, 1505 complete and 0 interrupted iterations
normal_day   [  79% ] 042/100 VUs  07m56.9s/10m0s  4.00 iters/s

running (07m57.9s), 043/100 VUs, 1508 complete and 0 interrupted iterations
normal_day   [  80% ] 043/100 VUs  07m57.9s/10m0s  4.00 iters/s

running (07m58.9s), 040/100 VUs, 1515 complete and 0 interrupted iterations
normal_day   [  80% ] 040/100 VUs  07m58.9s/10m0s  4.00 iters/s

running (07m59.9s), 041/100 VUs, 1518 complete and 0 interrupted iterations
normal_day   [  80% ] 041/100 VUs  07m59.9s/10m0s  4.00 iters/s

running (08m00.9s), 041/100 VUs, 1522 complete and 0 interrupted iterations
normal_day   [  80% ] 041/100 VUs  08m00.9s/10m0s  3.97 iters/s

running (08m01.9s), 041/100 VUs, 1526 complete and 0 interrupted iterations
normal_day   [  80% ] 041/100 VUs  08m01.9s/10m0s  3.94 iters/s

running (08m02.9s), 039/100 VUs, 1532 complete and 0 interrupted iterations
normal_day   [  80% ] 039/100 VUs  08m02.9s/10m0s  3.90 iters/s

running (08m03.9s), 038/100 VUs, 1537 complete and 0 interrupted iterations
normal_day   [  81% ] 038/100 VUs  08m03.9s/10m0s  3.87 iters/s

running (08m04.9s), 038/100 VUs, 1541 complete and 0 interrupted iterations
normal_day   [  81% ] 038/100 VUs  08m04.9s/10m0s  3.83 iters/s

running (08m05.9s), 039/100 VUs, 1544 complete and 0 interrupted iterations
normal_day   [  81% ] 039/100 VUs  08m05.9s/10m0s  3.80 iters/s

running (08m06.9s), 038/100 VUs, 1548 complete and 0 interrupted iterations
normal_day   [  81% ] 038/100 VUs  08m06.9s/10m0s  3.77 iters/s

running (08m07.9s), 040/100 VUs, 1550 complete and 0 interrupted iterations
normal_day   [  81% ] 040/100 VUs  08m07.9s/10m0s  3.74 iters/s

running (08m08.9s), 042/100 VUs, 1552 complete and 0 interrupted iterations
normal_day   [  81% ] 042/100 VUs  08m08.9s/10m0s  3.70 iters/s

running (08m09.9s), 041/100 VUs, 1557 complete and 0 interrupted iterations
normal_day   [  82% ] 041/100 VUs  08m09.9s/10m0s  3.67 iters/s

running (08m10.9s), 042/100 VUs, 1559 complete and 0 interrupted iterations
normal_day   [  82% ] 042/100 VUs  08m10.9s/10m0s  3.64 iters/s

running (08m11.9s), 040/100 VUs, 1565 complete and 0 interrupted iterations
normal_day   [  82% ] 040/100 VUs  08m11.9s/10m0s  3.60 iters/s

running (08m12.9s), 041/100 VUs, 1567 complete and 0 interrupted iterations
normal_day   [  82% ] 041/100 VUs  08m12.9s/10m0s  3.57 iters/s

running (08m13.9s), 041/100 VUs, 1571 complete and 0 interrupted iterations
normal_day   [  82% ] 041/100 VUs  08m13.9s/10m0s  3.54 iters/s

running (08m14.9s), 039/100 VUs, 1576 complete and 0 interrupted iterations
normal_day   [  82% ] 039/100 VUs  08m14.9s/10m0s  3.51 iters/s

running (08m15.9s), 041/100 VUs, 1578 complete and 0 interrupted iterations
normal_day   [  83% ] 041/100 VUs  08m15.9s/10m0s  3.47 iters/s

running (08m16.9s), 039/100 VUs, 1583 complete and 0 interrupted iterations
normal_day   [  83% ] 039/100 VUs  08m16.9s/10m0s  3.44 iters/s

running (08m17.9s), 038/100 VUs, 1588 complete and 0 interrupted iterations
normal_day   [  83% ] 038/100 VUs  08m17.9s/10m0s  3.40 iters/s

running (08m18.9s), 038/100 VUs, 1591 complete and 0 interrupted iterations
normal_day   [  83% ] 038/100 VUs  08m18.9s/10m0s  3.37 iters/s

running (08m19.9s), 039/100 VUs, 1594 complete and 0 interrupted iterations
normal_day   [  83% ] 039/100 VUs  08m19.9s/10m0s  3.33 iters/s

running (08m20.9s), 036/100 VUs, 1600 complete and 0 interrupted iterations
normal_day   [  83% ] 036/100 VUs  08m20.9s/10m0s  3.30 iters/s

running (08m21.9s), 039/100 VUs, 1600 complete and 0 interrupted iterations
normal_day   [  84% ] 039/100 VUs  08m21.9s/10m0s  3.27 iters/s

running (08m22.9s), 038/100 VUs, 1604 complete and 0 interrupted iterations
normal_day   [  84% ] 038/100 VUs  08m22.9s/10m0s  3.24 iters/s

running (08m23.9s), 040/100 VUs, 1606 complete and 0 interrupted iterations
normal_day   [  84% ] 040/100 VUs  08m23.9s/10m0s  3.20 iters/s

running (08m24.9s), 042/100 VUs, 1607 complete and 0 interrupted iterations
normal_day   [  84% ] 042/100 VUs  08m24.9s/10m0s  3.17 iters/s

running (08m25.9s), 038/100 VUs, 1614 complete and 0 interrupted iterations
normal_day   [  84% ] 038/100 VUs  08m25.9s/10m0s  3.14 iters/s

running (08m26.9s), 038/100 VUs, 1617 complete and 0 interrupted iterations
normal_day   [  84% ] 038/100 VUs  08m26.9s/10m0s  3.10 iters/s

running (08m27.9s), 038/100 VUs, 1620 complete and 0 interrupted iterations
normal_day   [  85% ] 038/100 VUs  08m27.9s/10m0s  3.07 iters/s

running (08m28.9s), 034/100 VUs, 1627 complete and 0 interrupted iterations
normal_day   [  85% ] 034/100 VUs  08m28.9s/10m0s  3.04 iters/s

running (08m29.9s), 034/100 VUs, 1630 complete and 0 interrupted iterations
normal_day   [  85% ] 034/100 VUs  08m29.9s/10m0s  3.01 iters/s

running (08m30.9s), 033/100 VUs, 1634 complete and 0 interrupted iterations
normal_day   [  85% ] 033/100 VUs  08m30.9s/10m0s  2.97 iters/s

running (08m31.9s), 033/100 VUs, 1637 complete and 0 interrupted iterations
normal_day   [  85% ] 033/100 VUs  08m31.9s/10m0s  2.94 iters/s

running (08m32.9s), 035/100 VUs, 1638 complete and 0 interrupted iterations
normal_day   [  85% ] 035/100 VUs  08m32.9s/10m0s  2.90 iters/s

running (08m33.9s), 033/100 VUs, 1643 complete and 0 interrupted iterations
normal_day   [  86% ] 033/100 VUs  08m33.9s/10m0s  2.87 iters/s

running (08m34.9s), 032/100 VUs, 1647 complete and 0 interrupted iterations
normal_day   [  86% ] 032/100 VUs  08m34.9s/10m0s  2.83 iters/s

running (08m35.9s), 030/100 VUs, 1652 complete and 0 interrupted iterations
normal_day   [  86% ] 030/100 VUs  08m35.9s/10m0s  2.80 iters/s

running (08m36.9s), 029/100 VUs, 1655 complete and 0 interrupted iterations
normal_day   [  86% ] 029/100 VUs  08m36.9s/10m0s  2.77 iters/s

running (08m37.9s), 026/100 VUs, 1661 complete and 0 interrupted iterations
normal_day   [  86% ] 026/100 VUs  08m37.9s/10m0s  2.74 iters/s

running (08m38.9s), 026/100 VUs, 1664 complete and 0 interrupted iterations
normal_day   [  86% ] 026/100 VUs  08m38.9s/10m0s  2.70 iters/s

running (08m39.9s), 028/100 VUs, 1665 complete and 0 interrupted iterations
normal_day   [  87% ] 028/100 VUs  08m39.9s/10m0s  2.66 iters/s

running (08m40.9s), 025/100 VUs, 1670 complete and 0 interrupted iterations
normal_day   [  87% ] 025/100 VUs  08m40.9s/10m0s  2.64 iters/s

running (08m41.9s), 025/100 VUs, 1673 complete and 0 interrupted iterations
normal_day   [  87% ] 025/100 VUs  08m41.9s/10m0s  2.60 iters/s

running (08m42.9s), 026/100 VUs, 1674 complete and 0 interrupted iterations
normal_day   [  87% ] 026/100 VUs  08m42.9s/10m0s  2.58 iters/s

running (08m43.9s), 029/100 VUs, 1674 complete and 0 interrupted iterations
normal_day   [  87% ] 029/100 VUs  08m43.9s/10m0s  2.54 iters/s

running (08m44.9s), 031/100 VUs, 1675 complete and 0 interrupted iterations
normal_day   [  87% ] 031/100 VUs  08m44.9s/10m0s  2.50 iters/s

running (08m45.9s), 028/100 VUs, 1680 complete and 0 interrupted iterations
normal_day   [  88% ] 028/100 VUs  08m45.9s/10m0s  2.47 iters/s

running (08m46.9s), 027/100 VUs, 1683 complete and 0 interrupted iterations
normal_day   [  88% ] 027/100 VUs  08m46.9s/10m0s  2.44 iters/s

running (08m47.9s), 027/100 VUs, 1686 complete and 0 interrupted iterations
normal_day   [  88% ] 027/100 VUs  08m47.9s/10m0s  2.40 iters/s

running (08m48.9s), 024/100 VUs, 1691 complete and 0 interrupted iterations
normal_day   [  88% ] 024/100 VUs  08m48.9s/10m0s  2.37 iters/s

running (08m49.9s), 025/100 VUs, 1693 complete and 0 interrupted iterations
normal_day   [  88% ] 025/100 VUs  08m49.9s/10m0s  2.33 iters/s

running (08m50.9s), 024/100 VUs, 1696 complete and 0 interrupted iterations
normal_day   [  88% ] 024/100 VUs  08m50.9s/10m0s  2.30 iters/s

running (08m51.9s), 025/100 VUs, 1697 complete and 0 interrupted iterations
normal_day   [  89% ] 025/100 VUs  08m51.9s/10m0s  2.27 iters/s

running (08m52.9s), 027/100 VUs, 1697 complete and 0 interrupted iterations
normal_day   [  89% ] 027/100 VUs  08m52.9s/10m0s  2.24 iters/s

running (08m53.9s), 025/100 VUs, 1702 complete and 0 interrupted iterations
normal_day   [  89% ] 025/100 VUs  08m53.9s/10m0s  2.20 iters/s

running (08m54.9s), 025/100 VUs, 1704 complete and 0 interrupted iterations
normal_day   [  89% ] 025/100 VUs  08m54.9s/10m0s  2.17 iters/s

running (08m55.9s), 023/100 VUs, 1708 complete and 0 interrupted iterations
normal_day   [  89% ] 023/100 VUs  08m55.9s/10m0s  2.14 iters/s

running (08m56.9s), 024/100 VUs, 1709 complete and 0 interrupted iterations
normal_day   [  89% ] 024/100 VUs  08m56.9s/10m0s  2.11 iters/s

running (08m57.9s), 023/100 VUs, 1712 complete and 0 interrupted iterations
normal_day   [  90% ] 023/100 VUs  08m57.9s/10m0s  2.07 iters/s

running (08m58.9s), 024/100 VUs, 1713 complete and 0 interrupted iterations
normal_day   [  90% ] 024/100 VUs  08m58.9s/10m0s  2.04 iters/s

running (08m59.9s), 023/100 VUs, 1716 complete and 0 interrupted iterations
normal_day   [  90% ] 023/100 VUs  08m59.9s/10m0s  2.01 iters/s

running (09m00.9s), 023/100 VUs, 1718 complete and 0 interrupted iterations
normal_day   [  90% ] 023/100 VUs  09m00.9s/10m0s  1.97 iters/s

running (09m01.9s), 022/100 VUs, 1721 complete and 0 interrupted iterations
normal_day   [  90% ] 022/100 VUs  09m01.9s/10m0s  1.94 iters/s

running (09m02.9s), 023/100 VUs, 1722 complete and 0 interrupted iterations
normal_day   [  90% ] 023/100 VUs  09m02.9s/10m0s  1.91 iters/s

running (09m03.9s), 022/100 VUs, 1725 complete and 0 interrupted iterations
normal_day   [  91% ] 022/100 VUs  09m03.9s/10m0s  1.87 iters/s

running (09m04.9s), 020/100 VUs, 1729 complete and 0 interrupted iterations
normal_day   [  91% ] 020/100 VUs  09m04.9s/10m0s  1.83 iters/s

running (09m05.9s), 020/100 VUs, 1731 complete and 0 interrupted iterations
normal_day   [  91% ] 020/100 VUs  09m05.9s/10m0s  1.80 iters/s

running (09m06.9s), 021/100 VUs, 1732 complete and 0 interrupted iterations
normal_day   [  91% ] 021/100 VUs  09m06.9s/10m0s  1.76 iters/s

running (09m07.9s), 018/100 VUs, 1736 complete and 0 interrupted iterations
normal_day   [  91% ] 018/100 VUs  09m07.9s/10m0s  1.74 iters/s

running (09m08.9s), 019/100 VUs, 1737 complete and 0 interrupted iterations
normal_day   [  91% ] 019/100 VUs  09m08.9s/10m0s  1.70 iters/s

running (09m09.9s), 017/100 VUs, 1741 complete and 0 interrupted iterations
normal_day   [  92% ] 017/100 VUs  09m09.9s/10m0s  1.66 iters/s

running (09m10.9s), 017/100 VUs, 1742 complete and 0 interrupted iterations
normal_day   [  92% ] 017/100 VUs  09m10.9s/10m0s  1.64 iters/s

running (09m11.9s), 018/100 VUs, 1743 complete and 0 interrupted iterations
normal_day   [  92% ] 018/100 VUs  09m11.9s/10m0s  1.60 iters/s

running (09m12.9s), 015/100 VUs, 1748 complete and 0 interrupted iterations
normal_day   [  92% ] 015/100 VUs  09m12.9s/10m0s  1.56 iters/s

running (09m13.9s), 012/100 VUs, 1752 complete and 0 interrupted iterations
normal_day   [  92% ] 012/100 VUs  09m13.9s/10m0s  1.54 iters/s

running (09m14.9s), 012/100 VUs, 1754 complete and 0 interrupted iterations
normal_day   [  92% ] 012/100 VUs  09m14.9s/10m0s  1.49 iters/s

running (09m15.9s), 011/100 VUs, 1756 complete and 0 interrupted iterations
normal_day   [  93% ] 011/100 VUs  09m15.9s/10m0s  1.47 iters/s

running (09m16.9s), 011/100 VUs, 1758 complete and 0 interrupted iterations
normal_day   [  93% ] 011/100 VUs  09m16.9s/10m0s  1.43 iters/s

running (09m17.9s), 011/100 VUs, 1759 complete and 0 interrupted iterations
normal_day   [  93% ] 011/100 VUs  09m17.9s/10m0s  1.40 iters/s

running (09m18.9s), 012/100 VUs, 1759 complete and 0 interrupted iterations
normal_day   [  93% ] 012/100 VUs  09m18.9s/10m0s  1.38 iters/s

running (09m19.9s), 014/100 VUs, 1759 complete and 0 interrupted iterations
normal_day   [  93% ] 014/100 VUs  09m19.9s/10m0s  1.33 iters/s

running (09m20.9s), 014/100 VUs, 1760 complete and 0 interrupted iterations
normal_day   [  93% ] 014/100 VUs  09m20.9s/10m0s  1.30 iters/s

running (09m21.9s), 015/100 VUs, 1760 complete and 0 interrupted iterations
normal_day   [  94% ] 015/100 VUs  09m21.9s/10m0s  1.28 iters/s

running (09m22.9s), 014/100 VUs, 1763 complete and 0 interrupted iterations
normal_day   [  94% ] 014/100 VUs  09m22.9s/10m0s  1.22 iters/s

running (09m23.9s), 011/100 VUs, 1767 complete and 0 interrupted iterations
normal_day   [  94% ] 011/100 VUs  09m23.9s/10m0s  1.20 iters/s

running (09m24.9s), 011/100 VUs, 1768 complete and 0 interrupted iterations
normal_day   [  94% ] 011/100 VUs  09m24.9s/10m0s  1.17 iters/s

running (09m25.9s), 010/100 VUs, 1770 complete and 0 interrupted iterations
normal_day   [  94% ] 010/100 VUs  09m25.9s/10m0s  1.14 iters/s

running (09m26.9s), 010/100 VUs, 1771 complete and 0 interrupted iterations
normal_day   [  94% ] 010/100 VUs  09m26.9s/10m0s  1.11 iters/s

running (09m27.9s), 006/100 VUs, 1776 complete and 0 interrupted iterations
normal_day   [  95% ] 006/100 VUs  09m27.9s/10m0s  1.08 iters/s

running (09m28.9s), 006/100 VUs, 1777 complete and 0 interrupted iterations
normal_day   [  95% ] 006/100 VUs  09m28.9s/10m0s  1.05 iters/s

running (09m29.9s), 006/100 VUs, 1778 complete and 0 interrupted iterations
normal_day   [  95% ] 006/100 VUs  09m29.9s/10m0s  1.02 iters/s

running (09m30.9s), 006/100 VUs, 1779 complete and 0 interrupted iterations
normal_day   [  95% ] 006/100 VUs  09m30.9s/10m0s  0.98 iters/s

running (09m31.9s), 007/100 VUs, 1779 complete and 0 interrupted iterations
normal_day   [  95% ] 007/100 VUs  09m31.9s/10m0s  0.95 iters/s

running (09m32.9s), 008/100 VUs, 1779 complete and 0 interrupted iterations
normal_day   [  95% ] 008/100 VUs  09m32.9s/10m0s  0.91 iters/s

running (09m33.9s), 009/100 VUs, 1779 complete and 0 interrupted iterations
normal_day   [  96% ] 009/100 VUs  09m33.9s/10m0s  0.88 iters/s

running (09m34.9s), 009/100 VUs, 1780 complete and 0 interrupted iterations
normal_day   [  96% ] 009/100 VUs  09m34.9s/10m0s  0.84 iters/s

running (09m35.9s), 010/100 VUs, 1780 complete and 0 interrupted iterations
normal_day   [  96% ] 010/100 VUs  09m35.9s/10m0s  0.80 iters/s

running (09m36.9s), 008/100 VUs, 1783 complete and 0 interrupted iterations
normal_day   [  96% ] 008/100 VUs  09m36.9s/10m0s  0.75 iters/s

running (09m37.9s), 005/100 VUs, 1786 complete and 0 interrupted iterations
normal_day   [  96% ] 005/100 VUs  09m37.9s/10m0s  0.75 iters/s

running (09m38.9s), 005/100 VUs, 1787 complete and 0 interrupted iterations
normal_day   [  96% ] 005/100 VUs  09m38.9s/10m0s  0.71 iters/s

running (09m39.9s), 005/100 VUs, 1788 complete and 0 interrupted iterations
normal_day   [  97% ] 005/100 VUs  09m39.9s/10m0s  0.66 iters/s

running (09m40.9s), 005/100 VUs, 1788 complete and 0 interrupted iterations
normal_day   [  97% ] 005/100 VUs  09m40.9s/10m0s  0.66 iters/s

running (09m41.9s), 005/100 VUs, 1789 complete and 0 interrupted iterations
normal_day   [  97% ] 005/100 VUs  09m41.9s/10m0s  0.60 iters/s

running (09m42.9s), 005/100 VUs, 1790 complete and 0 interrupted iterations
normal_day   [  97% ] 005/100 VUs  09m42.9s/10m0s  0.55 iters/s

running (09m43.9s), 004/100 VUs, 1791 complete and 0 interrupted iterations
normal_day   [  97% ] 004/100 VUs  09m43.9s/10m0s  0.55 iters/s

running (09m44.9s), 005/100 VUs, 1791 complete and 0 interrupted iterations
normal_day   [  97% ] 005/100 VUs  09m44.9s/10m0s  0.48 iters/s

running (09m45.9s), 004/100 VUs, 1792 complete and 0 interrupted iterations
normal_day   [  98% ] 004/100 VUs  09m45.9s/10m0s  0.48 iters/s

running (09m46.9s), 005/100 VUs, 1792 complete and 0 interrupted iterations
normal_day   [  98% ] 005/100 VUs  09m46.9s/10m0s  0.41 iters/s

running (09m47.9s), 005/100 VUs, 1792 complete and 0 interrupted iterations
normal_day   [  98% ] 005/100 VUs  09m47.9s/10m0s  0.41 iters/s

running (09m48.9s), 004/100 VUs, 1793 complete and 0 interrupted iterations
normal_day   [  98% ] 004/100 VUs  09m48.9s/10m0s  0.41 iters/s

running (09m49.9s), 005/100 VUs, 1793 complete and 0 interrupted iterations
normal_day   [  98% ] 005/100 VUs  09m49.9s/10m0s  0.31 iters/s

running (09m50.9s), 005/100 VUs, 1793 complete and 0 interrupted iterations
normal_day   [  98% ] 005/100 VUs  09m50.9s/10m0s  0.31 iters/s

running (09m51.9s), 004/100 VUs, 1794 complete and 0 interrupted iterations
normal_day   [  99% ] 004/100 VUs  09m51.9s/10m0s  0.31 iters/s

running (09m52.9s), 005/100 VUs, 1794 complete and 0 interrupted iterations
normal_day   [  99% ] 005/100 VUs  09m52.9s/10m0s  0.13 iters/s

running (09m53.9s), 005/100 VUs, 1794 complete and 0 interrupted iterations
normal_day   [  99% ] 005/100 VUs  09m53.9s/10m0s  0.13 iters/s

running (09m54.9s), 004/100 VUs, 1795 complete and 0 interrupted iterations
normal_day   [  99% ] 004/100 VUs  09m54.9s/10m0s  0.13 iters/s

running (09m55.9s), 004/100 VUs, 1795 complete and 0 interrupted iterations
normal_day   [  99% ] 004/100 VUs  09m55.9s/10m0s  0.13 iters/s

running (09m56.9s), 003/100 VUs, 1796 complete and 0 interrupted iterations
normal_day   [  99% ] 003/100 VUs  09m56.9s/10m0s  0.13 iters/s

running (09m57.9s), 003/100 VUs, 1796 complete and 0 interrupted iterations
normal_day   [ 100% ] 003/100 VUs  09m57.9s/10m0s  0.13 iters/s

running (09m58.9s), 001/100 VUs, 1798 complete and 0 interrupted iterations
normal_day   [ 100% ] 001/100 VUs  09m58.9s/10m0s  0.13 iters/s

running (09m59.9s), 001/100 VUs, 1798 complete and 0 interrupted iterations
normal_day   [ 100% ] 001/100 VUs  09m59.9s/10m0s  0.13 iters/s

running (10m00.9s), 001/100 VUs, 1798 complete and 0 interrupted iterations
normal_day ↓ [ 100% ] 001/100 VUs  10m0s  0.13 iters/s

running (10m01.9s), 001/100 VUs, 1798 complete and 0 interrupted iterations
normal_day ↓ [ 100% ] 001/100 VUs  10m0s  0.13 iters/s

running (10m02.9s), 001/100 VUs, 1798 complete and 0 interrupted iterations
normal_day ↓ [ 100% ] 001/100 VUs  10m0s  0.13 iters/s

running (10m03.9s), 001/100 VUs, 1798 complete and 0 interrupted iterations
normal_day ↓ [ 100% ] 001/100 VUs  10m0s  0.13 iters/s

running (10m04.9s), 001/100 VUs, 1798 complete and 0 interrupted iterations
normal_day ↓ [ 100% ] 001/100 VUs  10m0s  0.13 iters/s

running (10m05.9s), 001/100 VUs, 1798 complete and 0 interrupted iterations
normal_day ↓ [ 100% ] 001/100 VUs  10m0s  0.13 iters/s

running (10m06.9s), 001/100 VUs, 1798 complete and 0 interrupted iterations
normal_day ↓ [ 100% ] 001/100 VUs  10m0s  0.13 iters/s

running (10m07.9s), 001/100 VUs, 1798 complete and 0 interrupted iterations
normal_day ↓ [ 100% ] 001/100 VUs  10m0s  0.13 iters/s

running (10m08.9s), 001/100 VUs, 1798 complete and 0 interrupted iterations
normal_day ↓ [ 100% ] 001/100 VUs  10m0s  0.13 iters/s

running (10m09.9s), 001/100 VUs, 1798 complete and 0 interrupted iterations
normal_day ↓ [ 100% ] 001/100 VUs  10m0s  0.13 iters/s

running (10m10.9s), 001/100 VUs, 1798 complete and 0 interrupted iterations
normal_day ↓ [ 100% ] 001/100 VUs  10m0s  0.13 iters/s

running (10m11.8s), 000/100 VUs, 1799 complete and 0 interrupted iterations
normal_day ✓ [ 100% ] 000/100 VUs  10m0s  0.13 iters/s
[32m     ✓ login 200[0m
[32m     ✓ post detail 200[0m
[32m     ✓ board list 200[0m
[32m     ✓ comment create 2xx[0m
[32m     ✓ hot daily 200[0m
[32m     ✓ unread count 200[0m
[32m     ✓ post list 200[0m
[32m     ✓ notif list 200[0m
[32m     ✓ comment list 200[0m
[32m     ✓ read one 200[0m
[32m     ✓ chat rooms 200[0m
[32m     ✓ chat messages 200[0m
[32m     ✓ scrap 2xx[0m
[32m     ✓ post create 2xx[0m
[32m     ✓ chat read 200[0m
[32m     ✓ post reaction 2xx[0m
[32m     ✓ refresh 200[0m
[32m     ✓ meal today 200[0m
[32m     ✓ timetable today 200[0m
[32m     ✓ post search 200[0m
[32m     ✓ read all 200[0m
[32m     ✓ comment reaction 200[0m
[32m     ✓ user info 200[0m
[32m     ✓ my posts 200[0m
[32m     ✓ ws handshake 101[0m
[32m     ✓ friend list 200[0m
[32m     ✓ logout 200[0m
[32m     ✓ received reqs 200[0m
[32m     ✓ meal month 200[0m
[32m     ✓ post update 200[0m
[32m     ✓ post delete 200[0m

     auth_token_refreshes[2m...........:[0m [36m18[0m      [36;2m0.02942/s[0m
     chat_ws_messages_sent[2m..........:[0m [36m579[0m     [36;2m0.94634/s[0m
     chat_ws_rtt[2m....................:[0m avg=[36m25.38ms[0m  min=[36m14ms[0m    med=[36m22ms[0m     max=[36m342ms[0m    p(90)=[36m35ms[0m     p(95)=[36m39ms[0m     p(99)=[36m51.42ms[0m 
     checks[2m.........................:[0m [36m100.00%[0m [36;2m✓ 7806[0m      [36;2m✗ 0[0m    
     [32m✓[0m { phase:measure }[2m............:[0m [36m100.00%[0m [36;2m✓ 5121[0m      [36;2m✗ 0[0m    
     [32m✓[0m { phase:rampdown }[2m...........:[0m [36m100.00%[0m [36;2m✓ 1174[0m      [36;2m✗ 0[0m    
     [32m✓[0m { phase:warmup }[2m.............:[0m [36m100.00%[0m [36;2m✓ 1511[0m      [36;2m✗ 0[0m    
     data_received[2m..................:[0m [36m348 MB[0m  [36;2m569 kB/s[0m
     data_sent[2m......................:[0m [36m3.2 MB[0m  [36;2m5.2 kB/s[0m
     http_req_blocked[2m...............:[0m avg=[36m14.18µs[0m  min=[36m1.69µs[0m  med=[36m5.55µs[0m   max=[36m14.98ms[0m  p(90)=[36m12.05µs[0m  p(95)=[36m16.12µs[0m  p(99)=[36m256.68µs[0m
     http_req_connecting[2m............:[0m avg=[36m5.81µs[0m   min=[36m0s[0m      med=[36m0s[0m       max=[36m14.88ms[0m  p(90)=[36m0s[0m       p(95)=[36m0s[0m       p(99)=[36m166.82µs[0m
     http_req_duration[2m..............:[0m avg=[36m78.31ms[0m  min=[36m1.24ms[0m  med=[36m6.61ms[0m   max=[36m10.35s[0m   p(90)=[36m65.35ms[0m  p(95)=[36m312.34ms[0m p(99)=[36m1.77s[0m   
       { expected_response:true }[2m...:[0m avg=[36m78.31ms[0m  min=[36m1.24ms[0m  med=[36m6.61ms[0m   max=[36m10.35s[0m   p(90)=[36m65.35ms[0m  p(95)=[36m312.34ms[0m p(99)=[36m1.77s[0m   
     [32m✓[0m { feature:auth }[2m.............:[0m avg=[36m110.91ms[0m min=[36m14.3ms[0m  med=[36m81.52ms[0m  max=[36m1.04s[0m    p(90)=[36m151ms[0m    p(95)=[36m343.24ms[0m p(99)=[36m789.7ms[0m 
     [32m✓[0m { feature:board }[2m............:[0m avg=[36m4.61ms[0m   min=[36m1.24ms[0m  med=[36m3.32ms[0m   max=[36m105.82ms[0m p(90)=[36m7.61ms[0m   p(95)=[36m8.94ms[0m   p(99)=[36m17.89ms[0m 
     [32m✓[0m { feature:chat }[2m.............:[0m avg=[36m7.44ms[0m   min=[36m2.12ms[0m  med=[36m5.17ms[0m   max=[36m176.4ms[0m  p(90)=[36m11.57ms[0m  p(95)=[36m14.1ms[0m   p(99)=[36m41.35ms[0m 
     [32m✓[0m { feature:comment }[2m..........:[0m avg=[36m385.44ms[0m min=[36m1.98ms[0m  med=[36m45.05ms[0m  max=[36m10.35s[0m   p(90)=[36m1.53s[0m    p(95)=[36m1.81s[0m    p(99)=[36m3.07s[0m   
     [32m✓[0m { feature:friend }[2m...........:[0m avg=[36m5.53ms[0m   min=[36m2.66ms[0m  med=[36m4.31ms[0m   max=[36m17.74ms[0m  p(90)=[36m9.95ms[0m   p(95)=[36m11.02ms[0m  p(99)=[36m15.5ms[0m  
     [32m✓[0m { feature:hot }[2m..............:[0m avg=[36m15.25ms[0m  min=[36m8.1ms[0m   med=[36m11.64ms[0m  max=[36m277.58ms[0m p(90)=[36m21.05ms[0m  p(95)=[36m25.65ms[0m  p(99)=[36m80.37ms[0m 
     [32m✓[0m { feature:mypage }[2m...........:[0m avg=[36m6.54ms[0m   min=[36m2.22ms[0m  med=[36m3.69ms[0m   max=[36m166.95ms[0m p(90)=[36m9.66ms[0m   p(95)=[36m10.68ms[0m  p(99)=[36m50.34ms[0m 
     [32m✓[0m { feature:notification }[2m.....:[0m avg=[36m10.56ms[0m  min=[36m2.21ms[0m  med=[36m7.11ms[0m   max=[36m352.12ms[0m p(90)=[36m19.97ms[0m  p(95)=[36m24.84ms[0m  p(99)=[36m54.2ms[0m  
     [32m✓[0m { feature:post }[2m.............:[0m avg=[36m8.86ms[0m   min=[36m1.79ms[0m  med=[36m5.32ms[0m   max=[36m433.21ms[0m p(90)=[36m15.58ms[0m  p(95)=[36m24.92ms[0m  p(99)=[36m54.38ms[0m 
     [32m✓[0m { feature:reaction }[2m.........:[0m avg=[36m28.35ms[0m  min=[36m15.92ms[0m med=[36m22.81ms[0m  max=[36m359.98ms[0m p(90)=[36m34.07ms[0m  p(95)=[36m41.67ms[0m  p(99)=[36m125.28ms[0m
     [32m✓[0m { feature:school }[2m...........:[0m avg=[36m5.24ms[0m   min=[36m2.61ms[0m  med=[36m3.93ms[0m   max=[36m19.58ms[0m  p(90)=[36m9.75ms[0m   p(95)=[36m10.41ms[0m  p(99)=[36m15.02ms[0m 
     [32m✓[0m { feature:scrap }[2m............:[0m avg=[36m23.59ms[0m  min=[36m13.95ms[0m med=[36m21.48ms[0m  max=[36m71.16ms[0m  p(90)=[36m32.43ms[0m  p(95)=[36m37.06ms[0m  p(99)=[36m55.88ms[0m 
     [32m✓[0m { feature:timetable }[2m........:[0m avg=[36m4.73ms[0m   min=[36m2.26ms[0m  med=[36m3.13ms[0m   max=[36m35.94ms[0m  p(90)=[36m7.71ms[0m   p(95)=[36m8.31ms[0m   p(99)=[36m23.55ms[0m 
     [32m✓[0m { op:auth }[2m..................:[0m avg=[36m110.91ms[0m min=[36m14.3ms[0m  med=[36m81.52ms[0m  max=[36m1.04s[0m    p(90)=[36m151ms[0m    p(95)=[36m343.24ms[0m p(99)=[36m789.7ms[0m 
     [31m✗[0m { op:read,phase:measure }[2m....:[0m avg=[36m73.84ms[0m  min=[36m1.24ms[0m  med=[36m5.5ms[0m    max=[36m4.09s[0m    p(90)=[36m40.26ms[0m  p(95)=[36m324.46ms[0m p(99)=[36m1.77s[0m   
     [32m✓[0m { op:write,phase:measure }[2m...:[0m avg=[36m20.98ms[0m  min=[36m2.46ms[0m  med=[36m19.36ms[0m  max=[36m175.95ms[0m p(90)=[36m35.31ms[0m  p(95)=[36m40.57ms[0m  p(99)=[36m56.23ms[0m 
     [32m✓[0m { page:0 }[2m...................:[0m avg=[36m9.71ms[0m   min=[36m1.79ms[0m  med=[36m3.75ms[0m   max=[36m156.36ms[0m p(90)=[36m29.41ms[0m  p(95)=[36m35.99ms[0m  p(99)=[36m63.92ms[0m 
     [32m✓[0m { page:1 }[2m...................:[0m avg=[36m6.7ms[0m    min=[36m2.04ms[0m  med=[36m3.33ms[0m   max=[36m77.73ms[0m  p(90)=[36m10.41ms[0m  p(95)=[36m27.59ms[0m  p(99)=[36m60.06ms[0m 
     [32m✓[0m { page:2 }[2m...................:[0m avg=[36m12.79ms[0m  min=[36m2.12ms[0m  med=[36m3.52ms[0m   max=[36m433.21ms[0m p(90)=[36m25.02ms[0m  p(95)=[36m28.84ms[0m  p(99)=[36m172.09ms[0m
     [32m✓[0m { page:3 }[2m...................:[0m avg=[36m11.2ms[0m   min=[36m1.98ms[0m  med=[36m3.42ms[0m   max=[36m163ms[0m    p(90)=[36m24.21ms[0m  p(95)=[36m34.89ms[0m  p(99)=[36m118.7ms[0m 
     [32m✓[0m { page:4 }[2m...................:[0m avg=[36m11.25ms[0m  min=[36m2.01ms[0m  med=[36m4.03ms[0m   max=[36m76.07ms[0m  p(90)=[36m37.57ms[0m  p(95)=[36m45.49ms[0m  p(99)=[36m68.77ms[0m 
     [32m✓[0m { phase:measure }[2m............:[0m avg=[36m69.21ms[0m  min=[36m1.24ms[0m  med=[36m5.82ms[0m   max=[36m4.09s[0m    p(90)=[36m38.38ms[0m  p(95)=[36m251.99ms[0m p(99)=[36m1.75s[0m   
     [32m✓[0m { phase:rampdown }[2m...........:[0m avg=[36m94.38ms[0m  min=[36m1.79ms[0m  med=[36m7.2ms[0m    max=[36m5.2s[0m     p(90)=[36m72.05ms[0m  p(95)=[36m464.68ms[0m p(99)=[36m1.88s[0m   
     [32m✓[0m { phase:warmup }[2m.............:[0m avg=[36m96.67ms[0m  min=[36m2.28ms[0m  med=[36m9.65ms[0m   max=[36m10.35s[0m   p(90)=[36m98.38ms[0m  p(95)=[36m417.55ms[0m p(99)=[36m1.74s[0m   
     http_req_failed[2m................:[0m [36m0.00%[0m   [36;2m✓ 0[0m         [36;2m✗ 7711[0m 
     [32m✓[0m { phase:measure }[2m............:[0m [36m0.00%[0m   [36;2m✓ 0[0m         [36;2m✗ 5057[0m 
     [32m✓[0m { phase:rampdown }[2m...........:[0m [36m0.00%[0m   [36;2m✓ 0[0m         [36;2m✗ 1160[0m 
     [32m✓[0m { phase:warmup }[2m.............:[0m [36m0.00%[0m   [36;2m✓ 0[0m         [36;2m✗ 1494[0m 
     http_req_receiving[2m.............:[0m avg=[36m563.23µs[0m min=[36m33.4µs[0m  med=[36m190.65µs[0m max=[36m63.61ms[0m  p(90)=[36m535.79µs[0m p(95)=[36m1.77ms[0m   p(99)=[36m9.61ms[0m  
     http_req_sending[2m...............:[0m avg=[36m38.67µs[0m  min=[36m5.78µs[0m  med=[36m29.07µs[0m  max=[36m887.65µs[0m p(90)=[36m74.07µs[0m  p(95)=[36m96.02µs[0m  p(99)=[36m140.95µs[0m
     http_req_tls_handshaking[2m.......:[0m avg=[36m0s[0m       min=[36m0s[0m      med=[36m0s[0m       max=[36m0s[0m       p(90)=[36m0s[0m       p(95)=[36m0s[0m       p(99)=[36m0s[0m      
     http_req_waiting[2m...............:[0m avg=[36m77.71ms[0m  min=[36m1.06ms[0m  med=[36m6.33ms[0m   max=[36m10.34s[0m   p(90)=[36m64.89ms[0m  p(95)=[36m310.45ms[0m p(99)=[36m1.76s[0m   
     http_reqs[2m......................:[0m [36m7711[0m    [36;2m12.603153/s[0m
     [32m✓[0m { feature:auth }[2m.............:[0m [36m142[0m     [36;2m0.23209/s[0m
     [32m✓[0m { feature:board }[2m............:[0m [36m691[0m     [36;2m1.129397/s[0m
     [32m✓[0m { feature:chat }[2m.............:[0m [36m652[0m     [36;2m1.065654/s[0m
     [32m✓[0m { feature:comment }[2m..........:[0m [36m1374[0m    [36;2m2.245718/s[0m
     [32m✓[0m { feature:friend }[2m...........:[0m [36m120[0m     [36;2m0.196133/s[0m
     [32m✓[0m { feature:hot }[2m..............:[0m [36m691[0m     [36;2m1.129397/s[0m
     [32m✓[0m { feature:mypage }[2m...........:[0m [36m130[0m     [36;2m0.212477/s[0m
     [32m✓[0m { feature:notification }[2m.....:[0m [36m343[0m     [36;2m0.560612/s[0m
     [32m✓[0m { feature:post }[2m.............:[0m [36m3267[0m    [36;2m5.33971/s[0m
     [32m✓[0m { feature:reaction }[2m.........:[0m [36m149[0m     [36;2m0.243531/s[0m
     [32m✓[0m { feature:school }[2m...........:[0m [36m56[0m      [36;2m0.091529/s[0m
     [32m✓[0m { feature:scrap }[2m............:[0m [36m49[0m      [36;2m0.080087/s[0m
     [32m✓[0m { feature:timetable }[2m........:[0m [36m47[0m      [36;2m0.076819/s[0m
     [32m✓[0m { op:auth }[2m..................:[0m [36m142[0m     [36;2m0.23209/s[0m
     [32m✓[0m { op:read }[2m..................:[0m [36m6957[0m    [36;2m11.370787/s[0m
     [32m✓[0m { op:write }[2m.................:[0m [36m612[0m     [36;2m1.000276/s[0m
     [32m✓[0m { page:0 }[2m...................:[0m [36m363[0m     [36;2m0.593301/s[0m
     [32m✓[0m { page:1 }[2m...................:[0m [36m160[0m     [36;2m0.26151/s[0m
     [32m✓[0m { page:2 }[2m...................:[0m [36m79[0m      [36;2m0.129121/s[0m
     [32m✓[0m { page:3 }[2m...................:[0m [36m59[0m      [36;2m0.096432/s[0m
     [32m✓[0m { page:4 }[2m...................:[0m [36m30[0m      [36;2m0.049033/s[0m
     [32m✓[0m { phase:measure }[2m............:[0m [36m5057[0m    [36;2m8.265354/s[0m
     [32m✓[0m { phase:rampdown }[2m...........:[0m [36m1160[0m    [36;2m1.895948/s[0m
     [32m✓[0m { phase:warmup }[2m.............:[0m [36m1494[0m    [36;2m2.441851/s[0m
     iteration_duration[2m.............:[0m avg=[36m10.01s[0m   min=[36m1s[0m      med=[36m7.41s[0m    max=[36m31.29s[0m   p(90)=[36m19.17s[0m   p(95)=[36m21.61s[0m   p(99)=[36m27.7s[0m   
     iterations[2m.....................:[0m [36m1799[0m    [36;2m2.940354/s[0m
     [32m✓[0m { phase:measure }[2m............:[0m [36m0[0m       [36;2m0/s[0m
     [32m✓[0m { phase:rampdown }[2m...........:[0m [36m0[0m       [36;2m0/s[0m
     [32m✓[0m { phase:warmup }[2m.............:[0m [36m0[0m       [36;2m0/s[0m
     phase_iterations[2m...............:[0m [36m1799[0m    [36;2m2.940354/s[0m
     [32m✓[0m { phase:measure }[2m............:[0m [36m1195[0m    [36;2m1.953154/s[0m
     [32m✓[0m { phase:rampdown }[2m...........:[0m [36m281[0m     [36;2m0.459277/s[0m
     [32m✓[0m { phase:warmup }[2m.............:[0m [36m323[0m     [36;2m0.527924/s[0m
     vus[2m............................:[0m [36m1[0m       [36;2mmin=0[0m       [36;2mmax=49[0m 
     vus_max[2m........................:[0m [36m100[0m     [36;2mmin=100[0m     [36;2mmax=100[0m
     ws_connecting[2m..................:[0m avg=[36m7.54ms[0m   min=[36m1.94ms[0m  med=[36m3.03ms[0m   max=[36m402.95ms[0m p(90)=[36m4.68ms[0m   p(95)=[36m6.99ms[0m   p(99)=[36m33.3ms[0m  
     ws_msgs_received[2m...............:[0m [36m674[0m     [36;2m1.101611/s[0m
     ws_msgs_sent[2m...................:[0m [36m769[0m     [36;2m1.256883/s[0m
     ws_session_duration[2m............:[0m avg=[36m22.73s[0m   min=[36m15.26s[0m  med=[36m23.02s[0m   max=[36m29.83s[0m   p(90)=[36m28.26s[0m   p(95)=[36m29.16s[0m   p(99)=[36m29.74s[0m  
     ws_sessions[2m....................:[0m [36m95[0m      [36;2m0.155272/s[0m
running (10m11.8s), 000/100 VUs, 1799 complete and 0 interrupted iterations
normal_day ✓ [ 100% ] 000/100 VUs  10m0s  0.13 iters/s
  호스트(Windows) 599표본 · CPU 17.4% (max 68.5) · 정규화성능 118.1% · vmmem 140.2% · 바쁜코어 2.3개 · 가용메모리 2843MB
  부하 중 벤치(warmup +60초, 3회 중앙값) · single 4999ms (유휴 대비 1.2%) · parallel 4710ms (유휴 대비 -22.0%) · ctxswitch 2268ms (유휴 대비 6.3%)

  실행 후 상태 sha256:e32f44469787 — chat_messages.count +579, chat_messages.maxId +579, posts.maxId +86, comments.count +82, comments.maxId +82 (외 13개)
    (지문 제외 항목: posts.sumViewCount +2030, daily_hot_post.count +54)
Prometheus 스크레이프 대기 20초...

══════════════════════════════════════════════════════════════════════════
  Performance Report — normal-day   Run #110   ❌ FAIL
══════════════════════════════════════════════════════════════════════════
  환경 perf  |  브랜치 personal/localdocs  |  커밋 3e96d946  |  빌드 local
  시작 2026-08-20 13:52:09 KST  |  수행 10m 12s  |  VU max 100
  데이터셋 medium  |  부하 ramping-arrival-rate 0→4@3m0s→4@5m0s→0@2m0s maxVU 600

  ── 성능 (measure 구간) ─────────────────────────────────────────
  평균 69ms      P95 252ms     P99 1.75s    
  RPS  16.9      TPS 3.98      오류율 0.00%

  ── 인프라 ────────────────────────────────────────────────────────
  CPU  1.02 core (한계의 51%)   throttled 4.1%
  Heap 753 MB (74%)   GC max 34ms × 70회
  DB   slow 724  QPS 4,507  풀 50%  대기 0
  Redis hit 99.2%  ops 62.0/s  evicted 0

  ── 회귀 (기준: normal-day-2026-08-20T04-49-23) ────────────────
  ⚠  기준선은 당시 k6 threshold 미통과 실행입니다, 당시 Node 판정 FAIL.
     아래 증감률은 개선/악화 폭이며 현재 SLO 통과를 뜻하지 않습니다.
  ❌ P99 응답시간                   1.86s → 1.75s (-6.0%)
       1750 > 상한 1200
  ⚠️  CPU throttling 비율          3.1% → 4.1% (+32.5%)
       4.08 > 상한 1.00

  ── 병목 가설 ─────────────────────────────────────────────────────
  • CPU throttling 발생
    cgroup이 CPU를 강제 회수한 주기가 4.1%다. CPU 한계(2 core)를 올리거나 요청당 CPU 사용을 줄여야 p99가 안정된다.
  • HTTP 요청당 쿼리 수 과다
    요청 1건당 평균 267.4개 쿼리가 실행됐다. N+1 패턴 가능성이 높다.
  • Slow Query 다발
    요청 1000건당 143.2건의 slow query(>100ms). 인덱스 또는 쿼리 계획 점검 대상.

  보고서 : reports\runs\normal-day-2026-08-20T05-02-20\report.html
  Grafana(전체 실행): http://localhost:3001/d/htd-perf-overview/highteenday-performance-overview?from=1787201409144&to=1787202260976
  Grafana(measure) : http://localhost:3001/d/htd-perf-overview/highteenday-performance-overview?from=1787201589144&to=1787202129144
══════════════════════════════════════════════════════════════════════════

  [2/3] p95 252.0ms · 평균 69.2ms · 서버측 67.7ms · 경로 1.5ms

──────── [3/3] 리셋 (restart) ────────

▶ k6 run scenarios/normal-day.js
  브랜치 personal/localdocs · 커밋 3e96d9463207 · 실행자 user@DESKTOP-DJJPASG
  환경 perf · "P1 open model RATE=4 CV validation — repeatability 3/3"
  데이터셋 medium · 상태 sha256:e32f44469787 (152ms)
  캐시 warm (키 1개)
  guard strict — 상태 불일치 시 스냅샷 복원 후 재확인 [perf.config.json]
    guard=strict — 스냅샷으로 복원합니다.
▶ 복원 — medium-20260816-062210 → perf-mysql-data-medium
  앱·MySQL 정지
  MySQL 기동
  Redis FLUSHALL (복원 후 캐시는 cold 다)
  앱 기동
  복원 후 상태 지문 sha256:ffe696d17416 = 스냅샷 일치

✅ 복원 완료 · 소요 5.4초 (압축 해제 구간)

  부하 발생기: 컨테이너 perf-k6 (grafana/k6:2.1.0, CPU 상한 4)
  k6 지표 전송: http://prometheus:9090/api/v1/write (native histogram, 5s 간격)
  환경 대조 벤치 실행 중(3축 3회, 약 40초)... single 4980ms · parallel 5552ms · ctxswitch 2201ms
  부하 중 벤치 예약: k6 시작 +60초 (warmup 구간, 3회)

         /\      Grafana   /‾‾/  
    /\  /  \     |\  __   /  /   
   /  \/    \    | |/ /  /   ‾‾\ 
  /          \   |   (  |  (‾)  |
 / __________ \  |_|\_\  \_____/ 


     execution: local
        script: scenarios/normal-day.js
        output: Prometheus remote write (http://prometheus:9090/api/v1/write)

     scenarios: (100.00%) 1 scenario, 600 max VUs, 10m30s max duration (incl. graceful stop):
              * normal_day: Up to 4.00 iterations/s for 10m0s over 3 stages (maxVUs: 100-600, gracefulStop: 30s)


running (00m00.9s), 000/100 VUs, 0 complete and 0 interrupted iterations
normal_day   [   0% ] 000/100 VUs  00m00.9s/10m0s  0.11 iters/s

running (00m01.9s), 000/100 VUs, 0 complete and 0 interrupted iterations
normal_day   [   0% ] 000/100 VUs  00m01.9s/10m0s  0.11 iters/s

running (00m02.9s), 000/100 VUs, 0 complete and 0 interrupted iterations
normal_day   [   0% ] 000/100 VUs  00m02.9s/10m0s  0.11 iters/s

running (00m03.9s), 000/100 VUs, 0 complete and 0 interrupted iterations
normal_day   [   1% ] 000/100 VUs  00m03.9s/10m0s  0.11 iters/s

running (00m04.9s), 000/100 VUs, 0 complete and 0 interrupted iterations
normal_day   [   1% ] 000/100 VUs  00m04.9s/10m0s  0.11 iters/s

running (00m05.9s), 000/100 VUs, 0 complete and 0 interrupted iterations
normal_day   [   1% ] 000/100 VUs  00m05.9s/10m0s  0.11 iters/s

running (00m06.9s), 000/100 VUs, 0 complete and 0 interrupted iterations
normal_day   [   1% ] 000/100 VUs  00m06.9s/10m0s  0.11 iters/s

running (00m07.9s), 000/100 VUs, 0 complete and 0 interrupted iterations
normal_day   [   1% ] 000/100 VUs  00m07.9s/10m0s  0.11 iters/s

running (00m08.9s), 000/100 VUs, 0 complete and 0 interrupted iterations
normal_day   [   1% ] 000/100 VUs  00m08.9s/10m0s  0.11 iters/s

running (00m09.9s), 001/100 VUs, 0 complete and 0 interrupted iterations
normal_day   [   2% ] 001/100 VUs  00m09.9s/10m0s  0.25 iters/s

running (00m10.9s), 001/100 VUs, 0 complete and 0 interrupted iterations
normal_day   [   2% ] 001/100 VUs  00m10.9s/10m0s  0.25 iters/s

running (00m11.9s), 001/100 VUs, 0 complete and 0 interrupted iterations
normal_day   [   2% ] 001/100 VUs  00m11.9s/10m0s  0.25 iters/s

running (00m12.9s), 001/100 VUs, 0 complete and 0 interrupted iterations
normal_day   [   2% ] 001/100 VUs  00m12.9s/10m0s  0.25 iters/s

running (00m13.9s), 002/100 VUs, 0 complete and 0 interrupted iterations
normal_day   [   2% ] 002/100 VUs  00m13.9s/10m0s  0.33 iters/s

running (00m14.9s), 002/100 VUs, 0 complete and 0 interrupted iterations
normal_day   [   2% ] 002/100 VUs  00m14.9s/10m0s  0.33 iters/s

running (00m15.9s), 002/100 VUs, 0 complete and 0 interrupted iterations
normal_day   [   3% ] 002/100 VUs  00m15.9s/10m0s  0.33 iters/s

running (00m16.9s), 003/100 VUs, 0 complete and 0 interrupted iterations
normal_day   [   3% ] 003/100 VUs  00m16.9s/10m0s  0.39 iters/s

running (00m17.9s), 003/100 VUs, 0 complete and 0 interrupted iterations
normal_day   [   3% ] 003/100 VUs  00m17.9s/10m0s  0.39 iters/s

running (00m18.9s), 003/100 VUs, 0 complete and 0 interrupted iterations
normal_day   [   3% ] 003/100 VUs  00m18.9s/10m0s  0.39 iters/s

running (00m19.9s), 002/100 VUs, 2 complete and 0 interrupted iterations
normal_day   [   3% ] 002/100 VUs  00m19.9s/10m0s  0.45 iters/s

running (00m20.9s), 001/100 VUs, 3 complete and 0 interrupted iterations
normal_day   [   3% ] 001/100 VUs  00m20.9s/10m0s  0.45 iters/s

running (00m21.9s), 002/100 VUs, 3 complete and 0 interrupted iterations
normal_day   [   4% ] 002/100 VUs  00m21.9s/10m0s  0.49 iters/s

running (00m22.9s), 002/100 VUs, 3 complete and 0 interrupted iterations
normal_day   [   4% ] 002/100 VUs  00m22.9s/10m0s  0.49 iters/s

running (00m23.9s), 003/100 VUs, 3 complete and 0 interrupted iterations
normal_day   [   4% ] 003/100 VUs  00m23.9s/10m0s  0.54 iters/s

running (00m24.9s), 003/100 VUs, 3 complete and 0 interrupted iterations
normal_day   [   4% ] 003/100 VUs  00m24.9s/10m0s  0.54 iters/s

running (00m25.9s), 003/100 VUs, 4 complete and 0 interrupted iterations
normal_day   [   4% ] 003/100 VUs  00m25.9s/10m0s  0.58 iters/s

running (00m26.9s), 003/100 VUs, 5 complete and 0 interrupted iterations
normal_day   [   4% ] 003/100 VUs  00m26.9s/10m0s  0.61 iters/s

running (00m27.9s), 003/100 VUs, 5 complete and 0 interrupted iterations
normal_day   [   5% ] 003/100 VUs  00m27.9s/10m0s  0.61 iters/s

running (00m28.9s), 004/100 VUs, 5 complete and 0 interrupted iterations
normal_day   [   5% ] 004/100 VUs  00m28.9s/10m0s  0.65 iters/s

running (00m29.9s), 004/100 VUs, 5 complete and 0 interrupted iterations
normal_day   [   5% ] 004/100 VUs  00m29.9s/10m0s  0.65 iters/s

running (00m30.9s), 005/100 VUs, 5 complete and 0 interrupted iterations
normal_day   [   5% ] 005/100 VUs  00m30.9s/10m0s  0.68 iters/s

running (00m31.9s), 006/100 VUs, 5 complete and 0 interrupted iterations
normal_day   [   5% ] 006/100 VUs  00m31.9s/10m0s  0.71 iters/s

running (00m32.9s), 007/100 VUs, 5 complete and 0 interrupted iterations
normal_day   [   5% ] 007/100 VUs  00m32.9s/10m0s  0.75 iters/s

running (00m33.9s), 007/100 VUs, 5 complete and 0 interrupted iterations
normal_day   [   6% ] 007/100 VUs  00m33.9s/10m0s  0.75 iters/s

running (00m34.9s), 007/100 VUs, 6 complete and 0 interrupted iterations
normal_day   [   6% ] 007/100 VUs  00m34.9s/10m0s  0.77 iters/s

running (00m35.9s), 008/100 VUs, 6 complete and 0 interrupted iterations
normal_day   [   6% ] 008/100 VUs  00m35.9s/10m0s  0.80 iters/s

running (00m36.9s), 008/100 VUs, 7 complete and 0 interrupted iterations
normal_day   [   6% ] 008/100 VUs  00m36.9s/10m0s  0.83 iters/s

running (00m37.9s), 008/100 VUs, 7 complete and 0 interrupted iterations
normal_day   [   6% ] 008/100 VUs  00m37.9s/10m0s  0.83 iters/s

running (00m38.9s), 008/100 VUs, 8 complete and 0 interrupted iterations
normal_day   [   6% ] 008/100 VUs  00m38.9s/10m0s  0.86 iters/s

running (00m39.9s), 008/100 VUs, 9 complete and 0 interrupted iterations
normal_day   [   7% ] 008/100 VUs  00m39.9s/10m0s  0.88 iters/s

running (00m40.9s), 009/100 VUs, 9 complete and 0 interrupted iterations
normal_day   [   7% ] 009/100 VUs  00m40.9s/10m0s  0.91 iters/s

running (00m41.9s), 008/100 VUs, 11 complete and 0 interrupted iterations
normal_day   [   7% ] 008/100 VUs  00m41.9s/10m0s  0.93 iters/s

running (00m42.9s), 008/100 VUs, 12 complete and 0 interrupted iterations
normal_day   [   7% ] 008/100 VUs  00m42.9s/10m0s  0.95 iters/s

running (00m43.9s), 008/100 VUs, 13 complete and 0 interrupted iterations
normal_day   [   7% ] 008/100 VUs  00m43.9s/10m0s  0.98 iters/s

running (00m44.9s), 007/100 VUs, 15 complete and 0 interrupted iterations
normal_day   [   7% ] 007/100 VUs  00m44.9s/10m0s  1.00 iters/s

running (00m45.9s), 007/100 VUs, 16 complete and 0 interrupted iterations
normal_day   [   8% ] 007/100 VUs  00m45.9s/10m0s  1.02 iters/s

running (00m46.9s), 008/100 VUs, 16 complete and 0 interrupted iterations
normal_day   [   8% ] 008/100 VUs  00m46.9s/10m0s  1.04 iters/s

running (00m47.9s), 008/100 VUs, 17 complete and 0 interrupted iterations
normal_day   [   8% ] 008/100 VUs  00m47.9s/10m0s  1.06 iters/s

running (00m48.9s), 008/100 VUs, 18 complete and 0 interrupted iterations
normal_day   [   8% ] 008/100 VUs  00m48.9s/10m0s  1.09 iters/s

running (00m49.9s), 009/100 VUs, 18 complete and 0 interrupted iterations
normal_day   [   8% ] 009/100 VUs  00m49.9s/10m0s  1.11 iters/s

running (00m50.9s), 009/100 VUs, 19 complete and 0 interrupted iterations
normal_day   [   8% ] 009/100 VUs  00m50.9s/10m0s  1.13 iters/s

running (00m51.9s), 010/100 VUs, 19 complete and 0 interrupted iterations
normal_day   [   9% ] 010/100 VUs  00m51.9s/10m0s  1.14 iters/s

running (00m52.9s), 011/100 VUs, 20 complete and 0 interrupted iterations
normal_day   [   9% ] 011/100 VUs  00m52.9s/10m0s  1.18 iters/s

running (00m53.9s), 010/100 VUs, 22 complete and 0 interrupted iterations
normal_day   [   9% ] 010/100 VUs  00m53.9s/10m0s  1.20 iters/s

running (00m54.9s), 010/100 VUs, 23 complete and 0 interrupted iterations
normal_day   [   9% ] 010/100 VUs  00m54.9s/10m0s  1.22 iters/s

running (00m55.9s), 009/100 VUs, 25 complete and 0 interrupted iterations
normal_day   [   9% ] 009/100 VUs  00m55.9s/10m0s  1.24 iters/s

running (00m56.9s), 009/100 VUs, 26 complete and 0 interrupted iterations
normal_day   [   9% ] 009/100 VUs  00m56.9s/10m0s  1.26 iters/s

running (00m57.9s), 010/100 VUs, 27 complete and 0 interrupted iterations
normal_day   [  10% ] 010/100 VUs  00m57.9s/10m0s  1.29 iters/s

running (00m58.9s), 011/100 VUs, 27 complete and 0 interrupted iterations
normal_day   [  10% ] 011/100 VUs  00m58.9s/10m0s  1.31 iters/s

running (00m59.9s), 011/100 VUs, 28 complete and 0 interrupted iterations
normal_day   [  10% ] 011/100 VUs  00m59.9s/10m0s  1.32 iters/s

running (01m00.9s), 012/100 VUs, 29 complete and 0 interrupted iterations
normal_day   [  10% ] 012/100 VUs  01m00.9s/10m0s  1.36 iters/s

running (01m01.9s), 012/100 VUs, 30 complete and 0 interrupted iterations
normal_day   [  10% ] 012/100 VUs  01m01.9s/10m0s  1.37 iters/s

running (01m02.9s), 013/100 VUs, 30 complete and 0 interrupted iterations
normal_day   [  10% ] 013/100 VUs  01m02.9s/10m0s  1.39 iters/s

running (01m03.9s), 015/100 VUs, 30 complete and 0 interrupted iterations
normal_day   [  11% ] 015/100 VUs  01m03.9s/10m0s  1.42 iters/s

running (01m04.9s), 016/100 VUs, 30 complete and 0 interrupted iterations
normal_day   [  11% ] 016/100 VUs  01m04.9s/10m0s  1.44 iters/s

running (01m05.9s), 015/100 VUs, 33 complete and 0 interrupted iterations
normal_day   [  11% ] 015/100 VUs  01m05.9s/10m0s  1.47 iters/s

running (01m06.9s), 016/100 VUs, 33 complete and 0 interrupted iterations
normal_day   [  11% ] 016/100 VUs  01m06.9s/10m0s  1.48 iters/s

running (01m07.9s), 015/100 VUs, 36 complete and 0 interrupted iterations
normal_day   [  11% ] 015/100 VUs  01m07.9s/10m0s  1.51 iters/s

running (01m08.9s), 015/100 VUs, 37 complete and 0 interrupted iterations
normal_day   [  11% ] 015/100 VUs  01m08.9s/10m0s  1.53 iters/s

running (01m09.9s), 016/100 VUs, 38 complete and 0 interrupted iterations
normal_day   [  12% ] 016/100 VUs  01m09.9s/10m0s  1.56 iters/s

running (01m10.9s), 015/100 VUs, 40 complete and 0 interrupted iterations
normal_day   [  12% ] 015/100 VUs  01m10.9s/10m0s  1.57 iters/s

running (01m11.9s), 016/100 VUs, 41 complete and 0 interrupted iterations
normal_day   [  12% ] 016/100 VUs  01m11.9s/10m0s  1.60 iters/s

running (01m12.9s), 018/100 VUs, 41 complete and 0 interrupted iterations
normal_day   [  12% ] 018/100 VUs  01m12.9s/10m0s  1.63 iters/s

running (01m13.9s), 016/100 VUs, 44 complete and 0 interrupted iterations
normal_day   [  12% ] 016/100 VUs  01m13.9s/10m0s  1.64 iters/s

running (01m14.9s), 016/100 VUs, 46 complete and 0 interrupted iterations
normal_day   [  12% ] 016/100 VUs  01m14.9s/10m0s  1.67 iters/s

running (01m15.9s), 017/100 VUs, 47 complete and 0 interrupted iterations
normal_day   [  13% ] 017/100 VUs  01m15.9s/10m0s  1.69 iters/s

running (01m16.9s), 015/100 VUs, 50 complete and 0 interrupted iterations
normal_day   [  13% ] 015/100 VUs  01m16.9s/10m0s  1.71 iters/s

running (01m17.9s), 013/100 VUs, 54 complete and 0 interrupted iterations
normal_day   [  13% ] 013/100 VUs  01m17.9s/10m0s  1.73 iters/s

running (01m18.9s), 015/100 VUs, 54 complete and 0 interrupted iterations
normal_day   [  13% ] 015/100 VUs  01m18.9s/10m0s  1.76 iters/s

running (01m19.9s), 015/100 VUs, 55 complete and 0 interrupted iterations
normal_day   [  13% ] 015/100 VUs  01m19.9s/10m0s  1.77 iters/s

running (01m20.9s), 015/100 VUs, 57 complete and 0 interrupted iterations
normal_day   [  13% ] 015/100 VUs  01m20.9s/10m0s  1.80 iters/s

running (01m21.9s), 015/100 VUs, 59 complete and 0 interrupted iterations
normal_day   [  14% ] 015/100 VUs  01m21.9s/10m0s  1.82 iters/s

running (01m22.9s), 015/100 VUs, 61 complete and 0 interrupted iterations
normal_day   [  14% ] 015/100 VUs  01m22.9s/10m0s  1.84 iters/s

running (01m23.9s), 016/100 VUs, 62 complete and 0 interrupted iterations
normal_day   [  14% ] 016/100 VUs  01m23.9s/10m0s  1.87 iters/s

running (01m24.9s), 016/100 VUs, 64 complete and 0 interrupted iterations
normal_day   [  14% ] 016/100 VUs  01m24.9s/10m0s  1.89 iters/s

running (01m25.9s), 015/100 VUs, 66 complete and 0 interrupted iterations
normal_day   [  14% ] 015/100 VUs  01m25.9s/10m0s  1.90 iters/s

running (01m26.9s), 014/100 VUs, 69 complete and 0 interrupted iterations
normal_day   [  14% ] 014/100 VUs  01m26.9s/10m0s  1.93 iters/s

running (01m27.9s), 015/100 VUs, 70 complete and 0 interrupted iterations
normal_day   [  15% ] 015/100 VUs  01m27.9s/10m0s  1.95 iters/s

running (01m28.9s), 017/100 VUs, 70 complete and 0 interrupted iterations
normal_day   [  15% ] 017/100 VUs  01m28.9s/10m0s  1.97 iters/s

running (01m29.9s), 018/100 VUs, 71 complete and 0 interrupted iterations
normal_day   [  15% ] 018/100 VUs  01m29.9s/10m0s  1.99 iters/s

running (01m30.9s), 020/100 VUs, 71 complete and 0 interrupted iterations
normal_day   [  15% ] 020/100 VUs  01m30.9s/10m0s  2.02 iters/s

running (01m31.9s), 019/100 VUs, 74 complete and 0 interrupted iterations
normal_day   [  15% ] 019/100 VUs  01m31.9s/10m0s  2.04 iters/s

running (01m32.9s), 018/100 VUs, 77 complete and 0 interrupted iterations
normal_day   [  15% ] 018/100 VUs  01m32.9s/10m0s  2.06 iters/s

running (01m33.9s), 020/100 VUs, 77 complete and 0 interrupted iterations
normal_day   [  16% ] 020/100 VUs  01m33.9s/10m0s  2.08 iters/s

running (01m34.9s), 021/100 VUs, 79 complete and 0 interrupted iterations
normal_day   [  16% ] 021/100 VUs  01m34.9s/10m0s  2.11 iters/s

running (01m35.9s), 022/100 VUs, 80 complete and 0 interrupted iterations
normal_day   [  16% ] 022/100 VUs  01m35.9s/10m0s  2.13 iters/s

running (01m36.9s), 022/100 VUs, 82 complete and 0 interrupted iterations
normal_day   [  16% ] 022/100 VUs  01m36.9s/10m0s  2.16 iters/s

running (01m37.9s), 020/100 VUs, 86 complete and 0 interrupted iterations
normal_day   [  16% ] 020/100 VUs  01m37.9s/10m0s  2.18 iters/s

running (01m38.9s), 020/100 VUs, 88 complete and 0 interrupted iterations
normal_day   [  16% ] 020/100 VUs  01m38.9s/10m0s  2.20 iters/s

running (01m39.9s), 019/100 VUs, 91 complete and 0 interrupted iterations
normal_day   [  17% ] 019/100 VUs  01m39.9s/10m0s  2.22 iters/s

running (01m40.9s), 020/100 VUs, 93 complete and 0 interrupted iterations
normal_day   [  17% ] 020/100 VUs  01m40.9s/10m0s  2.25 iters/s

running (01m41.9s), 020/100 VUs, 95 complete and 0 interrupted iterations
normal_day   [  17% ] 020/100 VUs  01m41.9s/10m0s  2.27 iters/s

running (01m42.9s), 020/100 VUs, 97 complete and 0 interrupted iterations
normal_day   [  17% ] 020/100 VUs  01m42.9s/10m0s  2.29 iters/s

running (01m43.9s), 018/100 VUs, 101 complete and 0 interrupted iterations
normal_day   [  17% ] 018/100 VUs  01m43.9s/10m0s  2.30 iters/s

running (01m44.9s), 017/100 VUs, 105 complete and 0 interrupted iterations
normal_day   [  17% ] 017/100 VUs  01m44.9s/10m0s  2.33 iters/s

running (01m45.9s), 017/100 VUs, 107 complete and 0 interrupted iterations
normal_day   [  18% ] 017/100 VUs  01m45.9s/10m0s  2.35 iters/s

running (01m46.9s), 019/100 VUs, 107 complete and 0 interrupted iterations
normal_day   [  18% ] 019/100 VUs  01m46.9s/10m0s  2.37 iters/s

running (01m47.9s), 022/100 VUs, 107 complete and 0 interrupted iterations
normal_day   [  18% ] 022/100 VUs  01m47.9s/10m0s  2.40 iters/s

running (01m48.9s), 022/100 VUs, 109 complete and 0 interrupted iterations
normal_day   [  18% ] 022/100 VUs  01m48.9s/10m0s  2.42 iters/s

running (01m49.9s), 021/100 VUs, 113 complete and 0 interrupted iterations
normal_day   [  18% ] 021/100 VUs  01m49.9s/10m0s  2.44 iters/s

running (01m50.9s), 021/100 VUs, 115 complete and 0 interrupted iterations
normal_day   [  18% ] 021/100 VUs  01m50.9s/10m0s  2.46 iters/s

running (01m51.9s), 022/100 VUs, 117 complete and 0 interrupted iterations
normal_day   [  19% ] 022/100 VUs  01m51.9s/10m0s  2.49 iters/s

running (01m52.9s), 022/100 VUs, 119 complete and 0 interrupted iterations
normal_day   [  19% ] 022/100 VUs  01m52.9s/10m0s  2.51 iters/s

running (01m53.9s), 023/100 VUs, 121 complete and 0 interrupted iterations
normal_day   [  19% ] 023/100 VUs  01m53.9s/10m0s  2.53 iters/s

running (01m54.9s), 024/100 VUs, 122 complete and 0 interrupted iterations
normal_day   [  19% ] 024/100 VUs  01m54.9s/10m0s  2.55 iters/s

running (01m55.9s), 025/100 VUs, 124 complete and 0 interrupted iterations
normal_day   [  19% ] 025/100 VUs  01m55.9s/10m0s  2.58 iters/s

running (01m56.9s), 025/100 VUs, 126 complete and 0 interrupted iterations
normal_day   [  19% ] 025/100 VUs  01m56.9s/10m0s  2.59 iters/s

running (01m57.9s), 026/100 VUs, 128 complete and 0 interrupted iterations
normal_day   [  20% ] 026/100 VUs  01m57.9s/10m0s  2.62 iters/s

running (01m58.9s), 025/100 VUs, 132 complete and 0 interrupted iterations
normal_day   [  20% ] 025/100 VUs  01m58.9s/10m0s  2.65 iters/s

running (01m59.9s), 021/100 VUs, 138 complete and 0 interrupted iterations
normal_day   [  20% ] 021/100 VUs  01m59.9s/10m0s  2.66 iters/s

running (02m00.9s), 021/100 VUs, 141 complete and 0 interrupted iterations
normal_day   [  20% ] 021/100 VUs  02m00.9s/10m0s  2.69 iters/s

running (02m01.9s), 020/100 VUs, 145 complete and 0 interrupted iterations
normal_day   [  20% ] 020/100 VUs  02m01.9s/10m0s  2.71 iters/s

running (02m02.9s), 021/100 VUs, 146 complete and 0 interrupted iterations
normal_day   [  20% ] 021/100 VUs  02m02.9s/10m0s  2.73 iters/s

running (02m03.9s), 021/100 VUs, 149 complete and 0 interrupted iterations
normal_day   [  21% ] 021/100 VUs  02m03.9s/10m0s  2.75 iters/s

running (02m04.9s), 022/100 VUs, 151 complete and 0 interrupted iterations
normal_day   [  21% ] 022/100 VUs  02m04.9s/10m0s  2.78 iters/s

running (02m05.9s), 023/100 VUs, 153 complete and 0 interrupted iterations
normal_day   [  21% ] 023/100 VUs  02m05.9s/10m0s  2.80 iters/s

running (02m06.9s), 023/100 VUs, 155 complete and 0 interrupted iterations
normal_day   [  21% ] 023/100 VUs  02m06.9s/10m0s  2.82 iters/s

running (02m07.9s), 023/100 VUs, 158 complete and 0 interrupted iterations
normal_day   [  21% ] 023/100 VUs  02m07.9s/10m0s  2.84 iters/s

running (02m08.9s), 025/100 VUs, 159 complete and 0 interrupted iterations
normal_day   [  21% ] 025/100 VUs  02m08.9s/10m0s  2.86 iters/s

running (02m09.9s), 025/100 VUs, 162 complete and 0 interrupted iterations
normal_day   [  22% ] 025/100 VUs  02m09.9s/10m0s  2.89 iters/s

running (02m10.9s), 027/100 VUs, 163 complete and 0 interrupted iterations
normal_day   [  22% ] 027/100 VUs  02m10.9s/10m0s  2.91 iters/s

running (02m11.9s), 027/100 VUs, 166 complete and 0 interrupted iterations
normal_day   [  22% ] 027/100 VUs  02m11.9s/10m0s  2.93 iters/s

running (02m12.9s), 030/100 VUs, 166 complete and 0 interrupted iterations
normal_day   [  22% ] 030/100 VUs  02m12.9s/10m0s  2.96 iters/s

running (02m13.9s), 029/100 VUs, 170 complete and 0 interrupted iterations
normal_day   [  22% ] 029/100 VUs  02m13.9s/10m0s  2.98 iters/s

running (02m14.9s), 029/100 VUs, 173 complete and 0 interrupted iterations
normal_day   [  22% ] 029/100 VUs  02m14.9s/10m0s  3.00 iters/s

running (02m15.9s), 029/100 VUs, 176 complete and 0 interrupted iterations
normal_day   [  23% ] 029/100 VUs  02m15.9s/10m0s  3.02 iters/s

running (02m16.9s), 027/100 VUs, 181 complete and 0 interrupted iterations
normal_day   [  23% ] 027/100 VUs  02m16.9s/10m0s  3.04 iters/s

running (02m17.9s), 026/100 VUs, 185 complete and 0 interrupted iterations
normal_day   [  23% ] 026/100 VUs  02m17.9s/10m0s  3.07 iters/s

running (02m18.9s), 027/100 VUs, 187 complete and 0 interrupted iterations
normal_day   [  23% ] 027/100 VUs  02m18.9s/10m0s  3.09 iters/s

running (02m19.9s), 027/100 VUs, 190 complete and 0 interrupted iterations
normal_day   [  23% ] 027/100 VUs  02m19.9s/10m0s  3.11 iters/s

running (02m20.9s), 030/100 VUs, 190 complete and 0 interrupted iterations
normal_day   [  23% ] 030/100 VUs  02m20.9s/10m0s  3.13 iters/s

running (02m21.9s), 031/100 VUs, 192 complete and 0 interrupted iterations
normal_day   [  24% ] 031/100 VUs  02m21.9s/10m0s  3.15 iters/s

running (02m22.9s), 028/100 VUs, 198 complete and 0 interrupted iterations
normal_day   [  24% ] 028/100 VUs  02m22.9s/10m0s  3.17 iters/s

running (02m23.9s), 031/100 VUs, 199 complete and 0 interrupted iterations
normal_day   [  24% ] 031/100 VUs  02m23.9s/10m0s  3.20 iters/s

running (02m24.9s), 029/100 VUs, 204 complete and 0 interrupted iterations
normal_day   [  24% ] 029/100 VUs  02m24.9s/10m0s  3.22 iters/s

running (02m25.9s), 031/100 VUs, 205 complete and 0 interrupted iterations
normal_day   [  24% ] 031/100 VUs  02m25.9s/10m0s  3.24 iters/s

running (02m26.9s), 031/100 VUs, 208 complete and 0 interrupted iterations
normal_day   [  24% ] 031/100 VUs  02m26.9s/10m0s  3.26 iters/s

running (02m27.9s), 033/100 VUs, 210 complete and 0 interrupted iterations
normal_day   [  25% ] 033/100 VUs  02m27.9s/10m0s  3.29 iters/s

running (02m28.9s), 033/100 VUs, 213 complete and 0 interrupted iterations
normal_day   [  25% ] 033/100 VUs  02m28.9s/10m0s  3.31 iters/s

running (02m29.9s), 032/100 VUs, 217 complete and 0 interrupted iterations
normal_day   [  25% ] 032/100 VUs  02m29.9s/10m0s  3.33 iters/s

running (02m30.9s), 030/100 VUs, 223 complete and 0 interrupted iterations
normal_day   [  25% ] 030/100 VUs  02m30.9s/10m0s  3.36 iters/s

running (02m31.9s), 027/100 VUs, 229 complete and 0 interrupted iterations
normal_day   [  25% ] 027/100 VUs  02m31.9s/10m0s  3.38 iters/s

running (02m32.9s), 030/100 VUs, 229 complete and 0 interrupted iterations
normal_day   [  25% ] 030/100 VUs  02m32.9s/10m0s  3.40 iters/s

running (02m33.9s), 034/100 VUs, 229 complete and 0 interrupted iterations
normal_day   [  26% ] 034/100 VUs  02m33.9s/10m0s  3.42 iters/s

running (02m34.9s), 032/100 VUs, 234 complete and 0 interrupted iterations
normal_day   [  26% ] 032/100 VUs  02m34.9s/10m0s  3.44 iters/s

running (02m35.9s), 035/100 VUs, 235 complete and 0 interrupted iterations
normal_day   [  26% ] 035/100 VUs  02m35.9s/10m0s  3.47 iters/s

running (02m36.9s), 036/100 VUs, 237 complete and 0 interrupted iterations
normal_day   [  26% ] 036/100 VUs  02m36.9s/10m0s  3.49 iters/s

running (02m37.9s), 032/100 VUs, 245 complete and 0 interrupted iterations
normal_day   [  26% ] 032/100 VUs  02m37.9s/10m0s  3.51 iters/s

running (02m38.9s), 033/100 VUs, 247 complete and 0 interrupted iterations
normal_day   [  26% ] 033/100 VUs  02m38.9s/10m0s  3.53 iters/s

running (02m39.9s), 036/100 VUs, 248 complete and 0 interrupted iterations
normal_day   [  27% ] 036/100 VUs  02m39.9s/10m0s  3.56 iters/s

running (02m40.9s), 034/100 VUs, 253 complete and 0 interrupted iterations
normal_day   [  27% ] 034/100 VUs  02m40.9s/10m0s  3.57 iters/s

running (02m41.9s), 034/100 VUs, 257 complete and 0 interrupted iterations
normal_day   [  27% ] 034/100 VUs  02m41.9s/10m0s  3.60 iters/s

running (02m42.9s), 034/100 VUs, 260 complete and 0 interrupted iterations
normal_day   [  27% ] 034/100 VUs  02m42.9s/10m0s  3.62 iters/s

running (02m43.9s), 032/100 VUs, 266 complete and 0 interrupted iterations
normal_day   [  27% ] 032/100 VUs  02m43.9s/10m0s  3.64 iters/s

running (02m44.9s), 033/100 VUs, 269 complete and 0 interrupted iterations
normal_day   [  27% ] 033/100 VUs  02m44.9s/10m0s  3.67 iters/s

running (02m45.9s), 031/100 VUs, 274 complete and 0 interrupted iterations
normal_day   [  28% ] 031/100 VUs  02m45.9s/10m0s  3.68 iters/s

running (02m46.9s), 033/100 VUs, 276 complete and 0 interrupted iterations
normal_day   [  28% ] 033/100 VUs  02m46.9s/10m0s  3.71 iters/s

running (02m47.9s), 033/100 VUs, 280 complete and 0 interrupted iterations
normal_day   [  28% ] 033/100 VUs  02m47.9s/10m0s  3.73 iters/s

running (02m48.9s), 031/100 VUs, 285 complete and 0 interrupted iterations
normal_day   [  28% ] 031/100 VUs  02m48.9s/10m0s  3.75 iters/s

running (02m49.9s), 033/100 VUs, 287 complete and 0 interrupted iterations
normal_day   [  28% ] 033/100 VUs  02m49.9s/10m0s  3.77 iters/s

running (02m50.9s), 032/100 VUs, 292 complete and 0 interrupted iterations
normal_day   [  28% ] 032/100 VUs  02m50.9s/10m0s  3.80 iters/s

running (02m51.9s), 033/100 VUs, 295 complete and 0 interrupted iterations
normal_day   [  29% ] 033/100 VUs  02m51.9s/10m0s  3.82 iters/s

running (02m52.9s), 032/100 VUs, 300 complete and 0 interrupted iterations
normal_day   [  29% ] 032/100 VUs  02m52.9s/10m0s  3.84 iters/s

running (02m53.9s), 034/100 VUs, 302 complete and 0 interrupted iterations
normal_day   [  29% ] 034/100 VUs  02m53.9s/10m0s  3.87 iters/s

running (02m54.9s), 035/100 VUs, 304 complete and 0 interrupted iterations
normal_day   [  29% ] 035/100 VUs  02m54.9s/10m0s  3.88 iters/s

running (02m55.9s), 036/100 VUs, 307 complete and 0 interrupted iterations
normal_day   [  29% ] 036/100 VUs  02m55.9s/10m0s  3.91 iters/s

running (02m56.9s), 038/100 VUs, 309 complete and 0 interrupted iterations
normal_day   [  29% ] 038/100 VUs  02m56.9s/10m0s  3.93 iters/s

running (02m57.9s), 039/100 VUs, 312 complete and 0 interrupted iterations
normal_day   [  30% ] 039/100 VUs  02m57.9s/10m0s  3.95 iters/s

running (02m58.9s), 040/100 VUs, 315 complete and 0 interrupted iterations
normal_day   [  30% ] 040/100 VUs  02m58.9s/10m0s  3.97 iters/s

running (02m59.9s), 042/100 VUs, 317 complete and 0 interrupted iterations
normal_day   [  30% ] 042/100 VUs  02m59.9s/10m0s  4.00 iters/s

running (03m00.9s), 045/100 VUs, 318 complete and 0 interrupted iterations
normal_day   [  30% ] 045/100 VUs  03m00.9s/10m0s  4.00 iters/s

running (03m01.9s), 044/100 VUs, 323 complete and 0 interrupted iterations
normal_day   [  30% ] 044/100 VUs  03m01.9s/10m0s  4.00 iters/s

running (03m02.9s), 042/100 VUs, 329 complete and 0 interrupted iterations
normal_day   [  30% ] 042/100 VUs  03m02.9s/10m0s  4.00 iters/s

running (03m03.9s), 040/100 VUs, 335 complete and 0 interrupted iterations
normal_day   [  31% ] 040/100 VUs  03m03.9s/10m0s  4.00 iters/s

running (03m04.9s), 040/100 VUs, 339 complete and 0 interrupted iterations
normal_day   [  31% ] 040/100 VUs  03m04.9s/10m0s  4.00 iters/s

running (03m05.9s), 037/100 VUs, 346 complete and 0 interrupted iterations
normal_day   [  31% ] 037/100 VUs  03m05.9s/10m0s  4.00 iters/s

running (03m06.9s), 036/100 VUs, 351 complete and 0 interrupted iterations
normal_day   [  31% ] 036/100 VUs  03m06.9s/10m0s  4.00 iters/s

running (03m07.9s), 038/100 VUs, 353 complete and 0 interrupted iterations
normal_day   [  31% ] 038/100 VUs  03m07.9s/10m0s  4.00 iters/s

running (03m08.9s), 040/100 VUs, 355 complete and 0 interrupted iterations
normal_day   [  31% ] 040/100 VUs  03m08.9s/10m0s  4.00 iters/s

running (03m09.9s), 042/100 VUs, 357 complete and 0 interrupted iterations
normal_day   [  32% ] 042/100 VUs  03m09.9s/10m0s  4.00 iters/s

running (03m10.9s), 040/100 VUs, 363 complete and 0 interrupted iterations
normal_day   [  32% ] 040/100 VUs  03m10.9s/10m0s  4.00 iters/s

running (03m11.9s), 038/100 VUs, 369 complete and 0 interrupted iterations
normal_day   [  32% ] 038/100 VUs  03m11.9s/10m0s  4.00 iters/s

running (03m12.9s), 040/100 VUs, 371 complete and 0 interrupted iterations
normal_day   [  32% ] 040/100 VUs  03m12.9s/10m0s  4.00 iters/s

running (03m13.9s), 040/100 VUs, 375 complete and 0 interrupted iterations
normal_day   [  32% ] 040/100 VUs  03m13.9s/10m0s  4.00 iters/s

running (03m14.9s), 038/100 VUs, 381 complete and 0 interrupted iterations
normal_day   [  32% ] 038/100 VUs  03m14.9s/10m0s  4.00 iters/s

running (03m15.9s), 032/100 VUs, 391 complete and 0 interrupted iterations
normal_day   [  33% ] 032/100 VUs  03m15.9s/10m0s  4.00 iters/s

running (03m16.9s), 034/100 VUs, 393 complete and 0 interrupted iterations
normal_day   [  33% ] 034/100 VUs  03m16.9s/10m0s  4.00 iters/s

running (03m17.9s), 034/100 VUs, 397 complete and 0 interrupted iterations
normal_day   [  33% ] 034/100 VUs  03m17.9s/10m0s  4.00 iters/s

running (03m18.9s), 036/100 VUs, 399 complete and 0 interrupted iterations
normal_day   [  33% ] 036/100 VUs  03m18.9s/10m0s  4.00 iters/s

running (03m19.9s), 034/100 VUs, 405 complete and 0 interrupted iterations
normal_day   [  33% ] 034/100 VUs  03m19.9s/10m0s  4.00 iters/s

running (03m20.9s), 035/100 VUs, 408 complete and 0 interrupted iterations
normal_day   [  33% ] 035/100 VUs  03m20.9s/10m0s  4.00 iters/s

running (03m21.9s), 034/100 VUs, 413 complete and 0 interrupted iterations
normal_day   [  34% ] 034/100 VUs  03m21.9s/10m0s  4.00 iters/s

running (03m22.9s), 032/100 VUs, 419 complete and 0 interrupted iterations
normal_day   [  34% ] 032/100 VUs  03m22.9s/10m0s  4.00 iters/s

running (03m23.9s), 033/100 VUs, 422 complete and 0 interrupted iterations
normal_day   [  34% ] 033/100 VUs  03m23.9s/10m0s  4.00 iters/s

running (03m24.9s), 035/100 VUs, 424 complete and 0 interrupted iterations
normal_day   [  34% ] 035/100 VUs  03m24.9s/10m0s  4.00 iters/s

running (03m25.9s), 035/100 VUs, 428 complete and 0 interrupted iterations
normal_day   [  34% ] 035/100 VUs  03m25.9s/10m0s  4.00 iters/s

running (03m26.9s), 037/100 VUs, 430 complete and 0 interrupted iterations
normal_day   [  34% ] 037/100 VUs  03m26.9s/10m0s  4.00 iters/s

running (03m27.9s), 037/100 VUs, 434 complete and 0 interrupted iterations
normal_day   [  35% ] 037/100 VUs  03m27.9s/10m0s  4.00 iters/s

running (03m28.9s), 040/100 VUs, 435 complete and 0 interrupted iterations
normal_day   [  35% ] 040/100 VUs  03m28.9s/10m0s  4.00 iters/s

running (03m29.9s), 039/100 VUs, 440 complete and 0 interrupted iterations
normal_day   [  35% ] 039/100 VUs  03m29.9s/10m0s  4.00 iters/s

running (03m30.9s), 041/100 VUs, 442 complete and 0 interrupted iterations
normal_day   [  35% ] 041/100 VUs  03m30.9s/10m0s  4.00 iters/s

running (03m31.9s), 043/100 VUs, 444 complete and 0 interrupted iterations
normal_day   [  35% ] 043/100 VUs  03m31.9s/10m0s  4.00 iters/s

running (03m32.9s), 041/100 VUs, 450 complete and 0 interrupted iterations
normal_day   [  35% ] 041/100 VUs  03m32.9s/10m0s  4.00 iters/s

running (03m33.9s), 040/100 VUs, 455 complete and 0 interrupted iterations
normal_day   [  36% ] 040/100 VUs  03m33.9s/10m0s  4.00 iters/s

running (03m34.9s), 041/100 VUs, 458 complete and 0 interrupted iterations
normal_day   [  36% ] 041/100 VUs  03m34.9s/10m0s  4.00 iters/s

running (03m35.9s), 043/100 VUs, 460 complete and 0 interrupted iterations
normal_day   [  36% ] 043/100 VUs  03m35.9s/10m0s  4.00 iters/s

running (03m36.9s), 047/100 VUs, 460 complete and 0 interrupted iterations
normal_day   [  36% ] 047/100 VUs  03m36.9s/10m0s  4.00 iters/s

running (03m37.9s), 050/100 VUs, 461 complete and 0 interrupted iterations
normal_day   [  36% ] 050/100 VUs  03m37.9s/10m0s  4.00 iters/s

running (03m38.9s), 050/100 VUs, 465 complete and 0 interrupted iterations
normal_day   [  36% ] 050/100 VUs  03m38.9s/10m0s  4.00 iters/s

running (03m39.9s), 047/100 VUs, 472 complete and 0 interrupted iterations
normal_day   [  37% ] 047/100 VUs  03m39.9s/10m0s  4.00 iters/s

running (03m40.9s), 047/100 VUs, 476 complete and 0 interrupted iterations
normal_day   [  37% ] 047/100 VUs  03m40.9s/10m0s  4.00 iters/s

running (03m41.9s), 047/100 VUs, 480 complete and 0 interrupted iterations
normal_day   [  37% ] 047/100 VUs  03m41.9s/10m0s  4.00 iters/s

running (03m42.9s), 041/100 VUs, 490 complete and 0 interrupted iterations
normal_day   [  37% ] 041/100 VUs  03m42.9s/10m0s  4.00 iters/s

running (03m43.9s), 040/100 VUs, 495 complete and 0 interrupted iterations
normal_day   [  37% ] 040/100 VUs  03m43.9s/10m0s  4.00 iters/s

running (03m44.9s), 040/100 VUs, 499 complete and 0 interrupted iterations
normal_day   [  37% ] 040/100 VUs  03m44.9s/10m0s  4.00 iters/s

running (03m45.9s), 041/100 VUs, 502 complete and 0 interrupted iterations
normal_day   [  38% ] 041/100 VUs  03m45.9s/10m0s  4.00 iters/s

running (03m46.9s), 039/100 VUs, 508 complete and 0 interrupted iterations
normal_day   [  38% ] 039/100 VUs  03m46.9s/10m0s  4.00 iters/s

running (03m47.9s), 042/100 VUs, 509 complete and 0 interrupted iterations
normal_day   [  38% ] 042/100 VUs  03m47.9s/10m0s  4.00 iters/s

running (03m48.9s), 040/100 VUs, 515 complete and 0 interrupted iterations
normal_day   [  38% ] 040/100 VUs  03m48.9s/10m0s  4.00 iters/s

running (03m49.9s), 036/100 VUs, 523 complete and 0 interrupted iterations
normal_day   [  38% ] 036/100 VUs  03m49.9s/10m0s  4.00 iters/s

running (03m50.9s), 038/100 VUs, 525 complete and 0 interrupted iterations
normal_day   [  38% ] 038/100 VUs  03m50.9s/10m0s  4.00 iters/s

running (03m51.9s), 039/100 VUs, 528 complete and 0 interrupted iterations
normal_day   [  39% ] 039/100 VUs  03m51.9s/10m0s  4.00 iters/s

running (03m52.9s), 037/100 VUs, 534 complete and 0 interrupted iterations
normal_day   [  39% ] 037/100 VUs  03m52.9s/10m0s  4.00 iters/s

running (03m53.9s), 039/100 VUs, 536 complete and 0 interrupted iterations
normal_day   [  39% ] 039/100 VUs  03m53.9s/10m0s  4.00 iters/s

running (03m54.9s), 040/100 VUs, 539 complete and 0 interrupted iterations
normal_day   [  39% ] 040/100 VUs  03m54.9s/10m0s  4.00 iters/s

running (03m55.9s), 042/100 VUs, 541 complete and 0 interrupted iterations
normal_day   [  39% ] 042/100 VUs  03m55.9s/10m0s  4.00 iters/s

running (03m56.9s), 043/100 VUs, 544 complete and 0 interrupted iterations
normal_day   [  39% ] 043/100 VUs  03m56.9s/10m0s  4.00 iters/s

running (03m57.9s), 043/100 VUs, 548 complete and 0 interrupted iterations
normal_day   [  40% ] 043/100 VUs  03m57.9s/10m0s  4.00 iters/s

running (03m58.9s), 043/100 VUs, 552 complete and 0 interrupted iterations
normal_day   [  40% ] 043/100 VUs  03m58.9s/10m0s  4.00 iters/s

running (03m59.9s), 041/100 VUs, 558 complete and 0 interrupted iterations
normal_day   [  40% ] 041/100 VUs  03m59.9s/10m0s  4.00 iters/s

running (04m00.9s), 042/100 VUs, 561 complete and 0 interrupted iterations
normal_day   [  40% ] 042/100 VUs  04m00.9s/10m0s  4.00 iters/s

running (04m01.9s), 041/100 VUs, 566 complete and 0 interrupted iterations
normal_day   [  40% ] 041/100 VUs  04m01.9s/10m0s  4.00 iters/s

running (04m02.9s), 042/100 VUs, 569 complete and 0 interrupted iterations
normal_day   [  40% ] 042/100 VUs  04m02.9s/10m0s  4.00 iters/s

running (04m03.9s), 042/100 VUs, 573 complete and 0 interrupted iterations
normal_day   [  41% ] 042/100 VUs  04m03.9s/10m0s  4.00 iters/s

running (04m04.9s), 035/100 VUs, 584 complete and 0 interrupted iterations
normal_day   [  41% ] 035/100 VUs  04m04.9s/10m0s  4.00 iters/s

running (04m05.9s), 035/100 VUs, 588 complete and 0 interrupted iterations
normal_day   [  41% ] 035/100 VUs  04m05.9s/10m0s  4.00 iters/s

running (04m06.9s), 034/100 VUs, 593 complete and 0 interrupted iterations
normal_day   [  41% ] 034/100 VUs  04m06.9s/10m0s  4.00 iters/s

running (04m07.9s), 036/100 VUs, 595 complete and 0 interrupted iterations
normal_day   [  41% ] 036/100 VUs  04m07.9s/10m0s  4.00 iters/s

running (04m08.9s), 036/100 VUs, 599 complete and 0 interrupted iterations
normal_day   [  41% ] 036/100 VUs  04m08.9s/10m0s  4.00 iters/s

running (04m09.9s), 035/100 VUs, 604 complete and 0 interrupted iterations
normal_day   [  42% ] 035/100 VUs  04m09.9s/10m0s  4.00 iters/s

running (04m10.9s), 035/100 VUs, 608 complete and 0 interrupted iterations
normal_day   [  42% ] 035/100 VUs  04m10.9s/10m0s  4.00 iters/s

running (04m11.9s), 036/100 VUs, 611 complete and 0 interrupted iterations
normal_day   [  42% ] 036/100 VUs  04m11.9s/10m0s  4.00 iters/s

running (04m12.9s), 039/100 VUs, 612 complete and 0 interrupted iterations
normal_day   [  42% ] 039/100 VUs  04m12.9s/10m0s  4.00 iters/s

running (04m13.9s), 037/100 VUs, 618 complete and 0 interrupted iterations
normal_day   [  42% ] 037/100 VUs  04m13.9s/10m0s  4.00 iters/s

running (04m14.9s), 035/100 VUs, 624 complete and 0 interrupted iterations
normal_day   [  42% ] 035/100 VUs  04m14.9s/10m0s  4.00 iters/s

running (04m15.9s), 033/100 VUs, 630 complete and 0 interrupted iterations
normal_day   [  43% ] 033/100 VUs  04m15.9s/10m0s  4.00 iters/s

running (04m16.9s), 033/100 VUs, 634 complete and 0 interrupted iterations
normal_day   [  43% ] 033/100 VUs  04m16.9s/10m0s  4.00 iters/s

running (04m17.9s), 033/100 VUs, 638 complete and 0 interrupted iterations
normal_day   [  43% ] 033/100 VUs  04m17.9s/10m0s  4.00 iters/s

running (04m18.9s), 036/100 VUs, 639 complete and 0 interrupted iterations
normal_day   [  43% ] 036/100 VUs  04m18.9s/10m0s  4.00 iters/s

running (04m19.9s), 035/100 VUs, 644 complete and 0 interrupted iterations
normal_day   [  43% ] 035/100 VUs  04m19.9s/10m0s  4.00 iters/s

running (04m20.9s), 034/100 VUs, 649 complete and 0 interrupted iterations
normal_day   [  43% ] 034/100 VUs  04m20.9s/10m0s  4.00 iters/s

running (04m21.9s), 036/100 VUs, 651 complete and 0 interrupted iterations
normal_day   [  44% ] 036/100 VUs  04m21.9s/10m0s  4.00 iters/s

running (04m22.9s), 037/100 VUs, 654 complete and 0 interrupted iterations
normal_day   [  44% ] 037/100 VUs  04m22.9s/10m0s  4.00 iters/s

running (04m23.9s), 037/100 VUs, 658 complete and 0 interrupted iterations
normal_day   [  44% ] 037/100 VUs  04m23.9s/10m0s  4.00 iters/s

running (04m24.9s), 038/100 VUs, 661 complete and 0 interrupted iterations
normal_day   [  44% ] 038/100 VUs  04m24.9s/10m0s  4.00 iters/s

running (04m25.9s), 038/100 VUs, 665 complete and 0 interrupted iterations
normal_day   [  44% ] 038/100 VUs  04m25.9s/10m0s  4.00 iters/s

running (04m26.9s), 040/100 VUs, 667 complete and 0 interrupted iterations
normal_day   [  44% ] 040/100 VUs  04m26.9s/10m0s  4.00 iters/s

running (04m27.9s), 042/100 VUs, 669 complete and 0 interrupted iterations
normal_day   [  45% ] 042/100 VUs  04m27.9s/10m0s  4.00 iters/s

running (04m28.9s), 042/100 VUs, 673 complete and 0 interrupted iterations
normal_day   [  45% ] 042/100 VUs  04m28.9s/10m0s  4.00 iters/s

running (04m29.9s), 043/100 VUs, 676 complete and 0 interrupted iterations
normal_day   [  45% ] 043/100 VUs  04m29.9s/10m0s  4.00 iters/s

running (04m30.9s), 040/100 VUs, 683 complete and 0 interrupted iterations
normal_day   [  45% ] 040/100 VUs  04m30.9s/10m0s  4.00 iters/s

running (04m31.9s), 040/100 VUs, 687 complete and 0 interrupted iterations
normal_day   [  45% ] 040/100 VUs  04m31.9s/10m0s  4.00 iters/s

running (04m32.9s), 038/100 VUs, 693 complete and 0 interrupted iterations
normal_day   [  45% ] 038/100 VUs  04m32.9s/10m0s  4.00 iters/s

running (04m33.9s), 038/100 VUs, 697 complete and 0 interrupted iterations
normal_day   [  46% ] 038/100 VUs  04m33.9s/10m0s  4.00 iters/s

running (04m34.9s), 034/100 VUs, 705 complete and 0 interrupted iterations
normal_day   [  46% ] 034/100 VUs  04m34.9s/10m0s  4.00 iters/s

running (04m35.9s), 033/100 VUs, 710 complete and 0 interrupted iterations
normal_day   [  46% ] 033/100 VUs  04m35.9s/10m0s  4.00 iters/s

running (04m36.9s), 034/100 VUs, 713 complete and 0 interrupted iterations
normal_day   [  46% ] 034/100 VUs  04m36.9s/10m0s  4.00 iters/s

running (04m37.9s), 037/100 VUs, 714 complete and 0 interrupted iterations
normal_day   [  46% ] 037/100 VUs  04m37.9s/10m0s  4.00 iters/s

running (04m38.9s), 036/100 VUs, 719 complete and 0 interrupted iterations
normal_day   [  46% ] 036/100 VUs  04m38.9s/10m0s  4.00 iters/s

running (04m39.9s), 036/100 VUs, 723 complete and 0 interrupted iterations
normal_day   [  47% ] 036/100 VUs  04m39.9s/10m0s  4.00 iters/s

running (04m40.9s), 036/100 VUs, 727 complete and 0 interrupted iterations
normal_day   [  47% ] 036/100 VUs  04m40.9s/10m0s  4.00 iters/s

running (04m41.9s), 037/100 VUs, 730 complete and 0 interrupted iterations
normal_day   [  47% ] 037/100 VUs  04m41.9s/10m0s  4.00 iters/s

running (04m42.9s), 034/100 VUs, 737 complete and 0 interrupted iterations
normal_day   [  47% ] 034/100 VUs  04m42.9s/10m0s  4.00 iters/s

running (04m43.9s), 036/100 VUs, 739 complete and 0 interrupted iterations
normal_day   [  47% ] 036/100 VUs  04m43.9s/10m0s  4.00 iters/s

running (04m44.9s), 036/100 VUs, 743 complete and 0 interrupted iterations
normal_day   [  47% ] 036/100 VUs  04m44.9s/10m0s  4.00 iters/s

running (04m45.9s), 037/100 VUs, 746 complete and 0 interrupted iterations
normal_day   [  48% ] 037/100 VUs  04m45.9s/10m0s  4.00 iters/s

running (04m46.9s), 036/100 VUs, 751 complete and 0 interrupted iterations
normal_day   [  48% ] 036/100 VUs  04m46.9s/10m0s  4.00 iters/s

running (04m47.9s), 036/100 VUs, 755 complete and 0 interrupted iterations
normal_day   [  48% ] 036/100 VUs  04m47.9s/10m0s  4.00 iters/s

running (04m48.9s), 034/100 VUs, 761 complete and 0 interrupted iterations
normal_day   [  48% ] 034/100 VUs  04m48.9s/10m0s  4.00 iters/s

running (04m49.9s), 035/100 VUs, 764 complete and 0 interrupted iterations
normal_day   [  48% ] 035/100 VUs  04m49.9s/10m0s  4.00 iters/s

running (04m50.9s), 039/100 VUs, 764 complete and 0 interrupted iterations
normal_day   [  48% ] 039/100 VUs  04m50.9s/10m0s  4.00 iters/s

running (04m51.9s), 037/100 VUs, 770 complete and 0 interrupted iterations
normal_day   [  49% ] 037/100 VUs  04m51.9s/10m0s  4.00 iters/s

running (04m52.9s), 038/100 VUs, 773 complete and 0 interrupted iterations
normal_day   [  49% ] 038/100 VUs  04m52.9s/10m0s  4.00 iters/s

running (04m53.9s), 040/100 VUs, 775 complete and 0 interrupted iterations
normal_day   [  49% ] 040/100 VUs  04m53.9s/10m0s  4.00 iters/s

running (04m54.9s), 041/100 VUs, 778 complete and 0 interrupted iterations
normal_day   [  49% ] 041/100 VUs  04m54.9s/10m0s  4.00 iters/s

running (04m55.9s), 043/100 VUs, 780 complete and 0 interrupted iterations
normal_day   [  49% ] 043/100 VUs  04m55.9s/10m0s  4.00 iters/s

running (04m56.9s), 045/100 VUs, 782 complete and 0 interrupted iterations
normal_day   [  49% ] 045/100 VUs  04m56.9s/10m0s  4.00 iters/s

running (04m57.9s), 043/100 VUs, 788 complete and 0 interrupted iterations
normal_day   [  50% ] 043/100 VUs  04m57.9s/10m0s  4.00 iters/s

running (04m58.9s), 044/100 VUs, 791 complete and 0 interrupted iterations
normal_day   [  50% ] 044/100 VUs  04m58.9s/10m0s  4.00 iters/s

running (04m59.9s), 043/100 VUs, 796 complete and 0 interrupted iterations
normal_day   [  50% ] 043/100 VUs  04m59.9s/10m0s  4.00 iters/s

running (05m00.9s), 042/100 VUs, 801 complete and 0 interrupted iterations
normal_day   [  50% ] 042/100 VUs  05m00.9s/10m0s  4.00 iters/s

running (05m01.9s), 039/100 VUs, 808 complete and 0 interrupted iterations
normal_day   [  50% ] 039/100 VUs  05m01.9s/10m0s  4.00 iters/s

running (05m02.9s), 041/100 VUs, 810 complete and 0 interrupted iterations
normal_day   [  50% ] 041/100 VUs  05m02.9s/10m0s  4.00 iters/s

running (05m03.9s), 042/100 VUs, 813 complete and 0 interrupted iterations
normal_day   [  51% ] 042/100 VUs  05m03.9s/10m0s  4.00 iters/s

running (05m04.9s), 041/100 VUs, 818 complete and 0 interrupted iterations
normal_day   [  51% ] 041/100 VUs  05m04.9s/10m0s  4.00 iters/s

running (05m05.9s), 038/100 VUs, 825 complete and 0 interrupted iterations
normal_day   [  51% ] 038/100 VUs  05m05.9s/10m0s  4.00 iters/s

running (05m06.9s), 036/100 VUs, 831 complete and 0 interrupted iterations
normal_day   [  51% ] 036/100 VUs  05m06.9s/10m0s  4.00 iters/s

running (05m07.9s), 036/100 VUs, 835 complete and 0 interrupted iterations
normal_day   [  51% ] 036/100 VUs  05m07.9s/10m0s  4.00 iters/s

running (05m08.9s), 038/100 VUs, 837 complete and 0 interrupted iterations
normal_day   [  51% ] 038/100 VUs  05m08.9s/10m0s  4.00 iters/s

running (05m09.9s), 037/100 VUs, 842 complete and 0 interrupted iterations
normal_day   [  52% ] 037/100 VUs  05m09.9s/10m0s  4.00 iters/s

running (05m10.9s), 039/100 VUs, 844 complete and 0 interrupted iterations
normal_day   [  52% ] 039/100 VUs  05m10.9s/10m0s  4.00 iters/s

running (05m11.9s), 041/100 VUs, 846 complete and 0 interrupted iterations
normal_day   [  52% ] 041/100 VUs  05m11.9s/10m0s  4.00 iters/s

running (05m12.9s), 044/100 VUs, 847 complete and 0 interrupted iterations
normal_day   [  52% ] 044/100 VUs  05m12.9s/10m0s  4.00 iters/s

running (05m13.9s), 040/100 VUs, 855 complete and 0 interrupted iterations
normal_day   [  52% ] 040/100 VUs  05m13.9s/10m0s  4.00 iters/s

running (05m14.9s), 039/100 VUs, 860 complete and 0 interrupted iterations
normal_day   [  52% ] 039/100 VUs  05m14.9s/10m0s  4.00 iters/s

running (05m15.9s), 038/100 VUs, 865 complete and 0 interrupted iterations
normal_day   [  53% ] 038/100 VUs  05m15.9s/10m0s  4.00 iters/s

running (05m16.9s), 039/100 VUs, 868 complete and 0 interrupted iterations
normal_day   [  53% ] 039/100 VUs  05m16.9s/10m0s  4.00 iters/s

running (05m17.9s), 041/100 VUs, 870 complete and 0 interrupted iterations
normal_day   [  53% ] 041/100 VUs  05m17.9s/10m0s  4.00 iters/s

running (05m18.9s), 042/100 VUs, 873 complete and 0 interrupted iterations
normal_day   [  53% ] 042/100 VUs  05m18.9s/10m0s  4.00 iters/s

running (05m19.9s), 043/100 VUs, 876 complete and 0 interrupted iterations
normal_day   [  53% ] 043/100 VUs  05m19.9s/10m0s  4.00 iters/s

running (05m20.9s), 045/100 VUs, 878 complete and 0 interrupted iterations
normal_day   [  53% ] 045/100 VUs  05m20.9s/10m0s  4.00 iters/s

running (05m21.9s), 045/100 VUs, 882 complete and 0 interrupted iterations
normal_day   [  54% ] 045/100 VUs  05m21.9s/10m0s  4.00 iters/s

running (05m22.9s), 046/100 VUs, 885 complete and 0 interrupted iterations
normal_day   [  54% ] 046/100 VUs  05m22.9s/10m0s  4.00 iters/s

running (05m23.9s), 044/100 VUs, 891 complete and 0 interrupted iterations
normal_day   [  54% ] 044/100 VUs  05m23.9s/10m0s  4.00 iters/s

running (05m24.9s), 044/100 VUs, 895 complete and 0 interrupted iterations
normal_day   [  54% ] 044/100 VUs  05m24.9s/10m0s  4.00 iters/s

running (05m25.9s), 044/100 VUs, 899 complete and 0 interrupted iterations
normal_day   [  54% ] 044/100 VUs  05m25.9s/10m0s  4.00 iters/s

running (05m26.9s), 045/100 VUs, 902 complete and 0 interrupted iterations
normal_day   [  54% ] 045/100 VUs  05m26.9s/10m0s  4.00 iters/s

running (05m27.9s), 047/100 VUs, 904 complete and 0 interrupted iterations
normal_day   [  55% ] 047/100 VUs  05m27.9s/10m0s  4.00 iters/s

running (05m28.9s), 045/100 VUs, 910 complete and 0 interrupted iterations
normal_day   [  55% ] 045/100 VUs  05m28.9s/10m0s  4.00 iters/s

running (05m29.9s), 047/100 VUs, 912 complete and 0 interrupted iterations
normal_day   [  55% ] 047/100 VUs  05m29.9s/10m0s  4.00 iters/s

running (05m30.9s), 045/100 VUs, 918 complete and 0 interrupted iterations
normal_day   [  55% ] 045/100 VUs  05m30.9s/10m0s  4.00 iters/s

running (05m31.9s), 046/100 VUs, 921 complete and 0 interrupted iterations
normal_day   [  55% ] 046/100 VUs  05m31.9s/10m0s  4.00 iters/s

running (05m32.9s), 048/100 VUs, 923 complete and 0 interrupted iterations
normal_day   [  55% ] 048/100 VUs  05m32.9s/10m0s  4.00 iters/s

running (05m33.9s), 046/100 VUs, 929 complete and 0 interrupted iterations
normal_day   [  56% ] 046/100 VUs  05m33.9s/10m0s  4.00 iters/s

running (05m34.9s), 046/100 VUs, 933 complete and 0 interrupted iterations
normal_day   [  56% ] 046/100 VUs  05m34.9s/10m0s  4.00 iters/s

running (05m35.9s), 044/100 VUs, 939 complete and 0 interrupted iterations
normal_day   [  56% ] 044/100 VUs  05m35.9s/10m0s  4.00 iters/s

running (05m36.9s), 040/100 VUs, 947 complete and 0 interrupted iterations
normal_day   [  56% ] 040/100 VUs  05m36.9s/10m0s  4.00 iters/s

running (05m37.9s), 040/100 VUs, 951 complete and 0 interrupted iterations
normal_day   [  56% ] 040/100 VUs  05m37.9s/10m0s  4.00 iters/s

running (05m38.9s), 040/100 VUs, 955 complete and 0 interrupted iterations
normal_day   [  56% ] 040/100 VUs  05m38.9s/10m0s  4.00 iters/s

running (05m39.9s), 040/100 VUs, 959 complete and 0 interrupted iterations
normal_day   [  57% ] 040/100 VUs  05m39.9s/10m0s  4.00 iters/s

running (05m40.9s), 038/100 VUs, 965 complete and 0 interrupted iterations
normal_day   [  57% ] 038/100 VUs  05m40.9s/10m0s  4.00 iters/s

running (05m41.9s), 042/100 VUs, 965 complete and 0 interrupted iterations
normal_day   [  57% ] 042/100 VUs  05m41.9s/10m0s  4.00 iters/s

running (05m42.9s), 042/100 VUs, 969 complete and 0 interrupted iterations
normal_day   [  57% ] 042/100 VUs  05m42.9s/10m0s  4.00 iters/s

running (05m43.9s), 043/100 VUs, 972 complete and 0 interrupted iterations
normal_day   [  57% ] 043/100 VUs  05m43.9s/10m0s  4.00 iters/s

running (05m44.9s), 040/100 VUs, 979 complete and 0 interrupted iterations
normal_day   [  57% ] 040/100 VUs  05m44.9s/10m0s  4.00 iters/s

running (05m45.9s), 042/100 VUs, 981 complete and 0 interrupted iterations
normal_day   [  58% ] 042/100 VUs  05m45.9s/10m0s  4.00 iters/s

running (05m46.9s), 040/100 VUs, 987 complete and 0 interrupted iterations
normal_day   [  58% ] 040/100 VUs  05m46.9s/10m0s  4.00 iters/s

running (05m47.9s), 038/100 VUs, 993 complete and 0 interrupted iterations
normal_day   [  58% ] 038/100 VUs  05m47.9s/10m0s  4.00 iters/s

running (05m48.9s), 040/100 VUs, 995 complete and 0 interrupted iterations
normal_day   [  58% ] 040/100 VUs  05m48.9s/10m0s  4.00 iters/s

running (05m49.9s), 042/100 VUs, 997 complete and 0 interrupted iterations
normal_day   [  58% ] 042/100 VUs  05m49.9s/10m0s  4.00 iters/s

running (05m50.9s), 040/100 VUs, 1003 complete and 0 interrupted iterations
normal_day   [  58% ] 040/100 VUs  05m50.9s/10m0s  4.00 iters/s

running (05m51.9s), 041/100 VUs, 1006 complete and 0 interrupted iterations
normal_day   [  59% ] 041/100 VUs  05m51.9s/10m0s  4.00 iters/s

running (05m52.9s), 039/100 VUs, 1012 complete and 0 interrupted iterations
normal_day   [  59% ] 039/100 VUs  05m52.9s/10m0s  4.00 iters/s

running (05m53.9s), 036/100 VUs, 1019 complete and 0 interrupted iterations
normal_day   [  59% ] 036/100 VUs  05m53.9s/10m0s  4.00 iters/s

running (05m54.9s), 036/100 VUs, 1023 complete and 0 interrupted iterations
normal_day   [  59% ] 036/100 VUs  05m54.9s/10m0s  4.00 iters/s

running (05m55.9s), 039/100 VUs, 1024 complete and 0 interrupted iterations
normal_day   [  59% ] 039/100 VUs  05m55.9s/10m0s  4.00 iters/s

running (05m56.9s), 042/100 VUs, 1025 complete and 0 interrupted iterations
normal_day   [  59% ] 042/100 VUs  05m56.9s/10m0s  4.00 iters/s

running (05m57.9s), 044/100 VUs, 1027 complete and 0 interrupted iterations
normal_day   [  60% ] 044/100 VUs  05m57.9s/10m0s  4.00 iters/s

running (05m58.9s), 045/100 VUs, 1030 complete and 0 interrupted iterations
normal_day   [  60% ] 045/100 VUs  05m58.9s/10m0s  4.00 iters/s

running (05m59.9s), 043/100 VUs, 1036 complete and 0 interrupted iterations
normal_day   [  60% ] 043/100 VUs  05m59.9s/10m0s  4.00 iters/s

running (06m00.9s), 044/100 VUs, 1039 complete and 0 interrupted iterations
normal_day   [  60% ] 044/100 VUs  06m00.9s/10m0s  4.00 iters/s

running (06m01.9s), 043/100 VUs, 1044 complete and 0 interrupted iterations
normal_day   [  60% ] 043/100 VUs  06m01.9s/10m0s  4.00 iters/s

running (06m02.9s), 045/100 VUs, 1046 complete and 0 interrupted iterations
normal_day   [  60% ] 045/100 VUs  06m02.9s/10m0s  4.00 iters/s

running (06m03.9s), 047/100 VUs, 1048 complete and 0 interrupted iterations
normal_day   [  61% ] 047/100 VUs  06m03.9s/10m0s  4.00 iters/s

running (06m04.9s), 048/100 VUs, 1051 complete and 0 interrupted iterations
normal_day   [  61% ] 048/100 VUs  06m04.9s/10m0s  4.00 iters/s

running (06m05.9s), 050/100 VUs, 1053 complete and 0 interrupted iterations
normal_day   [  61% ] 050/100 VUs  06m05.9s/10m0s  4.00 iters/s

running (06m06.9s), 045/100 VUs, 1062 complete and 0 interrupted iterations
normal_day   [  61% ] 045/100 VUs  06m06.9s/10m0s  4.00 iters/s

running (06m07.9s), 044/100 VUs, 1067 complete and 0 interrupted iterations
normal_day   [  61% ] 044/100 VUs  06m07.9s/10m0s  4.00 iters/s

running (06m08.9s), 043/100 VUs, 1072 complete and 0 interrupted iterations
normal_day   [  61% ] 043/100 VUs  06m08.9s/10m0s  4.00 iters/s

running (06m09.9s), 042/100 VUs, 1077 complete and 0 interrupted iterations
normal_day   [  62% ] 042/100 VUs  06m09.9s/10m0s  4.00 iters/s

running (06m10.9s), 044/100 VUs, 1079 complete and 0 interrupted iterations
normal_day   [  62% ] 044/100 VUs  06m10.9s/10m0s  4.00 iters/s

running (06m11.9s), 045/100 VUs, 1082 complete and 0 interrupted iterations
normal_day   [  62% ] 045/100 VUs  06m11.9s/10m0s  4.00 iters/s

running (06m12.9s), 045/100 VUs, 1086 complete and 0 interrupted iterations
normal_day   [  62% ] 045/100 VUs  06m12.9s/10m0s  4.00 iters/s

running (06m13.9s), 044/100 VUs, 1091 complete and 0 interrupted iterations
normal_day   [  62% ] 044/100 VUs  06m13.9s/10m0s  4.00 iters/s

running (06m14.9s), 045/100 VUs, 1094 complete and 0 interrupted iterations
normal_day   [  62% ] 045/100 VUs  06m14.9s/10m0s  4.00 iters/s

running (06m15.9s), 044/100 VUs, 1099 complete and 0 interrupted iterations
normal_day   [  63% ] 044/100 VUs  06m15.9s/10m0s  4.00 iters/s

running (06m16.9s), 045/100 VUs, 1102 complete and 0 interrupted iterations
normal_day   [  63% ] 045/100 VUs  06m16.9s/10m0s  4.00 iters/s

running (06m17.9s), 047/100 VUs, 1104 complete and 0 interrupted iterations
normal_day   [  63% ] 047/100 VUs  06m17.9s/10m0s  4.00 iters/s

running (06m18.9s), 044/100 VUs, 1111 complete and 0 interrupted iterations
normal_day   [  63% ] 044/100 VUs  06m18.9s/10m0s  4.00 iters/s

running (06m19.9s), 041/100 VUs, 1118 complete and 0 interrupted iterations
normal_day   [  63% ] 041/100 VUs  06m19.9s/10m0s  4.00 iters/s

running (06m20.9s), 040/100 VUs, 1123 complete and 0 interrupted iterations
normal_day   [  63% ] 040/100 VUs  06m20.9s/10m0s  4.00 iters/s

running (06m21.9s), 043/100 VUs, 1124 complete and 0 interrupted iterations
normal_day   [  64% ] 043/100 VUs  06m21.9s/10m0s  4.00 iters/s

running (06m22.9s), 045/100 VUs, 1126 complete and 0 interrupted iterations
normal_day   [  64% ] 045/100 VUs  06m22.9s/10m0s  4.00 iters/s

running (06m23.9s), 041/100 VUs, 1134 complete and 0 interrupted iterations
normal_day   [  64% ] 041/100 VUs  06m23.9s/10m0s  4.00 iters/s

running (06m24.9s), 043/100 VUs, 1136 complete and 0 interrupted iterations
normal_day   [  64% ] 043/100 VUs  06m24.9s/10m0s  4.00 iters/s

running (06m25.9s), 043/100 VUs, 1140 complete and 0 interrupted iterations
normal_day   [  64% ] 043/100 VUs  06m25.9s/10m0s  4.00 iters/s

running (06m26.9s), 040/100 VUs, 1147 complete and 0 interrupted iterations
normal_day   [  64% ] 040/100 VUs  06m26.9s/10m0s  4.00 iters/s

running (06m27.9s), 041/100 VUs, 1150 complete and 0 interrupted iterations
normal_day   [  65% ] 041/100 VUs  06m27.9s/10m0s  4.00 iters/s

running (06m28.9s), 042/100 VUs, 1153 complete and 0 interrupted iterations
normal_day   [  65% ] 042/100 VUs  06m28.9s/10m0s  4.00 iters/s

running (06m29.9s), 044/100 VUs, 1155 complete and 0 interrupted iterations
normal_day   [  65% ] 044/100 VUs  06m29.9s/10m0s  4.00 iters/s

running (06m30.9s), 039/100 VUs, 1164 complete and 0 interrupted iterations
normal_day   [  65% ] 039/100 VUs  06m30.9s/10m0s  4.00 iters/s

running (06m31.9s), 039/100 VUs, 1168 complete and 0 interrupted iterations
normal_day   [  65% ] 039/100 VUs  06m31.9s/10m0s  4.00 iters/s

running (06m32.9s), 040/100 VUs, 1171 complete and 0 interrupted iterations
normal_day   [  65% ] 040/100 VUs  06m32.9s/10m0s  4.00 iters/s

running (06m33.9s), 041/100 VUs, 1174 complete and 0 interrupted iterations
normal_day   [  66% ] 041/100 VUs  06m33.9s/10m0s  4.00 iters/s

running (06m34.9s), 039/100 VUs, 1180 complete and 0 interrupted iterations
normal_day   [  66% ] 039/100 VUs  06m34.9s/10m0s  4.00 iters/s

running (06m35.9s), 040/100 VUs, 1183 complete and 0 interrupted iterations
normal_day   [  66% ] 040/100 VUs  06m35.9s/10m0s  4.00 iters/s

running (06m36.9s), 039/100 VUs, 1188 complete and 0 interrupted iterations
normal_day   [  66% ] 039/100 VUs  06m36.9s/10m0s  4.00 iters/s

running (06m37.9s), 039/100 VUs, 1192 complete and 0 interrupted iterations
normal_day   [  66% ] 039/100 VUs  06m37.9s/10m0s  4.00 iters/s

running (06m38.9s), 038/100 VUs, 1197 complete and 0 interrupted iterations
normal_day   [  66% ] 038/100 VUs  06m38.9s/10m0s  4.00 iters/s

running (06m39.9s), 036/100 VUs, 1203 complete and 0 interrupted iterations
normal_day   [  67% ] 036/100 VUs  06m39.9s/10m0s  4.00 iters/s

running (06m40.9s), 037/100 VUs, 1206 complete and 0 interrupted iterations
normal_day   [  67% ] 037/100 VUs  06m40.9s/10m0s  4.00 iters/s

running (06m41.9s), 039/100 VUs, 1208 complete and 0 interrupted iterations
normal_day   [  67% ] 039/100 VUs  06m41.9s/10m0s  4.00 iters/s

running (06m42.9s), 038/100 VUs, 1213 complete and 0 interrupted iterations
normal_day   [  67% ] 038/100 VUs  06m42.9s/10m0s  4.00 iters/s

running (06m43.9s), 037/100 VUs, 1218 complete and 0 interrupted iterations
normal_day   [  67% ] 037/100 VUs  06m43.9s/10m0s  4.00 iters/s

running (06m44.9s), 034/100 VUs, 1225 complete and 0 interrupted iterations
normal_day   [  67% ] 034/100 VUs  06m44.9s/10m0s  4.00 iters/s

running (06m45.9s), 035/100 VUs, 1228 complete and 0 interrupted iterations
normal_day   [  68% ] 035/100 VUs  06m45.9s/10m0s  4.00 iters/s

running (06m46.9s), 036/100 VUs, 1231 complete and 0 interrupted iterations
normal_day   [  68% ] 036/100 VUs  06m46.9s/10m0s  4.00 iters/s

running (06m47.9s), 037/100 VUs, 1234 complete and 0 interrupted iterations
normal_day   [  68% ] 037/100 VUs  06m47.9s/10m0s  4.00 iters/s

running (06m48.9s), 040/100 VUs, 1235 complete and 0 interrupted iterations
normal_day   [  68% ] 040/100 VUs  06m48.9s/10m0s  4.00 iters/s

running (06m49.9s), 043/100 VUs, 1236 complete and 0 interrupted iterations
normal_day   [  68% ] 043/100 VUs  06m49.9s/10m0s  4.00 iters/s

running (06m50.9s), 045/100 VUs, 1238 complete and 0 interrupted iterations
normal_day   [  68% ] 045/100 VUs  06m50.9s/10m0s  4.00 iters/s

running (06m51.9s), 043/100 VUs, 1244 complete and 0 interrupted iterations
normal_day   [  69% ] 043/100 VUs  06m51.9s/10m0s  4.00 iters/s

running (06m52.9s), 041/100 VUs, 1250 complete and 0 interrupted iterations
normal_day   [  69% ] 041/100 VUs  06m52.9s/10m0s  4.00 iters/s

running (06m53.9s), 041/100 VUs, 1254 complete and 0 interrupted iterations
normal_day   [  69% ] 041/100 VUs  06m53.9s/10m0s  4.00 iters/s

running (06m54.9s), 041/100 VUs, 1258 complete and 0 interrupted iterations
normal_day   [  69% ] 041/100 VUs  06m54.9s/10m0s  4.00 iters/s

running (06m55.9s), 042/100 VUs, 1261 complete and 0 interrupted iterations
normal_day   [  69% ] 042/100 VUs  06m55.9s/10m0s  4.00 iters/s

running (06m56.9s), 042/100 VUs, 1265 complete and 0 interrupted iterations
normal_day   [  69% ] 042/100 VUs  06m56.9s/10m0s  4.00 iters/s

running (06m57.9s), 042/100 VUs, 1269 complete and 0 interrupted iterations
normal_day   [  70% ] 042/100 VUs  06m57.9s/10m0s  4.00 iters/s

running (06m58.9s), 043/100 VUs, 1272 complete and 0 interrupted iterations
normal_day   [  70% ] 043/100 VUs  06m58.9s/10m0s  4.00 iters/s

running (06m59.9s), 038/100 VUs, 1281 complete and 0 interrupted iterations
normal_day   [  70% ] 038/100 VUs  06m59.9s/10m0s  4.00 iters/s

running (07m00.9s), 037/100 VUs, 1286 complete and 0 interrupted iterations
normal_day   [  70% ] 037/100 VUs  07m00.9s/10m0s  4.00 iters/s

running (07m01.9s), 040/100 VUs, 1287 complete and 0 interrupted iterations
normal_day   [  70% ] 040/100 VUs  07m01.9s/10m0s  4.00 iters/s

running (07m02.9s), 040/100 VUs, 1291 complete and 0 interrupted iterations
normal_day   [  70% ] 040/100 VUs  07m02.9s/10m0s  4.00 iters/s

running (07m03.9s), 042/100 VUs, 1293 complete and 0 interrupted iterations
normal_day   [  71% ] 042/100 VUs  07m03.9s/10m0s  4.00 iters/s

running (07m04.9s), 041/100 VUs, 1298 complete and 0 interrupted iterations
normal_day   [  71% ] 041/100 VUs  07m04.9s/10m0s  4.00 iters/s

running (07m05.9s), 042/100 VUs, 1301 complete and 0 interrupted iterations
normal_day   [  71% ] 042/100 VUs  07m05.9s/10m0s  4.00 iters/s

running (07m06.9s), 042/100 VUs, 1305 complete and 0 interrupted iterations
normal_day   [  71% ] 042/100 VUs  07m06.9s/10m0s  4.00 iters/s

running (07m07.9s), 037/100 VUs, 1314 complete and 0 interrupted iterations
normal_day   [  71% ] 037/100 VUs  07m07.9s/10m0s  4.00 iters/s

running (07m08.9s), 037/100 VUs, 1318 complete and 0 interrupted iterations
normal_day   [  71% ] 037/100 VUs  07m08.9s/10m0s  4.00 iters/s

running (07m09.9s), 034/100 VUs, 1325 complete and 0 interrupted iterations
normal_day   [  72% ] 034/100 VUs  07m09.9s/10m0s  4.00 iters/s

running (07m10.9s), 036/100 VUs, 1327 complete and 0 interrupted iterations
normal_day   [  72% ] 036/100 VUs  07m10.9s/10m0s  4.00 iters/s

running (07m11.9s), 036/100 VUs, 1331 complete and 0 interrupted iterations
normal_day   [  72% ] 036/100 VUs  07m11.9s/10m0s  4.00 iters/s

running (07m12.9s), 036/100 VUs, 1335 complete and 0 interrupted iterations
normal_day   [  72% ] 036/100 VUs  07m12.9s/10m0s  4.00 iters/s

running (07m13.9s), 035/100 VUs, 1340 complete and 0 interrupted iterations
normal_day   [  72% ] 035/100 VUs  07m13.9s/10m0s  4.00 iters/s

running (07m14.9s), 037/100 VUs, 1342 complete and 0 interrupted iterations
normal_day   [  72% ] 037/100 VUs  07m14.9s/10m0s  4.00 iters/s

running (07m15.9s), 034/100 VUs, 1349 complete and 0 interrupted iterations
normal_day   [  73% ] 034/100 VUs  07m15.9s/10m0s  4.00 iters/s

running (07m16.9s), 033/100 VUs, 1354 complete and 0 interrupted iterations
normal_day   [  73% ] 033/100 VUs  07m16.9s/10m0s  4.00 iters/s

running (07m17.9s), 036/100 VUs, 1355 complete and 0 interrupted iterations
normal_day   [  73% ] 036/100 VUs  07m17.9s/10m0s  4.00 iters/s

running (07m18.9s), 036/100 VUs, 1359 complete and 0 interrupted iterations
normal_day   [  73% ] 036/100 VUs  07m18.9s/10m0s  4.00 iters/s

running (07m19.9s), 037/100 VUs, 1362 complete and 0 interrupted iterations
normal_day   [  73% ] 037/100 VUs  07m19.9s/10m0s  4.00 iters/s

running (07m20.9s), 035/100 VUs, 1368 complete and 0 interrupted iterations
normal_day   [  73% ] 035/100 VUs  07m20.9s/10m0s  4.00 iters/s

running (07m21.9s), 039/100 VUs, 1368 complete and 0 interrupted iterations
normal_day   [  74% ] 039/100 VUs  07m21.9s/10m0s  4.00 iters/s

running (07m22.9s), 039/100 VUs, 1372 complete and 0 interrupted iterations
normal_day   [  74% ] 039/100 VUs  07m22.9s/10m0s  4.00 iters/s

running (07m23.9s), 041/100 VUs, 1374 complete and 0 interrupted iterations
normal_day   [  74% ] 041/100 VUs  07m23.9s/10m0s  4.00 iters/s

running (07m24.9s), 039/100 VUs, 1380 complete and 0 interrupted iterations
normal_day   [  74% ] 039/100 VUs  07m24.9s/10m0s  4.00 iters/s

running (07m25.9s), 036/100 VUs, 1387 complete and 0 interrupted iterations
normal_day   [  74% ] 036/100 VUs  07m25.9s/10m0s  4.00 iters/s

running (07m26.9s), 038/100 VUs, 1389 complete and 0 interrupted iterations
normal_day   [  74% ] 038/100 VUs  07m26.9s/10m0s  4.00 iters/s

running (07m27.9s), 040/100 VUs, 1391 complete and 0 interrupted iterations
normal_day   [  75% ] 040/100 VUs  07m27.9s/10m0s  4.00 iters/s

running (07m28.9s), 039/100 VUs, 1396 complete and 0 interrupted iterations
normal_day   [  75% ] 039/100 VUs  07m28.9s/10m0s  4.00 iters/s

running (07m29.9s), 037/100 VUs, 1402 complete and 0 interrupted iterations
normal_day   [  75% ] 037/100 VUs  07m29.9s/10m0s  4.00 iters/s

running (07m30.9s), 038/100 VUs, 1405 complete and 0 interrupted iterations
normal_day   [  75% ] 038/100 VUs  07m30.9s/10m0s  4.00 iters/s

running (07m31.9s), 036/100 VUs, 1411 complete and 0 interrupted iterations
normal_day   [  75% ] 036/100 VUs  07m31.9s/10m0s  4.00 iters/s

running (07m32.9s), 036/100 VUs, 1415 complete and 0 interrupted iterations
normal_day   [  75% ] 036/100 VUs  07m32.9s/10m0s  4.00 iters/s

running (07m33.9s), 031/100 VUs, 1424 complete and 0 interrupted iterations
normal_day   [  76% ] 031/100 VUs  07m33.9s/10m0s  4.00 iters/s

running (07m34.9s), 032/100 VUs, 1427 complete and 0 interrupted iterations
normal_day   [  76% ] 032/100 VUs  07m34.9s/10m0s  4.00 iters/s

running (07m35.9s), 031/100 VUs, 1432 complete and 0 interrupted iterations
normal_day   [  76% ] 031/100 VUs  07m35.9s/10m0s  4.00 iters/s

running (07m36.9s), 033/100 VUs, 1434 complete and 0 interrupted iterations
normal_day   [  76% ] 033/100 VUs  07m36.9s/10m0s  4.00 iters/s

running (07m37.9s), 033/100 VUs, 1438 complete and 0 interrupted iterations
normal_day   [  76% ] 033/100 VUs  07m37.9s/10m0s  4.00 iters/s

running (07m38.9s), 035/100 VUs, 1440 complete and 0 interrupted iterations
normal_day   [  76% ] 035/100 VUs  07m38.9s/10m0s  4.00 iters/s

running (07m39.9s), 034/100 VUs, 1445 complete and 0 interrupted iterations
normal_day   [  77% ] 034/100 VUs  07m39.9s/10m0s  4.00 iters/s

running (07m40.9s), 036/100 VUs, 1447 complete and 0 interrupted iterations
normal_day   [  77% ] 036/100 VUs  07m40.9s/10m0s  4.00 iters/s

running (07m41.9s), 034/100 VUs, 1453 complete and 0 interrupted iterations
normal_day   [  77% ] 034/100 VUs  07m41.9s/10m0s  4.00 iters/s

running (07m42.9s), 035/100 VUs, 1456 complete and 0 interrupted iterations
normal_day   [  77% ] 035/100 VUs  07m42.9s/10m0s  4.00 iters/s

running (07m43.9s), 037/100 VUs, 1458 complete and 0 interrupted iterations
normal_day   [  77% ] 037/100 VUs  07m43.9s/10m0s  4.00 iters/s

running (07m44.9s), 033/100 VUs, 1466 complete and 0 interrupted iterations
normal_day   [  77% ] 033/100 VUs  07m44.9s/10m0s  4.00 iters/s

running (07m45.9s), 034/100 VUs, 1469 complete and 0 interrupted iterations
normal_day   [  78% ] 034/100 VUs  07m45.9s/10m0s  4.00 iters/s

running (07m46.9s), 038/100 VUs, 1469 complete and 0 interrupted iterations
normal_day   [  78% ] 038/100 VUs  07m46.9s/10m0s  4.00 iters/s

running (07m47.9s), 038/100 VUs, 1473 complete and 0 interrupted iterations
normal_day   [  78% ] 038/100 VUs  07m47.9s/10m0s  4.00 iters/s

running (07m48.9s), 040/100 VUs, 1475 complete and 0 interrupted iterations
normal_day   [  78% ] 040/100 VUs  07m48.9s/10m0s  4.00 iters/s

running (07m49.9s), 038/100 VUs, 1481 complete and 0 interrupted iterations
normal_day   [  78% ] 038/100 VUs  07m49.9s/10m0s  4.00 iters/s

running (07m50.9s), 039/100 VUs, 1484 complete and 0 interrupted iterations
normal_day   [  78% ] 039/100 VUs  07m50.9s/10m0s  4.00 iters/s

running (07m51.9s), 039/100 VUs, 1488 complete and 0 interrupted iterations
normal_day   [  79% ] 039/100 VUs  07m51.9s/10m0s  4.00 iters/s

running (07m52.9s), 035/100 VUs, 1496 complete and 0 interrupted iterations
normal_day   [  79% ] 035/100 VUs  07m52.9s/10m0s  4.00 iters/s

running (07m53.9s), 035/100 VUs, 1500 complete and 0 interrupted iterations
normal_day   [  79% ] 035/100 VUs  07m53.9s/10m0s  4.00 iters/s

running (07m54.9s), 034/100 VUs, 1505 complete and 0 interrupted iterations
normal_day   [  79% ] 034/100 VUs  07m54.9s/10m0s  4.00 iters/s

running (07m55.9s), 033/100 VUs, 1510 complete and 0 interrupted iterations
normal_day   [  79% ] 033/100 VUs  07m55.9s/10m0s  4.00 iters/s

running (07m56.9s), 035/100 VUs, 1512 complete and 0 interrupted iterations
normal_day   [  79% ] 035/100 VUs  07m56.9s/10m0s  4.00 iters/s

running (07m57.9s), 034/100 VUs, 1517 complete and 0 interrupted iterations
normal_day   [  80% ] 034/100 VUs  07m57.9s/10m0s  4.00 iters/s

running (07m58.9s), 035/100 VUs, 1520 complete and 0 interrupted iterations
normal_day   [  80% ] 035/100 VUs  07m58.9s/10m0s  4.00 iters/s

running (07m59.9s), 037/100 VUs, 1522 complete and 0 interrupted iterations
normal_day   [  80% ] 037/100 VUs  07m59.9s/10m0s  4.00 iters/s

running (08m00.9s), 037/100 VUs, 1526 complete and 0 interrupted iterations
normal_day   [  80% ] 037/100 VUs  08m00.9s/10m0s  3.97 iters/s

running (08m01.9s), 039/100 VUs, 1528 complete and 0 interrupted iterations
normal_day   [  80% ] 039/100 VUs  08m01.9s/10m0s  3.94 iters/s

running (08m02.9s), 036/100 VUs, 1535 complete and 0 interrupted iterations
normal_day   [  80% ] 036/100 VUs  08m02.9s/10m0s  3.90 iters/s

running (08m03.9s), 035/100 VUs, 1540 complete and 0 interrupted iterations
normal_day   [  81% ] 035/100 VUs  08m03.9s/10m0s  3.87 iters/s

running (08m04.9s), 036/100 VUs, 1543 complete and 0 interrupted iterations
normal_day   [  81% ] 036/100 VUs  08m04.9s/10m0s  3.83 iters/s

running (08m05.9s), 038/100 VUs, 1545 complete and 0 interrupted iterations
normal_day   [  81% ] 038/100 VUs  08m05.9s/10m0s  3.80 iters/s

running (08m06.9s), 037/100 VUs, 1549 complete and 0 interrupted iterations
normal_day   [  81% ] 037/100 VUs  08m06.9s/10m0s  3.77 iters/s

running (08m07.9s), 037/100 VUs, 1553 complete and 0 interrupted iterations
normal_day   [  81% ] 037/100 VUs  08m07.9s/10m0s  3.74 iters/s

running (08m08.9s), 036/100 VUs, 1558 complete and 0 interrupted iterations
normal_day   [  81% ] 036/100 VUs  08m08.9s/10m0s  3.70 iters/s

running (08m09.9s), 035/100 VUs, 1562 complete and 0 interrupted iterations
normal_day   [  82% ] 035/100 VUs  08m09.9s/10m0s  3.67 iters/s

running (08m10.9s), 038/100 VUs, 1563 complete and 0 interrupted iterations
normal_day   [  82% ] 038/100 VUs  08m10.9s/10m0s  3.64 iters/s

running (08m11.9s), 037/100 VUs, 1568 complete and 0 interrupted iterations
normal_day   [  82% ] 037/100 VUs  08m11.9s/10m0s  3.60 iters/s

running (08m12.9s), 039/100 VUs, 1569 complete and 0 interrupted iterations
normal_day   [  82% ] 039/100 VUs  08m12.9s/10m0s  3.57 iters/s

running (08m13.9s), 041/100 VUs, 1571 complete and 0 interrupted iterations
normal_day   [  82% ] 041/100 VUs  08m13.9s/10m0s  3.54 iters/s

running (08m14.9s), 041/100 VUs, 1574 complete and 0 interrupted iterations
normal_day   [  82% ] 041/100 VUs  08m14.9s/10m0s  3.51 iters/s

running (08m15.9s), 042/100 VUs, 1577 complete and 0 interrupted iterations
normal_day   [  83% ] 042/100 VUs  08m15.9s/10m0s  3.47 iters/s

running (08m16.9s), 039/100 VUs, 1583 complete and 0 interrupted iterations
normal_day   [  83% ] 039/100 VUs  08m16.9s/10m0s  3.44 iters/s

running (08m17.9s), 038/100 VUs, 1588 complete and 0 interrupted iterations
normal_day   [  83% ] 038/100 VUs  08m17.9s/10m0s  3.40 iters/s

running (08m18.9s), 037/100 VUs, 1592 complete and 0 interrupted iterations
normal_day   [  83% ] 037/100 VUs  08m18.9s/10m0s  3.37 iters/s

running (08m19.9s), 037/100 VUs, 1596 complete and 0 interrupted iterations
normal_day   [  83% ] 037/100 VUs  08m19.9s/10m0s  3.33 iters/s

running (08m20.9s), 037/100 VUs, 1599 complete and 0 interrupted iterations
normal_day   [  83% ] 037/100 VUs  08m20.9s/10m0s  3.30 iters/s

running (08m21.9s), 036/100 VUs, 1603 complete and 0 interrupted iterations
normal_day   [  84% ] 036/100 VUs  08m21.9s/10m0s  3.27 iters/s

running (08m22.9s), 037/100 VUs, 1605 complete and 0 interrupted iterations
normal_day   [  84% ] 037/100 VUs  08m22.9s/10m0s  3.24 iters/s

running (08m23.9s), 035/100 VUs, 1611 complete and 0 interrupted iterations
normal_day   [  84% ] 035/100 VUs  08m23.9s/10m0s  3.20 iters/s

running (08m24.9s), 035/100 VUs, 1614 complete and 0 interrupted iterations
normal_day   [  84% ] 035/100 VUs  08m24.9s/10m0s  3.17 iters/s

running (08m25.9s), 038/100 VUs, 1614 complete and 0 interrupted iterations
normal_day   [  84% ] 038/100 VUs  08m25.9s/10m0s  3.14 iters/s

running (08m26.9s), 036/100 VUs, 1619 complete and 0 interrupted iterations
normal_day   [  84% ] 036/100 VUs  08m26.9s/10m0s  3.10 iters/s

running (08m27.9s), 035/100 VUs, 1623 complete and 0 interrupted iterations
normal_day   [  85% ] 035/100 VUs  08m27.9s/10m0s  3.07 iters/s

running (08m28.9s), 035/100 VUs, 1626 complete and 0 interrupted iterations
normal_day   [  85% ] 035/100 VUs  08m28.9s/10m0s  3.04 iters/s

running (08m29.9s), 031/100 VUs, 1633 complete and 0 interrupted iterations
normal_day   [  85% ] 031/100 VUs  08m29.9s/10m0s  3.01 iters/s

running (08m30.9s), 030/100 VUs, 1637 complete and 0 interrupted iterations
normal_day   [  85% ] 030/100 VUs  08m30.9s/10m0s  2.97 iters/s

running (08m31.9s), 030/100 VUs, 1640 complete and 0 interrupted iterations
normal_day   [  85% ] 030/100 VUs  08m31.9s/10m0s  2.94 iters/s

running (08m32.9s), 029/100 VUs, 1644 complete and 0 interrupted iterations
normal_day   [  85% ] 029/100 VUs  08m32.9s/10m0s  2.90 iters/s

running (08m33.9s), 030/100 VUs, 1646 complete and 0 interrupted iterations
normal_day   [  86% ] 030/100 VUs  08m33.9s/10m0s  2.87 iters/s

running (08m34.9s), 028/100 VUs, 1651 complete and 0 interrupted iterations
normal_day   [  86% ] 028/100 VUs  08m34.9s/10m0s  2.83 iters/s

running (08m35.9s), 028/100 VUs, 1654 complete and 0 interrupted iterations
normal_day   [  86% ] 028/100 VUs  08m35.9s/10m0s  2.80 iters/s

running (08m36.9s), 028/100 VUs, 1656 complete and 0 interrupted iterations
normal_day   [  86% ] 028/100 VUs  08m36.9s/10m0s  2.77 iters/s

running (08m37.9s), 029/100 VUs, 1658 complete and 0 interrupted iterations
normal_day   [  86% ] 029/100 VUs  08m37.9s/10m0s  2.74 iters/s

running (08m38.9s), 027/100 VUs, 1663 complete and 0 interrupted iterations
normal_day   [  86% ] 027/100 VUs  08m38.9s/10m0s  2.70 iters/s

running (08m39.9s), 027/100 VUs, 1666 complete and 0 interrupted iterations
normal_day   [  87% ] 027/100 VUs  08m39.9s/10m0s  2.66 iters/s

running (08m40.9s), 026/100 VUs, 1669 complete and 0 interrupted iterations
normal_day   [  87% ] 026/100 VUs  08m40.9s/10m0s  2.64 iters/s

running (08m41.9s), 028/100 VUs, 1670 complete and 0 interrupted iterations
normal_day   [  87% ] 028/100 VUs  08m41.9s/10m0s  2.60 iters/s

running (08m42.9s), 028/100 VUs, 1672 complete and 0 interrupted iterations
normal_day   [  87% ] 028/100 VUs  08m42.9s/10m0s  2.58 iters/s

running (08m43.9s), 027/100 VUs, 1676 complete and 0 interrupted iterations
normal_day   [  87% ] 027/100 VUs  08m43.9s/10m0s  2.54 iters/s

running (08m44.9s), 026/100 VUs, 1680 complete and 0 interrupted iterations
normal_day   [  87% ] 026/100 VUs  08m44.9s/10m0s  2.50 iters/s

running (08m45.9s), 027/100 VUs, 1681 complete and 0 interrupted iterations
normal_day   [  88% ] 027/100 VUs  08m45.9s/10m0s  2.47 iters/s

running (08m46.9s), 027/100 VUs, 1683 complete and 0 interrupted iterations
normal_day   [  88% ] 027/100 VUs  08m46.9s/10m0s  2.44 iters/s

running (08m47.9s), 028/100 VUs, 1685 complete and 0 interrupted iterations
normal_day   [  88% ] 028/100 VUs  08m47.9s/10m0s  2.40 iters/s

running (08m48.9s), 028/100 VUs, 1687 complete and 0 interrupted iterations
normal_day   [  88% ] 028/100 VUs  08m48.9s/10m0s  2.37 iters/s

running (08m49.9s), 026/100 VUs, 1692 complete and 0 interrupted iterations
normal_day   [  88% ] 026/100 VUs  08m49.9s/10m0s  2.33 iters/s

running (08m50.9s), 022/100 VUs, 1698 complete and 0 interrupted iterations
normal_day   [  88% ] 022/100 VUs  08m50.9s/10m0s  2.30 iters/s

running (08m51.9s), 022/100 VUs, 1700 complete and 0 interrupted iterations
normal_day   [  89% ] 022/100 VUs  08m51.9s/10m0s  2.27 iters/s

running (08m52.9s), 023/100 VUs, 1701 complete and 0 interrupted iterations
normal_day   [  89% ] 023/100 VUs  08m52.9s/10m0s  2.24 iters/s

running (08m53.9s), 024/100 VUs, 1703 complete and 0 interrupted iterations
normal_day   [  89% ] 024/100 VUs  08m53.9s/10m0s  2.20 iters/s

running (08m54.9s), 025/100 VUs, 1704 complete and 0 interrupted iterations
normal_day   [  89% ] 025/100 VUs  08m54.9s/10m0s  2.17 iters/s

running (08m55.9s), 025/100 VUs, 1706 complete and 0 interrupted iterations
normal_day   [  89% ] 025/100 VUs  08m55.9s/10m0s  2.14 iters/s

running (08m56.9s), 025/100 VUs, 1708 complete and 0 interrupted iterations
normal_day   [  89% ] 025/100 VUs  08m56.9s/10m0s  2.11 iters/s

running (08m57.9s), 026/100 VUs, 1709 complete and 0 interrupted iterations
normal_day   [  90% ] 026/100 VUs  08m57.9s/10m0s  2.07 iters/s

running (08m58.9s), 027/100 VUs, 1710 complete and 0 interrupted iterations
normal_day   [  90% ] 027/100 VUs  08m58.9s/10m0s  2.04 iters/s

running (08m59.9s), 025/100 VUs, 1714 complete and 0 interrupted iterations
normal_day   [  90% ] 025/100 VUs  08m59.9s/10m0s  2.01 iters/s

running (09m00.9s), 026/100 VUs, 1715 complete and 0 interrupted iterations
normal_day   [  90% ] 026/100 VUs  09m00.9s/10m0s  1.97 iters/s

running (09m01.9s), 027/100 VUs, 1716 complete and 0 interrupted iterations
normal_day   [  90% ] 027/100 VUs  09m01.9s/10m0s  1.94 iters/s

running (09m02.9s), 027/100 VUs, 1718 complete and 0 interrupted iterations
normal_day   [  90% ] 027/100 VUs  09m02.9s/10m0s  1.91 iters/s

running (09m03.9s), 025/100 VUs, 1722 complete and 0 interrupted iterations
normal_day   [  91% ] 025/100 VUs  09m03.9s/10m0s  1.87 iters/s

running (09m04.9s), 027/100 VUs, 1722 complete and 0 interrupted iterations
normal_day   [  91% ] 027/100 VUs  09m04.9s/10m0s  1.83 iters/s

running (09m05.9s), 025/100 VUs, 1726 complete and 0 interrupted iterations
normal_day   [  91% ] 025/100 VUs  09m05.9s/10m0s  1.80 iters/s

running (09m06.9s), 024/100 VUs, 1729 complete and 0 interrupted iterations
normal_day   [  91% ] 024/100 VUs  09m06.9s/10m0s  1.76 iters/s

running (09m07.9s), 024/100 VUs, 1730 complete and 0 interrupted iterations
normal_day   [  91% ] 024/100 VUs  09m07.9s/10m0s  1.74 iters/s

running (09m08.9s), 021/100 VUs, 1735 complete and 0 interrupted iterations
normal_day   [  91% ] 021/100 VUs  09m08.9s/10m0s  1.70 iters/s

running (09m09.9s), 021/100 VUs, 1737 complete and 0 interrupted iterations
normal_day   [  92% ] 021/100 VUs  09m09.9s/10m0s  1.66 iters/s

running (09m10.9s), 021/100 VUs, 1738 complete and 0 interrupted iterations
normal_day   [  92% ] 021/100 VUs  09m10.9s/10m0s  1.64 iters/s

running (09m11.9s), 020/100 VUs, 1741 complete and 0 interrupted iterations
normal_day   [  92% ] 020/100 VUs  09m11.9s/10m0s  1.60 iters/s

running (09m12.9s), 021/100 VUs, 1742 complete and 0 interrupted iterations
normal_day   [  92% ] 021/100 VUs  09m12.9s/10m0s  1.56 iters/s

running (09m13.9s), 022/100 VUs, 1742 complete and 0 interrupted iterations
normal_day   [  92% ] 022/100 VUs  09m13.9s/10m0s  1.54 iters/s

running (09m14.9s), 022/100 VUs, 1744 complete and 0 interrupted iterations
normal_day   [  92% ] 022/100 VUs  09m14.9s/10m0s  1.49 iters/s

running (09m15.9s), 019/100 VUs, 1748 complete and 0 interrupted iterations
normal_day   [  93% ] 019/100 VUs  09m15.9s/10m0s  1.47 iters/s

running (09m16.9s), 020/100 VUs, 1749 complete and 0 interrupted iterations
normal_day   [  93% ] 020/100 VUs  09m16.9s/10m0s  1.43 iters/s

running (09m17.9s), 018/100 VUs, 1752 complete and 0 interrupted iterations
normal_day   [  93% ] 018/100 VUs  09m17.9s/10m0s  1.40 iters/s

running (09m18.9s), 017/100 VUs, 1754 complete and 0 interrupted iterations
normal_day   [  93% ] 017/100 VUs  09m18.9s/10m0s  1.38 iters/s

running (09m19.9s), 018/100 VUs, 1755 complete and 0 interrupted iterations
normal_day   [  93% ] 018/100 VUs  09m19.9s/10m0s  1.33 iters/s

running (09m20.9s), 017/100 VUs, 1757 complete and 0 interrupted iterations
normal_day   [  93% ] 017/100 VUs  09m20.9s/10m0s  1.30 iters/s

running (09m21.9s), 015/100 VUs, 1760 complete and 0 interrupted iterations
normal_day   [  94% ] 015/100 VUs  09m21.9s/10m0s  1.28 iters/s

running (09m22.9s), 015/100 VUs, 1762 complete and 0 interrupted iterations
normal_day   [  94% ] 015/100 VUs  09m22.9s/10m0s  1.22 iters/s

running (09m23.9s), 015/100 VUs, 1763 complete and 0 interrupted iterations
normal_day   [  94% ] 015/100 VUs  09m23.9s/10m0s  1.20 iters/s

running (09m24.9s), 015/100 VUs, 1764 complete and 0 interrupted iterations
normal_day   [  94% ] 015/100 VUs  09m24.9s/10m0s  1.17 iters/s

running (09m25.9s), 013/100 VUs, 1767 complete and 0 interrupted iterations
normal_day   [  94% ] 013/100 VUs  09m25.9s/10m0s  1.14 iters/s

running (09m26.9s), 013/100 VUs, 1768 complete and 0 interrupted iterations
normal_day   [  94% ] 013/100 VUs  09m26.9s/10m0s  1.11 iters/s

running (09m27.9s), 014/100 VUs, 1768 complete and 0 interrupted iterations
normal_day   [  95% ] 014/100 VUs  09m27.9s/10m0s  1.08 iters/s

running (09m28.9s), 014/100 VUs, 1769 complete and 0 interrupted iterations
normal_day   [  95% ] 014/100 VUs  09m28.9s/10m0s  1.05 iters/s

running (09m29.9s), 013/100 VUs, 1771 complete and 0 interrupted iterations
normal_day   [  95% ] 013/100 VUs  09m29.9s/10m0s  1.02 iters/s

running (09m30.9s), 011/100 VUs, 1774 complete and 0 interrupted iterations
normal_day   [  95% ] 011/100 VUs  09m30.9s/10m0s  0.98 iters/s

running (09m31.9s), 012/100 VUs, 1774 complete and 0 interrupted iterations
normal_day   [  95% ] 012/100 VUs  09m31.9s/10m0s  0.95 iters/s

running (09m32.9s), 011/100 VUs, 1776 complete and 0 interrupted iterations
normal_day   [  95% ] 011/100 VUs  09m32.9s/10m0s  0.91 iters/s

running (09m33.9s), 012/100 VUs, 1776 complete and 0 interrupted iterations
normal_day   [  96% ] 012/100 VUs  09m33.9s/10m0s  0.88 iters/s

running (09m34.9s), 013/100 VUs, 1776 complete and 0 interrupted iterations
normal_day   [  96% ] 013/100 VUs  09m34.9s/10m0s  0.84 iters/s

running (09m35.9s), 014/100 VUs, 1776 complete and 0 interrupted iterations
normal_day   [  96% ] 014/100 VUs  09m35.9s/10m0s  0.80 iters/s

running (09m36.9s), 012/100 VUs, 1779 complete and 0 interrupted iterations
normal_day   [  96% ] 012/100 VUs  09m36.9s/10m0s  0.75 iters/s

running (09m37.9s), 011/100 VUs, 1780 complete and 0 interrupted iterations
normal_day   [  96% ] 011/100 VUs  09m37.9s/10m0s  0.75 iters/s

running (09m38.9s), 010/100 VUs, 1782 complete and 0 interrupted iterations
normal_day   [  96% ] 010/100 VUs  09m38.9s/10m0s  0.71 iters/s

running (09m39.9s), 010/100 VUs, 1783 complete and 0 interrupted iterations
normal_day   [  97% ] 010/100 VUs  09m39.9s/10m0s  0.66 iters/s

running (09m40.9s), 009/100 VUs, 1784 complete and 0 interrupted iterations
normal_day   [  97% ] 009/100 VUs  09m40.9s/10m0s  0.66 iters/s

running (09m41.9s), 009/100 VUs, 1785 complete and 0 interrupted iterations
normal_day   [  97% ] 009/100 VUs  09m41.9s/10m0s  0.60 iters/s

running (09m42.9s), 009/100 VUs, 1786 complete and 0 interrupted iterations
normal_day   [  97% ] 009/100 VUs  09m42.9s/10m0s  0.55 iters/s

running (09m43.9s), 008/100 VUs, 1787 complete and 0 interrupted iterations
normal_day   [  97% ] 008/100 VUs  09m43.9s/10m0s  0.55 iters/s

running (09m44.9s), 007/100 VUs, 1789 complete and 0 interrupted iterations
normal_day   [  97% ] 007/100 VUs  09m44.9s/10m0s  0.48 iters/s

running (09m45.9s), 006/100 VUs, 1790 complete and 0 interrupted iterations
normal_day   [  98% ] 006/100 VUs  09m45.9s/10m0s  0.48 iters/s

running (09m46.9s), 006/100 VUs, 1791 complete and 0 interrupted iterations
normal_day   [  98% ] 006/100 VUs  09m46.9s/10m0s  0.41 iters/s

running (09m47.9s), 005/100 VUs, 1792 complete and 0 interrupted iterations
normal_day   [  98% ] 005/100 VUs  09m47.9s/10m0s  0.41 iters/s

running (09m48.9s), 005/100 VUs, 1792 complete and 0 interrupted iterations
normal_day   [  98% ] 005/100 VUs  09m48.9s/10m0s  0.41 iters/s

running (09m49.9s), 005/100 VUs, 1793 complete and 0 interrupted iterations
normal_day   [  98% ] 005/100 VUs  09m49.9s/10m0s  0.31 iters/s

running (09m50.9s), 005/100 VUs, 1793 complete and 0 interrupted iterations
normal_day   [  98% ] 005/100 VUs  09m50.9s/10m0s  0.31 iters/s

running (09m51.9s), 005/100 VUs, 1793 complete and 0 interrupted iterations
normal_day   [  99% ] 005/100 VUs  09m51.9s/10m0s  0.31 iters/s

running (09m52.9s), 005/100 VUs, 1794 complete and 0 interrupted iterations
normal_day   [  99% ] 005/100 VUs  09m52.9s/10m0s  0.13 iters/s

running (09m53.9s), 003/100 VUs, 1796 complete and 0 interrupted iterations
normal_day   [  99% ] 003/100 VUs  09m53.9s/10m0s  0.13 iters/s

running (09m54.9s), 003/100 VUs, 1796 complete and 0 interrupted iterations
normal_day   [  99% ] 003/100 VUs  09m54.9s/10m0s  0.13 iters/s

running (09m55.9s), 002/100 VUs, 1797 complete and 0 interrupted iterations
normal_day   [  99% ] 002/100 VUs  09m55.9s/10m0s  0.13 iters/s

running (09m56.9s), 002/100 VUs, 1797 complete and 0 interrupted iterations
normal_day   [  99% ] 002/100 VUs  09m56.9s/10m0s  0.13 iters/s

running (09m57.9s), 001/100 VUs, 1798 complete and 0 interrupted iterations
normal_day   [ 100% ] 001/100 VUs  09m57.9s/10m0s  0.13 iters/s

running (09m58.9s), 001/100 VUs, 1798 complete and 0 interrupted iterations
normal_day   [ 100% ] 001/100 VUs  09m58.9s/10m0s  0.13 iters/s

running (09m59.9s), 001/100 VUs, 1798 complete and 0 interrupted iterations
normal_day   [ 100% ] 001/100 VUs  09m59.9s/10m0s  0.13 iters/s
[32m     ✓ login 200[0m
[32m     ✓ chat rooms 200[0m
[32m     ✓ chat messages 200[0m
[32m     ✓ post detail 200[0m
[32m     ✓ scrap 2xx[0m
[32m     ✓ post search 200[0m
[32m     ✓ chat read 200[0m
[32m     ✓ friend list 200[0m
[32m     ✓ board list 200[0m
[32m     ✓ unread count 200[0m
[32m     ✓ hot daily 200[0m
[32m     ✓ notif list 200[0m
[32m     ✓ read all 200[0m
[32m     ✓ post list 200[0m
[32m     ✓ comment list 200[0m
[32m     ✓ comment create 2xx[0m
[32m     ✓ user info 200[0m
[32m     ✓ my posts 200[0m
[32m     ✓ post reaction 2xx[0m
[32m     ✓ post create 2xx[0m
[32m     ✓ meal today 200[0m
[32m     ✓ timetable today 200[0m
[32m     ✓ meal month 200[0m
[32m     ✓ received reqs 200[0m
[32m     ✓ comment reaction 200[0m
[32m     ✓ post update 200[0m
[32m     ✓ post delete 200[0m
[32m     ✓ read one 200[0m
[32m     ✓ logout 200[0m
[32m     ✓ ws handshake 101[0m
[32m     ✓ refresh 200[0m

     auth_token_refreshes[2m...........:[0m [36m16[0m      [36;2m0.026652/s[0m
     chat_ws_messages_sent[2m..........:[0m [36m432[0m     [36;2m0.719591/s[0m
     chat_ws_rtt[2m....................:[0m avg=[36m24.79ms[0m  min=[36m15ms[0m    med=[36m23ms[0m     max=[36m123ms[0m    p(90)=[36m34ms[0m     p(95)=[36m39ms[0m     p(99)=[36m55.19ms[0m 
     checks[2m.........................:[0m [36m100.00%[0m [36;2m✓ 7839[0m      [36;2m✗ 0[0m    
     [32m✓[0m { phase:measure }[2m............:[0m [36m100.00%[0m [36;2m✓ 5102[0m      [36;2m✗ 0[0m    
     [32m✓[0m { phase:rampdown }[2m...........:[0m [36m100.00%[0m [36;2m✓ 1204[0m      [36;2m✗ 0[0m    
     [32m✓[0m { phase:warmup }[2m.............:[0m [36m100.00%[0m [36;2m✓ 1533[0m      [36;2m✗ 0[0m    
     data_received[2m..................:[0m [36m348 MB[0m  [36;2m580 kB/s[0m
     data_sent[2m......................:[0m [36m3.2 MB[0m  [36;2m5.3 kB/s[0m
     http_req_blocked[2m...............:[0m avg=[36m17.98µs[0m  min=[36m1.56µs[0m  med=[36m5.87µs[0m   max=[36m22.66ms[0m  p(90)=[36m12.16µs[0m  p(95)=[36m15.97µs[0m  p(99)=[36m273.31µs[0m
     http_req_connecting[2m............:[0m avg=[36m8.9µs[0m    min=[36m0s[0m      med=[36m0s[0m       max=[36m22.57ms[0m  p(90)=[36m0s[0m       p(95)=[36m0s[0m       p(99)=[36m188.8µs[0m 
     http_req_duration[2m..............:[0m avg=[36m80.91ms[0m  min=[36m1.28ms[0m  med=[36m6.72ms[0m   max=[36m9.85s[0m    p(90)=[36m75.81ms[0m  p(95)=[36m325.59ms[0m p(99)=[36m1.83s[0m   
       { expected_response:true }[2m...:[0m avg=[36m80.91ms[0m  min=[36m1.28ms[0m  med=[36m6.72ms[0m   max=[36m9.85s[0m    p(90)=[36m75.81ms[0m  p(95)=[36m325.59ms[0m p(99)=[36m1.83s[0m   
     [32m✓[0m { feature:auth }[2m.............:[0m avg=[36m117.45ms[0m min=[36m13.68ms[0m med=[36m81.65ms[0m  max=[36m988.88ms[0m p(90)=[36m152.79ms[0m p(95)=[36m479.42ms[0m p(99)=[36m865.82ms[0m
     [32m✓[0m { feature:board }[2m............:[0m avg=[36m5.51ms[0m   min=[36m1.83ms[0m  med=[36m3.38ms[0m   max=[36m190.94ms[0m p(90)=[36m8.11ms[0m   p(95)=[36m10.22ms[0m  p(99)=[36m39.77ms[0m 
     [32m✓[0m { feature:chat }[2m.............:[0m avg=[36m7.91ms[0m   min=[36m2.06ms[0m  med=[36m5.34ms[0m   max=[36m158.08ms[0m p(90)=[36m12.24ms[0m  p(95)=[36m16.59ms[0m  p(99)=[36m39.34ms[0m 
     [32m✓[0m { feature:comment }[2m..........:[0m avg=[36m390.74ms[0m min=[36m2.06ms[0m  med=[36m50.77ms[0m  max=[36m9.85s[0m    p(90)=[36m1.49s[0m    p(95)=[36m1.86s[0m    p(99)=[36m3.42s[0m   
     [32m✓[0m { feature:friend }[2m...........:[0m avg=[36m5.7ms[0m    min=[36m2.44ms[0m  med=[36m4.23ms[0m   max=[36m79.95ms[0m  p(90)=[36m8.22ms[0m   p(95)=[36m9.42ms[0m   p(99)=[36m20.83ms[0m 
     [32m✓[0m { feature:hot }[2m..............:[0m avg=[36m16.85ms[0m  min=[36m8.06ms[0m  med=[36m11.84ms[0m  max=[36m299.59ms[0m p(90)=[36m22.57ms[0m  p(95)=[36m27.51ms[0m  p(99)=[36m110.72ms[0m
     [32m✓[0m { feature:mypage }[2m...........:[0m avg=[36m5.58ms[0m   min=[36m1.28ms[0m  med=[36m3.95ms[0m   max=[36m36.01ms[0m  p(90)=[36m9.82ms[0m   p(95)=[36m12.58ms[0m  p(99)=[36m29.3ms[0m  
     [32m✓[0m { feature:notification }[2m.....:[0m avg=[36m10.74ms[0m  min=[36m2.26ms[0m  med=[36m7.31ms[0m   max=[36m99.43ms[0m  p(90)=[36m23.23ms[0m  p(95)=[36m27.41ms[0m  p(99)=[36m49.85ms[0m 
     [32m✓[0m { feature:post }[2m.............:[0m avg=[36m8.82ms[0m   min=[36m1.64ms[0m  med=[36m5.33ms[0m   max=[36m396.12ms[0m p(90)=[36m15.31ms[0m  p(95)=[36m24.32ms[0m  p(99)=[36m54.83ms[0m 
     [32m✓[0m { feature:reaction }[2m.........:[0m avg=[36m25.46ms[0m  min=[36m15.74ms[0m med=[36m22.34ms[0m  max=[36m127.24ms[0m p(90)=[36m34.18ms[0m  p(95)=[36m39.48ms[0m  p(99)=[36m56.96ms[0m 
     [32m✓[0m { feature:school }[2m...........:[0m avg=[36m6.36ms[0m   min=[36m2.73ms[0m  med=[36m4.15ms[0m   max=[36m68.2ms[0m   p(90)=[36m10.87ms[0m  p(95)=[36m12.34ms[0m  p(99)=[36m35.34ms[0m 
     [32m✓[0m { feature:scrap }[2m............:[0m avg=[36m29.69ms[0m  min=[36m14.97ms[0m med=[36m22.47ms[0m  max=[36m251.22ms[0m p(90)=[36m34.2ms[0m   p(95)=[36m63.58ms[0m  p(99)=[36m173.82ms[0m
     [32m✓[0m { feature:timetable }[2m........:[0m avg=[36m8.25ms[0m   min=[36m2.25ms[0m  med=[36m3.45ms[0m   max=[36m194.7ms[0m  p(90)=[36m8.6ms[0m    p(95)=[36m12.4ms[0m   p(99)=[36m107.07ms[0m
     [32m✓[0m { op:auth }[2m..................:[0m avg=[36m117.45ms[0m min=[36m13.68ms[0m med=[36m81.65ms[0m  max=[36m988.88ms[0m p(90)=[36m152.79ms[0m p(95)=[36m479.42ms[0m p(99)=[36m865.82ms[0m
     [31m✗[0m { op:read,phase:measure }[2m....:[0m avg=[36m77.95ms[0m  min=[36m1.28ms[0m  med=[36m5.6ms[0m    max=[36m4.5s[0m     p(90)=[36m51.25ms[0m  p(95)=[36m333.57ms[0m p(99)=[36m1.86s[0m   
     [32m✓[0m { op:write,phase:measure }[2m...:[0m avg=[36m22.34ms[0m  min=[36m2.57ms[0m  med=[36m19.92ms[0m  max=[36m172.97ms[0m p(90)=[36m36.89ms[0m  p(95)=[36m44.34ms[0m  p(99)=[36m78.12ms[0m 
     [32m✓[0m { page:0 }[2m...................:[0m avg=[36m10.65ms[0m  min=[36m1.89ms[0m  med=[36m3.53ms[0m   max=[36m396.12ms[0m p(90)=[36m28.19ms[0m  p(95)=[36m34.85ms[0m  p(99)=[36m96ms[0m    
     [32m✓[0m { page:1 }[2m...................:[0m avg=[36m7.95ms[0m   min=[36m1.86ms[0m  med=[36m3.33ms[0m   max=[36m228.35ms[0m p(90)=[36m9.08ms[0m   p(95)=[36m27.45ms[0m  p(99)=[36m79.53ms[0m 
     [32m✓[0m { page:2 }[2m...................:[0m avg=[36m7.02ms[0m   min=[36m1.64ms[0m  med=[36m3.56ms[0m   max=[36m68.09ms[0m  p(90)=[36m11.58ms[0m  p(95)=[36m28.63ms[0m  p(99)=[36m48.89ms[0m 
     [32m✓[0m { page:3 }[2m...................:[0m avg=[36m7.98ms[0m   min=[36m1.99ms[0m  med=[36m3.82ms[0m   max=[36m39.43ms[0m  p(90)=[36m26.93ms[0m  p(95)=[36m33.61ms[0m  p(99)=[36m38.68ms[0m 
     [32m✓[0m { page:4 }[2m...................:[0m avg=[36m12.18ms[0m  min=[36m2.43ms[0m  med=[36m5.39ms[0m   max=[36m54.56ms[0m  p(90)=[36m31.09ms[0m  p(95)=[36m33.53ms[0m  p(99)=[36m47.82ms[0m 
     [32m✓[0m { phase:measure }[2m............:[0m avg=[36m73.43ms[0m  min=[36m1.28ms[0m  med=[36m5.98ms[0m   max=[36m4.5s[0m     p(90)=[36m46.92ms[0m  p(95)=[36m275.65ms[0m p(99)=[36m1.83s[0m   
     [32m✓[0m { phase:rampdown }[2m...........:[0m avg=[36m95.45ms[0m  min=[36m1.64ms[0m  med=[36m6.06ms[0m   max=[36m3.37s[0m    p(90)=[36m76.29ms[0m  p(95)=[36m596.39ms[0m p(99)=[36m1.82s[0m   
     [32m✓[0m { phase:warmup }[2m.............:[0m avg=[36m94.31ms[0m  min=[36m2.6ms[0m   med=[36m10.05ms[0m  max=[36m9.85s[0m    p(90)=[36m102.58ms[0m p(95)=[36m318.43ms[0m p(99)=[36m1.79s[0m   
     http_req_failed[2m................:[0m [36m0.00%[0m   [36;2m✓ 0[0m         [36;2m✗ 7765[0m 
     [32m✓[0m { phase:measure }[2m............:[0m [36m0.00%[0m   [36;2m✓ 0[0m         [36;2m✗ 5048[0m 
     [32m✓[0m { phase:rampdown }[2m...........:[0m [36m0.00%[0m   [36;2m✓ 0[0m         [36;2m✗ 1192[0m 
     [32m✓[0m { phase:warmup }[2m.............:[0m [36m0.00%[0m   [36;2m✓ 0[0m         [36;2m✗ 1525[0m 
     http_req_receiving[2m.............:[0m avg=[36m563.81µs[0m min=[36m34.14µs[0m med=[36m196.58µs[0m max=[36m155.17ms[0m p(90)=[36m600.98µs[0m p(95)=[36m1.84ms[0m   p(99)=[36m9.42ms[0m  
     http_req_sending[2m...............:[0m avg=[36m39.34µs[0m  min=[36m6.17µs[0m  med=[36m29.7µs[0m   max=[36m510.44µs[0m p(90)=[36m74.94µs[0m  p(95)=[36m96.44µs[0m  p(99)=[36m153.36µs[0m
     http_req_tls_handshaking[2m.......:[0m avg=[36m0s[0m       min=[36m0s[0m      med=[36m0s[0m       max=[36m0s[0m       p(90)=[36m0s[0m       p(95)=[36m0s[0m       p(99)=[36m0s[0m      
     http_req_waiting[2m...............:[0m avg=[36m80.31ms[0m  min=[36m1.04ms[0m  med=[36m6.43ms[0m   max=[36m9.85s[0m    p(90)=[36m75.55ms[0m  p(95)=[36m323.38ms[0m p(99)=[36m1.82s[0m   
     http_reqs[2m......................:[0m [36m7765[0m    [36;2m12.934313/s[0m
     [32m✓[0m { feature:auth }[2m.............:[0m [36m156[0m     [36;2m0.259852/s[0m
     [32m✓[0m { feature:board }[2m............:[0m [36m711[0m     [36;2m1.184327/s[0m
     [32m✓[0m { feature:chat }[2m.............:[0m [36m543[0m     [36;2m0.904486/s[0m
     [32m✓[0m { feature:comment }[2m..........:[0m [36m1406[0m    [36;2m2.342002/s[0m
     [32m✓[0m { feature:friend }[2m...........:[0m [36m123[0m     [36;2m0.204884/s[0m
     [32m✓[0m { feature:hot }[2m..............:[0m [36m711[0m     [36;2m1.184327/s[0m
     [32m✓[0m { feature:mypage }[2m...........:[0m [36m146[0m     [36;2m0.243195/s[0m
     [32m✓[0m { feature:notification }[2m.....:[0m [36m341[0m     [36;2m0.56801/s[0m
     [32m✓[0m { feature:post }[2m.............:[0m [36m3303[0m    [36;2m5.501872/s[0m
     [32m✓[0m { feature:reaction }[2m.........:[0m [36m146[0m     [36;2m0.243195/s[0m
     [32m✓[0m { feature:school }[2m...........:[0m [36m73[0m      [36;2m0.121598/s[0m
     [32m✓[0m { feature:scrap }[2m............:[0m [36m47[0m      [36;2m0.078289/s[0m
     [32m✓[0m { feature:timetable }[2m........:[0m [36m59[0m      [36;2m0.098277/s[0m
     [32m✓[0m { op:auth }[2m..................:[0m [36m156[0m     [36;2m0.259852/s[0m
     [32m✓[0m { op:read }[2m..................:[0m [36m7043[0m    [36;2m11.731663/s[0m
     [32m✓[0m { op:write }[2m.................:[0m [36m566[0m     [36;2m0.942797/s[0m
     [32m✓[0m { page:0 }[2m...................:[0m [36m392[0m     [36;2m0.652962/s[0m
     [32m✓[0m { page:1 }[2m...................:[0m [36m142[0m     [36;2m0.236532/s[0m
     [32m✓[0m { page:2 }[2m...................:[0m [36m79[0m      [36;2m0.131592/s[0m
     [32m✓[0m { page:3 }[2m...................:[0m [36m62[0m      [36;2m0.103275/s[0m
     [32m✓[0m { page:4 }[2m...................:[0m [36m36[0m      [36;2m0.059966/s[0m
     [32m✓[0m { phase:measure }[2m............:[0m [36m5048[0m    [36;2m8.408552/s[0m
     [32m✓[0m { phase:rampdown }[2m...........:[0m [36m1192[0m    [36;2m1.985538/s[0m
     [32m✓[0m { phase:warmup }[2m.............:[0m [36m1525[0m    [36;2m2.540222/s[0m
     iteration_duration[2m.............:[0m avg=[36m9.88s[0m    min=[36m1.03s[0m   med=[36m7.31s[0m    max=[36m29.98s[0m   p(90)=[36m18.76s[0m   p(95)=[36m21.24s[0m   p(99)=[36m26.98s[0m  
     iterations[2m.....................:[0m [36m1799[0m    [36;2m2.99663/s[0m
     [32m✓[0m { phase:measure }[2m............:[0m [36m0[0m       [36;2m0/s[0m
     [32m✓[0m { phase:rampdown }[2m...........:[0m [36m0[0m       [36;2m0/s[0m
     [32m✓[0m { phase:warmup }[2m.............:[0m [36m0[0m       [36;2m0/s[0m
     phase_iterations[2m...............:[0m [36m1799[0m    [36;2m2.99663/s[0m
     [32m✓[0m { phase:measure }[2m............:[0m [36m1204[0m    [36;2m2.005526/s[0m
     [32m✓[0m { phase:rampdown }[2m...........:[0m [36m277[0m     [36;2m0.461404/s[0m
     [32m✓[0m { phase:warmup }[2m.............:[0m [36m318[0m     [36;2m0.529699/s[0m
     vus[2m............................:[0m [36m1[0m       [36;2mmin=0[0m       [36;2mmax=50[0m 
     vus_max[2m........................:[0m [36m100[0m     [36;2mmin=100[0m     [36;2mmax=100[0m
     ws_connecting[2m..................:[0m avg=[36m3.58ms[0m   min=[36m2.07ms[0m  med=[36m2.98ms[0m   max=[36m24.5ms[0m   p(90)=[36m4.78ms[0m   p(95)=[36m5.71ms[0m   p(99)=[36m13.42ms[0m 
     ws_msgs_received[2m...............:[0m [36m518[0m     [36;2m0.862843/s[0m
     ws_msgs_sent[2m...................:[0m [36m580[0m     [36;2m0.966117/s[0m
     ws_session_duration[2m............:[0m avg=[36m23.07s[0m   min=[36m15.19s[0m  med=[36m23.3s[0m    max=[36m29.97s[0m   p(90)=[36m28.36s[0m   p(95)=[36m28.72s[0m   p(99)=[36m29.73s[0m  
     ws_sessions[2m....................:[0m [36m74[0m      [36;2m0.123263/s[0m
running (10m00.3s), 000/100 VUs, 1799 complete and 0 interrupted iterations
normal_day ✓ [ 100% ] 000/100 VUs  10m0s  0.13 iters/s
  호스트(Windows) 584표본 · CPU 16.6% (max 62.0) · 정규화성능 119.9% · vmmem 144.3% · 바쁜코어 —개 · 가용메모리 3063MB
  부하 중 벤치(warmup +60초, 3회 중앙값) · single 5343ms (유휴 대비 7.3%) · parallel 5308ms (유휴 대비 -4.4%) · ctxswitch 2292ms (유휴 대비 4.1%)

  실행 후 상태 sha256:7ec8b27610bc — chat_messages.count +432, chat_messages.maxId +432, comments.count +81, comments.maxId +81, notifications.count +81 (외 13개)
    (지문 제외 항목: posts.sumViewCount +2022, daily_hot_post.count +55)
Prometheus 스크레이프 대기 20초...

══════════════════════════════════════════════════════════════════════════
  Performance Report — normal-day   Run #111   ❌ FAIL
══════════════════════════════════════════════════════════════════════════
  환경 perf  |  브랜치 personal/localdocs  |  커밋 3e96d946  |  빌드 local
  시작 2026-08-20 14:04:53 KST  |  수행 10m 0s  |  VU max 100
  데이터셋 medium  |  부하 ramping-arrival-rate 0→4@3m0s→4@5m0s→0@2m0s maxVU 600

  ── 성능 (measure 구간) ─────────────────────────────────────────
  평균 73ms      P95 276ms     P99 1.84s    
  RPS  16.8      TPS 4.01      오류율 0.00%

  ── 인프라 ────────────────────────────────────────────────────────
  CPU  0.92 core (한계의 46%)   throttled 5.2%
  Heap 784 MB (77%)   GC max 30ms × 70회
  DB   slow 754  QPS 4,528  풀 70%  대기 0
  Redis hit 99.4%  ops 54.9/s  evicted 0

  ── 회귀 (기준: normal-day-2026-08-20T05-02-20) ────────────────
  ⚠  기준선은 당시 k6 threshold 미통과 실행입니다, 당시 Node 판정 FAIL.
     아래 증감률은 개선/악화 폭이며 현재 SLO 통과를 뜻하지 않습니다.
  ❌ P99 응답시간                   1.75s → 1.84s (+5.0%)
       1837 > 상한 1200
  ⚠️  CPU throttling 비율          4.1% → 5.2% (+26.6%)
       5.16 > 상한 1.00

  ── 병목 가설 ─────────────────────────────────────────────────────
  • CPU throttling 발생
    cgroup이 CPU를 강제 회수한 주기가 5.2%다. CPU 한계(2 core)를 올리거나 요청당 CPU 사용을 줄여야 p99가 안정된다.
  • HTTP 요청당 쿼리 수 과다
    요청 1건당 평균 269.1개 쿼리가 실행됐다. N+1 패턴 가능성이 높다.
  • Slow Query 다발
    요청 1000건당 149.3건의 slow query(>100ms). 인덱스 또는 쿼리 계획 점검 대상.

  보고서 : reports\runs\normal-day-2026-08-20T05-14-54\report.html
  Grafana(전체 실행): http://localhost:3001/d/htd-perf-overview/highteenday-performance-overview?from=1787202173725&to=1787203014067
  Grafana(measure) : http://localhost:3001/d/htd-perf-overview/highteenday-performance-overview?from=1787202353725&to=1787202893725
══════════════════════════════════════════════════════════════════════════

  [3/3] p95 275.7ms · 평균 73.4ms · 서버측 71.7ms · 경로 1.7ms

══════════════════════════════════════════════════════════════════════════
  결과 — 유효 3/3회
══════════════════════════════════════════════════════════════════════════
  지표          평균        표준편차      CV        최소        최대
  ──────────────────────────────────────────────────────────────────────
  P95             277.7        26.72     9.62%      252.0       305.3
  P99            1816.3        58.58     3.23%     1750.1      1861.7
  평균               70.4         2.64     3.75%       68.6        73.4
  TPS               4.0         0.02     0.38%        4.0         4.0
  RPS              16.9         0.12     0.72%       16.8        17.1
  서버측 평균           68.8         2.60     3.78%       66.9        71.7
  경로 오버헤드           1.6         0.12     7.61%        1.5         1.7
  ──────────────────────────────────────────────────────────────────────

  ▶ 판정 지표: P95 CV = 9.62%  (같은 조건 반복 시 p95가 평균 대비 이만큼 흔들린다)

  저장: reports\repeatability\perf-2026-08-20T05-15-15.json
  원자료: reports/runs/ (환경 perf)

