[2026-08-18T13:30:35.654Z] 밤새 실행기 시작 PID 33412, 남은 유한 작업 19개

[2026-08-18T13:30:35.661Z] 시작 1-smoke-notification-heavy
  C:\Users\user\AppData\Local\nvm\v22.23.1\node.exe tools\perf-run.js scenarios/notification-heavy.js --vus 5 --warmup 30 --hold 1m --dataset smoke --loadgen docker --no-gate --note 스모크 배관 확인 — 밤새 목록 재개 --quiet

▶ k6 run scenarios/notification-heavy.js
  브랜치 personal/localdocs · 커밋 3e96d9463207 · 실행자 user@DESKTOP-DJJPASG
  환경 perf · "스모크 배관 확인 — 밤새 목록 재개"
  데이터셋 smoke · 상태 sha256:1e401183738d (128ms)
  캐시 warm (키 55개)
  guard strict — 상태 불일치 시 스냅샷 복원 후 재확인 [perf.config.json]
    guard=strict — 스냅샷으로 복원합니다.
▶ 복원 — smoke-20260816-052723 → perf-mysql-data-smoke
  앱·MySQL 정지
  MySQL 기동
  Redis FLUSHALL (복원 후 캐시는 cold 다)
  앱 기동
  복원 후 상태 지문 sha256:913bf8e8777c = 스냅샷 일치

✅ 복원 완료 · 소요 1.7초 (압축 해제 구간)

  부하 발생기: 컨테이너 perf-k6 (grafana/k6:2.1.0, CPU 상한 4)
  k6 지표 전송: http://prometheus:9090/api/v1/write (native histogram, 5s 간격)
  환경 대조 벤치 실행 중(3축, 약 13초)... single 5697ms · parallel 6109ms · ctxswitch 3245ms
[32m     ✓ login 200[0m
[32m     ✓ board list 200[0m
[32m     ✓ hot daily 200[0m
[32m     ✓ post list 200[0m
[32m     ✓ post create 2xx[0m
[32m     ✓ post detail 200[0m
[32m     ✓ comment list 200[0m
[32m     ✓ unread count 200[0m
[32m     ✓ chat rooms 200[0m
[32m     ✓ chat messages 200[0m
[32m     ✓ chat read 200[0m
[32m     ✓ post reaction 2xx[0m
[32m     ✓ friend list 200[0m
[32m     ✓ user info 200[0m
[32m     ✓ my posts 200[0m
[32m     ✓ notif list 200[0m
[32m     ✓ comment create 2xx[0m
[32m     ✓ received reqs 200[0m
[32m     ✓ comment reaction 200[0m
[32m     ✓ ws handshake 101[0m
[32m     ✓ read all 200[0m
[32m     ✓ read one 200[0m
[32m     ✓ post search 200[0m
[32m     ✓ scrap 2xx[0m

     chat_ws_messages_sent[2m.........................:[0m [36m35[0m      [36;2m0.159085/s[0m
     chat_ws_rtt[2m...................................:[0m avg=[36m39.26ms[0m  min=[36m22ms[0m     med=[36m38.5ms[0m   max=[36m67ms[0m     p(90)=[36m53.09ms[0m  p(95)=[36m56.05ms[0m  p(99)=[36m64.03ms[0m 
     checks[2m........................................:[0m [36m100.00%[0m [36;2m✓ 284[0m      [36;2m✗ 0[0m  
     [32m✓[0m { phase:measure }[2m...........................:[0m [36m100.00%[0m [36;2m✓ 109[0m      [36;2m✗ 0[0m  
     [32m✓[0m { phase:rampdown }[2m..........................:[0m [36m100.00%[0m [36;2m✓ 142[0m      [36;2m✗ 0[0m  
     [32m✓[0m { phase:warmup }[2m............................:[0m [36m100.00%[0m [36;2m✓ 33[0m       [36;2m✗ 0[0m  
     data_received[2m.................................:[0m [36m372 kB[0m  [36;2m1.7 kB/s[0m
     data_sent[2m.....................................:[0m [36m122 kB[0m  [36;2m553 B/s[0m
     http_req_blocked[2m..............................:[0m avg=[36m21.87µs[0m  min=[36m2.86µs[0m   med=[36m8.98µs[0m   max=[36m958.98µs[0m p(90)=[36m16.61µs[0m  p(95)=[36m18.72µs[0m  p(99)=[36m535.87µs[0m
     http_req_connecting[2m...........................:[0m avg=[36m7.22µs[0m   min=[36m0s[0m       med=[36m0s[0m       max=[36m666.91µs[0m p(90)=[36m0s[0m       p(95)=[36m0s[0m       p(99)=[36m361.83µs[0m
     http_req_duration[2m.............................:[0m avg=[36m29.39ms[0m  min=[36m6.25ms[0m   med=[36m20.29ms[0m  max=[36m749.31ms[0m p(90)=[36m49.8ms[0m   p(95)=[36m79.5ms[0m   p(99)=[36m143.01ms[0m
       { expected_response:true }[2m..................:[0m avg=[36m29.39ms[0m  min=[36m6.25ms[0m   med=[36m20.29ms[0m  max=[36m749.31ms[0m p(90)=[36m49.8ms[0m   p(95)=[36m79.5ms[0m   p(99)=[36m143.01ms[0m
     [32m✓[0m { feature:auth }[2m............................:[0m avg=[36m246.24ms[0m min=[36m107.39ms[0m med=[36m124.83ms[0m max=[36m749.31ms[0m p(90)=[36m501.98ms[0m p(95)=[36m625.65ms[0m p(99)=[36m724.58ms[0m
     [32m✓[0m { feature:board }[2m...........................:[0m avg=[36m16.29ms[0m  min=[36m6.48ms[0m   med=[36m12.79ms[0m  max=[36m64.43ms[0m  p(90)=[36m21.5ms[0m   p(95)=[36m34.52ms[0m  p(99)=[36m58.45ms[0m 
     [32m✓[0m { feature:chat }[2m............................:[0m avg=[36m23.01ms[0m  min=[36m10.06ms[0m  med=[36m21.06ms[0m  max=[36m93.03ms[0m  p(90)=[36m28.08ms[0m  p(95)=[36m37.01ms[0m  p(99)=[36m78.83ms[0m 
     [32m✓[0m { feature:comment }[2m.........................:[0m avg=[36m41.67ms[0m  min=[36m6.96ms[0m   med=[36m25.67ms[0m  max=[36m130.35ms[0m p(90)=[36m81.06ms[0m  p(95)=[36m100.02ms[0m p(99)=[36m129.71ms[0m
     [32m✓[0m { feature:friend }[2m..........................:[0m avg=[36m27.56ms[0m  min=[36m7.43ms[0m   med=[36m17.69ms[0m  max=[36m159.51ms[0m p(90)=[36m26.6ms[0m   p(95)=[36m74.08ms[0m  p(99)=[36m142.43ms[0m
     [32m✓[0m { feature:hot }[2m.............................:[0m avg=[36m22.77ms[0m  min=[36m12.23ms[0m  med=[36m23.21ms[0m  max=[36m34.27ms[0m  p(90)=[36m30.08ms[0m  p(95)=[36m31.49ms[0m  p(99)=[36m33.72ms[0m 
     [32m✓[0m { feature:mypage }[2m..........................:[0m avg=[36m15.15ms[0m  min=[36m9.78ms[0m   med=[36m15.39ms[0m  max=[36m23.09ms[0m  p(90)=[36m17.21ms[0m  p(95)=[36m20.15ms[0m  p(99)=[36m22.51ms[0m 
     [32m✓[0m { feature:notification }[2m....................:[0m avg=[36m17.41ms[0m  min=[36m6.25ms[0m   med=[36m16.67ms[0m  max=[36m53.11ms[0m  p(90)=[36m27.77ms[0m  p(95)=[36m34.28ms[0m  p(99)=[36m46.15ms[0m 
     [32m✓[0m { feature:post }[2m............................:[0m avg=[36m26.66ms[0m  min=[36m7.87ms[0m   med=[36m21.42ms[0m  max=[36m187.21ms[0m p(90)=[36m34.97ms[0m  p(95)=[36m49.83ms[0m  p(99)=[36m145.45ms[0m
     [32m✓[0m { feature:reaction }[2m........................:[0m avg=[36m42.48ms[0m  min=[36m29.17ms[0m  med=[36m39.4ms[0m   max=[36m57.24ms[0m  p(90)=[36m56.76ms[0m  p(95)=[36m57ms[0m     p(99)=[36m57.2ms[0m  
     [32m✓[0m { feature:school }[2m..........................:[0m avg=[36m0s[0m       min=[36m0s[0m       med=[36m0s[0m       max=[36m0s[0m       p(90)=[36m0s[0m       p(95)=[36m0s[0m       p(99)=[36m0s[0m      
     [32m✓[0m { feature:scrap }[2m...........................:[0m avg=[36m37.92ms[0m  min=[36m37.92ms[0m  med=[36m37.92ms[0m  max=[36m37.92ms[0m  p(90)=[36m37.92ms[0m  p(95)=[36m37.92ms[0m  p(99)=[36m37.92ms[0m 
     [32m✓[0m { feature:timetable }[2m.......................:[0m avg=[36m0s[0m       min=[36m0s[0m       med=[36m0s[0m       max=[36m0s[0m       p(90)=[36m0s[0m       p(95)=[36m0s[0m       p(99)=[36m0s[0m      
     [32m✓[0m { name:notif_read_all,phase:measure }[2m.......:[0m avg=[36m36.48ms[0m  min=[36m31.64ms[0m  med=[36m36.48ms[0m  max=[36m41.31ms[0m  p(90)=[36m40.35ms[0m  p(95)=[36m40.83ms[0m  p(99)=[36m41.22ms[0m 
     [32m✓[0m { name:notif_unread_count,phase:measure }[2m...:[0m avg=[36m14.57ms[0m  min=[36m6.51ms[0m   med=[36m16.25ms[0m  max=[36m22.21ms[0m  p(90)=[36m20.78ms[0m  p(95)=[36m21.5ms[0m   p(99)=[36m22.07ms[0m 
     [32m✓[0m { op:auth }[2m.................................:[0m avg=[36m246.24ms[0m min=[36m107.39ms[0m med=[36m124.83ms[0m max=[36m749.31ms[0m p(90)=[36m501.98ms[0m p(95)=[36m625.65ms[0m p(99)=[36m724.58ms[0m
     [32m✓[0m { op:read,phase:measure }[2m...................:[0m avg=[36m22.57ms[0m  min=[36m6.51ms[0m   med=[36m20.62ms[0m  max=[36m68.94ms[0m  p(90)=[36m32.73ms[0m  p(95)=[36m44.82ms[0m  p(99)=[36m62.9ms[0m  
     [32m✓[0m { op:write,phase:measure }[2m..................:[0m avg=[36m47.18ms[0m  min=[36m10.51ms[0m  med=[36m39.66ms[0m  max=[36m87.82ms[0m  p(90)=[36m81.75ms[0m  p(95)=[36m84.59ms[0m  p(99)=[36m87.18ms[0m 
     [32m✓[0m { page:0 }[2m..................................:[0m avg=[36m39.99ms[0m  min=[36m7.87ms[0m   med=[36m22.65ms[0m  max=[36m187.21ms[0m p(90)=[36m77.26ms[0m  p(95)=[36m132.23ms[0m p(99)=[36m176.21ms[0m
     [32m✓[0m { page:1 }[2m..................................:[0m avg=[36m27.77ms[0m  min=[36m21.84ms[0m  med=[36m27.77ms[0m  max=[36m33.7ms[0m   p(90)=[36m32.51ms[0m  p(95)=[36m33.11ms[0m  p(99)=[36m33.58ms[0m 
     [32m✓[0m { page:2 }[2m..................................:[0m avg=[36m40.27ms[0m  min=[36m27.66ms[0m  med=[36m40.27ms[0m  max=[36m52.88ms[0m  p(90)=[36m50.36ms[0m  p(95)=[36m51.62ms[0m  p(99)=[36m52.63ms[0m 
     [32m✓[0m { page:3 }[2m..................................:[0m avg=[36m32.79ms[0m  min=[36m32.79ms[0m  med=[36m32.79ms[0m  max=[36m32.79ms[0m  p(90)=[36m32.79ms[0m  p(95)=[36m32.79ms[0m  p(99)=[36m32.79ms[0m 
     [32m✓[0m { page:4 }[2m..................................:[0m avg=[36m27.93ms[0m  min=[36m27.93ms[0m  med=[36m27.93ms[0m  max=[36m27.93ms[0m  p(90)=[36m27.93ms[0m  p(95)=[36m27.93ms[0m  p(99)=[36m27.93ms[0m 
     [32m✓[0m { phase:measure }[2m...........................:[0m avg=[36m25.59ms[0m  min=[36m6.51ms[0m   med=[36m22.31ms[0m  max=[36m87.82ms[0m  p(90)=[36m41.41ms[0m  p(95)=[36m55.64ms[0m  p(99)=[36m82.27ms[0m 
     [32m✓[0m { phase:rampdown }[2m..........................:[0m avg=[36m19.95ms[0m  min=[36m6.25ms[0m   med=[36m16.86ms[0m  max=[36m99.09ms[0m  p(90)=[36m32.43ms[0m  p(95)=[36m45.68ms[0m  p(99)=[36m60.99ms[0m 
     [32m✓[0m { phase:warmup }[2m............................:[0m avg=[36m79.58ms[0m  min=[36m8.88ms[0m   med=[36m27.44ms[0m  max=[36m749.31ms[0m p(90)=[36m135.95ms[0m p(95)=[36m169.21ms[0m p(99)=[36m563.82ms[0m
     http_req_failed[2m...............................:[0m [36m0.00%[0m   [36;2m✓ 0[0m        [36;2m✗ 278[0m
     [32m✓[0m { phase:measure }[2m...........................:[0m [36m0.00%[0m   [36;2m✓ 0[0m        [36;2m✗ 106[0m
     [32m✓[0m { phase:rampdown }[2m..........................:[0m [36m0.00%[0m   [36;2m✓ 0[0m        [36;2m✗ 138[0m
     [32m✓[0m { phase:warmup }[2m............................:[0m [36m0.00%[0m   [36;2m✓ 0[0m        [36;2m✗ 34[0m 
     http_req_receiving[2m............................:[0m avg=[36m579.22µs[0m min=[36m63.34µs[0m  med=[36m524.29µs[0m max=[36m3.57ms[0m   p(90)=[36m939.97µs[0m p(95)=[36m1.16ms[0m   p(99)=[36m3.03ms[0m  
     http_req_sending[2m..............................:[0m avg=[36m69.34µs[0m  min=[36m8.48µs[0m   med=[36m62.5µs[0m   max=[36m403µs[0m    p(90)=[36m120.23µs[0m p(95)=[36m131.34µs[0m p(99)=[36m239.86µs[0m
     http_req_tls_handshaking[2m......................:[0m avg=[36m0s[0m       min=[36m0s[0m       med=[36m0s[0m       max=[36m0s[0m       p(90)=[36m0s[0m       p(95)=[36m0s[0m       p(99)=[36m0s[0m      
     http_req_waiting[2m..............................:[0m avg=[36m28.74ms[0m  min=[36m5.9ms[0m    med=[36m19.68ms[0m  max=[36m749.08ms[0m p(90)=[36m49.52ms[0m  p(95)=[36m79.28ms[0m  p(99)=[36m142.69ms[0m
     http_reqs[2m.....................................:[0m [36m278[0m     [36;2m1.263589/s[0m
     [32m✓[0m { feature:auth }[2m............................:[0m [36m5[0m       [36;2m0.022726/s[0m
     [32m✓[0m { feature:board }[2m...........................:[0m [36m15[0m      [36;2m0.068179/s[0m
     [32m✓[0m { feature:chat }[2m............................:[0m [36m29[0m      [36;2m0.131813/s[0m
     [32m✓[0m { feature:comment }[2m.........................:[0m [36m35[0m      [36;2m0.159085/s[0m
     [32m✓[0m { feature:friend }[2m..........................:[0m [36m14[0m      [36;2m0.063634/s[0m
     [32m✓[0m { feature:hot }[2m.............................:[0m [36m15[0m      [36;2m0.068179/s[0m
     [32m✓[0m { feature:mypage }[2m..........................:[0m [36m10[0m      [36;2m0.045453/s[0m
     [32m✓[0m { feature:notification }[2m....................:[0m [36m61[0m      [36;2m0.277262/s[0m
     [32m✓[0m { feature:post }[2m............................:[0m [36m86[0m      [36;2m0.390895/s[0m
     [32m✓[0m { feature:reaction }[2m........................:[0m [36m7[0m       [36;2m0.031817/s[0m
     [32m✓[0m { feature:school }[2m..........................:[0m [36m0[0m       [36;2m0/s[0m
     [32m✓[0m { feature:scrap }[2m...........................:[0m [36m1[0m       [36;2m0.004545/s[0m
     [32m✓[0m { feature:timetable }[2m.......................:[0m [36m0[0m       [36;2m0/s[0m
     [32m✓[0m { op:auth }[2m.................................:[0m [36m5[0m       [36;2m0.022726/s[0m
     [32m✓[0m { op:read }[2m.................................:[0m [36m237[0m     [36;2m1.077233/s[0m
     [32m✓[0m { op:write }[2m................................:[0m [36m36[0m      [36;2m0.16363/s[0m
     [32m✓[0m { page:0 }[2m..................................:[0m [36m9[0m       [36;2m0.040908/s[0m
     [32m✓[0m { page:1 }[2m..................................:[0m [36m2[0m       [36;2m0.009091/s[0m
     [32m✓[0m { page:2 }[2m..................................:[0m [36m2[0m       [36;2m0.009091/s[0m
     [32m✓[0m { page:3 }[2m..................................:[0m [36m1[0m       [36;2m0.004545/s[0m
     [32m✓[0m { page:4 }[2m..................................:[0m [36m1[0m       [36;2m0.004545/s[0m
     [32m✓[0m { phase:measure }[2m...........................:[0m [36m106[0m     [36;2m0.4818/s[0m
     [32m✓[0m { phase:rampdown }[2m..........................:[0m [36m138[0m     [36;2m0.627249/s[0m
     [32m✓[0m { phase:warmup }[2m............................:[0m [36m34[0m      [36;2m0.15454/s[0m
     iteration_duration[2m............................:[0m avg=[36m7.33s[0m    min=[36m1.07s[0m    med=[36m5.28s[0m    max=[36m28.28s[0m   p(90)=[36m16.1s[0m    p(95)=[36m19.27s[0m   p(99)=[36m27.55s[0m  
     iterations[2m....................................:[0m [36m102[0m     [36;2m0.463619/s[0m
     [32m✓[0m { phase:measure }[2m...........................:[0m [36m0[0m       [36;2m0/s[0m
     [32m✓[0m { phase:rampdown }[2m..........................:[0m [36m0[0m       [36;2m0/s[0m
     [32m✓[0m { phase:warmup }[2m............................:[0m [36m0[0m       [36;2m0/s[0m
     phase_iterations[2m..............................:[0m [36m102[0m     [36;2m0.463619/s[0m
     [32m✓[0m { phase:measure }[2m...........................:[0m [36m36[0m      [36;2m0.16363/s[0m
     [32m✓[0m { phase:rampdown }[2m..........................:[0m [36m58[0m      [36;2m0.263627/s[0m
     [32m✓[0m { phase:warmup }[2m............................:[0m [36m8[0m       [36;2m0.036362/s[0m
     vus[2m...........................................:[0m [36m1[0m       [36;2mmin=0[0m      [36;2mmax=5[0m
     vus_max[2m.......................................:[0m [36m5[0m       [36;2mmin=5[0m      [36;2mmax=5[0m
     ws_connecting[2m.................................:[0m avg=[36m9.82ms[0m   min=[36m4.8ms[0m    med=[36m6.96ms[0m   max=[36m27.08ms[0m  p(90)=[36m17.42ms[0m  p(95)=[36m22.25ms[0m  p(99)=[36m26.11ms[0m 
     ws_msgs_received[2m..............................:[0m [36m40[0m      [36;2m0.181811/s[0m
     ws_msgs_sent[2m..................................:[0m [36m47[0m      [36;2m0.213628/s[0m
     ws_session_duration[2m...........................:[0m avg=[36m23.33s[0m   min=[36m15.45s[0m   med=[36m24.48s[0m   max=[36m28.27s[0m   p(90)=[36m27.91s[0m   p(95)=[36m28.09s[0m   p(99)=[36m28.23s[0m  
     ws_sessions[2m...................................:[0m [36m6[0m       [36;2m0.027272/s[0m  호스트(Windows) 43표본 · CPU 8.0% (max 11.5) · 주파수 75.8% (min 55.8) · 대기스레드 4.40 · 가용메모리 4573MB

  실행 후 상태 sha256:e23f74a605fe — chat_messages.count +35, chat_messages.maxId +35, posts.count +8, posts.maxId +8, comments.count +8 (외 12개)
    (지문 제외 항목: posts.sumViewCount +40)
Prometheus 스크레이프 대기 20초...

══════════════════════════════════════════════════════════════════════════
  Performance Report — notification-heavy   Run #77   ✅ PASS
══════════════════════════════════════════════════════════════════════════
  환경 perf  |  브랜치 personal/localdocs  |  커밋 3e96d946  |  빌드 local
  시작 2026-08-18 22:31:46 KST  |  수행 3m 40s  |  VU max 5
  데이터셋 smoke  |  부하 ramping-vus 0→5@30s→5@1m0s→0@2m0s

  ── 성능 (measure 구간) ─────────────────────────────────────────
  평균 26ms      P95 56ms      P99 82ms     
  RPS  1.8       TPS 0.60      오류율 0.00%

  ── 인프라 ────────────────────────────────────────────────────────
  CPU  0.19 core (한계의 9%)   throttled 0.0%
  Heap 384 MB (37%)   GC max 15ms × 0회
  DB   slow 33  QPS 31.9  풀 0%  대기 0
  Redis hit 92.0%  ops 9.3/s  evicted 0

  ── 회귀 ──────────────────────────────────────────────────────────
  비교 기준이 없습니다 (이 시나리오의 첫 실행). 다음 실행부터 비교됩니다.

  ── 병목 가설 ─────────────────────────────────────────────────────
  • HTTP 요청당 쿼리 수 과다
    요청 1건당 평균 18.1개 쿼리가 실행됐다. N+1 패턴 가능성이 높다.
  • Slow Query 다발
    요청 1000건당 308.8건의 slow query(>100ms). 인덱스 또는 쿼리 계획 점검 대상.

  보고서 : reports\runs\notification-heavy-2026-08-18T13-35-26\report.html
  Grafana(전체 실행): http://localhost:3001/d/htd-perf-overview/highteenday-performance-overview?from=1787059786689&to=1787060246698
  Grafana(measure) : http://localhost:3001/d/htd-perf-overview/highteenday-performance-overview?from=1787059816689&to=1787060116689
══════════════════════════════════════════════════════════════════════════

[2026-08-18T13:35:47.662Z] 완료 1-smoke-notification-heavy — exit 0, runs notification-heavy-2026-08-18T13-35-26

[2026-08-18T13:35:47.664Z] 시작 1-smoke-registration-day
  C:\Users\user\AppData\Local\nvm\v22.23.1\node.exe tools\perf-run.js scenarios/registration-day.js --vus 5 --warmup 30 --hold 1m --dataset smoke --loadgen docker --no-gate --note 스모크 배관 확인 — 밤새 목록 재개 --quiet

▶ k6 run scenarios/registration-day.js
  브랜치 personal/localdocs · 커밋 3e96d9463207 · 실행자 user@DESKTOP-DJJPASG
  환경 perf · "스모크 배관 확인 — 밤새 목록 재개"
  데이터셋 smoke · 상태 sha256:e23f74a605fe (130ms)
  캐시 warm (키 113개)
  guard strict — 상태 불일치 시 스냅샷 복원 후 재확인 [perf.config.json]
    guard=strict — 스냅샷으로 복원합니다.
▶ 복원 — smoke-20260816-052723 → perf-mysql-data-smoke
  앱·MySQL 정지
  MySQL 기동
  Redis FLUSHALL (복원 후 캐시는 cold 다)
  앱 기동
  복원 후 상태 지문 sha256:913bf8e8777c = 스냅샷 일치

✅ 복원 완료 · 소요 1.7초 (압축 해제 구간)

  부하 발생기: 컨테이너 perf-k6 (grafana/k6:2.1.0, CPU 상한 4)
  k6 지표 전송: http://prometheus:9090/api/v1/write (native histogram, 5s 간격)
  환경 대조 벤치 실행 중(3축, 약 13초)... single 6078ms · parallel 6697ms · ctxswitch 2453ms
[32m     ✓ login 200[0m
[32m     ✓ board list 200[0m
[32m     ✓ hot daily 200[0m
[32m     ✓ post list 200[0m
[32m     ✓ post detail 200[0m
[32m     ✓ comment list 200[0m
[32m     ✓ friend list 200[0m
[32m     ✓ logout 200[0m
[32m     ✓ received reqs 200[0m
[32m     ✓ chat rooms 200[0m
[32m     ✓ refresh 200[0m
[32m     ✓ user info 200[0m
[32m     ✓ meal today 200[0m
[32m     ✓ unread count 200[0m
[32m     ✓ my posts 200[0m
[32m     ✓ timetable today 200[0m
[32m     ✓ meal month 200[0m
[32m     ✓ comment reaction 200[0m
[32m     ✓ post reaction 2xx[0m
[32m     ✓ post create 2xx[0m
[32m     ✓ ws handshake 101[0m
[32m     ✓ post search 200[0m
[32m     ✓ scrap 2xx[0m
[32m     ✓ post update 200[0m
[32m     ✓ post delete 200[0m
[32m     ✓ chat messages 200[0m
[32m     ✓ chat read 200[0m
[32m     ✓ notif list 200[0m
[32m     ✓ read one 200[0m

     auth_token_refreshes[2m.....................:[0m [36m4[0m       [36;2m0.018682/s[0m
     chat_ws_messages_sent[2m....................:[0m [36m40[0m      [36;2m0.186821/s[0m
     chat_ws_rtt[2m..............................:[0m avg=[36m38.17ms[0m  min=[36m24ms[0m    med=[36m37ms[0m     max=[36m85ms[0m     p(90)=[36m47.4ms[0m   p(95)=[36m53.4ms[0m   p(99)=[36m74.35ms[0m 
     checks[2m...................................:[0m [36m100.00%[0m [36;2m✓ 266[0m      [36;2m✗ 0[0m  
     [32m✓[0m { phase:measure }[2m......................:[0m [36m100.00%[0m [36;2m✓ 116[0m      [36;2m✗ 0[0m  
     [32m✓[0m { phase:rampdown }[2m.....................:[0m [36m100.00%[0m [36;2m✓ 119[0m      [36;2m✗ 0[0m  
     [32m✓[0m { phase:warmup }[2m.......................:[0m [36m100.00%[0m [36;2m✓ 31[0m       [36;2m✗ 0[0m  
     data_received[2m............................:[0m [36m293 kB[0m  [36;2m1.4 kB/s[0m
     data_sent[2m................................:[0m [36m112 kB[0m  [36;2m521 B/s[0m
     http_req_blocked[2m.........................:[0m avg=[36m39.87µs[0m  min=[36m2.66µs[0m  med=[36m9.49µs[0m   max=[36m2.77ms[0m   p(90)=[36m16.93µs[0m  p(95)=[36m20.37µs[0m  p(99)=[36m1.01ms[0m  
     http_req_connecting[2m......................:[0m avg=[36m10.61µs[0m  min=[36m0s[0m      med=[36m0s[0m       max=[36m742.6µs[0m  p(90)=[36m0s[0m       p(95)=[36m0s[0m       p(99)=[36m480.75µs[0m
     http_req_duration[2m........................:[0m avg=[36m33.33ms[0m  min=[36m5.37ms[0m  med=[36m21.4ms[0m   max=[36m372.26ms[0m p(90)=[36m83.58ms[0m  p(95)=[36m107.3ms[0m  p(99)=[36m172.04ms[0m
       { expected_response:true }[2m.............:[0m avg=[36m33.33ms[0m  min=[36m5.37ms[0m  med=[36m21.4ms[0m   max=[36m372.26ms[0m p(90)=[36m83.58ms[0m  p(95)=[36m107.3ms[0m  p(99)=[36m172.04ms[0m
     [32m✓[0m { feature:auth }[2m.......................:[0m avg=[36m78.23ms[0m  min=[36m20.84ms[0m med=[36m92.17ms[0m  max=[36m372.26ms[0m p(90)=[36m111.9ms[0m  p(95)=[36m114ms[0m    p(99)=[36m275.02ms[0m
     [32m✓[0m { feature:board }[2m......................:[0m avg=[36m17.85ms[0m  min=[36m8.99ms[0m  med=[36m12.64ms[0m  max=[36m64.68ms[0m  p(90)=[36m24.02ms[0m  p(95)=[36m40.76ms[0m  p(99)=[36m59.89ms[0m 
     [32m✓[0m { feature:chat }[2m.......................:[0m avg=[36m19.15ms[0m  min=[36m8.97ms[0m  med=[36m19ms[0m     max=[36m58.77ms[0m  p(90)=[36m26.33ms[0m  p(95)=[36m28.01ms[0m  p(99)=[36m48.07ms[0m 
     [32m✓[0m { feature:comment }[2m....................:[0m avg=[36m36.43ms[0m  min=[36m5.37ms[0m  med=[36m27.27ms[0m  max=[36m176.1ms[0m  p(90)=[36m61.27ms[0m  p(95)=[36m77.07ms[0m  p(99)=[36m155.47ms[0m
     [32m✓[0m { feature:friend }[2m.....................:[0m avg=[36m15.05ms[0m  min=[36m6.4ms[0m   med=[36m14.35ms[0m  max=[36m49.64ms[0m  p(90)=[36m20.82ms[0m  p(95)=[36m23ms[0m     p(99)=[36m40.65ms[0m 
     [32m✓[0m { feature:hot }[2m........................:[0m avg=[36m27.17ms[0m  min=[36m16.71ms[0m med=[36m25.72ms[0m  max=[36m36.15ms[0m  p(90)=[36m33.39ms[0m  p(95)=[36m34.62ms[0m  p(99)=[36m35.84ms[0m 
     [32m✓[0m { feature:mypage }[2m.....................:[0m avg=[36m17.43ms[0m  min=[36m7.34ms[0m  med=[36m17.42ms[0m  max=[36m33.77ms[0m  p(90)=[36m25.28ms[0m  p(95)=[36m29.24ms[0m  p(99)=[36m32.87ms[0m 
     [32m✓[0m { feature:notification }[2m...............:[0m avg=[36m20.86ms[0m  min=[36m8.01ms[0m  med=[36m15.51ms[0m  max=[36m49.64ms[0m  p(90)=[36m41.11ms[0m  p(95)=[36m45.37ms[0m  p(99)=[36m48.78ms[0m 
     [32m✓[0m { feature:post }[2m.......................:[0m avg=[36m32.91ms[0m  min=[36m8.12ms[0m  med=[36m23.04ms[0m  max=[36m257.73ms[0m p(90)=[36m42.16ms[0m  p(95)=[36m100.46ms[0m p(99)=[36m203.52ms[0m
     [32m✓[0m { feature:reaction }[2m...................:[0m avg=[36m71.25ms[0m  min=[36m29.42ms[0m med=[36m45.44ms[0m  max=[36m138.88ms[0m p(90)=[36m120.19ms[0m p(95)=[36m129.53ms[0m p(99)=[36m137.01ms[0m
     [32m✓[0m { feature:school }[2m.....................:[0m avg=[36m15.69ms[0m  min=[36m6.4ms[0m   med=[36m16.18ms[0m  max=[36m29.42ms[0m  p(90)=[36m25.46ms[0m  p(95)=[36m27.44ms[0m  p(99)=[36m29.03ms[0m 
     [32m✓[0m { feature:scrap }[2m......................:[0m avg=[36m60.24ms[0m  min=[36m60.24ms[0m med=[36m60.24ms[0m  max=[36m60.24ms[0m  p(90)=[36m60.24ms[0m  p(95)=[36m60.24ms[0m  p(99)=[36m60.24ms[0m 
     [32m✓[0m { feature:timetable }[2m..................:[0m avg=[36m19.05ms[0m  min=[36m7.63ms[0m  med=[36m15.78ms[0m  max=[36m33.73ms[0m  p(90)=[36m30.14ms[0m  p(95)=[36m31.93ms[0m  p(99)=[36m33.37ms[0m 
     [32m✓[0m { name:login,phase:measure }[2m...........:[0m avg=[36m102.58ms[0m min=[36m92.17ms[0m med=[36m105.83ms[0m max=[36m109.74ms[0m p(90)=[36m108.96ms[0m p(95)=[36m109.35ms[0m p(99)=[36m109.66ms[0m
     [32m✓[0m { name:school_search,phase:measure }[2m...:[0m avg=[36m0s[0m       min=[36m0s[0m      med=[36m0s[0m       max=[36m0s[0m       p(90)=[36m0s[0m       p(95)=[36m0s[0m       p(99)=[36m0s[0m      
     [32m✓[0m { op:auth }[2m............................:[0m avg=[36m78.23ms[0m  min=[36m20.84ms[0m med=[36m92.17ms[0m  max=[36m372.26ms[0m p(90)=[36m111.9ms[0m  p(95)=[36m114ms[0m    p(99)=[36m275.02ms[0m
     [32m✓[0m { op:read,phase:measure }[2m..............:[0m avg=[36m25.02ms[0m  min=[36m7.18ms[0m  med=[36m20.82ms[0m  max=[36m257.73ms[0m p(90)=[36m33.82ms[0m  p(95)=[36m51.96ms[0m  p(99)=[36m79.65ms[0m 
     [32m✓[0m { op:write,phase:measure }[2m.............:[0m avg=[36m85.7ms[0m   min=[36m29.42ms[0m med=[36m87.26ms[0m  max=[36m138.88ms[0m p(90)=[36m135.94ms[0m p(95)=[36m137.41ms[0m p(99)=[36m138.58ms[0m
     [32m✓[0m { page:0 }[2m.............................:[0m avg=[36m43.04ms[0m  min=[36m8.12ms[0m  med=[36m26.09ms[0m  max=[36m168.86ms[0m p(90)=[36m79.74ms[0m  p(95)=[36m124.3ms[0m  p(99)=[36m159.94ms[0m
     [32m✓[0m { page:1 }[2m.............................:[0m avg=[36m19.89ms[0m  min=[36m19.89ms[0m med=[36m19.89ms[0m  max=[36m19.89ms[0m  p(90)=[36m19.89ms[0m  p(95)=[36m19.89ms[0m  p(99)=[36m19.89ms[0m 
     [32m✓[0m { page:2 }[2m.............................:[0m avg=[36m0s[0m       min=[36m0s[0m      med=[36m0s[0m       max=[36m0s[0m       p(90)=[36m0s[0m       p(95)=[36m0s[0m       p(99)=[36m0s[0m      
     [32m✓[0m { page:3 }[2m.............................:[0m avg=[36m0s[0m       min=[36m0s[0m      med=[36m0s[0m       max=[36m0s[0m       p(90)=[36m0s[0m       p(95)=[36m0s[0m       p(99)=[36m0s[0m      
     [32m✓[0m { page:4 }[2m.............................:[0m avg=[36m35.27ms[0m  min=[36m32ms[0m    med=[36m35.27ms[0m  max=[36m38.55ms[0m  p(90)=[36m37.89ms[0m  p(95)=[36m38.22ms[0m  p(99)=[36m38.48ms[0m 
     [32m✓[0m { phase:measure }[2m......................:[0m avg=[36m29.85ms[0m  min=[36m7.18ms[0m  med=[36m22.06ms[0m  max=[36m257.73ms[0m p(90)=[36m50.54ms[0m  p(95)=[36m84.29ms[0m  p(99)=[36m137.8ms[0m 
     [32m✓[0m { phase:rampdown }[2m.....................:[0m avg=[36m27.88ms[0m  min=[36m5.37ms[0m  med=[36m17.71ms[0m  max=[36m111.79ms[0m p(90)=[36m58.12ms[0m  p(95)=[36m101.94ms[0m p(99)=[36m109.02ms[0m
     [32m✓[0m { phase:warmup }[2m.......................:[0m avg=[36m64.76ms[0m  min=[36m10.05ms[0m med=[36m32.23ms[0m  max=[36m372.26ms[0m p(90)=[36m116.11ms[0m p(95)=[36m172.12ms[0m p(99)=[36m311.45ms[0m
     http_req_failed[2m..........................:[0m [36m0.00%[0m   [36;2m✓ 0[0m        [36;2m✗ 257[0m
     [32m✓[0m { phase:measure }[2m......................:[0m [36m0.00%[0m   [36;2m✓ 0[0m        [36;2m✗ 112[0m
     [32m✓[0m { phase:rampdown }[2m.....................:[0m [36m0.00%[0m   [36;2m✓ 0[0m        [36;2m✗ 113[0m
     [32m✓[0m { phase:warmup }[2m.......................:[0m [36m0.00%[0m   [36;2m✓ 0[0m        [36;2m✗ 32[0m 
     http_req_receiving[2m.......................:[0m avg=[36m716.7µs[0m  min=[36m66.26µs[0m med=[36m442.3µs[0m  max=[36m48.1ms[0m   p(90)=[36m1.1ms[0m    p(95)=[36m1.29ms[0m   p(99)=[36m2.13ms[0m  
     http_req_sending[2m.........................:[0m avg=[36m69.9µs[0m   min=[36m7.65µs[0m  med=[36m59.23µs[0m  max=[36m312.67µs[0m p(90)=[36m117.03µs[0m p(95)=[36m148.82µs[0m p(99)=[36m252.3µs[0m 
     http_req_tls_handshaking[2m.................:[0m avg=[36m0s[0m       min=[36m0s[0m      med=[36m0s[0m       max=[36m0s[0m       p(90)=[36m0s[0m       p(95)=[36m0s[0m       p(99)=[36m0s[0m      
     http_req_waiting[2m.........................:[0m avg=[36m32.54ms[0m  min=[36m5.11ms[0m  med=[36m20.68ms[0m  max=[36m371.84ms[0m p(90)=[36m82.33ms[0m  p(95)=[36m106.17ms[0m p(99)=[36m170.61ms[0m
     http_reqs[2m................................:[0m [36m257[0m     [36;2m1.200325/s[0m
     [32m✓[0m { feature:auth }[2m.......................:[0m [36m39[0m      [36;2m0.18215/s[0m
     [32m✓[0m { feature:board }[2m......................:[0m [36m13[0m      [36;2m0.060717/s[0m
     [32m✓[0m { feature:chat }[2m.......................:[0m [36m40[0m      [36;2m0.186821/s[0m
     [32m✓[0m { feature:comment }[2m....................:[0m [36m22[0m      [36;2m0.102752/s[0m
     [32m✓[0m { feature:friend }[2m.....................:[0m [36m37[0m      [36;2m0.172809/s[0m
     [32m✓[0m { feature:hot }[2m........................:[0m [36m13[0m      [36;2m0.060717/s[0m
     [32m✓[0m { feature:mypage }[2m.....................:[0m [36m12[0m      [36;2m0.056046/s[0m
     [32m✓[0m { feature:notification }[2m...............:[0m [36m7[0m       [36;2m0.032694/s[0m
     [32m✓[0m { feature:post }[2m.......................:[0m [36m62[0m      [36;2m0.289573/s[0m
     [32m✓[0m { feature:reaction }[2m...................:[0m [36m3[0m       [36;2m0.014012/s[0m
     [32m✓[0m { feature:school }[2m.....................:[0m [36m5[0m       [36;2m0.023353/s[0m
     [32m✓[0m { feature:scrap }[2m......................:[0m [36m1[0m       [36;2m0.004671/s[0m
     [32m✓[0m { feature:timetable }[2m..................:[0m [36m3[0m       [36;2m0.014012/s[0m
     [32m✓[0m { op:auth }[2m............................:[0m [36m39[0m      [36;2m0.18215/s[0m
     [32m✓[0m { op:read }[2m............................:[0m [36m206[0m     [36;2m0.962128/s[0m
     [32m✓[0m { op:write }[2m...........................:[0m [36m12[0m      [36;2m0.056046/s[0m
     [32m✓[0m { page:0 }[2m.............................:[0m [36m10[0m      [36;2m0.046705/s[0m
     [32m✓[0m { page:1 }[2m.............................:[0m [36m1[0m       [36;2m0.004671/s[0m
     [32m✓[0m { page:2 }[2m.............................:[0m [36m0[0m       [36;2m0/s[0m
     [32m✓[0m { page:3 }[2m.............................:[0m [36m0[0m       [36;2m0/s[0m
     [32m✓[0m { page:4 }[2m.............................:[0m [36m2[0m       [36;2m0.009341/s[0m
     [32m✓[0m { phase:measure }[2m......................:[0m [36m112[0m     [36;2m0.523099/s[0m
     [32m✓[0m { phase:rampdown }[2m.....................:[0m [36m113[0m     [36;2m0.527769/s[0m
     [32m✓[0m { phase:warmup }[2m.......................:[0m [36m32[0m      [36;2m0.149457/s[0m
     iteration_duration[2m.......................:[0m avg=[36m8.05s[0m    min=[36m1.25s[0m   med=[36m6.01s[0m    max=[36m27.8s[0m    p(90)=[36m18.08s[0m   p(95)=[36m19.99s[0m   p(99)=[36m23.15s[0m  
     iterations[2m...............................:[0m [36m92[0m      [36;2m0.429688/s[0m
     [32m✓[0m { phase:measure }[2m......................:[0m [36m0[0m       [36;2m0/s[0m
     [32m✓[0m { phase:rampdown }[2m.....................:[0m [36m0[0m       [36;2m0/s[0m
     [32m✓[0m { phase:warmup }[2m.......................:[0m [36m0[0m       [36;2m0/s[0m
     phase_iterations[2m.........................:[0m [36m92[0m      [36;2m0.429688/s[0m
     [32m✓[0m { phase:measure }[2m......................:[0m [36m39[0m      [36;2m0.18215/s[0m
     [32m✓[0m { phase:rampdown }[2m.....................:[0m [36m50[0m      [36;2m0.233526/s[0m
     [32m✓[0m { phase:warmup }[2m.......................:[0m [36m3[0m       [36;2m0.014012/s[0m
     vus[2m......................................:[0m [36m1[0m       [36;2mmin=0[0m      [36;2mmax=5[0m
     vus_max[2m..................................:[0m [36m5[0m       [36;2mmin=5[0m      [36;2mmax=5[0m
     ws_connecting[2m............................:[0m avg=[36m8.3ms[0m    min=[36m4.48ms[0m  med=[36m6ms[0m      max=[36m29.3ms[0m   p(90)=[36m11.28ms[0m  p(95)=[36m20.29ms[0m  p(99)=[36m27.5ms[0m  
     ws_msgs_received[2m.........................:[0m [36m48[0m      [36;2m0.224185/s[0m
     ws_msgs_sent[2m.............................:[0m [36m58[0m      [36;2m0.27089/s[0m
     ws_session_duration[2m......................:[0m avg=[36m20.43s[0m   min=[36m16.56s[0m  med=[36m19.14s[0m   max=[36m27.78s[0m   p(90)=[36m23.7s[0m    p(95)=[36m25.74s[0m   p(99)=[36m27.37s[0m  
     ws_sessions[2m..............................:[0m [36m9[0m       [36;2m0.042035/s[0m  호스트(Windows) 41표본 · CPU 6.3% (max 9.8) · 주파수 73.3% (min 59.3) · 대기스레드 1.80 · 가용메모리 4519MB

  실행 후 상태 sha256:e2941cea41d2 — chat_messages.count +40, chat_messages.maxId +40, posts.maxId +3, posts.count +2, comments_reactions.count +2 (외 6개)
    (지문 제외 항목: posts.sumViewCount +33)
Prometheus 스크레이프 대기 20초...

══════════════════════════════════════════════════════════════════════════
  Performance Report — registration-day   Run #78   ⚠️  WARN
══════════════════════════════════════════════════════════════════════════
  환경 perf  |  브랜치 personal/localdocs  |  커밋 3e96d946  |  빌드 local
  시작 2026-08-18 22:36:53 KST  |  수행 3m 34s  |  VU max 5
  데이터셋 smoke  |  부하 ramping-vus 0→5@30s→5@1m0s→0@2m0s

  ── 성능 (measure 구간) ─────────────────────────────────────────
  평균 30ms      P95 84ms      P99 138ms    
  RPS  1.9       TPS 0.65      오류율 0.00%

  ── 인프라 ────────────────────────────────────────────────────────
  CPU  0.27 core (한계의 14%)   throttled 1.3%
  Heap 357 MB (35%)   GC max 17ms × 0회
  DB   slow 47  QPS 30.5  풀 0%  대기 0
  Redis hit 89.6%  ops 6.4/s  evicted 0

  ── 회귀 ──────────────────────────────────────────────────────────
  비교 기준이 없습니다 (이 시나리오의 첫 실행). 다음 실행부터 비교됩니다.

  ── 병목 가설 ─────────────────────────────────────────────────────
  • CPU throttling 발생
    cgroup이 CPU를 강제 회수한 주기가 1.3%다. CPU 한계(2 core)를 올리거나 요청당 CPU 사용을 줄여야 p99가 안정된다.
  • HTTP 요청당 쿼리 수 과다
    요청 1건당 평균 16.3개 쿼리가 실행됐다. N+1 패턴 가능성이 높다.
  • Slow Query 다발
    요청 1000건당 418.8건의 slow query(>100ms). 인덱스 또는 쿼리 계획 점검 대상.

  보고서 : reports\runs\registration-day-2026-08-18T13-40-27\report.html
  Grafana(전체 실행): http://localhost:3001/d/htd-perf-overview/highteenday-performance-overview?from=1787060093723&to=1787060547832
  Grafana(measure) : http://localhost:3001/d/htd-perf-overview/highteenday-performance-overview?from=1787060123723&to=1787060423723
══════════════════════════════════════════════════════════════════════════

[2026-08-18T13:40:48.768Z] 완료 1-smoke-registration-day — exit 0, runs registration-day-2026-08-18T13-40-27

[2026-08-18T13:40:48.770Z] 시작 1-smoke-write-heavy
  C:\Users\user\AppData\Local\nvm\v22.23.1\node.exe tools\perf-run.js scenarios/write-heavy.js --vus 5 --warmup 30 --hold 1m --dataset smoke --loadgen docker --no-gate --note 스모크 배관 확인 — 밤새 목록 재개 --quiet

▶ k6 run scenarios/write-heavy.js
  브랜치 personal/localdocs · 커밋 3e96d9463207 · 실행자 user@DESKTOP-DJJPASG
  환경 perf · "스모크 배관 확인 — 밤새 목록 재개"
  데이터셋 smoke · 상태 sha256:e2941cea41d2 (108ms)
  캐시 warm (키 86개)
  guard strict — 상태 불일치 시 스냅샷 복원 후 재확인 [perf.config.json]
    guard=strict — 스냅샷으로 복원합니다.
▶ 복원 — smoke-20260816-052723 → perf-mysql-data-smoke
  앱·MySQL 정지
  MySQL 기동
  Redis FLUSHALL (복원 후 캐시는 cold 다)
  앱 기동
  복원 후 상태 지문 sha256:913bf8e8777c = 스냅샷 일치

✅ 복원 완료 · 소요 1.7초 (압축 해제 구간)

  부하 발생기: 컨테이너 perf-k6 (grafana/k6:2.1.0, CPU 상한 4)
  k6 지표 전송: http://prometheus:9090/api/v1/write (native histogram, 5s 간격)
  환경 대조 벤치 실행 중(3축, 약 13초)... single 5685ms · parallel 7374ms · ctxswitch 2510ms
[32m     ✓ login 200[0m
[32m     ✓ chat rooms 200[0m
[32m     ✓ chat messages 200[0m
[32m     ✓ chat read 200[0m
[32m     ✓ user info 200[0m
[32m     ✓ post create 2xx[0m
[32m     ✓ my posts 200[0m
[32m     ✓ unread count 200[0m
[32m     ✓ post detail 200[0m
[32m     ✓ board list 200[0m
[32m     ✓ comment list 200[0m
[32m     ✓ comment reaction 200[0m
[32m     ✓ hot daily 200[0m
[32m     ✓ notif list 200[0m
[32m     ✓ post list 200[0m
[32m     ✓ read all 200[0m
[32m     ✓ post update 200[0m
[32m     ✓ post delete 200[0m
[32m     ✓ post reaction 2xx[0m
[32m     ✓ read one 200[0m
[32m     ✓ comment create 2xx[0m
[32m     ✓ refresh 200[0m
[32m     ✓ scrap 2xx[0m
[32m     ✓ ws handshake 101[0m
[32m     ✓ friend list 200[0m
[32m     ✓ logout 200[0m
[32m     ✓ received reqs 200[0m

     auth_token_refreshes[2m...........:[0m [36m1[0m       [36;2m0.004701/s[0m
     chat_ws_messages_sent[2m..........:[0m [36m43[0m      [36;2m0.202153/s[0m
     chat_ws_rtt[2m....................:[0m avg=[36m42.09ms[0m  min=[36m22ms[0m    med=[36m41ms[0m     max=[36m98ms[0m     p(90)=[36m51.8ms[0m   p(95)=[36m67.24ms[0m  p(99)=[36m86.51ms[0m 
     checks[2m.........................:[0m [36m100.00%[0m [36;2m✓ 303[0m      [36;2m✗ 0[0m  
     [32m✓[0m { phase:measure }[2m............:[0m [36m100.00%[0m [36;2m✓ 122[0m      [36;2m✗ 0[0m  
     [32m✓[0m { phase:rampdown }[2m...........:[0m [36m100.00%[0m [36;2m✓ 151[0m      [36;2m✗ 0[0m  
     [32m✓[0m { phase:warmup }[2m.............:[0m [36m100.00%[0m [36;2m✓ 30[0m       [36;2m✗ 0[0m  
     data_received[2m..................:[0m [36m333 kB[0m  [36;2m1.6 kB/s[0m
     data_sent[2m......................:[0m [36m140 kB[0m  [36;2m659 B/s[0m
     http_req_blocked[2m...............:[0m avg=[36m19.56µs[0m  min=[36m2.65µs[0m  med=[36m8.95µs[0m   max=[36m1.18ms[0m   p(90)=[36m16.28µs[0m  p(95)=[36m17.27µs[0m  p(99)=[36m442.76µs[0m
     http_req_connecting[2m............:[0m avg=[36m5.27µs[0m   min=[36m0s[0m      med=[36m0s[0m       max=[36m460.26µs[0m p(90)=[36m0s[0m       p(95)=[36m0s[0m       p(99)=[36m301.96µs[0m
     http_req_duration[2m..............:[0m avg=[36m32.05ms[0m  min=[36m6.64ms[0m  med=[36m25.15ms[0m  max=[36m355.18ms[0m p(90)=[36m50.95ms[0m  p(95)=[36m69.7ms[0m   p(99)=[36m140.16ms[0m
       { expected_response:true }[2m...:[0m avg=[36m32.05ms[0m  min=[36m6.64ms[0m  med=[36m25.15ms[0m  max=[36m355.18ms[0m p(90)=[36m50.95ms[0m  p(95)=[36m69.7ms[0m   p(99)=[36m140.16ms[0m
     [32m✓[0m { feature:auth }[2m.............:[0m avg=[36m118.35ms[0m min=[36m30.37ms[0m med=[36m97.91ms[0m  max=[36m355.18ms[0m p(90)=[36m191.72ms[0m p(95)=[36m273.45ms[0m p(99)=[36m338.84ms[0m
     [32m✓[0m { feature:board }[2m............:[0m avg=[36m13.97ms[0m  min=[36m7.09ms[0m  med=[36m13.84ms[0m  max=[36m20.53ms[0m  p(90)=[36m18.5ms[0m   p(95)=[36m19.33ms[0m  p(99)=[36m20.29ms[0m 
     [32m✓[0m { feature:chat }[2m.............:[0m avg=[36m27.29ms[0m  min=[36m9.76ms[0m  med=[36m19.29ms[0m  max=[36m139.53ms[0m p(90)=[36m47.19ms[0m  p(95)=[36m58.88ms[0m  p(99)=[36m122.71ms[0m
     [32m✓[0m { feature:comment }[2m..........:[0m avg=[36m38.5ms[0m   min=[36m6.64ms[0m  med=[36m37.36ms[0m  max=[36m117.05ms[0m p(90)=[36m68.2ms[0m   p(95)=[36m73.48ms[0m  p(99)=[36m103.39ms[0m
     [32m✓[0m { feature:friend }[2m...........:[0m avg=[36m14.46ms[0m  min=[36m6.77ms[0m  med=[36m12.85ms[0m  max=[36m25.36ms[0m  p(90)=[36m22.85ms[0m  p(95)=[36m24.11ms[0m  p(99)=[36m25.11ms[0m 
     [32m✓[0m { feature:hot }[2m..............:[0m avg=[36m26.62ms[0m  min=[36m17.73ms[0m med=[36m27.52ms[0m  max=[36m39.49ms[0m  p(90)=[36m35.49ms[0m  p(95)=[36m37.31ms[0m  p(99)=[36m39.05ms[0m 
     [32m✓[0m { feature:mypage }[2m...........:[0m avg=[36m16.68ms[0m  min=[36m8.75ms[0m  med=[36m15.01ms[0m  max=[36m33.9ms[0m   p(90)=[36m25.42ms[0m  p(95)=[36m29.66ms[0m  p(99)=[36m33.05ms[0m 
     [32m✓[0m { feature:notification }[2m.....:[0m avg=[36m23.21ms[0m  min=[36m7.12ms[0m  med=[36m19.21ms[0m  max=[36m61.96ms[0m  p(90)=[36m41.62ms[0m  p(95)=[36m52.79ms[0m  p(99)=[36m60.5ms[0m  
     [32m✓[0m { feature:post }[2m.............:[0m avg=[36m30.46ms[0m  min=[36m9.95ms[0m  med=[36m25.95ms[0m  max=[36m216.46ms[0m p(90)=[36m45.56ms[0m  p(95)=[36m50.86ms[0m  p(99)=[36m134.2ms[0m 
     [32m✓[0m { feature:reaction }[2m.........:[0m avg=[36m43.82ms[0m  min=[36m25.77ms[0m med=[36m43.59ms[0m  max=[36m72.71ms[0m  p(90)=[36m54.8ms[0m   p(95)=[36m60.47ms[0m  p(99)=[36m70.26ms[0m 
     [32m✓[0m { feature:school }[2m...........:[0m avg=[36m0s[0m       min=[36m0s[0m      med=[36m0s[0m       max=[36m0s[0m       p(90)=[36m0s[0m       p(95)=[36m0s[0m       p(99)=[36m0s[0m      
     [32m✓[0m { feature:scrap }[2m............:[0m avg=[36m37.81ms[0m  min=[36m29.61ms[0m med=[36m39.71ms[0m  max=[36m44.56ms[0m  p(90)=[36m43.06ms[0m  p(95)=[36m43.81ms[0m  p(99)=[36m44.41ms[0m 
     [32m✓[0m { feature:timetable }[2m........:[0m avg=[36m0s[0m       min=[36m0s[0m      med=[36m0s[0m       max=[36m0s[0m       p(90)=[36m0s[0m       p(95)=[36m0s[0m       p(99)=[36m0s[0m      
     [32m✓[0m { op:auth }[2m..................:[0m avg=[36m118.35ms[0m min=[36m30.37ms[0m med=[36m97.91ms[0m  max=[36m355.18ms[0m p(90)=[36m191.72ms[0m p(95)=[36m273.45ms[0m p(99)=[36m338.84ms[0m
     [32m✓[0m { op:read,phase:measure }[2m....:[0m avg=[36m23.75ms[0m  min=[36m7.09ms[0m  med=[36m20.15ms[0m  max=[36m117.05ms[0m p(90)=[36m38.31ms[0m  p(95)=[36m42.66ms[0m  p(99)=[36m88.48ms[0m 
     [32m✓[0m { op:write,phase:measure }[2m...:[0m avg=[36m38.47ms[0m  min=[36m14.61ms[0m med=[36m36.9ms[0m   max=[36m80.31ms[0m  p(90)=[36m52.8ms[0m   p(95)=[36m65.3ms[0m   p(99)=[36m75.03ms[0m 
     [32m✓[0m { page:0 }[2m...................:[0m avg=[36m65.18ms[0m  min=[36m18.29ms[0m med=[36m28.44ms[0m  max=[36m216.46ms[0m p(90)=[36m145.31ms[0m p(95)=[36m180.89ms[0m p(99)=[36m209.35ms[0m
     [32m✓[0m { page:1 }[2m...................:[0m avg=[36m33.51ms[0m  min=[36m18.89ms[0m med=[36m28.75ms[0m  max=[36m57.64ms[0m  p(90)=[36m49.73ms[0m  p(95)=[36m53.68ms[0m  p(99)=[36m56.85ms[0m 
     [32m✓[0m { page:2 }[2m...................:[0m avg=[36m31.8ms[0m   min=[36m31.29ms[0m med=[36m31.8ms[0m   max=[36m32.31ms[0m  p(90)=[36m32.21ms[0m  p(95)=[36m32.26ms[0m  p(99)=[36m32.3ms[0m  
     [32m✓[0m { page:3 }[2m...................:[0m avg=[36m44.53ms[0m  min=[36m44.53ms[0m med=[36m44.53ms[0m  max=[36m44.53ms[0m  p(90)=[36m44.53ms[0m  p(95)=[36m44.53ms[0m  p(99)=[36m44.53ms[0m 
     [32m✓[0m { page:4 }[2m...................:[0m avg=[36m34.05ms[0m  min=[36m27.91ms[0m med=[36m34.05ms[0m  max=[36m40.18ms[0m  p(90)=[36m38.96ms[0m  p(95)=[36m39.57ms[0m  p(99)=[36m40.06ms[0m 
     [32m✓[0m { phase:measure }[2m............:[0m avg=[36m29.73ms[0m  min=[36m7.09ms[0m  med=[36m26.07ms[0m  max=[36m117.05ms[0m p(90)=[36m46.34ms[0m  p(95)=[36m62.35ms[0m  p(99)=[36m79.51ms[0m 
     [32m✓[0m { phase:rampdown }[2m...........:[0m avg=[36m26.52ms[0m  min=[36m6.64ms[0m  med=[36m22.44ms[0m  max=[36m110.36ms[0m p(90)=[36m45.24ms[0m  p(95)=[36m51.25ms[0m  p(99)=[36m87.52ms[0m 
     [32m✓[0m { phase:warmup }[2m.............:[0m avg=[36m67.09ms[0m  min=[36m9.18ms[0m  med=[36m39.86ms[0m  max=[36m355.18ms[0m p(90)=[36m139.53ms[0m p(95)=[36m184.33ms[0m p(99)=[36m313.57ms[0m
     http_req_failed[2m................:[0m [36m0.00%[0m   [36;2m✓ 0[0m        [36;2m✗ 296[0m
     [32m✓[0m { phase:measure }[2m............:[0m [36m0.00%[0m   [36;2m✓ 0[0m        [36;2m✗ 118[0m
     [32m✓[0m { phase:rampdown }[2m...........:[0m [36m0.00%[0m   [36;2m✓ 0[0m        [36;2m✗ 147[0m
     [32m✓[0m { phase:warmup }[2m.............:[0m [36m0.00%[0m   [36;2m✓ 0[0m        [36;2m✗ 31[0m 
     http_req_receiving[2m.............:[0m avg=[36m451.64µs[0m min=[36m61.08µs[0m med=[36m395.16µs[0m max=[36m2.91ms[0m   p(90)=[36m939.06µs[0m p(95)=[36m1.13ms[0m   p(99)=[36m1.87ms[0m  
     http_req_sending[2m...............:[0m avg=[36m69.84µs[0m  min=[36m8.43µs[0m  med=[36m58.88µs[0m  max=[36m275.49µs[0m p(90)=[36m119.66µs[0m p(95)=[36m145.63µs[0m p(99)=[36m225.82µs[0m
     http_req_tls_handshaking[2m.......:[0m avg=[36m0s[0m       min=[36m0s[0m      med=[36m0s[0m       max=[36m0s[0m       p(90)=[36m0s[0m       p(95)=[36m0s[0m       p(99)=[36m0s[0m      
     http_req_waiting[2m...............:[0m avg=[36m31.52ms[0m  min=[36m6.28ms[0m  med=[36m24.43ms[0m  max=[36m354.97ms[0m p(90)=[36m50.7ms[0m   p(95)=[36m69.34ms[0m  p(99)=[36m138.1ms[0m 
     http_reqs[2m......................:[0m [36m296[0m     [36;2m1.391568/s[0m
     [32m✓[0m { feature:auth }[2m.............:[0m [36m8[0m       [36;2m0.03761/s[0m
     [32m✓[0m { feature:board }[2m............:[0m [36m14[0m      [36;2m0.065817/s[0m
     [32m✓[0m { feature:chat }[2m.............:[0m [36m22[0m      [36;2m0.103427/s[0m
     [32m✓[0m { feature:comment }[2m..........:[0m [36m34[0m      [36;2m0.159842/s[0m
     [32m✓[0m { feature:friend }[2m...........:[0m [36m4[0m       [36;2m0.018805/s[0m
     [32m✓[0m { feature:hot }[2m..............:[0m [36m14[0m      [36;2m0.065817/s[0m
     [32m✓[0m { feature:mypage }[2m...........:[0m [36m10[0m      [36;2m0.047012/s[0m
     [32m✓[0m { feature:notification }[2m.....:[0m [36m26[0m      [36;2m0.122232/s[0m
     [32m✓[0m { feature:post }[2m.............:[0m [36m144[0m     [36;2m0.676979/s[0m
     [32m✓[0m { feature:reaction }[2m.........:[0m [36m15[0m      [36;2m0.070519/s[0m
     [32m✓[0m { feature:school }[2m...........:[0m [36m0[0m       [36;2m0/s[0m
     [32m✓[0m { feature:scrap }[2m............:[0m [36m5[0m       [36;2m0.023506/s[0m
     [32m✓[0m { feature:timetable }[2m........:[0m [36m0[0m       [36;2m0/s[0m
     [32m✓[0m { op:auth }[2m..................:[0m [36m8[0m       [36;2m0.03761/s[0m
     [32m✓[0m { op:read }[2m..................:[0m [36m189[0m     [36;2m0.888535/s[0m
     [32m✓[0m { op:write }[2m.................:[0m [36m99[0m      [36;2m0.465423/s[0m
     [32m✓[0m { page:0 }[2m...................:[0m [36m5[0m       [36;2m0.023506/s[0m
     [32m✓[0m { page:1 }[2m...................:[0m [36m4[0m       [36;2m0.018805/s[0m
     [32m✓[0m { page:2 }[2m...................:[0m [36m2[0m       [36;2m0.009402/s[0m
     [32m✓[0m { page:3 }[2m...................:[0m [36m1[0m       [36;2m0.004701/s[0m
     [32m✓[0m { page:4 }[2m...................:[0m [36m2[0m       [36;2m0.009402/s[0m
     [32m✓[0m { phase:measure }[2m............:[0m [36m118[0m     [36;2m0.554747/s[0m
     [32m✓[0m { phase:rampdown }[2m...........:[0m [36m147[0m     [36;2m0.691083/s[0m
     [32m✓[0m { phase:warmup }[2m.............:[0m [36m31[0m      [36;2m0.145739/s[0m
     iteration_duration[2m.............:[0m avg=[36m6.5s[0m     min=[36m1.09s[0m   med=[36m4.43s[0m    max=[36m28.15s[0m   p(90)=[36m15.76s[0m   p(95)=[36m17.89s[0m   p(99)=[36m26.17s[0m  
     iterations[2m.....................:[0m [36m116[0m     [36;2m0.545344/s[0m
     [32m✓[0m { phase:measure }[2m............:[0m [36m0[0m       [36;2m0/s[0m
     [32m✓[0m { phase:rampdown }[2m...........:[0m [36m0[0m       [36;2m0/s[0m
     [32m✓[0m { phase:warmup }[2m.............:[0m [36m0[0m       [36;2m0/s[0m
     phase_iterations[2m...............:[0m [36m116[0m     [36;2m0.545344/s[0m
     [32m✓[0m { phase:measure }[2m............:[0m [36m51[0m      [36;2m0.239763/s[0m
     [32m✓[0m { phase:rampdown }[2m...........:[0m [36m58[0m      [36;2m0.272672/s[0m
     [32m✓[0m { phase:warmup }[2m.............:[0m [36m7[0m       [36;2m0.032909/s[0m
     vus[2m............................:[0m [36m1[0m       [36;2mmin=0[0m      [36;2mmax=5[0m
     vus_max[2m........................:[0m [36m5[0m       [36;2mmin=5[0m      [36;2mmax=5[0m
     ws_connecting[2m..................:[0m avg=[36m9.26ms[0m   min=[36m4.21ms[0m  med=[36m6.22ms[0m   max=[36m28.43ms[0m  p(90)=[36m16.27ms[0m  p(95)=[36m22.35ms[0m  p(99)=[36m27.21ms[0m 
     ws_msgs_received[2m...............:[0m [36m49[0m      [36;2m0.230361/s[0m
     ws_msgs_sent[2m...................:[0m [36m57[0m      [36;2m0.267971/s[0m
     ws_session_duration[2m............:[0m avg=[36m22.59s[0m   min=[36m15.98s[0m  med=[36m25.36s[0m   max=[36m28.13s[0m   p(90)=[36m27s[0m      p(95)=[36m27.56s[0m   p(99)=[36m28.02s[0m  
     ws_sessions[2m....................:[0m [36m7[0m       [36;2m0.032909/s[0m  호스트(Windows) 41표본 · CPU 6.3% (max 11.3) · 주파수 75.9% (min 62.0) · 대기스레드 4.76 · 가용메모리 3952MB

  실행 후 상태 sha256:09e2376ae104 — chat_messages.count +43, chat_messages.maxId +43, posts.maxId +36, posts.count +24, comments.count +10 (외 13개)
    (지문 제외 항목: posts.sumViewCount +45)
Prometheus 스크레이프 대기 20초...

══════════════════════════════════════════════════════════════════════════
  Performance Report — write-heavy   Run #79   ✅ PASS
══════════════════════════════════════════════════════════════════════════
  ⚠  부분 측정 — 참고 지표 2건 결측. 판정 자체는 유효합니다.
  환경 perf  |  브랜치 personal/localdocs  |  커밋 3e96d946  |  빌드 local
  시작 2026-08-18 22:41:58 KST  |  수행 3m 33s  |  VU max 5
  데이터셋 smoke  |  부하 ramping-vus 0→5@30s→5@1m0s→0@2m0s

  ── 성능 (measure 구간) ─────────────────────────────────────────
  평균 30ms      P95 62ms      P99 80ms     
  RPS  2.0       TPS 0.85      오류율 0.00%

  ── 인프라 ────────────────────────────────────────────────────────
  CPU  0.42 core (한계의 21%)   throttled 0.4%
  Heap 684 MB (67%)   GC max — × —회
  DB   slow 31  QPS 32.9  풀 0%  대기 0
  Redis hit 90.9%  ops 7.8/s  evicted 0

  ── 회귀 ──────────────────────────────────────────────────────────
  비교 기준이 없습니다 (이 시나리오의 첫 실행). 다음 실행부터 비교됩니다.

  ── 병목 가설 ─────────────────────────────────────────────────────
  • HTTP 요청당 쿼리 수 과다
    요청 1건당 평균 16.7개 쿼리가 실행됐다. N+1 패턴 가능성이 높다.
  • Slow Query 다발
    요청 1000건당 258.9건의 slow query(>100ms). 인덱스 또는 쿼리 계획 점검 대상.

  보고서 : reports\runs\write-heavy-2026-08-18T13-45-31\report.html
  Grafana(전체 실행): http://localhost:3001/d/htd-perf-overview/highteenday-performance-overview?from=1787060398987&to=1787060851697
  Grafana(measure) : http://localhost:3001/d/htd-perf-overview/highteenday-performance-overview?from=1787060428987&to=1787060728987
══════════════════════════════════════════════════════════════════════════

[2026-08-18T13:45:52.580Z] 완료 1-smoke-write-heavy — exit 0, runs write-heavy-2026-08-18T13-45-31

[2026-08-18T13:45:52.582Z] 시작 1-smoke-cache-warm
  C:\Users\user\AppData\Local\nvm\v22.23.1\node.exe tools\perf-run.js scenarios/cache-warm.js --vus 5 --warmup 30 --hold 1m --dataset smoke --loadgen docker --no-gate --note 스모크 배관 확인 — 밤새 목록 재개 --quiet

▶ k6 run scenarios/cache-warm.js
  브랜치 personal/localdocs · 커밋 3e96d9463207 · 실행자 user@DESKTOP-DJJPASG
  환경 perf · "스모크 배관 확인 — 밤새 목록 재개"
  데이터셋 smoke · 상태 sha256:09e2376ae104 (126ms)
  캐시 warm (키 136개)
  guard strict — 상태 불일치 시 스냅샷 복원 후 재확인 [perf.config.json]
    guard=strict — 스냅샷으로 복원합니다.
▶ 복원 — smoke-20260816-052723 → perf-mysql-data-smoke
  앱·MySQL 정지
  MySQL 기동
  Redis FLUSHALL (복원 후 캐시는 cold 다)
  앱 기동
  복원 후 상태 지문 sha256:913bf8e8777c = 스냅샷 일치

✅ 복원 완료 · 소요 1.8초 (압축 해제 구간)

  부하 발생기: 컨테이너 perf-k6 (grafana/k6:2.1.0, CPU 상한 4)
  k6 지표 전송: http://prometheus:9090/api/v1/write (native histogram, 5s 간격)
  환경 대조 벤치 실행 중(3축, 약 13초)... single 5760ms · parallel 6437ms · ctxswitch 2431ms
[32m     ✓ login 200[0m
[32m     ✓ unread count 200[0m
[32m     ✓ board list 200[0m
[32m     ✓ hot daily 200[0m
[32m     ✓ post list 200[0m
[32m     ✓ post detail 200[0m
[32m     ✓ comment list 200[0m
[32m     ✓ post search 200[0m
[32m     ✓ friend list 200[0m
[32m     ✓ received reqs 200[0m
[32m     ✓ comment create 2xx[0m
[32m     ✓ chat rooms 200[0m
[32m     ✓ notif list 200[0m
[32m     ✓ read one 200[0m
[32m     ✓ meal today 200[0m
[32m     ✓ timetable today 200[0m
[32m     ✓ user info 200[0m
[32m     ✓ my posts 200[0m
[32m     ✓ ws handshake 101[0m
[32m     ✓ chat messages 200[0m
[32m     ✓ chat read 200[0m

     chat_ws_messages_sent[2m..........:[0m [36m14[0m      [36;2m0.105481/s[0m
     chat_ws_rtt[2m....................:[0m avg=[36m44.57ms[0m  min=[36m27ms[0m    med=[36m42ms[0m     max=[36m61ms[0m     p(90)=[36m55.8ms[0m   p(95)=[36m58.4ms[0m   p(99)=[36m60.48ms[0m 
     checks[2m.........................:[0m [36m100.00%[0m [36;2m✓ 245[0m      [36;2m✗ 0[0m  
     [32m✓[0m { phase:measure }[2m............:[0m [36m100.00%[0m [36;2m✓ 182[0m      [36;2m✗ 0[0m  
     [32m✓[0m { phase:rampdown }[2m...........:[0m [36m0.00%[0m   [36;2m✓ 0[0m        [36;2m✗ 0[0m  
     [32m✓[0m { phase:warmup }[2m.............:[0m [36m100.00%[0m [36;2m✓ 63[0m       [36;2m✗ 0[0m  
     data_received[2m..................:[0m [36m393 kB[0m  [36;2m3.0 kB/s[0m
     data_sent[2m......................:[0m [36m97 kB[0m   [36;2m728 B/s[0m
     http_req_blocked[2m...............:[0m avg=[36m33.83µs[0m  min=[36m2.65µs[0m  med=[36m10.21µs[0m  max=[36m1.18ms[0m   p(90)=[36m18.77µs[0m  p(95)=[36m27.23µs[0m  p(99)=[36m830µs[0m   
     http_req_connecting[2m............:[0m avg=[36m12.74µs[0m  min=[36m0s[0m      med=[36m0s[0m       max=[36m869.62µs[0m p(90)=[36m0s[0m       p(95)=[36m0s[0m       p(99)=[36m416µs[0m   
     http_req_duration[2m..............:[0m avg=[36m36.23ms[0m  min=[36m5.29ms[0m  med=[36m21.57ms[0m  max=[36m537.08ms[0m p(90)=[36m51.8ms[0m   p(95)=[36m102.38ms[0m p(99)=[36m445.67ms[0m
       { expected_response:true }[2m...:[0m avg=[36m36.23ms[0m  min=[36m5.29ms[0m  med=[36m21.57ms[0m  max=[36m537.08ms[0m p(90)=[36m51.8ms[0m   p(95)=[36m102.38ms[0m p(99)=[36m445.67ms[0m
     [32m✓[0m { feature:auth }[2m.............:[0m avg=[36m295.76ms[0m min=[36m99.35ms[0m med=[36m142.37ms[0m max=[36m537.08ms[0m p(90)=[36m536.78ms[0m p(95)=[36m536.93ms[0m p(99)=[36m537.05ms[0m
     [32m✓[0m { feature:board }[2m............:[0m avg=[36m22.54ms[0m  min=[36m5.45ms[0m  med=[36m14.71ms[0m  max=[36m121.66ms[0m p(90)=[36m25.48ms[0m  p(95)=[36m106.16ms[0m p(99)=[36m121.34ms[0m
     [32m✓[0m { feature:chat }[2m.............:[0m avg=[36m22.56ms[0m  min=[36m12.02ms[0m med=[36m17.69ms[0m  max=[36m50.75ms[0m  p(90)=[36m36.65ms[0m  p(95)=[36m43.7ms[0m   p(99)=[36m49.34ms[0m 
     [32m✓[0m { feature:comment }[2m..........:[0m avg=[36m36.79ms[0m  min=[36m5.29ms[0m  med=[36m21.47ms[0m  max=[36m211.92ms[0m p(90)=[36m74.64ms[0m  p(95)=[36m111.92ms[0m p(99)=[36m184.76ms[0m
     [32m✓[0m { feature:friend }[2m...........:[0m avg=[36m42.65ms[0m  min=[36m22.59ms[0m med=[36m42.65ms[0m  max=[36m62.71ms[0m  p(90)=[36m58.7ms[0m   p(95)=[36m60.71ms[0m  p(99)=[36m62.31ms[0m 
     [32m✓[0m { feature:hot }[2m..............:[0m avg=[36m25.97ms[0m  min=[36m8.79ms[0m  med=[36m26.11ms[0m  max=[36m40.57ms[0m  p(90)=[36m35.39ms[0m  p(95)=[36m37.09ms[0m  p(99)=[36m39.84ms[0m 
     [32m✓[0m { feature:mypage }[2m...........:[0m avg=[36m23.74ms[0m  min=[36m20.85ms[0m med=[36m23.74ms[0m  max=[36m26.63ms[0m  p(90)=[36m26.05ms[0m  p(95)=[36m26.34ms[0m  p(99)=[36m26.57ms[0m 
     [32m✓[0m { feature:notification }[2m.....:[0m avg=[36m27.04ms[0m  min=[36m6.55ms[0m  med=[36m19.15ms[0m  max=[36m73.87ms[0m  p(90)=[36m50.13ms[0m  p(95)=[36m60.06ms[0m  p(99)=[36m71.11ms[0m 
     [32m✓[0m { feature:post }[2m.............:[0m avg=[36m27.04ms[0m  min=[36m6.84ms[0m  med=[36m21.98ms[0m  max=[36m321.03ms[0m p(90)=[36m30.88ms[0m  p(95)=[36m44.09ms[0m  p(99)=[36m228.75ms[0m
     [32m✓[0m { feature:reaction }[2m.........:[0m avg=[36m0s[0m       min=[36m0s[0m      med=[36m0s[0m       max=[36m0s[0m       p(90)=[36m0s[0m       p(95)=[36m0s[0m       p(99)=[36m0s[0m      
     [32m✓[0m { feature:school }[2m...........:[0m avg=[36m15.61ms[0m  min=[36m13.98ms[0m med=[36m15.61ms[0m  max=[36m17.24ms[0m  p(90)=[36m16.91ms[0m  p(95)=[36m17.08ms[0m  p(99)=[36m17.21ms[0m 
     [32m✓[0m { feature:scrap }[2m............:[0m avg=[36m0s[0m       min=[36m0s[0m      med=[36m0s[0m       max=[36m0s[0m       p(90)=[36m0s[0m       p(95)=[36m0s[0m       p(99)=[36m0s[0m      
     [32m✓[0m { feature:timetable }[2m........:[0m avg=[36m21.81ms[0m  min=[36m15.01ms[0m med=[36m21.81ms[0m  max=[36m28.62ms[0m  p(90)=[36m27.26ms[0m  p(95)=[36m27.94ms[0m  p(99)=[36m28.48ms[0m 
     [32m✓[0m { op:auth }[2m..................:[0m avg=[36m295.76ms[0m min=[36m99.35ms[0m med=[36m142.37ms[0m max=[36m537.08ms[0m p(90)=[36m536.78ms[0m p(95)=[36m536.93ms[0m p(99)=[36m537.05ms[0m
     [32m✓[0m { op:read,phase:measure }[2m....:[0m avg=[36m19.75ms[0m  min=[36m5.29ms[0m  med=[36m18.74ms[0m  max=[36m51.5ms[0m   p(90)=[36m31.63ms[0m  p(95)=[36m36.42ms[0m  p(99)=[36m48.13ms[0m 
     [32m✓[0m { op:write,phase:measure }[2m...:[0m avg=[36m46.07ms[0m  min=[36m15.48ms[0m med=[36m51.88ms[0m  max=[36m63.36ms[0m  p(90)=[36m61.62ms[0m  p(95)=[36m62.49ms[0m  p(99)=[36m63.18ms[0m 
     [32m✓[0m { page:0 }[2m...................:[0m avg=[36m92.48ms[0m  min=[36m7.09ms[0m  med=[36m19.74ms[0m  max=[36m321.03ms[0m p(90)=[36m270.47ms[0m p(95)=[36m295.75ms[0m p(99)=[36m315.97ms[0m
     [32m✓[0m { page:1 }[2m...................:[0m avg=[36m21.26ms[0m  min=[36m6.84ms[0m  med=[36m20.33ms[0m  max=[36m46.5ms[0m   p(90)=[36m36.31ms[0m  p(95)=[36m41.41ms[0m  p(99)=[36m45.48ms[0m 
     [32m✓[0m { page:2 }[2m...................:[0m avg=[36m18.93ms[0m  min=[36m14.07ms[0m med=[36m15.41ms[0m  max=[36m30.84ms[0m  p(90)=[36m26.48ms[0m  p(95)=[36m28.66ms[0m  p(99)=[36m30.41ms[0m 
     [32m✓[0m { page:3 }[2m...................:[0m avg=[36m33.68ms[0m  min=[36m17.53ms[0m med=[36m36.09ms[0m  max=[36m45.01ms[0m  p(90)=[36m43.91ms[0m  p(95)=[36m44.46ms[0m  p(99)=[36m44.9ms[0m  
     [32m✓[0m { page:4 }[2m...................:[0m avg=[36m28.44ms[0m  min=[36m16.88ms[0m med=[36m28.44ms[0m  max=[36m39.99ms[0m  p(90)=[36m37.68ms[0m  p(95)=[36m38.84ms[0m  p(99)=[36m39.76ms[0m 
     [32m✓[0m { phase:measure }[2m............:[0m avg=[36m22.6ms[0m   min=[36m5.29ms[0m  med=[36m19.02ms[0m  max=[36m142.37ms[0m p(90)=[36m35.25ms[0m  p(95)=[36m47.22ms[0m  p(99)=[36m105.57ms[0m
     [32m✓[0m { phase:rampdown }[2m...........:[0m avg=[36m0s[0m       min=[36m0s[0m      med=[36m0s[0m       max=[36m0s[0m       p(90)=[36m0s[0m       p(95)=[36m0s[0m       p(99)=[36m0s[0m      
     [32m✓[0m { phase:warmup }[2m.............:[0m avg=[36m75.17ms[0m  min=[36m8.69ms[0m  med=[36m30.16ms[0m  max=[36m537.08ms[0m p(90)=[36m156.41ms[0m p(95)=[36m312.6ms[0m  p(99)=[36m536.77ms[0m
     http_req_failed[2m................:[0m [36m0.00%[0m   [36;2m✓ 0[0m        [36;2m✗ 243[0m
     [32m✓[0m { phase:measure }[2m............:[0m [36m0.00%[0m   [36;2m✓ 0[0m        [36;2m✗ 180[0m
     [32m✓[0m { phase:rampdown }[2m...........:[0m [36m0.00%[0m   [36;2m✓ 0[0m        [36;2m✗ 0[0m  
     [32m✓[0m { phase:warmup }[2m.............:[0m [36m0.00%[0m   [36;2m✓ 0[0m        [36;2m✗ 63[0m 
     http_req_receiving[2m.............:[0m avg=[36m611.01µs[0m min=[36m33.89µs[0m med=[36m554.03µs[0m max=[36m3.67ms[0m   p(90)=[36m1.11ms[0m   p(95)=[36m1.31ms[0m   p(99)=[36m2.01ms[0m  
     http_req_sending[2m...............:[0m avg=[36m75.47µs[0m  min=[36m8.42µs[0m  med=[36m55.8µs[0m   max=[36m2.2ms[0m    p(90)=[36m125.24µs[0m p(95)=[36m158.25µs[0m p(99)=[36m285.39µs[0m
     http_req_tls_handshaking[2m.......:[0m avg=[36m0s[0m       min=[36m0s[0m      med=[36m0s[0m       max=[36m0s[0m       p(90)=[36m0s[0m       p(95)=[36m0s[0m       p(99)=[36m0s[0m      
     http_req_waiting[2m...............:[0m avg=[36m35.55ms[0m  min=[36m4.97ms[0m  med=[36m21.2ms[0m   max=[36m537ms[0m    p(90)=[36m51.39ms[0m  p(95)=[36m102.01ms[0m p(99)=[36m445.23ms[0m
     http_reqs[2m......................:[0m [36m243[0m     [36;2m1.830854/s[0m
     [32m✓[0m { feature:auth }[2m.............:[0m [36m7[0m       [36;2m0.052741/s[0m
     [32m✓[0m { feature:board }[2m............:[0m [36m24[0m      [36;2m0.180825/s[0m
     [32m✓[0m { feature:chat }[2m.............:[0m [36m7[0m       [36;2m0.052741/s[0m
     [32m✓[0m { feature:comment }[2m..........:[0m [36m54[0m      [36;2m0.406856/s[0m
     [32m✓[0m { feature:friend }[2m...........:[0m [36m2[0m       [36;2m0.015069/s[0m
     [32m✓[0m { feature:hot }[2m..............:[0m [36m24[0m      [36;2m0.180825/s[0m
     [32m✓[0m { feature:mypage }[2m...........:[0m [36m2[0m       [36;2m0.015069/s[0m
     [32m✓[0m { feature:notification }[2m.....:[0m [36m13[0m      [36;2m0.097947/s[0m
     [32m✓[0m { feature:post }[2m.............:[0m [36m106[0m     [36;2m0.798644/s[0m
     [32m✓[0m { feature:reaction }[2m.........:[0m [36m0[0m       [36;2m0/s[0m
     [32m✓[0m { feature:school }[2m...........:[0m [36m2[0m       [36;2m0.015069/s[0m
     [32m✓[0m { feature:scrap }[2m............:[0m [36m0[0m       [36;2m0/s[0m
     [32m✓[0m { feature:timetable }[2m........:[0m [36m2[0m       [36;2m0.015069/s[0m
     [32m✓[0m { op:auth }[2m..................:[0m [36m7[0m       [36;2m0.052741/s[0m
     [32m✓[0m { op:read }[2m..................:[0m [36m229[0m     [36;2m1.725372/s[0m
     [32m✓[0m { op:write }[2m.................:[0m [36m7[0m       [36;2m0.052741/s[0m
     [32m✓[0m { page:0 }[2m...................:[0m [36m7[0m       [36;2m0.052741/s[0m
     [32m✓[0m { page:1 }[2m...................:[0m [36m7[0m       [36;2m0.052741/s[0m
     [32m✓[0m { page:2 }[2m...................:[0m [36m4[0m       [36;2m0.030138/s[0m
     [32m✓[0m { page:3 }[2m...................:[0m [36m4[0m       [36;2m0.030138/s[0m
     [32m✓[0m { page:4 }[2m...................:[0m [36m2[0m       [36;2m0.015069/s[0m
     [32m✓[0m { phase:measure }[2m............:[0m [36m180[0m     [36;2m1.356188/s[0m
     [32m✓[0m { phase:rampdown }[2m...........:[0m [36m0[0m       [36;2m0/s[0m
     [32m✓[0m { phase:warmup }[2m.............:[0m [36m63[0m      [36;2m0.474666/s[0m
     iteration_duration[2m.............:[0m avg=[36m10.92s[0m   min=[36m1.03s[0m   med=[36m9.97s[0m    max=[36m27.73s[0m   p(90)=[36m18.62s[0m   p(95)=[36m20.32s[0m   p(99)=[36m27.06s[0m  
     iterations[2m.....................:[0m [36m47[0m      [36;2m0.354116/s[0m
     [32m✓[0m { phase:measure }[2m............:[0m [36m35[0m      [36;2m0.263703/s[0m
     [32m✓[0m { phase:rampdown }[2m...........:[0m [36m0[0m       [36;2m0/s[0m
     [32m✓[0m { phase:warmup }[2m.............:[0m [36m12[0m      [36;2m0.090413/s[0m
     phase_iterations[2m...............:[0m [36m0[0m       [36;2m0/s[0m
     [32m✓[0m { phase:measure }[2m............:[0m [36m0[0m       [36;2m0/s[0m
     [32m✓[0m { phase:rampdown }[2m...........:[0m [36m0[0m       [36;2m0/s[0m
     [32m✓[0m { phase:warmup }[2m.............:[0m [36m0[0m       [36;2m0/s[0m
     vus[2m............................:[0m [36m2[0m       [36;2mmin=1[0m      [36;2mmax=5[0m
     vus_max[2m........................:[0m [36m7[0m       [36;2mmin=7[0m      [36;2mmax=7[0m
     ws_connecting[2m..................:[0m avg=[36m16.75ms[0m  min=[36m6.42ms[0m  med=[36m16.75ms[0m  max=[36m27.08ms[0m  p(90)=[36m25.02ms[0m  p(95)=[36m26.05ms[0m  p(99)=[36m26.88ms[0m 
     ws_msgs_received[2m...............:[0m [36m16[0m      [36;2m0.12055/s[0m
     ws_msgs_sent[2m...................:[0m [36m18[0m      [36;2m0.135619/s[0m
     ws_session_duration[2m............:[0m avg=[36m26.98s[0m   min=[36m26.24s[0m  med=[36m26.98s[0m   max=[36m27.72s[0m   p(90)=[36m27.57s[0m   p(95)=[36m27.65s[0m   p(99)=[36m27.71s[0m  
     ws_sessions[2m....................:[0m [36m2[0m       [36;2m0.015069/s[0m  호스트(Windows) 25표본 · CPU 6.2% (max 11.6) · 주파수 74.1% (min 61.1) · 대기스레드 2.24 · 가용메모리 4082MB

  실행 후 상태 sha256:1f395efd86b1 — chat_messages.count +14, chat_messages.maxId +14, comments.count +4, comments.maxId +4, notifications.count +4 (외 2개)
    (지문 제외 항목: posts.sumViewCount +47)
Prometheus 스크레이프 대기 20초...

══════════════════════════════════════════════════════════════════════════
  Performance Report — cache-warm   Run #80   ✅ PASS
══════════════════════════════════════════════════════════════════════════
  환경 perf  |  브랜치 personal/localdocs  |  커밋 3e96d946  |  빌드 local
  시작 2026-08-18 22:46:58 KST  |  수행 2m 13s  |  VU max 7
  데이터셋 smoke  |  부하 measurement: ramping-vus 0→5@30s→5@1m0s | warmup: constant-vus 3VU 30s

  ── 성능 (measure 구간) ─────────────────────────────────────────
  평균 23ms      P95 47ms      P99 106ms    
  RPS  2.0       TPS 0.39      오류율 0.00%

  ── 인프라 ────────────────────────────────────────────────────────
  CPU  0.51 core (한계의 26%)   throttled 0.2%
  Heap 471 MB (46%)   GC max 11ms × 0회
  DB   slow 62  QPS 46.4  풀 0%  대기 0
  Redis hit 98.2%  ops 7.9/s  evicted 0

  ── 회귀 ──────────────────────────────────────────────────────────
  비교 기준이 없습니다 (이 시나리오의 첫 실행). 다음 실행부터 비교됩니다.

  ── 병목 가설 ─────────────────────────────────────────────────────
  • HTTP 요청당 쿼리 수 과다
    요청 1건당 평균 23.2개 쿼리가 실행됐다. N+1 패턴 가능성이 높다.
  • Slow Query 다발
    요청 1000건당 347.1건의 slow query(>100ms). 인덱스 또는 쿼리 계획 점검 대상.

  보고서 : reports\runs\cache-warm-2026-08-18T13-49-11\report.html
  Grafana(전체 실행): http://localhost:3001/d/htd-perf-overview/highteenday-performance-overview?from=1787060698512&to=1787061071237
  Grafana(measure) : http://localhost:3001/d/htd-perf-overview/highteenday-performance-overview?from=1787060728512&to=1787061058512
══════════════════════════════════════════════════════════════════════════

[2026-08-18T13:49:32.126Z] 완료 1-smoke-cache-warm — exit 0, runs cache-warm-2026-08-18T13-49-11

[2026-08-18T13:49:32.129Z] 시작 1-smoke-cold-start
  C:\Users\user\AppData\Local\nvm\v22.23.1\node.exe tools\perf-run.js scenarios/cold-start.js --vus 5 --warmup 30 --hold 1m --dataset smoke --loadgen docker --no-gate --note 스모크 배관 확인 — 밤새 목록 재개 --quiet

▶ k6 run scenarios/cold-start.js
  브랜치 personal/localdocs · 커밋 3e96d9463207 · 실행자 user@DESKTOP-DJJPASG
  환경 perf · "스모크 배관 확인 — 밤새 목록 재개"
  데이터셋 smoke · 상태 sha256:1f395efd86b1 (132ms)
  캐시 warm (키 124개)
  guard strict — 상태 불일치 시 스냅샷 복원 후 재확인 [perf.config.json]
    guard=strict — 스냅샷으로 복원합니다.
▶ 복원 — smoke-20260816-052723 → perf-mysql-data-smoke
  앱·MySQL 정지
  MySQL 기동
  Redis FLUSHALL (복원 후 캐시는 cold 다)
  앱 기동
  복원 후 상태 지문 sha256:913bf8e8777c = 스냅샷 일치

✅ 복원 완료 · 소요 1.7초 (압축 해제 구간)

  부하 발생기: 컨테이너 perf-k6 (grafana/k6:2.1.0, CPU 상한 4)
  k6 지표 전송: http://prometheus:9090/api/v1/write (native histogram, 5s 간격)
  환경 대조 벤치 실행 중(3축, 약 13초)... single 5802ms · parallel 5954ms · ctxswitch 2433ms
[32m     ✓ login 200[0m
[32m     ✓ post search 200[0m
[32m     ✓ board list 200[0m
[32m     ✓ hot daily 200[0m
[32m     ✓ post list 200[0m
[32m     ✓ post detail 200[0m
[32m     ✓ comment list 200[0m
[32m     ✓ unread count 200[0m
[32m     ✓ comment create 2xx[0m
[32m     ✓ chat rooms 200[0m
[32m     ✓ chat messages 200[0m
[32m     ✓ chat read 200[0m
[32m     ✓ friend list 200[0m
[32m     ✓ meal today 200[0m
[32m     ✓ received reqs 200[0m
[32m     ✓ timetable today 200[0m
[32m     ✓ notif list 200[0m

     checks[2m.........................:[0m [36m100.00%[0m [36;2m✓ 202[0m      [36;2m✗ 0[0m  
     [32m✓[0m { phase:measure }[2m............:[0m [36m100.00%[0m [36;2m✓ 194[0m      [36;2m✗ 0[0m  
     [32m✓[0m { phase:rampdown }[2m...........:[0m [36m100.00%[0m [36;2m✓ 8[0m        [36;2m✗ 0[0m  
     [32m✓[0m { phase:warmup }[2m.............:[0m [36m0.00%[0m   [36;2m✓ 0[0m        [36;2m✗ 0[0m  
     data_received[2m..................:[0m [36m333 kB[0m  [36;2m3.2 kB/s[0m
     data_sent[2m......................:[0m [36m77 kB[0m   [36;2m739 B/s[0m
     http_req_blocked[2m...............:[0m avg=[36m36.23µs[0m  min=[36m2.59µs[0m  med=[36m8.21µs[0m   max=[36m2.45ms[0m   p(90)=[36m16.76µs[0m  p(95)=[36m18.85µs[0m  p(99)=[36m860.54µs[0m
     http_req_connecting[2m............:[0m avg=[36m13.94µs[0m  min=[36m0s[0m      med=[36m0s[0m       max=[36m906.72µs[0m p(90)=[36m0s[0m       p(95)=[36m0s[0m       p(99)=[36m573.07µs[0m
     http_req_duration[2m..............:[0m avg=[36m32.05ms[0m  min=[36m5.4ms[0m   med=[36m21.48ms[0m  max=[36m523.86ms[0m p(90)=[36m50.6ms[0m   p(95)=[36m78.21ms[0m  p(99)=[36m189.15ms[0m
       { expected_response:true }[2m...:[0m avg=[36m32.05ms[0m  min=[36m5.4ms[0m   med=[36m21.48ms[0m  max=[36m523.86ms[0m p(90)=[36m50.6ms[0m   p(95)=[36m78.21ms[0m  p(99)=[36m189.15ms[0m
     [32m✓[0m { feature:auth }[2m.............:[0m avg=[36m191.29ms[0m min=[36m99.66ms[0m med=[36m107.82ms[0m max=[36m523.86ms[0m p(90)=[36m362.39ms[0m p(95)=[36m443.12ms[0m p(99)=[36m507.71ms[0m
     [32m✓[0m { feature:board }[2m............:[0m avg=[36m15.76ms[0m  min=[36m6.14ms[0m  med=[36m16.05ms[0m  max=[36m36ms[0m     p(90)=[36m20.35ms[0m  p(95)=[36m22.23ms[0m  p(99)=[36m33.13ms[0m 
     [32m✓[0m { feature:chat }[2m.............:[0m avg=[36m24.33ms[0m  min=[36m8.92ms[0m  med=[36m16.23ms[0m  max=[36m66.14ms[0m  p(90)=[36m46.31ms[0m  p(95)=[36m56.22ms[0m  p(99)=[36m64.16ms[0m 
     [32m✓[0m { feature:comment }[2m..........:[0m avg=[36m36.65ms[0m  min=[36m5.4ms[0m   med=[36m23.98ms[0m  max=[36m189.79ms[0m p(90)=[36m77.75ms[0m  p(95)=[36m89.27ms[0m  p(99)=[36m161.32ms[0m
     [32m✓[0m { feature:friend }[2m...........:[0m avg=[36m19.85ms[0m  min=[36m8.69ms[0m  med=[36m19.85ms[0m  max=[36m31.02ms[0m  p(90)=[36m28.78ms[0m  p(95)=[36m29.9ms[0m   p(99)=[36m30.79ms[0m 
     [32m✓[0m { feature:hot }[2m..............:[0m avg=[36m25.48ms[0m  min=[36m8.52ms[0m  med=[36m27.26ms[0m  max=[36m45.36ms[0m  p(90)=[36m36.7ms[0m   p(95)=[36m38.12ms[0m  p(99)=[36m43.85ms[0m 
     [32m✓[0m { feature:mypage }[2m...........:[0m avg=[36m0s[0m       min=[36m0s[0m      med=[36m0s[0m       max=[36m0s[0m       p(90)=[36m0s[0m       p(95)=[36m0s[0m       p(99)=[36m0s[0m      
     [32m✓[0m { feature:notification }[2m.....:[0m avg=[36m18.66ms[0m  min=[36m8.55ms[0m  med=[36m14.91ms[0m  max=[36m36.47ms[0m  p(90)=[36m31.81ms[0m  p(95)=[36m34.14ms[0m  p(99)=[36m36.01ms[0m 
     [32m✓[0m { feature:post }[2m.............:[0m avg=[36m28.14ms[0m  min=[36m9.12ms[0m  med=[36m22.61ms[0m  max=[36m498.51ms[0m p(90)=[36m35.23ms[0m  p(95)=[36m42.88ms[0m  p(99)=[36m107.62ms[0m
     [32m✓[0m { feature:reaction }[2m.........:[0m avg=[36m0s[0m       min=[36m0s[0m      med=[36m0s[0m       max=[36m0s[0m       p(90)=[36m0s[0m       p(95)=[36m0s[0m       p(99)=[36m0s[0m      
     [32m✓[0m { feature:school }[2m...........:[0m avg=[36m25.87ms[0m  min=[36m25.87ms[0m med=[36m25.87ms[0m  max=[36m25.87ms[0m  p(90)=[36m25.87ms[0m  p(95)=[36m25.87ms[0m  p(99)=[36m25.87ms[0m 
     [32m✓[0m { feature:scrap }[2m............:[0m avg=[36m0s[0m       min=[36m0s[0m      med=[36m0s[0m       max=[36m0s[0m       p(90)=[36m0s[0m       p(95)=[36m0s[0m       p(99)=[36m0s[0m      
     [32m✓[0m { feature:timetable }[2m........:[0m avg=[36m44.11ms[0m  min=[36m44.11ms[0m med=[36m44.11ms[0m  max=[36m44.11ms[0m  p(90)=[36m44.11ms[0m  p(95)=[36m44.11ms[0m  p(99)=[36m44.11ms[0m 
     [32m✓[0m { op:auth }[2m..................:[0m avg=[36m191.29ms[0m min=[36m99.66ms[0m med=[36m107.82ms[0m max=[36m523.86ms[0m p(90)=[36m362.39ms[0m p(95)=[36m443.12ms[0m p(99)=[36m507.71ms[0m
     [32m✓[0m { op:read,phase:measure }[2m....:[0m avg=[36m28.01ms[0m  min=[36m5.4ms[0m   med=[36m21.78ms[0m  max=[36m498.51ms[0m p(90)=[36m44.33ms[0m  p(95)=[36m58.37ms[0m  p(99)=[36m105.4ms[0m 
     [32m✓[0m { op:write,phase:measure }[2m...:[0m avg=[36m52.49ms[0m  min=[36m14.47ms[0m med=[36m17.93ms[0m  max=[36m125.08ms[0m p(90)=[36m103.65ms[0m p(95)=[36m114.36ms[0m p(99)=[36m122.93ms[0m
     [32m✓[0m { page:0 }[2m...................:[0m avg=[36m31.63ms[0m  min=[36m9.66ms[0m  med=[36m24.68ms[0m  max=[36m68.96ms[0m  p(90)=[36m53.45ms[0m  p(95)=[36m61.2ms[0m   p(99)=[36m67.41ms[0m 
     [32m✓[0m { page:1 }[2m...................:[0m avg=[36m25.66ms[0m  min=[36m16.6ms[0m  med=[36m22.39ms[0m  max=[36m37.82ms[0m  p(90)=[36m34.97ms[0m  p(95)=[36m36.4ms[0m   p(99)=[36m37.54ms[0m 
     [32m✓[0m { page:2 }[2m...................:[0m avg=[36m29.66ms[0m  min=[36m18.31ms[0m med=[36m35.02ms[0m  max=[36m35.65ms[0m  p(90)=[36m35.53ms[0m  p(95)=[36m35.59ms[0m  p(99)=[36m35.64ms[0m 
     [32m✓[0m { page:3 }[2m...................:[0m avg=[36m29.94ms[0m  min=[36m14.48ms[0m med=[36m23.93ms[0m  max=[36m51.42ms[0m  p(90)=[36m45.92ms[0m  p(95)=[36m48.67ms[0m  p(99)=[36m50.87ms[0m 
     [32m✓[0m { page:4 }[2m...................:[0m avg=[36m0s[0m       min=[36m0s[0m      med=[36m0s[0m       max=[36m0s[0m       p(90)=[36m0s[0m       p(95)=[36m0s[0m       p(99)=[36m0s[0m      
     [32m✓[0m { phase:measure }[2m............:[0m avg=[36m32.6ms[0m   min=[36m5.4ms[0m   med=[36m22.32ms[0m  max=[36m523.86ms[0m p(90)=[36m51.08ms[0m  p(95)=[36m80.4ms[0m   p(99)=[36m211.4ms[0m 
     [32m✓[0m { phase:rampdown }[2m...........:[0m avg=[36m18.93ms[0m  min=[36m9.12ms[0m  med=[36m17.48ms[0m  max=[36m36.47ms[0m  p(90)=[36m25.95ms[0m  p(95)=[36m31.21ms[0m  p(99)=[36m35.42ms[0m 
     [32m✓[0m { phase:warmup }[2m.............:[0m avg=[36m0s[0m       min=[36m0s[0m      med=[36m0s[0m       max=[36m0s[0m       p(90)=[36m0s[0m       p(95)=[36m0s[0m       p(99)=[36m0s[0m      
     http_req_failed[2m................:[0m [36m0.00%[0m   [36;2m✓ 0[0m        [36;2m✗ 202[0m
     [32m✓[0m { phase:measure }[2m............:[0m [36m0.00%[0m   [36;2m✓ 0[0m        [36;2m✗ 194[0m
     [32m✓[0m { phase:rampdown }[2m...........:[0m [36m0.00%[0m   [36;2m✓ 0[0m        [36;2m✗ 8[0m  
     [32m✓[0m { phase:warmup }[2m.............:[0m [36m0.00%[0m   [36;2m✓ 0[0m        [36;2m✗ 0[0m  
     http_req_receiving[2m.............:[0m avg=[36m861.22µs[0m min=[36m61.96µs[0m med=[36m518.6µs[0m  max=[36m57.16ms[0m  p(90)=[36m1ms[0m      p(95)=[36m1.25ms[0m   p(99)=[36m2.08ms[0m  
     http_req_sending[2m...............:[0m avg=[36m64.68µs[0m  min=[36m6.94µs[0m  med=[36m50.36µs[0m  max=[36m313.29µs[0m p(90)=[36m119.3µs[0m  p(95)=[36m146.42µs[0m p(99)=[36m250.81µs[0m
     http_req_tls_handshaking[2m.......:[0m avg=[36m0s[0m       min=[36m0s[0m      med=[36m0s[0m       max=[36m0s[0m       p(90)=[36m0s[0m       p(95)=[36m0s[0m       p(99)=[36m0s[0m      
     http_req_waiting[2m...............:[0m avg=[36m31.13ms[0m  min=[36m5.05ms[0m  med=[36m21.1ms[0m   max=[36m523.49ms[0m p(90)=[36m48.55ms[0m  p(95)=[36m77.19ms[0m  p(99)=[36m187.87ms[0m
     http_reqs[2m......................:[0m [36m202[0m     [36;2m1.947013/s[0m
     [32m✓[0m { feature:auth }[2m.............:[0m [36m5[0m       [36;2m0.048193/s[0m
     [32m✓[0m { feature:board }[2m............:[0m [36m22[0m      [36;2m0.212051/s[0m
     [32m✓[0m { feature:chat }[2m.............:[0m [36m7[0m       [36;2m0.067471/s[0m
     [32m✓[0m { feature:comment }[2m..........:[0m [36m45[0m      [36;2m0.43374/s[0m
     [32m✓[0m { feature:friend }[2m...........:[0m [36m2[0m       [36;2m0.019277/s[0m
     [32m✓[0m { feature:hot }[2m..............:[0m [36m22[0m      [36;2m0.212051/s[0m
     [32m✓[0m { feature:mypage }[2m...........:[0m [36m0[0m       [36;2m0/s[0m
     [32m✓[0m { feature:notification }[2m.....:[0m [36m5[0m       [36;2m0.048193/s[0m
     [32m✓[0m { feature:post }[2m.............:[0m [36m92[0m      [36;2m0.886758/s[0m
     [32m✓[0m { feature:reaction }[2m.........:[0m [36m0[0m       [36;2m0/s[0m
     [32m✓[0m { feature:school }[2m...........:[0m [36m1[0m       [36;2m0.009639/s[0m
     [32m✓[0m { feature:scrap }[2m............:[0m [36m0[0m       [36;2m0/s[0m
     [32m✓[0m { feature:timetable }[2m........:[0m [36m1[0m       [36;2m0.009639/s[0m
     [32m✓[0m { op:auth }[2m..................:[0m [36m5[0m       [36;2m0.048193/s[0m
     [32m✓[0m { op:read }[2m..................:[0m [36m194[0m     [36;2m1.869903/s[0m
     [32m✓[0m { op:write }[2m.................:[0m [36m3[0m       [36;2m0.028916/s[0m
     [32m✓[0m { page:0 }[2m...................:[0m [36m11[0m      [36;2m0.106025/s[0m
     [32m✓[0m { page:1 }[2m...................:[0m [36m5[0m       [36;2m0.048193/s[0m
     [32m✓[0m { page:2 }[2m...................:[0m [36m3[0m       [36;2m0.028916/s[0m
     [32m✓[0m { page:3 }[2m...................:[0m [36m3[0m       [36;2m0.028916/s[0m
     [32m✓[0m { page:4 }[2m...................:[0m [36m0[0m       [36;2m0/s[0m
     [32m✓[0m { phase:measure }[2m............:[0m [36m194[0m     [36;2m1.869903/s[0m
     [32m✓[0m { phase:rampdown }[2m...........:[0m [36m8[0m       [36;2m0.077109/s[0m
     [32m✓[0m { phase:warmup }[2m.............:[0m [36m0[0m       [36;2m0/s[0m
     iteration_duration[2m.............:[0m avg=[36m10.59s[0m   min=[36m1.27s[0m   med=[36m12.77s[0m   max=[36m18.77s[0m   p(90)=[36m16.89s[0m   p(95)=[36m17.5s[0m    p(99)=[36m18.63s[0m  
     iterations[2m.....................:[0m [36m36[0m      [36;2m0.346992/s[0m
     [32m✓[0m { phase:measure }[2m............:[0m [36m0[0m       [36;2m0/s[0m
     [32m✓[0m { phase:rampdown }[2m...........:[0m [36m0[0m       [36;2m0/s[0m
     [32m✓[0m { phase:warmup }[2m.............:[0m [36m0[0m       [36;2m0/s[0m
     phase_iterations[2m...............:[0m [36m36[0m      [36;2m0.346992/s[0m
     [32m✓[0m { phase:measure }[2m............:[0m [36m31[0m      [36;2m0.298799/s[0m
     [32m✓[0m { phase:rampdown }[2m...........:[0m [36m5[0m       [36;2m0.048193/s[0m
     [32m✓[0m { phase:warmup }[2m.............:[0m [36m0[0m       [36;2m0/s[0m
     vus[2m............................:[0m [36m1[0m       [36;2mmin=0[0m      [36;2mmax=5[0m
     vus_max[2m........................:[0m [36m5[0m       [36;2mmin=5[0m      [36;2mmax=5[0m  호스트(Windows) 19표본 · CPU 6.0% (max 9.7) · 주파수 75.3% (min 58.8) · 대기스레드 1.32 · 가용메모리 3893MB

  실행 후 상태 sha256:b74aabe56b90 — comments.count +1, comments.maxId +1, notifications.count +1, notifications.maxId +1, posts.sumCommentCount +1
    (지문 제외 항목: posts.sumViewCount +19)
Prometheus 스크레이프 대기 20초...

══════════════════════════════════════════════════════════════════════════
  Performance Report — cold-start   Run #81   ⚠️  WARN
══════════════════════════════════════════════════════════════════════════
  환경 perf  |  브랜치 personal/localdocs  |  커밋 3e96d946  |  빌드 local
  시작 2026-08-18 22:50:38 KST  |  수행 1m 44s  |  VU max 5
  데이터셋 smoke  |  부하 ramping-vus 0→5@30s→5@1m0s

  ── 성능 (measure 구간) ─────────────────────────────────────────
  평균 33ms      P95 80ms      P99 211ms    
  RPS  2.2       TPS 0.34      오류율 0.00%

  ── 인프라 ────────────────────────────────────────────────────────
  CPU  1.19 core (한계의 59%)   throttled 1.6%
  Heap 417 MB (41%)   GC max 14ms × 0회
  DB   slow 69  QPS 42.9  풀 0%  대기 0
  Redis hit 91.8%  ops 9.8/s  evicted 0

  ── 회귀 ──────────────────────────────────────────────────────────
  비교 기준이 없습니다 (이 시나리오의 첫 실행). 다음 실행부터 비교됩니다.

  ── 병목 가설 ─────────────────────────────────────────────────────
  • CPU throttling 발생
    cgroup이 CPU를 강제 회수한 주기가 1.6%다. CPU 한계(2 core)를 올리거나 요청당 CPU 사용을 줄여야 p99가 안정된다.
  • HTTP 요청당 쿼리 수 과다
    요청 1건당 평균 19.9개 쿼리가 실행됐다. N+1 패턴 가능성이 높다.
  • Slow Query 다발
    요청 1000건당 354.8건의 slow query(>100ms). 인덱스 또는 쿼리 계획 점검 대상.

  보고서 : reports\runs\cold-start-2026-08-18T13-52-21\report.html
  Grafana(전체 실행): http://localhost:3001/d/htd-perf-overview/highteenday-performance-overview?from=1787060918167&to=1787061261916
  Grafana(measure) : http://localhost:3001/d/htd-perf-overview/highteenday-performance-overview?from=1787060918167&to=1787061248167
══════════════════════════════════════════════════════════════════════════

[2026-08-18T13:52:42.804Z] 완료 1-smoke-cold-start — exit 0, runs cold-start-2026-08-18T13-52-21

[2026-08-18T13:52:42.806Z] 시작 1-smoke-soak
  C:\Users\user\AppData\Local\nvm\v22.23.1\node.exe tools\perf-run.js scenarios/soak.js --vus 5 --warmup 30 --hold 1m --dataset smoke --loadgen docker --no-gate --note 스모크 배관 확인 — 밤새 목록 재개 --quiet

▶ k6 run scenarios/soak.js
  브랜치 personal/localdocs · 커밋 3e96d9463207 · 실행자 user@DESKTOP-DJJPASG
  환경 perf · "스모크 배관 확인 — 밤새 목록 재개"
  데이터셋 smoke · 상태 sha256:b74aabe56b90 (147ms)
  캐시 warm (키 107개)
  guard strict — 상태 불일치 시 스냅샷 복원 후 재확인 [perf.config.json]
    guard=strict — 스냅샷으로 복원합니다.
▶ 복원 — smoke-20260816-052723 → perf-mysql-data-smoke
  앱·MySQL 정지
  MySQL 기동
  Redis FLUSHALL (복원 후 캐시는 cold 다)
  앱 기동
  복원 후 상태 지문 sha256:913bf8e8777c = 스냅샷 일치

✅ 복원 완료 · 소요 1.7초 (압축 해제 구간)

  부하 발생기: 컨테이너 perf-k6 (grafana/k6:2.1.0, CPU 상한 4)
  k6 지표 전송: http://prometheus:9090/api/v1/write (native histogram, 5s 간격)
  환경 대조 벤치 실행 중(3축, 약 13초)... single 5859ms · parallel 5397ms · ctxswitch 2474ms
[32m     ✓ login 200[0m
[32m     ✓ post detail 200[0m
[32m     ✓ comment create 2xx[0m
[32m     ✓ chat rooms 200[0m
[32m     ✓ post search 200[0m
[32m     ✓ user info 200[0m
[32m     ✓ my posts 200[0m
[32m     ✓ board list 200[0m
[32m     ✓ hot daily 200[0m
[32m     ✓ post reaction 2xx[0m
[32m     ✓ post list 200[0m
[32m     ✓ unread count 200[0m
[32m     ✓ comment list 200[0m
[32m     ✓ scrap 2xx[0m
[32m     ✓ chat messages 200[0m
[32m     ✓ refresh 200[0m
[32m     ✓ chat read 200[0m
[32m     ✓ ws handshake 101[0m
[32m     ✓ post create 2xx[0m
[32m     ✓ notif list 200[0m
[32m     ✓ read one 200[0m
[32m     ✓ comment reaction 200[0m
[32m     ✓ post update 200[0m
[32m     ✓ post delete 200[0m
[32m     ✓ logout 200[0m
[32m     ✓ friend list 200[0m
[32m     ✓ meal today 200[0m
[32m     ✓ timetable today 200[0m
[32m     ✓ meal month 200[0m
[32m     ✓ read all 200[0m

     auth_token_refreshes[2m...........:[0m [36m1[0m       [36;2m0.002562/s[0m
     chat_ws_messages_sent[2m..........:[0m [36m58[0m      [36;2m0.14857/s[0m
     chat_ws_rtt[2m....................:[0m avg=[36m41.42ms[0m  min=[36m26ms[0m    med=[36m41ms[0m     max=[36m99ms[0m     p(90)=[36m52.4ms[0m   p(95)=[36m56.39ms[0m  p(99)=[36m76.03ms[0m 
     checks[2m.........................:[0m [36m100.00%[0m [36;2m✓ 525[0m      [36;2m✗ 0[0m  
     [32m✓[0m { phase:measure }[2m............:[0m [36m100.00%[0m [36;2m✓ 107[0m      [36;2m✗ 0[0m  
     [32m✓[0m { phase:rampdown }[2m...........:[0m [36m100.00%[0m [36;2m✓ 399[0m      [36;2m✗ 0[0m  
     [32m✓[0m { phase:warmup }[2m.............:[0m [36m100.00%[0m [36;2m✓ 19[0m       [36;2m✗ 0[0m  
     data_received[2m..................:[0m [36m790 kB[0m  [36;2m2.0 kB/s[0m
     data_sent[2m......................:[0m [36m220 kB[0m  [36;2m563 B/s[0m
     http_req_blocked[2m...............:[0m avg=[36m25.11µs[0m  min=[36m2.67µs[0m  med=[36m8.58µs[0m   max=[36m2.58ms[0m   p(90)=[36m16.67µs[0m  p(95)=[36m18.57µs[0m  p(99)=[36m455.54µs[0m
     http_req_connecting[2m............:[0m avg=[36m8.63µs[0m   min=[36m0s[0m      med=[36m0s[0m       max=[36m1.02ms[0m   p(90)=[36m0s[0m       p(95)=[36m0s[0m       p(99)=[36m326.47µs[0m
     http_req_duration[2m..............:[0m avg=[36m24.98ms[0m  min=[36m4.69ms[0m  med=[36m19.15ms[0m  max=[36m525.06ms[0m p(90)=[36m42.28ms[0m  p(95)=[36m52.86ms[0m  p(99)=[36m122.25ms[0m
       { expected_response:true }[2m...:[0m avg=[36m24.98ms[0m  min=[36m4.69ms[0m  med=[36m19.15ms[0m  max=[36m525.06ms[0m p(90)=[36m42.28ms[0m  p(95)=[36m52.86ms[0m  p(99)=[36m122.25ms[0m
     [32m✓[0m { feature:auth }[2m.............:[0m avg=[36m124.5ms[0m  min=[36m33.61ms[0m med=[36m103.36ms[0m max=[36m525.06ms[0m p(90)=[36m133.91ms[0m p(95)=[36m310.82ms[0m p(99)=[36m482.21ms[0m
     [32m✓[0m { feature:board }[2m............:[0m avg=[36m12.74ms[0m  min=[36m5.11ms[0m  med=[36m13.1ms[0m   max=[36m24.36ms[0m  p(90)=[36m18.05ms[0m  p(95)=[36m19.04ms[0m  p(99)=[36m22.17ms[0m 
     [32m✓[0m { feature:chat }[2m.............:[0m avg=[36m19.36ms[0m  min=[36m6.6ms[0m   med=[36m19.47ms[0m  max=[36m60.24ms[0m  p(90)=[36m26ms[0m     p(95)=[36m29.95ms[0m  p(99)=[36m51.37ms[0m 
     [32m✓[0m { feature:comment }[2m..........:[0m avg=[36m28.47ms[0m  min=[36m4.69ms[0m  med=[36m24.08ms[0m  max=[36m129.94ms[0m p(90)=[36m50.64ms[0m  p(95)=[36m53.7ms[0m   p(99)=[36m121.96ms[0m
     [32m✓[0m { feature:friend }[2m...........:[0m avg=[36m19.73ms[0m  min=[36m14.37ms[0m med=[36m21.06ms[0m  max=[36m23.76ms[0m  p(90)=[36m23.22ms[0m  p(95)=[36m23.49ms[0m  p(99)=[36m23.71ms[0m 
     [32m✓[0m { feature:hot }[2m..............:[0m avg=[36m25.32ms[0m  min=[36m13.36ms[0m med=[36m25.37ms[0m  max=[36m36.04ms[0m  p(90)=[36m33.88ms[0m  p(95)=[36m34.12ms[0m  p(99)=[36m35.92ms[0m 
     [32m✓[0m { feature:mypage }[2m...........:[0m avg=[36m16.61ms[0m  min=[36m5.12ms[0m  med=[36m15.53ms[0m  max=[36m38.13ms[0m  p(90)=[36m26.17ms[0m  p(95)=[36m31.86ms[0m  p(99)=[36m36.87ms[0m 
     [32m✓[0m { feature:notification }[2m.....:[0m avg=[36m17.64ms[0m  min=[36m7.02ms[0m  med=[36m14.75ms[0m  max=[36m51.69ms[0m  p(90)=[36m30.48ms[0m  p(95)=[36m38.5ms[0m   p(99)=[36m49.04ms[0m 
     [32m✓[0m { feature:post }[2m.............:[0m avg=[36m21.75ms[0m  min=[36m6.52ms[0m  med=[36m18.77ms[0m  max=[36m247.95ms[0m p(90)=[36m31ms[0m     p(95)=[36m40.82ms[0m  p(99)=[36m122.07ms[0m
     [32m✓[0m { feature:reaction }[2m.........:[0m avg=[36m39.57ms[0m  min=[36m24.29ms[0m med=[36m38.95ms[0m  max=[36m58.86ms[0m  p(90)=[36m54.81ms[0m  p(95)=[36m58.26ms[0m  p(99)=[36m58.74ms[0m 
     [32m✓[0m { feature:school }[2m...........:[0m avg=[36m19.15ms[0m  min=[36m12.28ms[0m med=[36m18.59ms[0m  max=[36m27.15ms[0m  p(90)=[36m25.83ms[0m  p(95)=[36m26.49ms[0m  p(99)=[36m27.01ms[0m 
     [32m✓[0m { feature:scrap }[2m............:[0m avg=[36m40.82ms[0m  min=[36m34.16ms[0m med=[36m37.92ms[0m  max=[36m53.12ms[0m  p(90)=[36m49.56ms[0m  p(95)=[36m51.34ms[0m  p(99)=[36m52.76ms[0m 
     [32m✓[0m { feature:timetable }[2m........:[0m avg=[36m17.6ms[0m   min=[36m6.22ms[0m  med=[36m16.2ms[0m   max=[36m30.38ms[0m  p(90)=[36m27.54ms[0m  p(95)=[36m28.96ms[0m  p(99)=[36m30.1ms[0m  
     [32m✓[0m { op:auth }[2m..................:[0m avg=[36m124.5ms[0m  min=[36m33.61ms[0m med=[36m103.36ms[0m max=[36m525.06ms[0m p(90)=[36m133.91ms[0m p(95)=[36m310.82ms[0m p(99)=[36m482.21ms[0m
     [32m✓[0m { op:read,phase:measure }[2m....:[0m avg=[36m24.56ms[0m  min=[36m7.09ms[0m  med=[36m21.9ms[0m   max=[36m120.77ms[0m p(90)=[36m35.02ms[0m  p(95)=[36m48.13ms[0m  p(99)=[36m66.7ms[0m  
     [32m✓[0m { op:write,phase:measure }[2m...:[0m avg=[36m44.03ms[0m  min=[36m8.1ms[0m   med=[36m34.3ms[0m   max=[36m120.84ms[0m p(90)=[36m86.98ms[0m  p(95)=[36m103.91ms[0m p(99)=[36m117.45ms[0m
     [32m✓[0m { page:0 }[2m...................:[0m avg=[36m19.66ms[0m  min=[36m6.52ms[0m  med=[36m16.87ms[0m  max=[36m70.12ms[0m  p(90)=[36m28.3ms[0m   p(95)=[36m56.25ms[0m  p(99)=[36m68.06ms[0m 
     [32m✓[0m { page:1 }[2m...................:[0m avg=[36m16.86ms[0m  min=[36m6.66ms[0m  med=[36m16.95ms[0m  max=[36m30.88ms[0m  p(90)=[36m23.2ms[0m   p(95)=[36m27.04ms[0m  p(99)=[36m30.11ms[0m 
     [32m✓[0m { page:2 }[2m...................:[0m avg=[36m22.6ms[0m   min=[36m14.24ms[0m med=[36m18.96ms[0m  max=[36m34.59ms[0m  p(90)=[36m31.46ms[0m  p(95)=[36m33.03ms[0m  p(99)=[36m34.28ms[0m 
     [32m✓[0m { page:3 }[2m...................:[0m avg=[36m23.9ms[0m   min=[36m15.5ms[0m  med=[36m20.48ms[0m  max=[36m35.32ms[0m  p(90)=[36m33.97ms[0m  p(95)=[36m34.64ms[0m  p(99)=[36m35.18ms[0m 
     [32m✓[0m { page:4 }[2m...................:[0m avg=[36m31.14ms[0m  min=[36m29.36ms[0m med=[36m31.14ms[0m  max=[36m32.91ms[0m  p(90)=[36m32.56ms[0m  p(95)=[36m32.74ms[0m  p(99)=[36m32.88ms[0m 
     [32m✓[0m { phase:measure }[2m............:[0m avg=[36m26.16ms[0m  min=[36m7.09ms[0m  med=[36m22.17ms[0m  max=[36m120.84ms[0m p(90)=[36m44.23ms[0m  p(95)=[36m53.12ms[0m  p(99)=[36m120.77ms[0m
     [32m✓[0m { phase:rampdown }[2m...........:[0m avg=[36m21.11ms[0m  min=[36m4.69ms[0m  med=[36m17.78ms[0m  max=[36m122.49ms[0m p(90)=[36m35.69ms[0m  p(95)=[36m45.69ms[0m  p(99)=[36m60.76ms[0m 
     [32m✓[0m { phase:warmup }[2m.............:[0m avg=[36m95.31ms[0m  min=[36m13.36ms[0m med=[36m59.55ms[0m  max=[36m525.06ms[0m p(90)=[36m146.78ms[0m p(95)=[36m261.81ms[0m p(99)=[36m472.41ms[0m
     http_req_failed[2m................:[0m [36m0.00%[0m   [36;2m✓ 0[0m        [36;2m✗ 515[0m
     [32m✓[0m { phase:measure }[2m............:[0m [36m0.00%[0m   [36;2m✓ 0[0m        [36;2m✗ 101[0m
     [32m✓[0m { phase:rampdown }[2m...........:[0m [36m0.00%[0m   [36;2m✓ 0[0m        [36;2m✗ 394[0m
     [32m✓[0m { phase:warmup }[2m.............:[0m [36m0.00%[0m   [36;2m✓ 0[0m        [36;2m✗ 20[0m 
     http_req_receiving[2m.............:[0m avg=[36m457.41µs[0m min=[36m28.79µs[0m med=[36m393.85µs[0m max=[36m2.72ms[0m   p(90)=[36m855.13µs[0m p(95)=[36m979.69µs[0m p(99)=[36m1.92ms[0m  
     http_req_sending[2m...............:[0m avg=[36m66.59µs[0m  min=[36m8.33µs[0m  med=[36m55.11µs[0m  max=[36m344.83µs[0m p(90)=[36m118.93µs[0m p(95)=[36m134.38µs[0m p(99)=[36m235.39µs[0m
     http_req_tls_handshaking[2m.......:[0m avg=[36m0s[0m       min=[36m0s[0m      med=[36m0s[0m       max=[36m0s[0m       p(90)=[36m0s[0m       p(95)=[36m0s[0m       p(99)=[36m0s[0m      
     http_req_waiting[2m...............:[0m avg=[36m24.46ms[0m  min=[36m4.53ms[0m  med=[36m18.56ms[0m  max=[36m524.79ms[0m p(90)=[36m41.53ms[0m  p(95)=[36m52.28ms[0m  p(99)=[36m121.68ms[0m
     http_reqs[2m......................:[0m [36m515[0m     [36;2m1.319196/s[0m
     [32m✓[0m { feature:auth }[2m.............:[0m [36m12[0m      [36;2m0.030739/s[0m
     [32m✓[0m { feature:board }[2m............:[0m [36m43[0m      [36;2m0.110146/s[0m
     [32m✓[0m { feature:chat }[2m.............:[0m [36m31[0m      [36;2m0.079408/s[0m
     [32m✓[0m { feature:comment }[2m..........:[0m [36m88[0m      [36;2m0.225416/s[0m
     [32m✓[0m { feature:friend }[2m...........:[0m [36m3[0m       [36;2m0.007685/s[0m
     [32m✓[0m { feature:hot }[2m..............:[0m [36m43[0m      [36;2m0.110146/s[0m
     [32m✓[0m { feature:mypage }[2m...........:[0m [36m12[0m      [36;2m0.030739/s[0m
     [32m✓[0m { feature:notification }[2m.....:[0m [36m30[0m      [36;2m0.076846/s[0m
     [32m✓[0m { feature:post }[2m.............:[0m [36m226[0m     [36;2m0.578909/s[0m
     [32m✓[0m { feature:reaction }[2m.........:[0m [36m15[0m      [36;2m0.038423/s[0m
     [32m✓[0m { feature:school }[2m...........:[0m [36m4[0m       [36;2m0.010246/s[0m
     [32m✓[0m { feature:scrap }[2m............:[0m [36m5[0m       [36;2m0.012808/s[0m
     [32m✓[0m { feature:timetable }[2m........:[0m [36m3[0m       [36;2m0.007685/s[0m
     [32m✓[0m { op:auth }[2m..................:[0m [36m12[0m      [36;2m0.030739/s[0m
     [32m✓[0m { op:read }[2m..................:[0m [36m454[0m     [36;2m1.162941/s[0m
     [32m✓[0m { op:write }[2m.................:[0m [36m49[0m      [36;2m0.125516/s[0m
     [32m✓[0m { page:0 }[2m...................:[0m [36m24[0m      [36;2m0.061477/s[0m
     [32m✓[0m { page:1 }[2m...................:[0m [36m9[0m       [36;2m0.023054/s[0m
     [32m✓[0m { page:2 }[2m...................:[0m [36m3[0m       [36;2m0.007685/s[0m
     [32m✓[0m { page:3 }[2m...................:[0m [36m5[0m       [36;2m0.012808/s[0m
     [32m✓[0m { page:4 }[2m...................:[0m [36m2[0m       [36;2m0.005123/s[0m
     [32m✓[0m { phase:measure }[2m............:[0m [36m101[0m     [36;2m0.258716/s[0m
     [32m✓[0m { phase:rampdown }[2m...........:[0m [36m394[0m     [36;2m1.009249/s[0m
     [32m✓[0m { phase:warmup }[2m.............:[0m [36m20[0m      [36;2m0.051231/s[0m
     iteration_duration[2m.............:[0m avg=[36m9.42s[0m    min=[36m1.25s[0m   med=[36m6.42s[0m    max=[36m29.12s[0m   p(90)=[36m19.34s[0m   p(95)=[36m23.83s[0m   p(99)=[36m27.91s[0m  
     iterations[2m.....................:[0m [36m137[0m     [36;2m0.350932/s[0m
     [32m✓[0m { phase:measure }[2m............:[0m [36m0[0m       [36;2m0/s[0m
     [32m✓[0m { phase:rampdown }[2m...........:[0m [36m0[0m       [36;2m0/s[0m
     [32m✓[0m { phase:warmup }[2m.............:[0m [36m0[0m       [36;2m0/s[0m
     phase_iterations[2m...............:[0m [36m137[0m     [36;2m0.350932/s[0m
     [32m✓[0m { phase:measure }[2m............:[0m [36m26[0m      [36;2m0.0666/s[0m
     [32m✓[0m { phase:rampdown }[2m...........:[0m [36m107[0m     [36;2m0.274085/s[0m
     [32m✓[0m { phase:warmup }[2m.............:[0m [36m4[0m       [36;2m0.010246/s[0m
     vus[2m............................:[0m [36m1[0m       [36;2mmin=0[0m      [36;2mmax=5[0m
     vus_max[2m........................:[0m [36m5[0m       [36;2mmin=5[0m      [36;2mmax=5[0m
     ws_connecting[2m..................:[0m avg=[36m8.81ms[0m   min=[36m4.24ms[0m  med=[36m6.98ms[0m   max=[36m26.78ms[0m  p(90)=[36m11.73ms[0m  p(95)=[36m19.26ms[0m  p(99)=[36m25.28ms[0m 
     ws_msgs_received[2m...............:[0m [36m67[0m      [36;2m0.171624/s[0m
     ws_msgs_sent[2m...................:[0m [36m78[0m      [36;2m0.199801/s[0m
     ws_session_duration[2m............:[0m avg=[36m24.3s[0m    min=[36m15.21s[0m  med=[36m25.47s[0m   max=[36m28.95s[0m   p(90)=[36m27.97s[0m   p(95)=[36m28.46s[0m   p(99)=[36m28.85s[0m  
     ws_sessions[2m....................:[0m [36m10[0m      [36;2m0.025615/s[0m  호스트(Windows) 76표본 · CPU 6.3% (max 15.3) · 주파수 73.8% (min 61.8) · 대기스레드 2.93 · 가용메모리 3385MB

  실행 후 상태 sha256:9170ae1d53b8 — chat_messages.count +58, chat_messages.maxId +58, posts.maxId +10, posts.count +9, comments.count +6 (외 13개)
    (지문 제외 항목: posts.sumViewCount +89, daily_hot_post.count +35)
Prometheus 스크레이프 대기 20초...

══════════════════════════════════════════════════════════════════════════
  Performance Report — soak   Run #82   ⚠️  WARN
══════════════════════════════════════════════════════════════════════════
  환경 perf  |  브랜치 personal/localdocs  |  커밋 3e96d946  |  빌드 local
  시작 2026-08-18 22:53:54 KST  |  수행 6m 30s  |  VU max 5
  데이터셋 smoke  |  부하 ramping-vus 0→5@30s→5@1m0s→0@5m0s

  ── 성능 (measure 구간) ─────────────────────────────────────────
  평균 26ms      P95 53ms      P99 121ms    
  RPS  1.7       TPS 0.43      오류율 0.00%

  ── 인프라 ────────────────────────────────────────────────────────
  CPU  0.34 core (한계의 17%)   throttled 0.7%
  Heap 519 MB (51%)   GC max 41ms × 0회
  DB   slow 35  QPS 34.1  풀 10%  대기 0
  Redis hit 88.4%  ops 6.4/s  evicted 0

  ── 회귀 ──────────────────────────────────────────────────────────
  비교 기준이 없습니다 (이 시나리오의 첫 실행). 다음 실행부터 비교됩니다.

  ── 병목 가설 ─────────────────────────────────────────────────────
  • HTTP 요청당 쿼리 수 과다
    요청 1건당 평균 20.2개 쿼리가 실행됐다. N+1 패턴 가능성이 높다.
  • Slow Query 다발
    요청 1000건당 345.6건의 slow query(>100ms). 인덱스 또는 쿼리 계획 점검 대상.

  보고서 : reports\runs\soak-2026-08-18T14-00-24\report.html
  Grafana(전체 실행): http://localhost:3001/d/htd-perf-overview/highteenday-performance-overview?from=1787061114584&to=1787061744974
  Grafana(measure) : http://localhost:3001/d/htd-perf-overview/highteenday-performance-overview?from=1787061144584&to=1787061444584
══════════════════════════════════════════════════════════════════════════

[2026-08-18T14:00:45.903Z] 완료 1-smoke-soak — exit 0, runs soak-2026-08-18T14-00-24

[2026-08-18T14:00:45.905Z] 시작 1-smoke-deep-paging
  C:\Users\user\AppData\Local\nvm\v22.23.1\node.exe tools\perf-run.js scenarios/deep-paging.js --vus 5 --duration 1m --dataset smoke --loadgen docker --no-gate --note 스모크 배관 확인 — 밤새 목록 재개 --quiet

▶ k6 run scenarios/deep-paging.js
  브랜치 personal/localdocs · 커밋 3e96d9463207 · 실행자 user@DESKTOP-DJJPASG
  환경 perf · "스모크 배관 확인 — 밤새 목록 재개"
  데이터셋 smoke · 상태 sha256:9170ae1d53b8 (128ms)
  캐시 warm (키 162개)
  guard strict — 상태 불일치 시 스냅샷 복원 후 재확인 [perf.config.json]
    guard=strict — 스냅샷으로 복원합니다.
▶ 복원 — smoke-20260816-052723 → perf-mysql-data-smoke
  앱·MySQL 정지
  MySQL 기동
  Redis FLUSHALL (복원 후 캐시는 cold 다)
  앱 기동
  복원 후 상태 지문 sha256:913bf8e8777c = 스냅샷 일치

✅ 복원 완료 · 소요 1.7초 (압축 해제 구간)

  부하 발생기: 컨테이너 perf-k6 (grafana/k6:2.1.0, CPU 상한 4)
  k6 지표 전송: http://prometheus:9090/api/v1/write (native histogram, 5s 간격)
  환경 대조 벤치 실행 중(3축, 약 13초)... single 5739ms · parallel 6157ms · ctxswitch 2425ms
[32m     ✓ login 200[0m
[32m     ✓ deep page 200[0m
[31m     ✗ page within dataset range
      ↳  20% — ✓ 274 / ✗ 1095[0m

   [31m✗[0m checks[2m.........................:[0m [36m60.08%[0m [36;2m✓ 1648[0m      [36;2m✗ 1095[0m
     data_received[2m..................:[0m [36m982 kB[0m [36;2m16 kB/s[0m
     data_sent[2m......................:[0m [36m565 kB[0m [36;2m9.4 kB/s[0m
     http_req_blocked[2m...............:[0m avg=[36m16.92µs[0m  min=[36m1.18µs[0m   med=[36m6.6µs[0m    max=[36m2.84ms[0m   p(90)=[36m14.05µs[0m  p(95)=[36m15.5µs[0m   p(99)=[36m152.11µs[0m
     http_req_connecting[2m............:[0m avg=[36m5.78µs[0m   min=[36m0s[0m       med=[36m0s[0m       max=[36m2.71ms[0m   p(90)=[36m0s[0m       p(95)=[36m0s[0m       p(99)=[36m105.43µs[0m
     http_req_duration[2m..............:[0m avg=[36m17.95ms[0m  min=[36m2.77ms[0m   med=[36m11.91ms[0m  max=[36m829.75ms[0m p(90)=[36m21.01ms[0m  p(95)=[36m24.52ms[0m  p(99)=[36m66.6ms[0m  
       { expected_response:true }[2m...:[0m avg=[36m17.95ms[0m  min=[36m2.77ms[0m   med=[36m11.91ms[0m  max=[36m829.75ms[0m p(90)=[36m21.01ms[0m  p(95)=[36m24.52ms[0m  p(99)=[36m66.6ms[0m  
     [32m✓[0m { feature:auth }[2m.............:[0m avg=[36m828.16ms[0m min=[36m827.48ms[0m med=[36m827.79ms[0m max=[36m829.75ms[0m p(90)=[36m829.12ms[0m p(95)=[36m829.43ms[0m p(99)=[36m829.69ms[0m
     [32m✓[0m { feature:board }[2m............:[0m avg=[36m0s[0m       min=[36m0s[0m       med=[36m0s[0m       max=[36m0s[0m       p(90)=[36m0s[0m       p(95)=[36m0s[0m       p(99)=[36m0s[0m      
     [32m✓[0m { feature:chat }[2m.............:[0m avg=[36m0s[0m       min=[36m0s[0m       med=[36m0s[0m       max=[36m0s[0m       p(90)=[36m0s[0m       p(95)=[36m0s[0m       p(99)=[36m0s[0m      
     [32m✓[0m { feature:comment }[2m..........:[0m avg=[36m0s[0m       min=[36m0s[0m       med=[36m0s[0m       max=[36m0s[0m       p(90)=[36m0s[0m       p(95)=[36m0s[0m       p(99)=[36m0s[0m      
     [32m✓[0m { feature:friend }[2m...........:[0m avg=[36m0s[0m       min=[36m0s[0m       med=[36m0s[0m       max=[36m0s[0m       p(90)=[36m0s[0m       p(95)=[36m0s[0m       p(99)=[36m0s[0m      
     [32m✓[0m { feature:hot }[2m..............:[0m avg=[36m0s[0m       min=[36m0s[0m       med=[36m0s[0m       max=[36m0s[0m       p(90)=[36m0s[0m       p(95)=[36m0s[0m       p(99)=[36m0s[0m      
     [32m✓[0m { feature:mypage }[2m...........:[0m avg=[36m0s[0m       min=[36m0s[0m       med=[36m0s[0m       max=[36m0s[0m       p(90)=[36m0s[0m       p(95)=[36m0s[0m       p(99)=[36m0s[0m      
     [32m✓[0m { feature:notification }[2m.....:[0m avg=[36m0s[0m       min=[36m0s[0m       med=[36m0s[0m       max=[36m0s[0m       p(90)=[36m0s[0m       p(95)=[36m0s[0m       p(99)=[36m0s[0m      
     [32m✓[0m { feature:post }[2m.............:[0m avg=[36m14.99ms[0m  min=[36m2.77ms[0m   med=[36m11.9ms[0m   max=[36m800.2ms[0m  p(90)=[36m20.84ms[0m  p(95)=[36m24.25ms[0m  p(99)=[36m35.21ms[0m 
     [32m✓[0m { feature:reaction }[2m.........:[0m avg=[36m0s[0m       min=[36m0s[0m       med=[36m0s[0m       max=[36m0s[0m       p(90)=[36m0s[0m       p(95)=[36m0s[0m       p(99)=[36m0s[0m      
     [32m✓[0m { feature:school }[2m...........:[0m avg=[36m0s[0m       min=[36m0s[0m       med=[36m0s[0m       max=[36m0s[0m       p(90)=[36m0s[0m       p(95)=[36m0s[0m       p(99)=[36m0s[0m      
     [32m✓[0m { feature:scrap }[2m............:[0m avg=[36m0s[0m       min=[36m0s[0m       med=[36m0s[0m       max=[36m0s[0m       p(90)=[36m0s[0m       p(95)=[36m0s[0m       p(99)=[36m0s[0m      
     [32m✓[0m { feature:timetable }[2m........:[0m avg=[36m0s[0m       min=[36m0s[0m       med=[36m0s[0m       max=[36m0s[0m       p(90)=[36m0s[0m       p(95)=[36m0s[0m       p(99)=[36m0s[0m      
     [32m✓[0m { op:auth }[2m..................:[0m avg=[36m828.16ms[0m min=[36m827.48ms[0m med=[36m827.79ms[0m max=[36m829.75ms[0m p(90)=[36m829.12ms[0m p(95)=[36m829.43ms[0m p(99)=[36m829.69ms[0m
     [32m✓[0m { page:0 }[2m...................:[0m avg=[36m17.23ms[0m  min=[36m3.06ms[0m   med=[36m13.23ms[0m  max=[36m800.2ms[0m  p(90)=[36m21.68ms[0m  p(95)=[36m26.23ms[0m  p(99)=[36m66.79ms[0m 
     [32m✓[0m { page:1 }[2m...................:[0m avg=[36m0s[0m       min=[36m0s[0m       med=[36m0s[0m       max=[36m0s[0m       p(90)=[36m0s[0m       p(95)=[36m0s[0m       p(99)=[36m0s[0m      
     [32m✓[0m { page:10 }[2m..................:[0m avg=[36m14.9ms[0m   min=[36m2.84ms[0m   med=[36m11.87ms[0m  max=[36m598.25ms[0m p(90)=[36m21.26ms[0m  p(95)=[36m25.03ms[0m  p(99)=[36m32.04ms[0m 
     [32m✓[0m { page:100 }[2m.................:[0m avg=[36m13.12ms[0m  min=[36m2.77ms[0m   med=[36m10.19ms[0m  max=[36m596.61ms[0m p(90)=[36m19.51ms[0m  p(95)=[36m21.48ms[0m  p(99)=[36m31.81ms[0m 
     [32m✓[0m { page:2 }[2m...................:[0m avg=[36m0s[0m       min=[36m0s[0m       med=[36m0s[0m       max=[36m0s[0m       p(90)=[36m0s[0m       p(95)=[36m0s[0m       p(99)=[36m0s[0m      
     [32m✓[0m { page:3 }[2m...................:[0m avg=[36m0s[0m       min=[36m0s[0m       med=[36m0s[0m       max=[36m0s[0m       p(90)=[36m0s[0m       p(95)=[36m0s[0m       p(99)=[36m0s[0m      
     [32m✓[0m { page:4 }[2m...................:[0m avg=[36m0s[0m       min=[36m0s[0m       med=[36m0s[0m       max=[36m0s[0m       p(90)=[36m0s[0m       p(95)=[36m0s[0m       p(99)=[36m0s[0m      
     [32m✓[0m { page:50 }[2m..................:[0m avg=[36m13.94ms[0m  min=[36m3.01ms[0m   med=[36m11.38ms[0m  max=[36m600.53ms[0m p(90)=[36m18.82ms[0m  p(95)=[36m22.85ms[0m  p(99)=[36m31.06ms[0m 
     [32m✓[0m { page:500 }[2m.................:[0m avg=[36m15.79ms[0m  min=[36m3.89ms[0m   med=[36m12.37ms[0m  max=[36m602.13ms[0m p(90)=[36m22.19ms[0m  p(95)=[36m24.63ms[0m  p(99)=[36m32.77ms[0m 
   [32m✓[0m http_req_failed[2m................:[0m [36m0.00%[0m  [36;2m✓ 0[0m         [36;2m✗ 1374[0m
     http_req_receiving[2m.............:[0m avg=[36m339.35µs[0m min=[36m8.72µs[0m   med=[36m124.65µs[0m max=[36m76.75ms[0m  p(90)=[36m515.55µs[0m p(95)=[36m810.36µs[0m p(99)=[36m2.22ms[0m  
     http_req_sending[2m...............:[0m avg=[36m41.64µs[0m  min=[36m3.53µs[0m   med=[36m24.26µs[0m  max=[36m663.03µs[0m p(90)=[36m90.83µs[0m  p(95)=[36m117.97µs[0m p(99)=[36m341.09µs[0m
     http_req_tls_handshaking[2m.......:[0m avg=[36m0s[0m       min=[36m0s[0m       med=[36m0s[0m       max=[36m0s[0m       p(90)=[36m0s[0m       p(95)=[36m0s[0m       p(99)=[36m0s[0m      
     http_req_waiting[2m...............:[0m avg=[36m17.57ms[0m  min=[36m2.71ms[0m   med=[36m11.53ms[0m  max=[36m829.55ms[0m p(90)=[36m20.53ms[0m  p(95)=[36m24.39ms[0m  p(99)=[36m66.48ms[0m 
     http_reqs[2m......................:[0m [36m1374[0m   [36;2m22.880649/s[0m
     [32m✓[0m { feature:auth }[2m.............:[0m [36m5[0m      [36;2m0.083263/s[0m
     [32m✓[0m { feature:board }[2m............:[0m [36m0[0m      [36;2m0/s[0m
     [32m✓[0m { feature:chat }[2m.............:[0m [36m0[0m      [36;2m0/s[0m
     [32m✓[0m { feature:comment }[2m..........:[0m [36m0[0m      [36;2m0/s[0m
     [32m✓[0m { feature:friend }[2m...........:[0m [36m0[0m      [36;2m0/s[0m
     [32m✓[0m { feature:hot }[2m..............:[0m [36m0[0m      [36;2m0/s[0m
     [32m✓[0m { feature:mypage }[2m...........:[0m [36m0[0m      [36;2m0/s[0m
     [32m✓[0m { feature:notification }[2m.....:[0m [36m0[0m      [36;2m0/s[0m
     [32m✓[0m { feature:post }[2m.............:[0m [36m1369[0m   [36;2m22.797386/s[0m
     [32m✓[0m { feature:reaction }[2m.........:[0m [36m0[0m      [36;2m0/s[0m
     [32m✓[0m { feature:school }[2m...........:[0m [36m0[0m      [36;2m0/s[0m
     [32m✓[0m { feature:scrap }[2m............:[0m [36m0[0m      [36;2m0/s[0m
     [32m✓[0m { feature:timetable }[2m........:[0m [36m0[0m      [36;2m0/s[0m
     [32m✓[0m { op:auth }[2m..................:[0m [36m5[0m      [36;2m0.083263/s[0m
     [32m✓[0m { op:read }[2m..................:[0m [36m1369[0m   [36;2m22.797386/s[0m
     [32m✓[0m { op:write }[2m.................:[0m [36m0[0m      [36;2m0/s[0m
     [32m✓[0m { page:0 }[2m...................:[0m [36m274[0m    [36;2m4.562808/s[0m
     [32m✓[0m { page:1 }[2m...................:[0m [36m0[0m      [36;2m0/s[0m
     [32m✓[0m { page:2 }[2m...................:[0m [36m0[0m      [36;2m0/s[0m
     [32m✓[0m { page:3 }[2m...................:[0m [36m0[0m      [36;2m0/s[0m
     [32m✓[0m { page:4 }[2m...................:[0m [36m0[0m      [36;2m0/s[0m
     iteration_duration[2m.............:[0m avg=[36m219.27ms[0m min=[36m203.18ms[0m med=[36m213.08ms[0m max=[36m1.83s[0m    p(90)=[36m222.39ms[0m p(95)=[36m225.82ms[0m p(99)=[36m237.44ms[0m
     iterations[2m.....................:[0m [36m1369[0m   [36;2m22.797386/s[0m
     vus[2m............................:[0m [36m5[0m      [36;2mmin=5[0m       [36;2mmax=5[0m 
     vus_max[2m........................:[0m [36m5[0m      [36;2mmin=5[0m       [36;2mmax=5[0m   호스트(Windows) 11표본 · CPU 8.0% (max 14.7) · 주파수 86.0% (min 73.0) · 대기스레드 8.55 · 가용메모리 3903MB

  실행 후 상태 sha256:913bf8e8777c — 변화 없음
Prometheus 스크레이프 대기 20초...

══════════════════════════════════════════════════════════════════════════
  Performance Report — deep-paging   Run #83   ⚠️  WARN
══════════════════════════════════════════════════════════════════════════
  환경 perf  |  브랜치 personal/localdocs  |  커밋 3e96d946  |  빌드 local
  시작 2026-08-18 23:01:57 KST  |  수행 1m 0s  |  VU max 5
  데이터셋 smoke  |  부하 constant-vus 5VU 1m0s

  ── 성능 (전체 구간(측정 구간 미분리)) ─────────────────────────────────────────
  평균 18ms      P95 25ms      P99 67ms     
  RPS  22.9      TPS 22.80     오류율 0.00%

  ── 인프라 ────────────────────────────────────────────────────────
  CPU  1.38 core (한계의 69%)   throttled 1.9%
  Heap 574 MB (56%)   GC max 54ms × 0회
  DB   slow 23  QPS 45.8  풀 10%  대기 0
  Redis hit 100.0%  ops 34.2/s  evicted 0

  ── 회귀 ──────────────────────────────────────────────────────────
  비교 기준이 없습니다 (이 시나리오의 첫 실행). 다음 실행부터 비교됩니다.

  ── 병목 가설 ─────────────────────────────────────────────────────
  • CPU throttling 발생
    cgroup이 CPU를 강제 회수한 주기가 1.9%다. CPU 한계(2 core)를 올리거나 요청당 CPU 사용을 줄여야 p99가 안정된다.
  • Slow Query 다발
    요청 1000건당 16.7건의 slow query(>100ms). 인덱스 또는 쿼리 계획 점검 대상.

  보고서 : reports\runs\deep-paging-2026-08-18T14-02-57\report.html
  Grafana(전체 실행): http://localhost:3001/d/htd-perf-overview/highteenday-performance-overview?from=1787061597920&to=1787061897971
══════════════════════════════════════════════════════════════════════════

